count,tInitial,tFinal,accel_x,accel_y,accel_z,accel_high,gyro_x,gyro_y,gyro_z,mag_x,mag_y,mag_z,temp,status
0,6220,6220,-1,-1,-1,-1,-1,-1,-1,-1,-1,-1,0,0
1,6240,6240,-1,-1,-1,-1,-1,-1,-1,-1,-1,-1,0,0
2,6250,6250,-1,-1,-1,-1,-1,-1,-1,-1,-1,-1,0,0
3,6260,6260,-1,-1,-1,-1,-1,-1,-1,-1,-1,-1,0,0
4,6269,6269,-1,-1,-1,-1,-1,-1,-1,-1,-1,-1,0,0
5,6279,6279,-1,-1,-1,-1,-1,-1,-1,-1,-1,-1,0,0
6,6288,6289,-1,-1,-1,-1,-1,-1,-1,-1,-1,-1,0,0
7,6298,6298,-1,-1,-1,-1,-1,-1,-1,-1,-1,-1,0,0
8,6308,6308,-1,-1,-1,-1,-1,-1,-1,-1,-1,-1,0,0
9,6318,6318,-1,-1,-1,-1,-1,-1,-1,-1,-1,-1,0,0
10,6327,6327,-1,-1,-1,-1,-1,-1,-1,-1,-1,-1,0,0
11,6337,6337,-1,-1,-1,-1,-1,-1,-1,-1,-1,-1,0,0
12,6346,6346,-1,-1,-1,-1,-1,-1,-1,-1,-1,-1,0,0
13,6356,6356,-1,-1,-1,-1,-1,-1,-1,-1,-1,-1,0,0
14,6369,6369,-1,-1,-1,-1,-1,-1,-1,-1,-1,-1,0,0
15,6379,6379,-1,-1,-1,-1,-1,-1,-1,-1,-1,-1,0,0
16,6388,6388,-1,-1,-1,-1,-1,-1,-1,-1,-1,-1,0,0
17,6398,6398,-1,-1,-1,-1,-1,-1,-1,-1,-1,-1,0,0
18,6408,6408,-1,-1,-1,-1,-1,-1,-1,-1,-1,-1,0,0
19,6418,6418,-1,-1,-1,-1,-1,-1,-1,-1,-1,-1,0,0
20,6428,6428,-1,-1,-1,-1,-1,-1,-1,-1,-1,-1,0,0
21,6437,6437,-1,-1,-1,-1,-1,-1,-1,-1,-1,-1,0,0
22,6447,6447,-1,-1,-1,-1,-1,-1,-1,-1,-1,-1,0,0
23,6457,6457,-1,-1,-1,-1,-1,-1,-1,-1,-1,-1,0,0
24,6467,6467,-1,-1,-1,-1,-1,-1,-1,-1,-1,-1,0,0
25,6477,6477,-1,-1,-1,-1,-1,-1,-1,-1,-1,-1,0,0
26,6487,6487,-1,-1,-1,-1,-1,-1,-1,-1,-1,-1,0,0
27,6499,6499,-1,-1,-1,-1,-1,-1,-1,-1,-1,-1,0,0
28,6509,6509,-1,-1,-1,-1,-1,-1,-1,-1,-1,-1,0,0
29,6519,6519,-1,-1,-1,-1,-1,-1,-1,-1,-1,-1,0,0
30,6529,6529,-1,-1,-1,-1,-1,-1,-1,-1,-1,-1,0,0
31,6539,6539,-1,-1,-1,-1,-1,-1,-1,-1,-1,-1,0,0
32,6549,6549,-1,-1,-1,-1,-1,-1,-1,-1,-1,-1,0,0
33,6558,6559,-1,-1,-1,-1,-1,-1,-1,-1,-1,-1,0,0
34,6568,6568,-1,-1,-1,-1,-1,-1,-1,-1,-1,-1,0,0
35,6578,6578,-1,-1,-1,-1,-1,-1,-1,-1,-1,-1,0,0
36,6588,6588,-1,-1,-1,-1,-1,-1,-1,-1,-1,-1,0,0
37,6598,6598,-1,-1,-1,-1,-1,-1,-1,-1,-1,-1,0,0
38,6608,6608,-1,-1,-1,-1,-1,-1,-1,-1,-1,-1,0,0
39,6618,6618,-1,-1,-1,-1,-1,-1,-1,-1,-1,-1,0,0
40,6630,6630,-1,-1,-1,-1,-1,-1,-1,-1,-1,-1,0,0
41,6640,6640,-1,-1,-1,-1,-1,-1,-1,-1,-1,-1,0,0
42,6650,6650,-1,-1,-1,-1,-1,-1,-1,-1,-1,-1,0,0
43,6660,6660,-1,-1,-1,-1,-1,-1,-1,-1,-1,-1,0,0
44,6670,6670,-1,-1,-1,-1,-1,-1,-1,-1,-1,-1,0,0
45,6679,6679,-1,-1,-1,-1,-1,-1,-1,-1,-1,-1,0,0
46,6689,6689,-1,-1,-1,-1,-1,-1,-1,-1,-1,-1,0,0
47,6699,6699,-1,-1,-1,-1,-1,-1,-1,-1,-1,-1,0,0
48,6709,6709,-1,-1,-1,-1,-1,-1,-1,-1,-1,-1,0,0
49,6719,6719,-1,-1,-1,-1,-1,-1,-1,-1,-1,-1,0,0
50,6728,6728,-1,-1,-1,-1,-1,-1,-1,-1,-1,-1,0,0
51,6738,6738,-1,-1,-1,-1,-1,-1,-1,-1,-1,-1,0,0
52,6748,6748,-1,-1,-1,-1,-1,-1,-1,-1,-1,-1,0,0
53,6761,6761,-1,-1,-1,-1,-1,-1,-1,-1,-1,-1,0,0
54,6771,6771,-1,-1,-1,-1,-1,-1,-1,-1,-1,-1,0,0
55,6781,6781,-1,-1,-1,-1,-1,-1,-1,-1,-1,-1,0,0
56,6790,6791,-1,-1,-1,-1,-1,-1,-1,-1,-1,-1,0,0
57,6800,6800,-1,-1,-1,-1,-1,-1,-1,-1,-1,-1,0,0
58,6810,6810,-1,-1,-1,-1,-1,-1,-1,-1,-1,-1,0,0
59,6820,6820,-1,-1,-1,-1,-1,-1,-1,-1,-1,-1,0,0
60,6830,6830,-1,-1,-1,-1,-1,-1,-1,-1,-1,-1,0,0
61,6840,6840,-1,-1,-1,-1,-1,-1,-1,-1,-1,-1,0,0
62,6850,6850,-1,-1,-1,-1,-1,-1,-1,-1,-1,-1,0,0
63,6859,6859,-1,-1,-1,-1,-1,-1,-1,-1,-1,-1,0,0
64,6869,6869,-1,-1,-1,-1,-1,-1,-1,-1,-1,-1,0,0
65,6879,6879,-1,-1,-1,-1,-1,-1,-1,-1,-1,-1,0,0
66,6892,6892,-1,-1,-1,-1,-1,-1,-1,-1,-1,-1,0,0
67,6902,6902,-1,-1,-1,-1,-1,-1,-1,-1,-1,-1,0,0
68,6911,6911,-1,-1,-1,-1,-1,-1,-1,-1,-1,-1,0,0
69,6921,6921,-1,-1,-1,-1,-1,-1,-1,-1,-1,-1,0,0
70,6931,6931,-1,-1,-1,-1,-1,-1,-1,-1,-1,-1,0,0
71,6941,6941,-1,-1,-1,-1,-1,-1,-1,-1,-1,-1,0,0
72,6951,6951,-1,-1,-1,-1,-1,-1,-1,-1,-1,-1,0,0
73,6961,6961,-1,-1,-1,-1,-1,-1,-1,-1,-1,-1,0,0
74,6970,6970,-1,-1,-1,-1,-1,-1,-1,-1,-1,-1,0,0
75,6980,6980,-1,-1,-1,-1,-1,-1,-1,-1,-1,-1,0,0
76,6990,6990,-1,-1,-1,-1,-1,-1,-1,-1,-1,-1,0,0
77,7000,7000,-1,-1,-1,-1,-1,-1,-1,-1,-1,-1,0,0
78,7010,7010,-1,-1,-1,-1,-1,-1,-1,-1,-1,-1,0,0
79,7023,7023,-1,-1,-1,-1,-1,-1,-1,-1,-1,-1,0,0
80,7032,7032,-1,-1,-1,-1,-1,-1,-1,-1,-1,-1,0,0
81,7042,7042,-1,-1,-1,-1,-1,-1,-1,-1,-1,-1,0,0
82,7052,7052,-1,-1,-1,-1,-1,-1,-1,-1,-1,-1,0,0
83,7062,7062,-1,-1,-1,-1,-1,-1,-1,-1,-1,-1,0,0
84,7072,7072,-1,-1,-1,-1,-1,-1,-1,-1,-1,-1,0,0
85,7082,7082,-1,-1,-1,-1,-1,-1,-1,-1,-1,-1,0,0
86,7091,7091,-1,-1,-1,-1,-1,-1,-1,-1,-1,-1,0,0
87,7101,7101,-1,-1,-1,-1,-1,-1,-1,-1,-1,-1,0,0
88,7111,7111,-1,-1,-1,-1,-1,-1,-1,-1,-1,-1,0,0
89,7121,7121,-1,-1,-1,-1,-1,-1,-1,-1,-1,-1,0,0
90,7131,7131,-1,-1,-1,-1,-1,-1,-1,-1,-1,-1,0,0
91,7140,7140,-1,-1,-1,-1,-1,-1,-1,-1,-1,-1,0,0
92,7153,7153,-1,-1,-1,-1,-1,-1,-1,-1,-1,-1,0,0
93,7163,7163,-1,-1,-1,-1,-1,-1,-1,-1,-1,-1,0,0
94,7172,7173,-1,-1,-1,-1,-1,-1,-1,-1,-1,-1,0,0
95,7182,7182,-1,-1,-1,-1,-1,-1,-1,-1,-1,-1,0,0
96,7192,7192,-1,-1,-1,-1,-1,-1,-1,-1,-1,-1,0,0
97,7201,7201,-1,-1,-1,-1,-1,-1,-1,-1,-1,-1,0,0
98,7211,7211,-1,-1,-1,-1,-1,-1,-1,-1,-1,-1,0,0
99,7221,7221,-1,-1,-1,-1,-1,-1,-1,-1,-1,-1,0,0
100,7231,7231,-1,-1,-1,-1,-1,-1,-1,-1,-1,-1,0,0
101,7240,7240,-1,-1,-1,-1,-1,-1,-1,-1,-1,-1,0,0
102,7250,7250,-1,-1,-1,-1,-1,-1,-1,-1,-1,-1,0,0
103,7259,7259,-1,-1,-1,-1,-1,-1,-1,-1,-1,-1,0,0
104,7269,7269,-1,-1,-1,-1,-1,-1,-1,-1,-1,-1,0,0
105,7279,7279,-1,-1,-1,-1,-1,-1,-1,-1,-1,-1,0,0
106,7291,7291,-1,-1,-1,-1,-1,-1,-1,-1,-1,-1,0,0
107,7301,7301,-1,-1,-1,-1,-1,-1,-1,-1,-1,-1,0,0
108,7311,7311,-1,-1,-1,-1,-1,-1,-1,-1,-1,-1,0,0
109,7320,7320,-1,-1,-1,-1,-1,-1,-1,-1,-1,-1,0,0
110,7330,7330,-1,-1,-1,-1,-1,-1,-1,-1,-1,-1,0,0
111,7340,7340,-1,-1,-1,-1,-1,-1,-1,-1,-1,-1,0,0
112,7349,7349,-1,-1,-1,-1,-1,-1,-1,-1,-1,-1,0,0
113,7359,7359,-1,-1,-1,-1,-1,-1,-1,-1,-1,-1,0,0
114,7368,7368,-1,-1,-1,-1,-1,-1,-1,-1,-1,-1,0,0
115,7378,7378,-1,-1,-1,-1,-1,-1,-1,-1,-1,-1,0,0
116,7390,7390,-1,-1,-1,-1,-1,-1,-1,-1,-1,-1,0,0
117,7400,7400,-1,-1,-1,-1,-1,-1,-1,-1,-1,-1,0,0
118,7409,7409,-1,-1,-1,-1,-1,-1,-1,-1,-1,-1,0,0
119,7422,7422,-1,-1,-1,-1,-1,-1,-1,-1,-1,-1,0,0
120,7432,7432,-1,-1,-1,-1,-1,-1,-1,-1,-1,-1,0,0
121,7442,7442,-1,-1,-1,-1,-1,-1,-1,-1,-1,-1,0,0
122,7451,7451,-1,-1,-1,-1,-1,-1,-1,-1,-1,-1,0,0
123,7461,7461,-1,-1,-1,-1,-1,-1,-1,-1,-1,-1,0,0
124,7471,7471,-1,-1,-1,-1,-1,-1,-1,-1,-1,-1,0,0
125,7481,7481,-1,-1,-1,-1,-1,-1,-1,-1,-1,-1,0,0
126,7491,7491,-1,-1,-1,-1,-1,-1,-1,-1,-1,-1,0,0
127,7501,7501,-1,-1,-1,-1,-1,-1,-1,-1,-1,-1,0,0
128,7510,7510,-1,-1,-1,-1,-1,-1,-1,-1,-1,-1,0,0
129,7520,7520,-1,-1,-1,-1,-1,-1,-1,-1,-1,-1,0,0
130,7530,7530,-1,-1,-1,-1,-1,-1,-1,-1,-1,-1,0,0
131,7540,7540,-1,-1,-1,-1,-1,-1,-1,-1,-1,-1,0,0
132,7553,7553,-1,-1,-1,-1,-1,-1,-1,-1,-1,-1,0,0
133,7563,7563,-1,-1,-1,-1,-1,-1,-1,-1,-1,-1,0,0
134,7572,7572,-1,-1,-1,-1,-1,-1,-1,-1,-1,-1,0,0
135,7582,7582,-1,-1,-1,-1,-1,-1,-1,-1,-1,-1,0,0
136,7592,7592,-1,-1,-1,-1,-1,-1,-1,-1,-1,-1,0,0
137,7602,7602,-1,-1,-1,-1,-1,-1,-1,-1,-1,-1,0,0
138,7612,7612,-1,-1,-1,-1,-1,-1,-1,-1,-1,-1,0,0
139,7622,7622,-1,-1,-1,-1,-1,-1,-1,-1,-1,-1,0,0
140,7631,7631,-1,-1,-1,-1,-1,-1,-1,-1,-1,-1,0,0
141,7641,7641,-1,-1,-1,-1,-1,-1,-1,-1,-1,-1,0,0
142,7651,7651,-1,-1,-1,-1,-1,-1,-1,-1,-1,-1,0,0
143,7661,7661,-1,-1,-1,-1,-1,-1,-1,-1,-1,-1,0,0
144,7671,7671,-1,-1,-1,-1,-1,-1,-1,-1,-1,-1,0,0
145,7683,7683,-1,-1,-1,-1,-1,-1,-1,-1,-1,-1,0,0
146,7693,7693,-1,-1,-1,-1,-1,-1,-1,-1,-1,-1,0,0
147,7703,7703,-1,-1,-1,-1,-1,-1,-1,-1,-1,-1,0,0
148,7713,7713,-1,-1,-1,-1,-1,-1,-1,-1,-1,-1,0,0
149,7723,7723,-1,-1,-1,-1,-1,-1,-1,-1,-1,-1,0,0
150,7733,7733,-1,-1,-1,-1,-1,-1,-1,-1,-1,-1,0,0
151,7742,7742,-1,-1,-1,-1,-1,-1,-1,-1,-1,-1,0,0
152,7752,7752,-1,-1,-1,-1,-1,-1,-1,-1,-1,-1,0,0
153,7762,7762,-1,-1,-1,-1,-1,-1,-1,-1,-1,-1,0,0
154,7772,7772,-1,-1,-1,-1,-1,-1,-1,-1,-1,-1,0,0
155,7782,7782,-1,-1,-1,-1,-1,-1,-1,-1,-1,-1,0,0
156,7792,7792,-1,-1,-1,-1,-1,-1,-1,-1,-1,-1,0,0
157,7801,7801,-1,-1,-1,-1,-1,-1,-1,-1,-1,-1,0,0
158,7814,7814,-1,-1,-1,-1,-1,-1,-1,-1,-1,-1,0,0
159,7824,7824,-1,-1,-1,-1,-1,-1,-1,-1,-1,-1,0,0
160,7834,7834,-1,-1,-1,-1,-1,-1,-1,-1,-1,-1,0,0
161,7844,7844,-1,-1,-1,-1,-1,-1,-1,-1,-1,-1,0,0
162,7854,7854,-1,-1,-1,-1,-1,-1,-1,-1,-1,-1,0,0
163,7863,7863,-1,-1,-1,-1,-1,-1,-1,-1,-1,-1,0,0
164,7873,7873,-1,-1,-1,-1,-1,-1,-1,-1,-1,-1,0,0
165,7883,7883,-1,-1,-1,-1,-1,-1,-1,-1,-1,-1,0,0
166,7893,7893,-1,-1,-1,-1,-1,-1,-1,-1,-1,-1,0,0
167,7903,7903,-1,-1,-1,-1,-1,-1,-1,-1,-1,-1,0,0
168,7912,7912,-1,-1,-1,-1,-1,-1,-1,-1,-1,-1,0,0
169,7922,7922,-1,-1,-1,-1,-1,-1,-1,-1,-1,-1,0,0
170,7932,7932,-1,-1,-1,-1,-1,-1,-1,-1,-1,-1,0,0
171,7945,7945,-1,-1,-1,-1,-1,-1,-1,-1,-1,-1,0,0
172,7955,7955,-1,-1,-1,-1,-1,-1,-1,-1,-1,-1,0,0
173,7965,7965,-1,-1,-1,-1,-1,-1,-1,-1,-1,-1,0,0
174,7974,7974,-1,-1,-1,-1,-1,-1,-1,-1,-1,-1,0,0
175,7984,7984,-1,-1,-1,-1,-1,-1,-1,-1,-1,-1,0,0
176,7994,7994,-1,-1,-1,-1,-1,-1,-1,-1,-1,-1,0,0
177,8004,8004,-1,-1,-1,-1,-1,-1,-1,-1,-1,-1,0,0
178,8014,8014,-1,-1,-1,-1,-1,-1,-1,-1,-1,-1,0,0
179,8024,8024,-1,-1,-1,-1,-1,-1,-1,-1,-1,-1,0,0
180,8033,8033,-1,-1,-1,-1,-1,-1,-1,-1,-1,-1,0,0
181,8043,8043,-1,-1,-1,-1,-1,-1,-1,-1,-1,-1,0,0
182,8053,8053,-1,-1,-1,-1,-1,-1,-1,-1,-1,-1,0,0
183,8063,8063,-1,-1,-1,-1,-1,-1,-1,-1,-1,-1,0,0
184,8076,8076,-1,-1,-1,-1,-1,-1,-1,-1,-1,-1,0,0
185,8086,8086,-1,-1,-1,-1,-1,-1,-1,-1,-1,-1,0,0
186,8095,8095,-1,-1,-1,-1,-1,-1,-1,-1,-1,-1,0,0
187,8105,8105,-1,-1,-1,-1,-1,-1,-1,-1,-1,-1,0,0
188,8115,8115,-1,-1,-1,-1,-1,-1,-1,-1,-1,-1,0,0
189,8125,8125,-1,-1,-1,-1,-1,-1,-1,-1,-1,-1,0,0
190,8135,8135,-1,-1,-1,-1,-1,-1,-1,-1,-1,-1,0,0
191,8144,8144,-1,-1,-1,-1,-1,-1,-1,-1,-1,-1,0,0
192,8154,8154,-1,-1,-1,-1,-1,-1,-1,-1,-1,-1,0,0
193,8164,8164,-1,-1,-1,-1,-1,-1,-1,-1,-1,-1,0,0
194,8174,8174,-1,-1,-1,-1,-1,-1,-1,-1,-1,-1,0,0
195,8184,8184,-1,-1,-1,-1,-1,-1,-1,-1,-1,-1,0,0
196,8194,8194,-1,-1,-1,-1,-1,-1,-1,-1,-1,-1,0,0
197,8206,8206,-1,-1,-1,-1,-1,-1,-1,-1,-1,-1,0,0
198,8216,8216,-1,-1,-1,-1,-1,-1,-1,-1,-1,-1,0,0
199,8226,8226,-1,-1,-1,-1,-1,-1,-1,-1,-1,-1,0,0
200,8235,8235,-1,-1,-1,-1,-1,-1,-1,-1,-1,-1,0,0
201,8245,8245,-1,-1,-1,-1,-1,-1,-1,-1,-1,-1,0,0
202,8255,8255,-1,-1,-1,-1,-1,-1,-1,-1,-1,-1,0,0
203,8264,8264,-1,-1,-1,-1,-1,-1,-1,-1,-1,-1,0,0
204,8274,8274,-1,-1,-1,-1,-1,-1,-1,-1,-1,-1,0,0
205,8284,8284,-1,-1,-1,-1,-1,-1,-1,-1,-1,-1,0,0
206,8293,8293,-1,-1,-1,-1,-1,-1,-1,-1,-1,-1,0,0
207,8303,8303,-1,-1,-1,-1,-1,-1,-1,-1,-1,-1,0,0
208,8313,8313,-1,-1,-1,-1,-1,-1,-1,-1,-1,-1,0,0
209,8322,8322,-1,-1,-1,-1,-1,-1,-1,-1,-1,-1,0,0
210,8332,8332,-1,-1,-1,-1,-1,-1,-1,-1,-1,-1,0,0
211,8345,8345,-1,-1,-1,-1,-1,-1,-1,-1,-1,-1,0,0
212,8354,8354,-1,-1,-1,-1,-1,-1,-1,-1,-1,-1,0,0
213,8364,8364,-1,-1,-1,-1,-1,-1,-1,-1,-1,-1,0,0
214,8373,8373,-1,-1,-1,-1,-1,-1,-1,-1,-1,-1,0,0
215,8383,8383,-1,-1,-1,-1,-1,-1,-1,-1,-1,-1,0,0
216,8393,8393,-1,-1,-1,-1,-1,-1,-1,-1,-1,-1,0,0
217,8403,8403,-1,-1,-1,-1,-1,-1,-1,-1,-1,-1,0,0
218,8412,8412,-1,-1,-1,-1,-1,-1,-1,-1,-1,-1,0,0
219,8422,8422,-1,-1,-1,-1,-1,-1,-1,-1,-1,-1,0,0
220,8431,8431,-1,-1,-1,-1,-1,-1,-1,-1,-1,-1,0,0
221,8441,8441,-1,-1,-1,-1,-1,-1,-1,-1,-1,-1,0,0
222,8451,8451,-1,-1,-1,-1,-1,-1,-1,-1,-1,-1,0,0
223,8460,8460,-1,-1,-1,-1,-1,-1,-1,-1,-1,-1,0,0
224,8473,8473,-1,-1,-1,-1,-1,-1,-1,-1,-1,-1,0,0
225,8483,8483,-1,-1,-1,-1,-1,-1,-1,-1,-1,-1,0,0
226,8493,8493,-1,-1,-1,-1,-1,-1,-1,-1,-1,-1,0,0
227,8502,8502,-1,-1,-1,-1,-1,-1,-1,-1,-1,-1,0,0
228,8512,8512,-1,-1,-1,-1,-1,-1,-1,-1,-1,-1,0,0
229,8522,8522,-1,-1,-1,-1,-1,-1,-1,-1,-1,-1,0,0
230,8532,8532,-1,-1,-1,-1,-1,-1,-1,-1,-1,-1,0,0
231,8542,8542,-1,-1,-1,-1,-1,-1,-1,-1,-1,-1,0,0
232,8552,8552,-1,-1,-1,-1,-1,-1,-1,-1,-1,-1,0,0
233,8562,8562,-1,-1,-1,-1,-1,-1,-1,-1,-1,-1,0,0
234,8571,8571,-1,-1,-1,-1,-1,-1,-1,-1,-1,-1,0,0
235,8581,8581,-1,-1,-1,-1,-1,-1,-1,-1,-1,-1,0,0
236,8591,8591,-1,-1,-1,-1,-1,-1,-1,-1,-1,-1,0,0
237,8606,8606,-1,-1,-1,-1,-1,-1,-1,-1,-1,-1,0,0
238,8616,8616,-1,-1,-1,-1,-1,-1,-1,-1,-1,-1,0,0
239,8626,8626,-1,-1,-1,-1,-1,-1,-1,-1,-1,-1,0,0
240,8635,8635,-1,-1,-1,-1,-1,-1,-1,-1,-1,-1,0,0
241,8645,8645,-1,-1,-1,-1,-1,-1,-1,-1,-1,-1,0,0
242,8655,8655,-1,-1,-1,-1,-1,-1,-1,-1,-1,-1,0,0
243,8665,8665,-1,-1,-1,-1,-1,-1,-1,-1,-1,-1,0,0
244,8675,8675,-1,-1,-1,-1,-1,-1,-1,-1,-1,-1,0,0
245,8684,8684,-1,-1,-1,-1,-1,-1,-1,-1,-1,-1,0,0
246,8694,8694,-1,-1,-1,-1,-1,-1,-1,-1,-1,-1,0,0
247,8704,8704,-1,-1,-1,-1,-1,-1,-1,-1,-1,-1,0,0
248,8714,8714,-1,-1,-1,-1,-1,-1,-1,-1,-1,-1,0,0
249,8724,8724,-1,-1,-1,-1,-1,-1,-1,-1,-1,-1,0,0
250,8737,8737,-1,-1,-1,-1,-1,-1,-1,-1,-1,-1,0,0
251,8746,8746,-1,-1,-1,-1,-1,-1,-1,-1,-1,-1,0,0
252,8756,8756,-1,-1,-1,-1,-1,-1,-1,-1,-1,-1,0,0
253,8766,8766,-1,-1,-1,-1,-1,-1,-1,-1,-1,-1,0,0
254,8776,8776,-1,-1,-1,-1,-1,-1,-1,-1,-1,-1,0,0
255,8786,8786,-1,-1,-1,-1,-1,-1,-1,-1,-1,-1,0,0
256,8796,8796,-1,-1,-1,-1,-1,-1,-1,-1,-1,-1,0,0
257,8805,8805,-1,-1,-1,-1,-1,-1,-1,-1,-1,-1,0,0
258,8815,8815,-1,-1,-1,-1,-1,-1,-1,-1,-1,-1,0,0
259,8825,8825,-1,-1,-1,-1,-1,-1,-1,-1,-1,-1,0,0
260,8835,8835,-1,-1,-1,-1,-1,-1,-1,-1,-1,-1,0,0
261,8845,8845,-1,-1,-1,-1,-1,-1,-1,-1,-1,-1,0,0
262,8855,8855,-1,-1,-1,-1,-1,-1,-1,-1,-1,-1,0,0
263,8867,8867,-1,-1,-1,-1,-1,-1,-1,-1,-1,-1,0,0
264,8877,8877,-1,-1,-1,-1,-1,-1,-1,-1,-1,-1,0,0
265,8887,8887,-1,-1,-1,-1,-1,-1,-1,-1,-1,-1,0,0
266,8897,8897,-1,-1,-1,-1,-1,-1,-1,-1,-1,-1,0,0
267,8907,8907,-1,-1,-1,-1,-1,-1,-1,-1,-1,-1,0,0
268,8916,8916,-1,-1,-1,-1,-1,-1,-1,-1,-1,-1,0,0
269,8926,8926,-1,-1,-1,-1,-1,-1,-1,-1,-1,-1,0,0
270,8936,8936,-1,-1,-1,-1,-1,-1,-1,-1,-1,-1,0,0
271,8946,8946,-1,-1,-1,-1,-1,-1,-1,-1,-1,-1,0,0
272,8955,8955,-1,-1,-1,-1,-1,-1,-1,-1,-1,-1,0,0
273,8965,8965,-1,-1,-1,-1,-1,-1,-1,-1,-1,-1,0,0
274,8975,8975,-1,-1,-1,-1,-1,-1,-1,-1,-1,-1,0,0
275,8985,8985,-1,-1,-1,-1,-1,-1,-1,-1,-1,-1,0,0
276,8997,8997,-1,-1,-1,-1,-1,-1,-1,-1,-1,-1,0,0
277,9007,9007,-1,-1,-1,-1,-1,-1,-1,-1,-1,-1,0,0
278,9017,9017,-1,-1,-1,-1,-1,-1,-1,-1,-1,-1,0,0
279,9027,9027,-1,-1,-1,-1,-1,-1,-1,-1,-1,-1,0,0
280,9036,9037,-1,-1,-1,-1,-1,-1,-1,-1,-1,-1,0,0
281,9046,9046,-1,-1,-1,-1,-1,-1,-1,-1,-1,-1,0,0
282,9056,9056,-1,-1,-1,-1,-1,-1,-1,-1,-1,-1,0,0
283,9066,9066,-1,-1,-1,-1,-1,-1,-1,-1,-1,-1,0,0
284,9075,9075,-1,-1,-1,-1,-1,-1,-1,-1,-1,-1,0,0
285,9085,9085,-1,-1,-1,-1,-1,-1,-1,-1,-1,-1,0,0
286,9095,9095,-1,-1,-1,-1,-1,-1,-1,-1,-1,-1,0,0
287,9105,9105,-1,-1,-1,-1,-1,-1,-1,-1,-1,-1,0,0
288,9115,9115,-1,-1,-1,-1,-1,-1,-1,-1,-1,-1,0,0
289,9127,9127,-1,-1,-1,-1,-1,-1,-1,-1,-1,-1,0,0
290,9137,9137,-1,-1,-1,-1,-1,-1,-1,-1,-1,-1,0,0
291,9147,9147,-1,-1,-1,-1,-1,-1,-1,-1,-1,-1,0,0
292,9156,9156,-1,-1,-1,-1,-1,-1,-1,-1,-1,-1,0,0
293,9166,9166,-1,-1,-1,-1,-1,-1,-1,-1,-1,-1,0,0
294,9176,9176,-1,-1,-1,-1,-1,-1,-1,-1,-1,-1,0,0
295,9186,9186,-1,-1,-1,-1,-1,-1,-1,-1,-1,-1,0,0
296,9196,9196,-1,-1,-1,-1,-1,-1,-1,-1,-1,-1,0,0
297,9206,9206,-1,-1,-1,-1,-1,-1,-1,-1,-1,-1,0,0
298,9215,9215,-1,-1,-1,-1,-1,-1,-1,-1,-1,-1,0,0
299,9225,9225,-1,-1,-1,-1,-1,-1,-1,-1,-1,-1,0,0
300,9235,9235,-1,-1,-1,-1,-1,-1,-1,-1,-1,-1,0,0
301,9245,9245,-1,-1,-1,-1,-1,-1,-1,-1,-1,-1,0,0
302,9258,9258,-1,-1,-1,-1,-1,-1,-1,-1,-1,-1,0,0
303,9267,9267,-1,-1,-1,-1,-1,-1,-1,-1,-1,-1,0,0
304,9277,9277,-1,-1,-1,-1,-1,-1,-1,-1,-1,-1,0,0
305,9286,9286,-1,-1,-1,-1,-1,-1,-1,-1,-1,-1,0,0
306,9296,9296,-1,-1,-1,-1,-1,-1,-1,-1,-1,-1,0,0
307,9306,9306,-1,-1,-1,-1,-1,-1,-1,-1,-1,-1,0,0
308,9315,9315,-1,-1,-1,-1,-1,-1,-1,-1,-1,-1,0,0
309,9325,9325,-1,-1,-1,-1,-1,-1,-1,-1,-1,-1,0,0
310,9335,9335,-1,-1,-1,-1,-1,-1,-1,-1,-1,-1,0,0
311,9344,9344,-1,-1,-1,-1,-1,-1,-1,-1,-1,-1,0,0
312,9354,9354,-1,-1,-1,-1,-1,-1,-1,-1,-1,-1,0,0
313,9364,9364,-1,-1,-1,-1,-1,-1,-1,-1,-1,-1,0,0
314,9373,9373,-1,-1,-1,-1,-1,-1,-1,-1,-1,-1,0,0
315,9383,9383,-1,-1,-1,-1,-1,-1,-1,-1,-1,-1,0,0
316,9395,9395,-1,-1,-1,-1,-1,-1,-1,-1,-1,-1,0,0
317,9405,9405,-1,-1,-1,-1,-1,-1,-1,-1,-1,-1,0,0
318,9414,9414,-1,-1,-1,-1,-1,-1,-1,-1,-1,-1,0,0
319,9424,9424,-1,-1,-1,-1,-1,-1,-1,-1,-1,-1,0,0
320,9434,9434,-1,-1,-1,-1,-1,-1,-1,-1,-1,-1,0,0
321,9443,9443,-1,-1,-1,-1,-1,-1,-1,-1,-1,-1,0,0
322,9453,9453,-1,-1,-1,-1,-1,-1,-1,-1,-1,-1,0,0
323,9462,9462,-1,-1,-1,-1,-1,-1,-1,-1,-1,-1,0,0
324,9472,9472,-1,-1,-1,-1,-1,-1,-1,-1,-1,-1,0,0
325,9482,9482,-1,-1,-1,-1,-1,-1,-1,-1,-1,-1,0,0
326,9491,9491,-1,-1,-1,-1,-1,-1,-1,-1,-1,-1,0,0
327,9501,9501,-1,-1,-1,-1,-1,-1,-1,-1,-1,-1,0,0
328,9510,9510,-1,-1,-1,-1,-1,-1,-1,-1,-1,-1,0,0
329,9523,9523,-1,-1,-1,-1,-1,-1,-1,-1,-1,-1,0,0
330,9533,9533,-1,-1,-1,-1,-1,-1,-1,-1,-1,-1,0,0
331,9543,9543,-1,-1,-1,-1,-1,-1,-1,-1,-1,-1,0,0
332,9553,9553,-1,-1,-1,-1,-1,-1,-1,-1,-1,-1,0,0
333,9562,9562,-1,-1,-1,-1,-1,-1,-1,-1,-1,-1,0,0
334,9572,9572,-1,-1,-1,-1,-1,-1,-1,-1,-1,-1,0,0
335,9582,9582,-1,-1,-1,-1,-1,-1,-1,-1,-1,-1,0,0
336,9592,9592,-1,-1,-1,-1,-1,-1,-1,-1,-1,-1,0,0
337,9602,9602,-1,-1,-1,-1,-1,-1,-1,-1,-1,-1,0,0
338,9611,9611,-1,-1,-1,-1,-1,-1,-1,-1,-1,-1,0,0
339,9621,9621,-1,-1,-1,-1,-1,-1,-1,-1,-1,-1,0,0
340,9631,9631,-1,-1,-1,-1,-1,-1,-1,-1,-1,-1,0,0
341,9641,9641,-1,-1,-1,-1,-1,-1,-1,-1,-1,-1,0,0
342,9654,9654,-1,-1,-1,-1,-1,-1,-1,-1,-1,-1,0,0
343,9663,9663,-1,-1,-1,-1,-1,-1,-1,-1,-1,-1,0,0
344,9673,9673,-1,-1,-1,-1,-1,-1,-1,-1,-1,-1,0,0
345,9683,9683,-1,-1,-1,-1,-1,-1,-1,-1,-1,-1,0,0
346,9693,9693,-1,-1,-1,-1,-1,-1,-1,-1,-1,-1,0,0
347,9703,9703,-1,-1,-1,-1,-1,-1,-1,-1,-1,-1,0,0
348,9712,9712,-1,-1,-1,-1,-1,-1,-1,-1,-1,-1,0,0
349,9722,9722,-1,-1,-1,-1,-1,-1,-1,-1,-1,-1,0,0
350,9732,9732,-1,-1,-1,-1,-1,-1,-1,-1,-1,-1,0,0
351,9742,9742,-1,-1,-1,-1,-1,-1,-1,-1,-1,-1,0,0
352,9752,9752,-1,-1,-1,-1,-1,-1,-1,-1,-1,-1,0,0
353,9761,9761,-1,-1,-1,-1,-1,-1,-1,-1,-1,-1,0,0
354,9771,9771,-1,-1,-1,-1,-1,-1,-1,-1,-1,-1,0,0
355,9784,9784,-1,-1,-1,-1,-1,-1,-1,-1,-1,-1,0,0
356,9794,9794,-1,-1,-1,-1,-1,-1,-1,-1,-1,-1,0,0
357,9806,9806,-1,-1,-1,-1,-1,-1,-1,-1,-1,-1,0,0
358,9816,9816,-1,-1,-1,-1,-1,-1,-1,-1,-1,-1,0,0
359,9825,9825,-1,-1,-1,-1,-1,-1,-1,-1,-1,-1,0,0
360,9835,9835,-1,-1,-1,-1,-1,-1,-1,-1,-1,-1,0,0
361,9845,9845,-1,-1,-1,-1,-1,-1,-1,-1,-1,-1,0,0
362,9855,9855,-1,-1,-1,-1,-1,-1,-1,-1,-1,-1,0,0
363,9865,9865,-1,-1,-1,-1,-1,-1,-1,-1,-1,-1,0,0
364,9875,9875,-1,-1,-1,-1,-1,-1,-1,-1,-1,-1,0,0
365,9884,9884,-1,-1,-1,-1,-1,-1,-1,-1,-1,-1,0,0
366,9894,9894,-1,-1,-1,-1,-1,-1,-1,-1,-1,-1,0,0
367,9904,9904,-1,-1,-1,-1,-1,-1,-1,-1,-1,-1,0,0
368,9917,9917,-1,-1,-1,-1,-1,-1,-1,-1,-1,-1,0,0
369,9926,9926,-1,-1,-1,-1,-1,-1,-1,-1,-1,-1,0,0
370,9936,9936,-1,-1,-1,-1,-1,-1,-1,-1,-1,-1,0,0
371,9946,9946,-1,-1,-1,-1,-1,-1,-1,-1,-1,-1,0,0
372,9956,9956,-1,-1,-1,-1,-1,-1,-1,-1,-1,-1,0,0
373,9966,9966,-1,-1,-1,-1,-1,-1,-1,-1,-1,-1,0,0
374,9976,9976,-1,-1,-1,-1,-1,-1,-1,-1,-1,-1,0,0
375,9985,9985,-1,-1,-1,-1,-1,-1,-1,-1,-1,-1,0,0
376,9995,9995,-1,-1,-1,-1,-1,-1,-1,-1,-1,-1,0,0
377,10005,10005,-1,-1,-1,-1,-1,-1,-1,-1,-1,-1,0,0
378,10015,10015,-1,-1,-1,-1,-1,-1,-1,-1,-1,-1,0,0
379,10025,10025,-1,-1,-1,-1,-1,-1,-1,-1,-1,-1,0,0
380,10035,10035,-1,-1,-1,-1,-1,-1,-1,-1,-1,-1,0,0
381,10047,10047,-1,-1,-1,-1,-1,-1,-1,-1,-1,-1,0,0
382,10057,10057,-1,-1,-1,-1,-1,-1,-1,-1,-1,-1,0,0
383,10067,10067,-1,-1,-1,-1,-1,-1,-1,-1,-1,-1,0,0
384,10077,10077,-1,-1,-1,-1,-1,-1,-1,-1,-1,-1,0,0
385,10087,10087,-1,-1,-1,-1,-1,-1,-1,-1,-1,-1,0,0
386,10097,10097,-1,-1,-1,-1,-1,-1,-1,-1,-1,-1,0,0
387,10106,10106,-1,-1,-1,-1,-1,-1,-1,-1,-1,-1,0,0
388,10116,10116,-1,-1,-1,-1,-1,-1,-1,-1,-1,-1,0,0
389,10126,10126,-1,-1,-1,-1,-1,-1,-1,-1,-1,-1,0,0
390,10136,10136,-1,-1,-1,-1,-1,-1,-1,-1,-1,-1,0,0
391,10145,10145,-1,-1,-1,-1,-1,-1,-1,-1,-1,-1,0,0
392,10155,10155,-1,-1,-1,-1,-1,-1,-1,-1,-1,-1,0,0
393,10165,10165,-1,-1,-1,-1,-1,-1,-1,-1,-1,-1,0,0
394,10178,10178,-1,-1,-1,-1,-1,-1,-1,-1,-1,-1,0,0
395,10188,10188,-1,-1,-1,-1,-1,-1,-1,-1,-1,-1,0,0
396,10197,10197,-1,-1,-1,-1,-1,-1,-1,-1,-1,-1,0,0
397,10207,10207,-1,-1,-1,-1,-1,-1,-1,-1,-1,-1,0,0
398,10217,10217,-1,-1,-1,-1,-1,-1,-1,-1,-1,-1,0,0
399,10226,10226,-1,-1,-1,-1,-1,-1,-1,-1,-1,-1,0,0
400,10236,10236,-1,-1,-1,-1,-1,-1,-1,-1,-1,-1,0,0
401,10246,10246,-1,-1,-1,-1,-1,-1,-1,-1,-1,-1,0,0
402,10256,10256,-1,-1,-1,-1,-1,-1,-1,-1,-1,-1,0,0
403,10266,10266,-1,-1,-1,-1,-1,-1,-1,-1,-1,-1,0,0
404,10275,10275,-1,-1,-1,-1,-1,-1,-1,-1,-1,-1,0,0
405,10285,10285,-1,-1,-1,-1,-1,-1,-1,-1,-1,-1,0,0
406,10295,10295,-1,-1,-1,-1,-1,-1,-1,-1,-1,-1,0,0
407,10307,10307,-1,-1,-1,-1,-1,-1,-1,-1,-1,-1,0,0
408,10317,10317,-1,-1,-1,-1,-1,-1,-1,-1,-1,-1,0,0
409,10327,10327,-1,-1,-1,-1,-1,-1,-1,-1,-1,-1,0,0
410,10336,10336,-1,-1,-1,-1,-1,-1,-1,-1,-1,-1,0,0
411,10346,10346,-1,-1,-1,-1,-1,-1,-1,-1,-1,-1,0,0
412,10355,10355,-1,-1,-1,-1,-1,-1,-1,-1,-1,-1,0,0
413,10365,10365,-1,-1,-1,-1,-1,-1,-1,-1,-1,-1,0,0
414,10374,10374,-1,-1,-1,-1,-1,-1,-1,-1,-1,-1,0,0
415,10384,10384,-1,-1,-1,-1,-1,-1,-1,-1,-1,-1,0,0
416,10394,10394,-1,-1,-1,-1,-1,-1,-1,-1,-1,-1,0,0
417,10403,10403,-1,-1,-1,-1,-1,-1,-1,-1,-1,-1,0,0
418,10413,10413,-1,-1,-1,-1,-1,-1,-1,-1,-1,-1,0,0
419,10423,10423,-1,-1,-1,-1,-1,-1,-1,-1,-1,-1,0,0
420,10432,10432,-1,-1,-1,-1,-1,-1,-1,-1,-1,-1,0,0
421,10452,10452,-1,-1,-1,-1,-1,-1,-1,-1,-1,-1,0,0
422,10462,10462,-1,-1,-1,-1,-1,-1,-1,-1,-1,-1,0,0
423,10472,10472,-1,-1,-1,-1,-1,-1,-1,-1,-1,-1,0,0
424,10481,10481,-1,-1,-1,-1,-1,-1,-1,-1,-1,-1,0,0
425,10491,10491,-1,-1,-1,-1,-1,-1,-1,-1,-1,-1,0,0
426,10501,10501,-1,-1,-1,-1,-1,-1,-1,-1,-1,-1,0,0
427,10510,10510,-1,-1,-1,-1,-1,-1,-1,-1,-1,-1,0,0
428,10520,10520,-1,-1,-1,-1,-1,-1,-1,-1,-1,-1,0,0
429,10529,10529,-1,-1,-1,-1,-1,-1,-1,-1,-1,-1,0,0
430,10539,10539,-1,-1,-1,-1,-1,-1,-1,-1,-1,-1,0,0
431,10549,10549,-1,-1,-1,-1,-1,-1,-1,-1,-1,-1,0,0
432,10558,10558,-1,-1,-1,-1,-1,-1,-1,-1,-1,-1,0,0
433,10568,10568,-1,-1,-1,-1,-1,-1,-1,-1,-1,-1,0,0
434,10580,10580,-1,-1,-1,-1,-1,-1,-1,-1,-1,-1,0,0
435,10590,10590,-1,-1,-1,-1,-1,-1,-1,-1,-1,-1,0,0
436,10600,10600,-1,-1,-1,-1,-1,-1,-1,-1,-1,-1,0,0
437,10610,10610,-1,-1,-1,-1,-1,-1,-1,-1,-1,-1,0,0
438,10619,10619,-1,-1,-1,-1,-1,-1,-1,-1,-1,-1,0,0
439,10629,10629,-1,-1,-1,-1,-1,-1,-1,-1,-1,-1,0,0
440,10639,10639,-1,-1,-1,-1,-1,-1,-1,-1,-1,-1,0,0
441,10649,10649,-1,-1,-1,-1,-1,-1,-1,-1,-1,-1,0,0
442,10659,10659,-1,-1,-1,-1,-1,-1,-1,-1,-1,-1,0,0
443,10668,10668,-1,-1,-1,-1,-1,-1,-1,-1,-1,-1,0,0
444,10678,10678,-1,-1,-1,-1,-1,-1,-1,-1,-1,-1,0,0
445,10688,10688,-1,-1,-1,-1,-1,-1,-1,-1,-1,-1,0,0
446,10698,10698,-1,-1,-1,-1,-1,-1,-1,-1,-1,-1,0,0
447,10710,10710,-1,-1,-1,-1,-1,-1,-1,-1,-1,-1,0,0
448,10720,10720,-1,-1,-1,-1,-1,-1,-1,-1,-1,-1,0,0
449,10730,10730,-1,-1,-1,-1,-1,-1,-1,-1,-1,-1,0,0
450,10740,10740,-1,-1,-1,-1,-1,-1,-1,-1,-1,-1,0,0
451,10750,10750,-1,-1,-1,-1,-1,-1,-1,-1,-1,-1,0,0
452,10759,10759,-1,-1,-1,-1,-1,-1,-1,-1,-1,-1,0,0
453,10769,10769,-1,-1,-1,-1,-1,-1,-1,-1,-1,-1,0,0
454,10779,10779,-1,-1,-1,-1,-1,-1,-1,-1,-1,-1,0,0
455,10789,10789,-1,-1,-1,-1,-1,-1,-1,-1,-1,-1,0,0
456,10799,10799,-1,-1,-1,-1,-1,-1,-1,-1,-1,-1,0,0
457,10808,10808,-1,-1,-1,-1,-1,-1,-1,-1,-1,-1,0,0
458,10818,10818,-1,-1,-1,-1,-1,-1,-1,-1,-1,-1,0,0
459,10828,10828,-1,-1,-1,-1,-1,-1,-1,-1,-1,-1,0,0
460,10840,10840,-1,-1,-1,-1,-1,-1,-1,-1,-1,-1,0,0
461,10850,10850,-1,-1,-1,-1,-1,-1,-1,-1,-1,-1,0,0
462,10860,10860,-1,-1,-1,-1,-1,-1,-1,-1,-1,-1,0,0
463,10870,10870,-1,-1,-1,-1,-1,-1,-1,-1,-1,-1,0,0
464,10880,10880,-1,-1,-1,-1,-1,-1,-1,-1,-1,-1,0,0
465,10889,10889,-1,-1,-1,-1,-1,-1,-1,-1,-1,-1,0,0
466,10899,10899,-1,-1,-1,-1,-1,-1,-1,-1,-1,-1,0,0
467,10909,10909,-1,-1,-1,-1,-1,-1,-1,-1,-1,-1,0,0
468,10918,10918,-1,-1,-1,-1,-1,-1,-1,-1,-1,-1,0,0
469,10928,10928,-1,-1,-1,-1,-1,-1,-1,-1,-1,-1,0,0
470,10938,10938,-1,-1,-1,-1,-1,-1,-1,-1,-1,-1,0,0
471,10948,10948,-1,-1,-1,-1,-1,-1,-1,-1,-1,-1,0,0
472,10958,10958,-1,-1,-1,-1,-1,-1,-1,-1,-1,-1,0,0
473,10971,10971,-1,-1,-1,-1,-1,-1,-1,-1,-1,-1,0,0
474,10980,10980,-1,-1,-1,-1,-1,-1,-1,-1,-1,-1,0,0
475,10990,10990,-1,-1,-1,-1,-1,-1,-1,-1,-1,-1,0,0
476,11000,11000,-1,-1,-1,-1,-1,-1,-1,-1,-1,-1,0,0
477,11012,11012,-1,-1,-1,-1,-1,-1,-1,-1,-1,-1,0,0
478,11022,11022,-1,-1,-1,-1,-1,-1,-1,-1,-1,-1,0,0
479,11031,11031,-1,-1,-1,-1,-1,-1,-1,-1,-1,-1,0,0
480,11041,11041,-1,-1,-1,-1,-1,-1,-1,-1,-1,-1,0,0
481,11051,11051,-1,-1,-1,-1,-1,-1,-1,-1,-1,-1,0,0
482,11061,11061,-1,-1,-1,-1,-1,-1,-1,-1,-1,-1,0,0
483,11071,11071,-1,-1,-1,-1,-1,-1,-1,-1,-1,-1,0,0
484,11080,11080,-1,-1,-1,-1,-1,-1,-1,-1,-1,-1,0,0
485,11090,11090,-1,-1,-1,-1,-1,-1,-1,-1,-1,-1,0,0
486,11103,11103,-1,-1,-1,-1,-1,-1,-1,-1,-1,-1,0,0
487,11113,11113,-1,-1,-1,-1,-1,-1,-1,-1,-1,-1,0,0
488,11123,11123,-1,-1,-1,-1,-1,-1,-1,-1,-1,-1,0,0
489,11132,11132,-1,-1,-1,-1,-1,-1,-1,-1,-1,-1,0,0
490,11142,11142,-1,-1,-1,-1,-1,-1,-1,-1,-1,-1,0,0
491,11152,11152,-1,-1,-1,-1,-1,-1,-1,-1,-1,-1,0,0
492,11162,11162,-1,-1,-1,-1,-1,-1,-1,-1,-1,-1,0,0
493,11171,11172,-1,-1,-1,-1,-1,-1,-1,-1,-1,-1,0,0
494,11181,11181,-1,-1,-1,-1,-1,-1,-1,-1,-1,-1,0,0
495,11191,11191,-1,-1,-1,-1,-1,-1,-1,-1,-1,-1,0,0
496,11201,11201,-1,-1,-1,-1,-1,-1,-1,-1,-1,-1,0,0
497,11211,11211,-1,-1,-1,-1,-1,-1,-1,-1,-1,-1,0,0
498,11220,11220,-1,-1,-1,-1,-1,-1,-1,-1,-1,-1,0,0
499,11233,11233,-1,-1,-1,-1,-1,-1,-1,-1,-1,-1,0,0
500,11243,11243,-1,-1,-1,-1,-1,-1,-1,-1,-1,-1,0,0
501,11253,11253,-1,-1,-1,-1,-1,-1,-1,-1,-1,-1,0,0
502,11263,11263,-1,-1,-1,-1,-1,-1,-1,-1,-1,-1,0,0
503,11272,11272,-1,-1,-1,-1,-1,-1,-1,-1,-1,-1,0,0
504,11282,11282,-1,-1,-1,-1,-1,-1,-1,-1,-1,-1,0,0
505,11292,11292,-1,-1,-1,-1,-1,-1,-1,-1,-1,-1,0,0
506,11302,11302,-1,-1,-1,-1,-1,-1,-1,-1,-1,-1,0,0
507,11311,11311,-1,-1,-1,-1,-1,-1,-1,-1,-1,-1,0,0
508,11321,11321,-1,-1,-1,-1,-1,-1,-1,-1,-1,-1,0,0
509,11331,11331,-1,-1,-1,-1,-1,-1,-1,-1,-1,-1,0,0
510,11341,11341,-1,-1,-1,-1,-1,-1,-1,-1,-1,-1,0,0
511,11351,11351,-1,-1,-1,-1,-1,-1,-1,-1,-1,-1,0,0
512,11361,11361,-1,-1,-1,-1,-1,-1,-1,-1,-1,-1,0,0
513,11368,11368,-1,-1,-1,-1,-1,-1,-1,-1,-1,-1,0,0
514,11378,11378,-1,-1,-1,-1,-1,-1,-1,-1,-1,-1,0,0
515,11387,11387,-1,-1,-1,-1,-1,-1,-1,-1,-1,-1,0,0
516,11397,11397,-1,-1,-1,-1,-1,-1,-1,-1,-1,-1,0,0
517,11407,11407,-1,-1,-1,-1,-1,-1,-1,-1,-1,-1,0,0
518,11416,11416,-1,-1,-1,-1,-1,-1,-1,-1,-1,-1,0,0
519,11426,11426,-1,-1,-1,-1,-1,-1,-1,-1,-1,-1,0,0
520,11436,11436,-1,-1,-1,-1,-1,-1,-1,-1,-1,-1,0,0
521,11445,11445,-1,-1,-1,-1,-1,-1,-1,-1,-1,-1,0,0
522,11455,11455,-1,-1,-1,-1,-1,-1,-1,-1,-1,-1,0,0
523,11465,11465,-1,-1,-1,-1,-1,-1,-1,-1,-1,-1,0,0
524,11475,11475,-1,-1,-1,-1,-1,-1,-1,-1,-1,-1,0,0
525,11484,11484,-1,-1,-1,-1,-1,-1,-1,-1,-1,-1,0,0
526,11497,11497,-1,-1,-1,-1,-1,-1,-1,-1,-1,-1,0,0
527,11506,11506,-1,-1,-1,-1,-1,-1,-1,-1,-1,-1,0,0
528,11516,11516,-1,-1,-1,-1,-1,-1,-1,-1,-1,-1,0,0
529,11525,11525,-1,-1,-1,-1,-1,-1,-1,-1,-1,-1,0,0
530,11535,11535,-1,-1,-1,-1,-1,-1,-1,-1,-1,-1,0,0
531,11545,11545,-1,-1,-1,-1,-1,-1,-1,-1,-1,-1,0,0
532,11555,11555,-1,-1,-1,-1,-1,-1,-1,-1,-1,-1,0,0
533,11564,11564,-1,-1,-1,-1,-1,-1,-1,-1,-1,-1,0,0
534,11574,11574,-1,-1,-1,-1,-1,-1,-1,-1,-1,-1,0,0
535,11583,11583,-1,-1,-1,-1,-1,-1,-1,-1,-1,-1,0,0
536,11593,11593,-1,-1,-1,-1,-1,-1,-1,-1,-1,-1,0,0
537,11603,11603,-1,-1,-1,-1,-1,-1,-1,-1,-1,-1,0,0
538,11612,11612,-1,-1,-1,-1,-1,-1,-1,-1,-1,-1,0,0
539,11625,11625,-1,-1,-1,-1,-1,-1,-1,-1,-1,-1,0,0
540,11635,11635,-1,-1,-1,-1,-1,-1,-1,-1,-1,-1,0,0
541,11645,11645,-1,-1,-1,-1,-1,-1,-1,-1,-1,-1,0,0
542,11654,11654,-1,-1,-1,-1,-1,-1,-1,-1,-1,-1,0,0
543,11664,11664,-1,-1,-1,-1,-1,-1,-1,-1,-1,-1,0,0
544,11674,11674,-1,-1,-1,-1,-1,-1,-1,-1,-1,-1,0,0
545,11683,11683,-1,-1,-1,-1,-1,-1,-1,-1,-1,-1,0,0
546,11693,11693,-1,-1,-1,-1,-1,-1,-1,-1,-1,-1,0,0
547,11703,11703,-1,-1,-1,-1,-1,-1,-1,-1,-1,-1,0,0
548,11713,11713,-1,-1,-1,-1,-1,-1,-1,-1,-1,-1,0,0
549,11723,11723,-1,-1,-1,-1,-1,-1,-1,-1,-1,-1,0,0
550,11732,11732,-1,-1,-1,-1,-1,-1,-1,-1,-1,-1,0,0
551,11742,11742,-1,-1,-1,-1,-1,-1,-1,-1,-1,-1,0,0
552,11754,11754,-1,-1,-1,-1,-1,-1,-1,-1,-1,-1,0,0
553,11764,11764,-1,-1,-1,-1,-1,-1,-1,-1,-1,-1,0,0
554,11774,11774,-1,-1,-1,-1,-1,-1,-1,-1,-1,-1,0,0
555,11784,11784,-1,-1,-1,-1,-1,-1,-1,-1,-1,-1,0,0
556,11794,11794,-1,-1,-1,-1,-1,-1,-1,-1,-1,-1,0,0
557,11803,11803,-1,-1,-1,-1,-1,-1,-1,-1,-1,-1,0,0
558,11813,11813,-1,-1,-1,-1,-1,-1,-1,-1,-1,-1,0,0
559,11823,11823,-1,-1,-1,-1,-1,-1,-1,-1,-1,-1,0,0
560,11832,11832,-1,-1,-1,-1,-1,-1,-1,-1,-1,-1,0,0
561,11842,11842,-1,-1,-1,-1,-1,-1,-1,-1,-1,-1,0,0
562,11852,11852,-1,-1,-1,-1,-1,-1,-1,-1,-1,-1,0,0
563,11862,11862,-1,-1,-1,-1,-1,-1,-1,-1,-1,-1,0,0
564,11872,11872,-1,-1,-1,-1,-1,-1,-1,-1,-1,-1,0,0
565,11884,11884,-1,-1,-1,-1,-1,-1,-1,-1,-1,-1,0,0
566,11894,11894,-1,-1,-1,-1,-1,-1,-1,-1,-1,-1,0,0
567,11903,11903,-1,-1,-1,-1,-1,-1,-1,-1,-1,-1,0,0
568,11913,11913,-1,-1,-1,-1,-1,-1,-1,-1,-1,-1,0,0
569,11923,11923,-1,-1,-1,-1,-1,-1,-1,-1,-1,-1,0,0
570,11933,11933,-1,-1,-1,-1,-1,-1,-1,-1,-1,-1,0,0
571,11943,11943,-1,-1,-1,-1,-1,-1,-1,-1,-1,-1,0,0
572,11952,11952,-1,-1,-1,-1,-1,-1,-1,-1,-1,-1,0,0
573,11962,11962,-1,-1,-1,-1,-1,-1,-1,-1,-1,-1,0,0
574,11972,11972,-1,-1,-1,-1,-1,-1,-1,-1,-1,-1,0,0
575,11982,11982,-1,-1,-1,-1,-1,-1,-1,-1,-1,-1,0,0
576,11991,11991,-1,-1,-1,-1,-1,-1,-1,-1,-1,-1,0,0
577,12001,12001,-1,-1,-1,-1,-1,-1,-1,-1,-1,-1,0,0
578,12014,12014,-1,-1,-1,-1,-1,-1,-1,-1,-1,-1,0,0
579,12024,12024,-1,-1,-1,-1,-1,-1,-1,-1,-1,-1,0,0
580,12033,12033,-1,-1,-1,-1,-1,-1,-1,-1,-1,-1,0,0
581,12043,12043,-1,-1,-1,-1,-1,-1,-1,-1,-1,-1,0,0
582,12053,12053,-1,-1,-1,-1,-1,-1,-1,-1,-1,-1,0,0
583,12063,12063,-1,-1,-1,-1,-1,-1,-1,-1,-1,-1,0,0
584,12072,12072,-1,-1,-1,-1,-1,-1,-1,-1,-1,-1,0,0
585,12082,12082,-1,-1,-1,-1,-1,-1,-1,-1,-1,-1,0,0
586,12092,12092,-1,-1,-1,-1,-1,-1,-1,-1,-1,-1,0,0
587,12102,12102,-1,-1,-1,-1,-1,-1,-1,-1,-1,-1,0,0
588,12112,12112,-1,-1,-1,-1,-1,-1,-1,-1,-1,-1,0,0
589,12121,12121,-1,-1,-1,-1,-1,-1,-1,-1,-1,-1,0,0
590,12131,12131,-1,-1,-1,-1,-1,-1,-1,-1,-1,-1,0,0
591,12143,12143,-1,-1,-1,-1,-1,-1,-1,-1,-1,-1,0,0
592,12153,12153,-1,-1,-1,-1,-1,-1,-1,-1,-1,-1,0,0
593,12163,12163,-1,-1,-1,-1,-1,-1,-1,-1,-1,-1,0,0
594,12173,12173,-1,-1,-1,-1,-1,-1,-1,-1,-1,-1,0,0
595,12183,12183,-1,-1,-1,-1,-1,-1,-1,-1,-1,-1,0,0
596,12192,12192,-1,-1,-1,-1,-1,-1,-1,-1,-1,-1,0,0
597,12202,12202,-1,-1,-1,-1,-1,-1,-1,-1,-1,-1,0,0
598,12214,12214,-1,-1,-1,-1,-1,-1,-1,-1,-1,-1,0,0
599,12223,12223,-1,-1,-1,-1,-1,-1,-1,-1,-1,-1,0,0
600,12233,12233,-1,-1,-1,-1,-1,-1,-1,-1,-1,-1,0,0
601,12243,12243,-1,-1,-1,-1,-1,-1,-1,-1,-1,-1,0,0
602,12253,12253,-1,-1,-1,-1,-1,-1,-1,-1,-1,-1,0,0
603,12263,12263,-1,-1,-1,-1,-1,-1,-1,-1,-1,-1,0,0
604,12275,12275,-1,-1,-1,-1,-1,-1,-1,-1,-1,-1,0,0
605,12285,12285,-1,-1,-1,-1,-1,-1,-1,-1,-1,-1,0,0
606,12295,12295,-1,-1,-1,-1,-1,-1,-1,-1,160,0,18944,65535
0,6181,6181,-1,-1,-1,-1,-1,-1,-1,-1,-1,-1,0,0
1,6190,6190,-1,-1,-1,-1,-1,-1,-1,-1,-1,-1,0,0
2,6200,6200,-1,-1,-1,-1,-1,-1,-1,-1,-1,-1,0,0
3,6210,6210,-1,-1,-1,-1,-1,-1,-1,-1,-1,-1,0,0
4,6223,6223,-1,-1,-1,-1,-1,-1,-1,-1,-1,-1,0,0
5,6233,6233,-1,-1,-1,-1,-1,-1,-1,-1,-1,-1,0,0
6,6242,6242,-1,-1,-1,-1,-1,-1,-1,-1,-1,-1,0,0
7,6252,6252,-1,-1,-1,-1,-1,-1,-1,-1,-1,-1,0,0
8,6262,6262,-1,-1,-1,-1,-1,-1,-1,-1,-1,-1,0,0
9,6271,6271,-1,-1,-1,-1,-1,-1,-1,-1,-1,-1,0,0
10,6281,6281,-1,-1,-1,-1,-1,-1,-1,-1,-1,-1,0,0
11,6291,6291,-1,-1,-1,-1,-1,-1,-1,-1,-1,-1,0,0
12,6301,6301,-1,-1,-1,-1,-1,-1,-1,-1,-1,-1,0,0
13,6310,6310,-1,-1,-1,-1,-1,-1,-1,-1,-1,-1,0,0
14,6320,6320,-1,-1,-1,-1,-1,-1,-1,-1,-1,-1,0,0
15,6330,6330,-1,-1,-1,-1,-1,-1,-1,-1,-1,-1,0,0
16,6339,6339,-1,-1,-1,-1,-1,-1,-1,-1,-1,-1,0,0
17,6352,6352,-1,-1,-1,-1,-1,-1,-1,-1,-1,-1,0,0
18,6362,6362,-1,-1,-1,-1,-1,-1,-1,-1,-1,-1,0,0
19,6371,6371,-1,-1,-1,-1,-1,-1,-1,-1,-1,-1,0,0
20,6381,6381,-1,-1,-1,-1,-1,-1,-1,-1,-1,-1,0,0
21,6391,6391,-1,-1,-1,-1,-1,-1,-1,-1,-1,-1,0,0
22,6400,6400,-1,-1,-1,-1,-1,-1,-1,-1,-1,-1,0,0
23,6410,6410,-1,-1,-1,-1,-1,-1,-1,-1,-1,-1,0,0
24,6420,6420,-1,-1,-1,-1,-1,-1,-1,-1,-1,-1,0,0
25,6430,6430,-1,-1,-1,-1,-1,-1,-1,-1,-1,-1,0,0
26,6439,6439,-1,-1,-1,-1,-1,-1,-1,-1,-1,-1,0,0
27,6449,6449,-1,-1,-1,-1,-1,-1,-1,-1,-1,-1,0,0
28,6459,6459,-1,-1,-1,-1,-1,-1,-1,-1,-1,-1,0,0
29,6468,6468,-1,-1,-1,-1,-1,-1,-1,-1,-1,-1,0,0
30,6481,6481,-1,-1,-1,-1,-1,-1,-1,-1,-1,-1,0,0
31,6491,6491,-1,-1,-1,-1,-1,-1,-1,-1,-1,-1,0,0
32,6501,6501,-1,-1,-1,-1,-1,-1,-1,-1,-1,-1,0,0
33,6511,6511,-1,-1,-1,-1,-1,-1,-1,-1,-1,-1,0,0
34,6521,6521,-1,-1,-1,-1,-1,-1,-1,-1,-1,-1,0,0
35,6531,6531,-1,-1,-1,-1,-1,-1,-1,-1,-1,-1,0,0
36,6540,6540,-1,-1,-1,-1,-1,-1,-1,-1,-1,-1,0,0
37,6550,6550,-1,-1,-1,-1,-1,-1,-1,-1,-1,-1,0,0
38,6560,6560,-1,-1,-1,-1,-1,-1,-1,-1,-1,-1,0,0
39,6570,6570,-1,-1,-1,-1,-1,-1,-1,-1,-1,-1,0,0
40,6580,6580,-1,-1,-1,-1,-1,-1,-1,-1,-1,-1,0,0
41,6590,6590,-1,-1,-1,-1,-1,-1,-1,-1,-1,-1,0,0
42,6600,6600,-1,-1,-1,-1,-1,-1,-1,-1,-1,-1,0,0
43,6613,6613,-1,-1,-1,-1,-1,-1,-1,-1,-1,-1,0,0
44,6622,6622,-1,-1,-1,-1,-1,-1,-1,-1,-1,-1,0,0
45,6632,6632,-1,-1,-1,-1,-1,-1,-1,-1,-1,-1,0,0
46,6642,6642,-1,-1,-1,-1,-1,-1,-1,-1,-1,-1,0,0
47,6652,6652,-1,-1,-1,-1,-1,-1,-1,-1,-1,-1,0,0
48,6662,6662,-1,-1,-1,-1,-1,-1,-1,-1,-1,-1,0,0
49,6672,6672,-1,-1,-1,-1,-1,-1,-1,-1,-1,-1,0,0
50,6682,6682,-1,-1,-1,-1,-1,-1,-1,-1,-1,-1,0,0
51,6692,6692,-1,-1,-1,-1,-1,-1,-1,-1,-1,-1,0,0
52,6701,6701,-1,-1,-1,-1,-1,-1,-1,-1,-1,-1,0,0
53,6711,6711,-1,-1,-1,-1,-1,-1,-1,-1,-1,-1,0,0
54,6721,6721,-1,-1,-1,-1,-1,-1,-1,-1,-1,-1,0,0
55,6731,6731,-1,-1,-1,-1,-1,-1,-1,-1,-1,-1,0,0
56,6744,6744,-1,-1,-1,-1,-1,-1,-1,-1,-1,-1,0,0
57,6754,6754,-1,-1,-1,-1,-1,-1,-1,-1,-1,-1,0,0
58,6764,6764,-1,-1,-1,-1,-1,-1,-1,-1,-1,-1,0,0
59,6773,6773,-1,-1,-1,-1,-1,-1,-1,-1,-1,-1,0,0
60,6783,6783,-1,-1,-1,-1,-1,-1,-1,-1,-1,-1,0,0
61,6793,6793,-1,-1,-1,-1,-1,-1,-1,-1,-1,-1,0,0
62,6803,6803,-1,-1,-1,-1,-1,-1,-1,-1,-1,-1,0,0
63,6813,6813,-1,-1,-1,-1,-1,-1,-1,-1,-1,-1,0,0
64,6823,6823,-1,-1,-1,-1,-1,-1,-1,-1,-1,-1,0,0
65,6833,6833,-1,-1,-1,-1,-1,-1,-1,-1,-1,-1,0,0
66,6842,6842,-1,-1,-1,-1,-1,-1,-1,-1,-1,-1,0,0
67,6852,6852,-1,-1,-1,-1,-1,-1,-1,-1,-1,-1,0,0
68,6862,6862,-1,-1,-1,-1,-1,-1,-1,-1,-1,-1,0,0
69,6875,6875,-1,-1,-1,-1,-1,-1,-1,-1,-1,-1,0,0
70,6885,6885,-1,-1,-1,-1,-1,-1,-1,-1,-1,-1,0,0
71,6895,6895,-1,-1,-1,-1,-1,-1,-1,-1,-1,-1,0,0
72,6904,6904,-1,-1,-1,-1,-1,-1,-1,-1,-1,-1,0,0
73,6914,6914,-1,-1,-1,-1,-1,-1,-1,-1,-1,-1,0,0
74,6924,6924,-1,-1,-1,-1,-1,-1,-1,-1,-1,-1,0,0
75,6934,6934,-1,-1,-1,-1,-1,-1,-1,-1,-1,-1,0,0
76,6943,6943,-1,-1,-1,-1,-1,-1,-1,-1,-1,-1,0,0
77,6953,6953,-1,-1,-1,-1,-1,-1,-1,-1,-1,-1,0,0
78,6963,6963,-1,-1,-1,-1,-1,-1,-1,-1,-1,-1,0,0
79,6973,6973,-1,-1,-1,-1,-1,-1,-1,-1,-1,-1,0,0
80,6983,6983,-1,-1,-1,-1,-1,-1,-1,-1,-1,-1,0,0
81,6993,6993,-1,-1,-1,-1,-1,-1,-1,-1,-1,-1,0,0
82,7006,7006,-1,-1,-1,-1,-1,-1,-1,-1,-1,-1,0,0
83,7016,7016,-1,-1,-1,-1,-1,-1,-1,-1,-1,-1,0,0
84,7026,7026,-1,-1,-1,-1,-1,-1,-1,-1,-1,-1,0,0
85,7036,7036,-1,-1,-1,-1,-1,-1,-1,-1,-1,-1,0,0
86,7045,7045,-1,-1,-1,-1,-1,-1,-1,-1,-1,-1,0,0
87,7055,7055,-1,-1,-1,-1,-1,-1,-1,-1,-1,-1,0,0
88,7065,7065,-1,-1,-1,-1,-1,-1,-1,-1,-1,-1,0,0
89,7075,7075,-1,-1,-1,-1,-1,-1,-1,-1,-1,-1,0,0
90,7085,7085,-1,-1,-1,-1,-1,-1,-1,-1,-1,-1,0,0
91,7095,7095,-1,-1,-1,-1,-1,-1,-1,-1,-1,-1,0,0
92,7105,7105,-1,-1,-1,-1,-1,-1,-1,-1,-1,-1,0,0
93,7114,7114,-1,-1,-1,-1,-1,-1,-1,-1,-1,-1,0,0
94,7124,7124,-1,-1,-1,-1,-1,-1,-1,-1,-1,-1,0,0
95,7137,7137,-1,-1,-1,-1,-1,-1,-1,-1,-1,-1,0,0
96,7147,7147,-1,-1,-1,-1,-1,-1,-1,-1,-1,-1,0,0
97,7157,7157,-1,-1,-1,-1,-1,-1,-1,-1,-1,-1,0,0
98,7167,7167,-1,-1,-1,-1,-1,-1,-1,-1,-1,-1,0,0
99,7177,7177,-1,-1,-1,-1,-1,-1,-1,-1,-1,-1,0,0
100,7187,7187,-1,-1,-1,-1,-1,-1,-1,-1,-1,-1,0,0
101,7197,7197,-1,-1,-1,-1,-1,-1,-1,-1,-1,-1,0,0
102,7206,7206,-1,-1,-1,-1,-1,-1,-1,-1,-1,-1,0,0
103,7219,7219,-1,-1,-1,-1,-1,-1,-1,-1,-1,-1,0,0
104,7229,7229,-1,-1,-1,-1,-1,-1,-1,-1,-1,-1,0,0
105,7239,7239,-1,-1,-1,-1,-1,-1,-1,-1,-1,-1,0,0
106,7248,7248,-1,-1,-1,-1,-1,-1,-1,-1,-1,-1,0,0
107,7258,7258,-1,-1,-1,-1,-1,-1,-1,-1,-1,-1,0,0
108,7268,7268,-1,-1,-1,-1,-1,-1,-1,-1,-1,-1,0,0
109,7281,7281,-1,-1,-1,-1,-1,-1,-1,-1,-1,-1,0,0
110,7291,7291,-1,-1,-1,-1,-1,-1,-1,-1,-1,-1,0,0
111,7300,7300,-1,-1,-1,-1,-1,-1,-1,-1,-1,-1,0,0
112,7310,7310,-1,-1,-1,-1,-1,-1,-1,-1,-1,-1,0,0
113,7320,7320,-1,-1,-1,-1,-1,-1,-1,-1,-1,-1,0,0
114,7329,7329,-1,-1,-1,-1,-1,-1,-1,-1,-1,-1,0,0
115,7339,7339,-1,-1,-1,-1,-1,-1,-1,-1,-1,-1,0,0
116,7349,7349,-1,-1,-1,-1,-1,-1,-1,-1,-1,-1,0,0
117,7359,7359,-1,-1,-1,-1,-1,-1,-1,-1,-1,-1,0,0
118,7368,7368,-1,-1,-1,-1,-1,-1,-1,-1,-1,-1,0,0
119,7378,7378,-1,-1,-1,-1,-1,-1,-1,-1,-1,-1,0,0
120,7388,7388,-1,-1,-1,-1,-1,-1,-1,-1,-1,-1,0,0
121,7398,7398,-1,-1,-1,-1,-1,-1,-1,-1,-1,-1,0,0
122,7410,7410,-1,-1,-1,-1,-1,-1,-1,-1,-1,-1,0,0
123,7420,7420,-1,-1,-1,-1,-1,-1,-1,-1,-1,-1,0,0
124,7430,7430,-1,-1,-1,-1,-1,-1,-1,-1,-1,-1,0,0
125,7439,7439,-1,-1,-1,-1,-1,-1,-1,-1,-1,-1,0,0
126,7449,7449,-1,-1,-1,-1,-1,-1,-1,-1,-1,-1,0,0
127,7459,7459,-1,-1,-1,-1,-1,-1,-1,-1,-1,-1,0,0
128,7469,7469,-1,-1,-1,-1,-1,-1,-1,-1,-1,-1,0,0
129,7478,7478,-1,-1,-1,-1,-1,-1,-1,-1,-1,-1,0,0
130,7488,7488,-1,-1,-1,-1,-1,-1,-1,-1,-1,-1,0,0
131,7498,7498,-1,-1,-1,-1,-1,-1,-1,-1,-1,-1,0,0
132,7508,7508,-1,-1,-1,-1,-1,-1,-1,-1,-1,-1,0,0
133,7517,7517,-1,-1,-1,-1,-1,-1,-1,-1,-1,-1,0,0
134,7527,7527,-1,-1,-1,-1,-1,-1,-1,-1,-1,-1,0,0
135,7540,7540,-1,-1,-1,-1,-1,-1,-1,-1,-1,-1,0,0
136,7550,7550,-1,-1,-1,-1,-1,-1,-1,-1,-1,-1,0,0
137,7559,7559,-1,-1,-1,-1,-1,-1,-1,-1,-1,-1,0,0
138,7570,7570,-1,-1,-1,-1,-1,-1,-1,-1,-1,-1,0,0
139,7579,7579,-1,-1,-1,-1,-1,-1,-1,-1,-1,-1,0,0
140,7589,7589,-1,-1,-1,-1,-1,-1,-1,-1,-1,-1,0,0
141,7599,7599,-1,-1,-1,-1,-1,-1,-1,-1,-1,-1,0,0
142,7609,7609,-1,-1,-1,-1,-1,-1,-1,-1,-1,-1,0,0
143,7619,7619,-1,-1,-1,-1,-1,-1,-1,-1,-1,-1,0,0
144,7629,7629,-1,-1,-1,-1,-1,-1,-1,-1,-1,-1,0,0
145,7639,7639,-1,-1,-1,-1,-1,-1,-1,-1,-1,-1,0,0
146,7649,7649,-1,-1,-1,-1,-1,-1,-1,-1,-1,-1,0,0
147,7659,7659,-1,-1,-1,-1,-1,-1,-1,-1,-1,-1,0,0
148,7671,7671,-1,-1,-1,-1,-1,-1,-1,-1,-1,-1,0,0
149,7681,7681,-1,-1,-1,-1,-1,-1,-1,-1,-1,-1,0,0
150,7691,7691,-1,-1,-1,-1,-1,-1,-1,-1,-1,-1,0,0
151,7701,7701,-1,-1,-1,-1,-1,-1,-1,-1,-1,-1,0,0
152,7711,7711,-1,-1,-1,-1,-1,-1,-1,-1,-1,-1,0,0
153,7721,7721,-1,-1,-1,-1,-1,-1,-1,-1,-1,-1,0,0
154,7731,7731,-1,-1,-1,-1,-1,-1,-1,-1,-1,-1,0,0
155,7741,7741,-1,-1,-1,-1,-1,-1,-1,-1,-1,-1,0,0
156,7751,7751,-1,-1,-1,-1,-1,-1,-1,-1,-1,-1,0,0
157,7760,7760,-1,-1,-1,-1,-1,-1,-1,-1,-1,-1,0,0
158,7770,7770,-1,-1,-1,-1,-1,-1,-1,-1,-1,-1,0,0
159,7780,7780,-1,-1,-1,-1,-1,-1,-1,-1,-1,-1,0,0
160,7790,7790,-1,-1,-1,-1,-1,-1,-1,-1,-1,-1,0,0
161,7803,7803,-1,-1,-1,-1,-1,-1,-1,-1,-1,-1,0,0
162,7813,7813,-1,-1,-1,-1,-1,-1,-1,-1,-1,-1,0,0
163,7823,7823,-1,-1,-1,-1,-1,-1,-1,-1,-1,-1,0,0
164,7833,7833,-1,-1,-1,-1,-1,-1,-1,-1,-1,-1,0,0
165,7842,7842,-1,-1,-1,-1,-1,-1,-1,-1,-1,-1,0,0
166,7852,7852,-1,-1,-1,-1,-1,-1,-1,-1,-1,-1,0,0
167,7862,7862,-1,-1,-1,-1,-1,-1,-1,-1,-1,-1,0,0
168,7872,7872,-1,-1,-1,-1,-1,-1,-1,-1,-1,-1,0,0
169,7882,7882,-1,-1,-1,-1,-1,-1,-1,-1,-1,-1,0,0
170,7892,7892,-1,-1,-1,-1,-1,-1,-1,-1,-1,-1,0,0
171,7902,7902,-1,-1,-1,-1,-1,-1,-1,-1,-1,-1,0,0
172,7911,7911,-1,-1,-1,-1,-1,-1,-1,-1,-1,-1,0,0
173,7921,7921,-1,-1,-1,-1,-1,-1,-1,-1,-1,-1,0,0
174,7934,7934,-1,-1,-1,-1,-1,-1,-1,-1,-1,-1,0,0
175,7944,7944,-1,-1,-1,-1,-1,-1,-1,-1,-1,-1,0,0
176,7954,7954,-1,-1,-1,-1,-1,-1,-1,-1,-1,-1,0,0
177,7964,7964,-1,-1,-1,-1,-1,-1,-1,-1,-1,-1,0,0
178,7974,7974,-1,-1,-1,-1,-1,-1,-1,-1,-1,-1,0,0
179,7984,7984,-1,-1,-1,-1,-1,-1,-1,-1,-1,-1,0,0
180,7993,7993,-1,-1,-1,-1,-1,-1,-1,-1,-1,-1,0,0
181,8003,8003,-1,-1,-1,-1,-1,-1,-1,-1,-1,-1,0,0
182,8013,8013,-1,-1,-1,-1,-1,-1,-1,-1,-1,-1,0,0
183,8023,8023,-1,-1,-1,-1,-1,-1,-1,-1,-1,-1,0,0
184,8033,8033,-1,-1,-1,-1,-1,-1,-1,-1,-1,-1,0,0
185,8043,8043,-1,-1,-1,-1,-1,-1,-1,-1,-1,-1,0,0
186,8053,8053,-1,-1,-1,-1,-1,-1,-1,-1,-1,-1,0,0
187,8066,8066,-1,-1,-1,-1,-1,-1,-1,-1,-1,-1,0,0
188,8076,8076,-1,-1,-1,-1,-1,-1,-1,-1,-1,-1,0,0
189,8085,8085,-1,-1,-1,-1,-1,-1,-1,-1,-1,-1,0,0
190,8095,8095,-1,-1,-1,-1,-1,-1,-1,-1,-1,-1,0,0
191,8105,8105,-1,-1,-1,-1,-1,-1,-1,-1,-1,-1,0,0
192,8115,8115,-1,-1,-1,-1,-1,-1,-1,-1,-1,-1,0,0
193,8125,8125,-1,-1,-1,-1,-1,-1,-1,-1,-1,-1,0,0
194,8135,8135,-1,-1,-1,-1,-1,-1,-1,-1,-1,-1,0,0
195,8145,8145,-1,-1,-1,-1,-1,-1,-1,-1,-1,-1,0,0
196,8155,8155,-1,-1,-1,-1,-1,-1,-1,-1,-1,-1,0,0
197,8165,8165,-1,-1,-1,-1,-1,-1,-1,-1,-1,-1,0,0
198,8174,8174,-1,-1,-1,-1,-1,-1,-1,-1,-1,-1,0,0
199,8184,8184,-1,-1,-1,-1,-1,-1,-1,-1,-1,-1,0,0
200,8197,8197,-1,-1,-1,-1,-1,-1,-1,-1,-1,-1,0,0
201,8207,8207,-1,-1,-1,-1,-1,-1,-1,-1,-1,-1,0,0
202,8217,8217,-1,-1,-1,-1,-1,-1,-1,-1,-1,-1,0,0
203,8227,8227,-1,-1,-1,-1,-1,-1,-1,-1,-1,-1,0,0
204,8237,8237,-1,-1,-1,-1,-1,-1,-1,-1,-1,-1,0,0
205,8246,8246,-1,-1,-1,-1,-1,-1,-1,-1,-1,-1,0,0
206,8256,8256,-1,-1,-1,-1,-1,-1,-1,-1,-1,-1,0,0
207,8266,8266,-1,-1,-1,-1,-1,-1,-1,-1,-1,-1,0,0
208,8276,8276,-1,-1,-1,-1,-1,-1,-1,-1,-1,-1,0,0
209,8286,8286,-1,-1,-1,-1,-1,-1,-1,-1,-1,-1,0,0
210,8296,8296,-1,-1,-1,-1,-1,-1,-1,-1,-1,-1,0,0
211,8306,8306,-1,-1,-1,-1,-1,-1,-1,-1,-1,-1,0,0
212,8316,8316,-1,-1,-1,-1,-1,-1,-1,-1,-1,-1,0,0
213,8326,8326,-1,-1,-1,-1,-1,-1,-1,-1,-1,-1,0,0
214,8338,8338,-1,-1,-1,-1,-1,-1,-1,-1,-1,-1,0,0
215,8348,8348,-1,-1,-1,-1,-1,-1,-1,-1,-1,-1,0,0
216,8358,8358,-1,-1,-1,-1,-1,-1,-1,-1,-1,-1,0,0
217,8367,8367,-1,-1,-1,-1,-1,-1,-1,-1,-1,-1,0,0
218,8377,8377,-1,-1,-1,-1,-1,-1,-1,-1,-1,-1,0,0
219,8387,8387,-1,-1,-1,-1,-1,-1,-1,-1,-1,-1,0,0
220,8397,8397,-1,-1,-1,-1,-1,-1,-1,-1,-1,-1,0,0
221,8406,8406,-1,-1,-1,-1,-1,-1,-1,-1,-1,-1,0,0
222,8416,8416,-1,-1,-1,-1,-1,-1,-1,-1,-1,-1,0,0
223,8426,8426,-1,-1,-1,-1,-1,-1,-1,-1,-1,-1,0,0
224,8438,8438,-1,-1,-1,-1,-1,-1,-1,-1,-1,-1,0,0
225,8447,8447,-1,-1,-1,-1,-1,-1,-1,-1,-1,-1,0,0
226,8457,8457,-1,-1,-1,-1,-1,-1,-1,-1,-1,-1,0,0
227,8477,8477,-1,-1,-1,-1,-1,-1,-1,-1,-1,-1,0,0
228,8487,8487,-1,-1,-1,-1,-1,-1,-1,-1,-1,-1,0,0
229,8497,8497,-1,-1,-1,-1,-1,-1,-1,-1,-1,-1,0,0
230,8507,8507,-1,-1,-1,-1,-1,-1,-1,-1,-1,-1,0,0
231,8516,8516,-1,-1,-1,-1,-1,-1,-1,-1,-1,-1,0,0
232,8526,8526,-1,-1,-1,-1,-1,-1,-1,-1,-1,-1,0,0
233,8536,8536,-1,-1,-1,-1,-1,-1,-1,-1,-1,-1,0,0
234,8545,8545,-1,-1,-1,-1,-1,-1,-1,-1,-1,-1,0,0
235,8555,8555,-1,-1,-1,-1,-1,-1,-1,-1,-1,-1,0,0
236,8565,8565,-1,-1,-1,-1,-1,-1,-1,-1,-1,-1,0,0
237,8574,8574,-1,-1,-1,-1,-1,-1,-1,-1,-1,-1,0,0
238,8584,8584,-1,-1,-1,-1,-1,-1,-1,-1,-1,-1,0,0
239,8594,8594,-1,-1,-1,-1,-1,-1,-1,-1,-1,-1,0,0
240,8607,8607,-1,-1,-1,-1,-1,-1,-1,-1,-1,-1,0,0
241,8617,8617,-1,-1,-1,-1,-1,-1,-1,-1,-1,-1,0,0
242,8626,8626,-1,-1,-1,-1,-1,-1,-1,-1,-1,-1,0,0
243,8636,8636,-1,-1,-1,-1,-1,-1,-1,-1,-1,-1,0,0
244,8646,8646,-1,-1,-1,-1,-1,-1,-1,-1,-1,-1,0,0
245,8656,8656,-1,-1,-1,-1,-1,-1,-1,-1,-1,-1,0,0
246,8666,8666,-1,-1,-1,-1,-1,-1,-1,-1,-1,-1,0,0
247,8676,8676,-1,-1,-1,-1,-1,-1,-1,-1,-1,-1,0,0
248,8686,8686,-1,-1,-1,-1,-1,-1,-1,-1,-1,-1,0,0
249,8696,8696,-1,-1,-1,-1,-1,-1,-1,-1,-1,-1,0,0
250,8706,8706,-1,-1,-1,-1,-1,-1,-1,-1,-1,-1,0,0
251,8716,8716,-1,-1,-1,-1,-1,-1,-1,-1,-1,-1,0,0
252,8725,8725,-1,-1,-1,-1,-1,-1,-1,-1,-1,-1,0,0
253,8739,8739,-1,-1,-1,-1,-1,-1,-1,-1,-1,-1,0,0
254,8748,8748,-1,-1,-1,-1,-1,-1,-1,-1,-1,-1,0,0
255,8758,8758,-1,-1,-1,-1,-1,-1,-1,-1,-1,-1,0,0
256,8768,8768,-1,-1,-1,-1,-1,-1,-1,-1,-1,-1,0,0
257,8778,8778,-1,-1,-1,-1,-1,-1,-1,-1,-1,-1,0,0
258,8788,8788,-1,-1,-1,-1,-1,-1,-1,-1,-1,-1,0,0
259,8798,8798,-1,-1,-1,-1,-1,-1,-1,-1,-1,-1,0,0
260,8808,8808,-1,-1,-1,-1,-1,-1,-1,-1,-1,-1,0,0
261,8838,8838,-1,-1,-1,-1,-1,-1,-1,-1,-1,-1,0,0
262,8847,8847,-1,-1,-1,-1,-1,-1,-1,-1,-1,-1,0,0
263,8857,8857,-1,-1,-1,-1,-1,-1,-1,-1,-1,-1,0,0
264,8867,8867,-1,-1,-1,-1,-1,-1,-1,-1,-1,-1,0,0
265,8876,8876,-1,-1,-1,-1,-1,-1,-1,-1,-1,-1,0,0
266,8889,8889,-1,-1,-1,-1,-1,-1,-1,-1,-1,-1,0,0
267,8898,8898,-1,-1,-1,-1,-1,-1,-1,-1,-1,-1,0,0
268,8908,8908,-1,-1,-1,-1,-1,-1,-1,-1,-1,-1,0,0
269,8918,8918,-1,-1,-1,-1,-1,-1,-1,-1,-1,-1,0,0
270,8927,8927,-1,-1,-1,-1,-1,-1,-1,-1,-1,-1,0,0
271,8937,8937,-1,-1,-1,-1,-1,-1,-1,-1,-1,-1,0,0
272,8946,8946,-1,-1,-1,-1,-1,-1,-1,-1,-1,-1,0,0
273,8956,8956,-1,-1,-1,-1,-1,-1,-1,-1,-1,-1,0,0
274,8966,8966,-1,-1,-1,-1,-1,-1,-1,-1,-1,-1,0,0
275,8975,8975,-1,-1,-1,-1,-1,-1,-1,-1,-1,-1,0,0
276,8985,8985,-1,-1,-1,-1,-1,-1,-1,-1,-1,-1,0,0
277,8994,8995,-1,-1,-1,-1,-1,-1,-1,-1,-1,-1,0,0
278,9004,9004,-1,-1,-1,-1,-1,-1,-1,-1,-1,-1,0,0
279,9017,9017,-1,-1,-1,-1,-1,-1,-1,-1,-1,-1,0,0
280,9026,9026,-1,-1,-1,-1,-1,-1,-1,-1,-1,-1,0,0
281,9036,9036,-1,-1,-1,-1,-1,-1,-1,-1,-1,-1,0,0
282,9045,9045,-1,-1,-1,-1,-1,-1,-1,-1,-1,-1,0,0
283,9055,9055,-1,-1,-1,-1,-1,-1,-1,-1,-1,-1,0,0
284,9065,9065,-1,-1,-1,-1,-1,-1,-1,-1,-1,-1,0,0
285,9074,9074,-1,-1,-1,-1,-1,-1,-1,-1,-1,-1,0,0
286,9084,9084,-1,-1,-1,-1,-1,-1,-1,-1,-1,-1,0,0
287,9093,9093,-1,-1,-1,-1,-1,-1,-1,-1,-1,-1,0,0
288,9103,9103,-1,-1,-1,-1,-1,-1,-1,-1,-1,-1,0,0
289,9113,9113,-1,-1,-1,-1,-1,-1,-1,-1,-1,-1,0,0
290,9122,9122,-1,-1,-1,-1,-1,-1,-1,-1,-1,-1,0,0
291,9132,9132,-1,-1,-1,-1,-1,-1,-1,-1,-1,-1,0,0
292,9144,9144,-1,-1,-1,-1,-1,-1,-1,-1,-1,-1,0,0
293,9154,9154,-1,-1,-1,-1,-1,-1,-1,-1,-1,-1,0,0
294,9163,9163,-1,-1,-1,-1,-1,-1,-1,-1,-1,-1,0,0
295,9173,9173,-1,-1,-1,-1,-1,-1,-1,-1,-1,-1,0,0
296,9183,9183,-1,-1,-1,-1,-1,-1,-1,-1,-1,-1,0,0
297,9192,9192,-1,-1,-1,-1,-1,-1,-1,-1,-1,-1,0,0
298,9202,9202,-1,-1,-1,-1,-1,-1,-1,-1,-1,-1,0,0
299,9211,9211,-1,-1,-1,-1,-1,-1,-1,-1,-1,-1,0,0
300,9221,9221,-1,-1,-1,-1,-1,-1,-1,-1,-1,-1,0,0
301,9231,9231,-1,-1,-1,-1,-1,-1,-1,-1,-1,-1,0,0
302,9240,9240,-1,-1,-1,-1,-1,-1,-1,-1,-1,-1,0,0
303,9250,9250,-1,-1,-1,-1,-1,-1,-1,-1,-1,-1,0,0
304,9259,9259,-1,-1,-1,-1,-1,-1,-1,-1,-1,-1,0,0
305,9272,9272,-1,-1,-1,-1,-1,-1,-1,-1,-1,-1,0,0
306,9282,9282,-1,-1,-1,-1,-1,-1,-1,-1,-1,-1,0,0
307,9291,9291,-1,-1,-1,-1,-1,-1,-1,-1,-1,-1,0,0
308,9301,9301,-1,-1,-1,-1,-1,-1,-1,-1,-1,-1,0,0
309,9311,9311,-1,-1,-1,-1,-1,-1,-1,-1,-1,-1,0,0
310,9320,9320,-1,-1,-1,-1,-1,-1,-1,-1,-1,-1,0,0
311,9330,9330,-1,-1,-1,-1,-1,-1,-1,-1,-1,-1,0,0
312,9339,9339,-1,-1,-1,-1,-1,-1,-1,-1,-1,-1,0,0
313,9349,9349,-1,-1,-1,-1,-1,-1,-1,-1,-1,-1,0,0
314,9359,9359,-1,-1,-1,-1,-1,-1,-1,-1,-1,-1,0,0
315,9368,9368,-1,-1,-1,-1,-1,-1,-1,-1,-1,-1,0,0
316,9378,9378,-1,-1,-1,-1,-1,-1,-1,-1,-1,-1,0,0
317,9387,9387,-1,-1,-1,-1,-1,-1,-1,-1,-1,-1,0,0
318,9397,9397,-1,-1,-1,-1,-1,-1,-1,-1,-1,-1,0,0
319,9409,9409,-1,-1,-1,-1,-1,-1,-1,-1,-1,-1,0,0
320,9419,9419,-1,-1,-1,-1,-1,-1,-1,-1,-1,-1,0,0
321,9428,9428,-1,-1,-1,-1,-1,-1,-1,-1,-1,-1,0,0
322,9438,9438,-1,-1,-1,-1,-1,-1,-1,-1,-1,-1,0,0
323,9447,9447,-1,-1,-1,-1,-1,-1,-1,-1,-1,-1,0,0
324,9457,9457,-1,-1,-1,-1,-1,-1,-1,-1,-1,-1,0,0
325,9466,9466,-1,-1,-1,-1,-1,-1,-1,-1,-1,-1,0,0
326,9476,9476,-1,-1,-1,-1,-1,-1,-1,-1,-1,-1,0,0
327,9485,9485,-1,-1,-1,-1,-1,-1,-1,-1,-1,-1,0,0
328,9495,9495,-1,-1,-1,-1,-1,-1,-1,-1,-1,-1,0,0
329,9504,9504,-1,-1,-1,-1,-1,-1,-1,-1,-1,-1,0,0
330,9514,9514,-1,-1,-1,-1,-1,-1,-1,-1,-1,-1,0,0
331,9523,9523,-1,-1,-1,-1,-1,-1,-1,-1,-1,-1,0,0
332,9535,9535,-1,-1,-1,-1,-1,-1,-1,-1,-1,-1,0,0
333,9545,9545,-1,-1,-1,-1,-1,-1,-1,-1,-1,-1,0,0
334,9554,9554,-1,-1,-1,-1,-1,-1,-1,-1,-1,-1,0,0
335,9564,9564,-1,-1,-1,-1,-1,-1,-1,-1,-1,-1,0,0
336,9573,9573,-1,-1,-1,-1,-1,-1,-1,-1,-1,-1,0,0
337,9583,9583,-1,-1,-1,-1,-1,-1,-1,-1,-1,-1,0,0
338,9592,9592,-1,-1,-1,-1,-1,-1,-1,-1,-1,-1,0,0
339,9602,9602,-1,-1,-1,-1,-1,-1,-1,-1,-1,-1,0,0
340,9611,9611,-1,-1,-1,-1,-1,-1,-1,-1,-1,-1,0,0
341,9621,9621,-1,-1,-1,-1,-1,-1,-1,-1,-1,-1,0,0
342,9630,9630,-1,-1,-1,-1,-1,-1,-1,-1,-1,-1,0,0
343,9640,9640,-1,-1,-1,-1,-1,-1,-1,-1,-1,-1,0,0
344,9649,9649,-1,-1,-1,-1,-1,-1,-1,-1,-1,-1,0,0
345,9662,9662,-1,-1,-1,-1,-1,-1,-1,-1,-1,-1,0,0
346,9671,9671,-1,-1,-1,-1,-1,-1,-1,-1,-1,-1,0,0
347,9681,9681,-1,-1,-1,-1,-1,-1,-1,-1,-1,-1,0,0
348,9690,9690,-1,-1,-1,-1,-1,-1,-1,-1,-1,-1,0,0
349,9700,9700,-1,-1,-1,-1,-1,-1,-1,-1,-1,-1,0,0
350,9710,9710,-1,-1,-1,-1,-1,-1,-1,-1,-1,-1,0,0
351,9719,9719,-1,-1,-1,-1,-1,-1,-1,-1,-1,-1,0,0
352,9729,9729,-1,-1,-1,-1,-1,-1,-1,-1,-1,-1,0,0
353,9739,9739,-1,-1,-1,-1,-1,-1,-1,-1,-1,-1,0,0
354,9748,9748,-1,-1,-1,-1,-1,-1,-1,-1,-1,-1,0,0
355,9758,9758,-1,-1,-1,-1,-1,-1,-1,-1,-1,-1,0,0
356,9768,9768,-1,-1,-1,-1,-1,-1,-1,-1,-1,-1,0,0
357,9778,9778,-1,-1,-1,-1,-1,-1,-1,-1,-1,-1,0,0
358,9790,9790,-1,-1,-1,-1,-1,-1,-1,-1,-1,-1,0,0
359,9800,9800,-1,-1,-1,-1,-1,-1,-1,-1,-1,-1,0,0
360,9810,9810,-1,-1,-1,-1,-1,-1,-1,-1,-1,-1,0,0
361,9819,9819,-1,-1,-1,-1,-1,-1,-1,-1,-1,-1,0,0
362,9829,9829,-1,-1,-1,-1,-1,-1,-1,-1,-1,-1,0,0
363,9839,9839,-1,-1,-1,-1,-1,-1,-1,-1,-1,-1,0,0
364,9848,9848,-1,-1,-1,-1,-1,-1,-1,-1,-1,-1,0,0
365,9858,9858,-1,-1,-1,-1,-1,-1,-1,-1,-1,-1,0,0
366,9868,9868,-1,-1,-1,-1,-1,-1,-1,-1,-1,-1,0,0
367,9877,9877,-1,-1,-1,-1,-1,-1,-1,-1,-1,-1,0,0
368,9887,9887,-1,-1,-1,-1,-1,-1,-1,-1,-1,-1,0,0
369,9897,9897,-1,-1,-1,-1,-1,-1,-1,-1,-1,-1,0,0
370,9906,9906,-1,-1,-1,-1,-1,-1,-1,-1,-1,-1,0,0
371,9919,9919,-1,-1,-1,-1,-1,-1,-1,-1,-1,-1,0,0
372,9929,9929,-1,-1,-1,-1,-1,-1,-1,-1,-1,-1,0,0
373,9939,9939,-1,-1,-1,-1,-1,-1,-1,-1,-1,-1,0,0
374,9948,9948,-1,-1,-1,-1,-1,-1,-1,-1,-1,-1,0,0
375,9958,9958,-1,-1,-1,-1,-1,-1,-1,-1,-1,-1,0,0
376,9968,9968,-1,-1,-1,-1,-1,-1,-1,-1,-1,-1,0,0
377,9977,9977,-1,-1,-1,-1,-1,-1,-1,-1,-1,-1,0,0
378,9987,9987,-1,-1,-1,-1,-1,-1,-1,-1,-1,-1,0,0
379,9997,9997,-1,-1,-1,-1,-1,-1,-1,-1,-1,-1,0,0
380,10006,10006,-1,-1,-1,-1,-1,-1,-1,-1,-1,-1,0,0
381,10016,10016,-1,-1,-1,-1,-1,-1,-1,-1,-1,-1,0,0
382,10028,10028,-1,-1,-1,-1,-1,-1,-1,-1,-1,-1,0,0
383,10038,10038,-1,-1,-1,-1,-1,-1,-1,-1,-1,-1,0,0
384,10050,10050,-1,-1,-1,-1,-1,-1,-1,-1,-1,-1,0,0
385,10060,10060,-1,-1,-1,-1,-1,-1,-1,-1,-1,-1,0,0
386,10070,10070,-1,-1,-1,-1,-1,-1,-1,-1,-1,-1,0,0
387,10080,10080,-1,-1,-1,-1,-1,-1,-1,-1,-1,-1,0,0
388,10089,10089,-1,-1,-1,-1,-1,-1,-1,-1,-1,-1,0,0
389,10099,10099,-1,-1,-1,-1,-1,-1,-1,-1,-1,-1,0,0
390,10109,10109,-1,-1,-1,-1,-1,-1,-1,-1,-1,-1,0,0
391,10119,10119,-1,-1,-1,-1,-1,-1,-1,-1,-1,-1,0,0
392,10129,10129,-1,-1,-1,-1,-1,-1,-1,-1,-1,-1,0,0
393,10138,10138,-1,-1,-1,-1,-1,-1,-1,-1,-1,-1,0,0
394,10148,10148,-1,-1,-1,-1,-1,-1,-1,-1,-1,-1,0,0
395,10158,10158,-1,-1,-1,-1,-1,-1,-1,-1,-1,-1,0,0
396,10168,10168,-1,-1,-1,-1,-1,-1,-1,-1,-1,-1,0,0
397,10180,10180,-1,-1,-1,-1,-1,-1,-1,-1,-1,-1,0,0
398,10190,10190,-1,-1,-1,-1,-1,-1,-1,-1,-1,-1,0,0
399,10200,10200,-1,-1,-1,-1,-1,-1,-1,-1,-1,-1,0,0
400,10210,10210,-1,-1,-1,-1,-1,-1,-1,-1,-1,-1,0,0
401,10219,10219,-1,-1,-1,-1,-1,-1,-1,-1,-1,-1,0,0
402,10229,10229,-1,-1,-1,-1,-1,-1,-1,-1,-1,-1,0,0
403,10239,10239,-1,-1,-1,-1,-1,-1,-1,-1,-1,-1,0,0
404,10249,10249,-1,-1,-1,-1,-1,-1,-1,-1,-1,-1,0,0
405,10259,10259,-1,-1,-1,-1,-1,-1,-1,-1,-1,-1,0,0
406,10268,10268,-1,-1,-1,-1,-1,-1,-1,-1,-1,-1,0,0
407,10278,10278,-1,-1,-1,-1,-1,-1,-1,-1,-1,-1,0,0
408,10288,10288,-1,-1,-1,-1,-1,-1,-1,-1,-1,-1,0,0
409,10298,10298,-1,-1,-1,-1,-1,-1,-1,-1,-1,-1,0,0
410,10307,10307,-1,-1,-1,-1,-1,-1,-1,-1,-1,-1,0,0
411,10315,10315,-1,-1,-1,-1,-1,-1,-1,-1,-1,-1,0,0
412,10325,10325,-1,-1,-1,-1,-1,-1,-1,-1,-1,-1,0,0
413,10335,10335,-1,-1,-1,-1,-1,-1,-1,-1,-1,-1,0,0
414,10344,10344,-1,-1,-1,-1,-1,-1,-1,-1,-1,-1,0,0
415,10354,10354,-1,-1,-1,-1,-1,-1,-1,-1,-1,-1,0,0
416,10364,10364,-1,-1,-1,-1,-1,-1,-1,-1,-1,-1,0,0
417,10374,10374,-1,-1,-1,-1,-1,-1,-1,-1,-1,-1,0,0
418,10383,10383,-1,-1,-1,-1,-1,-1,-1,-1,-1,-1,0,0
419,10393,10393,-1,-1,-1,-1,-1,-1,-1,-1,-1,-1,0,0
420,10403,10403,-1,-1,-1,-1,-1,-1,-1,-1,-1,-1,0,0
421,10413,10413,-1,-1,-1,-1,-1,-1,-1,-1,-1,-1,0,0
422,10423,10423,-1,-1,-1,-1,-1,-1,-1,-1,-1,-1,0,0
423,10433,10433,-1,-1,-1,-1,-1,-1,-1,-1,-1,-1,0,0
424,10445,10445,-1,-1,-1,-1,-1,-1,-1,-1,-1,-1,0,0
425,10455,10455,-1,-1,-1,-1,-1,-1,-1,-1,-1,-1,0,0
426,10465,10465,-1,-1,-1,-1,-1,-1,-1,-1,-1,-1,0,0
427,10474,10474,-1,-1,-1,-1,-1,-1,-1,-1,-1,-1,0,0
428,10484,10484,-1,-1,-1,-1,-1,-1,-1,-1,-1,-1,0,0
429,10494,10494,-1,-1,-1,-1,-1,-1,-1,-1,-1,-1,0,0
430,10503,10503,-1,-1,-1,-1,-1,-1,-1,-1,-1,-1,0,0
431,10513,10513,-1,-1,-1,-1,-1,-1,-1,-1,-1,-1,0,0
432,10523,10523,-1,-1,-1,-1,-1,-1,-1,-1,-1,-1,0,0
433,10532,10532,-1,-1,-1,-1,-1,-1,-1,-1,-1,-1,0,0
434,10542,10542,-1,-1,-1,-1,-1,-1,-1,-1,-1,-1,0,0
435,10552,10552,-1,-1,-1,-1,-1,-1,-1,-1,-1,-1,0,0
436,10561,10561,-1,-1,-1,-1,-1,-1,-1,-1,-1,-1,0,0
437,10574,10574,-1,-1,-1,-1,-1,-1,-1,-1,-1,-1,0,0
438,10584,10584,-1,-1,-1,-1,-1,-1,-1,-1,-1,-1,0,0
439,10593,10593,-1,-1,-1,-1,-1,-1,-1,-1,-1,-1,0,0
440,10603,10603,-1,-1,-1,-1,-1,-1,-1,-1,-1,-1,0,0
441,10613,10613,-1,-1,-1,-1,-1,-1,-1,-1,-1,-1,0,0
442,10622,10622,-1,-1,-1,-1,-1,-1,-1,-1,-1,-1,0,0
443,10632,10632,-1,-1,-1,-1,-1,-1,-1,-1,-1,-1,0,0
444,10641,10641,-1,-1,-1,-1,-1,-1,-1,-1,-1,-1,0,0
445,10651,10651,-1,-1,-1,-1,-1,-1,-1,-1,-1,-1,0,0
446,10661,10661,-1,-1,-1,-1,-1,-1,-1,-1,-1,-1,0,0
447,10670,10670,-1,-1,-1,-1,-1,-1,-1,-1,-1,-1,0,0
448,10680,10680,-1,-1,-1,-1,-1,-1,-1,-1,-1,-1,0,0
449,10690,10690,-1,-1,-1,-1,-1,-1,-1,-1,-1,-1,0,0
450,10702,10702,-1,-1,-1,-1,-1,-1,-1,-1,-1,-1,0,0
451,10712,10712,-1,-1,-1,-1,-1,-1,-1,-1,-1,-1,0,0
452,10722,10722,-1,-1,-1,-1,-1,-1,-1,-1,-1,-1,0,0
453,10732,10732,-1,-1,-1,-1,-1,-1,-1,-1,-1,-1,0,0
454,10742,10742,-1,-1,-1,-1,-1,-1,-1,-1,-1,-1,0,0
455,10752,10752,-1,-1,-1,-1,-1,-1,-1,-1,-1,-1,0,0
456,10761,10761,-1,-1,-1,-1,-1,-1,-1,-1,-1,-1,0,0
457,10771,10771,-1,-1,-1,-1,-1,-1,-1,-1,-1,-1,0,0
458,10781,10781,-1,-1,-1,-1,-1,-1,-1,-1,-1,-1,0,0
459,10791,10791,-1,-1,-1,-1,-1,-1,-1,-1,-1,-1,0,0
460,10801,10801,-1,-1,-1,-1,-1,-1,-1,-1,-1,-1,0,0
461,10811,10811,-1,-1,-1,-1,-1,-1,-1,-1,-1,-1,0,0
462,10821,10821,-1,-1,-1,-1,-1,-1,-1,-1,-1,-1,0,0
463,10833,10833,-1,-1,-1,-1,-1,-1,-1,-1,-1,-1,0,0
464,10843,10843,-1,-1,-1,-1,-1,-1,-1,-1,-1,-1,0,0
465,10853,10853,-1,-1,-1,-1,-1,-1,-1,-1,-1,-1,0,0
466,10863,10863,-1,-1,-1,-1,-1,-1,-1,-1,-1,-1,0,0
467,10873,10873,-1,-1,-1,-1,-1,-1,-1,-1,-1,-1,0,0
468,10883,10883,-1,-1,-1,-1,-1,-1,-1,-1,-1,-1,0,0
469,10892,10892,-1,-1,-1,-1,-1,-1,-1,-1,-1,-1,0,0
470,10902,10902,-1,-1,-1,-1,-1,-1,-1,-1,-1,-1,0,0
471,10912,10912,-1,-1,-1,-1,-1,-1,-1,-1,-1,-1,0,0
472,10922,10922,-1,-1,-1,-1,-1,-1,-1,-1,-1,-1,0,0
473,10932,10932,-1,-1,-1,-1,-1,-1,-1,-1,-1,-1,0,0
474,10942,10942,-1,-1,-1,-1,-1,-1,-1,-1,-1,-1,0,0
475,10952,10952,-1,-1,-1,-1,-1,-1,-1,-1,-1,-1,0,0
476,10964,10964,-1,-1,-1,-1,-1,-1,-1,-1,-1,-1,0,0
477,10974,10974,-1,-1,-1,-1,-1,-1,-1,-1,-1,-1,0,0
478,10984,10984,-1,-1,-1,-1,-1,-1,-1,-1,-1,-1,0,0
479,10994,10994,-1,-1,-1,-1,-1,-1,-1,-1,-1,-1,0,0
480,11004,11004,-1,-1,-1,-1,-1,-1,-1,-1,-1,-1,0,0
481,11014,11014,-1,-1,-1,-1,-1,-1,-1,-1,-1,-1,0,0
482,11024,11024,-1,-1,-1,-1,-1,-1,-1,-1,-1,-1,0,0
483,11033,11033,-1,-1,-1,-1,-1,-1,-1,-1,-1,-1,0,0
484,11043,11043,-1,-1,-1,-1,-1,-1,-1,-1,-1,-1,0,0
485,11053,11053,-1,-1,-1,-1,-1,-1,-1,-1,-1,-1,0,0
486,11063,11063,-1,-1,-1,-1,-1,-1,-1,-1,-1,-1,0,0
487,11073,11073,-1,-1,-1,-1,-1,-1,-1,-1,-1,-1,0,0
488,11083,11083,-1,-1,-1,-1,-1,-1,-1,-1,-1,-1,0,0
489,11096,11096,-1,-1,-1,-1,-1,-1,-1,-1,-1,-1,0,0
490,11106,11106,-1,-1,-1,-1,-1,-1,-1,-1,-1,-1,0,0
491,11115,11115,-1,-1,-1,-1,-1,-1,-1,-1,-1,-1,0,0
492,11125,11125,-1,-1,-1,-1,-1,-1,-1,-1,-1,-1,0,0
493,11135,11135,-1,-1,-1,-1,-1,-1,-1,-1,-1,-1,0,0
494,11145,11145,-1,-1,-1,-1,-1,-1,-1,-1,-1,-1,0,0
495,11155,11155,-1,-1,-1,-1,-1,-1,-1,-1,-1,-1,0,0
496,11165,11165,-1,-1,-1,-1,-1,-1,-1,-1,-1,-1,0,0
497,11175,11175,-1,-1,-1,-1,-1,-1,-1,-1,-1,-1,0,0
498,11185,11185,-1,-1,-1,-1,-1,-1,-1,-1,-1,-1,0,0
499,11194,11194,-1,-1,-1,-1,-1,-1,-1,-1,-1,-1,0,0
500,11204,11204,-1,-1,-1,-1,-1,-1,-1,-1,-1,-1,0,0
501,11214,11214,-1,-1,-1,-1,-1,-1,-1,-1,-1,-1,0,0
502,11227,11227,-1,-1,-1,-1,-1,-1,-1,-1,-1,-1,0,0
503,11239,11239,-1,-1,-1,-1,-1,-1,-1,-1,-1,-1,0,0
504,11249,11249,-1,-1,-1,-1,-1,-1,-1,-1,-1,-1,0,0
505,11259,11259,-1,-1,-1,-1,-1,-1,-1,-1,-1,-1,0,0
506,11269,11269,-1,-1,-1,-1,-1,-1,-1,-1,-1,-1,0,0
507,11279,11279,-1,-1,-1,-1,-1,-1,-1,-1,-1,-1,0,0
508,11288,11288,-1,-1,-1,-1,-1,-1,-1,-1,-1,-1,0,0
509,11298,11298,-1,-1,-1,-1,-1,-1,-1,-1,-1,-1,0,0
510,11308,11308,-1,-1,-1,-1,-1,-1,-1,-1,-1,-1,0,0
511,11318,11318,-1,-1,-1,-1,-1,-1,-1,-1,-1,-1,0,0
512,11328,11328,-1,-1,-1,-1,-1,-1,-1,-1,-1,-1,0,0
513,11338,11338,-1,-1,-1,-1,-1,-1,-1,-1,-1,-1,0,0
514,11348,11348,-1,-1,-1,-1,-1,-1,-1,-1,-1,-1,0,0
515,11357,11357,-1,-1,-1,-1,-1,-1,-1,-1,-1,-1,0,0
516,11370,11370,-1,-1,-1,-1,-1,-1,-1,-1,-1,-1,0,0
517,11380,11380,-1,-1,-1,-1,-1,-1,-1,-1,-1,-1,0,0
518,11390,11390,-1,-1,-1,-1,-1,-1,-1,-1,-1,-1,0,0
519,11400,11400,-1,-1,-1,-1,-1,-1,-1,-1,-1,-1,0,0
520,11410,11410,-1,-1,-1,-1,-1,-1,-1,-1,-1,-1,0,0
521,11420,11420,-1,-1,-1,-1,-1,-1,-1,-1,-1,-1,0,0
522,11430,11430,-1,-1,-1,-1,-1,-1,-1,-1,-1,-1,0,0
523,11439,11439,-1,-1,-1,-1,-1,-1,-1,-1,-1,-1,0,0
524,11449,11449,-1,-1,-1,-1,-1,-1,-1,-1,-1,-1,0,0
525,11459,11459,-1,-1,-1,-1,-1,-1,-1,-1,-1,-1,0,0
526,11469,11469,-1,-1,-1,-1,-1,-1,-1,-1,-1,-1,0,0
527,11479,11479,-1,-1,-1,-1,-1,-1,-1,-1,-1,-1,0,0
528,11489,11489,-1,-1,-1,-1,-1,-1,-1,-1,-1,-1,0,0
529,11502,11502,-1,-1,-1,-1,-1,-1,-1,-1,-1,-1,0,0
530,11511,11511,-1,-1,-1,-1,-1,-1,-1,-1,-1,-1,0,0
531,11521,11521,-1,-1,-1,-1,-1,-1,-1,-1,-1,-1,0,0
532,11531,11531,-1,-1,-1,-1,-1,-1,-1,-1,-1,-1,0,0
533,11540,11540,-1,-1,-1,-1,-1,-1,-1,-1,-1,-1,0,0
534,11550,11550,-1,-1,-1,-1,-1,-1,-1,-1,-1,-1,0,0
535,11560,11560,-1,-1,-1,-1,-1,-1,-1,-1,-1,-1,0,0
536,11569,11569,-1,-1,-1,-1,-1,-1,-1,-1,-1,-1,0,0
537,11579,11579,-1,-1,-1,-1,-1,-1,-1,-1,-1,-1,0,0
538,11589,11589,-1,-1,-1,-1,-1,-1,-1,-1,-1,-1,0,0
539,11599,11599,-1,-1,-1,-1,-1,-1,-1,-1,-1,-1,0,0
540,11608,11608,-1,-1,-1,-1,-1,-1,-1,-1,-1,-1,0,0
541,11618,11618,-1,-1,-1,-1,-1,-1,-1,-1,-1,-1,0,0
542,11631,11631,-1,-1,-1,-1,-1,-1,-1,-1,-1,-1,0,0
543,11640,11640,-1,-1,-1,-1,-1,-1,-1,-1,-1,-1,0,0
544,11650,11650,-1,-1,-1,-1,-1,-1,-1,-1,-1,-1,0,0
545,11660,11660,-1,-1,-1,-1,-1,-1,-1,-1,-1,-1,0,0
546,11669,11669,-1,-1,-1,-1,-1,-1,-1,-1,-1,-1,0,0
547,11679,11679,-1,-1,-1,-1,-1,-1,-1,-1,-1,-1,0,0
548,11689,11689,-1,-1,-1,-1,-1,-1,-1,-1,-1,-1,0,0
549,11698,11699,-1,-1,-1,-1,-1,-1,-1,-1,-1,-1,0,0
550,11708,11708,-1,-1,-1,-1,-1,-1,-1,-1,-1,-1,0,0
551,11718,11718,-1,-1,-1,-1,-1,-1,-1,-1,-1,-1,0,0
552,11728,11728,-1,-1,-1,-1,-1,-1,-1,-1,-1,-1,0,0
553,11737,11737,-1,-1,-1,-1,-1,-1,-1,-1,-1,-1,0,0
554,11747,11747,-1,-1,-1,-1,-1,-1,-1,-1,-1,-1,0,0
555,11760,11760,-1,-1,-1,-1,-1,-1,-1,-1,-1,-1,0,0
556,11770,11770,-1,-1,-1,-1,-1,-1,-1,-1,-1,-1,0,0
557,11779,11779,-1,-1,-1,-1,-1,-1,-1,-1,-1,-1,0,0
558,11789,11789,-1,-1,-1,-1,-1,-1,-1,-1,-1,-1,0,0
559,11799,11799,-1,-1,-1,-1,-1,-1,-1,-1,-1,-1,0,0
560,11809,11809,-1,-1,-1,-1,-1,-1,-1,-1,-1,-1,0,0
561,11819,11819,-1,-1,-1,-1,-1,-1,-1,-1,-1,-1,0,0
562,11829,11829,-1,-1,-1,-1,-1,-1,-1,-1,-1,-1,0,0
563,11839,11839,-1,-1,-1,-1,-1,-1,-1,-1,-1,-1,0,0
564,11849,11849,-1,-1,-1,-1,-1,-1,-1,-1,-1,-1,0,0
565,11858,11858,-1,-1,-1,-1,-1,-1,-1,-1,-1,-1,0,0
566,11868,11868,-1,-1,-1,-1,-1,-1,-1,-1,-1,-1,0,0
567,11878,11878,-1,-1,-1,-1,-1,-1,-1,-1,-1,-1,0,0
568,11891,11891,-1,-1,-1,-1,-1,-1,-1,-1,-1,-1,0,0
569,11901,11901,-1,-1,-1,-1,-1,-1,-1,-1,-1,-1,0,0
570,11911,11911,-1,-1,-1,-1,-1,-1,-1,-1,-1,-1,0,0
571,11921,11921,-1,-1,-1,-1,-1,-1,-1,-1,-1,-1,0,0
572,11930,11931,-1,-1,-1,-1,-1,-1,-1,-1,-1,-1,0,0
573,11940,11940,-1,-1,-1,-1,-1,-1,-1,-1,-1,-1,0,0
574,11950,11950,-1,-1,-1,-1,-1,-1,-1,-1,-1,-1,0,0
575,11960,11960,-1,-1,-1,-1,-1,-1,-1,-1,-1,-1,0,0
576,11970,11970,-1,-1,-1,-1,-1,-1,-1,-1,-1,-1,0,0
577,11980,11980,-1,-1,-1,-1,-1,-1,-1,-1,-1,-1,0,0
578,11990,11990,-1,-1,-1,-1,-1,-1,-1,-1,-1,-1,0,0
579,12000,12000,-1,-1,-1,-1,-1,-1,-1,-1,-1,-1,0,0
580,12009,12009,-1,-1,-1,-1,-1,-1,-1,-1,-1,-1,0,0
581,12022,12022,-1,-1,-1,-1,-1,-1,-1,-1,-1,-1,0,0
582,12032,12032,-1,-1,-1,-1,-1,-1,-1,-1,-1,-1,0,0
583,12042,12042,-1,-1,-1,-1,-1,-1,-1,-1,-1,-1,0,0
584,12052,12052,-1,-1,-1,-1,-1,-1,-1,-1,-1,-1,0,0
585,12062,12062,-1,-1,-1,-1,-1,-1,-1,-1,-1,-1,0,0
586,12072,12072,-1,-1,-1,-1,-1,-1,-1,-1,-1,-1,0,0
587,12082,12082,-1,-1,-1,-1,-1,-1,-1,-1,-1,-1,0,0
588,12091,12091,-1,-1,-1,-1,-1,-1,-1,-1,-1,-1,0,0
589,12101,12101,-1,-1,-1,-1,-1,-1,-1,-1,-1,-1,0,0
590,12111,12111,-1,-1,-1,-1,-1,-1,-1,-1,-1,-1,0,0
591,12121,12121,-1,-1,-1,-1,-1,-1,-1,-1,-1,-1,0,0
592,12131,12131,-1,-1,-1,-1,-1,-1,-1,-1,-1,-1,0,0
593,12141,12141,-1,-1,-1,-1,-1,-1,-1,-1,-1,-1,0,0
594,12154,12154,-1,-1,-1,-1,-1,-1,-1,-1,-1,-1,0,0
595,12164,12164,-1,-1,-1,-1,-1,-1,-1,-1,-1,-1,0,0
596,12173,12173,-1,-1,-1,-1,-1,-1,-1,-1,-1,-1,0,0
597,12183,12183,-1,-1,-1,-1,-1,-1,-1,-1,-1,-1,0,0
598,12193,12193,-1,-1,-1,-1,-1,-1,-1,-1,-1,-1,0,0
599,12203,12203,-1,-1,-1,-1,-1,-1,-1,-1,-1,-1,0,0
600,12213,12213,-1,-1,-1,-1,-1,-1,-1,-1,-1,-1,0,0
601,12223,12223,-1,-1,-1,-1,-1,-1,-1,-1,-1,-1,0,0
602,12233,12233,-1,-1,-1,-1,-1,-1,-1,-1,-1,-1,0,0
603,12242,12242,-1,-1,-1,-1,-1,-1,-1,-1,-1,-1,0,0
604,12252,12252,-1,-1,-1,-1,-1,-1,-1,-1,-1,-1,0,0
605,12262,12262,-1,-1,-1,-1,-1,-1,-1,-1,-1,-1,0,0
606,12272,12272,-1,-1,-1,-1,-1,-1,-1,-1,-1,-1,0,0
607,12285,12285,-1,-1,-1,-1,-1,-1,-1,-1,-1,-1,0,0
608,12295,12295,-1,-1,-1,-1,-1,-1,-1,-1,-1,-1,0,0
609,12305,12305,-1,-1,-1,-1,-1,-1,-1,-1,-1,-1,0,0
610,12315,12315,-1,-1,-1,-1,-1,-1,-1,-1,-1,-1,0,0
611,12324,12324,-1,-1,-1,-1,-1,-1,-1,-1,-1,-1,0,0
612,12334,12334,-1,-1,-1,-1,-1,-1,-1,-1,-1,-1,0,0
613,12344,12344,-1,-1,-1,-1,-1,-1,-1,-1,-1,-1,0,0
614,12354,12354,-1,-1,-1,-1,-1,-1,-1,-1,-1,-1,0,0
615,12364,12364,-1,-1,-1,-1,-1,-1,-1,-1,-1,-1,0,0
616,12374,12374,-1,-1,-1,-1,-1,-1,-1,-1,-1,-1,0,0
617,12384,12384,-1,-1,-1,-1,-1,-1,-1,-1,-1,-1,0,0
618,12394,12394,-1,-1,-1,-1,-1,-1,-1,-1,-1,-1,0,0
619,12403,12403,-1,-1,-1,-1,-1,-1,-1,-1,-1,-1,0,0
620,12413,12413,-1,-1,-1,-1,-1,-1,-1,-1,-1,-1,0,0
621,12426,12426,-1,-1,-1,-1,-1,-1,-1,-1,-1,-1,0,0
622,12436,12436,-1,-1,-1,-1,-1,-1,-1,-1,-1,-1,0,0
623,12446,12446,-1,-1,-1,-1,-1,-1,-1,-1,-1,-1,0,0
624,12458,12458,-1,-1,-1,-1,-1,-1,-1,-1,-1,-1,0,0
625,12468,12468,-1,-1,-1,-1,-1,-1,-1,-1,-1,-1,0,0
626,12478,12478,-1,-1,-1,-1,-1,-1,-1,-1,-1,-1,0,0
627,12487,12487,-1,-1,-1,-1,-1,-1,-1,-1,-1,-1,0,0
628,12497,12497,-1,-1,-1,-1,-1,-1,-1,-1,-1,-1,0,0
629,12507,12507,-1,-1,-1,-1,-1,-1,-1,-1,-1,-1,0,0
630,12517,12517,-1,-1,-1,-1,-1,-1,-1,-1,-1,-1,0,0
631,12527,12527,-1,-1,-1,-1,-1,-1,-1,-1,-1,-1,0,0
632,12537,12537,-1,-1,-1,-1,-1,-1,-1,-1,-1,-1,0,0
633,12547,12547,-1,-1,-1,-1,-1,-1,-1,-1,-1,-1,0,0
634,12559,12559,-1,-1,-1,-1,-1,-1,-1,-1,-1,-1,0,0
635,12569,12569,-1,-1,-1,-1,-1,-1,-1,-1,-1,-1,0,0
636,12579,12579,-1,-1,-1,-1,-1,-1,-1,-1,-1,-1,0,0
637,12588,12588,-1,-1,-1,-1,-1,-1,-1,-1,-1,-1,0,0
638,12598,12598,-1,-1,-1,-1,-1,-1,-1,-1,-1,-1,0,0
639,12608,12608,-1,-1,-1,-1,-1,-1,-1,-1,-1,-1,0,0
640,12618,12618,-1,-1,-1,-1,-1,-1,-1,-1,-1,-1,0,0
641,12627,12627,-1,-1,-1,-1,-1,-1,-1,-1,-1,-1,0,0
642,12637,12637,-1,-1,-1,-1,-1,-1,-1,-1,-1,-1,0,0
643,12647,12647,-1,-1,-1,-1,-1,-1,-1,-1,-1,-1,0,0
644,12657,12657,-1,-1,-1,-1,-1,-1,-1,-1,-1,-1,0,0
645,12666,12666,-1,-1,-1,-1,-1,-1,-1,-1,-1,-1,0,0
646,12676,12676,-1,-1,-1,-1,-1,-1,-1,-1,-1,-1,0,0
647,12697,12697,-1,-1,-1,-1,-1,-1,-1,-1,-1,-1,0,0
648,12706,12706,-1,-1,-1,-1,-1,-1,-1,-1,-1,-1,0,0
649,12716,12716,-1,-1,-1,-1,-1,-1,-1,-1,-1,-1,0,0
650,12726,12726,-1,-1,-1,-1,-1,-1,-1,-1,-1,-1,0,0
651,12735,12735,-1,-1,-1,-1,-1,-1,-1,-1,-1,-1,0,0
652,12745,12745,-1,-1,-1,-1,-1,-1,-1,-1,-1,-1,0,0
653,12755,12755,-1,-1,-1,-1,-1,-1,-1,-1,-1,-1,0,0
654,12765,12765,-1,-1,-1,-1,-1,-1,-1,-1,-1,-1,0,0
655,12774,12774,-1,-1,-1,-1,-1,-1,-1,-1,-1,-1,0,0
656,12784,12784,-1,-1,-1,-1,-1,-1,-1,-1,-1,-1,0,0
657,12794,12794,-1,-1,-1,-1,-1,-1,-1,-1,-1,-1,0,0
658,12803,12803,-1,-1,-1,-1,-1,-1,-1,-1,-1,-1,0,0
659,12813,12813,-1,-1,-1,-1,-1,-1,-1,-1,-1,-1,0,0
660,12826,12826,-1,-1,-1,-1,-1,-1,-1,-1,-1,-1,0,0
661,12836,12836,-1,-1,-1,-1,-1,-1,-1,-1,-1,-1,0,0
662,12846,12846,-1,-1,-1,-1,-1,-1,-1,-1,-1,-1,0,0
663,12856,12856,-1,-1,-1,-1,-1,-1,-1,-1,-1,-1,0,0
664,12866,12866,-1,-1,-1,-1,-1,-1,-1,-1,-1,-1,0,0
665,12875,12875,-1,-1,-1,-1,-1,-1,-1,-1,-1,-1,0,0
666,12885,12885,-1,-1,-1,-1,-1,-1,-1,-1,-1,-1,0,0
667,12895,12895,-1,-1,-1,-1,-1,-1,-1,-1,-1,-1,0,0
668,12905,12905,-1,-1,-1,-1,-1,-1,-1,-1,-1,-1,0,0
669,12915,12915,-1,-1,-1,-1,-1,-1,-1,-1,-1,-1,0,0
670,12925,12925,-1,-1,-1,-1,-1,-1,-1,-1,-1,-1,0,0
671,12935,12935,-1,-1,-1,-1,-1,-1,-1,-1,-1,-1,0,0
672,12945,12945,-1,-1,-1,-1,-1,-1,-1,-1,-1,-1,0,0
673,12958,12958,-1,-1,-1,-1,-1,-1,-1,-1,-1,-1,0,0
674,12967,12967,-1,-1,-1,-1,-1,-1,-1,-1,-1,-1,0,0
675,12977,12977,-1,-1,-1,-1,-1,-1,-1,-1,-1,-1,0,0
676,12987,12987,-1,-1,-1,-1,-1,-1,-1,-1,-1,-1,0,0
677,12997,12997,-1,-1,-1,-1,-1,-1,-1,-1,-1,-1,0,0
678,13007,13007,-1,-1,-1,-1,-1,-1,-1,-1,-1,-1,0,0
679,13017,13017,-1,-1,-1,-1,-1,-1,-1,-1,-1,-1,0,0
680,13027,13027,-1,-1,-1,-1,-1,-1,-1,-1,-1,-1,0,0
681,13037,13037,-1,-1,-1,-1,-1,-1,-1,-1,-1,-1,0,0
682,13047,13047,-1,-1,-1,-1,-1,-1,-1,-1,-1,-1,0,0
683,13056,13056,-1,-1,-1,-1,-1,-1,-1,-1,-1,-1,0,0
684,13067,13067,-1,-1,-1,-1,-1,-1,-1,-1,-1,-1,0,0
685,13076,13076,-1,-1,-1,-1,-1,-1,-1,-1,-1,-1,0,0
686,13089,13089,-1,-1,-1,-1,-1,-1,-1,-1,-1,-1,0,0
687,13099,13099,-1,-1,-1,-1,-1,-1,-1,-1,-1,-1,0,0
688,13109,13109,-1,-1,-1,-1,-1,-1,-1,-1,-1,-1,0,0
689,13119,13119,-1,-1,-1,-1,-1,-1,-1,-1,-1,-1,0,0
690,13129,13129,-1,-1,-1,-1,-1,-1,-1,-1,-1,-1,0,0
691,13139,13139,-1,-1,-1,-1,-1,-1,-1,-1,-1,-1,0,0
692,13149,13149,-1,-1,-1,-1,-1,-1,-1,-1,-1,-1,0,0
693,13159,13159,-1,-1,-1,-1,-1,-1,-1,-1,-1,-1,0,0
694,13168,13168,-1,-1,-1,-1,-1,-1,-1,-1,-1,-1,0,0
695,13178,13178,-1,-1,-1,-1,-1,-1,-1,-1,-1,-1,0,0
696,13188,13188,-1,-1,-1,-1,-1,-1,-1,-1,-1,-1,0,0
697,13198,13198,-1,-1,-1,-1,-1,-1,-1,-1,-1,-1,0,0
698,13208,13208,-1,-1,-1,-1,-1,-1,-1,-1,-1,-1,0,0
699,13221,13221,-1,-1,-1,-1,-1,-1,-1,-1,-1,-1,0,0
700,13231,13231,-1,-1,-1,-1,-1,-1,-1,-1,-1,-1,0,0
701,13241,13241,-1,-1,-1,-1,-1,-1,-1,-1,-1,-1,0,0
702,13250,13250,-1,-1,-1,-1,-1,-1,-1,-1,-1,-1,0,0
703,13260,13260,-1,-1,-1,-1,-1,-1,-1,-1,-1,-1,0,0
704,13270,13270,-1,-1,-1,-1,-1,-1,-1,-1,-1,-1,0,0
705,13280,13280,-1,-1,-1,-1,-1,-1,-1,-1,-1,-1,0,0
706,13290,13290,-1,-1,-1,-1,-1,-1,-1,-1,-1,-1,0,0
707,13300,13300,-1,-1,-1,-1,-1,-1,-1,-1,-1,-1,0,0
708,13310,13310,-1,-1,-1,-1,-1,-1,-1,-1,-1,-1,0,0
709,13320,13320,-1,-1,-1,-1,-1,-1,-1,-1,-1,-1,0,0
710,13330,13330,-1,-1,-1,-1,-1,-1,-1,-1,-1,-1,0,0
711,13339,13339,-1,-1,-1,-1,-1,-1,-1,-1,-1,-1,0,0
712,13352,13352,-1,-1,-1,-1,-1,-1,-1,-1,-1,-1,0,0
713,13362,13362,-1,-1,-1,-1,-1,-1,-1,-1,-1,-1,0,0
714,13372,13372,-1,-1,-1,-1,-1,-1,-1,-1,-1,-1,0,0
715,13382,13382,-1,-1,-1,-1,-1,-1,-1,-1,-1,-1,0,0
716,13392,13392,-1,-1,-1,-1,-1,-1,-1,-1,-1,-1,0,0
717,13402,13402,-1,-1,-1,-1,-1,-1,-1,-1,-1,-1,0,0
718,13412,13412,-1,-1,-1,-1,-1,-1,-1,-1,-1,-1,0,0
719,13422,13422,-1,-1,-1,-1,-1,-1,-1,-1,-1,-1,0,0
720,13431,13431,-1,-1,-1,-1,-1,-1,-1,-1,-1,-1,0,0
721,13441,13441,-1,-1,-1,-1,-1,-1,-1,-1,-1,-1,0,0
722,13451,13451,-1,-1,-1,-1,-1,-1,-1,-1,-1,-1,0,0
723,13461,13461,-1,-1,-1,-1,-1,-1,-1,-1,-1,-1,0,0
724,13471,13471,-1,-1,-1,-1,-1,-1,-1,-1,-1,-1,0,0
725,13481,13481,-1,-1,-1,-1,-1,-1,-1,-1,-1,-1,0,0
726,13494,13494,-1,-1,-1,-1,-1,-1,-1,-1,-1,-1,0,0
727,13504,13504,-1,-1,-1,-1,-1,-1,-1,-1,-1,-1,0,0
728,13514,13514,-1,-1,-1,-1,-1,-1,-1,-1,-1,-1,0,0
729,13524,13524,-1,-1,-1,-1,-1,-1,-1,-1,-1,-1,0,0
730,13534,13534,-1,-1,-1,-1,-1,-1,-1,-1,-1,-1,0,0
731,13543,13543,-1,-1,-1,-1,-1,-1,-1,-1,-1,-1,0,0
732,13553,13553,-1,-1,-1,-1,-1,-1,-1,-1,-1,-1,0,0
733,13563,13563,-1,-1,-1,-1,-1,-1,-1,-1,-1,-1,0,0
734,13573,13573,-1,-1,-1,-1,-1,-1,-1,-1,-1,-1,0,0
735,13583,13583,-1,-1,-1,-1,-1,-1,-1,-1,-1,-1,0,0
736,13593,13593,-1,-1,-1,-1,-1,-1,-1,-1,-1,-1,0,0
737,13603,13603,-1,-1,-1,-1,-1,-1,-1,-1,-1,-1,0,0
738,13613,13613,-1,-1,-1,-1,-1,-1,-1,-1,-1,-1,0,0
739,13625,13625,-1,-1,-1,-1,-1,-1,-1,-1,-1,-1,0,0
740,13635,13635,-1,-1,-1,-1,-1,-1,-1,-1,-1,-1,0,0
741,13645,13645,-1,-1,-1,-1,-1,-1,-1,-1,-1,-1,0,0
742,13655,13655,-1,-1,-1,-1,-1,-1,-1,-1,-1,-1,0,0
743,13666,13666,-1,-1,-1,-1,-1,-1,-1,-1,-1,-1,0,0
744,13676,13676,-1,-1,-1,-1,-1,-1,-1,-1,-1,-1,0,0
745,13686,13686,-1,-1,-1,-1,-1,-1,-1,-1,-1,-1,0,0
746,13696,13696,-1,-1,-1,-1,-1,-1,-1,-1,-1,-1,0,0
747,13705,13705,-1,-1,-1,-1,-1,-1,-1,-1,-1,-1,0,0
748,13715,13715,-1,-1,-1,-1,-1,-1,-1,-1,-1,-1,0,0
749,13725,13725,-1,-1,-1,-1,-1,-1,-1,-1,-1,-1,0,0
750,13734,13734,-1,-1,-1,-1,-1,-1,-1,-1,-1,-1,0,0
751,13744,13744,-1,-1,-1,-1,-1,-1,-1,-1,-1,-1,0,0
752,13757,13757,-1,-1,-1,-1,-1,-1,-1,-1,-1,-1,0,0
753,13767,13767,-1,-1,-1,-1,-1,-1,-1,-1,-1,-1,0,0
754,13776,13776,-1,-1,-1,-1,-1,-1,-1,-1,-1,-1,0,0
755,13786,13786,-1,-1,-1,-1,-1,-1,-1,-1,-1,-1,0,0
756,13796,13796,-1,-1,-1,-1,-1,-1,-1,-1,-1,-1,0,0
757,13805,13805,-1,-1,-1,-1,-1,-1,-1,-1,-1,-1,0,0
758,13815,13815,-1,-1,-1,-1,-1,-1,-1,-1,-1,-1,0,0
759,13825,13825,-1,-1,-1,-1,-1,-1,-1,-1,-1,-1,0,0
760,13834,13834,-1,-1,-1,-1,-1,-1,-1,-1,-1,-1,0,0
761,13844,13844,-1,-1,-1,-1,-1,-1,-1,-1,-1,-1,0,0
762,13854,13854,-1,-1,-1,-1,-1,-1,-1,-1,-1,-1,0,0
763,13864,13864,-1,-1,-1,-1,-1,-1,-1,-1,-1,-1,0,0
764,13873,13873,-1,-1,-1,-1,-1,-1,-1,-1,-1,-1,0,0
765,13886,13886,-1,-1,-1,-1,-1,-1,-1,-1,-1,-1,0,0
766,13896,13896,-1,-1,-1,-1,-1,-1,-1,-1,-1,-1,0,0
767,13906,13906,-1,-1,-1,-1,-1,-1,-1,-1,-1,-1,0,0
768,13916,13916,-1,-1,-1,-1,-1,-1,-1,-1,-1,-1,0,0
769,13926,13926,-1,-1,-1,-1,-1,-1,-1,-1,-1,-1,0,0
770,13936,13936,-1,-1,-1,-1,-1,-1,-1,-1,-1,-1,0,0
771,13946,13946,-1,-1,-1,-1,-1,-1,-1,-1,-1,-1,0,0
772,13955,13955,-1,-1,-1,-1,-1,-1,-1,-1,-1,-1,0,0
773,13965,13965,-1,-1,-1,-1,-1,-1,-1,-1,-1,-1,0,0
774,13975,13975,-1,-1,-1,-1,-1,-1,-1,-1,-1,-1,0,0
775,13985,13985,-1,-1,-1,-1,-1,-1,-1,-1,-1,-1,0,0
776,13995,13995,-1,-1,-1,-1,-1,-1,-1,-1,-1,-1,0,0
777,14005,14005,-1,-1,-1,-1,-1,-1,-1,-1,-1,-1,0,0
778,14018,14018,-1,-1,-1,-1,-1,-1,-1,-1,-1,-1,0,0
779,14027,14027,-1,-1,-1,-1,-1,-1,-1,-1,-1,-1,0,0
780,14037,14037,-1,-1,-1,-1,-1,-1,-1,-1,-1,-1,0,0
781,14047,14047,-1,-1,-1,-1,-1,-1,-1,-1,-1,-1,0,0
782,14057,14057,-1,-1,-1,-1,-1,-1,-1,-1,-1,-1,0,0
783,14067,14067,-1,-1,-1,-1,-1,-1,-1,-1,-1,-1,0,0
784,14077,14077,-1,-1,-1,-1,-1,-1,-1,-1,-1,-1,0,0
785,14087,14087,-1,-1,-1,-1,-1,-1,-1,-1,-1,-1,0,0
786,14097,14097,-1,-1,-1,-1,-1,-1,-1,-1,-1,-1,0,0
787,14106,14106,-1,-1,-1,-1,-1,-1,-1,-1,-1,-1,0,0
788,14116,14116,-1,-1,-1,-1,-1,-1,-1,-1,-1,-1,0,0
789,14126,14126,-1,-1,-1,-1,-1,-1,-1,-1,-1,-1,0,0
790,14136,14136,-1,-1,-1,-1,-1,-1,-1,-1,-1,-1,0,0
791,14149,14149,-1,-1,-1,-1,-1,-1,-1,-1,-1,-1,0,0
792,14159,14159,-1,-1,-1,-1,-1,-1,-1,-1,-1,-1,0,0
793,14169,14169,-1,-1,-1,-1,-1,-1,-1,-1,-1,-1,0,0
794,14179,14179,-1,-1,-1,-1,-1,-1,-1,-1,-1,-1,0,0
795,14189,14189,-1,-1,-1,-1,-1,-1,-1,-1,-1,-1,0,0
796,14198,14199,-1,-1,-1,-1,-1,-1,-1,-1,-1,-1,0,0
797,14208,14208,-1,-1,-1,-1,-1,-1,-1,-1,-1,-1,0,0
798,14218,14218,-1,-1,-1,-1,-1,-1,-1,-1,-1,-1,0,0
799,14228,14228,-1,-1,-1,-1,-1,-1,-1,-1,-1,-1,0,0
800,14238,14238,-1,-1,-1,-1,-1,-1,-1,-1,-1,-1,0,0
801,14248,14248,-1,-1,-1,-1,-1,-1,-1,-1,-1,-1,0,0
802,14258,14258,-1,-1,-1,-1,-1,-1,-1,-1,-1,-1,0,0
803,14268,14268,-1,-1,-1,-1,-1,-1,-1,-1,-1,-1,0,0
804,14281,14281,-1,-1,-1,-1,-1,-1,-1,-1,-1,-1,0,0
805,14290,14290,-1,-1,-1,-1,-1,-1,-1,-1,-1,-1,0,0
806,14300,14300,-1,-1,-1,-1,-1,-1,-1,-1,-1,-1,0,0
807,14310,14310,-1,-1,-1,-1,-1,-1,-1,-1,-1,-1,0,0
808,14320,14320,-1,-1,-1,-1,-1,-1,-1,-1,-1,-1,0,0
809,14330,14330,-1,-1,-1,-1,-1,-1,-1,-1,-1,-1,0,0
810,14340,14340,-1,-1,-1,-1,-1,-1,-1,-1,-1,-1,0,0
811,14350,14350,-1,-1,-1,-1,-1,-1,-1,-1,-1,-1,0,0
812,14360,14360,-1,-1,-1,-1,-1,-1,-1,-1,-1,-1,0,0
813,14369,14369,-1,-1,-1,-1,-1,-1,-1,-1,-1,-1,0,0
814,14379,14379,-1,-1,-1,-1,-1,-1,-1,-1,-1,-1,0,0
815,14389,14389,-1,-1,-1,-1,-1,-1,-1,-1,-1,-1,0,0
816,14399,14399,-1,-1,-1,-1,-1,-1,-1,-1,-1,-1,0,0
817,14412,14412,-1,-1,-1,-1,-1,-1,-1,-1,-1,-1,0,0
818,14422,14422,-1,-1,-1,-1,-1,-1,-1,-1,-1,-1,0,0
819,14432,14432,-1,-1,-1,-1,-1,-1,-1,-1,-1,-1,0,0
820,14442,14442,-1,-1,-1,-1,-1,-1,-1,-1,-1,-1,0,0
821,14452,14452,-1,-1,-1,-1,-1,-1,-1,-1,-1,-1,0,0
822,14462,14462,-1,-1,-1,-1,-1,-1,-1,-1,-1,-1,0,0
823,14472,14472,-1,-1,-1,-1,-1,-1,-1,-1,-1,-1,0,0
824,14482,14482,-1,-1,-1,-1,-1,-1,-1,-1,-1,-1,0,0
825,14491,14491,-1,-1,-1,-1,-1,-1,-1,-1,-1,-1,0,0
826,14501,14501,-1,-1,-1,-1,-1,-1,-1,-1,-1,-1,0,0
827,14511,14511,-1,-1,-1,-1,-1,-1,-1,-1,-1,-1,0,0
828,14521,14521,-1,-1,-1,-1,-1,-1,-1,-1,-1,-1,0,0
829,14531,14531,-1,-1,-1,-1,-1,-1,-1,-1,-1,-1,0,0
830,14540,14540,-1,-1,-1,-1,-1,-1,-1,-1,-1,-1,0,0
831,14554,14554,-1,-1,-1,-1,-1,-1,-1,-1,-1,-1,0,0
832,14563,14563,-1,-1,-1,-1,-1,-1,-1,-1,-1,-1,0,0
833,14573,14573,-1,-1,-1,-1,-1,-1,-1,-1,-1,-1,0,0
834,14583,14583,-1,-1,-1,-1,-1,-1,-1,-1,-1,-1,0,0
835,14593,14593,-1,-1,-1,-1,-1,-1,-1,-1,-1,-1,0,0
836,14603,14603,-1,-1,-1,-1,-1,-1,-1,-1,-1,-1,0,0
837,14613,14613,-1,-1,-1,-1,-1,-1,-1,-1,-1,-1,0,0
838,14623,14623,-1,-1,-1,-1,-1,-1,-1,-1,-1,-1,0,0
839,14633,14633,-1,-1,-1,-1,-1,-1,-1,-1,-1,-1,0,0
840,14642,14642,-1,-1,-1,-1,-1,-1,-1,-1,-1,-1,0,0
841,14652,14652,-1,-1,-1,-1,-1,-1,-1,-1,-1,-1,0,0
842,14662,14662,-1,-1,-1,-1,-1,-1,-1,-1,-1,-1,0,0
843,14672,14672,-1,-1,-1,-1,-1,-1,-1,-1,-1,-1,0,0
844,14685,14685,-1,-1,-1,-1,-1,-1,-1,-1,-1,-1,0,0
845,14694,14694,-1,-1,-1,-1,-1,-1,-1,-1,-1,-1,0,0
846,14704,14704,-1,-1,-1,-1,-1,-1,-1,-1,-1,-1,0,0
847,14714,14714,-1,-1,-1,-1,-1,-1,-1,-1,-1,-1,0,0
848,14724,14724,-1,-1,-1,-1,-1,-1,-1,-1,-1,-1,0,0
849,14733,14733,-1,-1,-1,-1,-1,-1,-1,-1,-1,-1,0,0
850,14743,14743,-1,-1,-1,-1,-1,-1,-1,-1,-1,-1,0,0
851,14753,14753,-1,-1,-1,-1,-1,-1,-1,-1,-1,-1,0,0
852,14762,14762,-1,-1,-1,-1,-1,-1,-1,-1,-1,-1,0,0
853,14772,14772,-1,-1,-1,-1,-1,-1,-1,-1,-1,-1,0,0
854,14782,14782,-1,-1,-1,-1,-1,-1,-1,-1,-1,-1,0,0
855,14792,14792,-1,-1,-1,-1,-1,-1,-1,-1,-1,-1,0,0
856,14801,14801,-1,-1,-1,-1,-1,-1,-1,-1,-1,-1,0,0
857,14814,14814,-1,-1,-1,-1,-1,-1,-1,-1,-1,-1,0,0
858,14824,14824,-1,-1,-1,-1,-1,-1,-1,-1,-1,-1,0,0
859,14833,14833,-1,-1,-1,-1,-1,-1,-1,-1,-1,-1,0,0
860,14843,14843,-1,-1,-1,-1,-1,-1,-1,-1,-1,-1,0,0
861,14853,14853,-1,-1,-1,-1,-1,-1,-1,-1,-1,-1,0,0
862,14862,14862,-1,-1,-1,-1,-1,-1,-1,-1,-1,-1,0,0
863,14872,14872,-1,-1,-1,-1,-1,-1,-1,-1,-1,-1,0,0
864,14882,14882,-1,-1,-1,-1,-1,-1,-1,-1,-1,-1,0,0
865,14894,14894,-1,-1,-1,-1,-1,-1,-1,-1,-1,-1,0,0
866,14903,14903,-1,-1,-1,-1,-1,-1,-1,-1,-1,-1,0,0
867,14913,14913,-1,-1,-1,-1,-1,-1,-1,-1,-1,-1,0,0
868,14923,14923,-1,-1,-1,-1,-1,-1,-1,-1,-1,-1,0,0
869,14933,14933,-1,-1,-1,-1,-1,-1,-1,-1,-1,-1,0,0
870,14945,14945,-1,-1,-1,-1,-1,-1,-1,-1,-1,-1,0,0
871,14955,14955,-1,-1,-1,-1,-1,-1,-1,-1,-1,-1,0,0
872,14965,14965,-1,-1,-1,-1,-1,-1,-1,-1,-1,-1,0,0
873,14975,14975,-1,-1,-1,-1,-1,-1,-1,-1,-1,-1,0,0
874,14985,14985,-1,-1,-1,-1,-1,-1,-1,-1,-1,-1,0,0
875,14994,14994,-1,-1,-1,-1,-1,-1,-1,-1,-1,-1,0,0
876,15004,15004,-1,-1,-1,-1,-1,-1,-1,-1,-1,-1,0,0
877,15014,15014,-1,-1,-1,-1,-1,-1,-1,-1,-1,-1,0,0
878,15024,15024,-1,-1,-1,-1,-1,-1,-1,-1,-1,-1,0,0
879,15034,15034,-1,-1,-1,-1,-1,-1,-1,-1,-1,-1,0,0
880,15044,15044,-1,-1,-1,-1,-1,-1,-1,-1,-1,-1,0,0
881,15054,15054,-1,-1,-1,-1,-1,-1,-1,-1,-1,-1,0,0
882,15064,15064,-1,-1,-1,-1,-1,-1,-1,-1,-1,-1,0,0
883,15076,15076,-1,-1,-1,-1,-1,-1,-1,-1,-1,-1,0,0
884,15086,15086,-1,-1,-1,-1,-1,-1,-1,-1,-1,-1,0,0
885,15096,15096,-1,-1,-1,-1,-1,-1,-1,-1,-1,-1,0,0
886,15106,15106,-1,-1,-1,-1,-1,-1,-1,-1,-1,-1,0,0
887,15116,15116,-1,-1,-1,-1,-1,-1,-1,-1,-1,-1,0,0
888,15126,15126,-1,-1,-1,-1,-1,-1,-1,-1,-1,-1,0,0
889,15136,15136,-1,-1,-1,-1,-1,-1,-1,-1,-1,-1,0,0
890,15146,15146,-1,-1,-1,-1,-1,-1,-1,-1,-1,-1,0,0
891,15155,15155,-1,-1,-1,-1,-1,-1,-1,-1,-1,-1,0,0
892,15166,15166,-1,-1,-1,-1,-1,-1,-1,-1,-1,-1,0,0
893,15175,15175,-1,-1,-1,-1,-1,-1,-1,-1,-1,-1,0,0
894,15185,15185,-1,-1,-1,-1,-1,-1,-1,-1,-1,-1,0,0
895,15195,15195,-1,-1,-1,-1,-1,-1,-1,-1,-1,-1,0,0
896,15208,15208,-1,-1,-1,-1,-1,-1,-1,-1,-1,-1,0,0
897,15218,15218,-1,-1,-1,-1,-1,-1,-1,-1,-1,-1,0,0
898,15228,15228,-1,-1,-1,-1,-1,-1,-1,-1,-1,-1,0,0
899,15238,15238,-1,-1,-1,-1,-1,-1,-1,-1,-1,-1,0,0
900,15248,15248,-1,-1,-1,-1,-1,-1,-1,-1,-1,-1,0,0
901,15258,15258,-1,-1,-1,-1,-1,-1,-1,-1,-1,-1,0,0
902,15267,15267,-1,-1,-1,-1,-1,-1,-1,-1,-1,-1,0,0
903,15277,15277,-1,-1,-1,-1,-1,-1,-1,-1,-1,-1,0,0
904,15287,15287,-1,-1,-1,-1,-1,-1,-1,-1,-1,-1,0,0
905,15297,15297,-1,-1,-1,-1,-1,-1,-1,-1,-1,-1,0,0
906,15307,15307,-1,-1,-1,-1,-1,-1,-1,-1,-1,-1,0,0
907,15317,15317,-1,-1,-1,-1,-1,-1,-1,-1,-1,-1,0,0
908,15327,15327,-1,-1,-1,-1,-1,-1,-1,-1,-1,-1,0,0
909,15339,15339,-1,-1,-1,-1,-1,-1,-1,-1,-1,-1,0,0
910,15349,15349,-1,-1,-1,-1,-1,-1,-1,-1,-1,-1,0,0
911,15359,15359,-1,-1,-1,-1,-1,-1,-1,-1,-1,-1,0,0
912,15369,15369,-1,-1,-1,-1,-1,-1,-1,-1,-1,-1,0,0
913,15379,15379,-1,-1,-1,-1,-1,-1,-1,-1,-1,-1,0,0
914,15389,15389,-1,-1,-1,-1,-1,-1,-1,-1,-1,-1,0,0
915,15399,15399,-1,-1,-1,-1,-1,-1,-1,-1,-1,-1,0,0
916,15409,15409,-1,-1,-1,-1,-1,-1,-1,-1,-1,-1,0,0
917,15419,15419,-1,-1,-1,-1,-1,-1,-1,-1,-1,-1,0,0
918,15428,15428,-1,-1,-1,-1,-1,-1,-1,-1,-1,-1,0,0
919,15438,15438,-1,-1,-1,-1,-1,-1,-1,-1,-1,-1,0,0
920,15448,15448,-1,-1,-1,-1,-1,-1,-1,-1,-1,-1,0,0
921,15458,15458,-1,-1,-1,-1,-1,-1,-1,-1,-1,-1,0,0
922,15468,15468,-1,-1,-1,-1,-1,-1,-1,-1,-1,-1,0,0
923,15476,15476,-1,-1,-1,-1,-1,-1,-1,-1,-1,-1,0,0
924,15486,15486,-1,-1,-1,-1,-1,-1,-1,-1,-1,-1,0,0
925,15496,15496,-1,-1,-1,-1,-1,-1,-1,-1,-1,-1,0,0
926,15506,15506,-1,-1,-1,-1,-1,-1,-1,-1,-1,-1,0,0
927,15516,15516,-1,-1,-1,-1,-1,-1,-1,-1,-1,-1,0,0
928,15525,15525,-1,-1,-1,-1,-1,-1,-1,-1,-1,-1,0,0
929,15535,15535,-1,-1,-1,-1,-1,-1,-1,-1,-1,-1,0,0
930,15545,15545,-1,-1,-1,-1,-1,-1,-1,-1,-1,-1,0,0
931,15555,15555,-1,-1,-1,-1,-1,-1,-1,-1,-1,-1,0,0
932,15565,15565,-1,-1,-1,-1,-1,-1,-1,-1,-1,-1,0,0
933,15575,15575,-1,-1,-1,-1,-1,-1,-1,-1,-1,-1,0,0
934,15585,15585,-1,-1,-1,-1,-1,-1,-1,-1,-1,-1,0,0
935,15595,15595,-1,-1,-1,-1,-1,-1,-1,-1,-1,-1,0,0
936,15608,15608,-1,-1,-1,-1,-1,-1,-1,-1,-1,-1,0,0
937,15618,15618,-1,-1,-1,-1,-1,-1,-1,-1,-1,-1,0,0
938,15627,15627,-1,-1,-1,-1,-1,-1,-1,-1,-1,-1,0,0
939,15637,15637,-1,-1,-1,-1,-1,-1,-1,-1,-1,-1,0,0
940,15647,15647,-1,-1,-1,-1,-1,-1,-1,-1,-1,-1,0,0
941,15657,15657,-1,-1,-1,-1,-1,-1,-1,-1,-1,-1,0,0
942,15667,15667,-1,-1,-1,-1,-1,-1,-1,-1,-1,-1,0,0
943,15677,15677,-1,-1,-1,-1,-1,-1,-1,-1,-1,-1,0,0
944,15687,15687,-1,-1,-1,-1,-1,-1,-1,-1,-1,-1,0,0
945,15696,15696,-1,-1,-1,-1,-1,-1,-1,-1,-1,-1,0,0
946,15706,15706,-1,-1,-1,-1,-1,-1,-1,-1,-1,-1,0,0
947,15716,15716,-1,-1,-1,-1,-1,-1,-1,-1,-1,-1,0,0
948,15726,15726,-1,-1,-1,-1,-1,-1,-1,-1,-1,-1,0,0
949,15739,15739,-1,-1,-1,-1,-1,-1,-1,-1,-1,-1,0,0
950,15749,15749,-1,-1,-1,-1,-1,-1,-1,-1,-1,-1,0,0
951,15758,15758,-1,-1,-1,-1,-1,-1,-1,-1,-1,-1,0,0
952,15768,15768,-1,-1,-1,-1,-1,-1,-1,-1,-1,-1,0,0
953,15778,15778,-1,-1,-1,-1,-1,-1,-1,-1,-1,-1,0,0
954,15788,15788,-1,-1,-1,-1,-1,-1,-1,-1,-1,-1,0,0
955,15797,15797,-1,-1,-1,-1,-1,-1,-1,-1,-1,-1,0,0
956,15807,15807,-1,-1,-1,-1,-1,-1,-1,-1,-1,-1,0,0
957,15817,15817,-1,-1,-1,-1,-1,-1,-1,-1,-1,-1,0,0
958,15827,15827,-1,-1,-1,-1,-1,-1,-1,-1,-1,-1,0,0
959,15836,15836,-1,-1,-1,-1,-1,-1,-1,-1,-1,-1,0,0
960,15846,15846,-1,-1,-1,-1,-1,-1,-1,-1,-1,-1,0,0
961,15856,15856,-1,-1,-1,-1,-1,-1,-1,-1,-1,-1,0,0
962,15868,15868,-1,-1,-1,-1,-1,-1,-1,-1,-1,-1,0,0
963,15878,15878,-1,-1,-1,-1,-1,-1,-1,-1,-1,-1,0,0
964,15888,15888,-1,-1,-1,-1,-1,-1,-1,-1,-1,-1,0,0
965,15897,15897,-1,-1,-1,-1,-1,-1,-1,-1,-1,-1,0,0
966,15907,15907,-1,-1,-1,-1,-1,-1,-1,-1,-1,-1,0,0
967,15917,15917,-1,-1,-1,-1,-1,-1,-1,-1,-1,-1,0,0
968,15926,15926,-1,-1,-1,-1,-1,-1,-1,-1,-1,-1,0,0
969,15936,15936,-1,-1,-1,-1,-1,-1,-1,-1,-1,-1,0,0
970,15946,15946,-1,-1,-1,-1,-1,-1,-1,-1,-1,-1,0,0
971,15956,15956,-1,-1,-1,-1,-1,-1,-1,-1,-1,-1,0,0
972,15965,15965,-1,-1,-1,-1,-1,-1,-1,-1,-1,-1,0,0
973,15975,15975,-1,-1,-1,-1,-1,-1,-1,-1,-1,-1,0,0
974,15985,15985,-1,-1,-1,-1,-1,-1,-1,-1,-1,-1,0,0
975,15997,15997,-1,-1,-1,-1,-1,-1,-1,-1,-1,-1,0,0
976,16007,16007,-1,-1,-1,-1,-1,-1,-1,-1,-1,-1,0,0
977,16017,16017,-1,-1,-1,-1,-1,-1,-1,-1,-1,-1,0,0
978,16027,16027,-1,-1,-1,-1,-1,-1,-1,-1,-1,-1,0,0
979,16037,16037,-1,-1,-1,-1,-1,-1,-1,-1,-1,-1,0,0
980,16047,16047,-1,-1,-1,-1,-1,-1,-1,-1,-1,-1,0,0
981,16057,16057,-1,-1,-1,-1,-1,-1,-1,-1,-1,-1,0,0
982,16067,16067,-1,-1,-1,-1,-1,-1,-1,-1,-1,-1,0,0
983,16077,16077,-1,-1,-1,-1,-1,-1,-1,-1,-1,-1,0,0
984,16087,16087,-1,-1,-1,-1,-1,-1,-1,-1,-1,-1,0,0
985,16097,16097,-1,-1,-1,-1,-1,-1,-1,-1,-1,-1,0,0
986,16109,16109,-1,-1,-1,-1,-1,-1,-1,-1,-1,-1,0,0
987,16118,16118,-1,-1,-1,-1,-1,-1,-1,-1,-1,-1,0,0
988,16131,16131,-1,-1,-1,-1,-1,-1,-1,-1,-1,-1,0,0
989,16141,16141,-1,-1,-1,-1,-1,-1,-1,-1,-1,-1,0,0
990,16151,16151,-1,-1,-1,-1,-1,-1,-1,-1,-1,-1,0,0
991,16161,16161,-1,-1,-1,-1,-1,-1,-1,-1,-1,-1,0,0
992,16171,16171,-1,-1,-1,-1,-1,-1,-1,-1,-1,-1,0,0
993,16181,16181,-1,-1,-1,-1,-1,-1,-1,-1,-1,-1,0,0
994,16191,16191,-1,-1,-1,-1,-1,-1,-1,-1,-1,-1,0,0
995,16201,16201,-1,-1,-1,-1,-1,-1,-1,-1,-1,-1,0,0
996,16211,16211,-1,-1,-1,-1,-1,-1,-1,-1,-1,-1,0,0
997,16220,16220,-1,-1,-1,-1,-1,-1,-1,-1,-1,-1,0,0
998,16230,16230,-1,-1,-1,-1,-1,-1,-1,-1,-1,-1,0,0
999,16240,16240,-1,-1,-1,-1,-1,-1,-1,-1,-1,-1,0,0
1000,16250,16250,-1,-1,-1,-1,-1,-1,-1,-1,-1,-1,0,0
1001,16263,16263,-1,-1,-1,-1,-1,-1,-1,-1,-1,-1,0,0
1002,16273,16273,-1,-1,-1,-1,-1,-1,-1,-1,-1,-1,0,0
1003,16283,16283,-1,-1,-1,-1,-1,-1,-1,-1,-1,-1,0,0
1004,16293,16293,-1,-1,-1,-1,-1,-1,-1,-1,-1,-1,0,0
1005,16302,16302,-1,-1,-1,-1,-1,-1,-1,-1,-1,-1,0,0
1006,16312,16312,-1,-1,-1,-1,-1,-1,-1,-1,-1,-1,0,0
1007,16322,16322,-1,-1,-1,-1,-1,-1,-1,-1,-1,-1,0,0
1008,16332,16332,-1,-1,-1,-1,-1,-1,-1,-1,-1,-1,0,0
1009,16342,16342,-1,-1,-1,-1,-1,-1,-1,-1,-1,-1,0,0
1010,16352,16352,-1,-1,-1,-1,-1,-1,-1,-1,-1,-1,0,0
1011,16362,16362,-1,-1,-1,-1,-1,-1,-1,-1,-1,-1,0,0
1012,16372,16372,-1,-1,-1,-1,-1,-1,-1,-1,-1,-1,0,0
1013,16382,16382,-1,-1,-1,-1,-1,-1,-1,-1,-1,-1,0,0
1014,16395,16395,-1,-1,-1,-1,-1,-1,-1,-1,-1,-1,0,0
1015,16404,16404,-1,-1,-1,-1,-1,-1,-1,-1,-1,-1,0,0
1016,16414,16414,-1,-1,-1,-1,-1,-1,-1,-1,-1,-1,0,0
1017,16424,16424,-1,-1,-1,-1,-1,-1,-1,-1,-1,-1,0,0
1018,16434,16434,-1,-1,-1,-1,-1,-1,-1,-1,-1,-1,0,0
1019,16444,16444,-1,-1,-1,-1,-1,-1,-1,-1,-1,-1,0,0
1020,16454,16454,-1,-1,-1,-1,-1,-1,-1,-1,-1,-1,0,0
1021,16464,16464,-1,-1,-1,-1,-1,-1,-1,-1,-1,-1,0,0
1022,16473,16473,-1,-1,-1,-1,-1,-1,-1,-1,-1,-1,0,0
1023,16483,16483,-1,-1,-1,-1,-1,-1,-1,-1,-1,-1,0,0
1024,16493,16493,-1,-1,-1,-1,-1,-1,-1,-1,-1,-1,0,0
1025,16503,16503,-1,-1,-1,-1,-1,-1,-1,-1,-1,-1,0,0
1026,16513,16513,-1,-1,-1,-1,-1,-1,-1,-1,-1,-1,0,0
1027,16523,16523,-1,-1,-1,-1,-1,-1,-1,-1,-1,-1,0,0
1028,16536,16536,-1,-1,-1,-1,-1,-1,-1,-1,-1,-1,0,0
1029,16546,16546,-1,-1,-1,-1,-1,-1,-1,-1,-1,-1,0,0
1030,16556,16556,-1,-1,-1,-1,-1,-1,-1,-1,-1,-1,0,0
1031,16566,16566,-1,-1,-1,-1,-1,-1,-1,-1,-1,-1,0,0
1032,16575,16575,-1,-1,-1,-1,-1,-1,-1,-1,-1,-1,0,0
1033,16585,16585,-1,-1,-1,-1,-1,-1,-1,-1,-1,-1,0,0
1034,16595,16595,-1,-1,-1,-1,-1,-1,-1,-1,-1,-1,0,0
1035,16605,16605,-1,-1,-1,-1,-1,-1,-1,-1,-1,-1,0,0
1036,16615,16615,-1,-1,-1,-1,-1,-1,-1,-1,-1,-1,0,0
1037,16625,16625,-1,-1,-1,-1,-1,-1,-1,-1,-1,-1,0,0
1038,16635,16635,-1,-1,-1,-1,-1,-1,-1,-1,-1,-1,0,0
1039,16645,16645,-1,-1,-1,-1,-1,-1,-1,-1,-1,-1,0,0
1040,16655,16655,-1,-1,-1,-1,-1,-1,-1,-1,-1,-1,0,0
1041,16668,16668,-1,-1,-1,-1,-1,-1,-1,-1,-1,-1,0,0
1042,16677,16677,-1,-1,-1,-1,-1,-1,-1,-1,-1,-1,0,0
1043,16687,16687,-1,-1,-1,-1,-1,-1,-1,-1,-1,-1,0,0
1044,16697,16697,-1,-1,-1,-1,-1,-1,-1,-1,-1,-1,0,0
1045,16707,16707,-1,-1,-1,-1,-1,-1,-1,-1,-1,-1,0,0
1046,16717,16717,-1,-1,-1,-1,-1,-1,-1,-1,-1,-1,0,0
1047,16727,16727,-1,-1,-1,-1,-1,-1,-1,-1,-1,-1,0,0
1048,16737,16737,-1,-1,-1,-1,-1,-1,-1,-1,-1,-1,0,0
1049,16747,16747,-1,-1,-1,-1,-1,-1,-1,-1,-1,-1,0,0
1050,16756,16756,-1,-1,-1,-1,-1,-1,-1,-1,-1,-1,0,0
1051,16766,16766,-1,-1,-1,-1,-1,-1,-1,-1,-1,-1,0,0
1052,16776,16776,-1,-1,-1,-1,-1,-1,-1,-1,-1,-1,0,0
1053,16786,16786,-1,-1,-1,-1,-1,-1,-1,-1,-1,-1,0,0
1054,16799,16799,-1,-1,-1,-1,-1,-1,-1,-1,-1,-1,0,0
1055,16808,16808,-1,-1,-1,-1,-1,-1,-1,-1,-1,-1,0,0
1056,16818,16818,-1,-1,-1,-1,-1,-1,-1,-1,-1,-1,0,0
1057,16828,16828,-1,-1,-1,-1,-1,-1,-1,-1,-1,-1,0,0
1058,16838,16838,-1,-1,-1,-1,-1,-1,-1,-1,-1,-1,0,0
1059,16847,16847,-1,-1,-1,-1,-1,-1,-1,-1,-1,-1,0,0
1060,16857,16857,-1,-1,-1,-1,-1,-1,-1,-1,-1,-1,0,0
1061,16866,16866,-1,-1,-1,-1,-1,-1,-1,-1,-1,-1,0,0
1062,16876,16876,-1,-1,-1,-1,-1,-1,-1,-1,-1,-1,0,0
1063,16886,16886,-1,-1,-1,-1,-1,-1,-1,-1,-1,-1,0,0
1064,16896,16896,-1,-1,-1,-1,-1,-1,-1,-1,-1,-1,0,0
1065,16905,16905,-1,-1,-1,-1,-1,-1,-1,-1,-1,-1,0,0
1066,16915,16915,-1,-1,-1,-1,-1,-1,-1,-1,-1,-1,0,0
1067,16935,16935,-1,-1,-1,-1,-1,-1,-1,-1,-1,-1,0,0
1068,16945,16945,-1,-1,-1,-1,-1,-1,-1,-1,-1,-1,0,0
1069,16955,16955,-1,-1,-1,-1,-1,-1,-1,-1,-1,-1,0,0
1070,16965,16965,-1,-1,-1,-1,-1,-1,-1,-1,-1,-1,0,0
1071,16975,16975,-1,-1,-1,-1,-1,-1,-1,-1,-1,-1,0,0
1072,16984,16984,-1,-1,-1,-1,-1,-1,-1,-1,-1,-1,0,0
1073,16994,16994,-1,-1,-1,-1,-1,-1,-1,-1,-1,-1,0,0
1074,17004,17004,-1,-1,-1,-1,-1,-1,-1,-1,-1,-1,0,0
1075,17013,17013,-1,-1,-1,-1,-1,-1,-1,-1,-1,-1,0,0
1076,17023,17023,-1,-1,-1,-1,-1,-1,-1,-1,-1,-1,0,0
1077,17033,17033,-1,-1,-1,-1,-1,-1,-1,-1,-1,-1,0,0
1078,17042,17042,-1,-1,-1,-1,-1,-1,-1,-1,-1,-1,0,0
1079,17052,17052,-1,-1,-1,-1,-1,-1,-1,-1,-1,-1,0,0
1080,17065,17065,-1,-1,-1,-1,-1,-1,-1,-1,-1,-1,0,0
1081,17075,17075,-1,-1,-1,-1,-1,-1,-1,-1,-1,-1,0,0
1082,17084,17084,-1,-1,-1,-1,-1,-1,-1,-1,-1,-1,0,0
1083,17094,17094,-1,-1,-1,-1,-1,-1,-1,-1,-1,-1,0,0
1084,17104,17104,-1,-1,-1,-1,-1,-1,-1,-1,-1,-1,0,0
1085,17114,17114,-1,-1,-1,-1,-1,-1,-1,-1,-1,-1,0,0
1086,17124,17124,-1,-1,-1,-1,-1,-1,-1,-1,-1,-1,0,0
1087,17134,17134,-1,-1,-1,-1,-1,-1,-1,-1,-1,-1,0,0
1088,17144,17144,-1,-1,-1,-1,-1,-1,-1,-1,-1,-1,0,0
1089,17153,17153,-1,-1,-1,-1,-1,-1,-1,-1,-1,-1,0,0
1090,17163,17163,-1,-1,-1,-1,-1,-1,-1,-1,-1,-1,0,0
1091,17173,17173,-1,-1,-1,-1,-1,-1,-1,-1,-1,-1,0,0
1092,17183,17183,-1,-1,-1,-1,-1,-1,-1,-1,-1,-1,0,0
1093,17196,17196,-1,-1,-1,-1,-1,-1,-1,-1,-1,-1,0,0
1094,17206,17206,-1,-1,-1,-1,-1,-1,-1,-1,-1,-1,0,0
1095,17216,17216,-1,-1,-1,-1,-1,-1,-1,-1,-1,-1,0,0
1096,17225,17225,-1,-1,-1,-1,-1,-1,-1,-1,-1,-1,0,0
1097,17235,17235,-1,-1,-1,-1,-1,-1,-1,-1,-1,-1,0,0
1098,17245,17245,-1,-1,-1,-1,-1,-1,-1,-1,-1,-1,0,0
1099,17255,17255,-1,-1,-1,-1,-1,-1,-1,-1,-1,-1,0,0
1100,17265,17265,-1,-1,-1,-1,-1,-1,-1,-1,-1,-1,0,0
1101,17275,17275,-1,-1,-1,-1,-1,-1,-1,-1,-1,-1,0,0
1102,17285,17285,-1,-1,-1,-1,-1,-1,-1,-1,-1,-1,0,0
1103,17295,17295,-1,-1,-1,-1,-1,-1,-1,-1,-1,-1,0,0
1104,17304,17304,-1,-1,-1,-1,-1,-1,-1,-1,-1,-1,0,0
1105,17314,17314,-1,-1,-1,-1,-1,-1,-1,-1,-1,-1,0,0
1106,17329,17329,-1,-1,-1,-1,-1,-1,-1,-1,-1,-1,0,0
1107,17339,17339,-1,-1,-1,-1,-1,-1,-1,-1,-1,-1,0,0
1108,17349,17349,-1,-1,-1,-1,-1,-1,-1,-1,-1,-1,0,0
1109,17359,17359,-1,-1,-1,-1,-1,-1,-1,-1,-1,-1,0,0
1110,17369,17369,-1,-1,-1,-1,-1,-1,-1,-1,-1,-1,0,0
1111,17378,17378,-1,-1,-1,-1,-1,-1,-1,-1,-1,-1,0,0
1112,17388,17388,-1,-1,-1,-1,-1,-1,-1,-1,-1,-1,0,0
1113,17398,17398,-1,-1,-1,-1,-1,-1,-1,-1,-1,-1,0,0
1114,17408,17408,-1,-1,-1,-1,-1,-1,-1,-1,-1,-1,0,0
1115,17418,17418,-1,-1,-1,-1,-1,-1,-1,-1,-1,-1,0,0
1116,17428,17428,-1,-1,-1,-1,-1,-1,-1,-1,-1,-1,0,0
1117,17438,17438,-1,-1,-1,-1,-1,-1,-1,-1,-1,-1,0,0
1118,17447,17447,-1,-1,-1,-1,-1,-1,-1,-1,-1,-1,0,0
1119,17460,17460,-1,-1,-1,-1,-1,-1,-1,-1,-1,-1,0,0
1120,17470,17470,-1,-1,-1,-1,-1,-1,-1,-1,-1,-1,0,0
1121,17480,17480,-1,-1,-1,-1,-1,-1,-1,-1,-1,-1,0,0
1122,17490,17490,-1,-1,-1,-1,-1,-1,-1,-1,-1,-1,0,0
1123,17500,17500,-1,-1,-1,-1,-1,-1,-1,-1,-1,-1,0,0
1124,17510,17510,-1,-1,-1,-1,-1,-1,-1,-1,-1,-1,0,0
1125,17520,17520,-1,-1,-1,-1,-1,-1,-1,-1,-1,-1,0,0
1126,17529,17529,-1,-1,-1,-1,-1,-1,-1,-1,-1,-1,0,0
1127,17539,17539,-1,-1,-1,-1,-1,-1,-1,-1,-1,-1,0,0
1128,17549,17549,-1,-1,-1,-1,-1,-1,-1,-1,-1,-1,0,0
1129,17559,17559,-1,-1,-1,-1,-1,-1,-1,-1,-1,-1,0,0
1130,17569,17569,-1,-1,-1,-1,-1,-1,-1,-1,-1,-1,0,0
1131,17579,17579,-1,-1,-1,-1,-1,-1,-1,-1,-1,-1,0,0
1132,17589,17589,-1,-1,-1,-1,-1,-1,-1,-1,-1,-1,0,0
1133,17602,17602,-1,-1,-1,-1,-1,-1,-1,-1,-1,-1,0,0
1134,17611,17611,-1,-1,-1,-1,-1,-1,-1,-1,-1,-1,0,0
1135,17621,17621,-1,-1,-1,-1,-1,-1,-1,-1,-1,-1,0,0
1136,17631,17631,-1,-1,-1,-1,-1,-1,-1,-1,-1,-1,0,0
1137,17641,17641,-1,-1,-1,-1,-1,-1,-1,-1,-1,-1,0,0
1138,17651,17651,-1,-1,-1,-1,-1,-1,-1,-1,-1,-1,0,0
1139,17661,17661,-1,-1,-1,-1,-1,-1,-1,-1,-1,-1,0,0
1140,17671,17671,-1,-1,-1,-1,-1,-1,-1,-1,-1,-1,0,0
1141,17680,17680,-1,-1,-1,-1,-1,-1,-1,-1,-1,-1,0,0
1142,17690,17690,-1,-1,-1,-1,-1,-1,-1,-1,-1,-1,0,0
1143,17700,17700,-1,-1,-1,-1,-1,-1,-1,-1,-1,-1,0,0
1144,17710,17710,-1,-1,-1,-1,-1,-1,-1,-1,-1,-1,0,0
1145,17720,17720,-1,-1,-1,-1,-1,-1,-1,-1,-1,-1,0,0
1146,17733,17733,-1,-1,-1,-1,-1,-1,-1,-1,-1,-1,0,0
1147,17743,17743,-1,-1,-1,-1,-1,-1,-1,-1,-1,-1,0,0
1148,17753,17753,-1,-1,-1,-1,-1,-1,-1,-1,-1,-1,0,0
1149,17762,17762,-1,-1,-1,-1,-1,-1,-1,-1,-1,-1,0,0
1150,17772,17772,-1,-1,-1,-1,-1,-1,-1,-1,-1,-1,0,0
1151,17782,17782,-1,-1,-1,-1,-1,-1,-1,-1,-1,-1,0,0
1152,17792,17792,-1,-1,-1,-1,-1,-1,-1,-1,-1,-1,0,0
1153,17802,17802,-1,-1,-1,-1,-1,-1,-1,-1,-1,-1,0,0
1154,17812,17812,-1,-1,-1,-1,-1,-1,-1,-1,-1,-1,0,0
1155,17822,17822,-1,-1,-1,-1,-1,-1,-1,-1,-1,-1,0,0
1156,17831,17831,-1,-1,-1,-1,-1,-1,-1,-1,-1,-1,0,0
1157,17841,17841,-1,-1,-1,-1,-1,-1,-1,-1,-1,-1,0,0
1158,17851,17851,-1,-1,-1,-1,-1,-1,-1,-1,-1,-1,0,0
1159,17864,17864,-1,-1,-1,-1,-1,-1,-1,-1,-1,-1,0,0
1160,17873,17873,-1,-1,-1,-1,-1,-1,-1,-1,-1,-1,0,0
1161,17883,17883,-1,-1,-1,-1,-1,-1,-1,-1,-1,-1,0,0
1162,17893,17893,-1,-1,-1,-1,-1,-1,-1,-1,-1,-1,0,0
1163,17903,17903,-1,-1,-1,-1,-1,-1,-1,-1,-1,-1,0,0
1164,17912,17912,-1,-1,-1,-1,-1,-1,-1,-1,-1,-1,0,0
1165,17922,17922,-1,-1,-1,-1,-1,-1,-1,-1,-1,-1,0,0
1166,17932,17932,-1,-1,-1,-1,-1,-1,-1,-1,-1,-1,0,0
1167,17942,17942,-1,-1,-1,-1,-1,-1,-1,-1,-1,-1,0,0
1168,17951,17951,-1,-1,-1,-1,-1,-1,-1,-1,-1,-1,0,0
1169,17961,17961,-1,-1,-1,-1,-1,-1,-1,-1,-1,-1,0,0
1170,17971,17971,-1,-1,-1,-1,-1,-1,-1,-1,-1,-1,0,0
1171,17980,17980,-1,-1,-1,-1,-1,-1,-1,-1,-1,-1,0,0
1172,17993,17993,-1,-1,-1,-1,-1,-1,-1,-1,-1,-1,0,0
1173,18003,18003,-1,-1,-1,-1,-1,-1,-1,-1,-1,-1,0,0
1174,18012,18012,-1,-1,-1,-1,-1,-1,-1,-1,-1,-1,0,0
1175,18022,18022,-1,-1,-1,-1,-1,-1,-1,-1,-1,-1,0,0
1176,18032,18032,-1,-1,-1,-1,-1,-1,-1,-1,-1,-1,0,0
1177,18042,18042,-1,-1,-1,-1,-1,-1,-1,-1,-1,-1,0,0
1178,18051,18051,-1,-1,-1,-1,-1,-1,-1,-1,-1,-1,0,0
1179,18061,18061,-1,-1,-1,-1,-1,-1,-1,-1,-1,-1,0,0
1180,18071,18071,-1,-1,-1,-1,-1,-1,-1,-1,-1,-1,0,0
1181,18080,18080,-1,-1,-1,-1,-1,-1,-1,-1,-1,-1,0,0
1182,18090,18090,-1,-1,-1,-1,-1,-1,-1,-1,-1,-1,0,0
1183,18100,18100,-1,-1,-1,-1,-1,-1,-1,-1,-1,-1,0,0
1184,18109,18109,-1,-1,-1,-1,-1,-1,-1,-1,-1,-1,0,0
1185,18122,18122,-1,-1,-1,-1,-1,-1,-1,-1,-1,-1,0,0
1186,18132,18132,-1,-1,-1,-1,-1,-1,-1,-1,-1,-1,0,0
1187,18142,18142,-1,-1,-1,-1,-1,-1,-1,-1,-1,-1,0,0
1188,18152,18152,-1,-1,-1,-1,-1,-1,-1,-1,-1,-1,0,0
1189,18161,18161,-1,-1,-1,-1,-1,-1,-1,-1,-1,-1,0,0
1190,18171,18171,-1,-1,-1,-1,-1,-1,-1,-1,-1,-1,0,0
1191,18181,18181,-1,-1,-1,-1,-1,-1,-1,-1,-1,-1,0,0
1192,18191,18191,-1,-1,-1,-1,-1,-1,-1,-1,-1,-1,0,0
1193,18201,18201,-1,-1,-1,-1,-1,-1,-1,-1,-1,-1,0,0
1194,18211,18211,-1,-1,-1,-1,-1,-1,-1,-1,-1,-1,0,0
1195,18221,18221,-1,-1,-1,-1,-1,-1,-1,-1,-1,-1,0,0
1196,18231,18231,-1,-1,-1,-1,-1,-1,-1,-1,-1,-1,0,0
1197,18241,18241,-1,-1,-1,-1,-1,-1,-1,-1,-1,-1,0,0
1198,18253,18253,-1,-1,-1,-1,-1,-1,-1,-1,-1,-1,0,0
1199,18263,18263,-1,-1,-1,-1,-1,-1,-1,-1,-1,-1,0,0
1200,18273,18273,-1,-1,-1,-1,-1,-1,-1,-1,-1,-1,0,0
1201,18283,18283,-1,-1,-1,-1,-1,-1,-1,-1,-1,-1,0,0
1202,18293,18293,-1,-1,-1,-1,-1,-1,-1,-1,-1,-1,0,0
1203,18303,18303,-1,-1,-1,-1,-1,-1,-1,-1,-1,-1,0,0
1204,18312,18312,-1,-1,-1,-1,-1,-1,-1,-1,-1,-1,0,0
1205,18322,18322,-1,-1,-1,-1,-1,-1,-1,-1,-1,-1,0,0
1206,18332,18332,-1,-1,-1,-1,-1,-1,-1,-1,-1,-1,0,0
1207,18342,18342,-1,-1,-1,-1,-1,-1,-1,-1,-1,-1,0,0
1208,18352,18352,-1,-1,-1,-1,-1,-1,-1,-1,-1,-1,0,0
1209,18362,18362,-1,-1,-1,-1,-1,-1,-1,-1,-1,-1,0,0
1210,18372,18372,-1,-1,-1,-1,-1,-1,-1,-1,-1,-1,0,0
1211,18384,18384,-1,-1,-1,-1,-1,-1,-1,-1,-1,-1,0,0
1212,18394,18394,-1,-1,-1,-1,-1,-1,-1,-1,-1,-1,0,0
1213,18404,18404,-1,-1,-1,-1,-1,-1,-1,-1,-1,-1,0,0
1214,18414,18414,-1,-1,-1,-1,-1,-1,-1,-1,-1,-1,0,0
1215,18424,18424,-1,-1,-1,-1,-1,-1,-1,-1,-1,-1,0,0
1216,18433,18433,-1,-1,-1,-1,-1,-1,-1,-1,-1,-1,0,0
1217,18443,18443,-1,-1,-1,-1,-1,-1,-1,-1,-1,-1,0,0
1218,18453,18453,-1,-1,-1,-1,-1,-1,-1,-1,-1,-1,0,0
1219,18463,18463,-1,-1,-1,-1,-1,-1,-1,-1,-1,-1,0,0
1220,18473,18473,-1,-1,-1,-1,-1,-1,-1,-1,-1,-1,0,0
1221,18483,18483,-1,-1,-1,-1,-1,-1,-1,-1,-1,-1,0,0
1222,18493,18493,-1,-1,-1,-1,-1,-1,-1,-1,-1,-1,0,0
1223,18503,18503,-1,-1,-1,-1,-1,-1,-1,-1,-1,-1,0,0
1224,18515,18515,-1,-1,-1,-1,-1,-1,-1,-1,-1,-1,0,0
1225,18525,18525,-1,-1,-1,-1,-1,-1,-1,-1,-1,-1,0,0
1226,18537,18537,-1,-1,-1,-1,-1,-1,-1,-1,-1,-1,0,0
1227,18547,18547,-1,-1,-1,-1,-1,-1,-1,-1,-1,-1,0,0
1228,18557,18557,-1,-1,-1,-1,-1,-1,-1,-1,-1,-1,0,0
1229,18567,18567,-1,-1,-1,-1,-1,-1,-1,-1,-1,-1,0,0
1230,18576,18576,-1,-1,-1,-1,-1,-1,-1,-1,-1,-1,0,0
1231,18586,18586,-1,-1,-1,-1,-1,-1,-1,-1,-1,-1,0,0
1232,18596,18596,-1,-1,-1,-1,-1,-1,-1,-1,-1,-1,0,0
1233,18606,18606,-1,-1,-1,-1,-1,-1,-1,-1,-1,-1,0,0
1234,18616,18616,-1,-1,-1,-1,-1,-1,-1,-1,-1,-1,0,0
1235,18626,18626,-1,-1,-1,-1,-1,-1,-1,-1,-1,-1,0,0
1236,18636,18636,-1,-1,-1,-1,-1,-1,-1,-1,-1,-1,0,0
1237,18646,18646,-1,-1,-1,-1,-1,-1,-1,-1,-1,-1,0,0
1238,18659,18659,-1,-1,-1,-1,-1,-1,-1,-1,-1,-1,0,0
1239,18668,18668,-1,-1,-1,-1,-1,-1,-1,-1,-1,-1,0,0
1240,18678,18678,-1,-1,-1,-1,-1,-1,-1,-1,-1,-1,0,0
1241,18688,18688,-1,-1,-1,-1,-1,-1,-1,-1,-1,-1,0,0
1242,18698,18698,-1,-1,-1,-1,-1,-1,-1,-1,-1,-1,0,0
1243,18708,18708,-1,-1,-1,-1,-1,-1,-1,-1,-1,-1,0,0
1244,18718,18718,-1,-1,-1,-1,-1,-1,-1,-1,-1,-1,0,0
1245,18727,18727,-1,-1,-1,-1,-1,-1,-1,-1,-1,-1,0,0
1246,18737,18737,-1,-1,-1,-1,-1,-1,-1,-1,-1,-1,0,0
1247,18747,18747,-1,-1,-1,-1,-1,-1,-1,-1,-1,-1,0,0
1248,18757,18757,-1,-1,-1,-1,-1,-1,-1,-1,-1,-1,0,0
1249,18767,18767,-1,-1,-1,-1,-1,-1,-1,-1,-1,-1,0,0
1250,18777,18777,-1,-1,-1,-1,-1,-1,-1,-1,-1,-1,0,0
1251,18790,18790,-1,-1,-1,-1,-1,-1,-1,-1,-1,-1,0,0
1252,18799,18799,-1,-1,-1,-1,-1,-1,-1,-1,-1,-1,0,0
1253,18809,18809,-1,-1,-1,-1,-1,-1,-1,-1,-1,-1,0,0
1254,18819,18819,-1,-1,-1,-1,-1,-1,-1,-1,-1,-1,0,0
1255,18829,18829,-1,-1,-1,-1,-1,-1,-1,-1,-1,-1,0,0
1256,18839,18839,-1,-1,-1,-1,-1,-1,-1,-1,-1,-1,0,0
1257,18849,18849,-1,-1,-1,-1,-1,-1,-1,-1,-1,-1,0,0
1258,18859,18859,-1,-1,-1,-1,-1,-1,-1,-1,-1,-1,0,0
1259,18869,18869,-1,-1,-1,-1,-1,-1,-1,-1,-1,-1,0,0
1260,18878,18878,-1,-1,-1,-1,-1,-1,-1,-1,-1,-1,0,0
1261,18888,18888,-1,-1,-1,-1,-1,-1,-1,-1,-1,-1,0,0
1262,18898,18898,-1,-1,-1,-1,-1,-1,-1,-1,-1,-1,0,0
1263,18908,18908,-1,-1,-1,-1,-1,-1,-1,-1,-1,-1,0,0
1264,18921,18921,-1,-1,-1,-1,-1,-1,-1,-1,-1,-1,0,0
1265,18930,18930,-1,-1,-1,-1,-1,-1,-1,-1,-1,-1,0,0
1266,18940,18940,-1,-1,-1,-1,-1,-1,-1,-1,-1,-1,0,0
1267,18950,18950,-1,-1,-1,-1,-1,-1,-1,-1,-1,-1,0,0
1268,18959,18959,-1,-1,-1,-1,-1,-1,-1,-1,-1,-1,0,0
1269,18969,18969,-1,-1,-1,-1,-1,-1,-1,-1,-1,-1,0,0
1270,18979,18979,-1,-1,-1,-1,-1,-1,-1,-1,-1,-1,0,0
1271,18989,18989,-1,-1,-1,-1,-1,-1,-1,-1,-1,-1,0,0
1272,18998,18998,-1,-1,-1,-1,-1,-1,-1,-1,-1,-1,0,0
1273,19008,19008,-1,-1,-1,-1,-1,-1,-1,-1,-1,-1,0,0
1274,19018,19018,-1,-1,-1,-1,-1,-1,-1,-1,-1,-1,0,0
1275,19027,19027,-1,-1,-1,-1,-1,-1,-1,-1,-1,-1,0,0
1276,19037,19037,-1,-1,-1,-1,-1,-1,-1,-1,-1,-1,0,0
1277,19049,19049,-1,-1,-1,-1,-1,-1,-1,-1,-1,-1,0,0
1278,19059,19059,-1,-1,-1,-1,-1,-1,-1,-1,-1,-1,0,0
1279,19069,19069,-1,-1,-1,-1,-1,-1,-1,-1,-1,-1,0,0
1280,19078,19078,-1,-1,-1,-1,-1,-1,-1,-1,-1,-1,0,0
1281,19088,19088,-1,-1,-1,-1,-1,-1,-1,-1,-1,-1,0,0
1282,19098,19098,-1,-1,-1,-1,-1,-1,-1,-1,-1,-1,0,0
1283,19108,19108,-1,-1,-1,-1,-1,-1,-1,-1,-1,-1,0,0
1284,19117,19117,-1,-1,-1,-1,-1,-1,-1,-1,-1,-1,0,0
1285,19127,19127,-1,-1,-1,-1,-1,-1,-1,-1,-1,-1,0,0
1286,19137,19137,-1,-1,-1,-1,-1,-1,-1,-1,-1,-1,0,0
1287,19147,19147,-1,-1,-1,-1,-1,-1,-1,-1,-1,-1,0,0
1288,19156,19156,-1,-1,-1,-1,-1,-1,-1,-1,-1,-1,0,0
1289,19166,19166,-1,-1,-1,-1,-1,-1,-1,-1,-1,-1,0,0
1290,19179,19179,-1,-1,-1,-1,-1,-1,-1,-1,-1,-1,0,0
1291,19189,19189,-1,-1,-1,-1,-1,-1,-1,-1,-1,-1,0,0
1292,19199,19199,-1,-1,-1,-1,-1,-1,-1,-1,-1,-1,0,0
1293,19208,19208,-1,-1,-1,-1,-1,-1,-1,-1,-1,-1,0,0
1294,19218,19218,-1,-1,-1,-1,-1,-1,-1,-1,-1,-1,0,0
1295,19228,19228,-1,-1,-1,-1,-1,-1,-1,-1,-1,-1,0,0
1296,19238,19238,-1,-1,-1,-1,-1,-1,-1,-1,-1,-1,0,0
1297,19248,19248,-1,-1,-1,-1,-1,-1,-1,-1,-1,-1,0,0
1298,19258,19258,-1,-1,-1,-1,-1,-1,-1,-1,-1,-1,0,0
1299,19268,19268,-1,-1,-1,-1,-1,-1,-1,-1,-1,-1,0,0
1300,19278,19278,-1,-1,-1,-1,-1,-1,-1,-1,-1,-1,0,0
1301,19288,19288,-1,-1,-1,-1,-1,-1,-1,-1,-1,-1,0,0
1302,19297,19297,-1,-1,-1,-1,-1,-1,-1,-1,-1,-1,0,0
1303,19310,19310,-1,-1,-1,-1,-1,-1,-1,-1,-1,-1,0,0
1304,19320,19320,-1,-1,-1,-1,-1,-1,-1,-1,-1,-1,0,0
1305,19330,19330,-1,-1,-1,-1,-1,-1,-1,-1,-1,-1,0,0
1306,19340,19340,-1,-1,-1,-1,-1,-1,-1,-1,-1,-1,0,0
1307,19349,19349,-1,-1,-1,-1,-1,-1,-1,-1,-1,-1,0,0
1308,19359,19359,-1,-1,-1,-1,-1,-1,-1,-1,-1,-1,0,0
1309,19369,19369,-1,-1,-1,-1,-1,-1,-1,-1,-1,-1,0,0
1310,19379,19379,-1,-1,-1,-1,-1,-1,-1,-1,-1,-1,0,0
1311,19389,19389,-1,-1,-1,-1,-1,-1,-1,-1,-1,-1,0,0
1312,19399,19399,-1,-1,-1,-1,-1,-1,-1,-1,-1,-1,0,0
1313,19409,19409,-1,-1,-1,-1,-1,-1,-1,-1,-1,-1,0,0
1314,19419,19419,-1,-1,-1,-1,-1,-1,-1,-1,-1,-1,0,0
1315,19429,19429,-1,-1,-1,-1,-1,-1,-1,-1,-1,-1,0,0
1316,19442,19442,-1,-1,-1,-1,-1,-1,-1,-1,-1,-1,0,0
1317,19451,19451,-1,-1,-1,-1,-1,-1,-1,-1,-1,-1,0,0
1318,19461,19461,-1,-1,-1,-1,-1,-1,-1,-1,-1,-1,0,0
1319,19471,19471,-1,-1,-1,-1,-1,-1,-1,-1,-1,-1,0,0
1320,19481,19481,-1,-1,-1,-1,-1,-1,-1,-1,-1,-1,0,0
1321,19491,19491,-1,-1,-1,-1,-1,-1,-1,-1,-1,-1,0,0
1322,19501,19501,-1,-1,-1,-1,-1,-1,-1,-1,-1,-1,0,0
1323,19511,19511,-1,-1,-1,-1,-1,-1,-1,-1,-1,-1,0,0
1324,19521,19521,-1,-1,-1,-1,-1,-1,-1,-1,-1,-1,0,0
1325,19530,19530,-1,-1,-1,-1,-1,-1,-1,-1,-1,-1,0,0
1326,19540,19540,-1,-1,-1,-1,-1,-1,-1,-1,-1,-1,0,0
1327,19550,19550,-1,-1,-1,-1,-1,-1,-1,-1,-1,-1,0,0
1328,19560,19560,-1,-1,-1,-1,-1,-1,-1,-1,-1,-1,0,0
1329,19573,19573,-1,-1,-1,-1,-1,-1,-1,-1,-1,-1,0,0
1330,19583,19583,-1,-1,-1,-1,-1,-1,-1,-1,-1,-1,0,0
1331,19593,19593,-1,-1,-1,-1,-1,-1,-1,-1,-1,-1,0,0
1332,19603,19603,-1,-1,-1,-1,-1,-1,-1,-1,-1,-1,0,0
1333,19613,19613,-1,-1,-1,-1,-1,-1,-1,-1,-1,-1,0,0
1334,19622,19622,-1,-1,-1,-1,-1,-1,-1,-1,-1,-1,0,0
1335,19632,19632,-1,-1,-1,-1,-1,-1,-1,-1,-1,-1,0,0
1336,19642,19642,-1,-1,-1,-1,-1,-1,-1,-1,-1,-1,0,0
1337,19652,19652,-1,-1,-1,-1,-1,-1,-1,-1,-1,-1,0,0
1338,19662,19662,-1,-1,-1,-1,-1,-1,-1,-1,-1,-1,0,0
1339,19672,19672,-1,-1,-1,-1,-1,-1,-1,-1,-1,-1,0,0
1340,19682,19682,-1,-1,-1,-1,-1,-1,-1,-1,-1,-1,0,0
1341,19692,19692,-1,-1,-1,-1,-1,-1,-1,-1,-1,-1,0,0
1342,19701,19701,-1,-1,-1,-1,-1,-1,-1,-1,-1,-1,0,0
1343,19714,19714,-1,-1,-1,-1,-1,-1,-1,-1,-1,-1,0,0
1344,19724,19724,-1,-1,-1,-1,-1,-1,-1,-1,-1,-1,0,0
1345,19734,19734,-1,-1,-1,-1,-1,-1,-1,-1,-1,-1,0,0
1346,19744,19744,-1,-1,-1,-1,-1,-1,-1,-1,-1,-1,0,0
1347,19757,19757,-1,-1,-1,-1,-1,-1,-1,-1,-1,-1,0,0
1348,19766,19766,-1,-1,-1,-1,-1,-1,-1,-1,-1,-1,0,0
1349,19776,19776,-1,-1,-1,-1,-1,-1,-1,-1,-1,-1,0,0
1350,19786,19786,-1,-1,-1,-1,-1,-1,-1,-1,-1,-1,0,0
1351,19796,19796,-1,-1,-1,-1,-1,-1,-1,-1,-1,-1,0,0
1352,19806,19806,-1,-1,-1,-1,-1,-1,-1,-1,-1,-1,0,0
1353,19816,19816,-1,-1,-1,-1,-1,-1,-1,-1,-1,-1,0,0
1354,19826,19826,-1,-1,-1,-1,-1,-1,-1,-1,-1,-1,0,0
0,6181,6181,-1,-1,-1,-1,-1,-1,-1,-1,-1,-1,0,0
1,6194,6194,-1,-1,-1,-1,-1,-1,-1,-1,-1,-1,0,0
2,6203,6203,-1,-1,-1,-1,-1,-1,-1,-1,-1,-1,0,0
3,6213,6213,-1,-1,-1,-1,-1,-1,-1,-1,-1,-1,0,0
4,6224,6224,-1,-1,-1,-1,-1,-1,-1,-1,-1,-1,0,0
5,6233,6233,-1,-1,-1,-1,-1,-1,-1,-1,-1,-1,0,0
6,6243,6243,-1,-1,-1,-1,-1,-1,-1,-1,-1,-1,0,0
7,6253,6253,-1,-1,-1,-1,-1,-1,-1,-1,-1,-1,0,0
8,6263,6263,-1,-1,-1,-1,-1,-1,-1,-1,-1,-1,0,0
9,6273,6273,-1,-1,-1,-1,-1,-1,-1,-1,-1,-1,0,0
10,6283,6283,-1,-1,-1,-1,-1,-1,-1,-1,-1,-1,0,0
11,6293,6293,-1,-1,-1,-1,-1,-1,-1,-1,-1,-1,0,0
12,6303,6303,-1,-1,-1,-1,-1,-1,-1,-1,-1,-1,0,0
13,6313,6313,-1,-1,-1,-1,-1,-1,-1,-1,-1,-1,0,0
14,6325,6325,-1,-1,-1,-1,-1,-1,-1,-1,-1,-1,0,0
15,6335,6335,-1,-1,-1,-1,-1,-1,-1,-1,-1,-1,0,0
16,6345,6345,-1,-1,-1,-1,-1,-1,-1,-1,-1,-1,0,0
17,6354,6354,-1,-1,-1,-1,-1,-1,-1,-1,-1,-1,0,0
18,6364,6364,-1,-1,-1,-1,-1,-1,-1,-1,-1,-1,0,0
19,6374,6374,-1,-1,-1,-1,-1,-1,-1,-1,-1,-1,0,0
20,6384,6384,-1,-1,-1,-1,-1,-1,-1,-1,-1,-1,0,0
21,6393,6393,-1,-1,-1,-1,-1,-1,-1,-1,-1,-1,0,0
22,6403,6403,-1,-1,-1,-1,-1,-1,-1,-1,-1,-1,0,0
23,6413,6413,-1,-1,-1,-1,-1,-1,-1,-1,-1,-1,0,0
24,6422,6422,-1,-1,-1,-1,-1,-1,-1,-1,-1,-1,0,0
25,6432,6432,-1,-1,-1,-1,-1,-1,-1,-1,-1,-1,0,0
26,6442,6442,-1,-1,-1,-1,-1,-1,-1,-1,-1,-1,0,0
27,6455,6455,-1,-1,-1,-1,-1,-1,-1,-1,-1,-1,0,0
28,6464,6464,-1,-1,-1,-1,-1,-1,-1,-1,-1,-1,0,0
29,6474,6474,-1,-1,-1,-1,-1,-1,-1,-1,-1,-1,0,0
30,6484,6484,-1,-1,-1,-1,-1,-1,-1,-1,-1,-1,0,0
31,6494,6494,-1,-1,-1,-1,-1,-1,-1,-1,-1,-1,0,0
32,6503,6503,-1,-1,-1,-1,-1,-1,-1,-1,-1,-1,0,0
33,6513,6513,-1,-1,-1,-1,-1,-1,-1,-1,-1,-1,0,0
34,6523,6523,-1,-1,-1,-1,-1,-1,-1,-1,-1,-1,0,0
35,6533,6533,-1,-1,-1,-1,-1,-1,-1,-1,-1,-1,0,0
36,6542,6542,-1,-1,-1,-1,-1,-1,-1,-1,-1,-1,0,0
37,6552,6552,-1,-1,-1,-1,-1,-1,-1,-1,-1,-1,0,0
38,6562,6562,-1,-1,-1,-1,-1,-1,-1,-1,-1,-1,0,0
39,6571,6571,-1,-1,-1,-1,-1,-1,-1,-1,-1,-1,0,0
40,6584,6584,-1,-1,-1,-1,-1,-1,-1,-1,-1,-1,0,0
41,6594,6594,-1,-1,-1,-1,-1,-1,-1,-1,-1,-1,0,0
42,6604,6604,-1,-1,-1,-1,-1,-1,-1,-1,-1,-1,0,0
43,6614,6614,-1,-1,-1,-1,-1,-1,-1,-1,-1,-1,0,0
44,6624,6624,-1,-1,-1,-1,-1,-1,-1,-1,-1,-1,0,0
45,6634,6634,-1,-1,-1,-1,-1,-1,-1,-1,-1,-1,0,0
46,6643,6643,-1,-1,-1,-1,-1,-1,-1,-1,-1,-1,0,0
47,6653,6653,-1,-1,-1,-1,-1,-1,-1,-1,-1,-1,0,0
48,6663,6663,-1,-1,-1,-1,-1,-1,-1,-1,-1,-1,0,0
49,6673,6673,-1,-1,-1,-1,-1,-1,-1,-1,-1,-1,0,0
50,6683,6683,-1,-1,-1,-1,-1,-1,-1,-1,-1,-1,0,0
51,6693,6693,-1,-1,-1,-1,-1,-1,-1,-1,-1,-1,0,0
52,6703,6703,-1,-1,-1,-1,-1,-1,-1,-1,-1,-1,0,0
53,6716,6716,-1,-1,-1,-1,-1,-1,-1,-1,-1,-1,0,0
54,6726,6726,-1,-1,-1,-1,-1,-1,-1,-1,-1,-1,0,0
55,6735,6735,-1,-1,-1,-1,-1,-1,-1,-1,-1,-1,0,0
56,6745,6745,-1,-1,-1,-1,-1,-1,-1,-1,-1,-1,0,0
57,6755,6755,-1,-1,-1,-1,-1,-1,-1,-1,-1,-1,0,0
58,6765,6765,-1,-1,-1,-1,-1,-1,-1,-1,-1,-1,0,0
59,6775,6775,-1,-1,-1,-1,-1,-1,-1,-1,-1,-1,0,0
60,6785,6785,-1,-1,-1,-1,-1,-1,-1,-1,-1,-1,0,0
61,6795,6795,-1,-1,-1,-1,-1,-1,-1,-1,-1,-1,0,0
62,6805,6805,-1,-1,-1,-1,-1,-1,-1,-1,-1,-1,0,0
63,6815,6815,-1,-1,-1,-1,-1,-1,-1,-1,-1,-1,0,0
64,6825,6825,-1,-1,-1,-1,-1,-1,-1,-1,-1,-1,0,0
65,6834,6834,-1,-1,-1,-1,-1,-1,-1,-1,-1,-1,0,0
66,6848,6848,-1,-1,-1,-1,-1,-1,-1,-1,-1,-1,0,0
67,6857,6857,-1,-1,-1,-1,-1,-1,-1,-1,-1,-1,0,0
68,6867,6867,-1,-1,-1,-1,-1,-1,-1,-1,-1,-1,0,0
69,6877,6877,-1,-1,-1,-1,-1,-1,-1,-1,-1,-1,0,0
70,6887,6887,-1,-1,-1,-1,-1,-1,-1,-1,-1,-1,0,0
71,6897,6897,-1,-1,-1,-1,-1,-1,-1,-1,-1,-1,0,0
72,6907,6907,-1,-1,-1,-1,-1,-1,-1,-1,-1,-1,0,0
73,6917,6917,-1,-1,-1,-1,-1,-1,-1,-1,-1,-1,0,0
74,6927,6927,-1,-1,-1,-1,-1,-1,-1,-1,-1,-1,0,0
75,6937,6937,-1,-1,-1,-1,-1,-1,-1,-1,-1,-1,0,0
76,6946,6946,-1,-1,-1,-1,-1,-1,-1,-1,-1,-1,0,0
77,6956,6956,-1,-1,-1,-1,-1,-1,-1,-1,-1,-1,0,0
78,6966,6966,-1,-1,-1,-1,-1,-1,-1,-1,-1,-1,0,0
79,6976,6976,-1,-1,-1,-1,-1,-1,-1,-1,-1,-1,0,0
80,6984,6984,-1,-1,-1,-1,-1,-1,-1,-1,-1,-1,0,0
81,6994,6994,-1,-1,-1,-1,-1,-1,-1,-1,-1,-1,0,0
82,7004,7004,-1,-1,-1,-1,-1,-1,-1,-1,-1,-1,0,0
83,7014,7014,-1,-1,-1,-1,-1,-1,-1,-1,-1,-1,0,0
84,7024,7024,-1,-1,-1,-1,-1,-1,-1,-1,-1,-1,0,0
85,7033,7033,-1,-1,-1,-1,-1,-1,-1,-1,-1,-1,0,0
86,7043,7043,-1,-1,-1,-1,-1,-1,-1,-1,-1,-1,0,0
87,7053,7053,-1,-1,-1,-1,-1,-1,-1,-1,-1,-1,0,0
88,7063,7063,-1,-1,-1,-1,-1,-1,-1,-1,-1,-1,0,0
89,7073,7073,-1,-1,-1,-1,-1,-1,-1,-1,-1,-1,0,0
90,7083,7083,-1,-1,-1,-1,-1,-1,-1,-1,-1,-1,0,0
91,7093,7093,-1,-1,-1,-1,-1,-1,-1,-1,-1,-1,0,0
92,7103,7103,-1,-1,-1,-1,-1,-1,-1,-1,-1,-1,0,0
93,7116,7116,-1,-1,-1,-1,-1,-1,-1,-1,-1,-1,0,0
94,7125,7125,-1,-1,-1,-1,-1,-1,-1,-1,-1,-1,0,0
95,7135,7135,-1,-1,-1,-1,-1,-1,-1,-1,-1,-1,0,0
96,7145,7145,-1,-1,-1,-1,-1,-1,-1,-1,-1,-1,0,0
97,7155,7155,-1,-1,-1,-1,-1,-1,-1,-1,-1,-1,0,0
98,7165,7165,-1,-1,-1,-1,-1,-1,-1,-1,-1,-1,0,0
99,7175,7175,-1,-1,-1,-1,-1,-1,-1,-1,-1,-1,0,0
100,7185,7185,-1,-1,-1,-1,-1,-1,-1,-1,-1,-1,0,0
101,7195,7195,-1,-1,-1,-1,-1,-1,-1,-1,-1,-1,0,0
102,7205,7205,-1,-1,-1,-1,-1,-1,-1,-1,-1,-1,0,0
103,7215,7215,-1,-1,-1,-1,-1,-1,-1,-1,-1,-1,0,0
104,7224,7224,-1,-1,-1,-1,-1,-1,-1,-1,-1,-1,0,0
105,7235,7235,-1,-1,-1,-1,-1,-1,-1,-1,-1,-1,0,0
106,7247,7247,-1,-1,-1,-1,-1,-1,-1,-1,-1,-1,0,0
107,7257,7257,-1,-1,-1,-1,-1,-1,-1,-1,-1,-1,0,0
108,7267,7267,-1,-1,-1,-1,-1,-1,-1,-1,-1,-1,0,0
109,7277,7277,-1,-1,-1,-1,-1,-1,-1,-1,-1,-1,0,0
110,7287,7287,-1,-1,-1,-1,-1,-1,-1,-1,-1,-1,0,0
111,7299,7299,-1,-1,-1,-1,-1,-1,-1,-1,-1,-1,0,0
112,7309,7309,-1,-1,-1,-1,-1,-1,-1,-1,-1,-1,0,0
113,7319,7319,-1,-1,-1,-1,-1,-1,-1,-1,-1,-1,0,0
114,7329,7329,-1,-1,-1,-1,-1,-1,-1,-1,-1,-1,0,0
115,7339,7339,-1,-1,-1,-1,-1,-1,-1,-1,-1,-1,0,0
116,7349,7349,-1,-1,-1,-1,-1,-1,-1,-1,-1,-1,0,0
117,7359,7359,-1,-1,-1,-1,-1,-1,-1,-1,-1,-1,0,0
118,7369,7369,-1,-1,-1,-1,-1,-1,-1,-1,-1,-1,0,0
119,7381,7381,-1,-1,-1,-1,-1,-1,-1,-1,-1,-1,0,0
120,7391,7391,-1,-1,-1,-1,-1,-1,-1,-1,-1,-1,0,0
121,7401,7401,-1,-1,-1,-1,-1,-1,-1,-1,-1,-1,0,0
122,7411,7411,-1,-1,-1,-1,-1,-1,-1,-1,-1,-1,0,0
123,7420,7420,-1,-1,-1,-1,-1,-1,-1,-1,-1,-1,0,0
124,7430,7430,-1,-1,-1,-1,-1,-1,-1,-1,-1,-1,0,0
125,7440,7440,-1,-1,-1,-1,-1,-1,-1,-1,-1,-1,0,0
126,7449,7449,-1,-1,-1,-1,-1,-1,-1,-1,-1,-1,0,0
127,7459,7459,-1,-1,-1,-1,-1,-1,-1,-1,-1,-1,0,0
128,7469,7469,-1,-1,-1,-1,-1,-1,-1,-1,-1,-1,0,0
129,7479,7479,-1,-1,-1,-1,-1,-1,-1,-1,-1,-1,0,0
130,7488,7488,-1,-1,-1,-1,-1,-1,-1,-1,-1,-1,0,0
131,7498,7498,-1,-1,-1,-1,-1,-1,-1,-1,-1,-1,0,0
132,7529,7529,-1,-1,-1,-1,-1,-1,-1,-1,-1,-1,0,0
133,7538,7539,-1,-1,-1,-1,-1,-1,-1,-1,-1,-1,0,0
134,7548,7548,-1,-1,-1,-1,-1,-1,-1,-1,-1,-1,0,0
135,7558,7558,-1,-1,-1,-1,-1,-1,-1,-1,-1,-1,0,0
136,7568,7568,-1,-1,-1,-1,-1,-1,-1,-1,-1,-1,0,0
137,7577,7577,-1,-1,-1,-1,-1,-1,-1,-1,-1,-1,0,0
138,7587,7587,-1,-1,-1,-1,-1,-1,-1,-1,-1,-1,0,0
139,7597,7597,-1,-1,-1,-1,-1,-1,-1,-1,-1,-1,0,0
140,7606,7606,-1,-1,-1,-1,-1,-1,-1,-1,-1,-1,0,0
141,7616,7616,-1,-1,-1,-1,-1,-1,-1,-1,-1,-1,0,0
142,7626,7626,-1,-1,-1,-1,-1,-1,-1,-1,-1,-1,0,0
143,7636,7636,-1,-1,-1,-1,-1,-1,-1,-1,-1,-1,0,0
144,7645,7645,-1,-1,-1,-1,-1,-1,-1,-1,-1,-1,0,0
145,7658,7658,-1,-1,-1,-1,-1,-1,-1,-1,-1,-1,0,0
146,7668,7668,-1,-1,-1,-1,-1,-1,-1,-1,-1,-1,0,0
147,7678,7678,-1,-1,-1,-1,-1,-1,-1,-1,-1,-1,0,0
148,7688,7688,-1,-1,-1,-1,-1,-1,-1,-1,-1,-1,0,0
149,7698,7698,-1,-1,-1,-1,-1,-1,-1,-1,-1,-1,0,0
150,7708,7708,-1,-1,-1,-1,-1,-1,-1,-1,-1,-1,0,0
151,7718,7718,-1,-1,-1,-1,-1,-1,-1,-1,-1,-1,0,0
152,7727,7727,-1,-1,-1,-1,-1,-1,-1,-1,-1,-1,0,0
153,7737,7737,-1,-1,-1,-1,-1,-1,-1,-1,-1,-1,0,0
154,7747,7747,-1,-1,-1,-1,-1,-1,-1,-1,-1,-1,0,0
155,7757,7757,-1,-1,-1,-1,-1,-1,-1,-1,-1,-1,0,0
156,7767,7767,-1,-1,-1,-1,-1,-1,-1,-1,-1,-1,0,0
157,7777,7777,-1,-1,-1,-1,-1,-1,-1,-1,-1,-1,0,0
158,7790,7790,-1,-1,-1,-1,-1,-1,-1,-1,-1,-1,0,0
159,7800,7800,-1,-1,-1,-1,-1,-1,-1,-1,-1,-1,0,0
160,7810,7810,-1,-1,-1,-1,-1,-1,-1,-1,-1,-1,0,0
161,7819,7819,-1,-1,-1,-1,-1,-1,-1,-1,-1,-1,0,0
162,7829,7829,-1,-1,-1,-1,-1,-1,-1,-1,-1,-1,0,0
163,7839,7839,-1,-1,-1,-1,-1,-1,-1,-1,-1,-1,0,0
164,7849,7849,-1,-1,-1,-1,-1,-1,-1,-1,-1,-1,0,0
165,7859,7859,-1,-1,-1,-1,-1,-1,-1,-1,-1,-1,0,0
166,7869,7869,-1,-1,-1,-1,-1,-1,-1,-1,-1,-1,0,0
167,7879,7879,-1,-1,-1,-1,-1,-1,-1,-1,-1,-1,0,0
168,7889,7889,-1,-1,-1,-1,-1,-1,-1,-1,-1,-1,0,0
169,7899,7899,-1,-1,-1,-1,-1,-1,-1,-1,-1,-1,0,0
170,7908,7908,-1,-1,-1,-1,-1,-1,-1,-1,-1,-1,0,0
171,7921,7921,-1,-1,-1,-1,-1,-1,-1,-1,-1,-1,0,0
172,7931,7931,-1,-1,-1,-1,-1,-1,-1,-1,-1,-1,0,0
173,7941,7941,-1,-1,-1,-1,-1,-1,-1,-1,-1,-1,0,0
174,7951,7951,-1,-1,-1,-1,-1,-1,-1,-1,-1,-1,0,0
175,7961,7961,-1,-1,-1,-1,-1,-1,-1,-1,-1,-1,0,0
176,7971,7971,-1,-1,-1,-1,-1,-1,-1,-1,-1,-1,0,0
177,7981,7981,-1,-1,-1,-1,-1,-1,-1,-1,-1,-1,0,0
178,7991,7991,-1,-1,-1,-1,-1,-1,-1,-1,-1,-1,0,0
179,8001,8001,-1,-1,-1,-1,-1,-1,-1,-1,-1,-1,0,0
180,8011,8011,-1,-1,-1,-1,-1,-1,-1,-1,-1,-1,0,0
181,8020,8020,-1,-1,-1,-1,-1,-1,-1,-1,-1,-1,0,0
182,8030,8030,-1,-1,-1,-1,-1,-1,-1,-1,-1,-1,0,0
183,8040,8040,-1,-1,-1,-1,-1,-1,-1,-1,-1,-1,0,0
184,8050,8050,-1,-1,-1,-1,-1,-1,-1,-1,-1,-1,0,0
185,8063,8063,-1,-1,-1,-1,-1,-1,-1,-1,-1,-1,0,0
186,8073,8073,-1,-1,-1,-1,-1,-1,-1,-1,-1,-1,0,0
187,8083,8083,-1,-1,-1,-1,-1,-1,-1,-1,-1,-1,0,0
188,8093,8093,-1,-1,-1,-1,-1,-1,-1,-1,-1,-1,0,0
189,8103,8103,-1,-1,-1,-1,-1,-1,-1,-1,-1,-1,0,0
190,8112,8112,-1,-1,-1,-1,-1,-1,-1,-1,-1,-1,0,0
191,8122,8122,-1,-1,-1,-1,-1,-1,-1,-1,-1,-1,0,0
192,8132,8132,-1,-1,-1,-1,-1,-1,-1,-1,-1,-1,0,0
193,8142,8142,-1,-1,-1,-1,-1,-1,-1,-1,-1,-1,0,0
194,8152,8152,-1,-1,-1,-1,-1,-1,-1,-1,-1,-1,0,0
195,8162,8162,-1,-1,-1,-1,-1,-1,-1,-1,-1,-1,0,0
196,8172,8172,-1,-1,-1,-1,-1,-1,-1,-1,-1,-1,0,0
197,8182,8182,-1,-1,-1,-1,-1,-1,-1,-1,-1,-1,0,0
198,8195,8195,-1,-1,-1,-1,-1,-1,-1,-1,-1,-1,0,0
199,8204,8204,-1,-1,-1,-1,-1,-1,-1,-1,-1,-1,0,0
200,8214,8214,-1,-1,-1,-1,-1,-1,-1,-1,-1,-1,0,0
201,8224,8224,-1,-1,-1,-1,-1,-1,-1,-1,-1,-1,0,0
202,8234,8234,-1,-1,-1,-1,-1,-1,-1,-1,-1,-1,0,0
203,8244,8244,-1,-1,-1,-1,-1,-1,-1,-1,-1,-1,0,0
204,8254,8254,-1,-1,-1,-1,-1,-1,-1,-1,-1,-1,0,0
205,8264,8264,-1,-1,-1,-1,-1,-1,-1,-1,-1,-1,0,0
206,8274,8274,-1,-1,-1,-1,-1,-1,-1,-1,-1,-1,0,0
207,8284,8284,-1,-1,-1,-1,-1,-1,-1,-1,-1,-1,0,0
208,8294,8294,-1,-1,-1,-1,-1,-1,-1,-1,-1,-1,0,0
209,8303,8303,-1,-1,-1,-1,-1,-1,-1,-1,-1,-1,0,0
210,8313,8313,-1,-1,-1,-1,-1,-1,-1,-1,-1,-1,0,0
211,8326,8326,-1,-1,-1,-1,-1,-1,-1,-1,-1,-1,0,0
212,8336,8336,-1,-1,-1,-1,-1,-1,-1,-1,-1,-1,0,0
213,8346,8346,-1,-1,-1,-1,-1,-1,-1,-1,-1,-1,0,0
214,8356,8356,-1,-1,-1,-1,-1,-1,-1,-1,-1,-1,0,0
215,8366,8366,-1,-1,-1,-1,-1,-1,-1,-1,-1,-1,0,0
216,8376,8376,-1,-1,-1,-1,-1,-1,-1,-1,-1,-1,0,0
217,8386,8386,-1,-1,-1,-1,-1,-1,-1,-1,-1,-1,0,0
218,8396,8396,-1,-1,-1,-1,-1,-1,-1,-1,-1,-1,0,0
219,8406,8406,-1,-1,-1,-1,-1,-1,-1,-1,-1,-1,0,0
220,8415,8415,-1,-1,-1,-1,-1,-1,-1,-1,-1,-1,0,0
221,8425,8425,-1,-1,-1,-1,-1,-1,-1,-1,-1,-1,0,0
222,8435,8435,-1,-1,-1,-1,-1,-1,-1,-1,-1,-1,0,0
223,8445,8445,-1,-1,-1,-1,-1,-1,-1,-1,-1,-1,0,0
224,8458,8458,-1,-1,-1,-1,-1,-1,-1,-1,-1,-1,0,0
225,8467,8467,-1,-1,-1,-1,-1,-1,-1,-1,-1,-1,0,0
226,8477,8477,-1,-1,-1,-1,-1,-1,-1,-1,-1,-1,0,0
227,8487,8487,-1,-1,-1,-1,-1,-1,-1,-1,-1,-1,0,0
228,8497,8497,-1,-1,-1,-1,-1,-1,-1,-1,-1,-1,0,0
229,8509,8509,-1,-1,-1,-1,-1,-1,-1,-1,-1,-1,0,0
230,8518,8518,-1,-1,-1,-1,-1,-1,-1,-1,-1,-1,0,0
231,8528,8528,-1,-1,-1,-1,-1,-1,-1,-1,-1,-1,0,0
232,8538,8538,-1,-1,-1,-1,-1,-1,-1,-1,-1,-1,0,0
233,8547,8547,-1,-1,-1,-1,-1,-1,-1,-1,-1,-1,0,0
234,8557,8557,-1,-1,-1,-1,-1,-1,-1,-1,-1,-1,0,0
235,8567,8567,-1,-1,-1,-1,-1,-1,-1,-1,-1,-1,0,0
236,8577,8577,-1,-1,-1,-1,-1,-1,-1,-1,-1,-1,0,0
237,8589,8589,-1,-1,-1,-1,-1,-1,-1,-1,-1,-1,0,0
238,8599,8599,-1,-1,-1,-1,-1,-1,-1,-1,-1,-1,0,0
239,8609,8609,-1,-1,-1,-1,-1,-1,-1,-1,-1,-1,0,0
240,8618,8618,-1,-1,-1,-1,-1,-1,-1,-1,-1,-1,0,0
241,8628,8628,-1,-1,-1,-1,-1,-1,-1,-1,-1,-1,0,0
242,8638,8638,-1,-1,-1,-1,-1,-1,-1,-1,-1,-1,0,0
243,8648,8648,-1,-1,-1,-1,-1,-1,-1,-1,-1,-1,0,0
244,8657,8657,-1,-1,-1,-1,-1,-1,-1,-1,-1,-1,0,0
245,8667,8667,-1,-1,-1,-1,-1,-1,-1,-1,-1,-1,0,0
246,8677,8677,-1,-1,-1,-1,-1,-1,-1,-1,-1,-1,0,0
247,8686,8686,-1,-1,-1,-1,-1,-1,-1,-1,-1,-1,0,0
248,8696,8696,-1,-1,-1,-1,-1,-1,-1,-1,-1,-1,0,0
249,8706,8706,-1,-1,-1,-1,-1,-1,-1,-1,-1,-1,0,0
250,8719,8719,-1,-1,-1,-1,-1,-1,-1,-1,-1,-1,0,0
251,8729,8729,-1,-1,-1,-1,-1,-1,-1,-1,-1,-1,0,0
252,8738,8738,-1,-1,-1,-1,-1,-1,-1,-1,-1,-1,0,0
253,8748,8748,-1,-1,-1,-1,-1,-1,-1,-1,-1,-1,0,0
254,8758,8758,-1,-1,-1,-1,-1,-1,-1,-1,-1,-1,0,0
255,8768,8768,-1,-1,-1,-1,-1,-1,-1,-1,-1,-1,0,0
256,8778,8778,-1,-1,-1,-1,-1,-1,-1,-1,-1,-1,0,0
257,8788,8788,-1,-1,-1,-1,-1,-1,-1,-1,-1,-1,0,0
258,8798,8798,-1,-1,-1,-1,-1,-1,-1,-1,-1,-1,0,0
259,8808,8808,-1,-1,-1,-1,-1,-1,-1,-1,-1,-1,0,0
260,8818,8818,-1,-1,-1,-1,-1,-1,-1,-1,-1,-1,0,0
261,8828,8828,-1,-1,-1,-1,-1,-1,-1,-1,-1,-1,0,0
262,8837,8837,-1,-1,-1,-1,-1,-1,-1,-1,-1,-1,0,0
263,8850,8850,-1,-1,-1,-1,-1,-1,-1,-1,-1,-1,0,0
264,8860,8860,-1,-1,-1,-1,-1,-1,-1,-1,-1,-1,0,0
265,8870,8870,-1,-1,-1,-1,-1,-1,-1,-1,-1,-1,0,0
266,8880,8880,-1,-1,-1,-1,-1,-1,-1,-1,-1,-1,0,0
267,8890,8890,-1,-1,-1,-1,-1,-1,-1,-1,-1,-1,0,0
268,8900,8900,-1,-1,-1,-1,-1,-1,-1,-1,-1,-1,0,0
269,8909,8909,-1,-1,-1,-1,-1,-1,-1,-1,-1,-1,0,0
270,8919,8919,-1,-1,-1,-1,-1,-1,-1,-1,-1,-1,0,0
271,8929,8929,-1,-1,-1,-1,-1,-1,-1,-1,-1,-1,0,0
272,8939,8939,-1,-1,-1,-1,-1,-1,-1,-1,-1,-1,0,0
273,8949,8949,-1,-1,-1,-1,-1,-1,-1,-1,-1,-1,0,0
274,8959,8959,-1,-1,-1,-1,-1,-1,-1,-1,-1,-1,0,0
275,8969,8969,-1,-1,-1,-1,-1,-1,-1,-1,-1,-1,0,0
276,8981,8981,-1,-1,-1,-1,-1,-1,-1,-1,-1,-1,0,0
277,8991,8991,-1,-1,-1,-1,-1,-1,-1,-1,-1,-1,0,0
278,9001,9001,-1,-1,-1,-1,-1,-1,-1,-1,-1,-1,0,0
279,9011,9011,-1,-1,-1,-1,-1,-1,-1,-1,-1,-1,0,0
280,9021,9021,-1,-1,-1,-1,-1,-1,-1,-1,-1,-1,0,0
281,9031,9031,-1,-1,-1,-1,-1,-1,-1,-1,-1,-1,0,0
282,9040,9040,-1,-1,-1,-1,-1,-1,-1,-1,-1,-1,0,0
283,9050,9050,-1,-1,-1,-1,-1,-1,-1,-1,-1,-1,0,0
284,9060,9060,-1,-1,-1,-1,-1,-1,-1,-1,-1,-1,0,0
285,9070,9070,-1,-1,-1,-1,-1,-1,-1,-1,-1,-1,0,0
286,9080,9080,-1,-1,-1,-1,-1,-1,-1,-1,-1,-1,0,0
287,9089,9089,-1,-1,-1,-1,-1,-1,-1,-1,-1,-1,0,0
288,9099,9099,-1,-1,-1,-1,-1,-1,-1,-1,-1,-1,0,0
289,9109,9109,-1,-1,-1,-1,-1,-1,-1,-1,-1,-1,0,0
290,9122,9122,-1,-1,-1,-1,-1,-1,-1,-1,-1,-1,0,0
291,9132,9132,-1,-1,-1,-1,-1,-1,-1,-1,-1,-1,0,0
292,9142,9142,-1,-1,-1,-1,-1,-1,-1,-1,-1,-1,0,0
293,9152,9152,-1,-1,-1,-1,-1,-1,-1,-1,-1,-1,0,0
294,9161,9161,-1,-1,-1,-1,-1,-1,-1,-1,-1,-1,0,0
295,9171,9171,-1,-1,-1,-1,-1,-1,-1,-1,-1,-1,0,0
296,9181,9181,-1,-1,-1,-1,-1,-1,-1,-1,-1,-1,0,0
297,9191,9191,-1,-1,-1,-1,-1,-1,-1,-1,-1,-1,0,0
298,9201,9201,-1,-1,-1,-1,-1,-1,-1,-1,-1,-1,0,0
299,9211,9211,-1,-1,-1,-1,-1,-1,-1,-1,-1,-1,0,0
300,9221,9221,-1,-1,-1,-1,-1,-1,-1,-1,-1,-1,0,0
301,9230,9230,-1,-1,-1,-1,-1,-1,-1,-1,-1,-1,0,0
302,9240,9240,-1,-1,-1,-1,-1,-1,-1,-1,-1,-1,0,0
303,9253,9253,-1,-1,-1,-1,-1,-1,-1,-1,-1,-1,0,0
304,9263,9263,-1,-1,-1,-1,-1,-1,-1,-1,-1,-1,0,0
305,9273,9273,-1,-1,-1,-1,-1,-1,-1,-1,-1,-1,0,0
306,9283,9283,-1,-1,-1,-1,-1,-1,-1,-1,-1,-1,0,0
307,9293,9293,-1,-1,-1,-1,-1,-1,-1,-1,-1,-1,0,0
308,9302,9302,-1,-1,-1,-1,-1,-1,-1,-1,-1,-1,0,0
309,9312,9312,-1,-1,-1,-1,-1,-1,-1,-1,-1,-1,0,0
310,9322,9322,-1,-1,-1,-1,-1,-1,-1,-1,-1,-1,0,0
311,9332,9332,-1,-1,-1,-1,-1,-1,-1,-1,-1,-1,0,0
312,9342,9342,-1,-1,-1,-1,-1,-1,-1,-1,-1,-1,0,0
313,9352,9352,-1,-1,-1,-1,-1,-1,-1,-1,-1,-1,0,0
314,9362,9362,-1,-1,-1,-1,-1,-1,-1,-1,-1,-1,0,0
315,9372,9372,-1,-1,-1,-1,-1,-1,-1,-1,-1,-1,0,0
316,9384,9384,-1,-1,-1,-1,-1,-1,-1,-1,-1,-1,0,0
317,9394,9394,-1,-1,-1,-1,-1,-1,-1,-1,-1,-1,0,0
318,9404,9404,-1,-1,-1,-1,-1,-1,-1,-1,-1,-1,0,0
319,9414,9414,-1,-1,-1,-1,-1,-1,-1,-1,-1,-1,0,0
320,9424,9424,-1,-1,-1,-1,-1,-1,-1,-1,-1,-1,0,0
321,9434,9434,-1,-1,-1,-1,-1,-1,-1,-1,-1,-1,0,0
322,9444,9444,-1,-1,-1,-1,-1,-1,-1,-1,-1,-1,0,0
323,9453,9453,-1,-1,-1,-1,-1,-1,-1,-1,-1,-1,0,0
324,9463,9463,-1,-1,-1,-1,-1,-1,-1,-1,-1,-1,0,0
325,9473,9473,-1,-1,-1,-1,-1,-1,-1,-1,-1,-1,0,0
326,9483,9483,-1,-1,-1,-1,-1,-1,-1,-1,-1,-1,0,0
327,9493,9493,-1,-1,-1,-1,-1,-1,-1,-1,-1,-1,0,0
328,9503,9503,-1,-1,-1,-1,-1,-1,-1,-1,-1,-1,0,0
329,9516,9516,-1,-1,-1,-1,-1,-1,-1,-1,-1,-1,0,0
330,9525,9525,-1,-1,-1,-1,-1,-1,-1,-1,-1,-1,0,0
331,9535,9535,-1,-1,-1,-1,-1,-1,-1,-1,-1,-1,0,0
332,9545,9545,-1,-1,-1,-1,-1,-1,-1,-1,-1,-1,0,0
333,9554,9554,-1,-1,-1,-1,-1,-1,-1,-1,-1,-1,0,0
334,9564,9564,-1,-1,-1,-1,-1,-1,-1,-1,-1,-1,0,0
335,9574,9574,-1,-1,-1,-1,-1,-1,-1,-1,-1,-1,0,0
336,9583,9583,-1,-1,-1,-1,-1,-1,-1,-1,-1,-1,0,0
337,9593,9593,-1,-1,-1,-1,-1,-1,-1,-1,-1,-1,0,0
338,9603,9603,-1,-1,-1,-1,-1,-1,-1,-1,-1,-1,0,0
339,9613,9613,-1,-1,-1,-1,-1,-1,-1,-1,-1,-1,0,0
340,9622,9622,-1,-1,-1,-1,-1,-1,-1,-1,-1,-1,0,0
341,9632,9632,-1,-1,-1,-1,-1,-1,-1,-1,-1,-1,0,0
342,9645,9645,-1,-1,-1,-1,-1,-1,-1,-1,-1,-1,0,0
343,9654,9654,-1,-1,-1,-1,-1,-1,-1,-1,-1,-1,0,0
344,9664,9664,-1,-1,-1,-1,-1,-1,-1,-1,-1,-1,0,0
345,9674,9674,-1,-1,-1,-1,-1,-1,-1,-1,-1,-1,0,0
346,9683,9683,-1,-1,-1,-1,-1,-1,-1,-1,-1,-1,0,0
347,9693,9693,-1,-1,-1,-1,-1,-1,-1,-1,-1,-1,0,0
348,9702,9702,-1,-1,-1,-1,-1,-1,-1,-1,-1,-1,0,0
349,9712,9712,-1,-1,-1,-1,-1,-1,-1,-1,-1,-1,0,0
350,9722,9722,-1,-1,-1,-1,-1,-1,-1,-1,-1,-1,0,0
351,9734,9734,-1,-1,-1,-1,-1,-1,-1,-1,-1,-1,0,0
352,9743,9743,-1,-1,-1,-1,-1,-1,-1,-1,-1,-1,0,0
353,9753,9753,-1,-1,-1,-1,-1,-1,-1,-1,-1,-1,0,0
354,9763,9763,-1,-1,-1,-1,-1,-1,-1,-1,-1,-1,0,0
355,9775,9775,-1,-1,-1,-1,-1,-1,-1,-1,-1,-1,0,0
356,9785,9785,-1,-1,-1,-1,-1,-1,-1,-1,-1,-1,0,0
357,9795,9795,-1,-1,-1,-1,-1,-1,-1,-1,-1,-1,0,0
358,9805,9805,-1,-1,-1,-1,-1,-1,-1,-1,-1,-1,0,0
359,9815,9815,-1,-1,-1,-1,-1,-1,-1,-1,-1,-1,0,0
360,9825,9825,-1,-1,-1,-1,-1,-1,-1,-1,-1,-1,0,0
361,9835,9835,-1,-1,-1,-1,-1,-1,-1,-1,-1,-1,0,0
362,9845,9845,-1,-1,-1,-1,-1,-1,-1,-1,-1,-1,0,0
363,9855,9855,-1,-1,-1,-1,-1,-1,-1,-1,-1,-1,0,0
364,9864,9864,-1,-1,-1,-1,-1,-1,-1,-1,-1,-1,0,0
365,9874,9874,-1,-1,-1,-1,-1,-1,-1,-1,-1,-1,0,0
366,9884,9884,-1,-1,-1,-1,-1,-1,-1,-1,-1,-1,0,0
367,9894,9894,-1,-1,-1,-1,-1,-1,-1,-1,-1,-1,0,0
368,9907,9907,-1,-1,-1,-1,-1,-1,-1,-1,-1,-1,0,0
369,9917,9917,-1,-1,-1,-1,-1,-1,-1,-1,-1,-1,0,0
370,9927,9927,-1,-1,-1,-1,-1,-1,-1,-1,-1,-1,0,0
371,9937,9937,-1,-1,-1,-1,-1,-1,-1,-1,-1,-1,0,0
372,9947,9947,-1,-1,-1,-1,-1,-1,-1,-1,-1,-1,0,0
373,9957,9957,-1,-1,-1,-1,-1,-1,-1,-1,-1,-1,0,0
374,9966,9966,-1,-1,-1,-1,-1,-1,-1,-1,-1,-1,0,0
375,9976,9976,-1,-1,-1,-1,-1,-1,-1,-1,-1,-1,0,0
376,9986,9986,-1,-1,-1,-1,-1,-1,-1,-1,-1,-1,0,0
377,9996,9996,-1,-1,-1,-1,-1,-1,-1,-1,-1,-1,0,0
378,10006,10006,-1,-1,-1,-1,-1,-1,-1,-1,-1,-1,0,0
379,10016,10016,-1,-1,-1,-1,-1,-1,-1,-1,-1,-1,0,0
380,10026,10026,-1,-1,-1,-1,-1,-1,-1,-1,-1,-1,0,0
381,10039,10039,-1,-1,-1,-1,-1,-1,-1,-1,-1,-1,0,0
382,10048,10048,-1,-1,-1,-1,-1,-1,-1,-1,-1,-1,0,0
383,10058,10058,-1,-1,-1,-1,-1,-1,-1,-1,-1,-1,0,0
384,10068,10068,-1,-1,-1,-1,-1,-1,-1,-1,-1,-1,0,0
385,10078,10078,-1,-1,-1,-1,-1,-1,-1,-1,-1,-1,0,0
386,10087,10088,-1,-1,-1,-1,-1,-1,-1,-1,-1,-1,0,0
387,10097,10097,-1,-1,-1,-1,-1,-1,-1,-1,-1,-1,0,0
388,10107,10107,-1,-1,-1,-1,-1,-1,-1,-1,-1,-1,0,0
389,10117,10117,-1,-1,-1,-1,-1,-1,-1,-1,-1,-1,0,0
390,10127,10127,-1,-1,-1,-1,-1,-1,-1,-1,-1,-1,0,0
391,10137,10137,-1,-1,-1,-1,-1,-1,-1,-1,-1,-1,0,0
392,10146,10146,-1,-1,-1,-1,-1,-1,-1,-1,-1,-1,0,0
393,10156,10156,-1,-1,-1,-1,-1,-1,-1,-1,-1,-1,0,0
394,10166,10166,-1,-1,-1,-1,-1,-1,-1,-1,-1,-1,0,0
395,10179,10179,-1,-1,-1,-1,-1,-1,-1,-1,-1,-1,0,0
396,10189,10189,-1,-1,-1,-1,-1,-1,-1,-1,-1,-1,0,0
397,10199,10199,-1,-1,-1,-1,-1,-1,-1,-1,-1,-1,0,0
398,10208,10208,-1,-1,-1,-1,-1,-1,-1,-1,-1,-1,0,0
399,10218,10218,-1,-1,-1,-1,-1,-1,-1,-1,-1,-1,0,0
400,10228,10228,-1,-1,-1,-1,-1,-1,-1,-1,-1,-1,0,0
401,10238,10238,-1,-1,-1,-1,-1,-1,-1,-1,-1,-1,0,0
402,10247,10247,-1,-1,-1,-1,-1,-1,-1,-1,-1,-1,0,0
403,10257,10257,-1,-1,-1,-1,-1,-1,-1,-1,-1,-1,0,0
404,10267,10267,-1,-1,-1,-1,-1,-1,-1,-1,-1,-1,0,0
405,10277,10277,-1,-1,-1,-1,-1,-1,-1,-1,-1,-1,0,0
406,10287,10287,-1,-1,-1,-1,-1,-1,-1,-1,-1,-1,0,0
407,10297,10297,-1,-1,-1,-1,-1,-1,-1,-1,-1,-1,0,0
408,10309,10309,-1,-1,-1,-1,-1,-1,-1,-1,-1,-1,0,0
409,10319,10319,-1,-1,-1,-1,-1,-1,-1,-1,-1,-1,0,0
410,10329,10329,-1,-1,-1,-1,-1,-1,-1,-1,-1,-1,0,0
411,10339,10339,-1,-1,-1,-1,-1,-1,-1,-1,-1,-1,0,0
412,10349,10349,-1,-1,-1,-1,-1,-1,-1,-1,-1,-1,0,0
413,10358,10358,-1,-1,-1,-1,-1,-1,-1,-1,-1,-1,0,0
414,10368,10368,-1,-1,-1,-1,-1,-1,-1,-1,-1,-1,0,0
415,10378,10378,-1,-1,-1,-1,-1,-1,-1,-1,-1,-1,0,0
416,10388,10388,-1,-1,-1,-1,-1,-1,-1,-1,-1,-1,0,0
417,10398,10398,-1,-1,-1,-1,-1,-1,-1,-1,-1,-1,0,0
418,10407,10407,-1,-1,-1,-1,-1,-1,-1,-1,-1,-1,0,0
419,10418,10418,-1,-1,-1,-1,-1,-1,-1,-1,-1,-1,0,0
420,10427,10427,-1,-1,-1,-1,-1,-1,-1,-1,-1,-1,0,0
421,10440,10440,-1,-1,-1,-1,-1,-1,-1,-1,-1,-1,0,0
422,10450,10450,-1,-1,-1,-1,-1,-1,-1,-1,-1,-1,0,0
423,10460,10460,-1,-1,-1,-1,-1,-1,-1,-1,-1,-1,0,0
424,10470,10470,-1,-1,-1,-1,-1,-1,-1,-1,-1,-1,0,0
425,10479,10479,-1,-1,-1,-1,-1,-1,-1,-1,-1,-1,0,0
426,10489,10489,-1,-1,-1,-1,-1,-1,-1,-1,-1,-1,0,0
427,10499,10499,-1,-1,-1,-1,-1,-1,-1,-1,-1,-1,0,0
428,10509,10509,-1,-1,-1,-1,-1,-1,-1,-1,-1,-1,0,0
429,10519,10519,-1,-1,-1,-1,-1,-1,-1,-1,-1,-1,0,0
430,10529,10529,-1,-1,-1,-1,-1,-1,-1,-1,-1,-1,0,0
431,10539,10539,-1,-1,-1,-1,-1,-1,-1,-1,-1,-1,0,0
432,10549,10549,-1,-1,-1,-1,-1,-1,-1,-1,-1,-1,0,0
433,10558,10558,-1,-1,-1,-1,-1,-1,-1,-1,-1,-1,0,0
434,10571,10571,-1,-1,-1,-1,-1,-1,-1,-1,-1,-1,0,0
435,10581,10581,-1,-1,-1,-1,-1,-1,-1,-1,-1,-1,0,0
436,10590,10590,-1,-1,-1,-1,-1,-1,-1,-1,-1,-1,0,0
437,10600,10600,-1,-1,-1,-1,-1,-1,-1,-1,-1,-1,0,0
438,10610,10610,-1,-1,-1,-1,-1,-1,-1,-1,-1,-1,0,0
0,925,935,2,-6,900,31,193,-816,107,-6680,-12182,-7637,-16384,0
1,945,955,8,-4,891,-63,196,-820,112,-6675,-11943,-7829,16384,0
2,965,974,3,-11,890,-495,201,-813,110,-6938,-12080,-7745,-32768,0
3,984,994,7,-3,903,-127,201,-821,108,-6746,-12056,-7913,0,0
4,1004,1014,6,-6,892,-47,199,-825,107,-6770,-12128,-8080,0,0
5,1023,1033,4,-10,901,-223,201,-818,114,-6752,-12206,-7883,-16384,0
6,1043,1053,8,-6,909,-319,195,-818,110,-6692,-12176,-8146,0,0
7,1062,1072,2,-14,905,-143,199,-813,110,-6645,-12128,-8170,-16384,0
8,1085,1095,8,-4,901,-111,199,-818,109,-6675,-12104,-7972,-16384,0
9,1105,1115,2,-9,906,-111,195,-817,110,-6531,-11985,-7913,-32768,0
10,1124,1134,9,-8,908,-255,193,-814,112,-6627,-12278,-7972,0,0
11,1144,1154,3,-4,895,-207,200,-818,108,-6890,-12050,-7930,0,0
12,1163,1173,5,-6,898,95,193,-822,108,-6663,-11991,-8134,16384,0
13,1183,1193,4,-7,900,-351,199,-818,108,-6675,-12164,-8379,0,0
14,1202,1212,3,-12,904,79,194,-823,112,-6692,-12200,-8194,0,0
15,1222,1232,8,-8,908,79,193,-817,115,-6836,-12128,-8218,-32768,0
16,1242,1252,10,-6,897,-319,199,-822,110,-6776,-12062,-7883,-16384,0
17,1261,1271,9,-9,893,0,196,-823,106,-6812,-12134,-8128,0,0
18,1281,1291,13,-14,903,-271,197,-817,107,-6770,-12194,-8086,0,0
19,1301,1310,10,-4,904,-303,199,-820,105,-6824,-11985,-7907,-32768,0
20,1320,1330,8,-6,899,47,195,-816,107,-6776,-12015,-7966,0,0
21,1343,1352,4,-10,904,175,196,-823,104,-6824,-12116,-8218,16384,0
22,1362,1372,5,-17,909,0,193,-822,110,-6842,-12068,-7984,-16384,0
23,1382,1392,15,-8,899,191,193,-818,104,-6812,-11979,-8260,0,0
24,1402,1412,3,-10,911,-287,199,-817,112,-6848,-11997,-7990,-16384,0
25,1422,1432,13,-9,896,95,196,-817,107,-6722,-11973,-8038,0,0
26,1441,1451,10,-7,900,-303,192,-824,115,-6764,-11871,-7913,16384,0
27,1461,1471,4,-3,909,79,200,-817,112,-6932,-11895,-8320,16384,0
28,1481,1491,15,-13,912,0,201,-818,106,-6896,-11955,-8080,-32768,0
29,1501,1510,12,-6,907,-47,199,-820,107,-6818,-11847,-7895,-16384,0
30,1520,1530,-171,-15,909,-607,197,-820,112,-6842,-12003,-8080,0,0
31,1540,1550,6,-13,907,63,203,-814,110,-6902,-11811,-8182,-32768,0
32,1560,1570,-1,-8,915,31,197,-818,105,-7022,-11853,-8134,-32768,0
33,1580,1589,17,-3,913,0,195,-816,114,-6836,-12056,-8158,0,0
34,1602,1612,6,-14,911,-47,189,-818,110,-6675,-12050,-8320,0,0
35,1622,1632,3,-4,905,303,194,-822,108,-6872,-11949,-8200,-16384,0
36,1642,1652,6,-10,905,15,200,-823,108,-6686,-12038,-8302,0,0
37,1662,1671,9,-15,906,-111,200,-822,112,-7022,-11979,-8182,0,0
38,1681,1691,8,-15,915,319,193,-824,114,-6842,-11979,-8008,0,0
39,1701,1711,12,-4,913,159,193,-816,109,-6836,-12009,-7936,-16384,0
40,1721,1731,5,-9,909,-191,196,-820,106,-6842,-12182,-8266,16384,0
41,1741,1751,4,-17,917,15,197,-817,115,-6938,-11937,-8338,-32768,0
42,1761,1771,4,-8,906,31,194,-818,108,-6890,-12146,-8344,0,0
43,1780,1790,4,-9,911,-303,203,-818,108,-6752,-11949,-8230,16384,0
44,1800,1810,6,-12,911,63,202,-817,109,-6914,-11895,-8373,-16384,0
45,1820,1830,6,-6,909,-303,197,-818,108,-6914,-12104,-8122,0,0
46,1840,1850,2,-10,915,399,201,-817,108,-6872,-11985,-8080,0,0
47,1863,1873,10,-10,911,0,202,-818,116,-7046,-12021,-8415,0,0
48,1883,1892,6,-8,906,-127,203,-822,113,-6842,-11979,-7978,0,0
49,1902,1912,2,-4,909,0,195,-821,108,-6926,-12086,-8086,-32768,0
50,1922,1932,2,-10,909,-47,204,-815,106,-6758,-11883,-7996,16384,0
51,1942,1952,8,-4,908,191,199,-817,106,-6884,-11787,-8409,-16384,0
52,1962,1972,7,-9,909,-271,201,-824,107,-7046,-11937,-8475,0,0
53,1981,1991,12,-10,903,-143,202,-816,108,-6842,-12032,-8152,-16384,0
54,2001,2011,5,-6,920,-223,197,-815,106,-6878,-12050,-8260,0,0
55,2021,2031,0,-4,911,-95,197,-817,110,-6902,-12015,-8308,0,0
56,2041,2051,2,-5,911,31,202,-818,110,-6800,-11913,-8415,16384,0
57,2061,2070,5,-8,914,-79,201,-823,107,-6920,-11775,-8248,0,0
58,2080,2090,9,-3,905,-47,195,-823,109,-6722,-12032,-8415,0,0
59,2100,2110,4,-6,906,335,197,-817,108,-6818,-12110,-8553,0,0
60,2120,2130,10,-10,922,63,194,-822,108,-6908,-12068,-8481,-32768,0
61,2143,2152,2,-7,912,-79,195,-821,113,-6872,-11811,-8385,0,0
62,2163,2172,4,-13,913,-175,193,-817,114,-6818,-11823,-8020,0,0
63,2182,2192,7,-4,915,-399,197,-815,112,-6770,-11847,-8050,0,0
64,2202,2212,13,-15,917,-239,197,-821,106,-6752,-11781,-8182,16384,0
65,2222,2232,6,-5,912,47,202,-823,105,-6776,-11859,-7966,0,0
66,2242,2252,3,-8,917,-175,195,-814,107,-6812,-11973,-8230,0,0
67,2261,2271,4,-10,926,687,200,-814,109,-6776,-11925,-8140,0,0
68,2281,2291,6,-8,911,207,196,-822,109,-7118,-11937,-8523,-16384,0
69,2301,2311,4,-15,919,-255,197,-815,109,-6866,-12021,-8092,0,0
70,2321,2331,4,-11,907,143,201,-820,112,-6926,-11793,-8368,16384,0
71,2341,2351,4,-10,911,-703,203,-824,107,-6848,-11721,-8577,16384,0
72,2361,2371,9,-12,922,-287,197,-824,113,-6950,-11967,-8529,0,0
73,2380,2390,8,-13,916,143,192,-820,110,-7022,-11853,-8397,-16384,0
74,2403,2413,2,-13,920,-143,197,-821,107,-6908,-11955,-8092,16384,0
75,2423,2433,8,-8,922,15,193,-820,107,-6776,-12021,-8350,16384,0
76,2443,2453,2,-8,915,-143,199,-815,108,-6920,-11931,-8583,-16384,0
77,2463,2472,11,-10,918,47,203,-814,106,-6974,-11955,-8529,0,0
78,2483,2492,6,-6,921,255,193,-817,106,-6974,-12015,-8104,-16384,0
79,2502,2512,10,-11,925,127,192,-817,109,-6968,-11937,-8356,-16384,0
80,2522,2532,5,-12,917,-175,197,-817,105,-6902,-12026,-8493,-16384,0
81,2542,2552,6,-4,913,-127,194,-815,105,-6878,-11889,-8242,0,0
82,2562,2572,6,-6,919,-303,199,-816,108,-6908,-12015,-8559,16384,0
83,2581,2591,6,-6,913,63,199,-816,107,-7070,-12080,-8296,16384,0
84,2601,2611,11,-8,918,95,195,-817,113,-6884,-12176,-8218,0,0
85,2621,2631,9,-10,923,255,197,-817,108,-7022,-11943,-8397,0,0
86,2641,2651,5,-4,918,143,196,-815,108,-6818,-12092,-7907,-16384,0
87,2664,2674,8,-5,916,-175,196,-818,110,-6770,-11979,-8385,0,0
88,2683,2693,4,-5,915,63,195,-814,108,-6914,-11835,-8350,-16384,0
89,2703,2713,13,-4,924,-271,195,-814,106,-6872,-11901,-8248,0,0
90,2723,2733,8,-7,919,111,196,-821,107,-6686,-11907,-8254,-16384,0
91,2743,2753,0,-7,921,351,196,-820,107,-6680,-11871,-8152,16384,0
92,2763,2772,4,-8,914,-223,197,-825,110,-6902,-11733,-8260,-16384,0
93,2783,2792,2,-17,922,31,197,-821,106,-6878,-11721,-8302,0,0
94,2802,2812,3,-8,914,0,197,-814,107,-6968,-11805,-8523,0,0
95,2822,2832,1,-10,918,-95,201,-814,109,-6836,-12032,-8122,0,0
96,2842,2852,4,-11,915,127,2968,-7949,-7341,-6884,-12062,-8541,-32768,0
97,2862,2871,2,-7,919,0,231,-611,-139,-6938,-11985,-8194,-16384,0
98,2881,2891,9,-4,916,255,183,-398,-132,-6884,-11985,-8379,-16384,0
99,2901,2911,6,-9,911,-319,139,-229,-108,-6920,-11955,-8302,-16384,0
100,2923,2933,5,-4,919,-31,99,-83,-98,-6926,-11871,-7859,0,0
101,2943,2953,6,-4,922,303,76,26,-76,-6710,-11913,-7883,16384,0
102,2963,2973,19,-5,904,-95,48,115,-56,-6842,-11787,-7978,0,0
103,2982,2992,6,-5,918,63,41,189,-56,-6872,-11763,-7960,-16384,0
104,3002,3012,11,-5,913,223,22,232,-59,-6692,-11907,-7889,0,0
105,3021,3031,4,-10,929,207,18,266,-58,-6728,-12068,-8158,0,0
106,3041,3051,7,-7,906,-31,11,290,-59,-6764,-11859,-8008,0,0
107,3060,3070,4,-17,920,399,4,301,-56,-6866,-11925,-8266,0,0
108,3080,3090,2,-6,913,15,0,309,-45,-6806,-11769,-8062,-16384,0
109,3100,3110,2,-8,919,-255,2,319,-46,-6974,-11901,-8152,-16384,0
110,3119,3129,15,-10,925,-447,5,315,-37,-6764,-11913,-8218,-32768,0
111,3139,3149,2,-10,923,47,-2,306,-36,-6854,-11943,-7990,16384,0
112,3159,3168,6,-15,915,-271,0,301,-38,-6902,-11835,-7954,0,0
113,3189,3199,3,-10,920,-367,10,291,-40,-6866,-11907,-8110,0,0
114,3208,3218,10,-6,915,-303,2,283,-28,-7052,-11991,-8098,16384,0
115,3228,3238,11,-5,924,-111,8,273,-30,-7010,-11811,-8134,16384,0
116,3248,3258,13,-5,925,-335,4,263,-27,-6734,-11925,-7966,-16384,0
117,3267,3277,4,-10,922,-95,10,252,-21,-6818,-11997,-8032,16384,0
118,3287,3297,2,-6,922,-159,13,242,-11,-6956,-11937,-8218,0,0
119,3308,3318,2,-4,912,-79,17,225,-12,-7076,-11913,-8212,-16384,0
120,3328,3338,4,-6,916,-175,24,219,-6,-6950,-11871,-7972,0,0
121,3347,3357,13,-8,924,127,16,207,3,-7123,-11817,-8427,0,0
122,3367,3377,6,-8,921,-255,18,197,10,-6896,-11799,-8278,0,0
123,3386,3396,6,-4,926,207,28,184,11,-6818,-11781,-8068,0,0
124,3406,3416,4,-11,923,-127,28,176,12,-6908,-11865,-7972,16384,0
125,3426,3435,3,-13,917,0,29,164,18,-7034,-11625,-8427,16384,0
126,3448,3458,13,-15,913,0,35,148,18,-6794,-11829,-8074,0,0
127,3468,3478,8,-8,915,63,29,146,18,-7022,-11751,-8242,-32768,0
128,3488,3497,16,-8,924,111,30,132,19,-6920,-11901,-8278,-16384,0
129,3507,3517,8,-13,917,-511,40,123,20,-6908,-11763,-8188,0,0
130,3527,3537,1,-6,911,-15,42,108,22,-6992,-11853,-7847,16384,0
131,3547,3557,8,-6,922,-335,45,105,16,-6956,-11829,-7889,16384,0
132,3567,3576,6,-7,921,319,43,96,13,-7082,-11853,-8086,0,0
133,3586,3596,3,-5,927,-191,48,81,14,-7183,-11835,-8044,-16384,0
134,3606,3616,4,-6,922,63,46,73,9,-6968,-11841,-8026,-16384,0
135,3626,3636,9,-8,913,15,51,66,10,-7135,-11823,-8086,0,0
136,3646,3655,4,-4,914,-271,50,56,9,-7076,-11691,-8020,0,0
137,3665,3675,2,-6,922,-47,56,41,5,-6962,-11859,-8104,-32768,0
138,3685,3695,5,-10,915,-431,57,41,3,-6680,-11763,-7960,16384,0
139,3708,3718,4,-14,924,15,52,40,1,-6890,-11775,-8254,16384,0
140,3728,3737,4,-11,909,-367,52,43,4,-6884,-11829,-8134,0,0
141,3747,3757,12,-8,924,63,57,45,2,-6932,-11589,-8056,0,0
142,3767,3777,13,-10,922,63,60,43,-1,-6848,-11691,-8272,16384,0
143,3787,3797,4,-11,933,-255,57,43,3,-6932,-11703,-8134,16384,0
144,3807,3817,3,-8,925,287,52,41,-1,-6782,-11811,-8326,0,0
145,3826,3836,3,-7,923,255,52,41,0,-6806,-11853,-8140,16384,0
146,3846,3856,5,-10,920,-255,56,45,2,-6866,-11997,-8206,0,0
147,3866,3876,3,-12,919,31,54,36,1,-6836,-11757,-8032,16384,0
148,3886,3896,14,-7,927,0,52,38,3,-6878,-11967,-8320,16384,0
149,3906,3915,8,-10,917,-175,49,36,-1,-6980,-12038,-7966,0,0
150,3925,3935,6,-10,927,-63,53,37,1,-7010,-11997,-8134,16384,0
151,3945,3955,16,-10,926,-271,51,45,4,-6926,-11817,-8056,-32768,0
152,3965,3975,8,-4,926,-207,57,37,0,-6854,-12038,-8272,0,0
153,3982,3992,4,-10,927,-447,56,34,-2,-6950,-11997,-8176,0,0
154,4002,4012,3,-10,928,-271,54,34,2,-7070,-11793,-8314,0,0
155,4022,4032,3,-5,913,-127,51,41,0,-7016,-11877,-8463,0,0
156,4042,4052,4,-8,922,-415,54,44,4,-6914,-11631,-8212,0,0
157,4062,4071,6,-10,918,-623,51,45,2,-7028,-11763,-8284,0,0
158,4081,4091,10,-14,925,-207,56,38,3,-7171,-11685,-8523,-16384,0
159,4101,4111,10,-15,928,303,57,41,6,-7082,-11973,-8619,16384,0
160,4121,4131,7,-8,917,-191,48,34,4,-6764,-11919,-8451,0,0
161,4141,4151,3,-8,916,-175,54,45,0,-6842,-12021,-8373,-32768,0
162,4161,4171,8,-4,913,0,54,42,3,-6986,-12003,-8439,0,0
163,4181,4190,6,-2,920,15,52,42,-2,-7010,-12003,-8655,16384,0
164,4200,4210,7,-6,930,0,57,42,6,-6950,-11973,-8421,16384,0
165,4220,4230,10,-7,924,-367,56,41,4,-7058,-11745,-8200,0,0
166,4243,4253,4,-6,926,-271,53,41,4,-6968,-11703,-8248,0,0
167,4263,4272,5,-13,925,159,51,42,2,-6968,-11781,-8595,16384,0
168,4282,4292,5,-9,917,0,58,49,3,-7141,-11769,-8176,16384,0
169,4302,4312,4,-15,925,-431,52,42,0,-7112,-11865,-8176,16384,0
170,4322,4332,4,-13,926,-303,57,40,2,-6884,-11913,-8296,0,0
171,4342,4352,17,-7,916,63,53,36,3,-6938,-11805,-8140,16384,0
172,4362,4371,174,-7,929,-223,53,38,-3,-6986,-11871,-8272,0,0
173,4381,4391,2,-10,927,-463,53,36,2,-7004,-11733,-8344,0,0
174,4401,4411,2,-13,920,31,50,35,0,-7094,-11889,-8278,16384,0
175,4421,4431,3,-20,928,-47,60,43,0,-6848,-11757,-8332,-32768,0
176,4441,4450,14,-4,924,63,58,46,2,-6986,-11709,-8344,0,0
177,4460,4470,9,-8,917,95,53,35,2,-6872,-11883,-8517,16384,0
178,4480,4490,8,-8,930,303,52,40,-2,-6902,-11847,-8409,0,0
179,4503,4513,5,-4,917,159,54,37,6,-6914,-11829,-8368,16384,0
180,4523,4533,2,-12,926,-271,56,37,3,-6920,-11817,-8326,16384,0
181,4543,4552,12,-3,929,287,54,44,4,-6860,-11901,-8499,0,0
182,4562,4572,2,-6,922,0,54,37,4,-6866,-11865,-8326,0,0
183,4582,4592,5,-5,921,0,53,43,3,-6908,-11895,-8164,16384,0
184,4602,4612,4,-8,924,143,53,45,2,-6836,-12122,-8565,0,0
185,4622,4632,9,-7,917,-319,56,37,1,-6962,-11967,-8284,16384,0
186,4642,4651,2,-4,923,0,52,42,2,-6848,-12026,-8272,-16384,0
187,4661,4671,-1,-8,928,-287,54,42,4,-6980,-11967,-8188,0,0
188,4681,4691,7,-8,920,-159,56,45,-1,-6842,-11949,-8074,-32768,0
189,4701,4711,1,-7,913,-479,58,41,4,-7040,-11889,-8272,0,0
190,4721,4731,7,-4,926,-63,50,38,-4,-6866,-11877,-8326,16384,0
191,4741,4750,4,-4,933,-239,50,38,3,-6986,-11877,-7948,-16384,0
192,4763,4773,6,-10,922,-111,54,37,1,-6974,-11931,-8194,0,0
193,4783,4793,4,-5,921,223,57,41,6,-6992,-12015,-8445,-32768,0
194,4803,4813,8,-10,933,0,57,43,1,-6986,-11901,-8230,16384,0
195,4823,4833,4,-4,923,143,53,38,8,-6698,-12021,-8517,0,0
196,4843,4852,6,-7,922,239,54,45,-2,-6938,-11913,-8517,0,0
197,4862,4872,4,-10,925,-383,57,42,2,-6956,-11757,-8433,0,0
198,4882,4892,6,-4,927,-143,50,43,1,-6974,-11871,-8391,16384,0
199,4902,4912,4,-6,922,31,57,43,-2,-6872,-11967,-8116,-32768,0
200,4922,4932,6,-8,928,-303,52,38,4,-6938,-11973,-8332,0,0
201,4942,4952,8,-6,929,-255,50,38,3,-6860,-11847,-8200,16384,0
202,4962,4971,8,-8,921,-319,59,41,-3,-6740,-11841,-8523,0,0
203,4981,4991,3,-10,913,-143,54,41,3,-6830,-12009,-8176,0,0
204,5001,5011,6,-6,920,-15,52,42,5,-6806,-11937,-8535,-16384,0
205,5024,5034,15,-9,918,255,53,35,3,-6752,-12021,-8517,16384,0
206,5043,5053,4,-4,922,-191,56,36,6,-6908,-11997,-8212,0,0
207,5063,5073,6,-12,920,175,53,42,4,-6728,-11949,-8439,16384,0
208,5083,5093,3,-7,922,0,54,41,3,-6776,-12110,-8344,0,0
209,5103,5112,4,-6,914,79,57,45,6,-7064,-12021,-8625,0,0
210,5122,5132,6,-13,928,-383,48,37,-1,-6752,-11925,-8655,16384,0
211,5142,5152,5,-12,925,-255,53,40,0,-6908,-12032,-8643,-32768,0
212,5161,5171,2,-7,928,175,53,43,3,-6872,-11943,-8433,0,0
213,5181,5191,2,-10,923,63,54,45,9,-6836,-11967,-8559,0,0
214,5201,5211,4,-4,921,-159,53,40,4,-6854,-12026,-8391,-32768,0
215,5220,5230,6,-5,936,-543,56,42,0,-6944,-12122,-8601,-16384,0
216,5240,5250,8,-17,937,0,52,45,5,-7040,-12098,-8391,0,0
217,5260,5270,2,-6,922,-447,54,44,6,-6669,-11871,-8266,0,0
218,5282,5292,2,-6,920,399,58,32,1,-6746,-11961,-8158,-16384,0
219,5302,5312,6,-9,916,0,57,45,5,-6896,-11889,-8158,-32768,0
220,5321,5331,9,-10,916,15,56,41,3,-7058,-12110,-8571,-16384,0
221,5341,5351,1,-4,924,0,58,38,6,-6800,-11955,-8703,-32768,0
222,5361,5370,6,-12,925,-31,51,36,3,-6878,-11961,-8583,16384,0
223,5380,5390,5,-2,933,-191,51,38,4,-6806,-11931,-8188,16384,0
224,5400,5410,3,-3,925,95,51,37,2,-6914,-11919,-8553,-16384,0
225,5420,5429,3,-4,923,239,57,40,3,-6872,-11901,-8451,0,0
226,5439,5449,1,-8,920,-207,52,41,6,-6830,-11763,-8547,0,0
227,5459,5469,4,-6,906,-127,54,40,2,-7088,-11751,-8475,16384,0
228,5478,5488,3,-10,925,-303,53,40,6,-6794,-11877,-8391,0,0
229,5498,5508,8,-17,919,15,57,41,9,-6944,-11751,-8385,16384,0
230,5518,5527,6,-4,929,0,54,42,3,-6908,-11805,-8631,16384,0
231,5540,5550,6,-10,920,-431,53,40,-3,-6884,-11967,-8397,0,0
232,5560,5570,0,-10,920,-31,56,36,2,-6920,-11937,-8284,-32768,0
233,5580,5590,6,-2,924,223,57,37,2,-6956,-11967,-8511,16384,0
234,5600,5610,10,-1,922,223,53,41,0,-7118,-11811,-8182,-16384,0
235,5619,5629,13,-9,922,239,57,40,3,-6848,-12009,-8248,0,0
236,5639,5649,10,-8,927,0,53,43,1,-6770,-11985,-8182,-16384,0
237,5659,5669,5,-1,926,-351,52,41,9,-6884,-11895,-8194,16384,0
238,5679,5688,2,-8,917,31,52,45,1,-6848,-11907,-8535,-32768,0
239,5699,5708,3,-11,924,-255,52,38,4,-6926,-11901,-8373,16384,0
240,5720,5730,4,-13,919,-351,54,40,4,-6860,-11823,-8403,0,0
241,5740,5750,7,-10,921,-399,56,43,6,-6908,-11811,-8206,0,0
242,5760,5770,5,-14,918,0,53,36,0,-6854,-11721,-8362,16384,0
243,5780,5790,0,-10,929,95,52,43,9,-6938,-11829,-8385,-16384,0
244,5802,5812,6,-7,930,95,52,41,3,-6878,-11847,-8290,16384,0
245,5822,5832,2,-16,913,-447,54,36,-1,-6758,-11751,-8433,0,0
246,5842,5851,5,-2,925,127,59,41,6,-6968,-11709,-7966,0,0
247,5862,5871,6,-5,918,-191,53,44,4,-6866,-11673,-8284,16384,0
248,5881,5891,4,-8,923,-255,56,46,10,-6974,-11631,-8254,0,0
249,5901,5911,8,-8,933,127,59,48,5,-6932,-11667,-8164,0,0
250,5921,5931,0,-7,919,175,52,43,2,-6830,-11835,-8062,16384,0
251,5941,5951,7,-5,930,47,56,41,0,-6752,-11655,-8266,16384,0
252,5960,5970,3,-15,924,0,57,44,6,-6824,-11901,-8134,16384,0
253,5980,5990,6,-8,924,63,59,42,4,-6848,-11865,-8134,0,0
254,6000,6010,2,-3,921,255,59,43,0,-6752,-11877,-8116,0,0
255,6020,6030,2,-6,933,-303,56,43,0,-6890,-11781,-8373,16384,0
256,6040,6050,15,-17,906,-15,56,40,3,-6758,-11817,-8104,16384,0
257,6060,6069,2,-8,919,-383,57,45,6,-6812,-11829,-8122,0,0
258,6082,6092,11,-10,918,175,54,41,5,-6704,-11739,-8068,0,0
259,6102,6112,8,-4,920,-191,59,45,6,-6680,-11697,-8535,16384,0
260,6122,6132,10,-6,906,31,56,49,4,-6842,-11763,-8068,16384,0
261,6142,6152,4,-7,925,-303,57,45,6,-6968,-11763,-8373,0,0
262,6162,6172,12,-5,933,-111,58,41,4,-6902,-11841,-8326,-16384,0
263,6181,6191,6,-6,915,-159,51,41,4,-6818,-11979,-8266,16384,0
264,6201,6211,11,-6,927,-143,56,44,9,-6806,-11931,-8092,-16384,0
265,6221,6231,15,-3,924,-367,57,40,5,-6878,-11835,-8188,0,0
266,6241,6251,0,-11,917,415,50,40,-1,-6788,-11859,-8098,16384,0
267,6261,6270,4,-7,926,175,54,38,2,-6794,-11919,-8218,0,0
268,6280,6290,8,-5,929,175,52,46,4,-6878,-11673,-7960,0,0
269,6300,6310,4,-13,924,-111,52,40,-1,-7040,-11889,-7990,16384,0
270,6320,6330,6,-7,923,-191,51,42,3,-6782,-11829,-8356,0,0
271,6343,6353,3,-10,917,175,53,38,0,-6872,-11901,-8296,16384,0
272,6363,6373,4,-13,928,95,51,44,8,-6746,-12080,-7978,16384,0
273,6383,6392,10,-8,926,-239,52,45,-1,-6890,-12176,-8170,-32768,0
274,6402,6412,1,-13,926,-191,52,41,-1,-6818,-12009,-8338,0,0
275,6422,6432,-2,-12,922,-111,53,46,-1,-6788,-11901,-8152,0,0
276,6442,6452,4,-8,927,-351,56,41,6,-6830,-11871,-8134,16384,0
277,6461,6471,11,-10,928,-255,56,44,8,-6770,-11943,-8272,0,0
278,6481,6491,6,-13,922,-367,52,43,6,-6764,-12050,-8266,0,0
279,6501,6511,2,-10,923,-303,56,40,2,-6914,-11925,-8350,0,0
280,6521,6531,7,-2,922,-111,52,42,-1,-6788,-11907,-8451,16384,0
281,6541,6551,10,-11,921,191,57,41,2,-6812,-11811,-8517,0,0
282,6561,6570,2,-2,926,0,52,38,3,-7034,-11853,-8356,16384,0
283,6580,6590,8,-18,937,-367,48,38,-1,-6746,-11883,-8451,16384,0
284,6603,6613,2,-9,913,0,54,43,4,-6830,-11853,-8302,-16384,0
285,6623,6633,10,-8,943,-63,53,44,2,-6920,-11673,-8619,16384,0
286,6643,6653,2,-3,920,111,54,43,1,-6854,-11577,-8499,-32768,0
287,6663,6672,5,-13,928,-591,53,40,0,-6890,-11799,-8433,16384,0
288,6682,6692,11,-8,913,-479,51,44,0,-6920,-11829,-8547,0,0
289,6702,6712,4,-1,910,-255,54,42,1,-7052,-11530,-8541,-16384,0
290,6722,6732,4,-4,926,-175,53,45,2,-6854,-11817,-8254,16384,0
291,6742,6752,6,-6,928,-431,54,46,5,-6842,-11781,-8373,-32768,0
292,6762,6771,2,-3,922,47,56,42,0,-7100,-11841,-8733,16384,0
293,6782,6792,2,-7,925,-335,53,40,3,-6974,-11727,-8391,16384,0
294,6801,6811,1,-4,920,-63,51,42,1,-7010,-11967,-8541,-16384,0
295,6821,6831,4,-10,930,-591,51,44,6,-6794,-11931,-8368,0,0
296,6841,6851,2,-8,932,-111,50,46,6,-7034,-11865,-8469,0,0
297,6864,6874,3,-8,927,255,58,44,0,-6878,-11919,-8541,16384,0
298,6884,6893,9,-10,921,111,54,44,4,-6800,-11847,-8415,0,0
299,6903,6913,1,-9,918,0,50,45,6,-6848,-11967,-8505,0,0
300,6923,6933,4,-4,926,111,58,43,6,-7135,-11925,-8529,0,0
301,6943,6953,0,-8,916,207,48,38,1,-6992,-11793,-8451,16384,0
302,6963,6973,3,-4,921,-319,58,49,9,-6818,-11769,-8373,0,0
303,6983,6992,4,-3,928,-335,50,36,3,-6926,-11787,-8062,-32768,0
304,7002,7012,3,-8,923,15,53,45,3,-6884,-11871,-8242,16384,0
305,7022,7032,15,-8,919,159,57,38,1,-6914,-12015,-8218,16384,0
306,7042,7052,6,-10,925,-303,54,36,4,-7028,-11907,-8350,16384,0
307,7062,7072,8,-6,928,-79,58,43,2,-6974,-11835,-8379,16384,0
308,7082,7092,4,-3,926,-367,54,44,3,-7076,-11679,-8445,0,0
309,7102,7112,9,-2,924,-79,54,44,3,-7058,-11775,-8056,16384,0
310,7124,7134,10,-10,930,-175,52,45,6,-6908,-11895,-8242,16384,0
311,7144,7154,4,-4,911,-607,56,34,2,-6872,-11691,-8272,16384,0
312,7163,7173,6,-8,939,-111,52,41,1,-7028,-11853,-8553,0,0
313,7183,7193,2,-17,917,-63,53,44,8,-6938,-11919,-8445,-16384,0
314,7203,7213,0,-13,925,0,50,40,0,-6920,-11697,-8140,-32768,0
315,7222,7232,-4,-3,916,-31,57,40,4,-6914,-11727,-8332,0,0
316,7242,7252,4,-3,926,-31,53,43,0,-6980,-11883,-8463,16384,0
317,7262,7272,6,-8,931,15,58,40,1,-6698,-11709,-8379,0,0
318,7281,7291,4,-8,925,-527,52,41,-290,-6800,-11643,-8433,16384,0
319,7301,7311,4,-6,917,-239,56,43,2,-6842,-11757,-8475,-32768,0
320,7321,7331,13,-6,926,-79,54,41,3,-6854,-11889,-8278,-16384,0
321,7340,7350,4,-9,921,-335,57,40,0,-6848,-11859,-8248,16384,0
322,7360,7370,3,-9,927,-463,53,42,4,-6782,-11703,-8415,-16384,0
323,7382,7392,5,-6,927,79,58,41,0,-6728,-11619,-8547,0,0
324,7402,7412,4,-2,923,159,57,43,-2,-6836,-11955,-8314,-16384,0
325,7422,7432,10,-13,924,-159,51,37,0,-6776,-11661,-8296,16384,0
326,7442,7451,17,-6,925,-175,51,34,1,-6872,-11703,-8667,16384,0
327,7461,7471,8,-13,926,255,56,45,1,-6836,-11679,-8254,0,0
328,7481,7491,3,-9,924,-367,56,38,2,-6974,-11566,-8350,-16384,0
329,7500,7510,4,-12,923,-191,50,41,6,-7123,-11583,-8511,0,0
330,7520,7530,2,-6,926,-127,49,35,4,-6920,-11733,-8212,0,0
331,7540,7550,19,-2,924,-287,54,38,-1,-6908,-11631,-8308,16384,0
332,7560,7569,4,-10,922,143,50,42,1,-6854,-11500,-8451,0,0
333,7579,7589,13,-4,928,-383,56,35,3,-7028,-11679,-8451,16384,0
334,7599,7609,6,-3,930,-223,52,41,1,-6992,-11595,-8338,0,0
335,7618,7628,7,-10,915,31,52,37,4,-6902,-11727,-8373,-32768,0
336,7641,7651,0,-4,922,-447,52,42,6,-6974,-11601,-8368,16384,0
337,7661,7671,7,-11,932,-47,57,44,1,-6968,-11853,-8356,16384,0
338,7681,7690,5,-14,930,0,57,42,8,-6956,-11739,-8379,-32768,0
339,7701,7710,10,-4,929,-319,52,35,0,-7040,-11775,-8379,-16384,0
340,7720,7730,5,-8,928,-319,50,42,9,-7094,-11841,-8002,0,0
341,7740,7750,2,-3,915,-367,53,43,8,-7040,-11841,-8278,16384,0
342,7760,7770,7,-8,931,63,57,36,4,-6854,-11745,-8320,0,0
343,7780,7790,0,-8,927,383,53,37,5,-6956,-11967,-8260,-32768,0
344,7799,7809,4,-10,927,-63,56,46,4,-6986,-11805,-8529,0,0
345,7819,7829,0,-13,930,63,53,41,3,-6938,-11787,-8260,16384,0
346,7839,7849,2,-10,922,0,57,38,-3,-7100,-11895,-8385,-16384,0
347,7859,7869,4,-12,927,-79,48,38,4,-6914,-11853,-8469,0,0
348,7879,7889,18,-11,915,15,57,41,6,-7040,-11823,-8481,16384,0
349,7902,7911,11,-1,930,-319,54,44,-1,-6992,-11949,-8403,-16384,0
350,7921,7931,4,-15,922,-303,53,45,4,-6962,-11925,-8242,-32768,0
351,7941,7951,4,-13,923,-63,56,40,2,-7058,-11937,-8529,0,0
352,7961,7971,4,-7,933,319,50,37,10,-6974,-11847,-8445,0,0
353,7981,7991,3,-10,927,-143,54,41,2,-6962,-11769,-8421,-32768,0
354,8001,8011,6,-5,925,127,52,38,5,-6758,-11835,-8643,16384,0
355,8021,8031,5,-10,922,-191,53,36,1,-6890,-11961,-8260,16384,0
356,8040,8050,5,-10,927,-303,45,41,6,-6758,-11811,-8056,0,0
357,8060,8070,6,-7,928,143,58,44,3,-6663,-11835,-8164,-32768,0
358,8080,8090,-3,-5,915,-63,48,41,1,-6926,-11835,-8320,0,0
359,8100,8110,7,-6,908,-207,52,44,-2,-6776,-11793,-8080,16384,0
360,8120,8129,5,-9,927,-479,53,42,9,-6974,-11817,-8266,0,0
361,8141,8151,6,-8,924,0,53,46,0,-6728,-11901,-8194,16384,0
362,8161,8171,15,-6,933,-319,54,38,8,-6968,-11943,-8194,0,0
363,8184,8194,7,-5,926,-47,57,40,3,-7141,-11817,-8128,0,0
364,8204,8214,2,-7,930,-159,50,37,2,-6932,-11817,-8248,-16384,0
365,8224,8234,6,-3,917,191,54,42,1,-7088,-11853,-8158,-16384,0
366,8244,8253,5,-6,925,63,59,40,5,-7141,-11727,-8044,0,0
367,8263,8273,2,-4,913,-159,56,41,-291,-7004,-11799,-7877,0,0
368,8283,8293,3,-3,921,255,53,41,2,-7106,-11655,-7936,16384,0
369,8303,8313,5,-2,928,255,50,38,4,-7201,-11715,-7936,16384,0
370,8323,8333,2,-3,928,207,54,41,2,-7100,-11607,-7990,-16384,0
371,8343,8353,12,0,928,-303,51,44,-3,-7034,-11715,-8397,0,0
372,8363,8372,3,-8,919,207,56,45,-3,-7070,-11913,-8140,16384,0
373,8382,8392,6,-5,924,31,54,37,-2,-7082,-11907,-8332,0,0
374,8402,8412,10,-12,937,223,52,42,1,-6890,-11961,-8170,-16384,0
375,8422,8432,2,-12,931,-175,56,41,2,-6980,-11943,-8152,0,0
376,8445,8455,3,-8,911,-431,54,41,3,-6854,-11943,-8050,-16384,0
377,8465,8474,1,-6,928,-127,50,35,1,-7153,-11913,-8020,0,0
378,8485,8494,2,-7,933,-95,58,40,4,-7094,-11949,-8116,-16384,0
379,8504,8514,4,-4,926,-47,53,41,9,-6980,-12021,-8122,-16384,0
380,8524,8534,12,-14,924,79,58,42,4,-7058,-11721,-8092,16384,0
381,8544,8554,10,-9,920,63,58,35,3,-6908,-11745,-7889,0,0
382,8564,8573,8,-3,923,-239,53,40,9,-7028,-11572,-8134,-16384,0
383,8583,8593,6,-5,923,111,53,44,-1,-7088,-11637,-8248,16384,0
384,8603,8613,13,-11,924,-31,56,43,-2,-7333,-11799,-8110,0,0
385,8623,8633,11,-5,927,207,57,40,6,-7112,-11655,-7829,16384,0
386,8643,8653,6,-11,929,-463,57,42,-1,-6860,-11721,-8284,16384,0
387,8663,8673,5,-2,917,239,56,40,3,-6956,-11859,-8212,-16384,0
388,8683,8692,6,-12,926,-255,54,36,3,-6962,-11787,-8134,0,0
389,8705,8715,6,-6,919,-95,49,37,8,-6872,-11877,-8368,0,0
390,8725,8735,6,-11,927,319,53,35,2,-6944,-11955,-8212,0,0
391,8745,8755,2,-8,923,-159,58,40,9,-6932,-11979,-8332,0,0
392,8765,8775,4,-2,917,191,54,44,3,-6734,-11865,-8086,0,0
393,8785,8795,5,-11,920,-271,52,40,2,-6938,-12026,-8254,0,0
394,8804,8814,4,-8,932,79,61,41,1,-6752,-11895,-8170,16384,0
395,8824,8834,3,-10,920,63,53,43,5,-6998,-11769,-8284,0,0
396,8844,8854,2,-5,917,-175,50,46,3,-7034,-11781,-8362,-16384,0
397,8864,8874,9,-13,922,-431,56,42,0,-7189,-11787,-8302,0,0
398,8884,8893,9,-10,922,-255,58,35,2,-7106,-11925,-8362,16384,0
399,8903,8913,6,-13,933,-111,51,37,1,-7106,-11859,-8224,-16384,0
400,8923,8933,10,-6,926,-191,52,45,290,-7046,-11991,-8379,16384,0
401,8943,8953,9,-6,924,319,53,49,3,-7052,-11883,-8290,16384,0
402,8966,8976,10,-15,922,303,57,42,2,-6986,-11721,-8212,16384,0
403,8986,8996,3,-4,930,-207,52,42,9,-7088,-11907,-8583,16384,0
404,9006,9015,2,-6,930,-271,50,44,1,-7076,-11793,-8421,-16384,0
405,9025,9035,0,-17,922,159,57,37,0,-7010,-11871,-8481,0,0
406,9045,9055,0,-4,930,-399,57,42,2,-6920,-11883,-8583,16384,0
407,9065,9075,2,-10,914,15,53,40,4,-6944,-11877,-8379,16384,0
408,9085,9095,9,-22,922,-47,54,38,5,-6980,-12038,-8212,16384,0
409,9105,9115,6,-12,926,-303,54,41,5,-7046,-12056,-8373,-32768,0
410,9124,9134,4,-7,928,-47,56,42,2,-7177,-11883,-8433,0,0
411,9144,9154,7,-8,918,-303,52,44,6,-6890,-11823,-8415,0,0
412,9164,9174,2,-12,924,95,54,42,0,-6902,-12021,-8583,0,0
413,9184,9194,2,-9,920,-63,52,42,5,-6884,-11919,-8685,16384,0
414,9204,9213,2,-10,917,-159,54,41,4,-6657,-11745,-8272,0,0
415,9226,9236,2,-11,922,-655,56,37,9,-7004,-11739,-8499,0,0
416,9246,9256,6,-10,924,223,56,40,1,-6986,-11691,-8362,-32768,0
417,9266,9276,13,-7,924,-319,62,41,5,-6998,-11811,-8463,16384,0
418,9285,9295,8,-4,927,207,58,36,6,-6794,-11853,-8493,16384,0
419,9305,9315,1,-8,928,15,57,42,2,-6908,-11841,-8350,0,0
420,9325,9334,5,-4,932,47,54,35,1,-7052,-11769,-8625,0,0
421,9344,9354,8,-4,925,47,54,43,3,-6878,-11979,-8631,-16384,0
422,9364,9374,4,-12,938,-47,56,38,3,-6890,-11841,-8212,-16384,0
423,9384,9393,8,-10,925,255,56,44,4,-6998,-11763,-8433,16384,0
424,9403,9413,5,-7,917,-239,54,41,5,-6956,-11925,-8146,16384,0
425,9423,9433,6,-10,930,-175,54,44,4,-7052,-12003,-8206,0,0
426,9443,9452,6,-6,920,-95,51,40,0,-7165,-11943,-8290,16384,0
427,9462,9472,7,-12,924,31,54,41,2,-7076,-11967,-8385,0,0
428,9485,9495,4,-15,933,-271,52,36,9,-6998,-12021,-8212,0,0
429,9504,9514,4,-11,919,591,53,38,3,-7129,-11823,-8439,0,0
430,9524,9534,5,-4,919,-63,49,48,4,-7052,-11793,-8445,16384,0
431,9544,9553,4,-6,925,0,50,43,-1,-7135,-11829,-8379,-16384,0
432,9588,9598,11,-10,922,191,52,38,5,-6914,-12015,-8218,16384,0
433,9607,9617,10,-9,923,239,56,38,3,-6968,-11799,-8302,16384,0
434,9627,9636,10,-6,924,-175,59,37,4,-6896,-11895,-8272,0,0
435,9646,9656,14,-6,931,95,53,43,4,-6974,-11871,-8266,0,0
436,9665,9675,8,-10,931,415,54,40,0,-7070,-12086,-8469,16384,0
437,9685,9695,6,-8,926,-287,53,40,4,-7028,-12003,-8308,0,0
438,9704,9714,8,-6,927,63,51,37,1,-7303,-11901,-8344,0,0
439,9723,9733,2,-7,925,-287,56,44,1,-7088,-11823,-8152,16384,0
440,9743,9753,8,-10,932,63,53,38,5,-6992,-11685,-8541,16384,0
441,9765,9775,4,-11,927,15,49,45,2,-6950,-11937,-8547,16384,0
442,9785,9794,10,-3,926,-223,56,41,4,-6944,-11847,-8679,-16384,0
443,9804,9814,8,-8,921,0,53,40,6,-7070,-11793,-8595,-16384,0
444,9824,9833,4,-6,932,-303,58,46,5,-7022,-11733,-8379,16384,0
445,9843,9853,6,-4,926,127,56,46,4,-7082,-11787,-8703,-16384,0
446,9863,9873,5,-6,933,31,53,46,3,-7159,-11781,-8182,16384,0
447,9882,9892,5,-8,937,47,53,42,3,-7237,-11595,-8469,0,0
448,9902,9912,8,-10,927,-559,50,41,8,-7100,-11667,-8368,0,0
449,9921,9931,5,-15,924,175,56,41,2,-7046,-11751,-8356,0,0
450,9941,9951,4,-14,923,-223,56,44,0,-7195,-11799,-8260,0,0
451,9960,9970,4,-6,930,-239,51,37,4,-7159,-11877,-8493,-16384,0
452,9980,9990,6,-14,931,-31,56,37,4,-7112,-11913,-8457,-16384,0
453,9999,10009,2,-10,923,399,52,42,2,-6986,-11967,-8320,0,0
454,10022,10032,4,-4,920,-319,53,38,2,-7189,-11787,-8122,16384,0
455,10041,10051,1,-14,928,-175,51,42,-2,-7118,-11805,-8278,0,0
456,10061,10071,4,-8,926,-255,51,43,5,-7231,-11847,-8344,0,0
457,10080,10090,10,0,943,-191,50,41,4,-7201,-11721,-8284,16384,0
458,10100,10110,3,-4,913,63,53,41,5,-7219,-11889,-8385,16384,0
459,10119,10129,8,-11,932,-47,54,42,3,-7165,-11919,-8493,-16384,0
460,10139,10149,4,-8,921,31,56,37,-2,-7016,-11733,-8439,0,0
461,10159,10168,6,-19,914,-367,52,37,5,-7046,-11949,-8679,-32768,0
462,10178,10188,4,-4,941,-511,54,43,3,-6866,-11727,-8379,0,0
463,10198,10207,4,-4,930,-239,54,43,4,-7010,-11895,-8272,16384,0
464,10217,10227,9,-5,935,-79,51,36,4,-6842,-11907,-8679,-16384,0
465,10237,10246,5,-14,924,143,56,38,-3,-6788,-11829,-8110,-32768,0
466,10256,10266,5,-8,927,143,52,42,2,-7040,-12003,-8242,0,0
467,10276,10286,2,-10,925,-271,52,38,2,-6950,-11931,-8403,16384,0
468,10298,10308,3,-4,917,-335,57,42,3,-7034,-11937,-8469,16384,0
469,10318,10327,3,-3,928,31,60,46,4,-7004,-11829,-8248,-16384,0
470,10337,10347,9,-4,929,175,53,43,5,-6800,-11925,-8373,16384,0
471,10357,10367,3,-10,922,63,53,32,5,-6860,-11835,-8505,-16384,0
472,10376,10386,0,-8,929,-511,52,44,1,-6884,-11853,-8260,16384,0
473,10396,10406,4,-4,912,-175,54,36,4,-7016,-11805,-8266,16384,0
474,10415,10425,3,-4,926,-351,54,44,1,-7028,-11973,-8314,0,0
475,10435,10445,8,-6,924,-143,53,30,1,-6986,-11835,-8206,16384,0
476,10454,10464,5,-11,915,-271,53,36,3,-6884,-11811,-8296,-32768,0
477,10474,10484,3,-10,932,-95,52,41,1,-7118,-11859,-8254,16384,0
478,10493,10503,5,-4,932,175,50,43,1,-6950,-12021,-8266,0,0
479,10513,10523,5,-3,935,-207,60,41,8,-7106,-11763,-8475,0,0
480,10532,10542,0,-3,917,223,51,44,2,-6974,-12021,-8457,16384,0
481,10555,10565,17,-8,924,-143,56,37,6,-7171,-11973,-8427,-32768,0
482,10574,10584,11,-9,926,95,48,38,3,-7261,-11943,-8403,-16384,0
483,10594,10604,0,-19,926,335,50,37,1,-7100,-11655,-8362,0,0
484,10613,10623,10,-10,928,-271,56,42,1,-7082,-11853,-8595,0,0
485,10633,10643,0,-4,922,-31,51,38,6,-6902,-12068,-8499,16384,0
486,10652,10662,0,-11,933,207,50,50,0,-7070,-11721,-8445,-32768,0
487,10672,10682,2,-8,939,-383,58,36,0,-7010,-11781,-8314,-16384,0
488,10691,10701,4,-7,929,0,52,45,2,-7046,-11679,-8625,16384,0
489,10711,10721,15,-4,936,239,54,37,1,-7046,-11973,-8272,16384,0
490,10730,10740,2,-4,922,159,51,42,5,-7016,-11781,-8505,16384,0
491,10750,10760,10,-9,932,287,53,46,8,-6974,-11787,-8350,0,0
492,10770,10779,5,-10,926,-191,54,38,5,-7088,-11913,-8661,-16384,0
493,10789,10799,3,-18,924,-159,53,38,-3,-6830,-11913,-8134,16384,0
494,10812,10821,0,-8,917,-335,51,44,0,-7147,-11829,-8242,16384,0
495,10831,10841,4,-14,930,191,53,43,0,-7118,-11853,-8194,-16384,0
496,10851,10861,8,-15,923,-143,54,38,4,-7171,-12044,-8356,0,0
497,10871,10880,8,-11,924,-367,48,41,2,-7123,-11859,-8541,16384,0
498,10890,10900,2,-4,926,79,52,43,4,-7052,-11985,-8703,0,0
499,10910,10920,8,-6,924,-223,52,45,9,-6986,-12003,-8421,-32768,0
500,10929,10939,5,-14,916,-143,52,43,0,-6866,-12098,-8493,16384,0
501,10949,10959,2,-10,929,31,53,37,4,-7094,-11985,-8577,16384,0
502,10968,10978,0,-9,926,111,49,41,1,-7165,-12080,-8415,-32768,0
503,10988,10998,2,-5,928,127,50,40,1,-6884,-11973,-8529,16384,0
504,11008,11017,6,-8,917,351,54,41,-1,-7046,-11841,-8445,-16384,0
505,11027,11037,19,-8,928,-63,58,41,1,-6926,-11751,-8511,16384,0
506,11047,11057,8,-11,930,-447,52,35,6,-6878,-11769,-8685,-16384,0
507,11069,11079,11,-12,933,0,57,41,3,-6878,-11829,-8511,16384,0
508,11089,11099,15,-6,926,-111,52,40,4,-6908,-11841,-8463,0,0
509,11108,11118,6,-2,922,-255,53,38,1,-6980,-12003,-8326,16384,0
510,11128,11138,7,-6,937,-399,57,38,4,-6818,-11931,-8368,16384,0
511,11147,11157,4,-5,911,287,54,41,3,-7106,-11715,-8535,16384,0
512,11167,11177,7,-8,918,-63,52,37,-1,-6848,-11751,-8451,0,0
513,11187,11196,8,-8,927,15,54,38,4,-6944,-11739,-8320,16384,0
514,11206,11216,4,-10,919,0,46,40,2,-6860,-11721,-8691,-16384,0
515,11226,11236,3,-9,926,0,56,42,5,-6884,-11709,-8505,0,0
516,11245,11255,12,-6,925,-223,46,34,3,-6932,-11901,-8811,16384,0
517,11265,11275,6,-10,920,255,57,37,4,-6956,-11823,-8308,16384,0
518,11284,11294,0,-13,921,-351,54,43,4,-6788,-11745,-8541,0,0
519,11304,11314,5,-11,926,703,58,42,3,-6740,-11739,-8637,16384,0
520,11326,11336,8,-11,942,15,54,37,291,-6734,-12062,-8433,0,0
521,11346,11355,10,-4,925,127,53,45,3,-6914,-11979,-8481,0,0
522,11365,11375,2,-13,927,-207,53,38,2,-6884,-11889,-8649,16384,0
523,11384,11394,5,-13,913,-47,53,37,0,-6860,-11835,-8242,16384,0
524,11404,11414,8,-11,924,-63,54,35,4,-6974,-11889,-8589,-16384,0
525,11423,11433,6,-11,928,-559,54,34,-1,-7004,-11991,-8577,16384,0
526,11443,11453,5,-10,939,-159,52,38,2,-6932,-12068,-8643,16384,0
527,11462,11472,0,-6,920,-463,53,37,3,-7034,-11937,-8559,16384,0
528,11482,11492,5,-13,928,79,51,42,5,-6920,-11733,-8840,16384,0
529,11501,11511,11,-12,924,31,60,40,0,-6800,-12050,-8607,16384,0
530,11521,11531,8,-10,928,79,54,37,0,-6776,-11883,-8595,16384,0
531,11540,11550,5,-10,930,-63,58,37,8,-6878,-11991,-8715,0,0
532,11560,11570,7,-12,922,-47,50,38,2,-6920,-11883,-8517,-16384,0
533,11590,11600,10,-15,927,143,51,44,-2,-6902,-11709,-8356,-32768,0
534,11610,11619,6,-7,926,-63,48,38,3,-6914,-11823,-8451,0,0
535,11629,11639,2,-4,920,-143,54,43,3,-6968,-11907,-8511,16384,0
536,11648,11658,6,-5,943,-47,51,42,1,-7004,-11883,-8475,16384,0
537,11668,11678,9,-13,924,31,57,43,8,-6824,-11937,-8002,16384,0
538,11687,11697,7,-6,918,-47,57,42,1,-7159,-11733,-8230,0,0
539,11707,11717,8,-10,924,-287,52,34,2,-7177,-11883,-8266,0,0
540,11727,11736,5,-11,915,-79,51,41,1,-6998,-11793,-8122,16384,0
541,11746,11756,2,-11,928,127,54,37,1,-7058,-11955,-8445,16384,0
542,11766,11775,4,0,924,-47,56,43,0,-7004,-11847,-8379,-16384,0
543,11785,11795,5,-11,925,575,52,38,3,-6860,-11889,-8002,16384,0
544,11805,11814,4,-15,933,-287,51,42,2,-7040,-11805,-8170,0,0
545,11824,11834,2,-8,923,207,58,37,0,-6902,-11793,-8038,0,0
546,11846,11856,2,-12,922,-335,53,35,0,-6824,-11847,-8182,16384,0
547,11866,11876,6,-13,925,0,50,36,2,-6866,-11883,-7954,0,0
548,11885,11895,5,-8,927,-303,59,41,4,-6926,-11823,-8074,-32768,0
549,11905,11915,11,-4,933,0,53,36,3,-6854,-11919,-8128,16384,0
550,11925,11934,7,-4,930,335,51,40,1,-6992,-11883,-8152,-32768,0
551,11944,11954,3,-9,933,335,54,42,3,-7052,-11925,-8368,-32768,0
552,11967,11976,1,-1,930,319,58,41,3,-7046,-11859,-8086,0,0
553,11986,11996,5,-6,932,-127,51,43,0,-6962,-11583,-8092,16384,0
554,12006,12016,6,-16,913,31,53,41,2,-6812,-11775,-8086,16384,0
555,12026,12036,14,-12,923,143,50,41,3,-6830,-11919,-8152,16384,0
556,12045,12055,9,-4,915,-351,56,41,1,-6728,-11805,-8439,0,0
557,12065,12075,4,-4,926,111,57,40,4,-6770,-11751,-8308,16384,0
558,12085,12094,8,-8,924,-415,57,45,9,-6842,-11841,-8278,0,0
559,12107,12117,2,-10,916,319,50,41,2,-6992,-11865,-8266,-32768,0
560,12127,12137,3,-17,917,-239,52,41,3,-6974,-11997,-8379,16384,0
561,12146,12156,2,-7,925,-15,52,46,0,-6914,-11901,-8517,16384,0
562,12166,12176,9,-3,920,-319,54,37,1,-6776,-11775,-8463,-16384,0
563,12186,12196,2,-11,914,63,53,36,2,-6776,-11847,-8194,16384,0
564,12205,12215,13,-13,921,191,59,48,0,-6872,-11799,-8170,-32768,0
565,12225,12235,10,-3,927,287,50,43,2,-6962,-11901,-8188,-32768,0
566,12245,12255,2,-8,924,-255,51,44,1,-7010,-11865,-8302,16384,0
567,12264,12274,2,-9,917,-319,54,45,9,-7147,-11949,-8260,16384,0
568,12284,12294,2,-12,929,159,59,41,1,-6902,-11925,-8164,16384,0
569,12304,12313,6,-9,927,31,51,38,-3,-6950,-11865,-8086,16384,0
570,12323,12333,4,-4,923,-591,52,42,-1,-6998,-11925,-8014,16384,0
571,12343,12353,4,-13,923,127,53,33,-4,-6878,-11895,-8278,0,0
572,12363,12373,13,-9,929,271,50,36,5,-7070,-12015,-8260,16384,0
573,12385,12395,5,-8,924,-239,51,42,3,-7034,-11829,-8212,16384,0
574,12405,12415,6,-15,930,-95,56,36,-2,-7141,-11955,-8080,16384,0
575,12425,12435,3,-2,922,-319,54,36,0,-7046,-11787,-7996,-16384,0
576,12444,12454,5,-8,922,255,51,36,0,-7076,-11841,-8194,-16384,0
577,12464,12474,4,-5,928,143,53,41,0,-7016,-11841,-8296,0,0
578,12484,12494,0,-6,924,-207,49,40,1,-6896,-11751,-8457,16384,0
579,12503,12513,9,-10,944,-239,53,36,4,-7100,-11793,-8368,16384,0
580,12523,12533,1,-5,919,-95,53,43,1,-6902,-11679,-8002,0,0
581,12543,12553,2,-10,920,-399,59,40,0,-6920,-11805,-8332,0,0
582,12562,12572,17,-6,925,-207,52,35,2,-6968,-11949,-8338,0,0
583,12582,12592,2,-4,928,-223,50,38,3,-7052,-11895,-8559,0,0
584,12602,12611,7,-4,935,-31,57,40,-2,-6752,-11835,-8278,16384,0
585,12621,12631,4,-13,922,-143,56,35,1,-6830,-11961,-8272,16384,0
586,12644,12654,-4,-8,923,15,51,41,6,-6878,-11847,-8296,0,0
587,12664,12673,6,-18,917,-95,57,42,1,-7070,-11847,-8523,16384,0
588,12683,12693,4,-15,927,-79,59,36,5,-7100,-11925,-8206,16384,0
589,12703,12713,6,-12,924,111,52,40,-1,-6788,-11901,-8308,-32768,0
590,12723,12733,2,-4,925,-623,52,35,-1,-6818,-11907,-8032,0,0
591,12743,12752,-8,-11,920,-79,52,42,0,-6896,-11859,-8248,-16384,0
592,12762,12772,7,-11,922,-367,54,41,8,-6974,-12116,-8170,-16384,0
593,12782,12792,2,-6,925,31,54,38,-3,-6992,-11997,-8062,16384,0
594,12802,12812,-2,-4,909,47,51,41,0,-7112,-11889,-7811,0,0
595,12822,12832,4,-4,936,-479,53,40,8,-7022,-11943,-7901,16384,0
596,12841,12851,2,-11,922,-319,56,41,1,-6878,-12021,-8122,-32768,0
597,12861,12871,5,-19,926,-15,59,38,6,-7040,-12062,-8014,16384,0
598,12881,12891,6,-21,920,-31,50,42,2,-6896,-11931,-7925,16384,0
599,12904,12913,3,-10,921,-271,49,33,0,-6902,-11949,-8284,0,0
600,12923,12933,9,-6,929,-47,52,41,-2,-6896,-11757,-8445,0,0
601,12943,12953,1,-5,925,-287,53,44,0,-6884,-11841,-7883,-16384,0
602,12963,12973,6,-1,926,-191,54,42,6,-6944,-11907,-7936,-32768,0
603,12983,12992,8,-14,922,-143,51,37,2,-6884,-11793,-8008,0,0
604,13002,13012,19,-14,924,-351,52,42,9,-7022,-12032,-7823,16384,0
605,13022,13032,8,-5,927,191,54,35,2,-6986,-12194,-7739,-32768,0
606,13042,13052,174,-15,914,63,54,41,0,-7082,-12134,-8044,-16384,0
607,13061,13071,4,-5,921,319,56,37,3,-7040,-12068,-7925,-16384,0
608,13081,13091,2,-13,926,255,53,44,6,-7112,-11865,-7942,0,0
609,13101,13111,4,-8,930,175,48,34,4,-7177,-12015,-8002,-16384,0
610,13121,13130,12,-6,925,-271,49,45,0,-7070,-11973,-8002,16384,0
611,13140,13150,14,-8,921,-159,54,38,6,-7118,-11919,-7895,0,0
612,13163,13173,4,-8,921,0,50,44,5,-6998,-11817,-8278,16384,0
613,13183,13192,11,-6,930,-271,52,42,4,-7058,-11841,-8379,-16384,0
614,13202,13212,6,-1,932,-335,57,42,6,-7028,-11775,-8044,-16384,0
615,13222,13232,8,-10,924,-79,51,40,1,-7082,-11847,-8278,16384,0
616,13242,13252,9,-5,926,143,53,44,4,-7052,-11961,-8086,0,0
617,13262,13271,6,-12,925,-79,53,42,6,-6956,-12015,-7996,-32768,0
618,13281,13291,5,-9,922,-223,53,40,1,-7118,-11901,-7829,16384,0
619,13301,13311,13,-15,930,79,53,41,8,-7034,-11949,-8200,16384,0
620,13321,13331,17,-6,931,95,58,41,5,-7231,-12080,-7781,-32768,0
621,13341,13351,9,-10,930,-143,50,40,0,-6980,-11931,-8038,0,0
622,13360,13370,4,-7,926,15,53,37,4,-6980,-11829,-7966,0,0
623,13380,13390,4,-6,920,287,54,36,9,-7028,-11811,-8146,16384,0
624,13400,13410,6,-10,922,-431,50,38,0,-6998,-11823,-8200,16384,0
625,13423,13432,4,-5,920,111,53,43,3,-7028,-11871,-8032,16384,0
626,13442,13452,4,-13,928,127,54,44,3,-7070,-11937,-8038,-32768,0
627,13462,13472,5,-8,921,-15,53,38,0,-6950,-11799,-8206,16384,0
628,13481,13491,4,-10,924,191,57,40,1,-6974,-11931,-7829,16384,0
629,13501,13511,5,-6,924,239,53,41,1,-6944,-11973,-7775,0,0
630,13520,13530,6,-6,928,-335,52,44,2,-6968,-11913,-7823,16384,0
631,13540,13550,2,-13,922,-415,49,40,3,-6938,-11979,-8164,16384,0
632,13560,13570,4,-11,924,95,56,42,4,-6956,-11817,-8188,16384,0
633,13579,13589,7,-10,928,511,53,40,0,-6788,-12009,-8080,-16384,0
634,13599,13609,4,-10,916,79,52,42,2,-6704,-11913,-8224,16384,0
635,13619,13628,4,-5,930,47,53,44,2,-6639,-12146,-8092,16384,0
636,13638,13648,4,-6,913,-175,56,41,3,-6938,-12140,-8164,16384,0
637,13658,13668,3,-3,935,239,54,40,1,-6938,-11925,-8164,-16384,0
638,13680,13690,6,-12,934,79,59,43,2,-6764,-11907,-7913,0,0
639,13700,13710,4,-10,922,127,51,36,5,-6782,-12104,-7709,16384,0
640,13720,13729,6,-7,924,31,54,42,0,-6788,-12104,-8152,-32768,0
641,13739,13749,2,-13,926,-47,57,38,6,-6746,-11817,-7871,-32768,0
642,13759,13769,3,-7,920,-111,53,36,2,-6878,-11865,-7787,-32768,0
643,13778,13788,5,-4,933,143,57,46,4,-7016,-11817,-7679,0,0
644,13798,13808,2,-7,922,-175,57,38,0,-7016,-11937,-7889,0,0
645,13818,13827,2,-7,924,207,48,37,1,-6992,-11775,-8098,16384,0
646,13837,13847,5,-6,930,-383,56,37,2,-7141,-11925,-7823,0,0
647,13857,13867,11,-4,934,15,52,41,2,-7040,-11679,-7889,-16384,0
648,13876,13886,5,-8,929,-143,52,38,1,-6938,-11847,-8056,0,0
649,13896,13906,8,-12,915,223,53,37,4,-7082,-11907,-8170,16384,0
650,13916,13925,4,-13,932,-15,54,41,6,-6866,-11859,-8332,-16384,0
651,13938,13948,2,-10,926,-239,56,38,1,-6986,-11901,-8266,0,0
652,13958,13968,0,-9,926,-607,53,44,4,-6992,-11949,-8230,-16384,0
653,13978,13987,2,-5,929,-399,51,38,2,-6980,-11721,-8188,-32768,0
654,13997,14007,10,-5,922,-95,56,45,4,-7070,-11775,-7942,16384,0
655,14017,14027,10,-5,935,-367,52,43,4,-6926,-11757,-8134,16384,0
656,14037,14047,4,-6,929,143,53,42,4,-6956,-11979,-8344,16384,0
657,14057,14067,6,-5,927,0,53,40,2,-7165,-12080,-8385,16384,0
658,14077,14086,11,-8,924,-191,58,40,6,-6968,-11853,-7936,16384,0
659,14096,14106,3,-16,926,-287,51,42,5,-6812,-11829,-8098,-32768,0
660,14116,14126,10,-13,929,127,57,38,-3,-7010,-11715,-8068,16384,0
661,14136,14146,5,-3,930,159,52,40,2,-7010,-11799,-7901,-32768,0
662,14156,14166,10,-13,915,-255,51,41,5,-6992,-11979,-8242,0,0
663,14176,14185,10,-11,928,79,52,35,-1,-6968,-11949,-8014,-16384,0
664,14195,14205,4,-11,930,-95,53,43,3,-6950,-11955,-7930,-32768,0
665,14213,14223,6,-8,929,-47,51,37,-2,-7088,-11967,-8074,16384,0
666,14233,14243,2,-9,928,31,56,40,5,-6854,-11781,-8020,-32768,0
667,14253,14263,2,-4,926,0,49,35,0,-7058,-12104,-7823,16384,0
668,14273,14282,2,-6,917,191,53,38,3,-6956,-11889,-7859,0,0
669,14292,14302,2,-7,927,15,53,35,0,-6932,-11763,-8326,0,0
670,14312,14322,6,-4,933,527,50,38,-1,-6932,-11925,-8068,-16384,0
671,14332,14342,5,-3,933,47,56,42,-1,-7010,-11991,-8206,16384,0
672,14352,14362,8,-8,926,-79,53,41,4,-7118,-11805,-8068,-16384,0
673,14374,14383,2,-7,925,303,50,35,2,-7112,-11901,-7978,0,0
674,14393,14403,2,-8,922,95,52,46,8,-7100,-11997,-7996,-16384,0
675,14413,14423,4,-11,919,-207,53,43,4,-7183,-11775,-8026,16384,0
676,14433,14443,5,-5,925,-63,50,42,2,-6908,-11901,-8026,-16384,0
677,14453,14462,5,-9,920,-191,53,42,0,-7070,-12021,-7913,-32768,0
678,14475,14485,10,-5,930,207,53,41,3,-6962,-12044,-7930,0,0
679,14495,14505,2,-10,920,-543,52,42,-1,-7028,-11871,-8242,16384,0
680,14515,14525,14,-17,927,-447,56,40,1,-7129,-11877,-8176,-32768,0
681,14535,14545,4,-2,935,-271,54,38,3,-7100,-11967,-8092,16384,0
682,14554,14564,5,-7,916,159,53,38,-1,-7106,-11739,-8038,16384,0
683,14574,14584,6,-4,918,-223,61,38,4,-7171,-11925,-7996,0,0
684,14594,14604,13,-8,924,-239,53,43,6,-6908,-11721,-7978,0,0
685,14614,14624,3,-8,920,-223,56,43,3,-6950,-11799,-8170,-32768,0
686,14634,14644,4,-4,920,127,52,37,1,-7135,-11769,-8044,16384,0
687,14654,14663,8,-10,926,-223,53,43,4,-7165,-12128,-7948,-32768,0
688,14673,14683,10,-9,932,-31,57,36,4,-7219,-11613,-7889,-16384,0
689,14693,14703,2,-8,928,-591,57,44,6,-7135,-11871,-8080,-32768,0
690,14713,14723,7,-8,924,-79,53,36,6,-7243,-11907,-7990,-32768,0
691,14736,14746,-171,-6,924,191,51,38,1,-7129,-11757,-7954,-16384,0
692,14756,14765,-2,-13,924,-239,52,42,-1,-6980,-11601,-7877,16384,0
693,14775,14785,6,-4,922,191,54,43,4,-6974,-11775,-8128,16384,0
694,14795,14805,0,-11,928,-143,49,33,0,-7094,-11787,-7996,16384,0
695,14815,14825,10,-4,920,175,53,38,2,-7106,-11793,-8320,-16384,0
696,14835,14844,5,-2,929,-223,57,40,2,-6920,-11829,-7925,0,0
697,14854,14864,7,-14,920,-143,53,43,3,-7088,-11973,-8002,16384,0
698,14874,14884,5,-8,926,-175,52,34,2,-7070,-12068,-8008,-32768,0
699,14894,14904,6,-13,928,-239,51,43,1,-6950,-11793,-7954,-32768,0
700,14914,14924,8,-8,923,367,54,38,1,-7070,-11919,-8002,-16384,0
701,14934,14943,5,-10,921,-207,57,42,5,-7135,-11955,-8116,16384,0
702,14953,14963,10,-6,923,-367,50,37,6,-7345,-11871,-7978,16384,0
703,14973,14983,12,-9,927,-255,52,34,8,-7088,-11859,-7799,16384,0
704,14996,15006,4,-7,931,-495,53,43,0,-7088,-12050,-7829,-32768,0
705,15016,15026,4,-5,920,-287,54,37,1,-7022,-11931,-7972,-16384,0
706,15035,15045,6,-15,926,207,52,43,4,-7100,-11949,-8314,16384,0
707,15055,15065,6,-9,922,-175,51,42,8,-7237,-12021,-8032,16384,0
708,15075,15085,2,-12,924,-191,56,41,4,-7303,-12314,-7948,0,0
709,15095,15105,8,-6,924,143,51,40,4,-7153,-12164,-8020,0,0
710,15115,15125,0,-10,924,-303,54,44,1,-7297,-11901,-7930,-32768,0
711,15135,15144,1,-11,927,159,50,42,2,-7010,-11883,-8014,16384,0
712,15154,15164,8,-10,926,-63,54,40,4,-7129,-11937,-8134,0,0
713,15174,15184,9,-8,927,63,54,36,-3,-7076,-11997,-7954,16384,0
714,15194,15204,0,-8,920,-159,54,44,0,-6944,-11997,-8050,-32768,0
715,15214,15224,1,-13,923,63,57,41,0,-7147,-11853,-8248,-32768,0
716,15234,15243,4,-8,926,-207,59,37,-1,-7004,-11745,-8074,-16384,0
717,15256,15266,-2,-4,922,303,49,35,4,-7034,-11871,-8074,16384,0
718,15276,15286,9,-4,920,0,52,42,6,-6980,-11919,-8170,0,0
719,15296,15306,17,-7,923,-527,49,45,3,-7046,-11775,-8032,16384,0
720,15316,15325,2,-13,922,15,54,41,8,-7153,-11775,-8008,16384,0
721,15335,15345,9,-10,922,-31,52,44,-3,-7064,-11985,-7673,16384,0
722,15355,15365,4,-7,926,191,52,38,-4,-6974,-11901,-7936,16384,0
723,15375,15385,2,-8,924,255,50,38,5,-7141,-11859,-7883,16384,0
724,15395,15405,0,-8,923,-207,49,43,2,-7070,-11973,-8116,-32768,0
725,15415,15425,18,-9,930,-511,56,41,5,-7129,-11907,-8254,16384,0
726,15434,15444,6,-7,929,-79,56,43,4,-7213,-11733,-8134,16384,0
727,15454,15464,4,-6,930,0,54,42,13,-7016,-12104,-8284,0,0
728,15474,15484,4,-5,925,-255,57,38,2,-7129,-12038,-8296,16384,0
729,15494,15504,5,-2,924,-47,53,42,3,-7339,-11871,-8218,-32768,0
730,15516,15526,0,-7,924,159,51,45,2,-7231,-11925,-8314,16384,0
731,15536,15546,10,-6,918,175,50,40,4,-7076,-11829,-8236,0,0
732,15556,15566,7,-7,930,-639,50,35,2,-7010,-11865,-8026,16384,0
733,15575,15585,6,-14,921,-319,53,43,3,-7213,-11895,-8230,16384,0
734,15595,15605,6,-14,930,367,51,43,0,-7028,-11961,-7948,16384,0
735,15615,15624,5,-9,924,-207,48,34,0,-7165,-12080,-7972,-32768,0
736,15634,15644,2,-9,922,287,51,42,0,-7046,-12009,-7793,16384,0
737,15654,15664,11,-4,922,0,51,36,1,-7129,-11823,-7853,0,0
738,15673,15683,3,-4,928,351,58,35,5,-7082,-11877,-7919,0,0
739,15693,15703,2,-14,924,63,51,42,4,-7267,-11979,-7913,-16384,0
740,15713,15723,2,-13,922,175,51,38,2,-7219,-11871,-8152,16384,0
741,15732,15742,2,-9,922,-239,53,36,4,-7028,-12009,-8302,0,0
742,15752,15762,4,-15,930,-63,52,42,2,-7058,-11955,-8140,16384,0
743,15774,15784,13,-5,922,47,54,36,4,-6974,-11961,-7889,16384,0
744,15794,15804,6,-12,921,143,54,40,4,-6770,-12056,-7787,0,0
745,15814,15823,4,-5,922,-175,56,41,2,-6962,-12009,-8020,16384,0
746,15833,15843,7,-6,917,-79,53,43,5,-6932,-11733,-8236,16384,0
747,15853,15863,9,-13,927,-63,53,33,1,-6890,-11859,-8098,-16384,0
748,15873,15882,6,-4,917,-431,54,35,0,-6986,-11943,-7925,0,0
749,15892,15902,8,-4,917,-31,57,44,3,-6908,-12003,-7936,-32768,0
750,15912,15922,2,-10,934,-319,52,43,8,-7004,-11835,-7835,16384,0
751,15931,15941,2,-9,921,-223,54,38,6,-7070,-11913,-8092,0,0
752,15951,15961,2,-12,916,0,53,41,-1,-6932,-11979,-8038,-32768,0
753,15971,15980,10,-4,928,0,53,41,2,-7034,-11931,-8116,16384,0
754,15990,16000,6,-12,920,319,54,44,-2,-6884,-11883,-8122,16384,0
755,16010,16020,4,-2,932,111,58,44,3,-6776,-11823,-8080,-32768,0
756,16033,16042,-1,-11,927,143,58,38,-1,-6896,-11751,-7841,-16384,0
757,16052,16062,8,-13,946,-223,49,45,5,-6818,-11901,-8032,16384,0
758,16072,16082,9,-6,928,31,51,35,0,-6878,-11901,-7865,16384,0
759,16092,16102,-6,-8,909,-63,56,36,6,-7034,-11967,-7907,16384,0
760,16112,16122,6,-8,930,-303,54,38,3,-7201,-11751,-7990,0,0
761,16131,16141,17,-6,930,223,56,37,4,-7094,-11691,-7883,16384,0
762,16151,16161,2,-12,920,-63,57,41,8,-7112,-11853,-7948,16384,0
763,16171,16181,19,-5,937,-143,52,42,1,-7129,-11847,-7990,-32768,0
764,16191,16201,6,-5,922,-191,53,44,2,-6950,-11835,-8062,0,0
765,16211,16220,-5,-7,915,207,56,38,0,-6956,-11973,-7715,16384,0
766,16230,16240,0,-9,927,191,58,36,-2,-7082,-11793,-8158,0,0
767,16250,16260,3,-4,927,431,51,38,1,-7147,-11811,-8182,-32768,0
768,16270,16280,8,-17,921,-175,53,38,-1,-7046,-11847,-7978,-16384,0
769,16290,16300,1,-21,926,-303,51,35,2,-6956,-12080,-7853,-16384,0
770,16313,16323,3,-6,920,-95,51,40,1,-7004,-11847,-8092,16384,0
771,16332,16342,5,-14,926,63,50,32,2,-7135,-11877,-7835,-16384,0
772,16352,16362,12,-8,928,-287,58,37,5,-6860,-12050,-8056,16384,0
773,16372,16382,4,-13,923,-143,53,43,4,-7028,-12021,-8152,16384,0
774,16392,16402,8,-3,921,-479,49,43,6,-7064,-11883,-8116,-32768,0
775,16412,16421,8,-10,921,-63,56,34,0,-6992,-11949,-7907,-32768,0
776,16431,16441,2,-3,916,-303,53,41,-2,-7082,-11727,-8248,0,0
777,16451,16461,17,-11,926,31,50,40,-2,-7022,-11793,-8164,-32768,0
778,16471,16481,5,-4,926,-319,50,43,4,-7094,-11721,-8092,16384,0
779,16491,16501,8,-10,918,63,48,40,3,-6974,-11883,-8248,16384,0
780,16511,16520,3,-8,921,-79,51,35,6,-6938,-11865,-8356,0,0
781,16530,16540,6,-4,937,143,52,36,2,-7004,-11775,-8272,16384,0
782,16550,16560,2,-14,914,-383,52,44,8,-7046,-11859,-8158,16384,0
783,16573,16583,6,-4,926,479,52,40,0,-6932,-12062,-8158,16384,0
784,16593,16603,2,-4,926,-47,53,38,2,-6992,-11973,-8260,0,0
785,16613,16622,0,-15,925,-175,51,37,4,-7135,-11781,-7895,16384,0
786,16632,16642,4,-9,915,47,51,34,5,-6956,-11925,-8284,16384,0
787,16652,16662,2,-13,915,-223,50,44,-3,-7040,-11961,-7883,-32768,0
788,16672,16682,7,-4,928,191,58,43,-1,-6998,-12032,-8182,16384,0
789,16692,16702,2,-5,932,-303,54,38,2,-7153,-11949,-8230,-32768,0
790,16711,16721,11,-6,914,15,52,34,1,-7028,-12116,-8230,16384,0
791,16731,16741,2,-11,920,-47,52,37,-2,-7147,-12044,-8224,0,0
792,16751,16761,8,-5,928,-447,51,45,3,-7010,-11931,-8266,-32768,0
793,16771,16781,9,-5,927,159,57,37,6,-7016,-12128,-8242,16384,0
794,16793,16803,2,-2,928,-351,51,35,0,-6986,-11991,-8481,16384,0
795,16813,16822,4,-8,928,-191,53,38,1,-7040,-11961,-8368,16384,0
796,16835,16845,12,-11,929,-303,53,44,4,-7153,-12003,-8469,-32768,0
797,16855,16865,10,-6,924,-223,59,36,2,-7261,-11925,-8290,16384,0
798,16875,16885,8,-4,933,415,52,42,0,-6944,-12140,-8326,16384,0
799,16895,16905,3,-4,924,-351,53,36,-1,-7123,-11985,-8308,-16384,0
800,16915,16924,10,-2,928,-63,59,41,0,-7064,-11787,-8373,-32768,0
801,16934,16944,15,-10,937,191,51,35,5,-7118,-11745,-8439,16384,0
802,16954,16964,6,-4,917,175,57,40,291,-7100,-11763,-8308,16384,0
803,16974,16984,4,-8,928,-143,54,42,1,-7147,-11901,-8373,-32768,0
804,16994,17003,10,-7,938,255,53,37,3,-6986,-11901,-8356,0,0
805,17013,17023,4,-11,924,-63,54,43,5,-6986,-11793,-8206,-32768,0
806,17033,17043,2,-16,929,-287,52,36,2,-7016,-11847,-8403,16384,0
807,17053,17063,4,-4,920,79,59,41,-1,-7028,-11811,-8128,-32768,0
808,17073,17083,4,-7,927,-79,56,40,5,-7052,-11967,-8038,-16384,0
809,17096,17106,0,-10,932,-303,57,34,2,-7058,-12098,-8260,0,0
810,17116,17126,2,-10,922,-287,54,41,1,-6824,-11859,-8008,0,0
811,17136,17145,5,-5,924,-31,50,41,2,-7064,-11877,-8128,-32768,0
812,17155,17165,8,-7,937,143,59,41,10,-7010,-11799,-7978,0,0
813,17175,17185,2,-5,926,271,51,40,0,-7159,-11871,-8056,0,0
814,17195,17205,11,-9,929,-255,46,41,-2,-6968,-11841,-8469,-32768,0
815,17215,17225,4,-4,920,351,50,37,2,-7070,-11865,-8308,-32768,0
816,17235,17244,0,-4,927,-175,54,43,3,-6884,-11901,-8421,-32768,0
817,17255,17264,0,-9,926,367,53,41,2,-6914,-12074,-8008,-32768,0
818,17274,17284,0,-12,922,-175,46,38,0,-6938,-11823,-7948,0,0
819,17294,17304,5,-5,924,127,52,43,5,-6980,-12009,-7877,16384,0
820,17314,17324,4,-4,927,111,51,36,3,-6914,-11847,-8433,-32768,0
821,17334,17343,5,-9,917,0,50,38,2,-7052,-11823,-8439,-32768,0
822,17356,17366,9,-5,930,-255,48,42,5,-7004,-11847,-8290,16384,0
823,17376,17386,4,-11,921,-367,58,36,2,-6920,-11775,-8296,16384,0
824,17396,17406,3,-4,926,-319,53,33,3,-7040,-11787,-8224,16384,0
825,17416,17426,4,-5,920,-95,52,34,3,-7076,-11871,-8308,-32768,0
826,17436,17446,5,-3,919,-191,52,37,4,-7082,-11751,-8260,16384,0
827,17455,17465,2,-10,924,31,52,38,4,-6968,-11859,-8188,16384,0
828,17475,17485,4,-15,919,-335,56,40,1,-6878,-11925,-6572,-32768,0
829,17495,17505,4,-11,935,303,53,35,1,-7010,-11727,-8188,-16384,0
830,17515,17525,10,-10,930,-383,49,38,1,-6896,-11931,-7990,16384,0
831,17535,17545,8,-8,926,-47,46,35,0,-7010,-11841,-8200,16384,0
832,17555,17565,4,-3,928,0,57,45,-1,-6968,-11877,-8308,16384,0
833,17574,17584,6,-5,926,-31,50,38,3,-6920,-11895,-7960,16384,0
834,17594,17604,4,-6,918,63,57,35,4,-6998,-11907,-8062,16384,0
835,17617,17627,1,-15,925,-479,53,41,5,-6980,-11979,-8092,-32768,0
836,17636,17646,10,-15,920,-447,56,42,4,-6980,-11961,-7865,16384,0
837,17656,17666,6,-7,924,0,57,40,4,-6968,-11919,-7913,16384,0
838,17676,17686,4,-9,924,287,50,41,-2,-6968,-11985,-8056,-32768,0
839,17695,17705,5,-5,924,-447,56,37,4,-6926,-12032,-7751,-32768,0
840,17715,17725,4,-4,921,-47,59,34,4,-6932,-11967,-8182,16384,0
841,17735,17745,8,-4,922,31,56,40,0,-6860,-11919,-8230,16384,0
842,17754,17764,10,-10,933,79,52,38,4,-6848,-11883,-8110,-16384,0
843,17774,17784,-169,-9,915,31,52,41,4,-6669,-11787,-8308,0,0
844,17794,17803,0,-13,926,191,56,37,0,-6914,-11787,-8290,16384,0
845,17813,17823,-5,-10,924,159,53,35,0,-6986,-11883,-8230,0,0
846,17833,17843,6,-15,930,335,53,43,3,-6878,-11847,-8475,0,0
847,17853,17862,6,-6,911,-367,57,36,3,-6675,-11955,-8230,16384,0
848,17875,17885,13,-11,915,-175,53,36,2,-6926,-11817,-8134,16384,0
849,17895,17905,11,-7,927,79,51,40,-2,-6794,-11859,-8224,-32768,0
850,17914,17924,5,-6,932,-335,51,34,-1,-7147,-11913,-8290,-32768,0
851,17934,17944,2,-2,939,111,51,43,2,-7141,-11853,-8116,-32768,0
852,17954,17964,5,-8,922,159,53,38,4,-7004,-11841,-8284,-16384,0
853,17973,17983,4,-10,930,-239,57,44,8,-6980,-11865,-8074,16384,0
854,17993,18003,9,-3,935,-191,56,44,-2,-6956,-11955,-8092,-16384,0
855,18013,18023,13,-10,926,-159,53,43,1,-7028,-11871,-8248,16384,0
856,18032,18042,8,-12,922,-191,52,38,3,-6824,-12015,-8188,16384,0
857,18052,18062,16,-11,925,255,54,32,6,-6872,-11895,-8038,-32768,0
858,18072,18081,5,-8,928,175,52,45,8,-7052,-11853,-8146,16384,0
859,18091,18101,10,-9,926,-143,52,29,2,-7112,-12218,-8110,-32768,0
860,18111,18121,6,-7,927,0,48,38,-2,-7010,-12026,-8236,0,0
861,18134,18143,4,-8,912,15,59,41,3,-7153,-11949,-8146,-32768,0
862,18153,18163,3,-13,919,-303,49,40,2,-7165,-11841,-8014,0,0
863,18173,18183,4,-2,924,-271,54,41,2,-6992,-11811,-8194,16384,0
864,18193,18203,8,-8,922,-79,53,37,0,-7040,-11721,-7835,-16384,0
865,18213,18223,6,-8,916,-351,53,36,0,-7046,-11817,-8038,16384,0
866,18233,18242,2,-8,926,-607,56,35,0,-6914,-11841,-8170,16384,0
867,18252,18262,16,-15,918,271,57,44,0,-6932,-11691,-8607,-32768,0
868,18272,18282,3,-6,927,-79,52,40,3,-6902,-11703,-8206,16384,0
869,18292,18302,4,-8,919,159,56,38,6,-6908,-11781,-8104,16384,0
870,18312,18322,0,-8,929,-399,56,38,3,-6998,-11793,-8194,16384,0
871,18332,18342,5,-8,930,0,57,36,1,-6716,-11715,-8254,16384,0
872,18351,18361,2,-12,920,-143,48,38,1,-6950,-12003,-8350,16384,0
873,18371,18381,4,-8,920,159,51,40,4,-6992,-11991,-8487,16384,0
874,18391,18401,6,-10,929,-239,53,42,2,-6866,-11625,-8601,16384,0
875,18414,18424,4,-8,925,-111,56,41,4,-6812,-11907,-8320,16384,0
876,18434,18443,10,-6,926,-479,54,44,9,-6698,-11817,-8475,16384,0
877,18453,18463,3,-15,932,0,59,38,1,-6950,-11859,-8481,16384,0
878,18473,18483,4,-6,919,-31,51,36,3,-6776,-11979,-8200,-16384,0
879,18493,18503,3,-6,930,-175,52,40,-1,-6734,-11817,-8200,-32768,0
880,18513,18523,0,-15,934,0,51,38,2,-6794,-12015,-8068,-32768,0
881,18533,18543,2,-7,924,-399,57,41,1,-6830,-11871,-8230,-32768,0
882,18553,18562,2,-8,924,31,50,35,1,-6944,-11823,-8092,-32768,0
883,18572,18582,5,-17,937,127,54,40,4,-6872,-11937,-8122,-32768,0
884,18592,18602,6,-4,924,-415,49,33,1,-6890,-11841,-8302,-16384,0
885,18612,18622,2,-3,916,-79,52,43,4,-6818,-11775,-8080,16384,0
886,18632,18642,11,-5,928,239,54,44,5,-6998,-11901,-8164,16384,0
887,18652,18662,6,-9,929,-431,52,44,3,-7040,-11811,-8128,0,0
888,18674,18684,3,-12,918,127,61,43,1,-6962,-11673,-7960,16384,0
889,18694,18704,2,-9,928,143,52,40,5,-6866,-11889,-8038,-32768,0
890,18714,18724,8,-13,922,-303,51,41,4,-6824,-11859,-8344,16384,0
891,18734,18744,13,-11,924,143,54,42,0,-6740,-12003,-8194,-32768,0
892,18754,18763,6,-6,926,-127,53,38,1,-6866,-11973,-8254,0,0
893,18773,18783,13,-6,915,-223,57,41,8,-6884,-11907,-7739,16384,0
894,18793,18803,6,-8,924,-223,53,38,0,-7034,-11835,-8014,-32768,0
895,18813,18823,3,-18,931,111,54,34,2,-6932,-11787,-7990,0,0
896,18833,18843,10,-8,926,319,53,41,0,-6914,-11931,-8164,16384,0
897,18853,18862,4,-3,929,-607,48,38,6,-7016,-12032,-7942,16384,0
898,18872,18882,2,-13,918,143,54,38,0,-7094,-11985,-8080,-32768,0
899,18892,18902,4,-6,925,-223,50,36,1,-6878,-12074,-8296,16384,0
900,18912,18922,17,-9,922,15,49,35,1,-6848,-11877,-8356,-32768,0
901,18935,18945,8,-7,927,-111,52,41,0,-6944,-11877,-8373,16384,0
902,18955,18965,4,-13,922,-367,50,38,2,-6896,-11811,-8032,-32768,0
903,18975,18984,3,-12,917,31,56,40,3,-6896,-12003,-8146,16384,0
904,18994,19004,8,-10,932,-159,53,42,2,-7064,-11877,-8080,0,0
905,19014,19024,1,-6,917,159,51,34,2,-7052,-11949,-8080,16384,0
906,19034,19044,8,-4,922,207,58,42,2,-6998,-12056,-8266,0,0
907,19054,19064,8,-15,928,175,50,42,-1,-7106,-11859,-8356,16384,0
908,19074,19083,8,-2,924,-255,54,36,4,-6896,-11775,-8134,16384,0
909,19094,19103,2,-2,922,335,52,43,-1,-7028,-12068,-8278,16384,0
910,19113,19123,0,-13,909,159,51,40,3,-6920,-11805,-8146,16384,0
911,19133,19143,3,-7,926,15,51,40,3,-6908,-11781,-8284,-16384,0
912,19153,19163,4,-17,930,-47,56,43,-1,-7022,-12038,-8020,16384,0
913,19173,19182,4,-10,917,159,50,36,3,-6968,-12092,-8140,16384,0
914,19195,19205,7,-10,931,95,52,40,6,-6968,-12003,-8182,16384,0
915,19217,19227,6,-9,924,0,54,45,1,-6914,-11865,-8218,16384,0
916,19237,19247,6,-9,926,111,58,36,3,-6836,-12015,-8296,16384,0
917,19257,19267,2,-8,922,-223,52,40,9,-6884,-12128,-8080,-32768,0
918,19277,19287,4,-8,922,175,54,41,-1,-6998,-11973,-8170,16384,0
919,19297,19307,11,-8,926,-175,56,46,5,-6914,-11895,-8433,-32768,0
920,19316,19326,10,-5,926,111,49,44,3,-6950,-12038,-8146,16384,0
921,19336,19346,8,-13,913,271,54,33,1,-6992,-12140,-8326,-32768,0
922,19356,19366,2,-16,915,-191,49,38,6,-6938,-12170,-8020,16384,0
923,19376,19386,2,-12,922,-447,52,41,2,-6896,-11937,-8445,-16384,0
924,19396,19405,3,-4,930,143,53,42,2,-6842,-11883,-8152,-16384,0
925,19416,19426,4,-8,931,15,53,40,1,-6872,-11967,-8002,16384,0
926,19435,19445,3,-10,924,-319,51,42,1,-6980,-12062,-8086,-32768,0
927,19458,19468,0,-10,923,31,53,41,6,-6842,-11757,-8230,-32768,0
928,19478,19488,8,-4,928,-47,54,42,5,-6968,-11619,-8272,16384,0
929,19498,19508,2,-8,931,0,53,38,3,-6878,-11787,-8044,16384,0
930,19518,19527,6,-8,933,-143,53,36,3,-7022,-11895,-8116,-32768,0
931,19537,19547,4,-4,928,191,57,44,5,-6968,-11685,-8356,-32768,0
932,19557,19567,2,-3,929,-399,51,37,4,-6806,-11961,-8188,0,0
933,19577,19587,3,-8,924,-95,50,37,6,-6992,-11823,-8086,16384,0
934,19597,19607,8,-8,924,271,49,37,289,-6740,-12110,-8014,-32768,0
935,19617,19627,6,-5,920,191,59,41,2,-6830,-11985,-8134,-32768,0
936,19636,19646,8,-4,924,-63,59,37,8,-6806,-12021,-8236,-32768,0
937,19656,19666,2,-13,924,127,52,37,3,-6740,-11955,-8362,-32768,0
938,19676,19686,3,-4,928,0,57,41,6,-6992,-11997,-8403,-32768,0
939,19696,19706,9,-4,911,15,58,33,6,-7106,-11967,-8194,-32768,0
940,19719,19728,15,-4,928,159,51,32,6,-7004,-11865,-8176,-32768,0
941,19738,19748,4,-8,924,159,57,36,1,-6836,-12128,-8350,-32768,0
942,19758,19768,4,-10,917,-303,53,35,1,-6722,-11979,-8194,-32768,0
943,19777,19787,6,-7,923,-79,51,42,3,-6854,-11847,-8128,-32768,0
944,19797,19807,2,-26,905,0,48,40,3,-6740,-12021,-8649,0,0
945,19817,19827,4,-10,930,-447,51,38,2,-6950,-11979,-8092,16384,0
946,19836,19846,6,-15,930,-31,57,42,6,-6938,-11973,-8296,16384,0
947,19856,19866,11,-7,927,-223,50,32,0,-7028,-11961,-8397,-16384,0
948,19876,19886,6,-6,926,-207,51,40,3,-6968,-12009,-8206,-32768,0
949,19895,19905,3,-5,923,159,58,44,2,-6908,-11937,-8116,-32768,0
950,19915,19925,13,-15,913,-127,52,41,4,-7064,-11823,-8104,-32768,0
951,19935,19944,17,-4,924,-79,56,44,4,-7040,-11811,-8086,16384,0
952,19954,19964,4,-12,915,-207,58,38,5,-7010,-12050,-7948,-32768,0
953,19984,19994,2,-6,932,-95,53,36,5,-7016,-11859,-7895,-32768,0
954,20004,20014,6,-3,924,143,56,43,5,-6980,-12068,-7978,-32768,0
955,20024,20034,10,-6,909,191,58,44,4,-6938,-12092,-7948,-32768,0
956,20043,20053,3,-10,928,-271,56,43,5,-7118,-12021,-8140,16384,0
957,20063,20073,0,-10,930,-255,58,35,2,-7022,-12050,-8164,16384,0
958,20083,20093,0,-2,926,287,56,42,8,-7070,-11895,-8236,16384,0
959,20102,20112,0,-6,917,63,59,41,3,-7010,-11967,-7978,-16384,0
960,20122,20132,3,-10,920,-15,58,38,5,-6980,-11961,-7895,-32768,0
961,20142,20151,5,-8,913,511,53,40,3,-6896,-11895,-8032,16384,0
962,20161,20171,6,-8,925,63,53,36,3,-6932,-11895,-8110,16384,0
963,20181,20191,4,0,926,383,53,38,2,-7112,-12009,-8086,16384,0
964,20201,20210,4,-6,909,-159,51,36,4,-7153,-12104,-8014,16384,0
965,20220,20230,12,-9,922,0,49,40,8,-7225,-11925,-8080,16384,0
966,20243,20253,9,-12,920,-271,52,36,1,-7153,-12086,-7996,0,0
967,20263,20272,2,-8,921,0,54,41,3,-7159,-12021,-8068,-16384,0
968,20282,20292,6,-6,913,-143,56,41,0,-7100,-11967,-8152,-16384,0
969,20302,20312,3,-16,924,-479,52,45,10,-7046,-12044,-8056,16384,0
970,20322,20332,1,-11,926,-511,50,41,8,-7058,-11985,-8182,-32768,0
971,20342,20352,10,-10,930,543,53,40,2,-7201,-11865,-7954,-32768,0
972,20362,20371,2,-10,933,-495,54,42,0,-7058,-11853,-8134,-32768,0
973,20381,20391,10,-5,926,0,56,45,3,-7177,-11793,-7960,0,0
974,20401,20411,3,-12,920,-143,52,33,6,-7261,-11847,-8206,0,0
975,20421,20431,2,-7,914,-95,53,38,4,-7028,-11919,-8104,-32768,0
976,20441,20451,8,-10,913,-351,52,40,3,-6908,-11955,-8284,-32768,0
977,20460,20470,4,-6,930,127,59,43,1,-7177,-11919,-8152,-32768,0
978,20480,20490,3,-7,928,-383,49,41,6,-7076,-11985,-8326,0,0
979,20500,20510,5,-6,922,15,54,43,1,-7088,-11997,-8224,16384,0
980,20523,20533,11,-9,928,159,53,41,0,-6956,-11901,-8242,-32768,0
981,20543,20553,2,-16,927,31,56,36,3,-6938,-11847,-8134,0,0
982,20563,20572,5,-9,930,191,53,34,5,-7183,-11937,-8266,16384,0
983,20582,20592,5,-2,922,-255,56,37,4,-7267,-12068,-8260,-32768,0
984,20602,20612,3,-4,909,31,52,35,1,-7243,-12068,-8146,-16384,0
985,20622,20632,10,-8,923,-63,54,42,2,-7010,-11919,-8391,-32768,0
986,20642,20652,3,0,906,-31,50,41,2,-7076,-11979,-8308,-32768,0
987,20661,20671,6,-10,924,351,56,38,-4,-7100,-11829,-8164,16384,0
988,20681,20691,15,-6,923,-63,52,40,3,-7153,-11883,-8206,-32768,0
989,20701,20711,5,-2,930,-79,53,40,-2,-7070,-11979,-8433,-32768,0
990,20721,20731,6,-18,923,175,52,37,3,-7219,-11763,-8062,0,0
991,20741,20750,4,-6,920,383,52,41,5,-7118,-11847,-8068,-32768,0
992,20760,20770,-2,-6,910,-191,57,41,-2,-7118,-11979,-8391,16384,0
993,20783,20793,3,-10,927,111,53,41,6,-7141,-11913,-8254,-32768,0
994,20803,20813,2,-6,916,-31,53,42,2,-7279,-11841,-8128,0,0
995,20823,20833,10,-8,930,15,56,37,10,-7058,-11961,-8116,-32768,0
996,20843,20853,4,-8,918,255,53,43,0,-6866,-11793,-7966,-32768,0
997,20863,20872,3,-10,926,95,58,41,1,-6896,-11877,-7996,-32768,0
998,20882,20892,0,-11,924,127,52,36,4,-6956,-11973,-8206,16384,0
999,20902,20912,4,-6,924,-223,54,38,1,-6986,-11979,-8188,-32768,0
1000,20922,20932,0,-4,937,-271,54,37,2,-6872,-12026,-8260,16384,0
1001,20942,20952,2,-8,930,-95,53,37,-2,-6842,-11967,-8224,16384,0
1002,20962,20972,4,-11,925,479,52,40,0,-6944,-11823,-8373,-32768,0
1003,20981,20991,2,-10,924,-223,54,36,5,-6950,-12015,-8320,-32768,0
1004,21001,21011,10,-9,923,-143,52,41,1,-6986,-11907,-8140,16384,0
1005,21021,21031,8,-13,933,239,56,34,1,-7022,-11955,-8158,-16384,0
1006,21044,21054,10,-5,932,79,54,35,6,-7040,-11823,-8224,-32768,0
1007,21064,21073,5,-8,928,-447,52,38,-1,-7141,-12015,-8038,-32768,0
1008,21084,21094,2,-7,919,0,49,40,-1,-6932,-11883,-8146,-32768,0
1009,21103,21113,6,-15,933,-223,54,36,4,-6794,-12026,-8320,16384,0
1010,21123,21133,2,-3,915,-95,56,40,6,-7022,-11931,-8128,-32768,0
1011,21143,21153,22,-17,934,159,57,44,-1,-6896,-11865,-8104,-32768,0
1012,21163,21173,14,-6,917,-303,51,35,-2,-6974,-12026,-8008,16384,0
1013,21183,21192,9,-4,911,-303,51,35,2,-7028,-11865,-7853,-32768,0
1014,21202,21212,8,-8,937,-47,50,40,1,-6950,-11949,-7954,0,0
1015,21222,21232,9,-17,910,111,54,42,4,-7010,-12026,-7960,-32768,0
1016,21242,21252,0,-9,922,95,52,37,1,-7064,-11889,-8098,-32768,0
1017,21262,21272,8,-4,920,0,56,42,1,-6854,-11997,-8050,-32768,0
1018,21282,21291,6,-16,930,-95,53,38,4,-6944,-11913,-8230,-16384,0
1019,21304,21314,5,-12,915,63,52,43,2,-6998,-11775,-8272,-32768,0
1020,21324,21334,4,-10,932,-175,53,43,4,-6818,-11817,-8379,-32768,0
1021,21344,21354,7,-4,930,-207,53,35,0,-6854,-12009,-8248,16384,0
1022,21364,21374,3,-7,920,191,52,34,8,-7010,-11997,-8565,0,0
1023,21384,21393,13,-8,929,-95,54,41,5,-7112,-11985,-8032,-32768,0
1024,21404,21413,3,-6,925,47,51,40,3,-7076,-12086,-8122,0,0
1025,21423,21433,3,-11,921,-47,54,36,6,-6758,-12254,-8409,-32768,0
1026,21443,21453,6,-8,946,0,52,42,1,-6962,-12026,-8212,-32768,0
1027,21463,21473,14,-10,933,-271,54,38,0,-6986,-11985,-8344,0,0
1028,21483,21492,0,-15,926,319,54,41,5,-6908,-11871,-8356,16384,0
1029,21502,21512,6,-4,928,-111,49,42,-2,-6998,-11853,-8158,-32768,0
1030,21522,21532,9,-4,926,383,52,38,4,-7094,-11841,-8350,0,0
1031,21542,21552,6,-4,930,31,51,41,4,-6962,-11967,-8415,-32768,0
1032,21565,21575,0,-9,928,-431,54,34,3,-6956,-11572,-8535,-32768,0
1033,21585,21595,4,-13,917,15,56,40,0,-6854,-11805,-8505,16384,0
1034,21607,21617,2,-8,926,-95,54,34,2,-7034,-11847,-8254,16384,0
1035,21627,21636,19,-6,941,127,50,37,0,-7004,-11841,-7895,0,0
1036,21646,21656,8,-13,929,-47,57,36,1,-6854,-11841,-8326,-32768,0
1037,21666,21676,4,-8,928,-319,56,44,4,-6944,-12009,-8517,-32768,0
1038,21686,21696,4,-6,924,-63,54,38,1,-6860,-11919,-8164,-32768,0
1039,21706,21716,4,-10,924,335,53,35,9,-7070,-11745,-8529,-16384,0
1040,21726,21736,13,-6,930,191,60,46,3,-6914,-11745,-8397,16384,0
1041,21746,21755,10,0,920,-47,58,46,1,-6962,-11925,-8128,16384,0
1042,21765,21775,3,-8,927,175,54,40,4,-7016,-11799,-8134,0,0
1043,21785,21795,4,-8,924,223,56,43,2,-7022,-11871,-8230,0,0
1044,21805,21815,2,-9,924,-431,53,41,5,-7106,-12050,-8266,-32768,0
1045,21828,21837,2,-6,933,63,56,38,2,-6992,-11853,-8314,-32768,0
1046,21847,21857,2,-5,929,-303,56,36,4,-7070,-11775,-8451,-32768,0
1047,21867,21877,9,-8,917,-495,53,42,3,-7141,-11823,-8224,16384,0
1048,21887,21896,9,-5,923,31,54,37,1,-7106,-11673,-8212,-32768,0
1049,21906,21916,4,-13,924,-255,53,42,8,-7177,-11871,-8116,16384,0
1050,21926,21936,0,-4,920,-111,53,37,1,-7028,-11907,-8272,-32768,0
1051,21945,21955,17,-6,922,-303,57,40,4,-7106,-11979,-8104,-32768,0
1052,21965,21975,4,-4,930,255,60,43,-2,-7070,-11835,-8218,-32768,0
1053,21985,21994,6,-4,918,255,62,41,2,-7010,-11937,-7907,-32768,0
1054,22004,22014,3,-12,929,-47,52,38,1,-7004,-11847,-8409,16384,0
1055,22024,22034,6,-4,920,-399,52,41,0,-6968,-11835,-8284,-32768,0
1056,22044,22054,7,-17,930,255,59,40,4,-6992,-11973,-8218,-32768,0
1057,22063,22073,6,-4,925,143,53,40,5,-7064,-11925,-8260,0,0
1058,22086,22096,5,-7,936,191,53,42,5,-7159,-11817,-8391,-32768,0
1059,22105,22115,5,-8,920,271,54,50,9,-6878,-11817,-8266,16384,0
1060,22125,22135,10,-8,930,-223,53,33,2,-7100,-11955,-8368,-32768,0
1061,22145,22154,3,-17,928,-111,59,38,0,-7076,-11769,-8044,16384,0
1062,22164,22174,3,-11,930,-111,56,38,5,-7076,-11721,-8158,-32768,0
1063,22184,22194,2,-10,928,31,53,38,6,-6914,-11769,-7954,-32768,0
1064,22204,22213,8,-8,920,-159,51,38,2,-6968,-11655,-8074,-32768,0
1065,22223,22233,6,-9,929,15,59,43,1,-6998,-11925,-8026,0,0
1066,22243,22253,9,-9,931,-559,54,43,3,-6872,-11949,-8134,-32768,0
1067,22262,22272,3,-6,926,-63,60,41,4,-6908,-11781,-8086,-32768,0
1068,22282,22292,6,-12,929,-527,56,36,0,-6776,-11967,-8350,16384,0
1069,22302,22312,2,-6,920,0,57,37,3,-6986,-11919,-8254,-32768,0
1070,22322,22331,7,-6,930,0,57,36,6,-7123,-11817,-8080,-32768,0
1071,22344,22354,6,-11,921,-239,56,38,1,-7165,-11997,-8158,-32768,0
1072,22364,22374,6,-3,915,431,54,40,3,-6884,-11937,-8302,0,0
1073,22384,22394,15,-8,929,159,53,43,3,-6680,-11781,-8248,-32768,0
1074,22404,22413,10,-14,923,-31,56,41,5,-6794,-11985,-8272,-32768,0
1075,22423,22433,1,-11,917,-447,50,38,3,-6788,-11931,-8194,-32768,0
1076,22443,22453,10,-7,921,-335,52,40,5,-6962,-11943,-8236,-16384,0
1077,22463,22473,2,-5,922,335,54,40,0,-6974,-11985,-8409,16384,0
1078,22483,22493,0,-5,926,191,54,42,4,-6896,-12038,-8553,16384,0
1079,22503,22512,10,-3,920,-287,51,38,0,-7016,-11991,-8200,-16384,0
1080,22522,22532,2,-8,924,63,57,43,1,-6932,-11913,-8278,0,0
1081,22542,22552,4,-13,917,175,57,34,3,-6920,-11727,-8260,-16384,0
1082,22562,22572,3,-13,928,95,52,35,3,-6818,-11823,-8409,-16384,0
1083,22582,22592,1,-12,922,127,51,33,1,-6986,-11955,-8212,0,0
1084,22602,22611,2,-7,926,-143,49,42,4,-6764,-12044,-8415,-16384,0
1085,22625,22635,8,-7,925,255,53,38,2,-6926,-11943,-8212,-32768,0
1086,22644,22654,4,-15,936,367,54,38,4,-6932,-11787,-8368,0,0
1087,22664,22674,3,-7,923,-79,56,43,-1,-7082,-11625,-8308,-32768,0
1088,22684,22694,3,-6,926,-143,52,41,3,-7070,-11715,-8248,-32768,0
1089,22704,22714,10,-13,928,-79,54,37,-1,-7034,-11739,-8397,0,0
1090,22724,22733,3,-8,926,-63,59,38,-1,-7046,-11793,-8116,16384,0
1091,22743,22753,10,-6,885,15,52,38,3,-7016,-11901,-8134,-32768,0
1092,22763,22773,-27,-26,892,-79,51,25,3,-6932,-11895,-8164,-32768,0
1093,22783,22793,2,-21,936,-95,52,30,0,-6848,-11853,-8188,-16384,0
1094,22803,22813,4,-8,961,-271,52,44,9,-6866,-11991,-8403,-32768,0
1095,22823,22832,3,-9,903,95,51,37,8,-6956,-11661,-8248,-32768,0
1096,22842,22852,9,-4,934,15,54,38,3,-6944,-11895,-8248,-32768,0
1097,22862,22872,-21,-54,909,-127,51,40,8,-6848,-12044,-8254,16384,0
1098,22885,22895,174,-6,910,15,57,40,2,-6848,-12015,-8535,-32768,0
1099,22905,22915,6,-8,908,-319,56,42,0,-7070,-11949,-8385,-32768,0
1100,22925,22934,6,0,953,-79,53,41,-1,-7088,-12080,-8128,-32768,0
1101,22945,22954,15,-1,890,63,52,43,1,-7004,-11937,-8224,-32768,0
1102,22964,22974,21,-6,925,-63,54,34,1,-7070,-11997,-8116,-16384,0
1103,22984,22994,1,-9,915,-159,51,43,-2,-7106,-12044,-8122,-32768,0
1104,23004,23014,4,-6,933,159,52,36,2,-7016,-12044,-8332,0,0
1105,23024,23033,24,-2,915,15,49,41,4,-7076,-12015,-8110,0,0
1106,23043,23053,-22,-48,892,0,53,38,0,-7112,-11871,-8182,-32768,0
1107,23063,23073,21,-8,942,-95,53,42,2,-6926,-11739,-8038,0,0
1108,23083,23093,12,0,924,335,54,38,8,-7076,-11955,-8182,-16384,0
1109,23103,23113,5,-9,917,-479,56,40,8,-6842,-11769,-8044,16384,0
1110,23122,23132,18,-5,929,31,52,30,5,-7028,-11823,-8194,0,0
1111,23145,23155,4,-9,935,-351,56,44,3,-6974,-11817,-8379,16384,0
1112,23165,23175,2,-13,921,-223,54,40,4,-7118,-11769,-8571,16384,0
1113,23185,23195,2,-10,922,-159,56,42,10,-6926,-11811,-8146,-16384,0
1114,23205,23214,9,-7,924,-287,57,40,3,-7010,-11919,-8122,-32768,0
1115,23224,23234,2,-5,931,-79,50,36,3,-6974,-11895,-8164,16384,0
1116,23244,23254,6,-11,924,239,56,42,3,-6836,-12140,-7948,16384,0
1117,23264,23274,10,-9,926,-127,53,37,8,-6974,-11991,-8224,0,0
1118,23284,23294,2,-16,926,95,57,42,4,-6920,-11799,-8230,-32768,0
1119,23304,23313,0,-5,931,335,57,42,3,-6986,-11865,-8254,16384,0
1120,23323,23333,7,-9,921,-399,52,37,0,-6914,-11877,-8314,-16384,0
1121,23343,23353,10,-6,925,175,52,40,3,-7100,-12056,-8421,16384,0
1122,23363,23373,2,-8,911,-415,59,40,4,-6962,-11811,-8134,0,0
1123,23383,23393,20,-7,943,-591,52,42,6,-6950,-11949,-8403,-16384,0
1124,23406,23416,10,0,927,15,56,41,2,-7070,-11895,-8020,16384,0
1125,23426,23435,15,-4,933,0,53,44,0,-7153,-11967,-8134,-32768,0
1126,23445,23455,4,-4,923,-511,51,36,4,-7141,-11769,-8397,16384,0
1127,23465,23475,3,-3,926,63,51,41,0,-7082,-12003,-8451,-32768,0
1128,23485,23495,4,-14,926,127,51,38,2,-7070,-11811,-8499,-16384,0
1129,23505,23515,6,-6,931,-63,59,38,5,-7177,-11871,-8397,-16384,0
1130,23524,23534,8,-8,928,-367,54,32,-6,-7159,-11985,-8439,-32768,0
1131,23544,23554,4,-6,926,-303,53,36,2,-7022,-11967,-8481,0,0
1132,23564,23574,4,-7,918,-127,58,38,5,-6962,-11817,-8445,-32768,0
1133,23584,23594,5,-7,933,399,58,41,3,-7010,-12098,-8451,-32768,0
1134,23604,23614,6,-4,916,-207,60,42,6,-7100,-12074,-8625,16384,0
1135,23624,23633,2,-5,930,511,52,40,2,-6974,-12056,-8344,16384,0
1136,23643,23653,6,-5,921,255,56,41,0,-6944,-11991,-8643,-32768,0
1137,23666,23676,12,-11,930,-207,51,36,4,-7088,-11769,-8385,-32768,0
1138,23686,23696,4,-3,931,-447,51,40,3,-7046,-11781,-8397,-32768,0
1139,23706,23716,5,-8,922,271,52,43,8,-7040,-11745,-8415,-32768,0
1140,23726,23735,2,-3,915,-207,53,36,1,-7022,-11793,-8140,-32768,0
1141,23745,23755,0,-12,921,-111,53,34,2,-6926,-11799,-8403,-32768,0
1142,23765,23775,7,-7,928,47,60,42,2,-6998,-11889,-8535,-32768,0
1143,23785,23795,5,-10,926,191,52,38,3,-7118,-11727,-8242,0,0
1144,23805,23815,6,-5,931,-207,57,40,0,-7219,-11757,-8403,-32768,0
1145,23825,23834,2,-13,929,607,57,37,4,-7147,-11799,-8302,0,0
1146,23844,23854,4,-12,921,383,53,37,3,-7225,-11841,-8350,16384,0
1147,23864,23874,1,-10,933,-351,52,41,2,-7231,-11991,-8535,-32768,0
1148,23884,23894,8,-13,932,143,52,44,4,-7153,-11793,-8242,16384,0
1149,23904,23914,-2,-13,924,-543,52,41,5,-7046,-11937,-8278,0,0
1150,23926,23936,4,-10,928,191,53,37,0,-7189,-11883,-8433,-32768,0
1151,23946,23956,11,-8,943,159,52,38,3,-7171,-11865,-8451,-32768,0
1152,23966,23976,10,-11,930,-31,58,40,8,-7207,-11961,-8344,-32768,0
1153,23985,23995,8,-3,920,-367,57,43,4,-7052,-11925,-8008,-16384,0
1154,24005,24015,2,-13,920,-143,58,40,2,-7183,-11823,-8008,-32768,0
1155,24027,24037,6,-9,927,-207,57,36,2,-7094,-11793,-8074,-32768,0
1156,24046,24056,9,-12,928,-79,50,40,-1,-7070,-11679,-8194,-32768,0
1157,24066,24076,10,-8,918,-367,53,38,1,-7094,-11901,-8146,-32768,0
1158,24086,24096,3,-9,926,-111,59,35,5,-6992,-11841,-8332,-16384,0
1159,24105,24115,1,-8,926,-47,51,36,1,-7213,-11703,-8110,-32768,0
1160,24125,24135,1,-7,924,95,52,35,3,-6998,-11883,-8104,0,0
1161,24145,24154,-8,-16,921,127,52,42,1,-7070,-11763,-7930,-32768,0
1162,24164,24174,13,-9,948,-223,53,45,5,-7082,-11925,-8152,16384,0
1163,24187,24197,3,-1,920,-207,53,36,2,-6974,-11763,-8140,-32768,0
1164,24206,24216,8,-10,935,-111,57,44,-2,-7219,-11805,-8152,-32768,0
1165,24226,24236,19,-7,925,0,59,40,6,-7100,-11871,-8356,0,0
1166,24246,24256,15,-10,932,79,56,43,4,-6962,-11781,-8194,-32768,0
1167,24265,24275,10,-13,930,-175,54,41,8,-6938,-11865,-8170,16384,0
1168,24285,24295,6,-6,927,-239,52,45,2,-6812,-11745,-8176,16384,0
1169,24305,24314,7,-8,922,0,56,45,5,-7010,-11739,-8044,-32768,0
1170,24324,24334,0,-10,932,-223,52,38,6,-6878,-11865,-8176,16384,0
1171,24344,24354,7,-6,933,-191,52,37,6,-7100,-11883,-7960,0,0
1172,24364,24373,10,-5,917,287,56,41,5,-7106,-11961,-7978,-32768,0
1173,24383,24393,4,-13,930,575,54,35,2,-6932,-12044,-8248,16384,0
1174,24403,24413,8,-10,930,111,52,40,-2,-6998,-11859,-8200,-16384,0
1175,24422,24432,3,-10,923,-287,51,38,5,-7046,-11733,-8421,-16384,0
1176,24442,24452,5,-6,922,-95,50,41,1,-7100,-11841,-8164,-32768,0
1177,24460,24470,3,-2,925,0,54,42,2,-6992,-11715,-7775,0,0
1178,24480,24490,4,-10,926,175,54,40,1,-6944,-11817,-8056,-32768,0
1179,24500,24509,8,-6,918,159,49,43,1,-7016,-11745,-8044,-32768,0
1180,24519,24529,2,-6,913,-95,56,41,0,-7129,-11637,-8032,0,0
1181,24539,24549,4,-17,915,-239,49,37,2,-6986,-11763,-8194,-32768,0
1182,24559,24569,4,-7,929,31,56,41,6,-6956,-11703,-8362,0,0
1183,24579,24589,5,-10,938,159,57,35,5,-7094,-11709,-8248,-32768,0
1184,24598,24608,2,-6,922,-223,50,38,2,-7118,-11775,-8080,-16384,0
1185,24618,24628,6,-6,928,-479,52,34,0,-7112,-11889,-8110,16384,0
1186,24638,24648,3,-8,920,-191,52,46,5,-7010,-11853,-8314,16384,0
1187,24658,24668,10,-5,937,239,49,42,4,-7147,-11931,-7948,-16384,0
1188,24678,24687,9,-4,927,255,52,37,0,-7219,-11871,-8098,-32768,0
1189,24697,24707,8,-8,925,79,57,42,5,-6962,-11775,-8194,-32768,0
1190,24720,24730,2,-15,922,159,50,37,1,-7243,-11961,-8050,-32768,0
1191,24740,24750,5,-10,921,-143,54,38,5,-7010,-11775,-8296,-16384,0
1192,24760,24770,2,-9,922,-239,53,40,2,-6920,-11931,-8266,16384,0
1193,24779,24789,11,-12,924,-159,50,43,-4,-7082,-11931,-8128,-32768,0
1194,24799,24809,8,-8,924,-607,53,38,-1,-6920,-11865,-7871,-32768,0
1195,24819,24829,3,-5,926,-175,54,41,5,-6938,-11733,-8086,-32768,0
1196,24839,24849,4,-4,922,-175,51,38,3,-7040,-11745,-8128,-16384,0
1197,24859,24868,6,-8,923,127,54,36,1,-7094,-11901,-8236,-16384,0
1198,24878,24888,8,-8,933,-223,53,38,4,-7064,-11877,-8104,-16384,0
1199,24898,24908,9,-13,927,223,57,37,3,-7118,-11775,-8116,-32768,0
1200,24918,24928,2,-8,918,0,52,40,1,-7064,-11745,-7972,-32768,0
1201,24938,24948,8,-13,929,207,56,37,0,-7028,-11715,-7877,0,0
1202,24958,24968,9,-10,924,47,58,40,0,-6860,-11577,-7990,-16384,0
1203,24980,24990,4,-4,924,-223,52,42,4,-7171,-11524,-8194,-32768,0
1204,25000,25010,-3,-8,930,-415,54,38,5,-6860,-11500,-8092,16384,0
1205,25020,25030,7,-6,925,399,56,37,4,-7141,-11847,-8038,-32768,0
1206,25040,25050,11,-4,924,255,52,44,2,-7064,-11739,-8140,-32768,0
1207,25060,25070,10,-4,933,-63,53,37,291,-7159,-11793,-7811,-32768,0
1208,25080,25089,4,-5,917,47,52,43,4,-7082,-11601,-7960,-32768,0
1209,25100,25109,8,-7,921,-47,51,37,6,-6986,-11625,-8014,-32768,0
1210,25119,25129,8,-6,931,-303,50,38,-1,-7004,-11733,-8110,0,0
1211,25139,25149,4,-10,919,271,61,44,2,-7088,-11661,-8008,-32768,0
1212,25159,25169,13,-13,930,-287,53,36,0,-7052,-11440,-8266,-32768,0
1213,25179,25188,4,-6,926,-111,49,41,8,-6836,-11697,-7811,-32768,0
1214,25198,25208,4,-10,917,255,56,43,6,-6794,-11823,-8403,16384,0
1215,25218,25228,2,-6,921,-303,59,44,1,-6920,-11739,-8050,-16384,0
1216,25241,25251,4,-13,928,0,50,40,3,-6908,-11721,-7883,16384,0
1217,25261,25271,3,-6,928,-175,61,44,5,-6848,-11745,-8104,16384,0
1218,25281,25291,6,-5,928,-95,54,43,6,-6854,-11835,-8086,-32768,0
1219,25300,25310,14,-12,954,-111,53,51,6,-6968,-11919,-8176,0,0
1220,25320,25330,26,-18,929,-159,53,37,2,-7213,-11781,-8254,-32768,0
1221,25340,25350,8,-7,930,0,54,42,2,-7010,-11721,-8080,-32768,0
1222,25360,25370,-14,-6,898,191,58,44,6,-6896,-11763,-8128,16384,0
1223,25380,25389,-2,0,926,-159,56,32,3,-7129,-11781,-8086,-16384,0
1224,25399,25409,13,-6,941,239,59,51,1,-7357,-11853,-8272,-32768,0
1225,25419,25429,14,-8,933,287,52,42,2,-7076,-11859,-8164,-16384,0
1226,25439,25449,4,-7,919,47,53,38,3,-7028,-11841,-8212,-32768,0
1227,25459,25469,-2,-6,927,303,53,36,8,-7058,-11829,-7883,-16384,0
1228,25479,25488,3,-4,910,-463,53,42,-292,-7112,-11985,-8116,-32768,0
1229,25501,25511,6,-6,943,-95,50,37,2,-6884,-11853,-7865,-32768,0
1230,25521,25531,6,-7,917,-191,58,35,3,-6974,-11793,-7895,-32768,0
1231,25541,25551,19,0,939,-159,53,44,5,-6944,-11769,-7996,0,0
1232,25561,25571,-4,-27,885,15,51,38,3,-6962,-11667,-8128,0,0
1233,25581,25590,10,-15,933,271,52,36,2,-6776,-11733,-8014,-32768,0
1234,25600,25610,10,-6,955,-159,51,35,3,-6818,-11811,-8218,-16384,0
1235,25620,25630,5,-4,937,47,57,43,0,-6740,-11793,-8362,-32768,0
1236,25640,25650,4,-4,924,0,53,42,2,-7064,-11775,-8062,-32768,0
1237,25660,25670,6,-8,920,207,59,37,4,-6932,-11727,-8092,16384,0
1238,25679,25689,8,-7,926,63,56,41,4,-6986,-12026,-8044,16384,0
1239,25699,25709,20,-1,948,-303,54,43,1,-7016,-11763,-8356,-16384,0
1240,25719,25729,2,-7,906,-335,53,44,3,-6764,-11763,-8391,-32768,0
1241,25739,25749,4,-10,929,15,52,43,4,-6866,-11853,-7942,-16384,0
1242,25762,25772,2,-6,915,111,54,37,1,-6980,-11895,-8242,16384,0
1243,25782,25791,6,-5,926,-207,54,35,3,-7010,-11877,-8152,-32768,0
1244,25801,25811,3,-6,926,351,54,45,3,-6992,-11733,-8248,0,0
1245,25821,25831,8,-5,935,351,54,38,2,-7058,-11691,-8373,-16384,0
1246,25841,25851,5,-3,921,-335,49,37,1,-6920,-11697,-8517,16384,0
1247,25860,25870,0,-4,915,-399,52,43,1,-6908,-11925,-8200,-32768,0
1248,25880,25890,15,-9,926,-255,56,40,0,-6956,-11889,-8326,0,0
1249,25900,25910,4,-11,929,-175,51,35,8,-7076,-11985,-8296,-32768,0
1250,25920,25930,8,-3,922,15,56,42,8,-6998,-11811,-8254,16384,0
1251,25940,25950,11,-13,922,15,52,36,0,-6896,-11895,-8134,16384,0
1252,25960,25969,6,-8,929,-239,52,37,4,-6974,-11925,-8104,-32768,0
1253,25979,25989,6,-9,918,-591,51,38,5,-6746,-11949,-8224,-16384,0
1254,25999,26009,6,-13,924,63,52,37,1,-7004,-11811,-8553,-32768,0
1255,26022,26032,6,-6,922,-351,52,43,1,-6896,-11841,-8026,0,0
1256,26041,26051,8,-11,926,415,54,43,2,-6896,-11805,-8739,16384,0
1257,26061,26071,11,-10,912,-159,57,45,9,-7094,-11733,-8218,-32768,0
1258,26081,26090,10,-6,932,223,59,42,8,-7052,-11805,-8439,-32768,0
1259,26100,26110,2,-7,913,-207,57,46,5,-7070,-11733,-8164,0,0
1260,26120,26130,12,-8,917,-47,56,37,3,-6782,-11835,-8332,-32768,0
1261,26139,26149,4,-12,923,-399,54,40,3,-7094,-11991,-8116,-32768,0
1262,26159,26169,8,-4,921,223,52,42,4,-6962,-12128,-8092,-32768,0
1263,26178,26188,3,-4,926,-255,53,33,2,-6914,-12110,-8146,-32768,0
1264,26198,26208,2,-10,927,-399,54,40,1,-6752,-12003,-8152,-32768,0
1265,26218,26228,5,-16,928,447,53,43,10,-6818,-11991,-8284,-32768,0
1266,26237,26247,-6,-12,920,287,52,37,6,-6842,-11997,-8062,-32768,0
1267,26257,26267,8,-9,937,623,53,42,0,-6914,-12110,-7895,16384,0
1268,26279,26289,6,-13,933,-383,56,43,0,-6842,-12224,-8212,-32768,0
1269,26299,26309,5,-9,924,-239,54,41,4,-6860,-12272,-8212,-32768,0
1270,26319,26329,7,-6,925,-63,52,36,1,-6860,-12224,-8014,-32768,0
1271,26339,26348,2,-6,922,-111,52,36,0,-6764,-12152,-8122,16384,0
1272,26358,26368,7,-4,937,-63,53,42,4,-6878,-12021,-7972,16384,0
1273,26378,26388,3,-11,926,-127,53,43,3,-7040,-11985,-7930,0,0
1274,26397,26407,-4,-18,924,15,50,38,4,-6884,-12074,-8296,-16384,0
1275,26417,26427,5,-7,920,-271,52,34,2,-6950,-12080,-8080,0,0
1276,26437,26447,4,-3,920,95,59,36,2,-6872,-12050,-8248,-32768,0
1277,26458,26468,10,-13,921,95,49,34,2,-6902,-12266,-8062,-32768,0
1278,26478,26488,4,-6,920,63,49,42,5,-6896,-12314,-8092,0,0
1279,26498,26507,4,-4,919,0,53,41,0,-6968,-12194,-8026,-32768,0
1280,26517,26527,174,-8,919,63,48,40,2,-7082,-11925,-7859,16384,0
1281,26537,26547,3,-4,928,223,53,41,2,-6968,-12026,-8020,-32768,0
1282,26559,26569,8,-18,936,-127,54,37,1,-7022,-12015,-8068,0,0
1283,26579,26589,4,-3,924,0,46,41,1,-6968,-12140,-8236,-32768,0
1284,26599,26609,2,-8,927,207,52,37,3,-6716,-11997,-8140,-32768,0
1285,26619,26628,6,-15,918,-271,57,40,3,-6920,-12080,-8182,-32768,0
1286,26639,26648,8,-4,928,-175,54,38,4,-7058,-11991,-8146,0,0
1287,26658,26668,3,-5,930,-527,49,38,3,-6926,-12092,-8080,0,0
1288,26678,26688,8,-7,928,367,52,38,3,-6806,-12104,-8122,-32768,0
1289,26698,26708,4,-13,922,319,58,45,0,-7082,-11907,-8314,-32768,0
1290,26718,26728,8,-1,926,111,48,38,1,-6908,-11955,-8242,0,0
1291,26738,26747,2,-10,922,95,52,40,5,-6926,-11961,-8158,16384,0
1292,26757,26767,9,-17,935,-287,56,38,0,-6914,-12056,-8182,0,0
1293,26777,26787,4,-10,920,671,53,40,5,-6986,-12044,-8092,-32768,0
1294,26797,26807,6,-5,919,191,57,42,2,-6758,-12009,-8302,-32768,0
1295,26820,26830,3,-13,919,-47,50,42,2,-6974,-11979,-8224,-16384,0
1296,26839,26849,4,-7,926,-191,56,34,3,-7022,-11877,-7954,-32768,0
1297,26859,26869,5,-12,927,207,52,37,-2,-6920,-11973,-8134,-32768,0
1298,26879,26889,9,-2,926,127,54,35,-1,-6812,-12122,-8038,-32768,0
1299,26899,26909,10,-3,928,255,56,38,0,-6878,-11877,-8122,-16384,0
1300,26919,26928,10,-7,915,-319,57,40,2,-6998,-12062,-7895,-32768,0
1301,26938,26948,3,-6,929,0,52,40,0,-7064,-11973,-8044,0,0
1302,26958,26968,6,-7,923,31,56,36,-2,-7094,-11931,-8074,-32768,0
1303,26978,26988,6,-6,928,-495,59,38,-1,-7171,-12026,-8128,-32768,0
1304,26998,27008,16,-8,926,207,53,41,6,-6986,-11997,-8158,-32768,0
1305,27018,27028,5,-8,922,79,58,42,0,-6974,-11949,-8146,-32768,0
1306,27038,27047,6,-6,936,-431,58,45,8,-7076,-11967,-8002,-32768,0
1307,27057,27067,2,-6,927,0,54,48,4,-7046,-12021,-8344,-32768,0
1308,27080,27090,1,-10,916,303,57,42,4,-6896,-12062,-8050,-32768,0
1309,27100,27110,8,-8,918,-255,53,40,3,-6884,-11967,-8158,-16384,0
1310,27120,27129,3,-8,924,-495,57,40,2,-6968,-12062,-8290,-32768,0
1311,27139,27149,5,-9,920,127,58,40,1,-6926,-12021,-8236,-32768,0
1312,27159,27169,8,-7,919,-143,58,40,5,-6866,-12086,-8218,-32768,0
1313,27179,27189,7,-8,932,335,58,41,3,-6872,-11943,-8230,-16384,0
1314,27199,27209,6,-7,922,-127,53,44,2,-6920,-12062,-8110,0,0
1315,27218,27228,11,-6,928,15,53,43,3,-7004,-12003,-8134,-32768,0
1316,27238,27248,12,-4,925,79,53,38,4,-7094,-11925,-8152,-32768,0
1317,27258,27268,1,-13,921,79,53,40,8,-7094,-11937,-8368,-32768,0
1318,27278,27288,2,-8,921,47,53,38,1,-7231,-11763,-8104,-16384,0
1319,27298,27307,2,-9,928,47,51,41,0,-7070,-11979,-8230,-32768,0
1320,27317,27327,6,-13,926,-111,53,36,0,-7034,-11931,-8146,0,0
1321,27340,27350,4,-6,920,255,60,37,2,-7004,-11961,-8248,-32768,0
1322,27360,27370,6,-3,922,191,54,37,2,-7004,-11883,-8008,0,0
1323,27379,27389,10,-10,921,-63,53,41,5,-7064,-11907,-8146,-16384,0
1324,27399,27409,4,-12,915,31,58,43,5,-7159,-11871,-8266,-32768,0
1325,27419,27429,9,-6,928,-175,58,36,6,-7058,-11913,-8008,-32768,0
1326,27439,27449,3,-12,922,79,51,40,-2,-7046,-11949,-7859,-16384,0
1327,27459,27468,4,-1,929,63,57,37,0,-6950,-12050,-8110,0,0
1328,27478,27488,5,-3,922,-447,54,40,0,-6818,-11931,-8062,-32768,0
1329,27498,27508,6,-5,926,-31,53,43,2,-6974,-11823,-7996,-32768,0
1330,27518,27528,4,-12,928,-47,56,42,4,-6890,-12003,-8044,-32768,0
1331,27538,27547,4,-12,928,-63,54,37,4,-6800,-11805,-8134,-32768,0
1332,27557,27567,2,-13,916,0,53,35,5,-6902,-11847,-8200,0,0
1333,27577,27587,1,-6,922,-351,54,41,2,-6890,-12021,-8439,-32768,0
1334,27600,27610,0,-17,913,-463,54,43,5,-6974,-12003,-8206,-32768,0
1335,27620,27630,1,-7,929,95,54,38,1,-6950,-12074,-8188,-32768,0
1336,27640,27650,0,-14,925,271,59,45,3,-6878,-11961,-8122,-32768,0
1337,27660,27669,5,-2,930,-239,56,36,1,-6908,-11967,-8134,-32768,0
1338,27679,27689,5,-15,924,15,56,41,1,-7165,-12038,-8194,-32768,0
1339,27699,27709,5,-11,921,-287,49,41,4,-6842,-11841,-8278,-32768,0
1340,27719,27729,3,-6,922,-79,53,45,2,-6824,-11859,-8463,16384,0
1341,27739,27749,6,-6,924,255,54,41,1,-7118,-11985,-8326,-32768,0
1342,27759,27768,-1,-6,930,-111,54,38,-1,-6878,-11955,-8068,-16384,0
1343,27778,27788,14,-8,923,111,51,40,3,-6866,-12026,-8350,-32768,0
1344,27798,27808,8,-6,924,-31,57,38,-1,-6986,-11901,-8176,-32768,0
1345,27818,27828,4,-8,928,-223,52,40,3,-6788,-12194,-8362,16384,0
1346,27838,27848,3,-10,925,255,57,40,2,-6974,-11967,-8691,-16384,0
1347,27860,27870,9,-9,928,-111,57,40,1,-6860,-11907,-8553,-32768,0
1348,27880,27890,2,-8,926,-111,53,40,0,-6836,-12044,-8421,-32768,0
1349,27900,27910,2,-8,919,0,58,38,3,-6968,-11901,-8373,-32768,0
1350,27920,27930,6,-14,931,0,46,37,290,-6830,-11913,-8739,16384,0
1351,27940,27950,0,-15,930,-399,50,42,-1,-6842,-11961,-8302,16384,0
1352,27960,27969,5,-10,931,175,53,36,2,-6926,-12015,-8206,-16384,0
1353,27979,27989,4,-10,930,207,52,38,-2,-6782,-11913,-8230,-32768,0
1354,27999,28009,6,-8,925,-383,53,40,6,-6896,-11769,-8170,-32768,0
1355,28019,28028,7,-6,930,207,52,40,1,-6848,-11853,-8302,-16384,0
1356,28039,28048,7,-17,929,-175,53,38,4,-6848,-11613,-8266,-32768,0
1357,28058,28068,8,-13,930,271,51,44,2,-7010,-11871,-8110,16384,0
1358,28078,28088,6,-3,930,255,49,34,2,-6848,-11961,-8098,16384,0
1359,28098,28108,1,-6,933,-591,53,38,0,-7070,-11871,-7889,-16384,0
1360,28121,28130,2,-2,913,-63,60,35,1,-6902,-11997,-8164,0,0
1361,28140,28150,12,-8,930,-159,56,38,6,-6992,-11979,-8086,-32768,0
1362,28160,28169,4,-4,925,-207,48,37,5,-7046,-12021,-8212,-32768,0
1363,28179,28189,22,-15,920,223,57,43,9,-6728,-12128,-8002,-16384,0
1364,28199,28209,4,-8,919,-383,56,40,2,-6716,-12021,-8128,-16384,0
1365,28219,28228,0,-5,930,191,52,43,3,-6938,-11943,-7972,-32768,0
1366,28238,28248,4,-9,933,-191,52,40,5,-6633,-11835,-7889,-32768,0
1367,28258,28268,8,-6,920,-335,53,41,2,-6818,-11919,-8176,16384,0
1368,28277,28287,6,-4,926,-239,53,45,0,-6788,-12003,-8068,-16384,0
1369,28297,28307,4,-10,932,-159,50,41,3,-6716,-12044,-8008,16384,0
1370,28317,28326,9,-6,933,-351,51,45,9,-6704,-11901,-7895,-16384,0
1371,28336,28346,5,-6,933,-175,56,37,1,-6788,-12026,-7805,0,0
1372,28356,28366,4,-10,918,-111,56,40,1,-6902,-11841,-8122,-32768,0
1373,28386,28396,3,-7,920,47,50,42,-1,-7010,-11811,-8164,-32768,0
1374,28406,28416,3,-6,923,127,54,44,2,-6950,-11572,-8182,-16384,0
1375,28426,28436,-1,-12,909,-31,52,35,2,-6956,-11889,-7799,-32768,0
1376,28445,28455,5,-8,928,-399,52,36,2,-6896,-11865,-8170,-32768,0
1377,28465,28475,2,-6,939,-415,48,40,3,-6734,-11787,-7996,-32768,0
1378,28485,28494,5,-8,929,-175,54,41,9,-7052,-12009,-8152,-32768,0
1379,28504,28514,8,-12,917,47,51,34,3,-6848,-11721,-7960,-32768,0
1380,28524,28534,17,-6,925,-479,57,38,4,-7082,-11949,-7978,-16384,0
1381,28543,28553,6,-4,926,-175,53,43,3,-6920,-11835,-8020,-32768,0
1382,28563,28573,4,-9,924,-255,59,37,1,-6890,-11889,-8014,-16384,0
1383,28583,28592,8,-3,926,-143,51,41,2,-6866,-11835,-7811,16384,0
1384,28602,28612,5,-6,936,319,54,40,1,-6890,-11913,-7889,-32768,0
1385,28621,28631,-2,-10,915,-319,56,38,3,-7123,-11799,-7996,-32768,0
1386,28641,28651,-1,-15,920,335,52,38,6,-6938,-11895,-7871,-16384,0
1387,28664,28674,2,-12,920,-287,46,37,4,-7046,-11817,-8068,-32768,0
1388,28684,28693,9,-8,924,31,50,42,4,-6866,-11787,-8248,16384,0
1389,28703,28713,13,-4,927,-47,52,42,3,-6818,-11883,-8116,0,0
1390,28723,28733,10,-6,933,-351,56,48,1,-6812,-11865,-8200,-32768,0
1391,28743,28753,13,-8,931,111,54,40,2,-6986,-11961,-8385,-16384,0
1392,28763,28772,10,-2,921,-63,54,36,1,-7082,-11853,-8224,-16384,0
1393,28783,28792,171,-15,918,-239,50,30,4,-6962,-11949,-8200,-32768,0
1394,28802,28812,3,-11,922,-479,58,42,9,-7123,-11895,-8236,-16384,0
1395,28822,28832,9,-10,935,-255,53,38,0,-6998,-11895,-8565,-32768,0
1396,28842,28852,1,-4,927,0,50,34,1,-7112,-11901,-8284,16384,0
1397,28864,28874,11,-16,933,-31,51,45,1,-6962,-11745,-8092,-32768,0
1398,28884,28893,10,-5,926,159,60,40,5,-7052,-11985,-8320,-32768,0
1399,28903,28913,2,-8,928,79,53,35,3,-6986,-11763,-8344,-32768,0
1400,28926,28936,4,-6,926,111,54,42,2,-6890,-11799,-8188,-16384,0
1401,28946,28956,8,-13,931,111,52,42,4,-6974,-11865,-8266,16384,0
1402,28966,28975,5,-4,928,-63,60,37,6,-7231,-11979,-8188,0,0
1403,28985,28995,4,-19,928,191,51,44,0,-7052,-11739,-8044,-32768,0
1404,29005,29015,2,-8,922,383,54,42,3,-6944,-11769,-8248,-16384,0
1405,29025,29035,2,-3,929,-47,52,40,1,-6974,-11703,-8224,-32768,0
1406,29045,29055,4,-10,924,0,56,38,2,-7135,-11853,-8248,-32768,0
1407,29064,29074,0,-10,939,495,50,34,-2,-7285,-11811,-8086,-32768,0
1408,29084,29094,6,-4,933,-63,52,42,3,-7279,-11721,-8314,-32768,0
1409,29104,29114,3,-12,914,0,51,34,-2,-7267,-11799,-8176,16384,0
1410,29124,29134,6,-8,911,111,54,29,5,-7201,-11721,-8224,0,0
1411,29144,29154,-6,-19,899,-271,51,38,0,-7243,-11865,-8439,-32768,0
1412,29164,29173,33,-8,954,-191,51,43,2,-6980,-11811,-8296,-32768,0
1413,29186,29196,4,-6,928,-175,54,42,8,-6848,-11907,-8356,-16384,0
1414,29206,29216,11,-1,935,271,56,37,4,-7022,-11871,-8170,0,0
1415,29226,29236,0,-10,928,-335,53,36,2,-6908,-11895,-8302,16384,0
1416,29246,29255,13,-10,920,-127,59,38,5,-6926,-11961,-8182,-32768,0
1417,29265,29275,10,-9,927,-559,51,36,6,-6830,-11799,-8104,-16384,0
1418,29285,29295,1,-10,924,-143,54,41,2,-6776,-11775,-8116,-32768,0
1419,29305,29315,1,-10,926,15,56,37,0,-6908,-11811,-8356,-16384,0
1420,29325,29335,17,8,917,-431,50,38,6,-6932,-11715,-8206,-32768,0
1421,29345,29354,6,-13,908,-335,50,43,2,-7040,-11913,-8056,-16384,0
1422,29364,29374,13,-23,925,175,50,40,3,-6878,-11859,-7871,-16384,0
1423,29384,29394,6,-6,946,143,53,32,3,-6878,-11817,-8290,0,0
1424,29404,29414,2,-5,921,-543,54,37,9,-6968,-11907,-8122,-32768,0
1425,29424,29434,13,-6,915,-207,56,38,3,-6944,-11865,-8439,16384,0
1426,29447,29456,2,-8,926,-239,52,37,1,-6980,-11949,-8284,16384,0
1427,29466,29476,7,-9,935,79,53,38,1,-6800,-11787,-8362,-32768,0
1428,29486,29496,2,-10,928,-447,53,41,4,-7058,-11751,-8439,16384,0
1429,29506,29516,2,-7,912,-479,51,33,1,-7046,-11949,-8176,0,0
1430,29526,29535,2,-8,928,319,53,37,3,-6974,-11991,-8625,-32768,0
1431,29545,29555,-4,-20,963,-463,54,28,1,-6692,-12009,-8344,-32768,0
1432,29565,29575,-4,-1,944,-95,53,45,3,-6902,-11919,-8493,-32768,0
1433,29585,29595,4,-5,909,-383,56,44,5,-7046,-11973,-7913,-16384,0
1434,29605,29615,26,-8,946,0,57,36,1,-6908,-11871,-8368,-32768,0
1435,29625,29634,16,-13,921,31,49,46,6,-6986,-11931,-8158,16384,0
1436,29644,29654,-1,-6,927,47,56,33,0,-6962,-11871,-8122,-32768,0
1437,29664,29674,0,-13,916,15,54,34,2,-7046,-11991,-8379,-16384,0
1438,29684,29694,7,-12,921,-79,57,42,5,-7082,-11811,-8290,-32768,0
1439,29707,29717,6,-9,924,0,54,44,8,-7183,-11889,-8481,-16384,0
1440,29727,29736,11,-6,935,-335,57,38,6,-7070,-11931,-8356,0,0
1441,29746,29756,10,-8,925,79,52,40,-292,-7070,-11865,-8332,-32768,0
1442,29766,29776,11,-14,934,-47,60,45,4,-6896,-11811,-8439,0,0
1443,29786,29796,12,-4,931,-335,59,34,3,-7118,-11871,-8350,16384,0
1444,29806,29815,4,-4,921,351,57,41,1,-7106,-11919,-8326,16384,0
1445,29825,29835,4,-7,941,-463,58,42,3,-7010,-11679,-8188,-16384,0
1446,29845,29855,8,-4,926,-31,53,41,1,-7225,-11655,-8170,-32768,0
1447,29865,29875,4,-6,917,319,53,38,2,-6998,-11745,-8206,-32768,0
1448,29885,29894,2,-2,930,271,51,38,0,-7094,-11721,-8368,-16384,0
1449,29904,29914,8,-8,929,-319,52,42,-2,-6956,-11775,-8709,-32768,0
1450,29924,29934,7,-6,927,351,52,41,6,-7022,-11691,-8757,-32768,0
1451,29944,29954,7,-8,933,-223,51,41,1,-6824,-11679,-8128,-32768,0
1452,29967,29977,4,-6,928,-111,49,40,4,-6998,-11793,-8296,-32768,0
1453,29986,29996,4,-6,928,-31,51,38,0,-6968,-12074,-8110,16384,0
1454,30006,30016,5,-8,924,0,56,45,8,-7118,-12074,-8236,-16384,0
1455,30026,30036,4,-4,924,-239,53,43,0,-6992,-11865,-8475,-32768,0
1456,30046,30056,6,-4,924,-127,57,33,2,-7112,-11847,-8601,-32768,0
1457,30066,30075,2,-2,923,63,54,42,4,-6764,-11709,-8469,-16384,0
1458,30085,30095,9,-8,935,175,52,41,4,-6890,-11763,-8541,16384,0
1459,30105,30115,7,-6,927,111,52,41,3,-6812,-11793,-8613,0,0
1460,30125,30135,4,-5,928,-143,56,40,0,-6830,-11619,-8356,-32768,0
1461,30145,30154,6,-10,933,-47,56,41,1,-6932,-11739,-8206,-32768,0
1462,30164,30174,7,-9,928,95,56,36,4,-6938,-11667,-8379,-32768,0
1463,30184,30194,3,-8,923,111,56,42,1,-6866,-11482,-8421,-32768,0
1464,30204,30214,4,-10,923,-175,53,41,2,-6974,-11697,-8170,-16384,0
1465,30227,30237,4,-6,924,-111,51,36,3,-7028,-11703,-8134,16384,0
1466,30246,30256,3,-8,929,-591,53,40,2,-6968,-11536,-8110,-16384,0
1467,30266,30276,5,-6,920,-431,51,44,2,-6956,-11679,-8290,0,0
1468,30286,30295,16,-9,928,191,59,42,4,-6956,-11703,-8176,-32768,0
1469,30305,30315,1,-7,920,-143,52,41,2,-6806,-11589,-8110,-16384,0
1470,30325,30335,3,-2,927,-191,50,38,3,-6968,-11757,-8266,16384,0
1471,30345,30354,3,-13,928,-175,54,36,-3,-6908,-11913,-8385,0,0
1472,30364,30374,6,-13,932,143,56,40,2,-6818,-11853,-7960,0,0
1473,30384,30394,4,-8,925,15,56,37,9,-6902,-11865,-8206,-16384,0
1474,30403,30413,3,-3,918,-223,52,40,-2,-7064,-11793,-8182,-32768,0
1475,30423,30433,12,-7,934,-95,46,35,0,-6818,-11703,-8242,-16384,0
1476,30443,30452,4,-6,928,15,56,44,0,-6734,-11937,-8272,-16384,0
1477,30462,30472,3,-6,926,31,49,43,6,-7112,-11919,-8326,16384,0
1478,30485,30495,2,-4,935,-15,59,38,3,-6758,-11823,-7919,-32768,0
1479,30504,30514,9,-8,922,383,54,34,-1,-6830,-11931,-8218,0,0
1480,30524,30534,8,-5,927,-95,51,42,6,-6878,-11919,-8266,-32768,0
1481,30544,30553,2,-4,926,-95,52,42,1,-6788,-11835,-8146,-16384,0
1482,30563,30573,7,-9,924,-95,51,40,1,-6962,-12026,-8290,-32768,0
1483,30583,30593,2,-7,921,79,52,40,-1,-6980,-11925,-8206,0,0
1484,30602,30612,7,-11,931,271,50,45,9,-6908,-12092,-8254,0,0
1485,30622,30632,8,-8,924,175,53,37,1,-6866,-12038,-8302,0,0
1486,30642,30652,15,-8,926,527,54,45,-4,-6842,-12098,-8122,-32768,0
1487,30661,30671,10,-7,924,-175,56,35,2,-7004,-11973,-8206,16384,0
1488,30681,30691,3,-13,927,-175,58,48,6,-6657,-11889,-8607,-32768,0
1489,30701,30711,6,-7,926,-15,52,45,5,-7028,-12140,-8451,0,0
1490,30720,30730,4,-6,926,-175,53,41,5,-6770,-12080,-8661,0,0
1491,30740,30750,1,-7,926,-31,60,43,5,-6950,-12009,-8439,16384,0
1492,30762,30772,4,-4,929,383,50,38,5,-6764,-11913,-8505,-32768,0
1493,30782,30792,0,-6,920,-111,52,42,4,-6986,-11961,-8445,16384,0
1494,30802,30812,8,-6,918,-47,51,32,0,-6968,-12158,-8236,16384,0
1495,30822,30832,9,-4,924,-383,56,41,3,-7028,-12044,-8230,-16384,0
1496,30842,30851,4,-6,930,127,54,45,1,-7112,-11961,-8469,-16384,0
1497,30861,30871,4,-8,924,-335,54,35,2,-7088,-11955,-8314,-16384,0
1498,30881,30891,5,-15,920,0,56,41,2,-7100,-12314,-8529,-32768,0
1499,30901,30911,10,-11,926,15,52,35,4,-6824,-12206,-8481,-16384,0
1500,30921,30931,5,-8,939,351,54,36,5,-6980,-12098,-8302,-32768,0
1501,30941,30951,7,-8,940,63,51,36,-1,-6974,-12044,-8385,-32768,0
1502,30960,30970,14,-8,922,-271,54,40,2,-7046,-12015,-8296,-32768,0
1503,30980,30990,2,-10,930,127,51,43,-3,-6938,-11979,-8290,-16384,0
1504,31000,31010,2,-6,919,-367,52,34,291,-6992,-12009,-8463,-16384,0
1505,31023,31033,12,-17,930,-495,51,43,1,-7022,-11973,-8469,-32768,0
1506,31043,31052,2,-11,926,-319,53,40,-290,-6926,-11955,-8685,-32768,0
1507,31062,31072,7,-5,928,-143,51,37,5,-6986,-11961,-8379,-16384,0
1508,31082,31092,3,-6,933,-143,53,41,5,-6890,-11871,-8673,-32768,0
1509,31102,31112,8,-8,931,255,49,40,5,-6926,-12056,-8649,-16384,0
1510,31122,31132,4,-7,928,111,50,36,5,-7058,-11907,-8427,-32768,0
1511,31142,31151,3,-10,932,463,50,34,4,-7118,-11943,-8499,0,0
1512,31161,31171,5,-6,942,-303,53,42,6,-6908,-11889,-8571,-32768,0
1513,31181,31191,3,-11,933,0,56,49,8,-6818,-12032,-8296,-32768,0
1514,31201,31211,2,-10,927,191,53,40,6,-7040,-12164,-8308,16384,0
1515,31221,31231,2,-5,922,-367,56,37,4,-6956,-12134,-8463,-16384,0
1516,31241,31250,4,-8,925,0,52,43,2,-6956,-12021,-8266,-32768,0
1517,31261,31270,4,-8,921,0,52,41,3,-6872,-12026,-8475,-32768,0
1518,31286,31295,16,-8,923,-159,53,43,0,-6872,-11769,-8146,-16384,0
1519,31305,31315,4,-9,913,15,56,46,2,-6992,-12134,-8068,-16384,0
1520,31325,31335,2,-15,926,63,57,41,1,-6878,-12015,-8296,-32768,0
1521,31345,31355,2,-13,928,111,54,37,6,-6950,-12044,-8164,-16384,0
1522,31365,31375,5,-8,920,-175,57,40,5,-6818,-11979,-8188,-32768,0
1523,31384,31394,11,-13,926,0,53,42,1,-7040,-12021,-8296,16384,0
1524,31404,31414,0,-9,920,95,54,35,2,-7112,-11949,-7942,-16384,0
1525,31424,31434,-2,-22,930,0,56,38,4,-7123,-11853,-8188,-16384,0
1526,31444,31454,15,-13,924,159,53,45,1,-7183,-12009,-8200,16384,0
1527,31464,31474,9,-8,924,15,52,40,0,-7082,-12038,-8086,-32768,0
1528,31483,31493,8,-9,928,-63,56,44,4,-7207,-12050,-8164,0,0
1529,31503,31513,2,-6,923,15,52,43,4,-6986,-11937,-8092,-16384,0
1530,31523,31533,5,-10,920,207,57,38,4,-6884,-11877,-8182,-16384,0
1531,31546,31556,3,-6,928,-223,52,40,5,-7010,-11757,-8080,-16384,0
1532,31566,31576,8,-11,932,-351,57,44,1,-7040,-11823,-7984,16384,0
1533,31586,31595,13,-5,923,319,54,41,4,-6908,-12021,-8044,-32768,0
1534,31605,31615,2,-6,926,255,50,37,4,-6992,-12080,-8206,0,0
1535,31625,31635,12,-16,931,0,53,40,2,-6974,-11991,-8086,16384,0
1536,31645,31655,11,-11,937,63,51,37,1,-7034,-12098,-7907,-32768,0
1537,31665,31675,6,-4,924,287,57,44,2,-7088,-12032,-8236,-32768,0
1538,31684,31694,3,-16,926,303,51,42,1,-7040,-12188,-7799,-16384,0
1539,31704,31714,10,-10,914,687,56,40,4,-7022,-12098,-7877,-32768,0
1540,31724,31734,6,-5,932,431,57,37,-1,-6956,-12266,-8128,16384,0
1541,31744,31754,2,-9,930,15,53,37,1,-7010,-12092,-7883,-32768,0
1542,31764,31773,8,-9,926,207,50,41,4,-7028,-12068,-7883,-32768,0
1543,31783,31793,8,-12,927,0,58,44,5,-6974,-12044,-8320,-32768,0
1544,31806,31816,14,-6,929,-207,57,42,6,-7034,-11991,-7901,-32768,0
1545,31826,31836,2,-17,926,-303,52,32,4,-7010,-11967,-8224,-16384,0
1546,31846,31856,2,-8,918,-495,51,40,1,-7112,-12080,-8122,16384,0
1547,31866,31876,8,-6,935,-303,57,41,3,-7040,-12104,-7942,16384,0
1548,31886,31895,4,-8,919,-271,50,41,-1,-6968,-11997,-8014,16384,0
1549,31905,31915,3,-6,926,79,52,37,8,-7147,-12176,-8116,-32768,0
1550,31925,31935,7,-15,933,31,53,40,5,-7010,-11997,-8332,-32768,0
1551,31945,31955,3,-10,926,-511,53,40,-2,-7112,-12302,-8080,-32768,0
1552,31965,31975,7,-4,924,-367,52,41,2,-7040,-11985,-8445,-32768,0
1553,31984,31994,7,-12,933,-255,56,35,0,-6956,-11901,-8002,-16384,0
1554,32004,32014,6,-9,922,-207,52,42,3,-6938,-12260,-8248,-32768,0
1555,32024,32034,6,-6,928,79,53,41,4,-6872,-12296,-8308,0,0
1556,32044,32054,8,-11,929,-303,57,44,9,-6896,-12158,-8224,-32768,0
1557,32067,32077,4,-16,915,-175,52,41,1,-6836,-12122,-8368,-16384,0
1558,32087,32096,4,-4,917,-159,54,34,4,-6836,-11883,-8080,-16384,0
1559,32106,32116,4,-13,928,-255,52,45,2,-6974,-11769,-8122,-16384,0
1560,32126,32136,4,-16,930,0,57,37,4,-6854,-11943,-8278,16384,0
1561,32146,32156,1,-17,931,-687,53,44,5,-6932,-11877,-8242,-16384,0
1562,32166,32176,6,-5,928,-143,54,34,1,-7064,-11901,-8164,-16384,0
1563,32186,32196,8,-13,926,47,52,37,4,-6956,-12050,-8421,0,0
1564,32205,32215,7,-13,923,319,54,40,1,-7052,-11937,-8158,16384,0
1565,32225,32235,2,-6,933,255,53,34,1,-7064,-12104,-8152,16384,0
1566,32245,32255,8,-8,924,79,57,43,6,-7046,-12003,-8098,16384,0
1567,32265,32275,10,-4,929,-175,52,38,3,-7022,-12092,-8080,-32768,0
1568,32285,32294,2,-7,919,-207,56,41,3,-7034,-11979,-8044,16384,0
1569,32304,32314,2,-9,919,-287,54,36,4,-6938,-11889,-8014,-16384,0
1570,32327,32337,8,-4,927,15,48,41,1,-7094,-11943,-8104,-16384,0
1571,32347,32357,2,-4,920,-111,56,30,9,-6998,-12032,-8176,-16384,0
1572,32366,32376,4,-8,926,-111,53,36,5,-6938,-12248,-8008,-32768,0
1573,32386,32396,12,-8,926,367,51,40,2,-7028,-12086,-8218,0,0
1574,32406,32415,10,-8,911,-207,57,46,8,-7153,-12056,-8284,-16384,0
1575,32425,32435,8,-8,916,-447,54,41,-1,-7159,-11979,-8403,-32768,0
1576,32445,32455,2,-5,926,31,50,37,4,-6944,-12056,-8176,16384,0
1577,32464,32474,4,-8,924,0,52,44,2,-7040,-12056,-8200,-32768,0
1578,32484,32494,8,-13,926,-287,53,41,1,-6950,-11973,-8116,16384,0
1579,32504,32514,5,-10,916,335,59,40,1,-7022,-12021,-7907,-32768,0
1580,32524,32533,5,-3,930,0,51,41,8,-7267,-11937,-8086,16384,0
1581,32543,32553,2,-5,909,0,58,36,2,-7123,-11997,-7919,-16384,0
1582,32563,32573,6,-15,930,0,52,40,4,-7064,-12062,-7954,0,0
1583,32585,32595,9,-15,924,0,50,42,291,-7070,-11901,-8218,-32768,0
1584,32605,32615,8,-9,941,63,53,42,4,-6938,-12104,-8415,-16384,0
1585,32625,32634,4,-11,923,-607,58,44,3,-7088,-12086,-8152,-16384,0
1586,32644,32654,3,-8,913,47,56,40,1,-7028,-12074,-8074,-16384,0
1587,32664,32674,10,-1,918,-47,53,36,1,-7004,-12164,-8493,-32768,0
1588,32684,32693,10,-5,926,511,54,38,3,-6962,-12032,-7919,-16384,0
1589,32703,32713,2,-11,922,-303,52,43,3,-7123,-12044,-8122,0,0
1590,32723,32733,2,-8,925,31,56,43,8,-7040,-11955,-8302,-32768,0
1591,32742,32752,2,-13,927,-159,54,42,3,-7088,-12128,-8290,-32768,0
1592,32762,32772,6,-6,923,-207,57,38,2,-7106,-11961,-8206,-32768,0
1593,32782,32792,5,-4,927,207,51,38,1,-7189,-11991,-8284,-32768,0
1594,32802,32811,3,-17,923,-335,48,43,0,-7147,-12021,-8391,-16384,0
1595,32821,32831,2,-10,935,319,52,36,3,-7016,-11931,-8302,-16384,0
1596,32841,32851,5,-16,924,-335,53,37,9,-6938,-12074,-8212,-16384,0
1597,32863,32873,4,-6,926,-207,57,38,4,-7129,-12080,-8332,16384,0
1598,32883,32893,3,-10,926,-95,54,37,1,-7064,-12080,-8296,16384,0
1599,32903,32913,6,-4,930,-287,53,42,4,-7106,-12074,-8188,0,0
1600,32923,32933,4,-7,928,-127,56,41,2,-7118,-11985,-8158,-32768,0
1601,32943,32953,7,-9,934,0,57,41,4,-7010,-11973,-8104,0,0
1602,32963,32972,5,-7,922,-239,54,42,0,-7183,-11901,-8038,-16384,0
1603,32982,32992,13,-10,921,-239,51,33,2,-6902,-12044,-8020,-16384,0
1604,33002,33012,2,-5,924,-207,51,44,3,-7058,-11949,-7907,16384,0
1605,33022,33032,2,-3,928,191,48,40,3,-7207,-11847,-8098,-16384,0
1606,33042,33052,2,-8,924,703,57,41,5,-7129,-11979,-8056,-16384,0
1607,33062,33071,2,-8,917,-47,53,44,3,-6980,-11703,-8242,0,0
1608,33081,33091,9,-4,929,79,52,41,3,-6896,-11859,-8014,-32768,0
1609,33101,33111,13,-8,930,271,54,38,0,-6986,-11895,-8194,16384,0
1610,33124,33134,10,-9,913,143,56,42,3,-7195,-11661,-8242,-32768,0
1611,33144,33154,10,-5,928,207,52,40,1,-6998,-12050,-7978,-16384,0
1612,33164,33174,0,-8,917,-15,49,37,5,-7082,-11859,-8050,-16384,0
1613,33183,33193,8,-13,931,111,57,38,5,-7100,-12068,-8014,16384,0
1614,33203,33213,10,-13,928,-399,59,41,0,-6998,-11907,-8056,-16384,0
1615,33223,33233,6,-10,925,223,51,41,-1,-7201,-11925,-8230,-32768,0
1616,33243,33253,8,-10,916,255,51,37,1,-7201,-11847,-8122,-32768,0
1617,33263,33273,8,-8,928,-79,58,40,-1,-7100,-11895,-8092,-16384,0
1618,33283,33293,4,-11,925,207,56,35,5,-7052,-11895,-7966,-16384,0
1619,33302,33312,6,-10,918,31,51,44,2,-7082,-11949,-8140,-32768,0
1620,33322,33332,3,-5,932,-303,52,43,2,-7082,-11913,-7925,-32768,0
1621,33342,33352,2,-15,925,-95,57,37,5,-6824,-12009,-8170,-32768,0
1622,33362,33372,7,-5,933,-223,51,40,4,-6872,-11859,-7913,0,0
1623,33385,33394,2,-8,924,15,54,30,6,-6842,-11877,-8032,-32768,0
1624,33405,33415,7,-11,917,79,51,42,3,-7171,-11823,-7996,-16384,0
1625,33424,33434,4,-8,929,223,49,35,8,-7094,-11931,-8074,16384,0
1626,33444,33454,8,-15,920,175,56,42,3,-6998,-12038,-8020,-32768,0
1627,33464,33474,9,-12,924,239,53,41,2,-6968,-12062,-8062,-16384,0
1628,33484,33494,4,-11,920,63,49,44,2,-6896,-11937,-8170,16384,0
1629,33504,33513,4,-12,927,287,54,43,3,-6950,-11895,-8020,-32768,0
1630,33523,33533,10,-12,919,-447,57,42,6,-7010,-11889,-8086,-16384,0
1631,33543,33553,2,-10,929,111,57,37,8,-7225,-12116,-7972,-32768,0
1632,33563,33573,8,-12,920,-143,51,48,-1,-6992,-12044,-7996,-32768,0
1633,33583,33593,9,-8,922,351,58,41,3,-7016,-12254,-8284,-16384,0
1634,33603,33612,6,-3,932,143,51,41,0,-6788,-12170,-8278,0,0
1635,33622,33632,3,-5,923,-159,56,41,1,-6836,-11907,-8266,-16384,0
1636,33645,33655,2,-10,929,239,46,42,1,-6878,-11931,-8218,-16384,0
1637,33665,33675,5,-5,917,63,52,33,2,-6944,-11901,-8068,-32768,0
1638,33687,33697,10,-10,924,255,53,42,2,-6962,-11853,-8116,0,0
1639,33707,33717,6,-5,928,-239,54,42,2,-6992,-11607,-7966,0,0
1640,33727,33737,4,-10,917,-271,53,37,5,-6956,-11727,-8020,-32768,0
1641,33746,33756,11,-8,933,-431,52,37,3,-6944,-11775,-7865,-16384,0
1642,33766,33776,4,-6,937,159,52,40,-3,-6962,-11991,-7757,-16384,0
1643,33786,33796,4,-4,924,-111,54,45,1,-7118,-11817,-8104,-32768,0
1644,33806,33816,2,-8,922,-159,57,38,8,-7088,-11853,-7972,-16384,0
1645,33826,33835,10,-11,927,-287,50,44,8,-6992,-11703,-8320,-16384,0
1646,33845,33855,8,-2,925,-111,54,37,2,-6872,-11895,-8182,-16384,0
1647,33865,33875,14,-13,930,175,51,41,4,-6824,-11775,-7727,-16384,0
1648,33885,33895,8,-2,922,-63,52,32,3,-6986,-11991,-7907,-16384,0
1649,33908,33918,1,-9,920,-223,54,38,8,-6932,-11739,-7793,-16384,0
1650,33928,33938,6,-4,924,-31,54,44,8,-7040,-11919,-7865,0,0
1651,33947,33957,4,-10,922,-159,53,38,0,-6872,-12236,-7889,-16384,0
1652,33967,33977,6,-8,923,0,54,41,2,-6812,-12098,-8008,-32768,0
1653,33987,33997,11,-4,921,-175,51,43,4,-6794,-11991,-8254,-16384,0
1654,34007,34017,10,-6,933,-111,48,41,3,-6872,-11847,-7919,-16384,0
1655,34027,34037,11,-8,930,271,51,34,9,-6932,-11835,-8020,0,0
1656,34047,34056,8,-7,938,31,54,35,6,-6872,-11841,-8397,16384,0
1657,34066,34076,3,-2,917,-175,54,38,1,-7100,-11841,-8188,-16384,0
1658,34086,34096,4,-10,918,-47,50,37,2,-6962,-11985,-8038,-16384,0
1659,34106,34116,3,-8,923,-63,53,38,2,-6938,-11775,-8194,-32768,0
1660,34126,34136,2,-10,919,-63,52,40,3,-7034,-11907,-8152,-32768,0
1661,34146,34155,8,-3,930,-303,56,37,1,-7141,-12050,-8098,16384,0
1662,34168,34178,13,-9,931,-431,53,41,2,-7129,-12015,-8242,-16384,0
1663,34188,34198,4,-7,925,-63,52,43,2,-6998,-11913,-8194,-16384,0
1664,34208,34218,12,-12,930,15,59,41,4,-7022,-12122,-8296,16384,0
1665,34228,34238,1,-2,931,207,56,37,3,-6998,-11871,-8284,-16384,0
1666,34248,34257,3,-7,930,-191,50,45,3,-7034,-11979,-7954,-16384,0
1667,34267,34277,5,-10,919,-207,54,38,8,-6962,-11943,-8146,-16384,0
1668,34287,34297,2,-8,928,0,51,33,4,-7016,-11925,-8068,16384,0
1669,34307,34317,2,-10,921,63,54,36,3,-6932,-11943,-8038,-16384,0
1670,34327,34337,4,-10,927,-63,56,38,2,-6776,-11823,-7990,0,0
1671,34347,34357,1,-4,920,143,54,38,1,-6704,-11865,-8212,-16384,0
1672,34367,34376,13,-4,926,-207,54,40,9,-6686,-11913,-7954,-32768,0
1673,34386,34396,6,-5,925,-207,54,35,3,-6716,-11985,-7990,-32768,0
1674,34406,34416,3,-13,925,111,57,40,5,-6800,-11895,-7948,-16384,0
1675,34429,34439,4,-5,930,-63,53,44,4,-6890,-11961,-8026,-16384,0
1676,34448,34458,2,-8,925,143,58,42,3,-6902,-11943,-8176,-32768,0
1677,34468,34478,7,-14,913,255,56,37,10,-6794,-12086,-8014,-16384,0
1678,34488,34498,3,-8,929,-223,57,38,8,-6686,-11973,-8110,-32768,0
1679,34508,34517,3,-4,927,-191,53,43,0,-6842,-11973,-8080,-32768,0
1680,34527,34537,2,-6,918,-207,51,40,0,-6920,-12003,-8110,-16384,0
1681,34547,34557,3,-8,924,-191,50,44,6,-7028,-11979,-8284,-32768,0
1682,34566,34576,10,-6,915,-367,50,42,2,-6776,-12009,-8086,-32768,0
1683,34586,34596,4,-8,917,207,52,30,3,-6962,-11829,-7960,-32768,0
1684,34606,34615,6,-8,933,143,52,41,2,-7046,-11973,-7978,-16384,0
1685,34625,34635,6,-2,930,159,50,36,1,-7034,-11817,-7859,-32768,0
1686,34645,34655,8,-10,917,127,51,41,-3,-6998,-11823,-8200,-16384,0
1687,34665,34675,5,-4,918,-223,50,40,-4,-6974,-12176,-8278,-16384,0
1688,34684,34694,4,-6,924,-399,49,42,5,-7046,-12236,-8002,-16384,0
1689,34702,34712,5,-5,914,-239,56,43,4,-6830,-12110,-7966,16384,0
1690,34722,34731,8,-13,928,63,52,44,1,-7123,-12236,-8206,0,0
1691,34741,34751,5,-5,928,79,57,40,5,-7207,-11883,-8505,-16384,0
1692,34761,34771,2,-4,924,-335,56,40,1,-6932,-12032,-8559,-16384,0
1693,34780,34790,2,-5,919,-351,51,41,4,-7016,-11973,-8158,-16384,0
1694,34800,34810,11,-5,925,383,52,43,2,-7094,-11919,-8008,-16384,0
1695,34820,34830,2,-6,922,0,54,35,3,-7028,-12128,-8104,-16384,0
1696,34840,34849,2,-4,924,31,58,35,3,-6998,-12056,-8290,-16384,0
1697,34859,34869,4,-8,927,-31,58,36,3,-7189,-12003,-8290,16384,0
1698,34879,34889,5,-13,924,47,58,44,1,-7046,-11931,-8463,-16384,0
1699,34898,34908,6,-8,921,47,53,42,4,-6902,-12021,-7966,-16384,0
1700,34918,34928,4,-10,921,0,52,40,4,-7010,-12038,-8320,16384,0
1701,34938,34948,4,-8,928,-111,56,36,3,-7052,-12032,-8242,-32768,0
1702,34961,34970,7,-6,918,-127,51,35,2,-7004,-12032,-8577,-16384,0
1703,34980,34990,6,-5,926,-31,48,35,3,-7094,-12110,-8206,-32768,0
1704,35000,35010,6,-10,924,383,54,34,1,-6908,-11943,-8344,-16384,0
1705,35020,35030,9,-6,921,-223,60,36,4,-7016,-11787,-8092,-32768,0
1706,35040,35049,5,-6,931,-479,50,35,1,-7153,-11907,-8373,-16384,0
1707,35059,35069,2,-6,926,95,56,42,2,-7016,-11907,-8146,-16384,0
1708,35079,35089,6,-17,930,-31,54,40,2,-7046,-11901,-8320,16384,0
1709,35099,35109,4,-10,924,127,53,41,4,-7100,-11955,-8188,-32768,0
1710,35119,35129,4,-7,919,431,53,41,4,-7112,-12050,-8110,-16384,0
1711,35139,35149,4,-13,918,-191,53,35,1,-7088,-11901,-8212,16384,0
1712,35159,35168,6,-10,929,-255,50,28,-1,-7040,-11943,-8182,-16384,0
1713,35178,35188,8,-2,929,-351,58,43,1,-7100,-12086,-8146,-16384,0
1714,35198,35208,6,-8,924,-47,51,37,-3,-7129,-11925,-8266,-32768,0
1715,35221,35231,10,-2,918,63,53,38,1,-7004,-12009,-8146,0,0
1716,35241,35251,6,-5,922,-239,56,46,3,-7070,-12032,-8098,16384,0
1717,35261,35271,17,-5,918,95,57,38,3,-7010,-11895,-7871,-16384,0
1718,35281,35290,4,-6,923,-223,50,38,5,-7129,-12015,-8200,0,0
1719,35300,35310,4,-9,922,-47,56,46,4,-7028,-11919,-7990,-16384,0
1720,35320,35330,5,-4,933,-111,50,29,2,-7022,-11901,-8200,-16384,0
1721,35340,35350,4,-6,930,-95,53,42,2,-7112,-11847,-8044,-32768,0
1722,35360,35369,4,-9,926,-367,53,36,3,-7088,-11793,-8170,0,0
1723,35379,35389,9,-7,927,-111,56,35,2,-6938,-12122,-7978,-16384,0
1724,35399,35409,2,-3,925,207,52,42,3,-7118,-12032,-8104,-16384,0
1725,35419,35429,4,-8,925,-239,53,41,4,-6986,-11955,-8074,16384,0
1726,35439,35449,2,-7,926,239,51,41,2,-7046,-11835,-8254,-16384,0
1727,35459,35469,9,-4,917,-207,56,34,-4,-6986,-11799,-7996,16384,0
1728,35482,35491,11,-14,932,-223,54,36,0,-7010,-11883,-8140,-16384,0
1729,35501,35511,8,-10,933,-415,50,36,2,-6956,-11901,-7972,-32768,0
1730,35521,35531,4,-17,923,-319,54,37,4,-6968,-11955,-7769,-32768,0
1731,35541,35551,3,-15,924,-271,49,38,1,-6932,-11991,-7901,-16384,0
1732,35561,35571,2,-3,925,-255,54,40,6,-7094,-11835,-7805,-32768,0
1733,35581,35591,4,-5,933,-191,57,34,4,-6998,-11817,-7799,-16384,0
1734,35600,35610,4,-14,918,-447,51,40,2,-7141,-11889,-8038,-16384,0
1735,35620,35630,15,-9,929,63,54,43,0,-7129,-11901,-8050,-16384,0
1736,35640,35650,8,-13,921,31,52,40,4,-7022,-11793,-8020,-32768,0
1737,35660,35670,7,-6,937,223,53,40,2,-6872,-11877,-8122,-16384,0
1738,35680,35689,10,-5,934,0,52,37,-1,-6974,-11919,-8338,-32768,0
1739,35699,35709,5,-8,923,-191,52,38,-1,-6998,-12080,-8284,-16384,0
1740,35719,35729,16,-5,923,-127,53,42,3,-6974,-12003,-8332,-32768,0
1741,35742,35752,7,-4,928,-63,48,33,-1,-6986,-12056,-8104,-16384,0
1742,35762,35772,1,-1,920,-63,54,41,3,-7028,-11907,-8134,-32768,0
1743,35782,35792,6,-10,925,-511,54,44,1,-7034,-12062,-7942,-32768,0
1744,35802,35811,3,-10,931,47,54,42,4,-6920,-11895,-7643,0,0
1745,35821,35831,8,-9,928,-47,51,37,-1,-7088,-11691,-7889,0,0
1746,35841,35851,6,-14,932,-191,53,43,4,-7153,-12044,-8044,-16384,0
1747,35861,35871,6,-6,921,-207,50,41,6,-7010,-11853,-7978,-16384,0
1748,35881,35891,4,-5,909,-527,56,43,1,-7189,-11907,-8086,16384,0
1749,35901,35911,2,-10,923,63,52,42,2,-7141,-11931,-8086,-32768,0
1750,35921,35930,4,-17,920,303,57,41,5,-7070,-11859,-8200,-32768,0
1751,35940,35950,4,-6,925,-511,54,38,290,-7004,-11883,-8320,-32768,0
1752,35960,35970,15,-3,923,-143,54,38,8,-7088,-11853,-7865,-16384,0
1753,35980,35990,4,-15,928,-175,56,44,5,-7088,-11859,-8068,-16384,0
1754,36003,36013,2,-11,921,175,53,41,2,-7016,-12044,-8116,0,0
1755,36023,36032,4,-7,924,-31,57,41,2,-6752,-11925,-8212,16384,0
1756,36043,36052,2,-14,926,-95,58,42,1,-6860,-11973,-7901,16384,0
1757,36062,36072,5,-2,927,-47,53,38,0,-7135,-11793,-8092,0,0
1758,36082,36092,1,-9,920,-719,57,41,6,-6944,-11841,-8320,-16384,0
1759,36104,36114,6,-10,929,-351,51,37,5,-7004,-11859,-8002,-16384,0
1760,36124,36133,6,-8,926,-335,53,43,3,-7118,-11883,-8200,-16384,0
1761,36143,36153,6,-10,928,-207,51,35,5,-7135,-11697,-8362,-16384,0
1762,36163,36173,2,-13,918,-175,53,34,4,-7040,-11823,-8445,16384,0
1763,36183,36193,11,-4,924,47,51,40,4,-6878,-11805,-8242,-16384,0
1764,36203,36213,6,-3,928,0,51,41,3,-6788,-11697,-8050,-16384,0
1765,36223,36233,8,-10,932,-271,48,38,8,-6866,-11751,-8409,-16384,0
1766,36243,36252,4,-8,924,-63,49,48,1,-6830,-11649,-8152,0,0
1767,36265,36275,4,-7,932,111,50,42,2,-6968,-11691,-8481,-32768,0
1768,36285,36295,6,-11,920,79,54,43,3,-7016,-11841,-8224,16384,0
1769,36305,36315,4,-3,926,-271,57,33,-1,-6902,-11811,-8391,-32768,0
1770,36325,36335,5,-2,930,47,54,36,1,-6902,-11799,-8080,0,0
1771,36345,36355,6,-4,930,-63,52,38,3,-6764,-11757,-8350,0,0
1772,36365,36374,14,-8,926,-143,56,37,3,-6800,-11787,-8278,-16384,0
1773,36384,36394,3,-11,923,0,52,38,4,-6836,-11991,-8170,-32768,0
1774,36404,36414,4,-11,930,-159,57,42,5,-6776,-12015,-8326,-16384,0
1775,36424,36434,4,-8,922,-47,54,40,1,-6932,-11853,-8272,16384,0
1776,36444,36453,14,-2,927,319,52,40,5,-7022,-11721,-8421,-32768,0
1777,36463,36473,3,-8,926,-383,54,38,1,-6920,-11847,-8158,-16384,0
1778,36483,36493,8,-10,933,127,50,41,3,-6752,-11805,-8212,16384,0
1779,36503,36513,6,-4,920,-159,49,38,1,-7004,-11775,-8188,-16384,0
1780,36526,36536,4,-9,928,0,59,44,5,-6932,-11799,-7978,-32768,0
1781,36545,36555,4,-4,926,-319,52,44,2,-6914,-11769,-8032,-32768,0
1782,36565,36575,6,-12,924,-95,50,45,2,-6722,-11877,-8206,-16384,0
1783,36585,36595,0,-6,928,319,49,42,2,-6860,-11949,-8338,-32768,0
1784,36604,36614,9,-4,926,-79,50,38,0,-6890,-11883,-8314,-32768,0
1785,36624,36634,0,-4,926,0,51,38,0,-6842,-11829,-8134,0,0
1786,36644,36653,2,-3,935,-111,54,35,1,-6800,-11841,-8278,-16384,0
1787,36663,36673,5,-8,926,-175,53,41,3,-7052,-11655,-8206,-32768,0
1788,36683,36693,2,-9,934,-431,50,38,4,-6860,-11607,-8020,-32768,0
1789,36703,36713,11,-6,926,-415,60,36,2,-6860,-11925,-8206,-32768,0
1790,36722,36732,2,-12,926,-111,50,38,3,-6818,-11763,-8164,0,0
1791,36742,36752,3,-13,930,-223,52,40,4,-6854,-11781,-7996,-32768,0
1792,36762,36771,1,-8,920,127,50,42,-1,-7022,-11823,-8170,0,0
1793,36781,36791,3,-6,926,-303,53,41,3,-6962,-11991,-7799,-16384,0
1794,36812,36822,5,-13,919,-319,57,41,2,-6932,-11823,-7966,-32768,0
1795,36831,36841,2,-10,925,-591,57,41,3,-6842,-11997,-7823,0,0
1796,36851,36861,3,-6,917,-303,53,37,4,-6806,-11913,-7966,-16384,0
1797,36870,36880,6,-17,933,-79,56,32,3,-6824,-11745,-7978,16384,0
1798,36890,36900,2,-8,924,191,50,40,6,-6884,-11775,-7925,-16384,0
1799,36910,36919,2,-12,922,319,51,38,0,-7064,-11985,-8128,-16384,0
1800,36929,36939,8,-3,929,95,58,44,10,-7106,-12056,-8062,-32768,0
1801,36949,36959,4,-11,920,-223,53,43,10,-7249,-11913,-8056,-16384,0
1802,36968,36978,3,-8,926,-95,57,40,3,-7058,-11751,-7948,-16384,0
1803,36988,36998,4,-8,931,-383,57,42,4,-7219,-11865,-8415,16384,0
1804,37008,37018,13,-4,930,207,57,42,5,-7082,-11817,-8314,-32768,0
1805,37027,37037,2,-6,923,-271,53,42,3,-7058,-11841,-8068,-16384,0
1806,37047,37057,4,-5,924,-319,53,42,4,-6896,-12044,-8218,-16384,0
1807,37069,37079,4,-6,928,-399,50,38,4,-6932,-11811,-8128,-16384,0
1808,37089,37099,2,-11,927,351,52,37,6,-6938,-11841,-8128,-32768,0
1809,37109,37119,4,-8,924,-303,57,38,2,-6896,-11733,-8242,-16384,0
1810,37129,37139,4,-10,928,-47,54,36,5,-7028,-11841,-8356,0,0
1811,37148,37158,8,-6,920,-191,51,42,0,-6992,-11895,-8278,-16384,0
1812,37168,37178,13,-11,924,-255,56,38,5,-6938,-11817,-8523,-16384,0
1813,37188,37198,5,-10,922,159,51,40,-2,-6902,-11895,-8332,-32768,0
1814,37208,37218,3,-17,928,15,57,38,3,-6938,-12038,-8134,-32768,0
1815,37227,37237,2,-10,928,207,52,43,0,-7004,-11925,-8170,-32768,0
1816,37247,37257,2,-4,928,-47,51,45,5,-6998,-12086,-8320,-32768,0
1817,37267,37277,4,-10,923,31,52,36,4,-6908,-11955,-8074,-16384,0
1818,37287,37297,3,-5,924,-319,54,37,2,-7052,-11865,-8242,-32768,0
1819,37307,37316,8,-4,933,79,58,43,8,-6800,-11883,-8254,-16384,0
1820,37329,37339,1,-15,923,-63,58,40,5,-6980,-11967,-8182,0,0
1821,37349,37359,-1,-8,916,-79,57,44,8,-7022,-12086,-8290,-32768,0
1822,37369,37379,2,-6,921,95,59,45,2,-6944,-11979,-8188,-32768,0
1823,37389,37398,8,-15,935,-287,51,36,0,-6932,-12003,-8224,-16384,0
1824,37409,37419,8,-5,920,255,57,38,6,-6980,-11841,-8212,-32768,0
1825,37428,37438,7,-11,926,-191,54,42,-1,-6950,-11889,-8278,16384,0
1826,37448,37458,4,-2,923,-255,56,41,3,-6950,-11799,-8128,-16384,0
1827,37468,37478,6,-16,923,-175,53,38,2,-6866,-11769,-8230,-32768,0
1828,37488,37498,4,-17,927,-303,51,42,1,-7070,-11691,-8188,-16384,0
1829,37508,37517,2,-13,930,-31,56,38,3,-6998,-11817,-7942,-16384,0
1830,37527,37537,4,-2,915,351,50,40,-1,-7004,-11907,-8134,0,0
1831,37547,37557,8,-10,914,-223,52,40,4,-7070,-12026,-8146,-16384,0
1832,37567,37577,7,-8,923,0,51,38,2,-7040,-12086,-8152,16384,0
1833,37590,37599,5,-12,924,95,52,40,6,-7147,-11925,-7925,0,0
1834,37609,37619,8,-15,915,303,53,42,0,-7028,-11853,-8182,0,0
1835,37629,37639,3,-6,926,-303,51,41,3,-6980,-11895,-8050,0,0
1836,37649,37659,7,-8,922,-15,53,41,0,-6962,-11913,-8182,-16384,0
1837,37669,37679,8,-3,932,-255,58,45,5,-7118,-11949,-7841,0,0
1838,37689,37698,3,-10,926,271,57,40,6,-6854,-11889,-7919,16384,0
1839,37708,37718,4,-11,924,-239,56,36,3,-6884,-11967,-8415,0,0
1840,37728,37738,3,-10,927,-223,50,42,5,-6974,-12009,-8164,-32768,0
1841,37748,37758,4,-4,933,-207,54,36,8,-6926,-12038,-8110,-16384,0
1842,37768,37778,7,-8,924,-511,50,41,-2,-6902,-12086,-8008,-16384,0
1843,37787,37797,6,-2,918,175,53,41,6,-6770,-11817,-8110,-16384,0
1844,37807,37817,11,-18,930,-159,50,38,4,-6896,-11979,-8260,-32768,0
1845,37827,37837,2,-19,928,143,50,38,2,-6962,-11853,-8284,-16384,0
1846,37849,37859,8,-5,923,0,56,41,8,-6926,-11967,-8134,-16384,0
1847,37869,37879,8,-2,926,-95,45,37,-1,-7010,-12021,-8224,-16384,0
1848,37889,37899,2,-7,928,207,53,40,6,-6938,-12015,-7996,-16384,0
1849,37909,37919,12,-10,917,127,45,38,3,-7040,-11931,-8002,-32768,0
1850,37929,37938,6,-10,928,-63,51,46,291,-7159,-11871,-8308,-32768,0
1851,37948,37958,7,-6,919,-303,52,37,5,-7243,-11913,-8427,0,0
1852,37968,37978,4,-6,919,63,58,37,4,-7070,-11709,-8140,-16384,0
1853,37988,37998,1,-10,920,-111,56,42,5,-7010,-11655,-8176,-32768,0
1854,38008,38018,8,-5,923,-607,53,34,8,-7034,-11613,-8320,-16384,0
1855,38028,38037,6,-7,922,-79,50,42,2,-7064,-11847,-8272,-16384,0
1856,38047,38057,4,-13,931,-399,59,38,8,-7082,-11919,-8038,16384,0
1857,38067,38077,6,-10,918,255,56,35,5,-6968,-11805,-8242,16384,0
1858,38087,38097,6,-5,924,191,54,43,6,-6866,-11865,-8200,-16384,0
1859,38110,38120,4,-8,926,367,54,38,5,-6956,-11937,-8164,16384,0
1860,38129,38139,6,-1,927,-239,52,37,8,-6872,-11883,-8224,16384,0
1861,38149,38159,8,-10,930,-143,57,45,1,-6944,-11811,-8188,-32768,0
1862,38169,38179,-2,-15,888,63,58,41,5,-7052,-11781,-8314,0,0
1863,38189,38199,5,-13,933,-175,52,38,3,-6992,-11919,-8290,-32768,0
1864,38209,38218,8,-4,937,-31,53,40,6,-7058,-12009,-8308,-16384,0
1865,38228,38238,5,-6,924,-511,56,40,1,-7004,-12015,-8493,-16384,0
1866,38248,38258,10,3,935,-175,53,42,5,-7189,-11667,-8409,-32768,0
1867,38268,38278,19,-10,937,31,56,40,4,-6800,-12056,-8571,-16384,0
1868,38288,38298,10,-14,922,-271,57,41,4,-6914,-12080,-8206,16384,0
1869,38307,38317,3,-13,925,399,54,43,4,-6824,-11835,-8008,-32768,0
1870,38327,38337,7,-15,932,-191,57,44,9,-6968,-11823,-8242,0,0
1871,38347,38357,0,-14,916,0,54,41,2,-6944,-11931,-8266,16384,0
1872,38370,38380,3,-13,920,-255,57,40,2,-6956,-11775,-7972,-16384,0
1873,38390,38399,9,-10,926,15,52,45,4,-7022,-11853,-8062,0,0
1874,38409,38419,8,-18,921,-207,52,35,3,-7147,-11787,-8415,0,0
1875,38429,38439,12,-3,924,-143,57,40,2,-7022,-11817,-8326,-16384,0
1876,38449,38459,6,-4,931,-79,51,32,1,-7010,-12038,-7990,16384,0
1877,38468,38478,5,-6,917,47,50,40,6,-7040,-11943,-8511,-32768,0
1878,38488,38498,9,-6,922,-303,51,42,-1,-7189,-12140,-8026,-16384,0
1879,38510,38520,2,-8,925,271,57,44,6,-6968,-11823,-8523,-16384,0
1880,38530,38540,6,-15,933,-111,54,33,5,-6920,-11811,-8523,-16384,0
1881,38550,38560,8,-11,919,303,59,37,1,-7034,-12146,-8266,16384,0
1882,38570,38579,6,-10,922,79,50,43,9,-6962,-11937,-8338,-32768,0
1883,38589,38599,4,-8,918,-239,56,41,6,-6824,-11919,-8445,-16384,0
1884,38609,38619,6,-5,930,-47,53,38,1,-7016,-11739,-8535,-16384,0
1885,38632,38642,7,-5,920,-191,53,41,2,-6956,-12009,-8332,-16384,0
1886,38652,38662,8,-10,930,-79,54,38,3,-7052,-12003,-8188,16384,0
1887,38671,38681,4,-8,923,-175,53,38,8,-6980,-11919,-8332,0,0
1888,38691,38701,5,-13,923,-303,52,41,6,-7022,-11919,-8308,0,0
1889,38711,38720,5,-8,928,95,49,44,2,-7183,-12068,-8230,-16384,0
1890,38730,38740,6,-4,930,-239,50,35,3,-7016,-12170,-8206,-16384,0
1891,38750,38760,2,-3,921,15,52,40,0,-7225,-11913,-8158,-16384,0
1892,38769,38779,7,-3,926,191,52,38,3,-7100,-11937,-8188,-32768,0
1893,38789,38799,4,-8,917,127,53,37,3,-7004,-12021,-7978,-16384,0
1894,38809,38819,7,-11,925,95,49,35,9,-7070,-11871,-8002,-16384,0
1895,38828,38838,6,-10,920,-655,53,36,4,-7141,-11751,-8116,-16384,0
1896,38848,38858,8,-13,927,0,56,45,1,-6956,-12009,-8427,-16384,0
1897,38868,38878,1,-8,920,47,57,38,1,-6710,-12021,-8158,-32768,0
1898,38887,38897,4,-6,931,-127,53,41,1,-6758,-11955,-8104,-16384,0
1899,38910,38920,10,-15,927,15,51,34,1,-6866,-11937,-8038,0,0
1900,38929,38939,6,-5,920,-79,58,38,0,-6950,-12038,-8164,-16384,0
1901,38949,38959,6,-16,934,191,51,41,4,-6968,-11871,-8170,-16384,0
1902,38969,38979,9,-4,930,159,52,41,4,-6866,-11931,-8200,-32768,0
1903,38988,38998,4,-10,927,127,56,37,6,-7028,-11775,-8224,-16384,0
1904,39008,39018,10,-13,922,-143,53,44,3,-6896,-11601,-8224,-16384,0
1905,39028,39038,5,-6,920,0,52,40,1,-6944,-11649,-8260,-16384,0
1906,39047,39057,4,-8,935,-303,50,37,4,-6962,-11931,-8391,-16384,0
1907,39067,39077,5,0,919,47,54,45,9,-7100,-11841,-8278,-16384,0
1908,39086,39096,7,-25,948,-191,51,45,0,-6974,-11859,-8236,-16384,0
1909,39106,39116,4,-6,928,-143,49,38,3,-6974,-12021,-8242,0,0
1910,39126,39136,2,-8,926,-31,45,36,5,-6758,-11811,-8158,16384,0
1911,39146,39155,4,-8,924,271,52,35,-6,-6974,-11817,-8284,16384,0
1912,39168,39178,8,0,928,-495,56,40,4,-6818,-11613,-7901,-16384,0
1913,39188,39198,2,-4,917,-111,51,37,5,-6956,-11967,-7936,0,0
1914,39207,39217,6,-10,920,0,54,40,5,-6902,-11823,-8146,16384,0
1915,39227,39237,8,-8,923,-271,48,41,5,-7010,-11877,-8200,-32768,0
1916,39247,39257,7,-12,927,15,51,41,4,-6896,-11865,-8218,-16384,0
1917,39267,39277,8,-10,921,-31,52,44,0,-6944,-11805,-8176,-16384,0
1918,39287,39296,3,-10,925,-191,56,38,-1,-6884,-11847,-8314,-16384,0
1919,39306,39316,4,-11,926,-63,52,37,0,-6902,-11907,-8505,-16384,0
1920,39326,39336,3,-8,923,175,53,43,-1,-7022,-11907,-8218,-32768,0
1921,39346,39356,8,-7,930,-351,54,38,4,-6980,-12068,-8236,-16384,0
1922,39365,39375,5,-10,920,175,52,43,1,-6782,-11997,-7871,-32768,0
1923,39385,39395,8,-11,928,-175,53,36,4,-6854,-11967,-8314,0,0
1924,39405,39415,4,-2,922,-207,53,38,1,-6824,-11937,-8415,0,0
1925,39428,39438,7,-9,928,111,51,40,2,-6920,-11895,-8140,16384,0
1926,39447,39457,2,-6,931,-47,51,36,1,-6812,-11811,-8481,-16384,0
1927,39467,39477,7,-8,925,0,56,46,0,-6764,-11883,-8338,-16384,0
1928,39487,39497,6,-8,930,-63,54,36,-2,-6890,-11937,-8451,-16384,0
1929,39506,39516,2,-14,921,-207,53,38,4,-6854,-11919,-8146,0,0
1930,39526,39536,5,-4,927,-95,48,40,3,-6794,-11931,-8164,0,0
1931,39546,39556,8,-5,924,95,50,35,4,-6782,-11871,-8224,-16384,0
1932,39566,39576,2,-8,930,111,48,40,-1,-7094,-11787,-8128,-16384,0
1933,39585,39595,6,-8,928,79,52,42,291,-7058,-11901,-8302,-16384,0
1934,39605,39615,3,-3,929,287,52,45,3,-6938,-11733,-8272,-16384,0
1935,39625,39634,3,-3,926,111,51,36,-1,-7010,-11817,-8391,-16384,0
1936,39644,39654,10,-6,915,127,56,37,6,-7022,-11793,-7996,-16384,0
1937,39664,39674,6,-4,930,79,52,36,-3,-6920,-11925,-7972,-16384,0
1938,39687,39696,2,-17,929,-175,50,40,0,-6926,-11787,-7990,-16384,0
1939,39706,39716,8,-2,930,-319,53,40,3,-6800,-11829,-8152,-16384,0
1940,39726,39736,4,-13,933,-159,52,38,2,-6776,-11817,-8236,-32768,0
1941,39746,39756,3,-17,917,-271,52,38,4,-6854,-11829,-8284,-32768,0
1942,39766,39776,3,-8,927,47,54,35,0,-6920,-12021,-8385,-32768,0
1943,39785,39795,8,-8,925,63,57,41,5,-7040,-11829,-8146,-16384,0
1944,39805,39815,2,-3,924,-399,51,40,-1,-6878,-11721,-8350,-16384,0
1945,39825,39835,5,-13,926,31,52,42,8,-6908,-11835,-8314,-16384,0
1946,39844,39854,13,-8,928,-143,50,37,6,-6950,-11853,-8164,0,0
1947,39864,39874,6,-6,920,79,51,34,1,-6986,-11745,-8032,-16384,0
1948,39884,39894,9,-4,928,-143,53,37,2,-6926,-11805,-8116,-32768,0
1949,39904,39914,6,-8,936,-31,54,33,0,-6824,-11907,-8356,-16384,0
1950,39924,39933,8,-10,924,-95,50,40,4,-6866,-11865,-7942,-16384,0
1951,39946,39956,10,-6,934,111,53,43,3,-6860,-11925,-8218,-16384,0
1952,39966,39976,3,-7,923,-383,56,36,6,-6836,-11769,-8086,-16384,0
1953,39986,39996,9,-10,930,-191,52,44,2,-6758,-12032,-7865,-16384,0
1954,40006,40015,6,-5,937,0,52,34,6,-6878,-11925,-7978,-16384,0
1955,40025,40035,6,-13,915,223,56,41,5,-6812,-11931,-8038,-16384,0
1956,40045,40055,8,-4,926,15,51,37,4,-6740,-11931,-8062,-16384,0
1957,40065,40075,5,-11,924,-207,50,38,10,-6878,-11613,-8212,-16384,0
1958,40085,40095,3,-7,915,127,59,36,8,-6932,-11841,-8014,-32768,0
1959,40104,40114,13,-11,895,-351,53,37,4,-7004,-11979,-8170,16384,0
1960,40124,40134,-28,-6,898,191,53,29,4,-6914,-11937,-8272,16384,0
1961,40144,40154,-21,-6,902,-63,57,37,3,-6950,-11865,-8098,-16384,0
1962,40163,40173,3,-6,926,-207,57,32,0,-6776,-11889,-8086,0,0
1963,40183,40193,6,-15,924,-207,60,41,8,-6896,-11931,-8433,16384,0
1964,40206,40216,7,-4,930,-271,54,38,4,-6854,-11907,-8409,0,0
1965,40226,40236,8,-9,918,207,56,41,4,-6944,-12050,-8290,-16384,0
1966,40245,40255,9,-13,936,207,56,43,5,-6854,-11961,-8170,-16384,0
1967,40265,40275,18,-6,932,-191,52,34,-1,-6854,-11931,-7925,0,0
1968,40285,40295,-173,-8,919,111,54,35,4,-6788,-12116,-8242,-16384,0
1969,40304,40314,4,-9,924,-159,52,41,3,-6734,-11997,-8224,-32768,0
1970,40324,40334,10,-6,926,111,53,42,10,-6932,-11901,-8200,-16384,0
1971,40344,40354,3,-5,930,239,56,43,0,-6998,-11865,-7919,-16384,0
1972,40364,40374,2,-4,930,-207,46,41,8,-6926,-11763,-7925,-16384,0
1973,40384,40393,3,-13,926,335,59,41,0,-6998,-11829,-8128,-32768,0
1974,40403,40413,11,-6,926,143,51,46,8,-6878,-12009,-8302,-32768,0
1975,40423,40433,6,-2,924,111,52,34,2,-6848,-12026,-8152,16384,0
1976,40443,40453,0,-10,924,-303,56,37,4,-6770,-11883,-8176,-16384,0
1977,40465,40475,6,-10,918,367,56,43,4,-6800,-12009,-7865,-16384,0
1978,40485,40495,6,-9,923,79,52,33,1,-6854,-12038,-7925,-16384,0
1979,40505,40515,4,-9,929,-303,54,44,0,-6734,-11997,-7847,16384,0
1980,40525,40535,4,-9,925,-47,54,41,1,-6878,-11991,-7978,-16384,0
1981,40545,40554,8,-9,922,-47,53,46,5,-6968,-11775,-7919,-16384,0
1982,40564,40574,2,-5,922,-175,52,36,1,-7046,-11853,-7805,-16384,0
1983,40584,40594,4,-10,914,303,56,38,0,-7034,-12104,-8044,-16384,0
1984,40604,40613,2,-7,917,79,51,40,2,-6986,-11763,-8056,-16384,0
1985,40623,40633,5,-10,915,-31,57,43,5,-7004,-11619,-8062,0,0
1986,40643,40653,6,-4,924,95,56,41,6,-6848,-11931,-8068,0,0
1987,40663,40673,8,-7,917,-79,48,37,1,-6950,-11829,-8451,0,0
1988,40683,40693,6,-4,919,831,53,42,5,-6806,-11817,-8164,0,0
1989,40702,40712,3,-10,926,15,46,42,0,-7070,-11811,-8080,0,0
1990,40725,40735,3,-8,937,47,56,37,3,-6914,-11841,-7883,0,0
1991,40745,40754,-2,-5,930,239,46,38,1,-7022,-12003,-8194,0,0
1992,40764,40774,4,-6,926,31,54,42,4,-6962,-11751,-8002,-32768,0
1993,40784,40793,5,-3,926,-111,52,45,4,-6872,-11955,-8200,-16384,0
1994,40803,40813,4,-6,920,-63,58,38,1,-7034,-12015,-7847,-16384,0
1995,40823,40833,3,-9,926,511,57,35,5,-6776,-11775,-8044,-16384,0
1996,40843,40852,2,-5,925,-143,52,42,4,-6848,-11937,-8403,-16384,0
1997,40862,40872,4,-6,936,79,58,40,4,-6920,-11751,-8284,-16384,0
1998,40882,40891,10,-8,927,-351,56,37,0,-6860,-11937,-8332,0,0
1999,40901,40911,6,-6,923,0,56,41,2,-6998,-11853,-7960,-32768,0
2000,40923,40933,5,-13,926,0,56,41,6,-6914,-11811,-8128,-16384,0
2001,40942,40952,8,-20,913,-303,56,40,4,-6824,-11775,-8050,-16384,0
2002,40962,40972,4,-7,913,63,56,38,5,-7022,-11733,-8092,-32768,0
2003,40982,40992,8,-6,926,271,51,40,5,-6920,-11775,-7907,16384,0
2004,41004,41014,1,-6,922,127,50,43,-3,-6950,-11913,-7972,-16384,0
2005,41024,41034,7,-4,918,-111,52,42,4,-6944,-11775,-8356,16384,0
2006,41044,41053,6,-1,923,-287,54,41,6,-6746,-11703,-8350,0,0
2007,41063,41073,4,-5,919,15,54,43,9,-6884,-11769,-8146,-16384,0
2008,41083,41093,6,-10,924,191,51,37,1,-6872,-11619,-8152,0,0
2009,41102,41112,0,-10,922,207,53,35,-5,-6950,-11853,-7907,-16384,0
2010,41122,41132,3,-10,923,-191,54,37,2,-7070,-11697,-7871,-16384,0
2011,41142,41152,10,-4,932,0,54,43,5,-6938,-11625,-7936,16384,0
2012,41161,41171,6,-4,917,-383,52,35,4,-7052,-11859,-8302,-16384,0
2013,41181,41191,6,-6,911,0,52,42,1,-7016,-11727,-8134,-32768,0
2014,41201,41210,5,-6,910,255,53,37,0,-6914,-11799,-7936,-16384,0
2015,41220,41230,6,-9,926,-303,56,43,3,-6842,-11673,-8002,0,0
2016,41240,41249,5,-10,924,-207,52,40,5,-6860,-11763,-8032,-16384,0
2017,41262,41272,4,-18,929,-143,50,40,1,-6806,-11655,-8038,0,0
2018,41282,41292,7,-14,922,-111,51,38,3,-6794,-11769,-8062,0,0
2019,41302,41312,6,-8,919,159,53,35,2,-6878,-11661,-8296,16384,0
2020,41322,41332,4,-17,917,-431,58,35,1,-6818,-11733,-8272,-16384,0
2021,41341,41351,3,-6,933,-239,50,33,4,-6890,-11835,-8224,0,0
2022,41361,41371,0,-10,924,-239,53,42,4,-6902,-11739,-8320,-32768,0
2023,41381,41391,6,-10,937,239,53,40,2,-6824,-11961,-8308,0,0
2024,41401,41410,8,-11,926,15,50,38,3,-6800,-11883,-8248,-16384,0
2025,41421,41430,3,-11,930,127,51,41,6,-6812,-11781,-8122,-16384,0
2026,41440,41450,3,-8,928,-159,57,38,0,-6860,-11853,-8290,-16384,0
2027,41460,41470,12,-12,933,-335,50,41,3,-7034,-11865,-8086,-16384,0
2028,41480,41490,3,-7,923,-63,56,37,3,-6992,-11691,-8523,-16384,0
2029,41500,41509,2,-15,922,-207,53,41,2,-6926,-11667,-8152,0,0
2030,41522,41532,3,-4,915,-511,51,36,-291,-6878,-11619,-7787,-16384,0
2031,41542,41552,11,-4,917,0,51,37,-2,-7052,-11823,-8062,-16384,0
2032,41562,41572,3,-8,921,0,48,41,-5,-6944,-11745,-8020,-16384,0
2033,41582,41592,4,-13,928,-191,48,41,4,-6794,-11895,-8110,-16384,0
2034,41602,41611,3,-15,919,-191,57,43,1,-7058,-11883,-8032,-16384,0
2035,41621,41631,8,-10,924,-47,52,44,4,-6890,-12056,-8098,-16384,0
2036,41641,41651,2,-11,935,31,60,41,9,-6842,-12116,-7966,-32768,0
2037,41661,41671,8,-8,926,-447,53,41,3,-6896,-11967,-7895,-16384,0
2038,41681,41691,4,-10,932,47,54,38,10,-6968,-11943,-7907,-16384,0
2039,41701,41710,6,-5,925,271,52,35,1,-6938,-11919,-7960,-32768,0
2040,41721,41731,6,-8,922,-271,52,36,5,-6944,-11877,-8002,0,0
2041,41740,41750,7,-8,923,-143,57,38,-2,-7088,-11907,-8140,-16384,0
2042,41760,41770,4,-4,920,175,53,44,0,-7082,-11751,-8188,0,0
2043,41783,41793,0,-7,922,-47,50,37,1,-6896,-12080,-8266,-16384,0
2044,41803,41813,3,-5,917,0,51,30,3,-6968,-11793,-7972,0,0
2045,41823,41832,12,-2,923,-127,56,41,0,-6980,-11967,-8128,0,0
2046,41842,41852,8,-10,929,-143,51,37,2,-7100,-11841,-8254,-16384,0
2047,41862,41872,3,-17,924,-319,50,38,4,-7010,-11913,-8463,0,0
2048,41882,41892,4,-4,924,207,52,36,3,-7028,-12003,-8086,16384,0
2049,41902,41911,4,-12,934,271,51,40,4,-6932,-11937,-8164,-32768,0
2050,41921,41931,11,-11,922,159,57,40,4,-6878,-11871,-8068,-16384,0
2051,41941,41951,2,-9,926,-31,54,38,3,-7034,-11865,-8200,-16384,0
2052,41961,41971,6,-8,920,79,53,40,8,-6956,-11703,-8134,0,0
2053,41981,41991,6,-10,920,-143,52,37,1,-7016,-11823,-8038,-32768,0
2054,42000,42010,5,-11,927,-31,53,40,3,-6818,-11889,-7996,-32768,0
2055,42020,42030,6,-8,925,175,53,38,4,-7076,-11811,-8032,-16384,0
2056,42043,42053,11,-14,917,-47,48,38,0,-6962,-11919,-8104,-16384,0
2057,42063,42073,2,-8,926,-127,52,40,6,-7058,-11661,-7901,-16384,0
2058,42083,42093,2,-10,924,-271,56,38,1,-7112,-11811,-8194,-16384,0
2059,42103,42112,9,-6,922,-63,58,38,2,-7123,-11841,-7799,-16384,0
2060,42122,42132,6,-8,929,447,53,36,8,-7040,-11781,-8260,0,0
2061,42142,42152,1,-8,926,-207,57,40,4,-6932,-11643,-8062,0,0
2062,42162,42172,8,-11,932,-511,54,36,1,-6884,-11811,-8260,0,0
2063,42182,42192,2,-6,927,-191,53,42,0,-6764,-11835,-8038,0,0
2064,42202,42211,6,-10,927,-143,54,43,-1,-6872,-11715,-8140,0,0
2065,42221,42231,3,-11,921,-63,53,40,0,-6836,-11739,-8206,-16384,0
2066,42241,42251,2,-6,927,207,57,38,2,-6872,-11811,-7996,-16384,0
2067,42261,42271,6,-6,929,63,52,37,10,-6932,-11865,-8134,-32768,0
2068,42280,42290,3,-3,922,-207,52,40,2,-6794,-11931,-8206,-16384,0
2069,42303,42313,6,-11,924,-79,51,43,1,-6890,-11859,-8308,16384,0
2070,42323,42333,8,-8,924,-255,53,38,0,-6926,-11847,-8026,-16384,0
2071,42343,42353,8,-11,923,-415,53,36,2,-6998,-11823,-7936,0,0
2072,42363,42372,8,-6,924,-271,52,40,1,-6962,-11524,-8254,-16384,0
2073,42382,42392,4,-6,927,0,49,40,-1,-7147,-11715,-8362,-16384,0
2074,42402,42412,4,-11,924,-159,52,42,5,-6968,-11709,-7667,-16384,0
2075,42422,42431,5,-5,928,95,56,42,-1,-7088,-11709,-7727,0,0
2076,42441,42451,4,-6,932,0,56,40,0,-6974,-11631,-7865,0,0
2077,42461,42471,8,-13,924,-79,56,35,2,-7040,-11799,-8170,-16384,0
2078,42481,42490,11,-10,926,-191,49,38,3,-6836,-11691,-8421,0,0
2079,42501,42510,6,-8,927,-255,52,40,4,-6962,-11661,-8356,0,0
2080,42520,42530,4,-6,916,207,56,40,4,-6908,-11589,-8415,-16384,0
2081,42540,42550,4,-10,927,143,58,38,5,-6842,-11554,-8320,-16384,0
2082,42563,42573,4,-6,924,79,56,42,4,-7010,-11631,-8278,-16384,0
2083,42582,42592,3,-11,924,-31,51,38,2,-6968,-11643,-8278,0,0
2084,42602,42612,2,-6,930,111,52,40,4,-6878,-11919,-8098,0,0
2085,42622,42632,8,-10,923,47,51,36,2,-6992,-11721,-8068,-16384,0
2086,42642,42652,4,-10,921,79,50,34,291,-7016,-11703,-8308,0,0
2087,42662,42671,10,-8,926,271,51,40,3,-7004,-11757,-8152,16384,0
2088,42681,42691,7,-4,920,223,53,40,5,-6872,-11637,-8230,-16384,0
2089,42701,42711,6,-3,922,-191,52,37,3,-6926,-11775,-7901,-32768,0
2090,42721,42731,4,-3,933,-111,52,35,6,-6818,-11476,-8278,-16384,0
2091,42740,42750,2,-4,929,-47,50,41,0,-6890,-11625,-8236,0,0
2092,42760,42770,4,-12,923,191,51,41,4,-7052,-11631,-7984,16384,0
2093,42780,42789,8,-15,934,-159,54,34,2,-6878,-11697,-8266,0,0
2094,42800,42809,2,-5,924,223,54,36,-290,-6908,-11823,-8188,-16384,0
2095,42822,42832,2,-10,922,-271,58,41,2,-6950,-11943,-8362,-32768,0
2096,42842,42852,6,-13,922,-447,50,40,1,-7034,-12062,-8020,-32768,0
2097,42861,42871,4,-5,928,-511,50,37,3,-7028,-11883,-8044,0,0
2098,42881,42891,9,-6,924,-175,61,38,5,-7070,-11799,-7721,-32768,0
2099,42901,42910,2,-3,925,-95,56,37,1,-7010,-11889,-7913,0,0
2100,42920,42930,0,-9,923,-143,56,40,3,-6890,-12003,-8176,16384,0
2101,42940,42949,6,-6,929,143,52,35,1,-6992,-12092,-7919,-16384,0
2102,42959,42969,9,-4,922,79,48,37,2,-6956,-12003,-8086,0,0
2103,42979,42989,2,-7,923,-63,53,37,0,-7141,-12026,-8050,-16384,0
2104,42999,43009,8,-8,933,-143,56,38,1,-6812,-12009,-8134,-16384,0
2105,43018,43028,12,-6,924,-207,50,34,3,-6878,-11961,-8176,0,0
2106,43038,43048,2,-6,924,-223,52,32,-2,-6902,-11817,-7990,0,0
2107,43058,43067,8,-7,921,0,54,43,1,-6914,-11823,-8146,0,0
2108,43077,43087,6,-7,926,-303,52,36,-1,-6884,-11829,-7829,-32768,0
2109,43100,43109,1,-4,922,207,52,34,4,-6633,-11829,-8008,-32768,0
2110,43119,43129,2,-10,924,0,56,42,4,-6884,-11877,-7990,16384,0
2111,43139,43149,8,-8,928,511,53,36,2,-6932,-11835,-8044,0,0
2112,43158,43168,7,-9,927,175,52,44,6,-6848,-11823,-8032,16384,0
2113,43178,43188,10,-4,918,-399,53,35,-290,-7088,-11883,-7936,-32768,0
2114,43198,43207,2,-3,926,0,58,43,5,-6914,-11841,-7907,0,0
2115,43217,43227,5,-8,922,-255,54,42,0,-6800,-11901,-8182,-32768,0
2116,43237,43246,8,-9,921,-223,53,41,5,-6950,-11769,-8182,0,0
2117,43256,43266,7,-13,929,15,57,29,0,-6950,-11727,-7954,-16384,0
2118,43276,43286,1,-12,925,63,54,38,0,-6956,-11907,-7889,-16384,0
2119,43296,43305,6,-9,924,47,53,34,5,-7064,-11757,-8314,16384,0
2120,43315,43325,8,-14,940,-191,52,36,-3,-6890,-11853,-8092,0,0
2121,43337,43347,174,-5,917,447,52,36,0,-6980,-11637,-8122,-16384,0
2122,43359,43369,8,-3,926,-159,58,40,4,-7141,-11697,-8056,0,0
2123,43379,43389,6,-5,933,-31,52,42,1,-7022,-11841,-8134,0,0
2124,43399,43409,6,-6,931,239,53,38,8,-6920,-11679,-7954,-16384,0
2125,43419,43429,7,-5,927,31,51,37,4,-6866,-11691,-7877,-16384,0
2126,43438,43448,3,-3,934,-111,52,42,4,-7147,-11739,-7877,16384,0
2127,43458,43468,2,-4,922,-79,52,38,2,-6992,-11733,-7996,0,0
2128,43478,43488,2,-13,922,-351,56,43,-1,-6986,-11847,-8368,0,0
2129,43498,43508,4,-3,926,31,53,40,3,-6926,-11823,-8134,-32768,0
2130,43518,43527,5,-11,919,0,58,33,2,-6932,-11865,-8373,0,0
2131,43537,43547,8,-5,930,-239,51,36,2,-6938,-12062,-8242,16384,0
2132,43557,43567,3,-7,923,-255,49,35,1,-6842,-12140,-8242,-32768,0
2133,43577,43587,-4,-8,922,-47,50,40,2,-6782,-12003,-8026,-16384,0
2134,43597,43607,0,-6,927,-175,52,41,0,-6800,-11943,-8134,-32768,0
2135,43620,43630,6,-10,923,-335,52,40,0,-6842,-11877,-8056,-16384,0
2136,43639,43649,4,-10,926,-111,51,37,-2,-6734,-11715,-8320,-16384,0
2137,43659,43669,3,-10,922,47,49,36,4,-6902,-11889,-8368,16384,0
2138,43679,43689,8,-9,922,95,54,33,3,-6836,-11763,-8074,16384,0
2139,43699,43709,-247,149,737,-63,20,-73,-2,-6848,-11781,-7865,-16384,0
2140,43719,43729,26,34,1063,111,44,9,2,-6770,-11667,-8038,0,0
2141,43739,43748,19,17,998,271,49,41,5,-6842,-11871,-8170,-16384,0
2142,43758,43768,0,-2,948,0,48,36,1,-6722,-12021,-8242,0,0
2143,43778,43788,3,-3,927,159,51,38,2,-7010,-11925,-8350,-16384,0
2144,43798,43808,2,-13,923,-95,52,37,1,-6914,-11907,-8200,0,0
2145,43818,43828,3,-4,920,-479,52,35,6,-6800,-11823,-8158,0,0
2146,43837,43847,2,-14,928,-255,57,43,3,-6848,-11853,-8110,-16384,0
2147,43857,43867,4,-6,926,15,54,34,4,-7123,-11835,-8481,-16384,0
2148,43880,43890,2,-6,926,-319,48,42,2,-6986,-11943,-7901,0,0
2149,43900,43910,7,-8,926,95,52,40,1,-7082,-11967,-8230,-16384,0
2150,43920,43930,2,-7,924,-303,50,42,4,-6974,-11907,-7835,0,0
2151,43940,43949,4,-10,929,335,56,38,3,-6794,-12092,-8092,0,0
2152,43959,43969,2,-7,926,447,52,43,3,-6962,-11913,-8110,0,0
2153,43979,43989,3,-15,927,-255,48,36,0,-7106,-11745,-7954,0,0
2154,43999,44009,-4,-7,936,-239,53,35,1,-6914,-11865,-7919,0,0
2155,44019,44029,5,-5,927,-255,56,43,1,-7094,-11841,-8068,0,0
2156,44039,44049,6,-6,928,-287,51,43,5,-6932,-11763,-8098,0,0
2157,44059,44068,1,-10,926,-207,54,38,0,-6968,-11703,-7978,0,0
2158,44078,44088,13,-13,924,15,49,37,4,-7016,-11781,-8044,0,0
2159,44098,44108,13,-6,938,-159,60,41,3,-7064,-11811,-7883,0,0
2160,44118,44128,11,-7,928,95,58,40,2,-7052,-11703,-7871,0,0
2161,44141,44150,4,-7,930,-143,54,36,5,-7100,-11793,-7511,0,0
2162,44160,44170,6,-13,926,-399,51,40,3,-7195,-11679,-7913,0,0
2163,44180,44190,5,-6,926,-159,52,38,-1,-7147,-11877,-7907,-32768,0
2164,44200,44210,7,-6,926,31,61,42,4,-7153,-11781,-7751,0,0
2165,44220,44230,1,-8,920,-351,52,38,3,-7094,-11781,-8002,0,0
2166,44240,44250,2,-5,924,47,57,37,2,-7004,-11589,-7978,0,0
2167,44260,44269,8,-12,915,-271,58,44,2,-6842,-11703,-7919,0,0
2168,44279,44289,2,-7,922,319,54,38,6,-6968,-11751,-8032,0,0
2169,44299,44309,2,-9,932,-79,53,40,5,-6926,-11733,-8068,0,0
2170,44319,44329,4,-8,928,-319,56,40,4,-6902,-11811,-8248,0,0
2171,44339,44349,6,-7,927,-111,52,34,8,-6824,-11715,-7661,0,0
2172,44359,44369,6,-6,915,0,57,44,1,-6884,-11560,-8194,0,0
2173,44378,44388,3,-16,926,-175,52,35,3,-7010,-11494,-7865,0,0
2174,44401,44411,8,-2,924,-447,57,38,1,-6980,-11811,-7966,0,0
2175,44421,44431,4,-6,922,-399,54,36,2,-7022,-11817,-8188,-32768,0
2176,44441,44451,6,-6,926,-479,53,41,5,-6968,-11691,-8008,-16384,0
2177,44461,44470,8,-15,926,591,57,36,6,-6944,-11745,-8170,-16384,0
2178,44480,44490,3,-4,926,-159,52,44,4,-7076,-11739,-8260,0,0
2179,44500,44510,3,-12,924,-271,51,36,2,-6932,-11440,-8008,-16384,0
2180,44520,44530,1,-4,926,-335,49,36,-2,-6836,-11835,-8290,0,0
2181,44540,44550,12,-10,931,111,52,41,6,-6836,-11572,-8284,0,0
2182,44560,44570,4,-8,924,0,50,37,3,-6974,-11667,-8008,16384,0
2183,44580,44589,2,-3,923,-287,53,36,8,-7028,-11709,-7966,-16384,0
2184,44599,44609,5,-4,922,79,53,42,0,-7022,-11697,-8014,0,0
2185,44619,44629,0,-8,931,-287,57,37,1,-6896,-11703,-7966,0,0
2186,44639,44649,4,-6,921,-175,51,43,4,-7153,-11655,-7960,-16384,0
2187,44662,44672,6,-4,922,-15,58,38,2,-7046,-11673,-8050,-16384,0
2188,44682,44691,8,-3,937,127,56,43,3,-6974,-11595,-8116,16384,0
2189,44701,44711,6,-8,919,95,51,35,4,-6872,-11679,-8056,-32768,0
2190,44721,44731,8,-4,926,-351,53,41,5,-7088,-11763,-8122,0,0
2191,44741,44751,4,-8,930,127,52,40,9,-7028,-11625,-8092,0,0
2192,44761,44771,4,-14,927,-431,51,36,6,-6902,-11577,-8080,16384,0
2193,44780,44790,4,-10,920,271,52,35,4,-7034,-11763,-8368,16384,0
2194,44800,44810,10,-9,933,0,48,42,3,-7028,-11787,-8278,16384,0
2195,44820,44830,2,-13,935,255,53,40,3,-6806,-11823,-8062,-16384,0
2196,44840,44850,2,-2,933,0,50,41,0,-6902,-11823,-8122,-32768,0
2197,44860,44869,5,-4,923,543,49,42,5,-6872,-11811,-8266,-16384,0
2198,44879,44889,-5,-4,922,159,50,44,4,-6884,-11901,-8020,-16384,0
2199,44899,44909,6,-8,924,447,56,38,0,-7094,-11805,-8128,0,0
2200,44919,44929,8,-10,927,-431,57,42,6,-7010,-11637,-8074,0,0
2201,44936,44946,4,-8,923,-31,58,41,0,-7106,-11889,-8128,0,0
2202,44956,44966,7,-10,928,-63,57,38,4,-7112,-11787,-8116,0,0
2203,44976,44985,3,-8,921,351,49,37,2,-6830,-11787,-8140,-16384,0
2204,44995,45005,5,-4,915,47,50,33,4,-7118,-11817,-8128,0,0
2205,45015,45025,6,-7,933,-239,52,38,4,-7010,-11769,-7883,-32768,0
2206,45034,45044,3,-4,933,-239,52,36,4,-7076,-11883,-8158,0,0
2207,45054,45064,6,-14,926,143,52,37,-1,-7028,-11494,-8140,0,0
2208,45074,45084,4,-8,932,0,49,38,-2,-7028,-11787,-7960,0,0
2209,45093,45103,3,-17,921,-127,58,40,3,-6962,-11775,-7996,0,0
2210,45113,45123,7,-10,917,-367,57,40,1,-7028,-11661,-7954,-32768,0
2211,45133,45142,1,-9,917,-447,52,36,-2,-7183,-11751,-8116,0,0
2212,45152,45162,0,-13,930,95,53,35,-1,-7052,-11769,-8200,-32768,0
2213,45172,45182,6,-6,928,0,51,38,4,-6926,-11799,-7990,0,0
2214,45202,45212,5,-4,927,0,51,40,1,-7189,-11607,-7972,0,0
2215,45222,45231,6,-5,921,31,53,36,3,-7135,-11697,-7907,-16384,0
2216,45241,45251,7,-6,932,335,58,42,3,-7076,-11709,-8212,0,0
2217,45261,45271,6,-9,922,127,52,40,0,-6992,-11649,-8122,0,0
2218,45280,45290,3,-4,931,-207,52,41,1,-7112,-11625,-8344,0,0
2219,45300,45310,2,-13,927,-415,54,38,1,-7183,-11919,-8242,-16384,0
2220,45320,45330,2,-8,925,79,52,38,1,-7004,-11721,-8002,-16384,0
2221,45339,45349,3,-15,926,159,52,37,6,-6974,-11769,-8278,0,0
2222,45359,45369,1,-10,933,-143,51,40,1,-7076,-11745,-8350,0,0
2223,45379,45388,8,-6,929,47,54,37,1,-7213,-11829,-8164,0,0
2224,45398,45408,12,-11,918,-223,58,29,6,-6986,-11829,-7907,0,0
2225,45418,45428,4,-5,917,-367,45,38,-4,-6878,-11721,-8104,-32768,0
2226,45438,45448,6,-10,927,-463,51,30,3,-6980,-11733,-7841,-16384,0
2227,45460,45470,3,-6,931,-159,51,38,3,-6872,-11739,-8014,-16384,0
2228,45480,45490,1,-6,917,-79,54,37,1,-6884,-11715,-7835,0,0
2229,45500,45510,6,-6,924,-47,51,36,1,-6908,-11961,-8038,0,0
2230,45520,45530,2,-12,920,-175,54,35,3,-6902,-11793,-7936,-32768,0
2231,45539,45549,0,-7,922,127,52,32,2,-6956,-11727,-8014,0,0
2232,45559,45569,13,-18,921,351,49,36,-1,-7004,-11835,-7990,16384,0
2233,45579,45589,5,-5,926,15,54,34,2,-7052,-11518,-8008,-32768,0
2234,45599,45609,0,-8,930,191,50,43,2,-7040,-11721,-8164,-32768,0
2235,45619,45628,8,-6,915,-47,48,33,3,-7040,-11727,-8242,-32768,0
2236,45638,45648,2,-2,930,319,51,36,3,-6794,-11805,-7930,0,0
2237,45658,45668,2,-9,918,-303,52,38,-2,-6854,-11721,-7960,0,0
2238,45678,45688,4,-9,933,271,52,37,-2,-6860,-11787,-8002,0,0
2239,45698,45708,4,-5,925,-143,52,36,3,-7034,-11763,-7847,0,0
2240,45721,45731,4,-3,941,-239,58,43,3,-7034,-11823,-8236,-16384,0
2241,45743,45752,5,-8,926,31,53,38,6,-7118,-11829,-8056,0,0
2242,45762,45772,4,-3,926,-239,57,38,4,-6962,-11883,-8158,0,0
2243,45782,45792,8,-7,926,-143,50,37,4,-7040,-11799,-8092,0,0
2244,45802,45812,6,-6,928,-79,59,43,1,-7076,-11991,-8140,-16384,0
2245,45822,45832,3,-7,928,-159,51,33,-1,-6794,-11859,-8110,-16384,0
2246,45841,45851,13,-8,928,-111,56,45,1,-7022,-11829,-7966,-32768,0
2247,45861,45871,2,-9,922,-207,53,41,3,-6800,-11745,-8038,0,0
2248,45881,45891,5,-5,917,-319,56,34,1,-6818,-11865,-7781,0,0
2249,45901,45911,5,-9,934,-223,57,45,4,-6806,-11841,-7835,0,0
2250,45921,45930,8,-6,933,559,52,41,3,-7040,-12086,-8092,0,0
2251,45940,45950,7,-13,927,31,52,38,-292,-6872,-12032,-7781,0,0
2252,45960,45970,7,-12,922,-543,50,38,-4,-7016,-11979,-8182,16384,0
2253,45983,45993,2,-7,920,-271,54,34,0,-6908,-11931,-8032,0,0
2254,46003,46013,4,-6,933,-287,52,41,6,-6854,-11973,-7775,-16384,0
2255,46023,46033,3,-13,930,-175,51,37,1,-6986,-11811,-7930,-16384,0
2256,46043,46052,4,-8,935,271,57,41,5,-6920,-11979,-8086,0,0
2257,46062,46072,4,-11,931,207,51,45,0,-7123,-12104,-8104,0,0
2258,46082,46092,5,-9,919,-223,53,41,3,-7046,-11967,-7865,0,0
2259,46102,46112,13,-10,935,-511,51,41,2,-6938,-11871,-7925,0,0
2260,46122,46131,-167,-8,921,-287,51,35,6,-7016,-11859,-8332,0,0
2261,46141,46151,1,-8,924,-319,58,38,3,-6962,-11889,-8056,-32768,0
2262,46161,46171,4,-8,928,383,53,36,8,-6998,-11841,-8290,-32768,0
2263,46181,46191,6,-6,927,-63,58,35,-291,-6884,-11781,-8278,0,0
2264,46201,46211,12,-11,933,-367,46,20,2,-7016,-11853,-7697,-16384,0
2265,46221,46231,10,-4,937,-159,52,45,-2,-7052,-11847,-7829,0,0
2266,46244,46253,2,-9,913,-47,56,38,3,-6884,-11739,-8110,0,0
2267,46263,46273,2,-4,922,191,54,41,1,-6812,-11787,-8200,-32768,0
2268,46283,46293,2,-13,922,127,52,37,3,-7052,-11961,-7966,0,0
2269,46303,46313,4,-8,924,-15,51,42,2,-6788,-11655,-7787,-32768,0
2270,46323,46333,7,-13,918,31,52,34,0,-6992,-11829,-8212,16384,0
2271,46343,46353,5,-9,928,31,45,41,3,-7016,-11811,-7907,-32768,0
2272,46363,46372,4,-3,923,0,56,42,5,-6890,-11560,-8110,16384,0
2273,46382,46392,2,-6,929,175,51,37,8,-7129,-11601,-7990,0,0
2274,46402,46412,5,-2,921,31,53,42,4,-6986,-11637,-7769,16384,0
2275,46422,46432,6,-7,924,-127,52,41,8,-6932,-11673,-7715,16384,0
2276,46442,46452,4,-4,928,79,46,41,1,-6962,-11805,-7763,-16384,0
2277,46461,46471,3,-6,921,-111,54,41,10,-7052,-11667,-8014,-16384,0
2278,46481,46491,6,-11,920,-79,51,36,-1,-7028,-11655,-7829,16384,0
2279,46504,46514,2,-3,924,95,51,36,4,-7046,-11805,-7691,0,0
2280,46524,46534,0,-7,922,-319,53,35,6,-6914,-11763,-7763,0,0
2281,46544,46554,2,-15,921,-159,52,38,2,-6914,-11697,-7877,-16384,0
2282,46564,46573,4,-13,926,-399,52,41,3,-6884,-11709,-8032,16384,0
2283,46583,46593,8,-10,913,175,51,36,0,-6914,-11769,-8032,16384,0
2284,46603,46613,8,-3,925,207,50,36,0,-6974,-11919,-8272,16384,0
2285,46623,46633,8,-4,924,95,59,37,1,-6932,-11763,-7859,-16384,0
2286,46643,46653,6,-15,916,-111,50,37,4,-6974,-11877,-7936,0,0
2287,46663,46673,30,-39,910,239,68,36,-30,-7147,-11847,-8098,16384,0
2288,46683,46692,-15,-3,893,-47,51,27,4,-6914,-11751,-8008,0,0
2289,46702,46712,95,-89,961,-287,61,59,-50,-6998,-11871,-7942,-16384,0
2290,46722,46732,-82,36,927,287,54,34,-112,-7052,-11673,-7751,0,0
2291,46742,46752,-13,1,929,47,51,40,3,-6890,-11913,-8092,16384,0
