count,tInitial,tFinal,accel_x,accel_y,accel_z,accel_high,gyro_x,gyro_y,gyro_z,mag_x,mag_y,mag_z,temp,packet_num
4958,1267,1277,123,84,879,-623,199,-821,110,28885,-16642,-13139,919,1
4958,1409,1419,127,83,879,-975,194,-818,107,28861,-16373,-12935,920,2
4958,1432,1441,129,92,870,-879,199,-818,108,28789,-16427,-12869,923,3
4958,1454,1464,137,94,880,-1135,199,-824,110,28861,-16570,-12839,925,4
4958,1477,1487,121,86,880,-495,202,-816,108,28891,-16504,-12612,920,5
4958,1500,1510,123,89,883,-959,196,-822,112,28639,-16510,-12917,921,6
4958,1522,1532,126,91,887,-927,197,-821,107,28663,-16474,-12851,922,7
4958,1545,1555,120,87,874,-703,196,-818,107,28711,-16564,-12702,922,8
4958,1568,1578,128,91,873,-959,196,-820,109,28657,-16463,-12869,917,9
4958,1591,1600,123,88,885,-911,195,-817,108,28657,-16469,-12857,920,10
4958,1613,1623,119,87,878,-623,199,-820,105,28645,-16367,-12636,923,11
4958,1636,1646,130,91,884,-1087,196,-821,108,28663,-16379,-12863,924,12
4958,1659,1669,123,93,886,-943,195,-818,107,28639,-16588,-12774,920,13
4958,1681,1691,127,90,884,-415,194,-821,109,28693,-16319,-12881,921,14
4958,1730,1740,127,89,877,-847,202,-814,106,28771,-16265,-12690,921,15
4958,1753,1763,113,91,883,-591,199,-812,106,28795,-16325,-12780,921,16
4958,1776,1785,124,83,880,-1327,196,-818,107,28813,-16415,-12750,918,17
4958,1798,1808,129,88,885,-975,201,-822,110,28615,-16498,-12648,920,18
4958,1821,1831,134,93,883,-799,195,-823,107,28753,-16451,-12935,919,19
4958,1844,1854,125,91,887,-399,196,-822,106,28891,-16540,-12935,920,20
4958,1867,1877,128,95,893,-751,196,-818,107,28771,-16492,-12869,920,21
4958,1890,1900,127,91,881,-1055,195,-817,105,28765,-16427,-13013,922,22
4958,1913,1923,128,76,891,-511,195,-821,109,28687,-16684,-13019,921,23
4958,1936,1946,121,96,885,-1215,194,-817,112,28837,-16606,-12881,920,24
4958,1959,1968,123,93,883,-959,196,-822,110,28807,-16391,-12570,922,25
4958,1981,1991,125,84,891,-639,202,-822,109,28867,-16295,-12636,923,26
4958,2004,2014,121,87,885,-735,200,-816,109,28663,-16451,-12630,922,27
4958,2027,2037,128,92,888,-1167,194,-821,109,28645,-16552,-12522,920,28
4958,2077,2087,132,82,889,-767,196,-820,108,28609,-16498,-12540,918,29
4958,2099,2109,123,90,887,-1023,193,-823,108,28633,-16558,-12792,917,30
4958,2122,2132,135,89,898,-799,203,-820,102,28711,-16516,-12845,923,31
4958,2145,2155,122,90,884,-719,202,-821,106,28555,-16439,-12492,921,32
4958,2168,2178,117,80,887,-975,200,-823,109,28651,-16439,-12504,921,33
4958,2190,2200,130,92,887,-847,200,-825,107,28843,-16498,-12690,922,34
4958,2213,2223,128,87,894,-847,199,-821,107,28418,-16427,-12660,920,35
4958,2236,2246,134,91,898,-367,197,-816,110,28621,-16373,-12762,919,36
4958,2259,2269,128,88,892,-735,200,-821,107,28507,-16439,-12426,922,37
4958,2281,2291,127,88,896,-1167,197,-820,107,28651,-16486,-12492,921,38
4958,2304,2314,123,91,885,-431,197,-821,108,28633,-16684,-12636,919,39
4958,2327,2337,128,87,891,-527,196,-813,106,28711,-16738,-12738,918,40
4958,2350,2360,128,87,890,-1167,202,-817,107,28867,-16253,-12875,920,41
4958,2373,2383,128,97,887,-1119,200,-824,110,28669,-16295,-12756,923,42
4958,2399,2409,126,93,889,-1103,195,-818,110,28681,-16528,-12839,920,43
4958,2422,2432,129,84,894,-1071,192,-820,108,28813,-16355,-12881,920,44
4958,2444,2454,128,90,887,-575,202,-821,112,28765,-16492,-13097,918,45
4958,2467,2477,117,96,890,-1023,194,-823,110,28723,-16445,-12923,921,46
4958,2490,2500,123,92,893,-1103,196,-818,107,28490,-16427,-12546,919,47
4958,2513,2523,132,85,900,-831,194,-822,115,28567,-16277,-12480,919,48
4958,2535,2545,129,91,889,-863,193,-814,106,28615,-16397,-12337,920,49
4958,2558,2568,127,82,893,-1135,200,-821,106,28340,-16403,-12355,918,50
4958,2581,2591,127,95,895,-1103,195,-820,107,28681,-16606,-12516,921,51
4958,2604,2614,119,91,898,-815,195,-816,105,28573,-16612,-12654,921,52
4958,2626,2636,126,94,889,-655,201,-817,107,28615,-16367,-12528,922,53
4958,2649,2659,132,87,893,-751,195,-816,106,28645,-16451,-12546,923,54
4958,2672,2682,119,91,899,-655,199,-814,102,28537,-16594,-12780,923,55
4958,2695,2705,128,87,893,-1183,196,-825,109,28645,-16684,-12893,920,56
4958,2721,2731,119,91,893,-479,196,-824,106,28507,-16451,-12504,923,57
4958,2744,2754,118,93,893,-927,193,-818,112,28597,-16421,-12522,918,58
4958,2766,2776,129,92,898,-623,196,-814,102,28603,-16480,-12636,925,59
4958,2789,2799,123,92,896,-911,197,-818,109,28549,-16277,-12720,918,60
4958,2812,2822,131,90,891,-815,196,-822,112,28472,-16612,-12606,922,61
4958,2835,2844,130,89,896,-1199,197,-824,107,28561,-16445,-12390,921,62
4958,2857,2867,133,88,896,-783,195,-825,101,28507,-16361,-12618,921,63
4958,2880,2890,123,90,902,-815,195,-821,108,28495,-16480,-12432,925,64
4958,2903,2913,121,88,888,-495,193,-822,108,28561,-16528,-12708,924,65
4958,2926,2935,121,91,898,-687,196,-818,108,28525,-16361,-12636,919,66
4958,2948,2958,119,81,891,-1263,196,-823,110,28663,-16391,-12636,921,67
4958,2971,2981,126,90,896,-1199,196,-818,109,28549,-16361,-12660,919,68
4958,2994,3004,121,80,898,-815,194,-820,106,28442,-16433,-12684,921,69
4958,3017,3026,121,92,896,-1167,197,-816,102,28561,-16289,-12684,922,70
4958,3043,3053,128,89,898,-175,199,-818,109,28609,-16385,-12786,921,71
4958,3066,3075,130,87,902,-543,199,-820,106,28531,-16337,-12941,922,72
4958,3088,3098,126,93,886,-847,189,-818,106,28627,-16403,-12462,919,73
4958,3111,3121,125,90,902,-1039,197,-824,106,28759,-16337,-12959,921,74
4958,3134,3144,117,89,897,-1327,194,-823,106,28687,-16307,-12816,917,75
4958,3157,3166,462,-20,2086,-799,-697,2957,4085,28663,-16528,-12810,920,76
4958,3179,3189,123,91,896,-735,233,-638,-118,28669,-16516,-12528,920,77
4958,3202,3212,116,97,890,-751,175,-396,-96,28591,-16486,-12851,921,78
4958,3225,3235,132,89,892,-463,126,-200,-75,28717,-16397,-12528,921,79
4958,3247,3257,104,94,891,-1087,94,-56,-69,28406,-16367,-12780,923,80
4958,3270,3280,128,95,901,-1039,61,67,-37,28537,-16337,-12504,924,81
4958,3293,3303,121,93,904,-895,35,161,-14,28316,-16474,-12744,918,82
4958,3316,3326,121,88,883,-1343,25,220,-22,28585,-16265,-12636,919,83
4958,3338,3348,141,93,902,-623,9,261,-29,28519,-16469,-12702,919,84
4958,3365,3375,117,98,898,-415,-2,3,-24,28735,-16373,-12684,923,85
4958,3387,3397,122,87,894,-735,-3,317,-17,28525,-16373,-12474,921,86
4958,3410,3420,114,89,878,-687,-6,321,-13,28501,-16534,-12510,919,87
4958,3433,3443,130,91,884,-927,-4,324,-9,28555,-16534,-12594,916,88
4958,3456,3465,114,87,891,-1055,-1,315,0,28573,-16534,-12792,922,89
4958,3488,3498,128,89,902,-815,4,304,-5,28478,-16421,-12672,920,90
4958,3511,3521,115,84,905,-815,5,295,-1,28424,-16546,-12798,921,91
4958,3534,3544,127,91,902,-591,5,281,5,28603,-16415,-12462,920,92
4958,3557,3566,121,93,905,-975,-2,275,16,28555,-16277,-12582,916,93
4958,3579,3589,119,90,900,-591,4,263,17,28501,-16558,-12696,921,94
4958,3602,3612,114,92,873,-367,8,247,28,28394,-16498,-12456,919,95
4958,3625,3635,127,87,883,-1007,12,229,35,28418,-16373,-12672,920,96
4958,3647,3657,127,88,904,-863,11,225,43,28585,-16552,-12696,922,97
4958,3674,3684,117,88,906,-1103,14,209,48,28501,-16474,-12642,923,98
4958,3696,3706,123,95,885,-815,27,193,50,28537,-16588,-12696,922,99
4958,3719,3729,123,89,890,-1247,25,175,52,28448,-16480,-13043,920,100
4958,3742,3752,126,88,885,-1119,18,167,50,28579,-16457,-12929,920,101
4958,3765,3774,118,89,907,-431,25,153,53,28531,-16379,-12684,923,102
4958,3787,3797,124,96,906,-575,33,146,49,28525,-16193,-12881,921,103
4958,3810,3820,120,86,891,-831,40,138,51,28537,-16528,-12905,925,104
4958,3833,3843,120,83,886,-943,40,116,52,28543,-16379,-12606,919,105
4958,3856,3865,117,89,898,-1071,34,113,50,28448,-16510,-12648,922,106
4958,3878,3888,116,89,902,-1215,41,94,48,28525,-16403,-12504,921,107
4958,3901,3911,127,88,903,-1167,35,82,46,28573,-16379,-11193,917,108
4958,3924,3934,123,86,883,-831,43,69,41,28424,-16463,-12732,918,109
4958,3946,3956,121,89,889,-895,49,59,45,28783,-16558,-12726,919,110
4958,3969,3979,135,89,904,-703,50,45,36,28490,-16498,-12528,922,111
4958,3995,4005,127,87,879,-1263,51,53,35,28603,-16648,-12612,916,112
4958,4018,4028,119,91,884,-927,50,57,30,28484,-16427,-12804,922,113
4958,4041,4051,128,87,896,-847,45,48,37,28645,-16564,-12708,920,114
4958,4064,4073,116,83,907,-1183,53,54,36,28573,-16504,-12438,928,115
4958,4086,4096,121,92,899,-1439,46,54,34,28466,-16684,-12486,921,116
4958,4109,4119,120,87,893,-623,51,53,41,28657,-16361,-12786,924,117
4958,4132,4142,128,91,893,-1055,44,54,33,28525,-16367,-12648,921,118
4958,4155,4164,130,93,906,-991,52,51,42,28466,-16265,-12654,917,119
4958,4177,4187,126,90,906,-671,50,56,37,28627,-16415,-12827,922,120
4958,4208,4217,126,94,893,-815,49,50,28,28466,-16391,-12636,921,121
4958,4230,4240,120,87,904,-1183,46,52,33,28663,-16391,-12378,922,122
4958,4253,4263,122,91,893,-847,56,54,38,28543,-16283,-12474,918,123
4958,4276,4286,119,91,893,-1423,49,53,37,28639,-16445,-12750,918,124
4958,4299,4308,128,90,883,-799,48,51,36,28705,-16367,-12414,920,125
4958,4325,4335,117,91,899,-815,49,50,41,28705,-16337,-12816,922,126
4958,4348,4357,122,90,893,-1183,51,56,35,28615,-16469,-12648,921,127
4958,4370,4380,121,90,891,-687,52,49,34,28579,-16253,-12528,924,128
4958,4393,4403,127,93,900,-655,49,57,35,28729,-16277,-12552,920,129
4958,4416,4426,126,84,905,-559,51,57,42,28615,-16474,-12726,920,130
4958,4438,4448,129,95,898,-1039,50,51,34,28717,-16415,-12774,917,131
4958,4461,4471,122,80,880,-719,44,57,35,28490,-16540,-12786,921,132
4958,4484,4494,125,87,887,-1231,49,52,36,28609,-16319,-12833,917,133
4958,4507,4517,123,87,912,-815,48,50,37,28591,-16373,-12774,917,134
4958,4529,4539,123,102,897,-767,44,51,35,28525,-16289,-12816,922,135
4958,4552,4562,121,84,893,-671,50,53,38,28729,-16181,-12462,924,136
4958,4575,4585,115,89,893,-895,45,51,35,28507,-16187,-12402,920,137
4958,4598,4607,128,95,909,-911,48,44,35,28609,-16355,-12636,920,138
4958,4620,4630,123,91,917,-799,53,58,38,28639,-16205,-12654,921,139
4958,4647,4656,119,90,907,-831,49,54,34,28424,-16283,-12738,919,140
4958,4669,4679,121,92,894,-783,51,53,36,28418,-16439,-12696,924,141
4958,4692,4702,127,95,902,-1231,50,51,32,28681,-16391,-12672,922,142
4958,4715,4725,125,85,889,-1119,44,52,38,28627,-16271,-12822,920,143
4958,4738,4747,114,88,901,-1183,44,53,32,28507,-16486,-12869,922,144
4958,4760,4770,128,91,917,-719,49,46,30,28519,-16307,-12696,925,145
4958,4783,4793,118,98,906,-831,48,56,32,28687,-16211,-13133,921,146
4958,4806,4816,111,81,889,-975,54,52,40,28765,-16235,-12875,920,147
4958,4828,4838,126,84,892,-1087,52,52,38,28525,-16534,-12750,922,148
4958,4851,4861,126,87,917,-751,51,51,32,28513,-16307,-12935,919,149
4958,4874,4884,124,89,904,-527,46,51,35,28573,-16367,-12995,920,150
4958,4897,4906,123,89,892,-1039,49,48,38,28687,-16319,-12816,921,151
4958,4919,4929,124,84,902,-943,48,52,30,28705,-16397,-12648,920,152
4958,4942,4952,129,96,911,-687,43,49,38,28525,-16229,-12684,919,153
4958,4968,4978,113,96,887,-991,49,46,37,28573,-16343,-12893,914,154
4958,4991,5001,123,88,910,-303,49,53,41,28537,-16205,-13013,922,155
4958,5014,5023,126,91,902,-1263,49,53,35,28567,-16277,-12905,924,156
4958,5036,5046,117,89,918,-671,53,52,32,28711,-16295,-12798,919,157
4958,5059,5069,123,89,898,-1343,46,48,37,28412,-16474,-12833,921,158
4958,5082,5092,131,99,895,-1327,45,49,37,28627,-16331,-12923,922,159
4958,5104,5114,120,92,891,-511,46,54,35,28460,-16474,-12732,920,160
4958,5127,5137,115,88,898,-1119,48,48,29,28591,-16367,-13085,919,161
4958,5150,5160,123,90,906,-895,48,48,32,28430,-16540,-12780,918,162
4958,5173,5182,121,91,893,-495,52,52,30,28388,-16540,-12666,920,163
4958,5195,5205,130,91,889,-575,44,58,43,28633,-16397,-12899,918,164
4958,5218,5228,128,85,899,-735,51,53,40,28454,-16439,-12863,920,165
4958,5241,5251,121,91,904,-1263,50,56,34,28394,-16492,-12678,923,166
4958,5263,5273,127,89,895,-1023,50,49,35,28262,-16367,-12923,920,167
4958,5290,5300,123,84,902,-239,50,52,35,28430,-16343,-12905,922,168
4958,5313,5322,128,90,900,-879,49,54,34,28334,-16337,-12929,919,169
4958,5335,5345,132,92,898,-927,51,50,34,28244,-16385,-12756,922,170
4958,5358,5368,126,82,897,-1135,52,56,38,28340,-16121,-13043,922,171
4958,5381,5391,125,93,906,-863,48,49,38,28244,-16055,-13181,921,172
4958,5403,5413,128,97,902,-751,50,50,35,28244,-16259,-12804,919,173
4958,5448,5458,120,89,889,-767,46,52,37,28394,-16253,-12971,918,174
4958,5470,5480,123,93,900,-815,53,51,35,28346,-16241,-12684,921,175
4958,5493,5503,124,87,897,-799,50,50,30,28220,-16379,-12977,921,176
4958,5516,5526,127,91,901,-1535,51,50,34,28250,-16367,-12941,921,177
4958,5539,5548,124,95,902,-751,46,51,33,28166,-16205,-12654,919,178
4958,5561,5571,123,88,897,-767,52,51,36,28250,-16121,-13019,922,179
4958,5584,5594,122,93,902,-1071,46,56,34,28412,-16193,-12923,921,180
4958,5610,5620,126,95,883,-1327,49,57,30,28466,-16265,-12851,918,181
4958,5633,5643,120,97,896,-655,50,57,40,28400,-16271,-12756,919,182
4958,5656,5665,126,84,900,-799,44,49,33,28328,-16373,-13241,923,183
4958,5678,5688,131,97,889,-1071,51,52,36,28232,-16349,-12899,920,184
4958,5701,5711,124,89,902,-879,49,48,33,28352,-16337,-12624,919,185
4958,5724,5733,118,93,897,-367,48,53,35,28340,-16403,-12899,916,186
4958,5746,5756,120,87,904,-895,44,52,36,28328,-16235,-13073,920,187
4958,5769,5779,116,92,891,-959,48,57,33,28238,-16397,-12420,926,188
4958,5792,5802,121,90,891,-623,50,51,35,28328,-16385,-12851,923,189
4958,5814,5824,120,93,897,-575,46,45,36,28244,-16451,-12546,921,190
4958,5837,5847,122,93,888,-1375,44,48,35,28244,-16337,-12600,923,191
4958,5860,5870,118,93,903,-1263,49,44,30,28364,-16385,-12666,919,192
4958,5882,5892,128,89,900,-991,48,52,33,28172,-16367,-12331,923,193
4958,5905,5915,133,95,902,-703,51,51,33,28478,-16187,-12486,921,194
4958,5931,5941,125,93,892,-847,51,48,34,28460,-16325,-12486,921,195
4958,5954,5964,122,82,893,-783,52,53,33,28436,-16540,-12528,922,196
4958,5977,5986,121,92,902,-1087,53,54,36,28250,-16492,-12702,920,197
4958,5999,6009,115,86,890,-1215,51,53,35,28388,-16469,-12432,920,198
4958,6022,6032,116,93,904,-1119,51,57,40,28310,-16289,-12259,921,199
4958,6045,6055,119,89,900,-1247,49,53,35,28346,-16331,-12522,917,200
4958,6067,6077,122,95,888,-1519,52,53,37,28490,-16103,-12432,925,201
4958,6090,6100,126,89,887,-991,51,50,36,28525,-16355,-12157,919,202
4958,6113,6123,121,87,901,-1071,52,48,33,28364,-16540,-12678,919,203
4958,6135,6145,133,97,900,-735,52,49,40,28501,-16247,-12768,922,204
4958,6158,6168,124,87,919,-1199,45,53,36,28394,-16433,-12863,922,205
4958,6181,6191,123,95,904,-1327,45,59,32,28304,-16445,-13031,923,206
4958,6203,6213,118,88,905,-911,48,56,33,28352,-16367,-13103,920,207
4958,6226,6236,123,84,891,-783,50,46,41,28448,-16397,-12893,916,208
4958,6252,6262,130,88,919,-783,50,57,38,28579,-16241,-12624,921,209
4958,6275,6285,121,90,904,-975,51,54,38,28382,-16379,-12833,922,210
4958,6298,6308,121,87,901,-1087,50,49,40,28274,-16343,-12792,923,211
4958,6320,6330,112,83,885,-1039,57,53,33,28394,-16439,-12528,920,212
4958,6343,6353,117,90,908,-863,50,51,37,28663,-16361,-12792,920,213
4958,6366,6376,121,96,908,-751,48,51,35,28645,-16421,-12642,917,214
4958,6388,6398,132,95,910,-1007,48,54,33,28561,-16624,-12582,922,215
4958,6411,6421,123,90,890,-511,54,50,40,28400,-16540,-12486,922,216
4958,6434,6443,116,79,895,-911,45,51,37,28370,-16457,-12738,926,217
4958,6456,6466,120,101,909,-815,51,54,33,28430,-16403,-12869,923,218
4958,6479,6489,127,96,901,-799,45,51,43,28382,-16379,-12582,917,219
4958,6502,6512,127,88,902,-767,54,50,38,28519,-16385,-12582,920,220
4958,6524,6534,126,82,903,-815,49,48,30,28214,-16289,-12480,920,221
4958,6547,6557,123,91,898,-799,43,50,35,28340,-16409,-12510,923,222
4958,6573,6583,133,79,891,-1087,57,52,37,28058,-16235,-12576,923,223
4958,6596,6606,130,96,900,-751,42,52,36,28256,-16235,-12624,923,224
4958,6619,6629,121,89,900,-1215,45,48,33,28208,-16145,-12600,919,225
4958,6641,6651,116,97,900,-943,46,51,43,28250,-16319,-12768,920,226
4958,6664,6674,123,94,902,-1215,53,51,42,28124,-16253,-12678,923,227
4958,6687,6697,115,84,896,-671,49,56,33,28238,-16253,-12624,919,228
4958,6710,6719,118,88,902,-959,52,49,36,28160,-16385,-12893,920,229
4958,6732,6742,123,92,897,-527,48,50,38,28250,-16379,-12630,918,230
4958,6755,6765,122,95,899,-1199,46,48,33,28208,-16187,-12702,921,231
4958,6778,6788,121,93,898,-1519,52,48,36,28262,-16391,-12726,918,232
4958,6801,6810,124,96,906,-559,53,48,36,28088,-16421,-12600,921,233
4958,6823,6833,118,85,902,-703,51,51,28,28346,-16307,-12498,922,234
4958,6846,6856,130,90,903,-655,44,52,35,28208,-16343,-12618,916,235
4958,6869,6879,119,90,896,-1039,48,50,33,28478,-16259,-12875,924,236
4958,6895,6905,126,83,893,-815,49,54,30,28220,-16427,-12708,921,237
4958,6918,6927,127,93,900,-1071,51,56,37,28358,-16211,-12618,920,238
4958,6940,6950,125,93,900,-1455,51,49,34,28316,-16229,-12786,923,239
4958,6963,6973,127,84,889,-335,50,48,40,28340,-16181,-12582,915,240
4958,6986,6996,118,91,901,-847,49,48,34,28424,-16229,-12408,926,241
4958,7016,7026,119,87,897,-1007,51,57,35,28531,-16289,-12540,919,242
4958,7039,7048,127,91,904,-1007,52,52,36,28388,-16355,-12558,919,243
4958,7061,7071,126,89,900,-943,48,51,40,28472,-16181,-12450,924,244
4958,7084,7094,125,93,908,-1039,44,52,32,28292,-16313,-12582,917,245
4958,7107,7116,117,87,902,-1087,48,56,38,28394,-16367,-12546,921,246
4958,7129,7139,119,91,892,-1247,48,50,37,28448,-16457,-12612,921,247
4958,7152,7162,124,90,902,-927,48,54,35,28579,-16534,-12708,921,248
4958,7175,7185,123,96,902,-687,49,52,36,28382,-16445,-12426,921,249
4958,7197,7207,123,89,897,-863,51,49,38,28513,-16409,-12929,920,250
4958,7224,7233,121,90,891,-815,53,45,33,28519,-16433,-12762,919,251
4958,7246,7256,123,86,889,-927,52,51,35,28388,-16552,-12570,920,252
4958,7269,7279,118,90,900,-847,49,45,35,28304,-16421,-12833,917,253
4958,7292,7301,125,96,901,-1119,53,49,35,28430,-16205,-12881,917,254
4958,7314,7324,119,85,897,-543,43,52,35,28388,-16349,-12678,923,255
4958,7337,7347,124,89,902,-879,49,57,34,28424,-16259,-12540,920,256
4958,7360,7369,115,89,908,-1087,45,56,36,28358,-16391,-12726,924,257
4958,7382,7392,116,87,893,-575,45,52,33,28519,-16409,-12414,918,258
4958,7405,7415,132,88,909,-1055,50,56,36,28322,-16235,-12528,918,259
4958,7428,7437,123,93,903,-1151,54,54,35,28208,-16199,-12295,928,260
4958,7450,7460,121,91,898,-991,46,52,35,28340,-16247,-12295,921,261
4958,7473,7483,122,100,895,-991,53,54,33,28250,-16109,-12528,924,262
4958,7496,7505,128,94,908,-735,49,49,36,28370,-16031,-12432,920,263
4958,7522,7532,121,95,901,-1103,52,49,42,28226,-16067,-12642,917,264
4958,7545,7554,123,87,898,-1263,48,52,36,28364,-16337,-12313,921,265
4958,7567,7577,125,90,898,-1119,48,50,34,28244,-16349,-12522,922,266
4958,7590,7600,119,94,896,-447,43,48,33,28208,-16361,-12516,921,267
4958,7612,7622,110,88,899,-815,46,49,34,28232,-16295,-12582,921,268
4958,7635,7645,126,87,901,-895,51,53,35,28597,-16097,-12684,920,269
4958,7658,7668,114,89,894,-351,50,51,36,28304,-16379,-12612,921,270
4958,7680,7690,126,93,900,-1183,49,46,33,28370,-16157,-12642,923,271
4958,7703,7713,117,91,892,-943,53,44,34,28226,-16211,-12690,921,272
4958,7726,7736,123,95,900,-463,51,48,33,28513,-16451,-12528,921,273
4958,7748,7758,126,96,897,-911,54,51,34,28579,-16127,-12714,919,274
4958,7771,7781,132,97,900,-1055,49,51,32,28579,-16361,-12582,916,275
4958,7794,7804,120,91,898,-879,48,51,37,28370,-16175,-12540,918,276
4958,7816,7826,121,90,911,-767,43,53,37,28507,-16163,-12576,916,277
4958,7843,7853,121,83,894,-1215,50,56,44,28466,-16121,-12504,917,278
4958,7865,7875,122,88,902,-1263,50,46,32,28400,-16127,-12636,917,279
4958,7888,7898,123,86,897,-831,48,52,30,28400,-16283,-12804,919,280
4958,7911,7920,120,94,896,-943,44,50,29,28567,-16055,-12684,918,281
4958,7933,7943,119,87,904,-975,50,52,34,28328,-16217,-12540,921,282
4958,7956,7966,128,92,903,-783,50,50,34,28501,-16157,-12552,922,283
4958,7979,7988,128,89,898,-1087,51,51,36,28513,-16157,-12648,921,284
4958,8001,8011,120,93,898,-1071,49,51,33,28466,-16115,-12642,921,285
4958,8024,8034,117,89,898,-1087,50,49,34,28555,-16313,-12606,916,286
4958,8047,8056,125,91,902,-863,56,49,37,28621,-16247,-12708,921,287
4958,8069,8079,128,86,896,-1087,50,48,36,28460,-16253,-12570,922,288
4958,8092,8102,117,93,900,-911,50,50,30,28364,-16295,-12666,925,289
4958,8114,8124,128,91,904,-1199,50,49,34,28322,-16163,-12690,921,290
4958,8137,8147,121,87,900,-1167,52,54,41,28376,-16157,-12690,921,291
4958,8163,8173,119,82,901,-975,49,53,38,28424,-16259,-12702,919,292
4958,8186,8196,121,86,904,-863,49,46,37,28418,-16199,-12744,918,293
4958,8209,8218,122,88,903,-1039,49,46,36,28394,-16211,-12720,915,294
4958,8231,8241,119,90,900,-1295,51,49,35,28358,-16301,-12606,921,295
4958,8254,8264,128,93,899,-703,46,51,34,28448,-16175,-12804,917,296
4958,8277,8287,117,85,898,-863,50,54,38,28388,-16217,-12672,920,297
4958,8299,8309,125,90,902,-943,57,50,38,28412,-16301,-12402,917,298
4958,8322,8332,127,80,893,-1215,50,53,38,28466,-16115,-12295,921,299
4958,8345,8354,123,84,899,-1183,48,46,37,28549,-16385,-12546,922,300
4958,8367,8377,121,95,909,-895,50,51,35,28406,-16193,-12630,920,301
4958,8390,8400,121,85,897,-783,49,51,35,28519,-16241,-12337,922,302
4958,8413,8422,129,92,906,-927,53,46,37,28478,-16301,-12606,923,303
4958,8435,8445,123,90,904,-495,44,49,34,28579,-16127,-12582,919,304
4958,8458,8468,119,92,895,-591,51,54,43,28460,-16337,-12923,920,305
4958,8484,8494,123,93,906,-1279,50,53,38,28442,-16061,-12325,922,306
4958,8507,8516,117,90,900,-1055,48,51,40,28723,-16139,-12426,923,307
4958,8529,8539,131,87,891,-1039,50,53,35,28645,-16241,-12546,920,308
4958,8552,8562,122,89,898,-703,48,53,33,28561,-16223,-12414,920,309
4958,8574,8584,119,82,904,-767,56,49,30,28561,-16307,-12408,922,310
4958,8607,8617,132,90,911,-959,48,52,33,28507,-16349,-12361,920,311
4958,8630,8640,128,95,902,-1071,53,49,35,28490,-16361,-12115,919,312
4958,8652,8662,123,92,896,-1359,56,51,38,28472,-16241,-12420,919,313
4958,8675,8685,121,97,902,-1311,50,45,30,28328,-16331,-12456,923,314
4958,8698,8707,115,100,891,-1375,48,54,34,28442,-16325,-12217,919,315
4958,8720,8730,123,89,901,-1151,56,57,30,28561,-16265,-12097,916,316
4958,8743,8753,127,86,909,-655,49,46,33,28507,-16187,-12223,922,317
4958,8765,8775,131,79,906,-687,51,48,29,28484,-16145,-12343,921,318
4958,8788,8798,122,94,903,-1231,48,56,41,28555,-16091,-12540,922,319
4958,8814,8824,123,93,896,-1327,51,53,40,28609,-16133,-12402,920,320
4958,8837,8846,117,97,898,-975,51,48,36,28561,-16193,-12474,921,321
4958,8859,8869,120,87,908,-303,48,52,34,28460,-16211,-12378,919,322
4958,8882,8892,124,94,896,-1151,51,53,36,28591,-16259,-12534,923,323
4958,8904,8914,126,89,911,-495,50,50,32,28615,-16361,-12612,921,324
4958,8927,8937,120,84,902,-575,50,44,33,28675,-16229,-12295,919,325
4958,8950,8959,117,89,902,-879,50,53,33,28663,-16205,-12504,917,326
4958,8972,8982,126,87,894,-767,49,53,36,28466,-16367,-12283,922,327
4958,8995,9005,118,87,891,-623,43,51,37,28549,-16223,-12163,921,328
4958,9017,9027,133,92,896,-863,49,50,36,28627,-16265,-12390,917,329
4958,9040,9050,118,87,900,-623,48,49,33,28513,-16091,-12420,920,330
4958,9063,9072,123,88,895,-927,50,51,38,28675,-16026,-12552,920,331
4958,9085,9095,127,89,898,-687,49,54,38,28555,-15984,-12331,919,332
4958,9108,9118,119,92,908,-511,49,50,36,28537,-15960,-12229,921,333
4958,9134,9144,119,89,898,-1311,48,51,35,28555,-16073,-12367,921,334
4958,9156,9166,121,93,902,-1103,53,52,40,28436,-16097,-12474,916,335
4958,9179,9189,119,94,909,-1247,46,46,38,28478,-16097,-12642,914,336
4958,9202,9212,120,95,899,-975,51,51,38,28388,-16540,-12804,924,337
4958,9224,9234,124,88,898,-1103,44,46,38,28328,-16415,-14043,921,338
4958,9247,9257,127,90,906,-1199,50,45,34,28268,-16277,-12702,923,339
4958,9270,9279,122,92,910,-1183,49,50,37,28232,-16439,-12528,921,340
4958,9292,9302,120,91,902,-1103,49,50,42,28549,-16181,-12624,921,341
4958,9315,9325,117,90,901,-1087,49,56,37,28400,-16109,-12438,920,342
4958,9337,9347,121,87,903,-751,48,48,33,28573,-16301,-12660,918,343
4958,9360,9370,127,95,906,-751,53,50,34,28418,-16277,-12492,920,344
4958,9383,9393,127,101,899,-1215,49,52,33,28507,-16253,-12271,918,345
4958,9405,9415,121,85,902,-255,51,49,37,28430,-16295,-12157,921,346
4958,9432,9441,124,95,901,-959,52,46,37,28274,-16157,-12217,919,347
4958,9454,9464,121,93,902,-623,53,53,34,28418,-16145,-12378,919,348
4958,9477,9487,132,88,899,-1327,52,49,28,28436,-16265,-12396,919,349
4958,9499,9509,118,84,899,-1135,52,50,35,28376,-16355,-12253,920,350
4958,9522,9532,114,99,902,-863,50,51,37,28555,-16199,-12181,919,351
4958,9545,9554,124,90,900,-1423,45,50,40,28597,-16103,-12414,918,352
4958,9567,9577,124,89,897,-1071,48,56,38,28621,-16097,-12205,917,353
4958,9590,9600,113,89,905,-879,50,52,36,28561,-16157,-12378,919,354
4958,9612,9622,131,88,899,-1151,43,48,35,28621,-16247,-12205,920,355
4958,9635,9645,121,89,897,-1231,52,48,38,28424,-16217,-12247,922,356
4958,9658,9667,126,86,900,-1231,48,49,37,28633,-16283,-12432,921,357
4958,9680,9690,123,93,900,-799,51,52,33,28639,-16343,-12534,919,358
4958,9703,9713,128,88,899,-639,49,49,37,28513,-16169,-12444,924,359
4958,9726,9736,129,97,893,-879,51,54,38,28490,-16157,-12355,922,360
4958,9752,9762,123,84,902,-751,50,49,38,28513,-16337,-12450,921,361
4958,9774,9784,130,92,895,-767,50,46,34,28687,-16439,-12271,922,362
4958,9805,9814,121,91,898,-975,48,45,36,28478,-16367,-12289,916,363
4958,9827,9837,126,89,914,-1103,52,51,33,28669,-16457,-12181,920,364
4958,9850,9859,115,82,889,-1007,48,50,33,28651,-16301,-12235,920,365
4958,9872,9882,132,91,900,-927,52,53,36,28561,-16289,-12211,921,366
4958,9895,9905,134,93,900,-943,57,50,36,28591,-16199,-12612,923,367
4958,9917,9927,122,94,906,-799,50,58,38,28573,-16361,-12355,918,368
4958,9940,9950,118,91,902,-783,48,54,32,28615,-16451,-12337,916,369
4958,9962,9972,113,87,904,-623,48,44,36,28501,-16169,-12223,921,370
4958,9985,9995,125,80,898,-847,52,51,38,28472,-16325,-12384,917,371
4958,10008,10017,121,93,897,-735,54,54,33,28561,-16498,-12486,919,372
4958,10030,10040,116,96,890,-927,48,53,35,28490,-16403,-12277,919,373
4958,10053,10063,123,100,900,-607,53,48,36,28495,-16457,-12115,919,374
4958,10079,10089,128,86,896,-639,49,53,34,28484,-16223,-12007,921,375
4958,10101,10111,121,91,900,-927,50,53,36,28454,-16205,-12091,918,376
4958,10124,10134,116,91,902,-479,53,49,38,28412,-16271,-12073,919,377
4958,10147,10156,114,95,908,-1119,52,51,41,28334,-16115,-12157,924,378
4958,10169,10179,123,88,896,-911,46,56,35,28537,-16229,-12115,922,379
4958,10192,10202,128,86,898,-655,51,51,34,28424,-16121,-11846,921,380
4958,10214,10224,123,98,899,-1119,48,51,37,28543,-16199,-12229,921,381
4958,10237,10247,120,82,889,-847,53,48,38,28543,-16355,-11918,924,382
4958,10260,10269,122,91,900,-911,52,53,38,28615,-16319,-12055,920,383
4958,10282,10292,126,90,902,-831,56,50,29,28490,-16085,-12055,920,384
4958,10305,10314,122,93,898,-831,50,45,36,28609,-16217,-12307,919,385
4958,10327,10337,121,84,905,-1359,50,53,38,28543,-16205,-12085,920,386
4958,10350,10360,117,89,897,-303,52,48,35,28765,-16175,-12271,918,387
4958,10372,10382,121,89,892,-1231,52,50,35,28543,-16307,-12516,921,388
4958,10398,10408,124,87,895,-1103,52,49,33,28495,-16175,-12217,922,389
4958,10421,10431,124,87,901,-767,48,49,34,28591,-16349,-12019,919,390
4958,10444,10453,120,96,909,-767,49,51,34,28525,-16385,-12426,920,391
4958,10466,10476,119,87,900,-959,48,50,34,28424,-16379,-12283,918,392
4958,10510,10520,126,91,901,-975,48,51,36,28442,-16379,-12648,917,393
4958,10532,10542,126,95,899,-927,52,51,34,28454,-16283,-12468,920,394
4958,10555,10565,125,89,902,-847,53,53,36,28388,-16331,-12283,919,395
4958,10578,10587,123,91,904,-975,56,52,41,28531,-16121,-12367,920,396
4958,10600,10610,123,98,891,-1119,50,49,30,28466,-16235,-12283,919,397
4958,10623,10633,113,87,901,-1103,52,51,35,28478,-16229,-12307,918,398
4958,10645,10655,122,89,902,-831,51,57,38,28567,-16313,-12265,919,399
4958,10668,10678,117,89,903,-511,50,52,36,28573,-16331,-12199,922,400
4958,10690,10700,123,92,894,-1231,49,49,38,28507,-16301,-12007,917,401
4958,10713,10723,126,99,898,-959,48,52,33,28442,-16175,-12073,925,402
4958,10739,10749,118,90,896,-575,52,52,32,28388,-16259,-12402,919,403
4958,10762,10771,127,88,906,-911,54,49,30,28256,-16433,-12181,919,404
4958,10784,10794,126,89,896,-1167,51,49,33,28484,-16439,-12480,920,405
4958,10807,10817,123,97,903,-687,49,49,32,28507,-16271,-12019,920,406
4958,10829,10839,123,85,899,-991,45,46,37,28298,-16307,-12277,919,407
4958,10852,10862,128,89,902,-1087,51,51,35,28490,-15984,-12325,920,408
4958,10874,10884,128,91,891,-959,50,51,36,28394,-16127,-12492,922,409
4958,10897,10907,123,89,901,-959,58,50,34,28346,-16115,-12474,921,410
4958,10919,10929,126,82,898,-1071,48,53,42,28340,-16133,-12516,919,411
4958,10942,10952,123,89,898,-767,49,52,37,28370,-15966,-12229,919,412
4958,10965,10974,110,90,901,-703,48,52,34,28501,-16343,-12307,916,413
4958,10987,10997,126,96,902,-911,51,50,38,28346,-16127,-12229,922,414
4958,11010,11019,121,87,904,-591,52,56,30,28340,-16295,-12235,921,415
4958,11032,11042,121,95,906,-1151,49,44,44,28178,-16151,-12253,920,416
4958,11058,11068,126,97,902,-671,46,49,33,28484,-16223,-12187,919,417
4958,11081,11091,123,98,895,-911,51,51,35,28412,-16271,-12313,917,418
4958,11103,11113,129,92,903,-1407,49,52,36,28064,-16211,-12283,919,419
4958,11126,11136,119,89,897,-751,48,56,35,28316,-16253,-12181,918,420
4958,11148,11158,123,88,904,-607,52,52,35,28412,-16343,-12163,922,421
4958,11171,11181,114,91,901,-1215,48,57,40,28424,-16295,-12367,920,422
4958,11193,11203,122,90,909,-943,48,50,37,28232,-16151,-12528,920,423
4958,11216,11226,119,91,898,-767,48,45,33,28364,-16349,-12390,920,424
4958,11239,11249,128,98,902,-703,48,53,34,28376,-16289,-12331,919,425
4958,11261,11271,123,93,911,-543,57,52,35,28262,-16457,-12390,919,426
4958,11284,11294,119,87,902,-991,46,53,33,27993,-16337,-12211,918,427
4958,11306,11316,124,89,896,-751,49,50,33,28172,-16325,-12492,921,428
4958,11329,11339,126,84,900,-703,52,49,30,28406,-16349,-12480,921,429
4958,11355,11365,125,93,900,-559,49,52,41,28208,-16463,-12546,922,430
4958,11378,11388,123,87,895,-1215,48,50,36,28226,-16295,-12528,920,431
4958,11400,11410,123,90,900,-927,52,50,33,28364,-16361,-12408,923,432
4958,11423,11433,123,90,902,-943,52,52,33,28196,-16277,-12127,916,433
4958,11445,11455,122,93,903,-847,54,48,33,28555,-16097,-12516,924,434
4958,11468,11478,120,87,900,-335,50,52,36,28400,-16253,-12367,919,435
4958,11490,11500,115,93,890,-527,50,52,35,28388,-16055,-12253,919,436
4958,11513,11523,123,94,898,-975,52,52,41,28286,-16223,-12474,918,437
4958,11536,11545,119,91,895,-1343,52,46,30,28460,-16199,-12283,922,438
4958,11558,11568,119,93,902,-751,48,52,35,28256,-16427,-12486,918,439
4958,11581,11591,126,92,906,-543,48,48,30,28549,-16283,-12361,919,440
4958,11603,11613,119,87,894,-1039,52,50,33,28322,-16319,-12091,918,441
4958,11626,11636,118,82,904,-1295,48,48,35,28448,-16241,-12127,920,442
4958,11648,11658,122,97,899,-1087,52,51,30,28448,-16277,-12325,923,443
4958,11674,11684,123,91,904,-767,50,56,29,28382,-16187,-12301,918,444
4958,11697,11707,128,92,902,-975,50,50,34,28513,-16474,-12205,916,445
4958,11720,11729,121,89,900,-1007,48,54,37,28310,-16403,-12271,920,446
4958,11742,11752,125,91,891,-991,53,56,40,28412,-16307,-12510,920,447
4958,11765,11775,123,88,904,-479,50,49,35,28513,-16187,-12564,922,448
4958,11787,11797,123,89,900,-815,50,46,37,28436,-16373,-12516,916,449
4958,11810,11820,119,94,909,-1359,49,53,34,28418,-16175,-12420,922,450
4958,11833,11843,110,94,907,-1055,51,53,36,28537,-16325,-12408,918,451
4958,11855,11865,126,87,896,-447,52,46,29,28460,-16115,-12552,923,452
4958,11878,11888,123,93,883,-1151,51,54,32,28376,-16259,-12402,921,453
4958,11900,11910,127,94,898,-991,44,51,30,28543,-16259,-12624,921,454
4958,11923,11933,122,89,902,-1231,50,50,32,28519,-16307,-12474,919,455
4958,11946,11955,123,87,901,-911,50,46,35,28454,-16498,-12504,921,456
4958,11968,11978,123,90,893,-1199,48,50,40,28436,-16439,-12504,917,457
4958,12003,12013,132,95,900,-815,45,48,33,28394,-16133,-12510,920,458
4958,12026,12035,130,94,904,-687,48,46,33,28406,-16283,-12313,915,459
4958,12049,12058,121,92,896,-943,53,49,38,28202,-16247,-12355,920,460
4958,12071,12081,119,87,904,-431,52,50,38,28304,-16199,-12498,917,461
4958,12094,12104,131,87,899,-1551,46,53,34,28268,-16103,-12229,921,462
4958,12117,12127,125,87,897,-991,51,56,37,28382,-16157,-12426,919,463
4958,12140,12150,128,84,896,-1023,49,52,34,28310,-16253,-12492,919,464
4958,12163,12173,121,89,896,-511,52,51,35,28430,-16241,-12546,919,465
4958,12186,12196,119,86,891,-687,46,49,41,28352,-16307,-12660,918,466
4958,12209,12219,128,91,903,-703,56,54,36,28214,-16301,-12462,920,467
4958,12232,12242,119,84,901,-655,51,52,36,28394,-16349,-12570,920,468
4958,12255,12264,116,87,904,-847,51,52,33,28525,-16397,-12504,918,469
4958,12278,12287,114,89,897,-911,54,50,35,28316,-16373,-12486,921,470
4958,12300,12310,118,85,896,-1071,49,54,38,28328,-16211,-12552,924,471
4958,12329,12339,128,93,900,-751,50,54,33,28370,-16163,-12845,917,472
4958,12351,12361,126,97,903,-383,48,56,41,28406,-16253,-12642,923,473
4958,12374,12384,120,85,904,-703,46,51,40,28340,-16283,-12792,922,474
4958,12397,12407,119,89,902,-1311,50,50,33,28220,-16193,-12792,919,475
4958,12420,12430,122,88,900,-1231,53,54,33,28304,-16480,-12510,919,476
4958,12443,12453,118,93,902,-623,48,52,37,28406,-16385,-12684,918,477
4958,12466,12476,130,89,896,-815,46,50,37,28460,-16385,-12516,923,478
4958,12489,12499,120,87,902,-1519,48,50,30,28382,-16373,-12510,922,479
4958,12512,12521,121,88,909,-1103,52,56,33,28525,-16241,-12474,919,480
4958,12535,12544,116,86,889,-783,52,53,35,28501,-16205,-12390,917,481
4958,12557,12567,130,87,904,-879,50,54,33,28418,-16289,-12414,919,482
4958,12580,12590,128,94,900,-1167,53,57,36,28370,-16295,-12594,919,483
4958,12611,12621,110,89,899,-975,50,52,32,28304,-16109,-12331,920,484
4958,12634,12643,122,89,896,-1151,49,52,30,28501,-16026,-12259,920,485
4958,12662,12672,116,97,905,-687,54,50,40,28472,-16247,-12277,919,486
4958,12685,12694,126,94,900,-575,53,50,37,28430,-16151,-12319,924,487
4958,12708,12718,111,85,900,-1199,52,54,34,28436,-16026,-12654,917,488
4958,12731,12740,128,86,905,-1199,51,51,35,28519,-16002,-12672,917,489
4958,12753,12763,123,86,906,-1327,48,46,36,28436,-16091,-12582,919,490
4958,12776,12786,126,89,906,-863,46,48,34,28322,-15924,-12522,923,491
4958,12799,12809,122,88,891,-351,52,48,35,28537,-15996,-12133,917,492
4958,12822,12832,116,90,904,-639,53,53,30,28621,-16049,-12402,920,493
4958,12845,12855,115,82,895,-847,49,52,27,28591,-16121,-12432,918,494
4958,12868,12878,120,94,898,-735,51,49,43,28531,-16181,-12426,923,495
4958,12891,12901,115,89,898,-911,48,52,40,28418,-16151,-12067,921,496
4958,12914,12924,133,93,898,-1055,44,52,34,28424,-16049,-12552,922,497
4958,12937,12946,132,89,898,-959,48,50,34,28495,-16002,-12301,919,498
4958,12960,12969,117,93,896,-895,46,50,34,28232,-15990,-12283,921,499
4958,12988,12998,111,90,893,-879,49,49,34,28484,-15984,-12343,921,500
4958,13011,13020,128,87,900,-1407,52,52,40,28292,-15972,-12564,922,501
4958,13033,13043,128,89,898,-831,51,54,36,28454,-16055,-12534,919,502
4958,13056,13066,127,91,896,-607,46,53,33,28460,-15942,-12714,924,503
4958,13079,13089,119,89,903,-719,53,54,41,28328,-16073,-12630,918,504
4958,13102,13112,122,86,900,-735,51,52,33,28364,-16109,-12822,921,505
4958,13125,13135,121,80,895,-463,52,46,34,28519,-16067,-12426,920,506
4958,13148,13158,120,91,893,-607,49,50,36,28346,-16109,-12594,921,507
4958,13171,13180,121,94,904,-1199,49,57,36,28382,-16271,-12426,919,508
4958,13194,13203,130,91,896,-223,56,52,40,28376,-16211,-12271,917,509
4958,13216,13226,125,89,902,-831,48,50,34,28472,-16091,-12672,922,510
4958,13239,13249,121,91,900,-639,46,48,35,28394,-16193,-12714,921,511
4958,13262,13272,129,87,904,-815,50,52,34,28448,-16061,-12594,922,512
4958,13285,13295,125,91,895,-1055,53,46,43,28310,-16175,-12720,920,513
4958,13307,13316,121,89,902,-783,50,53,36,28490,-16091,-12833,925,514
4958,13329,13339,117,89,898,-863,49,49,33,28370,-16301,-12390,919,515
4958,13352,13362,128,86,906,-591,52,51,33,28262,-16169,-12702,922,516
4958,13375,13385,120,87,902,-751,56,50,38,28388,-16379,-12738,919,517
4958,13398,13408,128,91,902,-879,46,49,36,28364,-16343,-12582,919,518
4958,13421,13431,123,95,906,-511,50,54,30,28442,-16313,-12804,920,519
4958,13444,13454,124,83,898,-767,49,61,43,28124,-16385,-12786,921,520
4958,13467,13476,123,85,898,-1055,51,50,42,28472,-16277,-12887,921,521
4958,13489,13499,115,98,909,-479,51,46,34,28334,-16193,-12343,920,522
4958,13512,13522,128,95,896,-975,51,56,32,28322,-16109,-12666,919,523
4958,13535,13545,123,89,893,-783,50,50,33,28154,-16109,-12516,922,524
4958,13558,13568,124,97,904,-959,48,45,36,28454,-16002,-12774,917,525
4958,13581,13591,118,89,885,-751,49,45,37,28304,-16097,-12588,918,526
4958,13609,13619,119,86,898,-943,53,54,34,28322,-16271,-12504,921,527
4958,13632,13642,122,87,904,-895,49,54,37,28328,-16241,-12792,922,528
4958,13655,13665,117,83,899,-639,49,51,35,28286,-16259,-12750,921,529
4958,13678,13687,119,87,889,-1135,53,48,35,28525,-16193,-12845,919,530
4958,13700,13710,121,96,897,-815,54,48,34,28376,-16031,-12534,920,531
4958,13723,13733,122,89,899,-959,44,52,32,28358,-15906,-12750,919,532
4958,13746,13756,123,95,904,-847,53,46,36,28238,-16145,-12576,921,533
4958,13769,13779,122,91,899,-959,49,53,33,28352,-15942,-12636,916,534
4958,13792,13802,132,92,901,-863,53,56,37,28310,-16091,-12893,921,535
4958,13815,13824,126,84,899,-1231,52,49,42,28382,-16175,-12648,923,536
4958,13837,13847,121,90,902,-863,49,46,29,28292,-15984,-12498,921,537
4958,13860,13870,120,97,901,-719,51,53,37,28316,-16199,-12947,923,538
4958,13893,13903,126,94,904,-1103,51,50,30,28274,-16229,-12911,920,539
4958,13916,13926,128,89,907,-991,51,53,41,27993,-16163,-12546,919,540
4958,13944,13954,123,94,910,-863,49,53,42,28454,-16181,-12432,921,541
4958,13967,13977,114,80,905,-751,46,48,33,28316,-16169,-12929,921,542
4958,13990,14000,123,84,908,-1295,53,51,42,28316,-16026,-12684,920,543
4958,14013,14022,117,87,906,-719,50,51,30,28328,-16295,-11115,921,544
4958,14035,14045,119,92,897,-911,52,50,37,28262,-16199,-12576,921,545
4958,14058,14068,113,89,898,-1007,48,49,37,28412,-16283,-12857,922,546
4958,14081,14091,121,89,889,-799,50,49,32,28346,-16109,-12546,920,547
4958,14104,14114,119,89,893,-783,49,46,34,28418,-15966,-12343,921,548
4958,14127,14137,123,97,906,-1103,52,48,33,28513,-16187,-12672,921,549
4958,14150,14160,120,87,906,-479,52,56,40,28460,-15978,-12762,920,550
4958,14173,14182,116,91,901,-751,54,50,29,28328,-16049,-12540,922,551
4958,14195,14205,121,93,906,-1135,48,53,34,28484,-16026,-12450,920,552
4958,14218,14228,127,95,905,-799,50,56,29,28370,-15972,-12762,916,553
4958,14241,14251,128,88,897,-1151,46,49,30,28364,-15942,-12510,920,554
4958,14269,14279,123,84,896,-911,48,46,37,28172,-16187,-12265,920,555
4958,14292,14302,128,87,898,-463,51,58,41,28460,-16103,-12450,923,556
4958,14315,14325,124,91,894,-863,50,54,28,28418,-15954,-12343,920,557
4958,14338,14348,126,84,894,-1103,50,51,36,28460,-16085,-12325,921,558
4958,14361,14371,121,91,891,-959,52,54,37,28412,-16133,-12235,918,559
4958,14384,14393,128,91,908,-1135,52,57,36,28334,-16205,-12390,919,560
4958,14406,14416,123,91,900,-575,54,49,40,28370,-16103,-12373,918,561
4958,14429,14439,119,95,902,-735,50,54,40,28460,-16283,-12528,913,562
4958,14452,14462,128,97,898,-1503,59,50,36,28472,-16325,-12486,920,563
4958,14475,14485,129,86,900,-543,49,49,36,28364,-16307,-12528,920,564
4958,14498,14508,125,88,894,-879,57,52,33,28304,-16361,-12798,919,565
4958,14521,14531,121,92,900,-879,53,52,32,28388,-16157,-12570,921,566
4958,14544,14554,132,87,907,-687,56,48,35,28424,-16217,-12432,919,567
4958,14567,14576,128,82,898,-527,45,45,34,28561,-16307,-12684,923,568
4958,14595,14605,121,90,899,-1215,49,51,33,28376,-16355,-12756,924,569
4958,14618,14627,116,90,909,-1007,48,48,33,28549,-16187,-12923,915,570
4958,14640,14650,136,95,897,-591,56,49,38,28382,-16253,-12774,920,571
4958,14663,14673,123,95,900,-863,54,56,40,28268,-16385,-13013,921,572
4958,14686,14696,128,84,904,-879,51,48,35,28436,-16307,-12833,925,573
4958,14709,14719,115,87,893,-751,48,51,38,28466,-16079,-12672,922,574
4958,14732,14742,122,89,899,-1167,53,54,34,28495,-16133,-12582,921,575
4958,14755,14765,124,96,906,-607,48,53,36,28376,-15834,-12720,916,576
4958,14778,14787,124,91,904,-1359,51,54,34,28268,-16079,-12444,919,577
4958,14801,14810,124,93,898,-1007,53,54,33,28424,-16043,-12396,919,578
4958,14823,14833,117,91,900,-559,53,50,40,28136,-16079,-12444,922,579
4958,14846,14856,119,85,909,-975,50,48,32,28573,-15966,-12337,919,580
4958,14869,14879,128,90,904,-927,51,49,41,28316,-16026,-12319,920,581
4958,14892,14902,125,89,902,-191,51,48,28,28310,-16073,-12295,920,582
4958,14920,14930,121,87,904,-687,49,54,40,28346,-16014,-12426,917,583
4958,14943,14953,126,90,902,-911,48,57,40,28400,-16055,-12229,920,584
4958,14966,14976,120,84,908,-623,50,49,33,28286,-16259,-12426,918,585
4958,14989,14998,126,87,903,-1055,50,61,33,28412,-16337,-12295,918,586
4958,15011,15021,126,88,903,-879,45,54,36,28352,-16355,-12732,920,587
4958,15034,15044,122,94,912,-623,48,54,41,28418,-16355,-12211,920,588
4958,15057,15067,117,93,900,-831,54,52,38,28478,-16247,-12678,920,589
4958,15080,15090,115,85,898,-1151,48,52,35,28484,-16331,-12827,921,590
4958,15103,15113,121,90,894,-751,56,53,41,28376,-16355,-12361,920,591
4958,15126,15136,119,89,898,-911,51,53,36,28543,-16397,-12690,920,592
4958,15149,15158,121,88,913,-1023,53,54,34,28430,-16187,-12630,919,593
4958,15171,15181,125,91,907,-703,50,50,40,28454,-16283,-12690,922,594
4958,15194,15204,122,91,902,-559,49,53,36,28310,-16205,-12744,919,595
4958,15217,15227,119,91,900,-655,57,51,38,28220,-16409,-12899,918,596
4958,15245,15255,128,94,903,-543,48,49,34,28454,-16349,-12618,916,597
4958,15268,15278,123,91,891,-1135,51,50,34,28519,-16337,-12504,926,598
4958,15291,15301,120,87,896,-591,51,52,41,28460,-16241,-12738,922,599
4958,15314,15324,128,90,900,-847,53,53,34,28466,-16235,-12660,919,600
4958,15337,15347,120,91,904,-1119,46,52,35,28454,-16175,-12618,920,601
4958,15360,15369,118,86,896,-495,50,54,32,28579,-16265,-12444,918,602
4958,15382,15392,129,94,903,-783,49,49,41,28585,-16355,-12456,918,603
4958,15405,15415,125,91,902,-975,54,53,38,28525,-16217,-12576,919,604
4958,15428,15438,121,91,900,-1183,49,54,35,28466,-16367,-12666,919,605
4958,15458,15468,126,84,898,-1247,49,50,35,28603,-16271,-12720,919,606
4958,15481,15491,127,91,901,-447,53,52,34,28519,-16367,-12780,920,607
4958,15504,15514,129,91,896,-991,53,53,36,28454,-16295,-12887,921,608
4958,15527,15537,117,92,893,-671,50,51,38,28400,-16301,-12654,920,609
4958,15555,15565,119,94,901,-1007,50,53,32,28525,-16181,-12845,920,610
4958,15578,15587,122,88,897,-575,50,50,30,28633,-16217,-12654,920,611
4958,15622,15632,128,90,894,-719,48,46,38,28549,-16061,-12325,921,612
4958,15645,15654,121,89,901,-703,52,50,36,28364,-16145,-12301,921,613
4958,15667,15677,125,91,896,-1151,54,56,33,28340,-16211,-12456,921,614
4958,15690,15700,116,84,897,-767,50,52,35,28340,-16067,-12630,918,615
4958,15713,15723,128,93,904,-959,51,52,34,28322,-16085,-12432,923,616
4958,15736,15746,119,93,906,-735,48,51,30,28460,-16247,-12396,920,617
4958,15759,15769,126,91,909,-511,51,52,37,28238,-16127,-12630,921,618
4958,15782,15791,119,96,898,-1071,52,49,34,28298,-16307,-12283,921,619
4958,15804,15814,122,91,900,-1183,49,57,40,28334,-16277,-12402,920,620
4958,15827,15837,131,92,905,-751,49,50,34,28382,-16319,-12672,921,621
4958,15850,15860,121,80,905,-1471,51,49,36,28406,-16289,-12408,920,622
4958,15873,15883,122,83,900,-1023,51,53,38,28501,-16235,-12325,926,623
4958,15901,15911,122,91,905,-1167,49,52,37,28460,-16193,-12923,922,624
4958,15923,15933,121,94,904,-831,51,50,36,28490,-16181,-12414,920,625
4958,15946,15956,124,95,908,-703,50,53,33,28549,-16073,-12396,917,626
4958,15969,15979,128,87,903,-479,46,49,36,28472,-16283,-12558,915,627
4958,15992,16002,119,101,898,-1167,52,52,35,28603,-16157,-12361,919,628
4958,16015,16024,115,92,906,-623,56,54,34,28448,-16103,-12468,923,629
4958,16037,16047,121,83,909,-943,51,50,33,28388,-16103,-12576,922,630
4958,16060,16070,119,87,896,-1087,45,52,35,28382,-16199,-12115,926,631
4958,16083,16093,126,84,891,-1263,49,46,35,28585,-16211,-12762,921,632
4958,16106,16115,121,92,899,-735,56,53,36,28561,-16055,-12696,918,633
4958,16128,16138,121,83,920,-335,58,51,37,28603,-16151,-12373,921,634
4958,16151,16161,124,90,910,-767,56,52,36,28484,-16199,-12498,916,635
4958,16174,16184,116,91,905,-1183,56,53,41,28675,-16283,-12528,920,636
4958,16197,16207,117,90,906,-1711,48,53,38,28573,-16349,-12857,921,637
4958,16225,16235,128,91,898,-735,56,50,36,28627,-16211,-12133,919,638
4958,16247,16257,122,93,903,-847,58,52,36,28490,-16295,-12744,923,639
4958,16270,16280,120,84,900,-943,53,50,36,28591,-16433,-12307,918,640
4958,16293,16303,116,95,909,-815,58,51,34,28412,-16235,-12474,920,641
4958,16316,16326,122,91,909,-799,50,51,34,28615,-15936,-12468,920,642
4958,16339,16348,126,100,898,-943,44,53,34,28454,-16145,-12546,916,643
4958,16361,16371,115,89,903,-1071,46,50,33,28567,-16139,-12456,920,644
4958,16384,16394,119,89,900,-991,57,49,37,28490,-16139,-12492,918,645
4958,16407,16417,123,79,898,-1055,49,48,37,28466,-16331,-12133,919,646
4958,16430,16440,123,94,906,-655,49,46,30,28346,-16313,-12181,917,647
4958,16453,16462,118,93,901,-1087,52,51,32,28454,-16145,-12390,923,648
4958,16475,16485,123,87,901,-1375,53,50,37,28460,-16319,-12295,921,649
4958,16498,16508,119,91,891,-655,53,57,33,28442,-16265,-12373,919,650
4958,16521,16531,121,92,894,-1199,56,53,36,28358,-16397,-12606,925,651
4958,16549,16559,132,90,902,-591,49,46,37,28573,-16415,-12462,920,652
4958,16572,16581,123,94,891,-415,49,49,37,28615,-16319,-12378,921,653
4958,16594,16604,134,86,912,-847,50,52,34,28507,-16091,-12217,917,654
4958,16617,16627,123,91,903,-623,51,51,36,28478,-16151,-12235,920,655
4958,16640,16650,119,89,907,-1167,54,51,33,28454,-16313,-12367,921,656
4958,16663,16672,124,89,904,-687,52,46,35,28472,-16379,-12480,923,657
4958,16685,16695,123,88,895,-703,46,46,37,28519,-16259,-12169,924,658
4958,16708,16718,121,91,897,-1007,52,44,27,28627,-16241,-12534,919,659
4958,16731,16741,124,91,902,-1231,46,49,33,28412,-16289,-12845,920,660
4958,16754,16764,121,96,911,-735,48,48,33,28424,-16211,-12319,923,661
4958,16777,16786,126,87,898,-879,49,44,33,28466,-16409,-12588,920,662
4958,16799,16809,130,89,894,-767,50,52,35,28448,-16217,-12384,923,663
4958,16822,16832,120,91,898,-1247,58,48,28,28430,-16301,-12301,919,664
4958,16845,16855,127,86,903,-895,51,48,34,28478,-16337,-12402,921,665
4958,16873,16883,123,89,907,-783,50,48,36,28495,-16229,-12438,920,666
4958,16896,16906,122,89,895,-735,53,44,29,28472,-16211,-12558,924,667
4958,16919,16928,120,91,896,-335,46,50,35,28537,-16367,-12684,924,668
4958,16941,16951,121,92,897,-543,50,44,33,28627,-16229,-12313,918,669
4958,16964,16974,122,87,907,-879,50,48,34,28406,-16337,-12438,921,670
4958,16987,16997,130,87,900,-783,52,52,34,28555,-16397,-12432,920,671
4958,17010,17020,123,89,900,-863,50,48,37,28561,-16073,-12355,920,672
4958,17033,17042,122,97,904,-687,52,50,33,28406,-16103,-12319,920,673
4958,17055,17065,123,91,897,-1247,48,48,30,28537,-16133,-12133,918,674
4958,17078,17088,119,88,898,-991,50,48,30,28304,-16199,-12373,921,675
4958,17101,17111,123,88,896,-1215,52,57,33,28340,-16175,-12121,918,676
4958,17124,17134,121,81,901,-543,51,50,32,28537,-16103,-12229,919,677
4958,17147,17157,126,91,898,-1327,51,50,33,28454,-16181,-12235,918,678
4958,17170,17179,127,89,904,-639,50,51,36,28537,-16289,-12349,923,679
4958,17198,17208,117,97,903,-783,53,49,35,28286,-16097,-12181,923,680
4958,17221,17230,121,95,904,-1103,52,54,30,28490,-16181,-12253,918,681
4958,17243,17253,130,89,900,-623,57,54,36,28370,-16379,-12390,929,682
4958,17266,17276,119,87,899,-1007,48,50,35,28346,-16157,-12199,924,683
4958,17289,17299,127,84,900,-847,49,49,36,28232,-16026,-12223,918,684
4958,17312,17322,123,95,900,-463,52,48,33,28220,-16115,-12504,924,685
4958,17335,17344,127,95,904,-735,48,48,30,28280,-16181,-12175,920,686
4958,17357,17367,122,92,897,-703,52,42,35,28430,-16181,-12295,918,687
4958,17380,17390,124,84,900,-287,53,50,33,28340,-16355,-12498,916,688
4958,17403,17413,121,95,902,-559,50,48,33,28334,-16325,-12235,916,689
4958,17426,17436,116,91,895,-1039,53,52,28,28262,-16265,-12265,918,690
4958,17449,17458,117,95,908,-767,53,48,33,28352,-16289,-12378,924,691
4958,17471,17481,121,89,896,-1231,50,58,38,28250,-16229,-12259,924,692
4958,17500,17509,128,89,903,-927,53,53,43,28196,-16313,-12307,918,693
4958,17522,17532,126,93,897,-991,54,51,40,28190,-16457,-12384,923,694
4958,17545,17555,129,91,903,-591,46,53,36,28280,-16367,-12337,920,695
4958,17568,17578,123,88,906,-479,54,51,36,28340,-16325,-12067,921,696
4958,17591,17601,126,99,900,-639,53,50,38,28166,-16445,-11852,919,697
4958,17613,17623,126,94,905,-815,52,56,35,28250,-16229,-12091,921,698
4958,17636,17646,127,92,902,-815,52,53,37,28244,-16265,-12175,922,699
4958,17659,17669,119,86,902,-431,49,52,32,28388,-16403,-12247,926,700
4958,17682,17692,115,85,892,-1167,52,51,32,28238,-16373,-12426,918,701
4958,17705,17715,117,89,898,-1199,46,57,30,28400,-16403,-12319,918,702
4958,17727,17737,126,95,909,-943,46,51,30,28382,-16403,-12450,921,703
4958,17750,17760,123,90,893,-1039,53,51,38,28525,-16187,-12384,920,704
4958,17773,17783,131,89,906,-911,50,46,35,28322,-16145,-12594,919,705
4958,17796,17806,118,81,898,-687,50,53,35,28352,-16307,-12145,919,706
4958,17824,17834,126,93,897,-751,50,48,36,28250,-15990,-12522,921,707
4958,17847,17857,128,95,906,-959,48,54,34,28322,-16313,-12612,919,708
4958,17870,17879,130,84,898,-559,46,44,35,28292,-16169,-12456,921,709
4958,17892,17902,122,91,900,-591,50,57,37,28442,-16223,-12402,920,710
4958,17915,17925,115,85,891,-927,51,52,30,28352,-16026,-12301,920,711
4958,17938,17948,123,97,898,-1263,50,45,30,28388,-16379,-12444,918,712
4958,17961,17971,125,78,900,-1183,50,51,37,28208,-16187,-12516,922,713
4958,17984,17993,124,93,900,-783,49,45,34,28292,-16271,-12486,917,714
4958,18006,18016,116,100,896,-671,46,51,34,28304,-16199,-12373,921,715
4958,18029,18039,126,92,899,-751,58,50,38,28286,-16319,-12774,920,716
4958,18052,18062,115,92,900,-1167,48,49,36,28250,-16151,-12564,920,717
4958,18075,18085,125,91,899,-1087,49,57,28,28495,-16145,-12319,922,718
4958,18098,18107,124,85,904,-991,49,49,30,28412,-16337,-12169,917,719
4958,18120,18130,124,95,903,-1359,49,56,41,28256,-16223,-12025,919,720
4958,18148,18158,125,91,902,-495,52,51,32,28292,-16271,-12319,921,721
4958,18171,18181,121,83,899,-511,49,50,36,28376,-16085,-12373,918,722
4958,18194,18204,119,92,897,-1135,52,52,38,28202,-16271,-12055,918,723
4958,18217,18227,115,82,906,-495,50,49,43,28274,-16355,-12085,918,724
4958,18239,18249,125,86,900,-1023,51,52,40,28172,-16259,-12007,917,725
4958,18262,18272,119,81,906,-543,49,48,37,28268,-16163,-12390,922,726
4958,18292,18302,117,93,900,-783,46,54,30,28154,-16133,-12199,920,727
4958,18315,18325,126,93,892,-671,49,51,41,28100,-16103,-12552,910,728
4958,18338,18348,129,96,903,-911,51,54,41,28292,-16223,-12438,922,729
4958,18361,18371,126,84,898,-719,54,54,44,28166,-16235,-12492,920,730
4958,18384,18393,117,89,896,-735,56,54,37,28376,-16043,-12229,920,731
4958,18406,18416,129,90,904,-1215,50,57,35,28358,-16205,-12193,917,732
4958,18429,18439,117,89,906,-479,52,52,38,28340,-16127,-12103,921,733
4958,18452,18462,117,88,898,-559,50,48,41,28220,-16181,-12331,921,734
4958,18480,18490,120,87,896,-703,49,56,34,28208,-16235,-12193,921,735
4958,18502,18512,123,92,891,-831,50,50,36,28118,-16457,-12355,918,736
4958,18525,18535,129,86,898,-1135,48,48,38,28364,-16235,-12432,921,737
4958,18548,18558,123,87,900,-1167,49,53,35,28262,-16295,-12546,918,738
4958,18571,18581,122,89,904,-1055,52,42,29,28478,-16421,-12384,919,739
4958,18593,18603,121,89,903,-1135,49,54,37,28346,-16361,-12708,921,740
4958,18616,18626,117,91,902,-831,56,50,33,28400,-16205,-12648,921,741
4958,18639,18649,118,94,900,-1087,53,51,37,28388,-16265,-12869,921,742
4958,18662,18672,125,99,907,-1167,51,50,34,28472,-16391,-12462,920,743
4958,18685,18694,115,88,889,-463,54,57,37,28370,-16337,-12786,920,744
4958,18708,18717,115,88,899,-1263,49,51,36,28406,-16295,-12612,917,745
4958,18730,18740,127,99,900,-559,53,52,35,28232,-16217,-12612,922,746
4958,18753,18763,128,87,901,-767,44,51,29,28268,-16289,-12558,922,747
4958,18776,18786,114,90,898,-463,51,52,36,28172,-16163,-12271,921,748
4958,18804,18814,115,91,906,-815,46,49,33,28370,-16247,-12546,920,749
4958,18827,18836,121,84,905,-975,53,52,42,28286,-16121,-12349,919,750
4958,18849,18859,123,89,903,-1087,48,53,35,28370,-16217,-12432,919,751
4958,18872,18882,125,91,896,-879,50,50,42,28358,-16199,-12259,917,752
4958,18895,18905,132,94,900,-911,46,52,37,28388,-16223,-12211,920,753
4958,18918,18927,123,89,902,-655,50,54,35,28388,-16307,-12289,920,754
4958,18940,18950,126,92,900,-463,49,56,36,28448,-16289,-12289,920,755
4958,18963,18973,115,104,900,-639,52,54,40,28472,-16283,-12384,922,756
4958,18986,18996,122,89,902,-991,53,53,35,28507,-16295,-12289,919,757
4958,19009,19018,123,87,903,-591,54,45,40,28466,-16307,-12253,920,758
4958,19031,19041,121,89,913,-1039,52,53,38,28478,-16187,-12271,918,759
4958,19054,19064,133,89,909,-751,53,51,37,28448,-16259,-12271,921,760
4958,19077,19087,119,89,914,-607,56,50,36,28274,-16289,-12558,919,761
4958,19100,19109,126,91,891,-927,48,54,34,28268,-16205,-12450,922,762
4958,19128,19137,128,97,907,-1071,50,53,41,28238,-16211,-12169,917,763
4958,19150,19160,119,87,903,-751,50,51,38,28340,-16181,-12271,921,764
4958,19173,19183,123,88,909,-943,48,50,38,28394,-16361,-12265,921,765
4958,19196,19206,124,91,899,-1055,45,50,34,28376,-16175,-12378,918,766
4958,19219,19228,122,91,903,-1199,53,57,40,28238,-16247,-12235,924,767
4958,19241,19251,120,82,894,-1343,49,56,36,28274,-16283,-12151,921,768
4958,19264,19274,119,82,896,-943,48,54,33,28364,-16247,-12217,923,769
4958,19287,19297,117,83,903,-1535,53,49,40,28376,-16175,-12019,922,770
4958,19309,19319,129,88,897,-1135,50,50,35,28286,-16265,-12217,919,771
4958,19332,19342,117,90,908,-287,44,49,32,28364,-16235,-12355,922,772
4958,19355,19365,115,96,904,-559,48,51,37,28388,-16283,-12426,920,773
4958,19378,19388,119,90,902,-671,54,53,35,28472,-16373,-12516,919,774
4958,19400,19410,123,87,896,-575,53,50,38,28322,-16127,-12474,920,775
4958,19439,19449,123,91,908,-783,50,51,38,28256,-16313,-12205,922,776
4958,19461,19471,122,86,902,-1007,46,49,35,28364,-16235,-12373,921,777
4958,19484,19494,123,91,904,-575,53,48,34,28436,-16163,-12301,913,778
4958,19507,19517,124,82,902,-1263,52,48,34,28519,-16139,-12253,921,779
4958,19530,19540,127,96,892,-1087,51,56,37,28490,-16073,-12564,919,780
4958,19553,19562,131,92,903,-511,49,50,37,28424,-16235,-12337,921,781
4958,19575,19585,123,89,893,-1247,52,52,36,28490,-16421,-12378,919,782
4958,19598,19608,115,91,895,-1407,52,52,37,28448,-16355,-12426,920,783
4958,19621,19631,118,90,903,-1231,50,53,36,28382,-16169,-12313,920,784
4958,19644,19654,117,90,908,-831,51,48,36,28418,-16127,-12630,918,785
4958,19666,19676,131,93,911,-1071,52,51,38,28424,-16223,-12510,921,786
4958,19689,19699,123,88,903,-799,53,51,32,28376,-16193,-12343,921,787
4958,19712,19722,119,93,902,-751,54,56,38,28268,-16277,-12444,920,788
4958,19735,19745,122,90,908,-623,52,46,35,28406,-16175,-12373,920,789
4958,19763,19773,127,93,901,-895,52,56,37,28328,-16049,-12672,920,790
4958,19786,19795,119,88,893,-1071,54,51,37,28388,-16014,-12642,921,791
4958,19808,19818,125,91,903,-943,52,49,36,28316,-16133,-12660,919,792
4958,19831,19841,132,93,896,-1103,45,50,30,28250,-16355,-12474,923,793
4958,19854,19864,123,96,898,-847,54,54,36,28454,-16139,-12277,921,794
4958,19877,19887,128,81,903,-943,53,49,35,28358,-16343,-12103,921,795
4958,19899,19909,121,92,902,-895,50,56,30,28196,-16235,-12283,920,796
4958,19922,19932,115,84,899,-1151,56,50,34,28238,-16133,-12043,920,797
4958,19945,19955,121,92,905,-879,56,51,38,28226,-16307,-12073,916,798
4958,19968,19978,126,91,896,-623,52,59,36,28244,-16271,-12450,918,799
4958,19991,20000,123,89,910,-943,49,49,37,28370,-16337,-12355,923,800
4958,20013,20023,117,89,906,-655,56,46,33,28232,-16433,-12199,919,801
4958,20036,20046,114,97,891,-1055,53,54,41,28322,-16115,-12420,922,802
4958,20059,20069,119,88,909,-655,56,49,33,28400,-16103,-12432,919,803
4958,20087,20097,128,94,898,-1135,56,57,41,28184,-16241,-12061,921,804
4958,20110,20119,122,92,902,-1039,54,51,36,28184,-16445,-12414,921,805
4958,20132,20142,116,93,907,-671,51,50,40,28256,-16241,-12367,921,806
4958,20155,20165,125,94,903,-719,53,51,40,28490,-16205,-12337,924,807
4958,20178,20188,123,90,896,-1055,49,48,32,28316,-16235,-12570,921,808
4958,20201,20211,124,83,902,-735,56,50,37,28555,-16295,-12211,920,809
4958,20224,20233,115,94,904,-943,56,51,30,28382,-16409,-12271,921,810
4958,20246,20256,124,95,896,-1327,50,53,37,28418,-16205,-12349,922,811
4958,20269,20279,123,87,898,-815,54,50,37,28436,-16181,-12438,918,812
4958,20292,20302,125,93,899,-959,56,50,35,28214,-16211,-12301,917,813
4958,20315,20325,123,87,901,-879,49,52,38,28202,-16181,-12408,919,814
4958,20337,20347,127,85,898,-703,52,57,37,28250,-16097,-12402,918,815
4958,20360,20370,122,82,899,-815,54,50,36,28454,-16193,-12289,919,816
4958,20383,20393,118,89,908,-1119,50,51,35,28298,-16271,-12235,922,817
4958,20411,20421,128,93,908,-687,52,54,33,28238,-16235,-12325,920,818
4958,20434,20444,117,93,905,-1183,48,53,34,28250,-16217,-12217,918,819
4958,20456,20466,121,91,904,-1151,54,54,40,28334,-16223,-12319,917,820
4958,20479,20489,119,89,903,-239,49,52,34,28388,-16193,-12229,918,821
4958,20502,20512,127,87,904,-495,54,48,36,28035,-16169,-12331,920,822
4958,20525,20535,134,86,900,-831,50,51,38,28190,-16175,-12187,919,823
4958,20547,20557,120,94,905,-591,52,51,37,28130,-16283,-12163,921,824
4958,20570,20580,128,84,905,-703,49,49,34,28214,-16115,-12169,920,825
4958,20593,20603,120,89,903,-687,50,51,37,28232,-16187,-11971,922,826
4958,20616,20626,130,93,901,-1231,49,52,32,28142,-16145,-12211,921,827
4958,20638,20648,119,92,898,-1039,50,53,34,28220,-16145,-12253,917,828
4958,20661,20671,113,87,907,-607,50,52,34,28190,-16103,-12235,919,829
4958,20684,20694,130,94,902,-1103,53,49,38,28232,-16199,-12468,917,830
4958,20728,20738,130,90,905,-319,54,53,38,28214,-16091,-11935,922,831
4958,20806,20816,119,89,898,-655,46,46,34,28400,-16014,-12283,923,832
4958,20863,20873,126,96,900,-1135,56,51,37,28064,-16103,-12295,919,833
4958,20886,20896,118,91,904,-879,51,54,41,28094,-16139,-12492,927,834
4958,20909,20919,129,87,909,-1023,49,51,35,28220,-16283,-12265,918,835
4958,20932,20942,133,84,912,-703,52,48,36,28274,-16241,-12546,921,836
4958,20955,20964,122,91,898,-1103,51,49,43,28298,-16163,-12277,921,837
4958,20977,20987,119,85,903,-799,52,51,33,28466,-16325,-12355,921,838
4958,21000,21010,122,92,897,-591,46,53,37,28076,-16133,-12067,920,839
4958,21023,21033,126,86,905,-1103,54,52,33,28262,-16199,-12450,919,840
4958,21045,21055,119,96,902,-1071,53,57,34,28292,-16020,-12546,921,841
4958,21068,21078,123,87,898,-1087,52,50,28,28358,-16265,-12361,922,842
4958,21091,21101,136,90,906,-431,49,51,33,28286,-16199,-11930,920,843
4958,21114,21123,116,88,903,-687,56,49,34,28322,-16139,-12229,919,844
4958,21136,21146,117,95,900,-783,53,52,37,28334,-16235,-12468,921,845
4958,21164,21174,120,95,902,-655,49,51,32,28196,-16163,-12319,921,846
4958,21194,21204,128,87,906,-863,49,48,35,28238,-16061,-12337,920,847
4958,21217,21227,121,94,890,-671,46,56,33,28400,-16247,-12564,917,848
4958,21240,21250,138,84,898,-1055,50,52,37,28250,-16199,-12337,921,849
4958,21263,21272,124,91,899,-639,51,50,29,28310,-16199,-12361,922,850
4958,21285,21295,131,93,899,-943,54,51,35,28232,-16151,-12181,919,851
4958,21308,21318,121,84,900,-767,58,52,41,28178,-16235,-12199,922,852
4958,21331,21341,121,88,897,-1071,56,56,35,28274,-16361,-12229,919,853
4958,21354,21363,123,91,915,-703,52,49,34,28286,-16205,-12235,921,854
4958,21376,21386,129,91,904,-703,51,54,41,28400,-16205,-12199,919,855
4958,21399,21409,123,87,901,-911,52,53,40,28478,-16157,-12390,919,856
4958,21422,21431,126,92,906,-1103,50,51,37,28184,-16265,-12654,922,857
4958,21444,21454,117,97,898,-975,48,50,43,28238,-16127,-12378,918,858
4958,21472,21482,125,87,902,-1055,54,51,35,28232,-16241,-12067,920,859
4958,21495,21505,115,91,899,-719,50,49,33,28382,-16061,-12600,918,860
4958,21518,21527,128,90,898,-911,48,57,37,28262,-16253,-12468,919,861
4958,21540,21550,126,95,904,-735,48,48,34,28400,-16265,-12690,918,862
4958,21563,21573,123,99,903,-847,50,51,35,28370,-16385,-12373,918,863
4958,21586,21596,130,92,911,-591,49,51,35,28340,-16349,-12283,916,864
4958,21609,21618,122,91,899,-975,53,53,29,28280,-16235,-12373,921,865
4958,21631,21641,128,96,900,-735,53,50,37,28484,-16445,-12313,920,866
4958,21654,21664,123,89,897,-671,51,52,33,28442,-16193,-12277,919,867
4958,21677,21686,121,95,898,-831,54,57,43,28442,-16121,-12396,918,868
4958,21699,21709,119,97,896,-511,50,53,34,28334,-16091,-12462,920,869
4958,21722,21732,120,94,900,-1039,51,50,29,28543,-16199,-12145,920,870
4958,21745,21754,119,86,903,-863,50,53,40,28268,-16145,-11918,919,871
4958,21767,21777,129,87,900,-815,53,53,36,28370,-16313,-12079,919,872
4958,21802,21812,133,92,898,-1087,54,51,36,28400,-16205,-12349,922,873
4958,21824,21834,123,89,900,-1119,50,45,34,28460,-16373,-12253,920,874
4958,21847,21857,117,89,900,-1071,54,53,36,28549,-16247,-12390,921,875
4958,21870,21880,120,91,900,-943,54,51,38,28376,-15924,-12355,918,876
4958,21892,21902,121,88,904,-399,56,53,41,28394,-16103,-12396,918,877
4958,21915,21925,134,84,902,-847,60,51,42,28238,-16235,-12474,921,878
4958,21938,21948,121,93,897,-1103,52,51,38,28184,-16097,-12618,922,879
4958,21960,21970,117,91,891,-959,59,49,37,28352,-16097,-12396,920,880
4958,21983,21993,119,93,901,-959,50,50,37,28274,-16020,-12546,919,881
4958,22006,22016,132,98,901,-783,53,49,34,28280,-16055,-12810,921,882
4958,22028,22038,121,93,896,-607,50,52,37,28424,-16277,-12600,919,883
4958,22051,22061,123,89,902,-1183,53,46,37,28424,-16073,-12480,922,884
4958,22074,22084,120,91,908,-1375,49,54,36,28316,-16169,-12361,920,885
4958,22096,22106,121,102,902,-1231,49,46,32,28501,-16139,-12570,920,886
4958,22133,22142,120,88,885,-1087,50,57,35,28358,-16187,-12504,919,887
4958,22155,22165,124,91,891,-879,48,50,36,28142,-16049,-12510,919,888
4958,22178,22188,121,87,896,-415,52,52,36,28466,-16193,-12576,922,889
4958,22201,22210,121,95,900,-943,58,50,36,28268,-16157,-12594,921,890
4958,22223,22233,121,88,904,-815,51,50,36,28388,-16169,-12229,920,891
4958,22246,22256,133,80,902,-1103,54,49,29,28304,-16409,-12367,921,892
4958,22269,22279,127,89,900,-655,52,52,33,28214,-16169,-12702,920,893
4958,22292,22301,119,96,893,-1087,46,48,30,28466,-16271,-12319,925,894
4958,22314,22324,121,90,907,-623,50,56,35,28478,-16091,-12289,919,895
4958,22337,22347,119,94,904,-879,51,50,41,28627,-16181,-12241,922,896
4958,22360,22370,115,82,908,-415,46,54,34,28130,-16295,-12097,918,897
4958,22383,22392,128,87,900,-783,49,48,36,28190,-16175,-12373,919,898
4958,22405,22415,125,91,905,-1119,48,52,35,28346,-16205,-12522,918,899
4958,22428,22438,117,92,900,-863,53,51,37,28292,-16109,-12666,917,900
4958,22456,22466,116,95,895,-1087,52,49,37,28274,-16055,-12337,921,901
4958,22479,22489,119,99,906,-1135,52,56,38,28178,-16229,-12414,921,902
4958,22502,22512,126,98,901,-479,54,48,30,28364,-16259,-12235,924,903
4958,22525,22534,122,91,900,-1151,50,52,38,28454,-16331,-12331,926,904
4958,22548,22557,120,88,902,-735,52,49,34,28346,-16313,-12265,921,905
4958,22570,22580,123,89,904,-1279,57,57,37,28352,-16277,-12313,921,906
4958,22593,22603,123,91,898,-1199,53,51,40,28340,-16193,-12307,920,907
4958,22616,22626,118,84,906,-591,51,54,35,28370,-16031,-12331,921,908
4958,22639,22649,128,92,907,-1279,50,50,36,28418,-16313,-12456,917,909
4958,22662,22672,125,93,906,-671,52,48,34,28573,-16211,-12576,920,910
4958,22685,22695,128,87,898,-1711,51,49,37,28460,-16349,-12229,921,911
4958,22708,22718,123,97,907,-751,52,49,34,28310,-16145,-12151,921,912
4958,22731,22741,123,90,904,-863,46,52,34,28543,-16313,-12396,923,913
4958,22754,22763,119,86,908,-1071,57,53,34,28609,-16199,-12432,921,914
4958,22782,22792,120,89,907,-671,49,53,32,28412,-16103,-12450,920,915
4958,22805,22815,121,88,891,-863,50,52,36,28310,-16139,-12295,917,916
4958,22828,22837,126,91,906,-1247,54,57,40,28490,-16067,-12367,919,917
4958,22850,22860,124,89,897,-671,53,58,36,28388,-16133,-12337,921,918
4958,22873,22883,108,85,906,-783,50,50,36,28352,-16157,-12259,919,919
4958,22896,22906,118,94,902,-911,50,52,42,28244,-16031,-11906,922,920
4958,22919,22929,123,91,901,-927,50,45,36,28346,-16103,-12037,918,921
4958,22942,22952,128,82,894,-447,50,53,38,28292,-16181,-12307,916,922
4958,22965,22975,124,91,900,-895,50,48,35,28298,-16307,-12325,908,923
4958,22988,22998,128,93,916,-447,54,51,36,28346,-16133,-12672,921,924
4958,23011,23021,121,89,898,-1071,56,51,37,28238,-16193,-12438,919,925
4958,23034,23043,121,98,898,-511,46,54,38,28154,-16211,-12331,919,926
4958,23057,23066,119,94,901,-1151,51,51,34,28250,-16163,-12229,918,927
4958,23079,23089,121,91,894,-959,53,52,37,28232,-16223,-12600,918,928
4958,23108,23118,125,84,911,-1055,48,51,34,28310,-16199,-12432,919,929
4958,23130,23140,125,94,900,-863,51,57,40,28154,-16211,-12600,918,930
4958,23153,23163,128,93,900,-687,57,48,34,28442,-16331,-12211,919,931
4958,23176,23186,119,82,904,-1135,51,48,35,28400,-16014,-12139,921,932
4958,23199,23209,135,95,900,-911,56,52,38,28334,-16127,-12055,921,933
4958,23222,23232,118,93,896,-783,53,53,37,28286,-15876,-12001,919,934
4958,23245,23255,119,91,902,-847,54,53,41,28172,-16008,-12594,920,935
4958,23268,23278,117,93,902,-911,50,52,36,28442,-16043,-12217,922,936
4958,23291,23301,113,92,907,-1167,49,53,40,28525,-16181,-12223,921,937
4958,23314,23324,115,84,895,-1503,46,50,29,28244,-16217,-12480,921,938
4958,23337,23346,121,94,899,-1167,53,48,32,28280,-16193,-12253,918,939
4958,23359,23369,130,89,906,-1215,53,52,35,28268,-16313,-12121,923,940
4958,23382,23392,114,83,896,-895,53,48,36,28190,-16265,-12235,923,941
4958,23411,23420,125,94,907,-847,50,48,33,28232,-16151,-12157,921,942
4958,23433,23443,122,89,902,-1039,52,49,38,28364,-16049,-12301,918,943
4958,23456,23466,123,82,902,-1199,52,56,38,28555,-16026,-12133,920,944
4958,23479,23489,123,89,912,-943,52,54,41,28298,-16091,-12313,919,945
4958,23502,23512,122,93,901,-783,50,53,37,28268,-16163,-12361,920,946
4958,23525,23535,130,90,910,-623,56,50,30,28316,-16169,-12408,922,947
4958,23548,23558,121,89,896,-559,53,53,42,28322,-16181,-12301,919,948
4958,23571,23580,122,93,907,-863,54,49,35,28322,-16085,-12666,921,949
4958,23593,23603,127,93,902,-703,53,46,38,28364,-16379,-12343,918,950
4958,23616,23626,121,90,913,-863,54,52,36,28364,-16085,-12199,919,951
4958,23639,23649,121,91,899,-959,48,50,35,28220,-16157,-12510,922,952
4958,23662,23672,119,92,904,-511,52,53,33,28178,-16169,-12343,925,953
4958,23685,23695,124,89,901,-1007,44,53,34,28136,-16319,-12426,924,954
4958,23708,23718,123,86,903,-303,54,51,35,28154,-16073,-12253,919,955
4958,23736,23746,126,97,900,-831,53,58,36,28070,-16187,-12390,919,956
4958,23759,23769,121,86,910,-431,53,56,34,28136,-16223,-12133,920,957
4958,23782,23791,120,84,904,-1055,56,51,35,28274,-16205,-12241,918,958
4958,23804,23814,121,87,906,-719,56,52,38,28184,-16079,-12073,912,959
4958,23827,23837,117,94,900,-831,53,51,36,28112,-16301,-12402,917,960
4958,23850,23860,126,90,900,-1055,50,46,35,28316,-16289,-12367,918,961
4958,23873,23883,124,86,905,-911,51,54,36,28082,-16367,-12594,916,962
4958,23896,23906,121,89,902,-703,53,50,38,28142,-16043,-12822,921,963
4958,23919,23929,132,84,903,-1183,54,52,40,28310,-16109,-12474,921,964
4958,23942,23952,130,87,898,-1135,49,54,34,28136,-16187,-12343,921,965
4958,23965,23974,113,87,907,-911,51,52,38,28352,-16211,-12468,919,966
4958,23987,23997,121,86,893,-1247,54,60,40,28220,-16223,-12384,918,967
4958,24010,24020,132,94,892,-1199,53,52,41,28178,-16373,-12229,915,968
4958,24041,24050,123,86,909,-895,50,50,38,28232,-16283,-12367,918,969
4958,24069,24079,119,95,898,-783,46,51,35,28106,-16163,-12588,919,970
4958,24092,24101,126,87,904,-719,52,45,32,28154,-16331,-12115,917,971
4958,24114,24124,119,84,896,-1023,51,52,35,28094,-16283,-12396,921,972
4958,24137,24147,119,92,891,-559,50,52,30,28316,-16085,-12396,921,973
4958,24160,24170,117,89,898,-1135,54,46,41,28196,-16313,-12319,918,974
4958,24183,24193,118,94,911,-1263,51,49,37,28160,-16247,-12540,923,975
4958,24206,24216,120,91,903,-703,54,49,29,28112,-16223,-11193,921,976
4958,24229,24238,117,89,899,-1055,51,50,37,28166,-16361,-12163,919,977
4958,24251,24261,123,89,909,-959,56,49,37,28178,-16295,-12396,923,978
4958,24274,24284,133,88,899,-479,53,48,35,28418,-16492,-12390,922,979
4958,24297,24307,122,91,902,-607,50,48,37,28328,-16217,-12672,920,980
4958,24320,24330,128,99,906,-831,50,53,37,28322,-16259,-12277,921,981
4958,24343,24353,124,86,904,-1135,54,53,36,28148,-16343,-12325,921,982
4958,24366,24376,125,94,906,-479,49,48,34,28220,-16223,-12235,919,983
4958,24394,24404,125,89,911,-639,52,51,38,28400,-16283,-12019,919,984
4958,24417,24426,128,90,900,-767,51,49,38,28382,-16343,-11971,921,985
4958,24439,24449,123,84,896,-1071,53,50,34,28358,-16277,-12247,919,986
4958,24462,24472,118,87,902,-655,50,49,38,28346,-16223,-12343,921,987
4958,24485,24495,129,88,904,-927,50,46,38,28166,-16199,-12151,916,988
4958,24508,24518,118,89,902,-495,53,49,33,28316,-16415,-12151,914,989
4958,24531,24541,123,87,898,-767,52,50,40,28454,-16217,-12175,919,990
4958,24554,24563,127,89,898,-975,52,49,37,28328,-16205,-12390,926,991
4958,24576,24586,128,82,902,-1311,52,53,42,28454,-16169,-12175,918,992
4958,24599,24609,118,93,906,-447,56,54,38,28388,-16229,-12301,923,993
4958,24622,24632,123,89,898,-1103,52,50,40,28220,-16169,-12343,914,994
4958,24645,24655,123,92,899,-1439,52,53,41,28041,-16193,-12169,920,995
4958,24668,24678,122,90,912,-1055,51,45,33,28316,-15942,-12414,919,996
4958,24691,24701,133,95,899,-895,56,48,35,28436,-16121,-12612,921,997
4958,24719,24729,123,91,898,-1423,50,50,37,28370,-16103,-12456,917,998
4958,24742,24751,127,91,896,-703,54,52,37,28346,-16061,-12486,920,999
4958,24764,24774,110,91,907,-1391,52,51,38,28322,-15948,-12426,921,1000
4958,24787,24797,126,84,905,-1055,51,51,37,28448,-16223,-12085,919,1001
4958,24810,24820,124,83,902,-543,52,54,40,28298,-16109,-12331,919,1002
4958,24833,24843,115,87,902,-1199,50,48,37,28358,-16115,-12073,920,1003
4958,24856,24866,119,88,907,-1263,53,46,36,28364,-16295,-12115,920,1004
4958,24879,24889,123,93,904,-975,54,50,40,28322,-16253,-12235,918,1005
4958,24902,24912,115,95,905,-1183,51,54,40,28507,-16157,-12223,919,1006
4958,24925,24935,120,93,908,-1087,56,53,37,28316,-16193,-12157,924,1007
4958,24948,24957,127,86,902,-1247,52,49,43,28519,-16073,-12456,928,1008
4958,24970,24980,120,89,907,-1311,50,57,37,28394,-16133,-12492,921,1009
4958,24993,25003,126,89,902,-1375,53,54,36,28412,-16127,-12295,917,1010
4958,25016,25026,119,92,902,-1087,49,54,38,28495,-16277,-12199,920,1011
4958,25044,25054,124,86,902,-943,53,50,41,28394,-16037,-12414,916,1012
4958,25077,25087,125,98,900,-591,49,57,33,28292,-15996,-12193,919,1013
4958,25100,25110,113,96,900,-895,51,54,38,28160,-16002,-12337,921,1014
4958,25123,25133,127,87,903,-751,57,48,36,28232,-16157,-12420,918,1015
4958,25146,25156,124,86,903,-671,49,50,32,28256,-16193,-12331,919,1016
4958,25169,25178,118,93,913,-975,50,51,36,28256,-16289,-12672,915,1017
4958,25191,25201,131,89,899,-463,50,48,37,28316,-16247,-12636,917,1018
4958,25214,25224,127,99,904,-1023,49,52,35,28250,-16067,-12408,918,1019
4958,25237,25247,125,91,896,-735,53,51,36,28130,-16193,-12229,920,1020
4958,25260,25270,112,85,906,-831,51,56,32,28220,-16139,-12343,921,1021
4958,25283,25293,123,85,913,-703,52,49,37,28256,-16157,-12468,921,1022
4958,25306,25316,121,91,896,-1039,50,46,34,28310,-16223,-12456,917,1023
4958,25329,25338,115,84,896,-1167,58,49,41,28232,-16205,-12241,921,1024
4958,25351,25361,124,86,898,-655,54,49,32,28238,-16337,-12241,921,1025
4958,25373,25383,124,92,902,-703,50,48,34,28268,-16181,-12402,920,1026
4958,25396,25406,121,100,891,-911,50,53,38,28220,-16247,-12307,920,1027
4958,25419,25428,118,90,895,-1519,50,53,35,28352,-16307,-12432,918,1028
4958,25441,25451,120,93,904,-639,54,50,37,28382,-16139,-12666,921,1029
4958,25464,25474,127,93,906,-911,49,48,37,28388,-16037,-12666,921,1030
4958,25487,25497,123,92,903,-1055,48,54,35,28268,-16199,-12678,917,1031
4958,25510,25520,128,89,896,-1759,51,48,32,28226,-16283,-12349,919,1032
4958,25533,25543,128,90,900,-703,49,49,34,28340,-16181,-12259,919,1033
4958,25555,25565,113,89,898,-815,50,52,35,28202,-16103,-12373,917,1034
4958,25578,25588,128,89,901,-1023,53,51,33,28232,-16331,-12331,913,1035
4958,25601,25611,118,89,895,-671,51,52,37,28220,-16091,-12522,915,1036
4958,25624,25634,121,86,900,-1151,46,54,40,28322,-16187,-12516,917,1037
4958,25647,25657,126,91,901,-1055,53,54,33,28220,-16115,-12319,929,1038
4958,25675,25685,123,91,896,-431,53,46,43,28160,-16163,-12654,919,1039
4958,25698,25708,120,93,906,-1103,46,49,41,28322,-16169,-12373,919,1040
4958,25721,25730,120,89,903,-639,54,57,37,28166,-16199,-12564,921,1041
4958,25743,25753,122,101,905,-975,50,48,36,28124,-16049,-12510,917,1042
4958,25766,25776,126,86,901,-1055,50,49,32,28190,-16073,-12444,922,1043
4958,25789,25799,119,90,896,-927,52,51,34,28334,-16307,-12546,920,1044
4958,25812,25822,123,98,899,-1231,53,49,35,28226,-16307,-12546,925,1045
4958,25835,25845,130,87,901,-799,57,53,34,28280,-16133,-12804,919,1046
4958,25858,25867,126,95,906,-735,46,54,28,28262,-16002,-12462,921,1047
4958,25881,25890,132,84,910,-831,51,54,35,28292,-16085,-12325,915,1048
4958,25903,25913,130,91,898,-1007,49,50,38,28286,-16516,-12247,920,1049
4958,25948,25958,127,98,898,-831,50,52,36,28394,-16067,-12396,922,1050
4958,25971,25981,120,100,900,-1343,50,50,40,28418,-16151,-12540,920,1051
4958,25994,26003,131,86,894,-975,53,52,34,28268,-16002,-12211,919,1052
4958,26022,26032,125,89,902,-863,50,53,40,28280,-16133,-12702,922,1053
4958,26044,26054,121,87,898,-1039,54,50,42,28292,-16205,-12444,922,1054
4958,26067,26077,117,93,904,-431,50,56,34,28124,-16211,-12798,921,1055
4958,26090,26100,120,84,900,-767,56,46,41,28370,-15960,-12349,919,1056
4958,26113,26123,108,89,903,-687,46,51,40,28472,-16049,-12355,921,1057
4958,26136,26146,118,90,906,-1023,53,52,37,28322,-15894,-12223,925,1058
4958,26159,26169,119,85,903,-1151,52,53,38,28328,-16391,-12109,916,1059
4958,26182,26191,132,81,901,-991,53,51,35,28304,-15984,-12492,921,1060
4958,26204,26214,121,87,904,-447,56,54,40,28298,-16097,-12205,920,1061
4958,26227,26237,121,95,887,-703,49,52,33,28244,-16109,-12235,920,1062
4958,26250,26260,122,93,904,-991,54,51,35,28328,-16349,-12115,921,1063
4958,26273,26283,127,95,893,-719,50,48,40,28436,-16211,-12283,922,1064
4958,26296,26306,115,97,907,-1407,51,44,30,28418,-16061,-12187,920,1065
4958,26319,26329,128,89,901,-671,52,50,34,28256,-16085,-12456,921,1066
4958,26347,26357,116,90,900,-815,52,49,33,28292,-16043,-12157,922,1067
4958,26370,26379,115,92,896,-735,50,49,36,28304,-16295,-12331,916,1068
4958,26392,26402,118,90,901,-1343,52,51,37,28346,-16205,-12259,920,1069
4958,26415,26425,128,91,896,-911,53,44,33,28490,-16014,-12241,918,1070
4958,26438,26448,121,87,908,-879,49,44,30,28507,-16187,-12313,920,1071
4958,26461,26471,123,91,893,-799,49,50,34,28322,-16097,-12187,919,1072
4958,26484,26494,126,96,902,-911,51,61,33,28484,-16145,-12361,917,1073
4958,26507,26516,113,94,898,-735,54,49,32,28274,-16163,-12432,922,1074
4958,26529,26539,120,85,906,-799,50,52,34,28328,-16277,-12325,921,1075
4958,26552,26562,115,90,913,-495,54,54,41,28454,-16337,-11971,917,1076
4958,26575,26585,126,91,897,-927,54,53,41,28430,-16373,-12157,921,1077
4958,26598,26608,129,95,904,-655,45,52,32,28430,-16241,-11995,922,1078
4958,26621,26631,121,87,899,-1247,48,58,34,28406,-16385,-12247,920,1079
4958,26644,26653,127,97,903,-1007,49,51,38,28454,-16313,-12456,918,1080
4958,26672,26681,126,96,904,-447,50,53,37,28364,-16175,-12259,921,1081
4958,26694,26704,124,90,904,-1055,51,58,43,28298,-16193,-12271,920,1082
4958,26717,26727,111,89,900,-1119,51,48,41,28442,-16073,-12378,922,1083
4958,26740,26750,129,79,904,-1103,43,51,36,28424,-16079,-12013,919,1084
4958,26763,26773,128,89,899,-655,56,52,29,28490,-16115,-12444,923,1085
4958,26786,26795,110,91,903,-1071,50,50,37,28549,-16211,-12199,917,1086
4958,26808,26818,122,95,898,-799,54,52,41,28495,-16480,-12127,918,1087
4958,26831,26841,117,85,893,-1039,54,50,34,28645,-16235,-12145,920,1088
4958,26854,26864,119,93,895,-1023,60,49,35,28436,-16331,-11989,924,1089
4958,26884,26894,126,89,906,-351,51,49,33,28495,-16355,-12211,923,1090
4958,26907,26917,127,93,904,-559,56,54,36,28370,-16325,-12283,917,1091
4958,26930,26940,123,89,891,-1295,53,53,38,28382,-16163,-12343,921,1092
4958,26953,26963,128,93,902,-1039,53,56,42,28448,-16259,-12217,919,1093
4958,26976,26985,133,101,900,-735,54,53,35,28286,-16271,-12253,922,1094
4958,27004,27014,121,90,896,-831,51,49,33,28268,-16289,-12432,921,1095
4958,27026,27036,117,91,899,-655,46,48,36,28364,-16337,-12349,918,1096
4958,27049,27059,129,86,902,-895,48,48,36,28370,-16343,-12223,918,1097
4958,27072,27082,123,92,894,-751,48,45,33,28615,-16229,-12546,920,1098
4958,27095,27105,124,95,904,-1023,48,50,29,28364,-16229,-12414,921,1099
4958,27118,27127,125,84,900,-1215,48,50,34,28178,-16301,-12325,921,1100
4958,27140,27150,114,89,903,-1199,53,52,41,28358,-16516,-12211,922,1101
4958,27163,27173,131,91,889,-879,52,50,34,28292,-16355,-12672,917,1102
4958,27186,27196,126,92,903,-463,49,52,41,28412,-16325,-12079,916,1103
4958,27209,27219,108,90,902,-911,53,53,40,28304,-16307,-12235,923,1104
4958,27231,27241,121,92,902,-879,48,53,36,28400,-16259,-12367,918,1105
4958,27254,27264,119,87,896,-1423,53,53,35,28304,-16492,-12295,922,1106
4958,27277,27287,126,93,895,-1071,49,49,35,28597,-16241,-12313,921,1107
4958,27300,27310,118,89,889,-719,50,53,33,28436,-16181,-12163,921,1108
4958,27328,27338,126,92,907,-1407,52,51,40,28370,-16097,-11888,920,1109
4958,27351,27360,118,96,898,-735,48,56,32,28322,-16073,-12247,913,1110
4958,27373,27383,130,100,898,-1119,46,56,36,28454,-16169,-12235,919,1111
4958,27396,27406,123,91,895,-1183,53,52,42,28292,-16331,-12103,918,1112
4958,27419,27429,122,87,906,-1167,50,51,38,28238,-16295,-12169,917,1113
4958,27442,27451,128,91,900,-815,50,48,43,28310,-16253,-12001,924,1114
4958,27464,27474,114,80,891,-671,51,53,35,28346,-16211,-11930,919,1115
4958,27487,27497,122,84,900,-671,52,50,29,28340,-16067,-12097,922,1116
4958,27510,27520,126,93,900,-815,49,50,33,28442,-16121,-11858,919,1117
4958,27533,27543,124,88,904,-767,52,51,40,28334,-16157,-12235,920,1118
4958,27556,27566,114,95,900,-799,46,49,35,28430,-16037,-12235,921,1119
4958,27579,27588,130,88,906,-1007,50,52,33,28304,-16109,-12373,920,1120
4958,27601,27611,123,88,906,-543,50,54,34,28484,-16199,-12378,920,1121
4958,27629,27639,118,84,899,-815,54,52,32,28525,-16205,-12325,920,1122
4958,27652,27662,126,87,893,-975,50,52,29,28490,-16133,-12576,920,1123
4958,27675,27685,128,93,897,-1087,46,51,33,28292,-16235,-12121,920,1124
4958,27698,27708,125,93,900,-1567,49,53,38,28286,-16199,-12121,922,1125
4958,27720,27730,126,93,907,-735,53,49,34,28561,-16037,-12343,921,1126
4958,27743,27753,131,84,914,-1295,50,49,33,28352,-16073,-12337,919,1127
4958,27766,27776,128,90,889,-991,51,44,32,28406,-16229,-12361,922,1128
4958,27789,27799,121,87,900,-975,56,54,37,28310,-16139,-12259,919,1129
4958,27812,27822,123,86,906,-1071,56,49,32,28196,-16061,-12265,921,1130
4958,27835,27844,134,87,909,-1071,50,50,44,28442,-16307,-12091,916,1131
4958,27857,27867,130,87,903,-559,50,46,27,28244,-16199,-11876,917,1132
4958,27880,27890,121,89,903,-463,51,56,38,28388,-16079,-12091,921,1133
4958,27903,27913,117,91,907,-703,53,54,33,28328,-16133,-12564,918,1134
4958,27926,27936,123,88,900,-1103,53,50,41,28370,-16055,-12414,921,1135
4958,27954,27964,123,85,904,-1087,46,49,34,28424,-16127,-12367,921,1136
4958,27977,27986,121,86,898,-1263,52,54,38,28382,-16026,-12396,920,1137
4958,27999,28009,126,84,905,-687,51,53,37,28340,-16169,-12289,920,1138
4958,28022,28032,121,93,900,-943,49,53,37,28328,-16073,-12325,920,1139
4958,28045,28055,124,87,899,-543,50,50,34,28388,-16127,-12361,920,1140
4958,28068,28078,124,87,904,-943,51,54,33,28519,-16061,-12331,923,1141
4958,28091,28100,126,93,907,-431,53,51,33,28376,-16301,-12259,922,1142
4958,28113,28123,122,91,904,-911,53,56,34,28310,-15852,-12307,918,1143
4958,28136,28146,117,94,891,-799,52,52,41,28346,-15924,-12301,922,1144
4958,28159,28169,121,97,906,-991,51,50,36,28531,-16091,-12588,919,1145
4958,28182,28192,117,93,905,-1231,53,50,35,28322,-16169,-12486,916,1146
4958,28205,28214,117,84,915,-607,51,54,43,28472,-16247,-12450,920,1147
4958,28227,28237,119,89,918,-1039,50,50,38,28250,-16307,-12151,920,1148
4958,28250,28260,122,92,900,-943,49,54,35,28412,-16026,-11906,920,1149
4958,28278,28288,122,92,900,-815,50,50,38,28334,-15996,-12223,922,1150
4958,28301,28311,129,96,903,-1087,51,57,38,28238,-16157,-12211,921,1151
4958,28324,28334,121,83,896,-1087,57,54,32,28364,-16020,-12528,920,1152
4958,28347,28356,123,89,902,-783,51,46,34,28400,-16283,-12331,916,1153
4958,28369,28379,121,86,906,-639,50,49,35,28274,-16026,-12229,922,1154
4958,28392,28402,118,87,906,-1039,53,51,33,28388,-16037,-12313,920,1155
4958,28415,28425,115,84,900,-895,50,51,34,28370,-16175,-12390,918,1156
4958,28438,28448,130,92,898,-575,54,53,36,28070,-16253,-12067,919,1157
4958,28461,28470,126,95,899,-1135,53,46,40,28310,-16205,-12546,919,1158
4958,28483,28493,117,94,908,-591,50,52,33,28226,-15984,-12175,919,1159
4958,28506,28516,126,90,906,-1471,51,51,35,28334,-16313,-12390,922,1160
4958,28529,28539,132,88,904,-399,57,46,37,28370,-16187,-12402,911,1161
4958,28552,28561,128,88,898,-543,50,52,33,28412,-16199,-12241,918,1162
4958,28574,28584,124,89,893,-463,53,49,30,28448,-16325,-12552,920,1163
4958,28603,28612,120,91,894,-655,54,54,42,28454,-16103,-12217,919,1164
4958,28625,28635,115,87,901,-863,51,52,36,28364,-16463,-12468,924,1165
4958,28648,28658,118,89,898,-1023,48,54,35,28448,-16109,-12468,917,1166
4958,28671,28681,115,93,897,-335,50,53,32,28292,-16187,-12480,920,1167
4958,28694,28703,119,89,899,-863,51,50,34,28094,-16277,-12606,919,1168
4958,28716,28726,121,97,895,-687,54,59,38,28058,-16295,-12540,922,1169
4958,28739,28749,121,91,904,-1151,50,48,37,28178,-16211,-12390,922,1170
4958,28762,28772,128,91,900,-879,49,54,37,28130,-16343,-12402,920,1171
4958,28785,28795,128,89,896,-559,59,51,38,28250,-16205,-12402,920,1172
4958,28807,28817,126,89,909,-623,52,49,33,28328,-16097,-12295,927,1173
4958,28830,28840,123,89,906,-799,53,46,40,28070,-16223,-12414,928,1174
4958,28853,28863,124,91,902,-1087,49,48,37,28047,-16193,-12205,925,1175
4958,28876,28886,118,92,898,-1055,57,49,40,28298,-16091,-12959,921,1176
4958,28899,28908,120,87,900,-959,52,45,33,28250,-16247,-12367,920,1177
4958,28927,28937,129,89,911,-639,50,52,33,28148,-16073,-12738,919,1178
4958,28949,28959,119,90,911,-1151,51,49,32,28106,-16361,-12450,922,1179
4958,28972,28982,119,89,902,-1295,51,52,34,27993,-16283,-12193,920,1180
4958,28995,29005,126,91,900,-847,54,52,40,28220,-16049,-12325,921,1181
4958,29018,29028,119,91,903,-687,52,50,36,28244,-16307,-12528,922,1182
4958,29040,29050,123,92,895,-1007,50,51,32,28232,-16313,-12600,922,1183
4958,29063,29073,130,87,900,-975,53,45,36,28052,-16205,-12540,921,1184
4958,29086,29096,127,90,906,-895,54,42,34,28184,-15918,-12558,919,1185
4958,29109,29119,123,93,896,-1039,56,51,37,28130,-16049,-12594,924,1186
4958,29132,29141,123,90,899,-1199,54,48,35,28310,-16079,-12492,917,1187
4958,29154,29164,122,95,908,-991,54,56,38,28196,-16002,-12337,920,1188
4958,29177,29187,125,89,895,-703,43,49,27,28208,-16085,-12301,918,1189
4958,29200,29210,126,95,906,-975,46,54,40,28160,-16085,-12666,920,1190
4958,29223,29232,122,99,897,-815,52,48,36,28316,-16157,-12666,915,1191
4958,29251,29261,128,95,908,-879,56,52,30,28226,-16193,-12636,920,1192
4958,29273,29283,129,89,904,-719,53,49,38,28316,-16097,-12133,921,1193
4958,29296,29306,126,89,904,-1055,49,51,38,28478,-16205,-12630,926,1194
4958,29319,29329,124,89,904,-783,54,52,40,28316,-16331,-12396,920,1195
4958,29342,29352,115,85,902,-1151,51,58,36,28178,-16169,-12582,920,1196
4958,29365,29374,130,91,902,-767,48,50,33,28202,-16229,-12420,921,1197
4958,29387,29397,121,89,900,-1311,50,46,35,28178,-16085,-12486,922,1198
4958,29410,29420,117,88,900,-431,50,53,41,28070,-16091,-12672,924,1199
4958,29433,29443,126,85,904,-895,50,54,32,28112,-16026,-12384,919,1200
4958,29456,29466,125,95,902,-783,52,50,36,28172,-16181,-12600,921,1201
4958,29478,29488,116,91,893,-767,46,51,36,28262,-16097,-12157,921,1202
4958,29501,29511,125,92,893,-1039,51,51,33,28070,-16319,-12319,922,1203
4958,29524,29534,122,94,900,-719,51,50,34,28274,-16247,-12486,918,1204
4958,29552,29562,126,96,897,-1087,51,54,35,28262,-16127,-12666,918,1205
4958,29575,29585,125,92,901,-703,46,51,37,28178,-16097,-12444,922,1206
4958,29597,29607,117,89,900,-1039,56,56,38,28184,-16229,-12636,918,1207
4958,29620,29630,116,89,912,-911,52,51,36,28310,-16265,-12217,920,1208
4958,29643,29653,127,91,904,-943,52,58,42,28340,-15972,-12343,921,1209
4958,29666,29676,128,90,902,-703,48,56,37,28244,-15768,-12073,923,1210
4958,29688,29698,123,92,902,-831,53,54,37,28274,-15906,-12223,921,1211
4958,29719,29729,119,87,904,-655,52,53,37,28190,-16139,-12384,919,1212
4958,29741,29751,110,87,905,-1247,51,45,36,28232,-15870,-12289,918,1213
4958,29764,29774,123,89,902,-1247,57,50,38,28298,-16061,-12319,922,1214
4958,29787,29797,127,93,907,-991,51,50,35,28118,-16049,-12384,919,1215
4958,29810,29819,125,87,909,-799,49,53,27,28280,-15912,-12432,920,1216
4958,29832,29842,133,87,904,-1135,48,52,33,28274,-16127,-12534,921,1217
4958,29855,29865,117,89,900,-847,51,49,34,28172,-16115,-12432,920,1218
4958,29883,29893,123,96,903,-655,50,50,30,28352,-16265,-12151,922,1219
4958,29906,29916,124,97,898,-719,56,45,29,28244,-16157,-12600,917,1220
4958,29928,29938,117,90,904,-767,46,45,33,28280,-16049,-12690,919,1221
4958,29951,29961,126,84,897,-1183,51,51,30,28202,-16145,-12935,919,1222
4958,29974,29984,131,88,909,-1103,54,53,41,28310,-16229,-12953,920,1223
4958,29997,30007,134,89,903,-1183,56,51,38,28292,-15738,-12750,922,1224
4958,30020,30029,119,88,897,-671,50,44,30,28058,-15942,-12977,922,1225
4958,30042,30052,119,94,900,-1167,50,50,36,28088,-16014,-12845,919,1226
4958,30065,30075,121,89,899,-735,52,50,36,28346,-16031,-12786,921,1227
4958,30088,30098,120,95,898,-351,52,48,35,28328,-16079,-12690,919,1228
4958,30111,30120,121,86,901,-1055,52,52,36,28382,-16085,-12384,921,1229
4958,30133,30143,119,84,907,-815,53,57,35,28460,-16031,-12606,918,1230
4958,30156,30166,123,86,908,-1023,56,50,38,28567,-15870,-12355,923,1231
4958,30179,30189,122,93,903,-687,53,52,36,28484,-15840,-12510,917,1232
4958,30207,30217,133,93,904,-607,51,49,32,28561,-15876,-12408,923,1233
4958,30230,30239,115,89,902,-1199,51,51,35,28412,-16097,-12546,923,1234
4958,30252,30262,121,84,894,-1135,46,48,32,28436,-16079,-12600,920,1235
4958,30275,30285,128,87,906,-959,51,49,36,28352,-16121,-12618,919,1236
4958,30298,30308,127,96,898,-831,49,57,41,28370,-15912,-12534,919,1237
4958,30321,30331,114,92,899,-719,57,50,41,28316,-15864,-12444,920,1238
4958,30344,30353,115,88,907,-479,51,53,36,28358,-16061,-12696,919,1239
4958,30366,30376,122,93,902,-1135,56,50,32,28286,-16067,-12804,921,1240
4958,30389,30399,119,93,902,-1231,56,51,35,28316,-15942,-12678,920,1241
4958,30412,30422,121,87,902,-943,57,53,44,28406,-16097,-12510,920,1242
4958,30434,30444,118,91,901,-959,54,54,38,28454,-16367,-12402,920,1243
4958,30457,30467,113,91,897,-719,48,50,34,28298,-16157,-12516,918,1244
4958,30480,30490,119,90,897,-751,49,46,36,28310,-16187,-12618,919,1245
4958,30503,30513,121,96,900,-1071,52,46,33,28436,-16049,-12528,921,1246
4958,30531,30541,123,89,914,-687,53,50,35,28274,-16151,-12636,921,1247
4958,30553,30563,126,91,901,-1167,54,52,38,28256,-15876,-12738,919,1248
4958,30576,30586,125,79,891,-511,49,46,38,28394,-16091,-12534,917,1249
4958,30599,30609,119,84,906,-719,58,54,36,28430,-16151,-12594,920,1250
4958,30632,30642,129,84,899,-1247,54,46,34,28472,-15822,-12708,921,1251
4958,30655,30664,123,83,901,-1439,52,53,36,28328,-16091,-12648,921,1252
4958,30677,30687,125,94,907,-639,48,54,36,28394,-16049,-12696,920,1253
4958,30700,30710,121,90,902,-399,54,52,34,28316,-16097,-12396,917,1254
4958,30723,30733,128,94,914,-911,51,52,40,28280,-16235,-12474,919,1255
4958,30746,30755,119,87,907,-863,52,50,36,28507,-16049,-12420,917,1256
4958,30768,30778,123,92,899,-1103,56,54,36,28567,-16205,-12516,915,1257
4958,30791,30801,115,93,894,-1087,54,51,36,28424,-16127,-12313,919,1258
4958,30814,30824,128,85,898,-1167,58,54,40,28436,-16109,-12522,921,1259
4958,30837,30847,122,93,905,-1023,48,52,36,28364,-16055,-12726,916,1260
4958,30865,30875,120,97,907,-351,51,54,41,28418,-16289,-12510,923,1261
4958,30887,30897,117,87,898,-1167,53,53,38,28094,-16085,-12277,921,1262
4958,30910,30920,121,90,900,-1103,51,50,35,28220,-16097,-12714,921,1263
4958,30933,30943,132,91,907,-671,49,49,36,28507,-16217,-12313,921,1264
4958,30956,30966,123,91,898,-767,52,48,38,28256,-16247,-12468,919,1265
4958,30978,30988,123,96,898,-799,46,54,37,28454,-16014,-12756,916,1266
4958,31001,31011,126,92,903,-943,57,52,40,28274,-16151,-12816,917,1267
4958,31024,31034,133,93,904,-831,56,49,34,28352,-16109,-12857,922,1268
4958,31068,31078,119,93,901,-1071,53,59,35,28352,-15888,-12510,922,1269
4958,31091,31101,121,88,900,-1247,54,51,37,28274,-16139,-12349,920,1270
4958,31114,31124,123,87,910,-559,57,54,38,28388,-16037,-12283,920,1271
4958,31136,31146,123,89,902,-1039,50,56,35,28376,-15888,-12199,923,1272
4958,31159,31169,121,86,900,-1167,57,49,34,28322,-16193,-12438,921,1273
4958,31182,31192,117,95,897,-655,56,54,38,28184,-16151,-12241,921,1274
4958,31210,31220,116,95,903,-463,52,57,42,28250,-16043,-12510,919,1275
4958,31233,31242,123,87,896,-1167,52,53,33,28298,-15978,-12402,920,1276
4958,31255,31265,124,87,902,-1183,50,52,37,28142,-16067,-12031,922,1277
4958,31278,31288,118,84,893,-927,53,52,37,28208,-16037,-12127,919,1278
4958,31301,31311,115,83,906,-751,56,51,40,28118,-16055,-12277,921,1279
4958,31323,31333,119,92,902,-607,53,50,32,28196,-16008,-12211,918,1280
4958,31346,31356,120,94,904,-911,57,54,36,28280,-15942,-12373,920,1281
4958,31369,31379,119,84,907,-975,53,50,34,28178,-16223,-12283,916,1282
4958,31392,31402,122,87,897,-463,56,51,36,28154,-16055,-12480,922,1283
4958,31414,31424,125,85,898,-831,50,50,36,28274,-16061,-12426,920,1284
4958,31437,31447,126,94,899,-959,50,52,38,28214,-16151,-12516,923,1285
4958,31460,31470,128,92,907,-847,57,53,35,28226,-16133,-12492,924,1286
4958,31483,31492,122,89,896,-767,46,53,33,28286,-15990,-12666,918,1287
4958,31511,31520,124,86,898,-991,54,52,36,28286,-16061,-12600,921,1288
4958,31533,31543,126,89,904,-511,50,50,33,28244,-16115,-12378,920,1289
4958,31556,31566,128,90,899,-1183,46,54,41,28202,-16008,-12420,920,1290
4958,31579,31589,114,91,909,-847,56,49,38,28154,-15852,-12019,922,1291
4958,31601,31611,128,87,900,-1295,59,50,35,28268,-16026,-12349,918,1292
4958,31624,31634,121,87,904,-847,53,51,38,28142,-16043,-12570,920,1293
4958,31647,31657,123,87,904,-719,54,54,43,28196,-16055,-12319,918,1294
4958,31670,31679,119,89,903,-735,56,50,36,28370,-16169,-12516,918,1295
4958,31692,31702,130,93,904,-655,48,57,38,28214,-16055,-12492,922,1296
4958,31715,31725,117,84,900,-607,53,52,35,28268,-16181,-12271,918,1297
4958,31738,31748,117,84,896,-351,49,51,36,28076,-16026,-12450,920,1298
4958,31761,31770,123,86,907,-1167,49,44,34,28232,-16229,-12606,917,1299
4958,31783,31793,131,90,906,-735,52,52,35,28256,-16181,-12504,919,1300
4958,31806,31816,125,82,907,-767,56,51,41,28442,-16247,-12355,922,1301
4958,31834,31844,124,88,896,-831,51,48,33,28178,-16151,-12373,920,1302
4958,31857,31866,122,95,904,-1455,50,58,36,28256,-16037,-12576,920,1303
4958,31879,31889,125,84,900,-799,54,49,32,28202,-16061,-12726,919,1304
4958,31902,31912,123,94,903,-735,56,52,37,28184,-16145,-12702,918,1305
4958,31925,31935,121,87,900,-1343,52,49,37,28424,-16055,-12648,918,1306
4958,31947,31957,125,102,898,-991,46,49,41,28328,-16133,-12612,919,1307
4958,31970,31980,127,95,902,-1071,50,46,34,28292,-16097,-12462,919,1308
4958,31993,32003,125,84,906,-799,52,48,38,28322,-16133,-12534,920,1309
4958,32016,32025,128,91,903,-751,58,49,38,28382,-16259,-12420,915,1310
4958,32038,32048,124,91,913,-751,53,54,36,28280,-16020,-12462,917,1311
4958,32061,32071,123,95,900,-671,52,46,34,28130,-16079,-12396,915,1312
4958,32084,32094,119,90,896,-767,48,51,38,28166,-15894,-12857,922,1313
4958,32106,32116,123,87,907,-511,52,49,35,28358,-16109,-12355,919,1314
4958,32129,32139,126,94,899,-671,52,56,36,28322,-16073,-12163,923,1315
4958,32156,32166,128,84,896,-1007,51,56,34,28298,-16289,-12295,920,1316
4958,32179,32189,130,90,898,-287,46,49,37,28106,-16337,-12654,918,1317
4958,32202,32211,123,87,900,-1231,53,50,33,28184,-16026,-12570,921,1318
4958,32224,32234,123,88,900,-655,56,52,36,28160,-16157,-12654,921,1319
4958,32247,32257,128,89,913,-751,52,56,37,28244,-16151,-12666,921,1320
4958,32270,32280,116,92,909,-479,50,50,32,28184,-16079,-12522,920,1321
4958,32293,32302,119,87,896,-719,51,46,33,28100,-16229,-12594,920,1322
4958,32315,32325,123,90,900,-575,51,51,37,28029,-16115,-12492,920,1323
4958,32338,32348,119,95,908,-1263,54,58,37,28268,-16055,-12618,919,1324
4958,32361,32371,125,93,907,-703,51,49,30,28298,-16014,-12881,919,1325
4958,32383,32393,118,89,902,-767,61,58,36,28118,-16145,-12875,920,1326
4958,32406,32416,125,83,911,-799,59,50,37,28364,-16133,-12516,925,1327
4958,32429,32439,119,91,905,-1055,52,54,34,28154,-16247,-12654,921,1328
4958,32452,32461,120,89,899,-1119,49,49,34,28208,-16073,-12666,921,1329
4958,32478,32488,127,84,909,-687,49,49,41,28124,-15882,-12780,922,1330
4958,32500,32510,117,90,904,-1487,57,53,38,28280,-15942,-12696,924,1331
4958,32523,32533,121,97,909,-639,52,48,28,28184,-16079,-12660,922,1332
4958,32553,32563,123,88,891,-1391,51,50,32,28280,-16169,-12486,921,1333
4958,32576,32586,123,84,915,-719,54,57,36,28070,-16229,-12528,919,1334
4958,32599,32608,118,91,904,-847,53,51,35,28226,-16121,-12648,923,1335
4958,32621,32631,130,89,902,-479,56,54,42,28005,-16002,-12570,919,1336
4958,32644,32654,123,84,903,-927,48,45,34,28160,-16014,-12420,920,1337
4958,32667,32677,126,89,900,-991,51,52,42,28124,-16205,-12881,921,1338
4958,32689,32699,114,87,902,-1279,54,49,40,28190,-16103,-12480,919,1339
4958,32712,32722,123,91,906,-975,58,52,40,28142,-16020,-13079,921,1340
4958,32735,32745,120,93,911,-943,49,49,36,28076,-16079,-12935,922,1341
4958,32757,32767,121,88,901,-735,50,56,37,28070,-16085,-12905,918,1342
4958,32780,32790,119,87,904,-943,54,52,35,28292,-16103,-13031,920,1343
4958,32808,32818,124,91,906,-879,52,56,38,28190,-16265,-12678,917,1344
4958,32831,32841,125,85,904,-959,59,50,38,28172,-16199,-12486,920,1345
4958,32854,32864,126,89,902,-703,52,50,40,28202,-16289,-12618,917,1346
4958,32877,32886,126,84,902,-783,49,57,34,28202,-16205,-12552,922,1347
4958,32899,32909,120,88,900,-1423,53,51,29,28214,-16277,-12522,922,1348
4958,32922,32932,127,83,902,-639,48,51,37,28250,-16169,-12588,918,1349
4958,32945,32955,121,92,904,-1103,48,49,32,28214,-16181,-12750,925,1350
4958,32968,32978,124,96,905,-975,56,54,35,28035,-16026,-12474,923,1351
4958,32991,33001,128,94,898,-1199,60,52,43,28112,-16205,-12241,921,1352
4958,33014,33024,128,87,898,-1023,53,59,30,28094,-16079,-12373,923,1353
4958,33037,33047,125,95,898,-895,52,51,38,28178,-16079,-12510,922,1354
4958,33060,33069,117,79,896,-783,49,51,32,28160,-16115,-12307,920,1355
4958,33082,33092,123,100,907,-1071,52,50,35,28340,-16127,-12474,924,1356
4958,33105,33115,118,91,894,-863,53,58,38,28406,-16049,-12534,917,1357
4958,33134,33143,123,84,906,-671,51,51,40,28418,-16079,-12642,922,1358
4958,33156,33166,130,92,902,-1327,53,53,35,28394,-16163,-12606,918,1359
4958,33179,33189,121,78,901,-895,50,51,34,28280,-16247,-12468,918,1360
4958,33202,33212,129,89,901,-735,50,53,38,28220,-16079,-12456,920,1361
4958,33225,33235,125,85,908,-1343,51,53,36,28154,-16079,-12588,922,1362
4958,33248,33258,126,97,897,-1151,51,51,37,28226,-16109,-12402,919,1363
4958,33271,33281,123,93,900,-879,52,49,33,28166,-16008,-12349,918,1364
4958,33294,33303,124,83,906,-1343,53,51,34,28172,-16073,-12253,919,1365
4958,33316,33326,126,87,902,-543,50,56,35,28268,-16289,-12283,920,1366
4958,33339,33349,123,97,900,-543,56,53,40,28346,-16115,-12247,917,1367
4958,33362,33372,124,89,896,-607,46,50,43,28484,-16014,-12019,922,1368
4958,33385,33395,122,84,905,-655,53,54,38,28376,-16097,-11941,919,1369
4958,33408,33418,119,91,896,-671,57,54,40,28466,-16175,-12205,916,1370
4958,33436,33446,124,85,904,-911,50,52,36,28244,-16295,-11989,922,1371
4958,33459,33469,120,88,904,-1007,53,49,35,28322,-16217,-12301,923,1372
4958,33482,33492,126,89,902,-735,52,53,36,28238,-16091,-12331,922,1373
4958,33505,33514,119,91,904,-703,52,54,35,28184,-16073,-12504,922,1374
4958,33527,33537,123,93,902,-863,50,52,43,28238,-16026,-12229,924,1375
4958,33550,33560,132,93,896,-1071,50,53,35,28406,-15954,-12199,920,1376
4958,33573,33583,122,93,908,-751,52,52,36,28298,-15972,-12007,919,1377
4958,33596,33606,116,87,898,-1247,50,50,34,28382,-16020,-12157,920,1378
4958,33619,33629,125,89,898,-639,57,52,36,28029,-15978,-12486,922,1379
4958,33642,33652,129,91,904,-911,49,49,43,28244,-16043,-12199,918,1380
4958,33665,33675,115,87,896,-687,49,52,35,28160,-16073,-12235,926,1381
4958,33688,33697,126,86,907,-783,52,49,38,28286,-15966,-12319,913,1382
4958,33710,33720,118,88,909,-1039,50,50,37,28268,-15864,-12319,919,1383
4958,33733,33743,124,93,898,-591,52,57,38,28274,-15948,-12259,918,1384
4958,33762,33771,119,92,905,-751,59,51,36,28316,-16031,-12271,921,1385
4958,33785,33794,119,97,893,-831,53,51,40,28082,-15942,-12319,922,1386
4958,33807,33817,130,84,894,-1295,54,52,35,28238,-15822,-12420,919,1387
4958,33830,33840,131,87,901,-1023,59,50,42,28208,-16127,-12271,917,1388
4958,33853,33863,121,88,907,-959,53,53,33,28268,-16139,-12259,918,1389
4958,33876,33886,121,90,893,-271,51,56,34,28208,-16109,-12313,917,1390
4958,33899,33909,118,90,909,-687,54,54,41,28023,-15954,-12229,923,1391
4958,33922,33932,126,95,901,-863,53,49,43,28208,-16187,-12361,915,1392
4958,33945,33954,121,95,903,-623,53,49,38,28214,-16103,-12426,923,1393
4958,33967,33977,130,89,895,-1167,56,50,32,28244,-16127,-12492,923,1394
4958,33990,34000,126,78,899,-671,51,46,38,28304,-15942,-12516,921,1395
4958,34013,34023,116,90,903,-735,51,56,41,28154,-16049,-12648,920,1396
4958,34036,34046,126,84,904,-1359,59,49,28,28310,-16355,-12396,917,1397
4958,34059,34069,118,95,898,-719,53,51,37,28196,-16247,-12690,920,1398
4958,34087,34097,123,85,900,-879,53,50,34,28280,-16139,-12522,919,1399
4958,34110,34120,122,94,906,-879,50,51,37,28112,-16049,-12576,922,1400
4958,34133,34143,119,86,902,-911,53,46,35,28208,-16085,-12438,920,1401
4958,34156,34165,119,89,894,-495,58,51,38,28244,-16313,-12498,919,1402
4958,34179,34188,126,87,898,-655,54,51,41,28208,-16253,-12289,920,1403
4958,34201,34211,127,86,897,-943,53,46,36,28364,-16043,-12349,920,1404
4958,34224,34234,122,87,911,-1039,52,57,35,28214,-16205,-12516,921,1405
4958,34247,34257,119,90,909,-911,53,46,36,28364,-16091,-12498,923,1406
4958,34270,34280,123,91,905,-1087,54,58,43,28196,-15888,-12456,923,1407
4958,34293,34303,128,88,906,-607,48,54,35,28208,-16008,-12295,920,1408
4958,34316,34326,121,91,903,-1231,53,53,37,28166,-15954,-12414,921,1409
4958,34339,34348,117,93,902,-735,50,58,34,28058,-16127,-12414,917,1410
4958,34361,34371,125,83,896,-879,50,54,41,28160,-16014,-12510,922,1411
4958,34384,34394,125,93,903,-671,57,51,41,28052,-15864,-12343,917,1412
4958,34412,34422,124,90,900,-1055,51,48,34,28232,-16145,-12480,922,1413
4958,34435,34445,121,89,905,-1071,52,49,37,28334,-16026,-12205,922,1414
4958,34458,34468,123,94,907,-1071,52,46,36,28340,-16091,-12253,918,1415
4958,34481,34491,124,87,908,-383,45,50,41,28226,-16097,-12187,923,1416
4958,34504,34514,126,89,902,-1119,54,54,38,28214,-16055,-12343,917,1417
4958,34527,34536,126,89,904,-735,50,49,35,28136,-16163,-12522,920,1418
4958,34549,34559,119,89,900,-463,51,50,40,28190,-16127,-12594,922,1419
4958,34572,34582,124,86,900,-1215,54,48,38,28262,-16175,-12504,922,1420
4958,34595,34605,127,90,896,-911,52,53,38,28334,-16181,-12438,916,1421
4958,34618,34628,126,91,901,-1119,49,54,34,28172,-16049,-11109,921,1422
4958,34641,34651,121,93,891,-495,52,48,36,28268,-15966,-12450,924,1423
4958,34664,34674,132,87,904,-975,52,60,41,28094,-16079,-12756,928,1424
4958,34687,34696,117,89,904,-943,51,51,35,28292,-16163,-12624,919,1425
4958,34709,34719,121,79,904,-1071,53,52,36,28292,-16103,-12546,922,1426
4958,34737,34747,123,94,901,-1183,58,50,36,28238,-16055,-12516,921,1427
4958,34760,34770,127,92,909,-1391,57,53,38,28130,-16115,-12361,922,1428
4958,34783,34793,117,87,891,-1103,51,45,37,28196,-16043,-12367,919,1429
4958,34806,34816,119,85,902,-783,48,46,33,28250,-16085,-12378,920,1430
4958,34829,34839,120,95,900,-751,52,49,33,28250,-16097,-12654,919,1431
4958,34852,34861,126,91,906,-927,46,57,37,28394,-15966,-12726,924,1432
4958,34874,34884,121,89,906,-575,50,48,34,28352,-16139,-12833,922,1433
4958,34897,34907,126,93,909,-575,50,50,29,28400,-15960,-12450,920,1434
4958,34920,34930,122,80,908,-687,49,49,34,28232,-16097,-12552,919,1435
4958,34943,34953,120,92,899,-623,53,48,36,28226,-16127,-12361,920,1436
4958,34966,34976,126,95,899,-1039,56,56,38,28430,-15828,-11181,919,1437
4958,34989,34999,117,90,898,-1199,57,56,41,28406,-16079,-12618,922,1438
4958,35012,35021,126,99,901,-543,52,49,36,28340,-15846,-12522,921,1439
4958,35034,35044,121,91,891,-559,51,48,30,28382,-16008,-12313,921,1440
4958,35063,35072,124,87,904,-911,50,54,34,28478,-16055,-12444,920,1441
4958,35085,35095,116,91,903,-751,52,48,36,28609,-15864,-12337,921,1442
4958,35108,35118,118,96,900,-687,54,51,36,28262,-15888,-12474,916,1443
4958,35131,35141,127,97,898,-671,59,50,36,28352,-15930,-12606,920,1444
4958,35154,35164,117,95,902,-783,53,53,37,28382,-15960,-12414,920,1445
4958,35177,35187,122,91,914,-815,53,48,32,28490,-15858,-12426,921,1446
4958,35200,35209,123,89,909,-479,56,52,36,28316,-16049,-12480,923,1447
4958,35222,35232,121,85,902,-1055,52,51,35,28358,-15948,-12756,918,1448
4958,35245,35255,120,85,890,-735,54,49,33,28328,-16055,-12582,920,1449
4958,35268,35278,130,95,904,-767,51,53,42,28148,-15960,-12402,922,1450
4958,35291,35301,117,88,902,-735,51,48,30,28334,-15990,-12600,921,1451
4958,35314,35324,115,87,909,-895,51,53,38,28358,-16157,-12588,922,1452
4958,35337,35347,128,90,895,-863,49,44,35,28513,-16235,-12402,916,1453
4958,35373,35383,135,84,906,-927,49,51,42,28286,-16008,-12307,923,1454
4958,35396,35405,119,86,895,-1215,51,53,36,28322,-16151,-12564,920,1455
4958,35418,35428,119,91,896,-815,50,50,33,28382,-16115,-12343,921,1456
4958,35441,35451,122,92,900,-783,46,45,35,28328,-16133,-12373,917,1457
4958,35464,35474,123,91,894,-847,52,52,33,28448,-16205,-12570,919,1458
4958,35487,35497,126,88,892,-399,52,54,34,28424,-16199,-12588,921,1459
4958,35510,35519,118,89,908,-815,50,56,33,28208,-15870,-12456,922,1460
4958,35532,35542,121,89,907,-559,49,50,35,28112,-15984,-12702,920,1461
4958,35555,35565,123,95,909,-703,59,48,38,28364,-16211,-12510,921,1462
4958,35578,35588,116,98,907,-623,52,54,30,28226,-16115,-12504,919,1463
4958,35601,35611,122,86,912,-559,56,50,38,28507,-16031,-12582,922,1464
4958,35624,35634,123,98,906,-1455,57,48,35,28232,-16055,-12612,919,1465
4958,35647,35656,126,89,902,-575,54,56,38,28376,-16109,-12774,917,1466
4958,35669,35679,122,93,900,-847,51,51,33,28100,-16002,-12624,920,1467
4958,35698,35707,121,95,904,-1007,49,53,35,28220,-16055,-12690,922,1468
4958,35720,35730,119,90,900,-1055,52,48,30,28142,-16049,-12708,918,1469
4958,35743,35753,130,95,901,-735,45,54,34,28358,-16115,-12534,922,1470
4958,35766,35776,122,89,904,-735,51,54,40,28388,-15984,-12570,921,1471
4958,35789,35799,119,92,904,-639,52,52,37,28142,-16055,-12594,919,1472
4958,35811,35821,119,89,903,-607,50,53,40,28130,-16085,-12630,919,1473
4958,35834,35844,121,89,903,-799,50,52,32,28136,-15906,-12869,920,1474
4958,35857,35867,123,91,906,-767,51,48,33,28274,-16127,-12498,921,1475
4958,35880,35890,122,84,902,-879,49,53,38,28244,-16026,-12516,919,1476
4958,35903,35913,125,92,900,-1247,53,50,42,28208,-15882,-12319,920,1477
4958,35926,35935,132,95,909,-991,49,51,35,28082,-16103,-12798,919,1478
4958,35948,35958,126,93,908,-815,53,53,35,28118,-16103,-12504,921,1479
4958,35971,35981,128,93,899,-895,51,50,37,28196,-16079,-12349,918,1480
4958,35994,36004,116,88,899,-1343,49,52,36,28286,-16061,-12378,920,1481
4958,36022,36032,117,91,902,-719,50,49,40,28208,-15996,-12468,918,1482
4958,36045,36055,114,93,900,-1023,54,51,33,28256,-16043,-12373,921,1483
4958,36068,36078,118,91,900,-1103,54,56,42,28130,-16115,-12408,920,1484
4958,36091,36100,119,82,901,-1007,56,51,43,28214,-16295,-12402,923,1485
4958,36113,36123,129,95,900,-991,57,52,36,28328,-16181,-12420,922,1486
4958,36136,36146,124,90,898,-415,45,53,33,28286,-16205,-12504,919,1487
4958,36190,36200,118,86,902,-911,50,52,37,28154,-16073,-12690,921,1488
4958,36213,36223,130,95,910,-671,46,50,36,28430,-15900,-12295,916,1489
4958,36236,36246,121,101,896,-719,48,49,36,28035,-15996,-12570,918,1490
4958,36259,36269,121,90,908,-1023,49,50,35,28190,-16020,-12480,920,1491
4958,36282,36291,128,90,899,-623,49,52,37,28220,-16067,-12378,921,1492
4958,36304,36314,126,91,909,-911,51,48,41,28082,-16073,-12558,925,1493
4958,36327,36337,121,87,892,-447,53,50,41,28274,-16133,-12319,920,1494
4958,36350,36360,127,84,898,-735,53,54,38,28286,-16247,-12133,920,1495
4958,36378,36388,125,90,911,-703,51,52,33,28220,-16163,-12432,919,1496
4958,36401,36411,128,91,890,-703,51,51,27,28011,-16169,-12522,921,1497
4958,36424,36434,117,90,900,-751,52,52,37,28202,-16163,-12570,922,1498
4958,36447,36456,113,90,893,-831,48,52,36,28304,-16187,-12259,922,1499
4958,36469,36479,113,91,907,-751,49,50,33,28178,-16175,-12319,915,1500
4958,36492,36502,121,88,893,-799,53,51,38,28232,-16289,-12432,918,1501
4958,36515,36525,118,100,902,-975,53,46,34,28340,-16349,-12343,916,1502
4958,36538,36548,122,89,899,-1103,52,51,35,28232,-16367,-12468,914,1503
4958,36561,36570,119,89,906,-255,56,52,34,28280,-16121,-12492,921,1504
4958,36583,36593,126,103,904,-847,54,51,32,28376,-16163,-12666,918,1505
4958,36606,36616,123,87,897,-1119,56,50,36,28478,-16199,-12600,922,1506
4958,36629,36639,132,91,898,-1471,50,53,43,28292,-16127,-12528,924,1507
4958,36652,36662,122,91,905,-719,51,50,40,28490,-16157,-12331,920,1508
4958,36674,36684,117,89,906,-927,52,50,38,28286,-16151,-12486,921,1509
4958,36703,36712,121,92,911,-847,54,56,40,28298,-16157,-12780,923,1510
4958,36725,36735,122,93,906,-1103,50,46,36,28280,-16085,-12708,919,1511
4958,36748,36758,124,94,902,-783,49,45,38,28316,-15990,-12486,922,1512
4958,36771,36781,125,93,896,-815,56,50,41,28262,-16049,-12307,918,1513
4958,36794,36804,119,90,904,-751,50,51,33,28124,-16097,-12301,919,1514
4958,36817,36826,115,90,895,-655,44,48,36,28442,-16103,-12361,919,1515
4958,36839,36849,123,89,905,-1279,54,50,28,28346,-16020,-12432,923,1516
4958,36862,36872,128,86,906,-703,52,57,36,28286,-15870,-12528,922,1517
4958,36885,36895,126,89,902,-1183,53,51,38,28280,-15876,-12618,919,1518
4958,36908,36918,124,96,900,-607,54,59,46,28250,-16139,-12642,923,1519
4958,36931,36940,119,85,900,-543,52,52,43,28202,-16133,-12576,920,1520
4958,36953,36963,117,94,898,-991,54,49,38,28154,-16169,-12636,921,1521
4958,36976,36986,113,87,907,-1311,49,48,34,28304,-15996,-12851,924,1522
4958,36999,37009,121,96,899,-831,49,48,37,28394,-16091,-12492,919,1523
4958,37027,37037,130,87,896,-527,49,46,32,28406,-16205,-12744,917,1524
4958,37050,37060,127,90,904,-687,53,51,38,28358,-16055,-12726,922,1525
4958,37073,37082,121,96,905,-895,48,50,34,28172,-16199,-12648,921,1526
4958,37095,37105,130,95,895,-975,58,52,36,28328,-15966,-12708,920,1527
4958,37118,37128,127,92,900,-1071,50,54,36,28286,-15996,-12594,922,1528
4958,37141,37151,123,96,906,-815,56,48,38,28328,-15966,-12534,922,1529
4958,37164,37174,123,90,900,-1055,54,53,42,28286,-16002,-12756,922,1530
4958,37187,37196,124,91,906,-1071,52,51,34,28388,-16199,-12564,916,1531
4958,37209,37219,119,91,903,-831,48,56,35,28250,-15996,-12528,921,1532
4958,37232,37242,117,95,909,-1071,49,58,37,28220,-16085,-12361,923,1533
4958,37255,37265,120,85,897,-511,59,48,33,28298,-16049,-12432,919,1534
4958,37278,37288,124,87,902,-639,53,50,35,28190,-16127,-12857,922,1535
4958,37301,37310,123,94,901,-1247,51,44,41,28172,-16241,-12504,920,1536
4958,37323,37333,122,84,905,-1231,52,46,37,28148,-16181,-12384,919,1537
4958,37345,37355,119,87,908,-831,53,50,42,28268,-16115,-12235,921,1538
4958,37368,37377,119,84,905,-703,56,49,33,28190,-16217,-12552,921,1539
4958,37390,37400,127,96,906,-639,50,48,35,28238,-16061,-12432,920,1540
4958,37413,37423,116,95,900,-943,51,49,35,28370,-16175,-12833,922,1541
4958,37436,37446,126,90,901,-767,52,53,30,28232,-15876,-12504,927,1542
4958,37459,37469,125,95,904,-719,52,51,34,28244,-16014,-12810,921,1543
4958,37482,37491,129,85,902,-1199,50,52,34,28154,-16014,-12265,920,1544
4958,37504,37514,121,97,904,-959,48,52,33,28100,-16133,-12648,920,1545
4958,37527,37537,125,87,902,-1151,54,51,36,28196,-16055,-12408,921,1546
4958,37550,37560,123,85,903,-1167,50,54,34,28292,-15816,-12492,924,1547
4958,37573,37583,119,85,900,-815,57,53,37,28196,-15768,-12373,919,1548
4958,37596,37605,127,88,899,-847,56,48,35,27999,-16049,-12696,922,1549
4958,37618,37628,118,89,895,-767,51,50,32,28082,-15954,-12456,919,1550
4958,37647,37656,123,90,908,-815,50,51,33,28292,-16223,-12402,921,1551
4958,37669,37679,121,86,900,-943,51,50,34,28238,-16265,-12289,920,1552
4958,37692,37702,129,89,907,-719,51,56,38,28148,-16133,-12133,916,1553
4958,37715,37725,123,86,904,-911,53,50,38,28214,-15978,-12390,923,1554
4958,37738,37747,122,95,908,-911,52,56,34,28214,-15828,-12253,918,1555
4958,37760,37770,117,87,902,-799,57,52,33,28202,-16049,-12331,921,1556
4958,37783,37793,119,87,903,-623,50,50,36,28244,-16061,-12253,918,1557
4958,37806,37816,124,84,893,-815,51,48,32,28178,-16193,-12642,921,1558
4958,37829,37839,125,90,901,-847,53,56,35,28136,-15930,-12690,920,1559
4958,37852,37862,126,95,909,-671,48,53,40,28130,-16157,-12660,919,1560
4958,37875,37884,129,88,911,-559,51,58,37,28364,-16157,-12612,919,1561
4958,37897,37907,120,92,895,-959,51,59,38,28406,-16109,-12432,921,1562
4958,37920,37930,124,86,907,-783,53,54,34,28340,-15960,-12331,917,1563
4958,37943,37953,115,92,904,-591,49,48,38,28621,-16020,-12289,918,1564
4958,37971,37981,126,95,902,-671,54,53,40,28460,-16259,-12528,920,1565
4958,37994,38004,127,88,902,-479,49,53,35,28340,-16008,-12678,918,1566
4958,38017,38027,123,91,907,-735,52,56,34,28322,-16079,-12367,927,1567
4958,38039,38049,126,83,902,-1023,50,51,35,28262,-15984,-12624,918,1568
4958,38062,38072,121,82,905,-543,58,51,37,28340,-16103,-12367,919,1569
4958,38085,38095,123,93,905,-1279,54,45,37,28286,-16109,-12774,920,1570
4958,38108,38118,128,85,909,-831,53,50,38,28280,-16043,-12528,924,1571
4958,38131,38141,120,87,901,-639,52,45,38,28106,-16121,-12480,921,1572
4958,38154,38163,122,88,893,-1039,54,58,40,28274,-16067,-12367,918,1573
4958,38176,38186,117,89,902,-959,48,49,33,28094,-15990,-12564,919,1574
4958,38199,38209,123,89,902,-543,50,52,41,28088,-16169,-12696,922,1575
4958,38229,38239,121,95,910,-1119,51,51,37,28226,-16061,-12929,922,1576
4958,38252,38262,123,90,899,-751,56,48,34,28376,-16139,-12456,918,1577
4958,38275,38285,119,87,900,-863,49,45,42,28112,-16157,-12732,921,1578
4958,38303,38313,121,88,899,-815,49,52,36,28346,-16008,-12474,922,1579
4958,38326,38336,122,92,900,-799,50,57,35,28364,-16133,-12510,921,1580
4958,38349,38359,117,97,912,-623,50,51,36,28244,-16265,-12594,920,1581
4958,38371,38381,119,92,904,-511,56,53,36,28382,-15888,-12444,920,1582
4958,38394,38404,125,93,896,-1103,58,50,37,28244,-15954,-12408,920,1583
4958,38417,38427,126,89,902,-607,56,53,37,28184,-16181,-12343,921,1584
4958,38440,38450,122,98,906,-1007,49,50,34,28268,-16079,-12600,922,1585
4958,38463,38472,122,87,902,-799,54,59,40,28358,-15810,-12714,924,1586
4958,38485,38495,115,92,893,-799,51,53,35,28328,-15918,-12696,922,1587
4958,38508,38518,126,90,906,-607,56,48,36,28376,-15924,-12576,919,1588
4958,38531,38541,121,91,893,-943,59,58,37,28274,-16008,-12624,920,1589
4958,38554,38563,126,89,901,-911,50,48,37,28328,-16049,-12480,917,1590
4958,38576,38586,111,93,896,-975,51,52,36,28280,-16085,-12588,922,1591
4958,38599,38609,121,89,899,-847,59,59,38,28256,-16073,-12708,920,1592
4958,38627,38637,122,90,897,-1023,51,52,36,28370,-15882,-13055,917,1593
4958,38650,38660,127,93,905,-351,53,51,30,28304,-15972,-12630,920,1594
4958,38673,38683,122,83,889,-895,54,53,34,28358,-16031,-12768,921,1595
4958,38695,38705,123,86,908,-303,51,54,38,28340,-16091,-12696,920,1596
4958,38718,38728,125,96,901,-1039,53,53,35,28352,-15822,-12594,919,1597
4958,38741,38751,126,86,906,-575,52,51,35,28430,-16091,-12630,922,1598
4958,38764,38774,122,91,896,-655,50,57,36,28370,-15942,-12899,914,1599
4958,38787,38796,127,87,897,-1071,48,51,30,28220,-15888,-12576,923,1600
4958,38809,38819,123,92,903,-271,58,50,43,28274,-16031,-12307,919,1601
4958,38832,38842,120,87,902,-895,57,48,35,28328,-15948,-12414,923,1602
4958,38855,38865,121,95,891,-1103,53,56,40,28214,-15984,-12295,924,1603
4958,38878,38888,117,87,900,-735,45,54,33,28334,-15864,-12007,916,1604
4958,38901,38910,117,86,904,-623,49,48,33,28226,-15786,-12373,923,1605
4958,38923,38933,130,91,901,-1023,54,52,40,28346,-15852,-12438,924,1606
4958,38952,38961,123,89,905,-527,50,43,38,28178,-15900,-12408,917,1607
4958,38974,38984,123,89,902,-671,53,48,36,28232,-16055,-12498,918,1608
4958,38997,39007,120,92,900,-927,51,53,37,28178,-15846,-12349,922,1609
4958,39020,39030,131,92,912,-607,53,48,40,28214,-16020,-12624,923,1610
4958,39043,39052,123,91,904,-671,54,48,42,28298,-15900,-12367,922,1611
4958,39065,39075,130,97,898,-591,53,48,32,28172,-15900,-12420,922,1612
4958,39088,39098,121,84,900,-543,52,51,32,28172,-15750,-12594,920,1613
4958,39111,39121,132,89,902,-815,53,51,37,28196,-15744,-12528,922,1614
4958,39134,39144,110,91,898,-1199,50,51,33,28118,-15768,-12726,923,1615
4958,39156,39166,126,91,897,-799,48,51,41,28400,-15870,-12313,922,1616
4958,39179,39189,123,96,902,-959,50,48,34,28112,-15846,-12618,923,1617
4958,39202,39212,120,87,900,-703,53,53,33,28154,-15828,-12726,917,1618
4958,39225,39235,121,91,893,-703,52,52,37,28202,-15720,-12546,921,1619
4958,39248,39257,126,89,905,-1007,58,50,38,28334,-15924,-12588,923,1620
4958,39276,39286,118,84,910,-1135,52,49,36,28298,-15858,-12187,920,1621
4958,39298,39308,128,91,906,-751,51,52,41,28220,-15852,-12510,918,1622
4958,39321,39331,121,91,897,-495,51,53,37,28352,-15696,-12462,922,1623
4958,39344,39354,119,89,906,-895,54,50,36,28382,-15894,-12432,920,1624
4958,39367,39377,121,81,904,-1231,53,48,37,28220,-15858,-12606,921,1625
4958,39390,39399,126,80,906,-1023,52,48,41,28214,-15906,-12337,921,1626
4958,39412,39422,119,95,902,-943,50,48,34,28226,-15840,-12073,920,1627
4958,39435,39445,115,95,896,-1231,48,51,34,28328,-15918,-12229,922,1628
4958,39458,39468,113,89,907,-511,52,52,36,28274,-15870,-12438,923,1629
4958,39481,39490,120,88,905,-911,56,53,37,28358,-15990,-12307,918,1630
4958,39503,39513,126,91,904,-767,58,53,40,28316,-15990,-12384,922,1631
4958,39526,39536,127,94,901,-655,48,50,36,28286,-16067,-12432,919,1632
4958,39549,39559,121,99,901,-559,53,50,41,28364,-16061,-12109,922,1633
4958,39577,39587,120,91,906,-1343,54,54,35,28280,-15924,-12504,920,1634
4958,39600,39609,117,84,906,-719,52,50,37,28220,-15804,-12408,919,1635
4958,39622,39632,120,91,908,-895,53,52,35,28076,-15924,-12438,920,1636
4958,39645,39655,117,97,902,-639,52,52,37,28196,-15906,-12349,919,1637
4958,39668,39678,130,89,906,-1151,53,52,37,28154,-16008,-12642,922,1638
4958,39691,39701,121,95,900,-655,51,48,35,28214,-15936,-12486,916,1639
4958,39713,39723,122,85,902,-911,54,52,35,28154,-15852,-12636,918,1640
4958,39736,39746,115,89,904,-847,54,50,34,28190,-15822,-12205,921,1641
4958,39759,39769,119,90,893,-1007,48,54,42,28400,-15834,-12875,919,1642
4958,39782,39792,122,87,893,-527,59,48,33,28322,-16247,-12708,922,1643
4958,39805,39815,121,82,905,-735,51,50,32,28310,-16026,-12798,920,1644
4958,39827,39837,124,88,904,-927,53,51,41,28244,-15948,-12480,920,1645
4958,39850,39860,128,86,898,-1039,51,54,38,28166,-15996,-12690,919,1646
4958,39873,39883,133,95,904,-735,54,48,38,28226,-16002,-12732,922,1647
4958,39901,39911,117,87,898,-1151,56,49,37,28424,-15906,-12582,921,1648
4958,39924,39933,120,96,901,-719,56,53,37,28280,-15810,-12444,919,1649
4958,39946,39956,126,86,897,-1039,50,50,40,28250,-15906,-12480,917,1650
4958,39969,39979,119,94,903,-1103,50,51,33,28484,-15984,-12516,922,1651
4958,39992,40002,126,91,900,-655,48,51,38,28280,-15954,-11103,920,1652
4958,40015,40024,126,96,906,-1279,49,50,34,28166,-15972,-12432,920,1653
4958,40037,40047,121,95,900,-735,48,53,35,28196,-16211,-12552,922,1654
4958,40060,40070,123,91,900,-975,50,52,37,28214,-15762,-12600,918,1655
4958,40083,40093,124,89,906,-863,49,48,36,28160,-16079,-12319,920,1656
4958,40106,40116,123,88,900,-1295,53,54,36,28154,-15858,-12384,921,1657
4958,40128,40138,127,88,904,-687,50,51,38,28400,-15864,-12516,921,1658
4958,40151,40161,128,89,904,-1247,52,52,38,28250,-15822,-12738,923,1659
4958,40174,40184,129,91,898,-831,50,52,37,28112,-15966,-12600,917,1660
4958,40197,40207,130,92,902,-367,49,53,34,28208,-15978,-12720,922,1661
4958,40225,40235,122,91,906,-847,52,50,36,28100,-16037,-12666,923,1662
4958,40247,40257,122,87,898,-991,53,53,36,28118,-16091,-12696,922,1663
4958,40270,40280,121,82,903,-1119,53,51,36,28023,-16223,-12510,922,1664
4958,40293,40303,115,89,905,-863,51,51,34,28094,-16265,-12744,921,1665
4958,40316,40326,129,90,903,-735,48,49,28,28154,-15990,-12331,922,1666
4958,40339,40348,123,91,902,-1327,51,49,34,28280,-16002,-12247,921,1667
4958,40361,40371,128,90,899,-1135,52,48,37,28214,-15936,-12486,916,1668
4958,40384,40394,127,89,901,-1215,52,50,34,28190,-15924,-12432,919,1669
4958,40407,40417,118,85,899,-767,49,49,37,28154,-15942,-12498,920,1670
4958,40430,40440,124,87,900,-1167,48,59,34,28106,-15966,-12720,919,1671
4958,40453,40462,125,96,904,-751,50,51,35,28286,-15978,-12444,921,1672
4958,40475,40485,123,93,894,-687,51,50,34,27999,-15924,-12690,922,1673
4958,40498,40508,124,92,895,-1071,52,54,34,28142,-15906,-12660,919,1674
4958,40521,40531,117,91,899,-927,50,51,33,28070,-15948,-12241,916,1675
4958,40549,40559,124,85,898,-1215,52,49,33,28064,-15876,-12678,921,1676
4958,40572,40581,120,89,898,-1007,51,51,34,28047,-15918,-12744,922,1677
4958,40594,40604,126,92,904,-655,52,51,36,28118,-16067,-12552,927,1678
4958,40617,40627,122,89,906,-1103,49,51,36,28017,-15978,-12881,917,1679
4958,40640,40650,121,87,902,-383,52,52,37,28124,-16020,-12744,922,1680
4958,40663,40673,123,91,911,-815,52,54,35,28058,-15912,-12564,917,1681
4958,40686,40695,121,93,904,-1039,48,46,35,27867,-16014,-12510,920,1682
4958,40708,40718,128,93,890,-735,50,45,35,27795,-15948,-12708,923,1683
4958,40731,40741,122,89,902,-1039,56,45,33,27951,-15828,-12307,922,1684
4958,40754,40764,122,97,893,-591,53,56,40,28100,-15936,-12444,921,1685
4958,40777,40786,122,85,901,-1375,48,48,33,27885,-15894,-12444,921,1686
4958,40799,40809,127,92,898,-927,56,49,33,28041,-15858,-12618,918,1687
4958,40822,40832,124,87,899,-719,53,51,35,27939,-15936,-12600,922,1688
4958,40845,40855,121,90,904,-687,52,51,33,27975,-16037,-12492,921,1689
4958,40873,40883,117,94,908,-943,54,51,35,27921,-16187,-12468,920,1690
4958,40896,40906,116,87,909,-847,49,49,33,28052,-15972,-12612,919,1691
4958,40919,40928,128,84,906,-1263,52,50,37,28076,-16127,-12672,922,1692
4958,40941,40951,126,95,900,-1103,54,52,33,28172,-15846,-12468,921,1693
4958,40964,40974,126,94,899,-1103,49,50,30,28058,-15924,-12462,921,1694
4958,40987,40997,119,89,912,-1071,53,52,38,28088,-16205,-12349,920,1695
4958,41010,41019,121,97,893,-1391,56,51,34,28005,-16037,-12049,921,1696
4958,41040,41050,122,90,907,-671,45,52,36,28047,-16187,-12498,917,1697
4958,41063,41072,118,91,911,-575,52,57,38,27963,-15966,-12325,919,1698
4958,41085,41095,127,86,901,-1007,48,45,33,28058,-15936,-12474,921,1699
4958,41108,41118,124,88,902,-687,52,45,33,28256,-15990,-12474,924,1700
4958,41131,41141,119,83,900,-943,48,44,36,28076,-15996,-12217,915,1701
4958,41154,41163,125,89,891,-831,53,54,35,28136,-15708,-12229,917,1702
4958,41176,41186,121,100,904,-927,52,52,36,28094,-15948,-12827,919,1703
4958,41204,41214,124,92,900,-751,51,49,32,28047,-16073,-12295,917,1704
4958,41227,41237,126,91,893,-575,54,48,38,28262,-15822,-12492,920,1705
4958,41250,41259,128,87,896,-927,52,48,36,28130,-15870,-12492,917,1706
4958,41294,41304,128,90,894,-671,57,52,35,28352,-15960,-12444,923,1707
4958,41317,41327,123,95,910,-1135,53,50,37,28298,-15996,-12558,920,1708
4958,41339,41349,125,91,896,-1295,53,50,38,28220,-16091,-12564,919,1709
4958,41362,41372,119,87,897,-1295,50,53,30,28232,-16115,-12708,920,1710
4958,41385,41395,114,92,904,-767,45,48,38,28106,-15996,-12378,923,1711
4958,41407,41417,128,86,898,-1455,52,51,37,28256,-16031,-12504,917,1712
4958,41430,41440,111,95,904,-863,45,48,32,28304,-15948,-12666,922,1713
4958,41453,41463,126,92,897,-1439,52,49,32,28094,-16049,-12480,921,1714
4958,41476,41486,126,85,902,-1071,49,53,36,28202,-15918,-12414,923,1715
4958,41498,41508,132,95,900,-959,57,51,37,27993,-15876,-13031,926,1716
4958,41526,41536,128,89,906,-1007,54,51,29,28268,-15834,-12564,923,1717
4958,41549,41559,119,92,898,-1215,51,48,34,28088,-15906,-12217,921,1718
4958,41572,41581,126,88,904,-463,51,51,40,28250,-15864,-12313,920,1719
4958,41594,41604,128,84,904,-623,53,53,36,28232,-15924,-12552,920,1720
4958,41617,41627,123,91,904,-1247,49,53,30,28334,-16115,-12319,923,1721
4958,41640,41650,128,85,902,-1071,50,51,36,28322,-15870,-12540,922,1722
4958,41663,41672,130,91,902,-1247,57,49,37,28017,-16139,-12235,921,1723
4958,41685,41695,126,91,908,-991,54,46,33,27981,-16187,-12402,921,1724
4958,41708,41718,126,89,910,-719,50,52,35,28232,-16014,-12528,921,1725
4958,41741,41751,108,97,892,-975,51,46,33,27993,-15960,-12450,921,1726
4958,41764,41773,119,99,910,-863,51,52,35,28041,-15984,-12486,921,1727
4958,41786,41796,121,94,902,-1055,50,48,35,28154,-16205,-12420,921,1728
4958,41809,41819,119,84,896,-591,59,53,37,28118,-16151,-12337,919,1729
4958,41832,41842,119,93,906,-1375,50,48,38,28017,-15966,-12384,914,1730
4958,41860,41870,120,87,902,-943,52,50,36,28214,-15960,-12612,923,1731
4958,41882,41892,121,92,909,-1135,54,48,36,28160,-15912,-12827,921,1732
4958,41905,41915,123,99,900,-895,50,50,34,28298,-16026,-12390,922,1733
4958,41928,41938,120,89,897,-1535,52,54,34,28220,-15900,-12414,920,1734
4958,41951,41960,124,94,899,-767,51,48,33,28023,-16002,-12420,919,1735
4958,41973,41983,120,97,909,-655,48,48,36,28058,-16061,-12301,921,1736
4958,41996,42006,118,89,908,-511,53,49,37,28076,-15954,-12546,919,1737
4958,42019,42029,127,93,897,-1487,51,51,36,27921,-15882,-12486,919,1738
4958,42041,42051,125,92,905,-607,49,51,40,28100,-15804,-12738,921,1739
4958,42064,42074,130,92,904,-767,56,56,36,28136,-16008,-12678,921,1740
4958,42087,42097,124,89,896,-1039,57,54,40,28184,-16049,-12726,921,1741
4958,42110,42119,129,91,902,-1071,56,54,33,28268,-16127,-12648,921,1742
4958,42132,42142,121,89,900,-1199,50,46,37,28041,-15912,-12402,924,1743
4958,42155,42165,132,91,902,-783,50,46,28,28058,-16031,-12540,919,1744
4958,42183,42193,128,84,909,-431,49,54,33,28064,-15834,-12337,925,1745
4958,42206,42215,121,89,899,-911,49,51,41,28130,-15948,-12714,921,1746
4958,42228,42238,123,87,900,-1167,51,57,37,28112,-16055,-12768,922,1747
4958,42251,42261,124,87,903,-1231,50,50,36,28070,-16020,-12456,917,1748
4958,42274,42284,126,97,899,-911,46,52,38,28262,-16157,-12648,922,1749
4958,42296,42306,120,89,896,-1071,52,54,36,28220,-15984,-12600,918,1750
4958,42319,42329,121,91,904,-895,54,49,37,28047,-15960,-12450,921,1751
4958,42342,42352,122,89,898,-1151,52,52,38,27939,-16109,-12450,922,1752
4958,42365,42374,122,95,902,-767,57,53,34,28035,-15876,-12750,919,1753
4958,42387,42397,116,91,894,-863,56,59,37,28202,-16079,-12929,925,1754
4958,42410,42420,124,95,906,-1071,60,46,33,28160,-16031,-12696,920,1755
4958,42433,42443,117,84,904,-607,53,53,37,27885,-15954,-12756,918,1756
4958,42455,42465,122,85,889,-927,52,57,41,27879,-15876,-12271,920,1757
4958,42478,42488,115,93,900,-1263,56,51,38,27951,-15894,-12480,921,1758
4958,42505,42515,118,93,906,-495,53,53,35,28088,-15822,-12504,922,1759
4958,42528,42538,126,91,903,-543,52,43,36,27975,-15948,-12325,922,1760
4958,42551,42560,123,95,898,-751,50,53,41,27903,-15996,-12187,922,1761
4958,42573,42583,124,88,898,-671,53,49,38,28280,-15936,-12145,921,1762
4958,42596,42606,129,92,903,-335,52,45,37,28202,-15816,-12540,921,1763
4958,42619,42629,126,88,897,-719,53,49,34,28316,-15912,-12343,922,1764
4958,42641,42651,121,85,894,-607,46,50,29,28280,-15942,-12426,920,1765
4958,42664,42674,118,90,897,-975,54,49,40,28106,-16247,-12295,919,1766
4958,42687,42697,122,97,905,-911,50,49,35,28082,-15852,-12319,919,1767
4958,42710,42719,121,91,902,-975,51,52,40,28130,-16026,-12235,919,1768
4958,42732,42742,121,96,906,-943,46,45,33,28178,-16073,-12205,920,1769
4958,42755,42765,115,102,895,-1103,53,52,34,28017,-15984,-12241,917,1770
4958,42778,42788,121,93,902,-655,51,52,36,28118,-16031,-12163,923,1771
4958,42801,42810,123,87,903,-783,51,53,37,28136,-16049,-12283,922,1772
4958,42837,42846,129,100,900,-1023,51,50,35,28166,-16085,-12420,920,1773
4958,42859,42869,123,91,895,-447,60,58,41,28136,-16127,-12145,918,1774
4958,42882,42892,134,89,909,-1103,54,53,35,28035,-15954,-12043,919,1775
4958,42905,42915,124,97,901,-543,57,50,40,28094,-16103,-12396,915,1776
4958,42927,42937,126,92,899,-911,50,51,36,28106,-15984,-12313,918,1777
4958,42950,42960,120,84,898,-703,56,53,36,27981,-15984,-12337,923,1778
4958,42973,42983,126,85,900,-991,54,52,35,28112,-15834,-12127,915,1779
4958,42996,43006,124,84,896,-687,54,59,40,28280,-15924,-12253,922,1780
4958,43018,43028,117,91,898,-1327,54,49,41,28202,-16031,-12067,916,1781
4958,43041,43051,121,94,901,-687,59,53,40,28088,-16061,-12390,919,1782
4958,43064,43074,130,86,904,-911,56,57,37,28082,-16031,-12426,919,1783
4958,43087,43097,122,91,903,-799,45,48,34,28035,-16043,-12528,922,1784
4958,43109,43119,113,91,899,-959,44,51,34,28058,-16079,-12271,918,1785
4958,43132,43142,120,92,897,-751,49,51,41,28136,-16157,-12289,920,1786
4958,43160,43170,122,89,904,-1119,48,50,41,27813,-16181,-12390,922,1787
4958,43183,43193,118,91,896,-703,52,51,36,28064,-16020,-12163,919,1788
4958,43206,43216,121,93,894,-751,51,54,38,28064,-16223,-12049,920,1789
4958,43229,43239,124,91,911,-1071,45,52,42,27915,-15894,-12157,918,1790
4958,43252,43262,121,86,896,-607,50,50,36,28017,-16127,-12169,918,1791
4958,43275,43284,119,85,902,-831,52,50,43,28035,-16133,-12438,918,1792
4958,43298,43307,113,89,902,-671,51,52,33,27795,-16049,-12438,919,1793
4958,43320,43330,128,92,898,-639,49,48,34,28005,-16205,-12618,918,1794
4958,43343,43353,124,88,911,-767,50,56,37,28088,-15918,-12325,919,1795
4958,43366,43376,119,89,909,-1215,52,50,42,28184,-16020,-12211,923,1796
4958,43389,43399,119,88,906,-975,51,54,37,28035,-15942,-12558,921,1797
4958,43412,43422,124,93,907,-1039,54,51,34,28148,-16253,-12468,920,1798
4958,43435,43445,119,82,903,-463,46,51,34,28058,-16133,-12402,922,1799
4958,43463,43473,123,97,901,-1055,51,44,35,28190,-16205,-12414,919,1800
4958,43486,43496,122,90,896,-703,50,50,37,28058,-16217,-12337,919,1801
4958,43509,43519,120,94,893,-1071,58,46,38,28041,-16253,-12271,923,1802
4958,43532,43542,124,95,896,-751,51,53,34,28041,-16169,-12546,923,1803
4958,43555,43564,119,93,900,-1327,53,54,38,27999,-15990,-12576,919,1804
4958,43578,43587,121,93,900,-895,54,52,32,28196,-16139,-12612,923,1805
4958,43600,43610,128,89,909,-783,50,44,38,28226,-16247,-12570,917,1806
4958,43623,43633,121,81,900,-479,52,51,32,28208,-16163,-12564,920,1807
4958,43646,43656,118,86,897,-1039,48,51,37,27963,-16211,-12648,923,1808
4958,43669,43679,117,87,902,-879,51,48,34,28112,-16139,-12462,921,1809
4958,43692,43702,126,91,899,-639,56,52,32,28118,-16247,-12756,922,1810
4958,43715,43725,125,90,906,-831,50,52,34,28112,-16151,-12600,923,1811
4958,43738,43748,125,85,901,-543,56,52,35,28035,-15924,-12696,923,1812
4958,43761,43771,114,80,895,-655,53,52,36,27963,-15948,-12642,920,1813
4958,43789,43799,120,90,905,-1167,51,53,42,28106,-16127,-12576,920,1814
4958,43812,43822,121,90,902,-703,50,52,35,28334,-16043,-12396,918,1815
4958,43835,43844,120,84,909,-1215,52,50,36,28160,-16223,-12546,921,1816
4958,43858,43867,119,88,902,-847,49,51,38,28052,-16169,-12822,918,1817
4958,43889,43898,117,82,898,-559,48,52,40,28214,-16008,-12349,921,1818
4958,43911,43921,118,97,904,-847,49,52,33,28130,-16235,-12319,920,1819
4958,43934,43944,119,84,896,-735,50,57,34,28346,-16043,-12241,920,1820
4958,43957,43967,133,87,909,-79,45,46,33,28322,-16031,-12217,920,1821
4958,43980,43990,124,91,904,-927,49,45,35,28076,-16109,-12349,918,1822
4958,44003,44013,128,88,903,-735,51,49,38,28178,-15996,-11959,918,1823
4958,44026,44036,126,96,905,-783,58,51,42,28460,-16037,-12223,921,1824
4958,44049,44059,125,86,909,-911,56,45,37,28214,-15936,-12325,923,1825
4958,44072,44081,124,91,903,-975,53,52,42,28274,-15972,-12390,918,1826
4958,44095,44104,125,90,906,-639,45,50,35,28244,-15954,-12301,922,1827
4958,44123,44133,123,90,895,-911,57,52,29,28166,-16085,-12570,920,1828
4958,44145,44155,125,99,900,-1103,53,43,30,28232,-16014,-12534,919,1829
4958,44168,44178,115,91,905,-1087,51,52,37,28304,-16079,-12426,918,1830
4958,44191,44201,123,93,903,-1119,54,57,37,28388,-16151,-12151,922,1831
4958,44214,44224,123,88,899,-1263,53,58,35,28196,-16163,-12241,918,1832
4958,44237,44247,126,89,906,-943,52,52,36,28196,-16301,-12384,919,1833
4958,44260,44270,120,93,902,-847,50,52,40,28226,-16157,-12666,920,1834
4958,44283,44293,124,82,896,-847,48,53,37,28256,-16325,-12205,921,1835
4958,44306,44316,116,89,903,-1119,50,49,35,28244,-16109,-12480,917,1836
4958,44329,44338,121,91,900,-943,53,50,35,28112,-16073,-12163,921,1837
4958,44351,44361,120,88,900,-1199,51,53,33,28298,-16181,-12408,920,1838
4958,44374,44384,116,90,900,-991,52,46,30,28184,-16181,-12438,916,1839
4958,44397,44407,126,88,898,-1039,51,49,36,28190,-16043,-12349,914,1840
4958,44420,44430,128,91,910,-799,50,53,34,28136,-16037,-12319,920,1841
4958,44448,44458,123,86,904,-831,50,46,34,28256,-15924,-12307,921,1842
4958,44471,44481,124,91,900,-847,51,50,37,28023,-16043,-12618,922,1843
4958,44494,44504,127,90,892,-799,53,51,36,28106,-16008,-12516,919,1844
4958,44517,44527,125,89,911,-959,49,58,40,28178,-16121,-12588,919,1845
4958,44540,44549,113,88,898,-911,51,53,37,28136,-15936,-12564,922,1846
4958,44562,44572,121,91,906,-1007,56,52,41,28208,-16133,-12480,918,1847
4958,44585,44595,126,87,905,-1087,52,58,41,28238,-16193,-12498,919,1848
4958,44608,44618,123,87,906,-1119,53,45,37,28202,-16313,-12223,919,1849
4958,44631,44641,120,86,898,-1167,49,48,36,28214,-16193,-12564,920,1850
4958,44654,44664,128,80,907,-847,54,52,38,28196,-15972,-12468,919,1851
4958,44677,44686,120,91,900,-991,52,48,36,28172,-15786,-12594,923,1852
4958,44699,44709,126,92,904,-1391,49,53,34,28100,-16091,-12672,923,1853
4958,44722,44732,126,102,906,-671,49,57,36,28280,-16115,-12636,920,1854
4958,44745,44755,117,95,902,-959,52,54,38,28160,-16031,-12654,920,1855
4958,44773,44783,129,91,905,-655,50,50,35,28226,-16109,-12462,915,1856
4958,44796,44806,121,87,904,-1071,50,52,38,28256,-16026,-12331,920,1857
4958,44819,44829,126,89,907,-1311,49,51,37,27993,-15918,-12474,920,1858
4958,44842,44852,125,95,909,-879,51,49,35,28035,-15972,-12301,920,1859
4958,44865,44874,117,89,891,-799,48,50,36,28340,-15852,-12271,922,1860
4958,44887,44897,126,93,899,-591,50,53,34,28316,-15894,-12402,921,1861
4958,44910,44920,130,87,902,-703,53,50,34,28190,-15960,-12594,922,1862
4958,44933,44943,119,94,900,-383,50,48,30,28142,-15936,-12396,920,1863
4958,44956,44966,111,91,898,-415,48,51,28,28136,-15912,-12450,923,1864
4958,44979,44989,123,84,895,-943,52,53,35,28316,-16061,-12420,921,1865
4958,45002,45011,126,95,909,-831,52,52,35,28220,-16181,-12582,919,1866
4958,45024,45034,126,89,908,-1327,51,50,42,28238,-16229,-12618,920,1867
4958,45047,45057,121,93,905,-751,54,54,36,28154,-16199,-12528,920,1868
4958,45070,45080,121,91,904,-655,51,49,37,27975,-16049,-12642,921,1869
4958,45098,45108,123,88,900,-815,51,41,35,28310,-16169,-12642,924,1870
4958,45121,45131,121,89,902,-879,59,53,42,28136,-16157,-12845,923,1871
4958,45144,45154,119,92,898,-719,54,48,37,28136,-15978,-12361,919,1872
4958,45167,45176,124,94,902,-1055,50,56,38,27915,-15906,-12492,919,1873
4958,45189,45199,128,84,893,-1023,52,58,37,28154,-15708,-12612,921,1874
4958,45212,45222,123,91,904,-735,57,49,35,28064,-16055,-12480,920,1875
4958,45235,45245,112,84,904,-607,46,51,33,28118,-16085,-12480,919,1876
4958,45258,45268,124,84,897,-815,48,51,37,28244,-15762,-12510,919,1877
4958,45281,45291,120,91,902,-671,52,50,38,28124,-16157,-12331,920,1878
4958,45304,45314,122,89,898,-623,46,51,36,28268,-16193,-12367,920,1879
4958,45327,45336,130,87,911,-1103,53,51,35,28238,-16151,-12504,919,1880
4958,45349,45359,129,87,906,-1039,50,54,34,28160,-16020,-12474,921,1881
4958,45372,45382,128,92,899,-1087,52,51,36,28196,-16109,-12444,919,1882
4958,45400,45410,125,87,900,-527,46,49,33,28232,-16079,-12241,920,1883
4958,45423,45433,118,91,909,-1071,52,50,26,28226,-16043,-12420,916,1884
4958,45446,45456,119,85,894,-1279,54,52,36,28424,-16061,-12067,913,1885
4958,45469,45479,117,89,898,-655,51,46,32,28142,-16181,-12325,920,1886
4958,45492,45501,121,90,895,-687,51,43,35,28136,-16043,-12337,921,1887
4958,45515,45524,124,88,903,-623,50,49,35,28041,-16223,-12331,921,1888
4958,45537,45547,117,89,900,-511,56,56,35,28184,-16097,-12438,919,1889
4958,45560,45570,130,87,909,-1151,51,58,43,28136,-16067,-12516,921,1890
4958,45583,45593,120,85,900,-815,50,53,35,28064,-16127,-12271,922,1891
4958,45606,45616,123,95,901,-767,54,51,33,28112,-16115,-12582,922,1892
4958,45629,45639,123,88,909,-959,50,53,36,28130,-16163,-12510,916,1893
4958,45652,45661,127,89,906,-1247,52,49,38,28244,-16085,-12456,920,1894
4958,45675,45684,118,91,902,-927,53,50,29,28238,-15984,-12528,925,1895
4958,45697,45707,119,86,896,-911,49,52,29,28250,-16020,-12396,920,1896
4958,45726,45735,115,82,901,-1551,52,48,32,28070,-16043,-12588,922,1897
4958,45748,45758,117,92,900,-575,56,51,29,28208,-16079,-12570,918,1898
4958,45771,45781,123,96,900,-223,50,53,36,28076,-15990,-14067,921,1899
4958,45794,45804,128,96,907,-735,53,51,35,28106,-16073,-12498,917,1900
4958,45817,45827,121,100,898,-1375,57,50,37,28190,-16026,-12570,918,1901
4958,45840,45850,126,81,898,-367,53,52,40,28220,-16115,-12361,923,1902
4958,45863,45873,128,97,898,-975,52,52,41,28250,-16103,-12618,920,1903
4958,45886,45896,119,93,902,-927,50,51,41,28005,-16097,-12624,923,1904
4958,45909,45918,130,91,905,-879,49,52,34,28232,-16020,-12061,920,1905
4958,45931,45941,123,93,903,-751,53,50,37,28184,-15978,-12540,920,1906
4958,45954,45964,128,87,899,-559,54,54,37,28118,-16073,-12690,925,1907
4958,45977,45987,123,90,902,-687,58,53,36,27975,-16223,-12510,922,1908
4958,46000,46010,113,92,902,-623,56,51,37,28136,-15954,-12498,921,1909
4958,46023,46033,119,93,902,-1503,46,56,36,28047,-16008,-12905,919,1910
4958,46051,46061,130,86,915,-927,50,51,34,28256,-15972,-12660,916,1911
4958,46074,46083,121,98,906,-991,54,51,40,28047,-16109,-12408,924,1912
4958,46096,46106,123,89,898,-383,51,46,32,28064,-16079,-12606,919,1913
4958,46119,46129,129,93,902,-815,52,53,38,28118,-16055,-12289,920,1914
4958,46142,46152,119,91,909,-591,52,56,40,28136,-16008,-12708,923,1915
4958,46165,46175,126,95,904,-751,52,51,35,28088,-16002,-12498,919,1916
4958,46188,46198,125,100,907,-975,50,46,36,28052,-16187,-12432,923,1917
4958,46211,46221,123,80,910,-415,49,57,42,28202,-16037,-12714,920,1918
4958,46234,46243,128,89,898,-1103,49,45,37,28274,-16151,-12708,923,1919
4958,46256,46266,121,87,903,-655,52,51,33,28262,-16079,-12660,922,1920
4958,46279,46289,116,83,902,-719,52,51,35,28196,-16103,-12432,920,1921
4958,46302,46312,119,86,902,-591,50,53,34,28244,-16175,-12606,922,1922
4958,46325,46335,121,94,900,-703,49,51,40,28268,-16026,-12612,917,1923
4958,46348,46358,123,96,899,-367,52,49,37,28256,-16103,-12540,921,1924
4958,46376,46386,119,89,897,-623,50,56,42,28304,-16097,-12396,918,1925
4958,46420,46430,125,89,904,-1199,48,50,36,28382,-16031,-12720,922,1926
4958,46443,46453,118,94,898,-1007,54,50,36,28232,-16211,-12594,916,1927
4958,46466,46476,121,89,894,-1231,51,56,43,28118,-16265,-12672,921,1928
4958,46489,46499,116,89,903,-687,51,52,33,28256,-16133,-12804,921,1929
4958,46512,46522,122,88,896,-847,51,48,32,28232,-16031,-12684,917,1930
4958,46535,46544,127,89,906,-1327,59,45,42,28226,-16115,-12606,923,1931
4958,46557,46567,118,87,897,-959,52,51,37,28472,-16115,-12756,922,1932
4958,46580,46590,121,85,905,-815,45,52,36,28376,-15990,-12756,922,1933
4958,46603,46613,126,84,899,-751,53,50,38,28364,-15846,-12636,915,1934
4958,46626,46636,112,95,905,-991,53,52,38,28400,-16002,-12480,922,1935
4958,46649,46659,119,89,898,-1055,56,53,34,28214,-16049,-12816,919,1936
4958,46672,46681,124,86,900,-959,50,56,33,28041,-15978,-12402,919,1937
4958,46694,46704,125,93,895,-431,56,51,35,28148,-16163,-12612,921,1938
4958,46730,46740,126,97,902,-1023,56,50,33,28190,-15996,-12432,922,1939
4958,46753,46763,128,92,904,-863,53,49,41,28106,-16061,-12504,923,1940
4958,46776,46785,124,97,899,-863,52,49,40,28100,-16115,-12744,922,1941
4958,46798,46808,119,89,904,-1199,53,53,42,28136,-16061,-12396,923,1942
4958,46821,46831,121,91,895,-1199,53,50,35,28316,-16079,-12816,921,1943
4958,46844,46854,121,80,904,-863,53,50,40,28100,-16229,-12810,920,1944
4958,46867,46877,117,88,901,-479,54,53,35,28214,-16151,-12917,919,1945
4958,46890,46900,119,87,908,-1071,50,51,37,28100,-16289,-12810,919,1946
4958,46913,46922,119,91,902,-1119,53,42,35,28094,-16259,-12732,920,1947
4958,46935,46945,126,97,900,-1103,53,52,36,28178,-16235,-12660,921,1948
4958,46958,46968,120,84,899,-799,54,50,34,28142,-16199,-12672,920,1949
4958,46981,46991,128,87,902,-1055,51,54,34,28154,-16181,-12600,921,1950
4958,47004,47014,119,91,915,-1359,50,53,36,27969,-16055,-12510,916,1951
4958,47027,47036,129,86,899,-751,58,57,44,28244,-16002,-12534,921,1952
4958,47055,47065,117,93,901,-367,59,45,37,28106,-16157,-12522,920,1953
4958,47077,47087,127,97,902,-943,52,51,41,28058,-16187,-12756,919,1954
4958,47100,47110,121,94,897,-863,52,53,38,27951,-16085,-12624,921,1955
4958,47123,47133,127,93,911,-511,53,50,32,28076,-15942,-12217,919,1956
4958,47146,47156,124,95,903,-1023,53,48,37,28094,-15972,-12402,918,1957
4958,47169,47179,123,90,909,-767,56,54,33,28106,-15936,-12672,920,1958
4958,47192,47201,130,93,906,-1375,52,44,35,27927,-15996,-12492,918,1959
4958,47214,47224,119,89,898,-687,54,46,35,28017,-16061,-12726,919,1960
4958,47237,47247,119,91,904,-959,58,44,37,28076,-16079,-12576,919,1961
4958,47260,47270,127,93,904,-575,57,51,35,28041,-16008,-12612,926,1962
4958,47293,47303,129,92,897,-1087,51,53,36,28172,-16008,-12115,920,1963
4958,47316,47326,112,96,905,-559,48,48,32,28184,-16014,-12307,919,1964
4958,47339,47349,132,98,906,-1151,49,56,32,28238,-16115,-12558,919,1965
4958,47367,47377,117,87,900,-1279,46,49,34,28358,-15948,-12510,922,1966
4958,47390,47399,119,87,895,-831,51,53,36,28118,-15966,-12396,918,1967
4958,47412,47422,114,85,904,-751,51,56,37,28316,-16157,-12271,918,1968
4958,47435,47445,123,87,909,-991,52,53,41,28076,-16169,-12474,915,1969
4958,47458,47468,127,93,909,-943,54,48,35,28100,-16014,-12600,922,1970
4958,47481,47491,123,94,906,-703,52,50,35,28250,-15906,-12223,923,1971
4958,47504,47513,126,90,900,-1183,52,52,42,28064,-16043,-12480,922,1972
4958,47526,47536,124,84,900,-687,46,49,34,28220,-16247,-12516,928,1973
4958,47549,47559,117,86,901,-527,53,52,32,28124,-16026,-12558,923,1974
4958,47572,47582,119,93,902,-1247,60,50,37,28202,-15996,-12456,921,1975
4958,47595,47605,126,86,898,-847,57,56,33,28232,-16169,-12498,921,1976
4958,47618,47627,116,89,913,-703,50,46,33,28100,-16163,-12588,919,1977
4958,47640,47650,115,93,896,-719,51,52,35,28148,-15936,-12480,922,1978
4958,47663,47673,123,97,910,-1327,52,56,33,28304,-16037,-12456,921,1979
4958,47691,47701,122,89,891,-703,58,49,34,28190,-15984,-12630,919,1980
4958,47714,47724,127,90,899,-1343,52,53,33,28184,-15918,-12822,921,1981
4958,47737,47746,121,88,904,-895,52,44,35,28334,-16008,-12588,918,1982
4958,47759,47769,117,85,904,-1215,49,45,35,28154,-15984,-12510,921,1983
4958,47782,47792,121,87,896,-735,50,48,34,28118,-15948,-12175,922,1984
4958,47805,47815,121,89,898,-623,52,53,38,28178,-16115,-12576,918,1985
4958,47828,47838,125,87,899,-815,52,51,38,28190,-16014,-12301,920,1986
4958,47851,47860,121,80,903,-911,56,53,42,28017,-15990,-12390,920,1987
4958,47873,47883,123,88,899,-1103,51,51,34,28226,-15768,-12504,914,1988
4958,47896,47906,122,85,910,-1007,54,56,33,28124,-15762,-12618,920,1989
4958,47919,47929,133,94,899,-1039,57,50,41,28202,-15942,-12618,916,1990
4958,47942,47952,119,92,896,-1007,52,53,33,27897,-16031,-12672,918,1991
4958,47965,47974,121,87,909,-1055,53,51,36,28238,-16031,-12420,922,1992
4958,47987,47997,119,87,905,-1023,56,53,34,28208,-15972,-12343,920,1993
4958,48015,48025,126,93,902,-767,59,49,37,28076,-15936,-12750,921,1994
4958,48038,48048,113,88,900,-815,45,52,33,28136,-16139,-12624,922,1995
4958,48061,48071,126,95,904,-911,59,52,36,27969,-16151,-12588,917,1996
4958,48084,48094,123,93,905,-703,53,52,35,28058,-16139,-12432,918,1997
4958,48107,48116,126,89,892,-831,49,49,33,27915,-16097,-12426,920,1998
4958,48129,48139,121,91,909,-1183,57,51,33,28118,-15990,-12432,920,1999
4958,48152,48162,121,84,902,-1391,50,52,34,28148,-16031,-12474,917,2000
4958,48175,48185,126,95,900,-1007,51,50,37,27927,-15828,-12450,921,2001
4958,48198,48208,121,91,893,-911,51,48,38,28094,-15918,-12612,924,2002
4958,48221,48230,132,96,907,-495,52,56,38,27945,-15954,-12822,920,2003
4958,48243,48253,123,93,902,-1055,48,52,34,27945,-15972,-12516,922,2004
4958,48266,48276,125,91,900,-1103,51,52,40,27885,-16002,-12528,922,2005
4958,48289,48299,123,94,900,-1023,53,54,38,27867,-16139,-12612,921,2006
4958,48312,48322,120,93,901,-1103,57,52,38,27927,-15978,-12720,919,2007
4958,48340,48350,123,88,907,-1103,53,48,36,27975,-16020,-12408,922,2008
4958,48363,48373,117,85,901,-1071,56,56,38,27987,-16008,-12390,920,2009
4958,48386,48395,119,79,903,-1007,52,50,36,28082,-15984,-12510,921,2010
4958,48408,48418,128,85,896,-687,52,51,32,28208,-16037,-12516,920,2011
4958,48431,48441,120,88,906,-1247,50,50,38,28142,-16008,-12522,920,2012
4958,48454,48464,123,89,902,-767,54,54,26,28076,-16097,-12145,924,2013
4958,48477,48487,119,95,904,-687,56,54,36,28082,-16097,-12349,918,2014
4958,48500,48509,119,88,904,-815,57,57,43,28100,-16097,-12480,922,2015
4958,48522,48532,123,86,901,-735,52,52,36,28023,-16175,-12570,918,2016
4958,48545,48555,122,87,905,-959,54,58,38,27939,-16187,-12582,920,2017
4958,48568,48578,120,83,895,-671,61,56,40,28005,-16163,-12343,923,2018
4958,48591,48601,123,90,907,-927,51,51,37,27987,-16020,-12522,922,2019
4958,48614,48624,125,92,900,-943,53,52,40,28011,-16008,-12528,923,2020
4958,48637,48646,117,93,895,-1023,50,49,40,27903,-16061,-12271,918,2021
4958,48665,48674,126,91,903,-831,52,45,40,27891,-16014,-12600,918,2022
4958,48687,48697,119,92,906,-559,49,56,37,27771,-16145,-12540,922,2023
4958,48710,48720,129,89,891,-767,53,56,38,27951,-16067,-12337,923,2024
4958,48733,48743,115,90,905,-751,49,51,30,28023,-16103,-12432,921,2025
4958,48756,48766,121,100,896,-655,51,50,35,27963,-15846,-12582,921,2026
4958,48779,48789,122,98,904,-959,57,56,38,27927,-15702,-12414,920,2027
4958,48801,48811,117,90,898,-1423,56,56,37,28130,-15936,-12648,921,2028
4958,48824,48834,121,84,905,-847,51,50,33,28017,-16127,-12414,919,2029
4958,48847,48857,127,88,900,-1359,54,56,37,28082,-16055,-12863,919,2030
4958,48870,48880,119,89,898,-1231,52,51,36,28005,-16055,-12744,919,2031
4958,48893,48903,116,91,895,-767,52,54,36,28184,-16091,-12588,919,2032
4958,48916,48925,120,83,902,-719,51,58,44,28310,-16091,-12654,922,2033
4958,48938,48948,119,94,894,-959,51,51,38,28148,-16247,-12456,921,2034
4958,48961,48971,113,84,902,-991,54,58,37,28017,-15954,-12396,923,2035
4958,48989,48999,123,91,915,-1167,54,52,38,28041,-16157,-12516,921,2036
4958,49012,49022,122,88,898,-591,50,50,41,27933,-16055,-13821,919,2037
4958,49035,49045,122,91,905,-351,52,52,34,28070,-16037,-12702,918,2038
4958,49058,49067,121,89,899,-799,50,48,34,27957,-16211,-12756,918,2039
4958,49080,49090,123,97,897,-1071,53,53,43,28017,-16109,-12720,923,2040
4958,49103,49113,123,83,898,-767,56,50,38,28100,-16109,-12857,927,2041
4958,49126,49136,124,94,900,-879,60,56,41,27807,-16097,-12618,920,2042
4958,49149,49159,128,87,898,-847,53,60,34,28076,-16169,-12720,923,2043
4958,49172,49181,128,91,902,-639,49,56,30,28118,-16337,-12630,921,2044
4958,49194,49204,123,91,900,-1119,59,52,40,28130,-16067,-12546,921,2045
4958,49217,49227,123,94,901,-1007,53,52,41,28106,-16145,-12684,922,2046
4958,49240,49250,122,92,907,-687,50,51,41,28184,-16247,-12450,919,2047
4958,49263,49273,123,93,904,-1135,57,56,38,28256,-16157,-12414,919,2048
4958,49286,49295,123,89,904,-847,56,50,40,28388,-16361,-12534,919,2049
4958,49307,49317,119,94,900,-847,53,45,30,28184,-16145,-12456,919,2050
4958,49330,49340,128,94,904,-607,51,49,32,28244,-16079,-12432,924,2051
4958,49353,49363,120,89,901,-927,53,53,32,28082,-16133,-12576,919,2052
4958,49376,49385,121,91,906,-1391,52,53,35,27969,-16211,-12600,918,2053
4958,49398,49408,129,97,903,-1567,50,50,33,27837,-16325,-12756,925,2054
4958,49421,49431,124,92,907,-1279,53,50,34,28106,-16265,-12462,923,2055
4958,49444,49454,130,88,908,-543,51,56,41,28023,-16145,-12301,921,2056
4958,49467,49477,124,91,904,-863,48,54,42,28064,-16295,-12522,922,2057
4958,49489,49499,130,88,909,-1087,45,50,34,28011,-16211,-12510,921,2058
4958,49512,49522,132,89,902,-911,58,52,48,28029,-16223,-12444,922,2059
4958,49535,49545,126,87,904,-527,54,52,36,28088,-16026,-12361,923,2060
4958,49565,49575,139,93,906,-591,53,51,37,28017,-16247,-12295,920,2061
4958,49588,49598,128,80,907,-911,51,54,38,28106,-16091,-12319,921,2062
4958,49616,49626,128,91,894,-799,51,46,37,27999,-16043,-12151,922,2063
4958,49639,49649,127,95,902,-1231,45,57,36,28094,-16163,-12462,918,2064
4958,49662,49671,118,86,902,-1311,56,52,37,28052,-16235,-12540,922,2065
4958,49684,49694,126,88,904,-639,50,48,37,27993,-15912,-12265,922,2066
4958,49707,49717,124,89,907,-959,58,54,42,28190,-16151,-12337,922,2067
4958,49730,49740,122,91,907,-767,49,53,41,28160,-16031,-12001,919,2068
4958,49753,49763,120,94,902,-799,48,48,37,28023,-16307,-12319,919,2069
4958,49776,49785,122,88,894,-895,52,56,38,27885,-16049,-12127,921,2070
4958,49798,49808,123,88,905,-543,54,45,35,28214,-16145,-12648,920,2071
4958,49821,49831,124,88,913,-1199,56,46,42,28220,-16343,-12432,921,2072
4958,49844,49854,127,91,904,-559,53,52,36,28172,-16145,-12480,922,2073
4958,49867,49876,121,91,901,-879,52,56,38,28184,-16067,-12624,922,2074
4958,49889,49899,118,92,907,-847,53,53,41,28286,-16175,-12408,922,2075
4958,49912,49922,118,82,889,-1151,51,52,44,28262,-16091,-12450,920,2076
4958,49940,49950,123,92,900,-687,53,51,34,28256,-16121,-12241,921,2077
4958,49963,49973,125,91,902,-1167,53,49,35,28316,-16277,-12564,918,2078
4958,49986,49996,130,91,904,-767,52,46,34,28310,-16175,-12396,919,2079
4958,50008,50018,131,90,903,-831,56,56,34,28382,-16349,-12486,925,2080
4958,50031,50041,126,88,899,-911,52,48,37,28418,-16079,-12552,919,2081
4958,50054,50064,128,87,897,-927,51,51,38,28280,-16157,-12636,921,2082
4958,50077,50087,132,86,898,-927,53,52,38,28412,-16026,-12540,918,2083
4958,50099,50109,121,86,898,-879,53,51,40,28388,-15840,-12636,920,2084
4958,50122,50132,126,93,889,-735,56,53,36,28334,-15888,-12492,918,2085
4958,50145,50155,123,84,901,-959,46,48,36,28166,-16187,-12540,922,2086
4958,50168,50178,129,76,908,-815,54,46,40,28364,-16163,-12414,920,2087
4958,50191,50200,120,95,908,-767,53,52,40,28382,-16139,-12390,920,2088
4958,50213,50223,117,82,906,-1199,58,48,42,28466,-15942,-12492,922,2089
4958,50236,50246,118,93,899,-607,50,53,36,28430,-16157,-12492,919,2090
4958,50264,50274,121,89,910,-623,50,48,41,28412,-16014,-12702,921,2091
4958,50287,50297,124,97,902,-975,46,57,37,28214,-16121,-12516,922,2092
4958,50310,50320,121,93,900,-991,53,46,38,28274,-16008,-12732,920,2093
4958,50333,50342,120,98,900,-559,50,51,41,28106,-16283,-12187,918,2094
4958,50355,50365,124,93,909,-527,53,52,36,28364,-16355,-12031,923,2095
4958,50378,50388,128,89,900,-1103,51,50,36,28035,-16289,-12468,923,2096
4958,50401,50411,134,87,900,-1263,50,45,35,28082,-16175,-12073,922,2097
4958,50424,50433,118,87,897,-799,56,49,35,28142,-16133,-12325,923,2098
4958,50446,50456,130,91,904,-703,57,54,37,28292,-16067,-12450,921,2099
4958,50469,50479,123,90,895,-1247,51,50,38,28220,-16253,-12516,919,2100
4958,50492,50502,127,94,895,-463,51,54,38,28160,-16109,-12450,920,2101
4958,50515,50524,117,89,901,-1183,52,58,33,28100,-16187,-12780,920,2102
4958,50537,50547,122,84,902,-911,52,51,37,28232,-16103,-12726,922,2103
4958,50560,50570,120,94,902,-1151,54,53,38,28214,-16008,-12295,920,2104
4958,50588,50598,127,96,909,-1247,50,52,40,28298,-16043,-12402,924,2105
4958,50611,50621,126,95,895,-751,50,50,38,28232,-16205,-12522,921,2106
4958,50634,50643,122,92,903,-495,53,46,30,28352,-16037,-12367,921,2107
4958,50656,50666,126,87,898,-399,54,52,36,28232,-16121,-12277,920,2108
4958,50679,50689,117,100,912,-751,57,53,34,28184,-16229,-12420,926,2109
4958,50702,50712,119,89,899,-751,54,49,36,28304,-16217,-12247,921,2110
4958,50725,50735,124,85,898,-655,46,58,40,28370,-16163,-12486,921,2111
4958,50748,50757,127,84,908,-1311,58,48,38,28382,-16085,-12570,920,2112
4958,50770,50780,125,98,904,-479,52,52,40,28286,-16199,-12606,922,2113
4958,50793,50803,128,84,900,-671,56,53,38,28262,-16127,-12432,920,2114
4958,50816,50826,130,85,909,-303,50,49,33,28190,-16002,-12462,919,2115
4958,50839,50849,120,104,901,-1295,49,46,35,28382,-16061,-12504,923,2116
4958,50862,50871,110,88,900,-1167,52,54,38,28017,-16139,-12726,918,2117
4958,50884,50894,125,97,903,-735,51,58,36,27993,-15876,-12732,920,2118
4958,50912,50922,117,83,893,-447,53,50,37,28130,-16031,-12696,924,2119
4958,50935,50945,125,89,899,-927,50,51,37,28160,-16055,-12696,923,2120
4958,50958,50968,123,89,904,-895,53,51,35,28256,-16157,-12534,923,2121
4958,50981,50991,127,85,900,-479,52,51,33,28148,-16217,-12822,924,2122
4958,51003,51013,129,91,903,-879,51,54,40,27999,-16193,-12546,920,2123
4958,51026,51036,116,82,904,-767,54,52,35,28154,-16241,-12546,921,2124
4958,51049,51059,114,97,907,-975,54,54,32,28178,-16169,-12612,921,2125
4958,51072,51082,117,91,903,-1151,53,53,40,28100,-16319,-12588,921,2126
4958,51095,51104,130,92,902,-591,49,52,36,28322,-16026,-12462,916,2127
4958,51117,51127,132,93,906,-1087,53,50,40,28100,-16109,-12486,922,2128
4958,51140,51150,119,89,900,-1007,54,45,38,28274,-16079,-12684,920,2129
4958,51163,51173,120,88,909,-767,56,54,37,28310,-15966,-12714,924,2130
4958,51186,51196,119,84,900,-463,53,49,35,28460,-16211,-12708,923,2131
4958,51209,51218,122,88,900,-735,48,50,35,28160,-16151,-12756,918,2132
4958,51237,51247,124,89,898,-1055,51,54,43,28358,-16247,-12540,923,2133
4958,51259,51269,110,87,906,-607,54,56,36,28190,-16289,-12390,920,2134
4958,51282,51292,119,90,895,-687,49,51,38,28154,-16283,-12295,918,2135
4958,51305,51315,129,91,896,-1167,53,51,34,28232,-16247,-12528,922,2136
4958,51328,51337,124,84,893,-719,52,53,36,28172,-16205,-12576,916,2137
4958,51350,51360,128,91,908,-703,57,54,32,28178,-16241,-12630,920,2138
4958,51373,51383,126,91,894,-991,52,52,40,28352,-16229,-12612,922,2139
4958,51396,51406,123,91,893,-927,56,48,37,28286,-16127,-12319,920,2140
4958,51419,51429,123,93,900,-1151,51,52,36,28262,-16277,-12558,922,2141
4958,51442,51451,117,90,901,-815,45,50,28,28178,-16115,-12468,919,2142
4958,51464,51474,119,88,898,-911,48,54,30,28256,-16247,-12744,922,2143
4958,51487,51497,115,91,895,-975,54,52,45,28244,-16085,-12510,922,2144
4958,51531,51541,121,86,898,-783,50,50,40,27969,-16217,-12540,921,2145
4958,51559,51569,120,93,901,-751,51,52,44,28041,-16020,-12678,924,2146
4958,51582,51592,126,88,909,-479,45,50,38,28118,-16187,-12594,921,2147
4958,51605,51615,126,90,898,-1135,46,54,40,28268,-16229,-12678,920,2148
4958,51627,51637,121,86,911,-655,50,53,37,28184,-16319,-12684,919,2149
4958,51650,51660,124,87,899,-607,54,46,35,28082,-16223,-12732,922,2150
4958,51673,51683,126,86,905,-831,56,50,38,28244,-16391,-12384,922,2151
4958,51696,51705,126,90,898,-1135,57,49,33,28202,-16463,-12702,922,2152
4958,51718,51728,121,87,898,-879,52,45,35,28184,-16157,-12414,923,2153
4958,51741,51751,126,91,901,-959,52,52,32,28316,-16091,-12654,923,2154
4958,51764,51774,117,94,906,-623,49,48,43,28202,-16253,-12564,922,2155
4958,51787,51797,126,92,899,-655,54,49,37,28196,-16283,-12402,922,2156
4958,51810,51819,126,89,906,-703,54,54,35,28058,-16229,-12636,920,2157
4958,51832,51842,115,89,901,-655,58,52,38,28118,-16283,-12636,918,2158
4958,51855,51865,121,84,896,-399,52,61,36,28244,-16193,-12546,923,2159
4958,51883,51893,121,96,900,-735,49,52,41,28316,-16331,-12420,921,2160
4958,51906,51916,116,93,905,-719,50,57,40,28334,-16151,-12534,925,2161
4958,51928,51938,127,92,904,-975,52,51,37,28310,-16205,-12522,920,2162
4958,51951,51961,130,89,902,-383,53,51,38,28154,-16055,-12384,919,2163
4958,51974,51984,124,84,902,-911,51,49,42,28106,-16020,-12325,923,2164
4958,51997,52007,119,95,896,-671,50,53,44,28172,-15954,-12786,922,2165
4958,52019,52029,121,89,904,-1279,52,45,36,28017,-16217,-12774,923,2166
4958,52042,52052,115,82,893,-1119,54,50,36,28262,-16014,-12444,919,2167
4958,52065,52075,121,84,898,-1279,50,50,41,28160,-16109,-12474,920,2168
4958,52088,52097,124,84,905,-927,60,53,38,28047,-16073,-12648,921,2169
4958,52110,52120,122,89,896,-943,49,51,32,28250,-15990,-12205,919,2170
4958,52133,52143,122,92,897,-831,56,53,35,28196,-15906,-12295,924,2171
4958,52156,52166,120,91,904,-943,54,51,36,28196,-15954,-12295,920,2172
4958,52179,52188,127,95,909,-783,52,57,36,28220,-16109,-12420,919,2173
4958,52207,52217,113,92,899,-1071,51,49,37,28130,-15906,-12367,917,2174
4958,52229,52239,120,87,900,-559,51,54,34,28100,-15948,-12283,919,2175
4958,52252,52262,123,88,900,-975,53,52,34,27897,-15954,-12295,919,2176
4958,52275,52285,123,95,903,-543,51,49,36,28058,-16073,-12349,921,2177
4958,52297,52307,123,89,899,-767,48,46,35,28244,-16187,-12367,922,2178
4958,52320,52330,122,86,902,-1071,59,49,36,28005,-16014,-12325,921,2179
4958,52343,52353,126,93,901,-543,52,52,35,28017,-16014,-12522,919,2180
4958,52366,52376,126,77,900,-783,57,56,35,28023,-16043,-12367,918,2181
4958,52396,52406,124,97,898,-943,53,53,28,28148,-15984,-12325,920,2182
4958,52419,52428,116,85,899,-255,52,51,32,28058,-15858,-12552,921,2183
4958,52441,52451,121,85,904,-783,50,54,34,28130,-16145,-12624,918,2184
4958,52464,52474,127,91,905,-1007,49,56,30,28118,-16002,-12390,919,2185
4958,52487,52496,119,86,904,-719,53,53,38,28220,-16061,-12253,921,2186
4958,52509,52519,127,91,909,-1023,49,50,35,28148,-16014,-12163,921,2187
4958,52537,52547,123,97,896,-751,50,53,38,28052,-16067,-12486,922,2188
4958,52560,52570,123,91,901,-1007,56,58,34,28130,-16002,-12702,918,2189
4958,52583,52592,126,91,905,-1167,52,51,34,27963,-15846,-12367,920,2190
4958,52605,52615,116,91,903,-1055,50,51,36,27999,-15672,-12432,922,2191
4958,52628,52638,121,92,902,-623,50,56,41,27981,-15906,-12528,917,2192
4958,52651,52660,128,88,899,-1215,51,45,35,28106,-15936,-12438,919,2193
4958,52673,52683,117,92,901,-975,51,42,40,28196,-15990,-12486,924,2194
4958,52696,52706,119,90,904,-1087,48,49,35,28244,-15948,-12504,917,2195
4958,52719,52728,119,97,900,-799,58,51,36,28088,-15996,-12833,923,2196
4958,52741,52751,121,95,900,-575,52,53,36,28166,-15864,-12624,916,2197
4958,52764,52774,132,88,900,-1167,52,49,37,28220,-15798,-12738,922,2198
4958,52787,52797,121,89,911,-1071,51,48,33,28202,-15846,-12522,920,2199
4958,52809,52819,125,93,903,-895,53,50,34,28136,-16043,-12726,924,2200
4958,52842,52852,122,89,904,-831,56,45,38,28064,-16043,-12648,923,2201
4958,52869,52879,121,93,905,-591,54,51,37,28244,-16049,-12750,923,2202
4958,52892,52902,122,81,901,-607,50,51,34,28154,-16014,-12816,922,2203
4958,52914,52924,121,92,900,-1183,58,58,41,28178,-16253,-12792,923,2204
4958,52937,52947,122,97,897,-1071,52,53,43,28112,-16026,-12510,921,2205
4958,52960,52970,125,91,908,-751,52,53,37,28148,-16091,-12786,923,2206
4958,52982,52992,126,91,906,-911,53,50,38,28082,-16043,-12851,915,2207
4958,53005,53015,126,90,898,-1023,53,53,34,28232,-16157,-13067,920,2208
4958,53028,53038,122,95,900,-719,51,51,36,28430,-16223,-12798,921,2209
4958,53050,53060,123,91,892,-1183,48,48,35,28394,-16020,-12857,924,2210
4958,53073,53083,119,89,899,-751,52,54,42,28364,-16049,-12624,923,2211
4958,53096,53105,124,100,904,-1135,52,54,41,28286,-16133,-12432,922,2212
4958,53118,53128,121,95,897,-1247,54,50,35,28190,-16055,-12474,918,2213
4958,53141,53151,127,92,903,-1055,49,52,32,28124,-16145,-12642,923,2214
4958,53164,53173,117,97,895,-671,51,51,37,28370,-16049,-12582,921,2215
4958,53190,53200,128,91,903,-815,54,49,35,28268,-16157,-12642,915,2216
4958,53212,53222,115,87,902,-351,49,44,36,28232,-16325,-12684,917,2217
4958,53235,53245,123,90,907,-1087,50,58,32,28148,-16271,-12696,921,2218
4958,53258,53267,128,89,906,-831,46,52,35,28082,-16031,-12833,922,2219
4958,53281,53290,126,101,900,-1039,52,53,37,28154,-16061,-12768,921,2220
4958,53303,53313,120,84,909,-383,53,54,43,28106,-16151,-12810,920,2221
4958,53326,53336,126,83,908,-1407,48,50,32,28172,-16253,-12911,923,2222
4958,53349,53358,123,89,899,-735,49,50,42,28130,-16145,-12361,913,2223
4958,53371,53381,126,95,897,-703,50,51,36,28196,-16349,-12708,920,2224
4958,53394,53404,126,88,906,-1071,48,52,36,28310,-16037,-13007,920,2225
4958,53417,53426,120,91,902,-1199,53,48,37,28148,-16211,-12660,922,2226
4958,53439,53449,126,93,891,-463,48,56,40,28136,-16193,-12905,918,2227
4958,53462,53472,119,93,898,-1279,49,56,40,28190,-16133,-12642,922,2228
4958,53490,53500,125,87,908,-431,56,51,37,28112,-16169,-12666,921,2229
4958,53513,53523,121,94,909,-895,54,49,38,28172,-16139,-12618,920,2230
4958,53536,53545,125,89,901,-1055,53,50,42,28250,-16253,-12905,921,2231
4958,53558,53568,121,86,904,-719,51,52,37,28118,-16014,-13025,917,2232
4958,53581,53591,121,95,907,-1231,45,50,34,28388,-16175,-12917,922,2233
4958,53604,53614,125,85,902,-1055,52,51,40,28244,-16127,-12827,926,2234
4958,53627,53637,119,95,906,-1135,52,50,38,28124,-16157,-12804,922,2235
4958,53650,53660,122,91,901,-575,54,52,32,28172,-16223,-12594,922,2236
4958,53673,53683,118,91,905,-911,50,51,40,28208,-16145,-12804,920,2237
4958,53696,53705,120,94,905,-991,50,51,38,28184,-16265,-12774,924,2238
4958,53718,53728,121,93,902,-1103,53,50,37,28100,-16127,-12804,922,2239
4958,53741,53751,124,91,896,-1167,53,52,38,28322,-16139,-12744,923,2240
4958,53764,53774,118,83,893,-1039,46,51,33,28190,-16169,-12875,918,2241
4958,53787,53797,120,93,893,-1007,46,49,35,28154,-16139,-12780,921,2242
4958,53815,53825,116,87,897,-847,51,50,36,28058,-16361,-12516,924,2243
4958,53838,53848,123,87,911,-1119,54,52,42,28082,-16157,-12414,921,2244
4958,53861,53871,116,95,908,-511,51,49,32,28052,-16115,-12750,924,2245
4958,53884,53894,135,87,904,-959,53,52,35,28041,-16031,-12822,923,2246
4958,53907,53916,119,95,891,-751,50,53,37,28136,-16235,-12893,919,2247
4958,53929,53939,122,87,899,-1023,53,52,33,28274,-16097,-12875,920,2248
4958,53952,53962,117,86,906,-927,60,54,38,28136,-16133,-12899,920,2249
4958,53975,53985,115,86,903,-1071,54,53,36,28238,-16103,-12798,917,2250
4958,53998,54008,123,87,903,-1119,57,48,35,28082,-16217,-12702,918,2251
4958,54021,54031,119,95,898,-719,52,50,37,28106,-15936,-12606,917,2252
4958,54044,54054,121,84,897,-1119,53,48,35,28142,-16091,-12750,922,2253
4958,54067,54077,117,94,902,-367,53,51,35,28172,-16229,-12780,920,2254
4958,54090,54099,126,91,898,-1199,53,52,38,28017,-15948,-12816,924,2255
4958,54112,54122,126,90,901,-783,49,52,34,27975,-16127,-12576,922,2256
4958,54141,54150,126,89,904,-783,53,45,35,28208,-16145,-12444,922,2257
4958,54163,54173,128,86,903,-927,62,52,36,28088,-16241,-12738,922,2258
4958,54186,54196,121,94,900,-687,56,57,37,28064,-16307,-12720,918,2259
4958,54209,54219,123,85,904,-495,49,49,33,28166,-16199,-12510,920,2260
4958,54232,54242,119,93,906,-1263,54,45,37,28172,-16169,-12738,924,2261
4958,54255,54265,120,91,891,-671,52,44,33,28011,-16325,-12768,919,2262
4958,54278,54287,122,96,899,-703,51,46,38,28142,-16109,-12690,925,2263
4958,54301,54310,130,82,896,-863,59,50,28,28100,-16091,-12714,921,2264
4958,54323,54333,122,84,900,-495,53,46,37,28106,-16002,-12444,920,2265
4958,54346,54356,123,84,900,-767,54,56,37,28244,-16157,-12636,920,2266
4958,54369,54379,128,97,904,-927,52,48,40,28047,-16175,-12570,924,2267
4958,54392,54402,118,86,901,-1087,53,53,36,28041,-16193,-12618,921,2268
4958,54415,54425,115,91,904,-719,51,48,34,28244,-16002,-12726,919,2269
4958,54438,54448,128,89,893,-783,52,52,37,28178,-16139,-12666,923,2270
4958,54466,54476,123,93,905,-575,53,42,34,27993,-16103,-12702,920,2271
4958,54489,54499,122,86,904,-607,56,50,37,28005,-16031,-12109,921,2272
4958,54512,54521,124,89,904,-879,56,50,37,28124,-16181,-12498,920,2273
4958,54534,54544,121,93,899,-1103,49,48,33,28023,-16079,-12414,919,2274
4958,54557,54567,123,84,907,-1103,61,50,40,28088,-16091,-12169,923,2275
4958,54580,54590,128,92,906,-1087,53,54,41,28208,-16151,-12367,919,2276
4958,54603,54613,122,93,907,-1199,48,46,33,28172,-16253,-12588,923,2277
4958,54626,54636,113,91,900,-767,52,53,40,28112,-16109,-12588,922,2278
4958,54649,54659,119,92,901,-1247,49,49,36,28190,-16295,-12337,925,2279
4958,54672,54682,122,93,908,-655,50,56,37,28011,-16313,-12516,921,2280
4958,54695,54704,121,91,900,-1007,53,48,36,28124,-16259,-12768,918,2281
4958,54717,54727,124,87,896,-1119,48,49,32,28094,-16253,-12438,920,2282
4958,54740,54750,117,89,903,-911,46,51,36,28190,-16175,-12594,922,2283
4958,54763,54773,119,80,897,-399,56,53,33,28160,-16061,-12373,919,2284
4958,54791,54801,129,85,906,-543,48,51,34,28076,-16193,-12546,922,2285
4958,54814,54824,117,88,903,-1231,53,50,29,28047,-16247,-12720,917,2286
4958,54837,54847,121,89,895,-719,52,49,32,28160,-16109,-12558,919,2287
4958,54860,54870,121,82,904,-1119,56,59,40,28130,-16289,-12480,922,2288
4958,54883,54893,120,95,902,-367,48,46,38,28190,-16133,-12612,921,2289
4958,54906,54915,118,87,903,-559,56,52,35,28220,-16223,-12450,922,2290
4958,54928,54938,132,90,904,-1151,53,52,35,28047,-16109,-12522,921,2291
4958,54951,54961,125,93,895,-671,51,50,38,28094,-15990,-12618,918,2292
4958,54974,54984,130,88,903,-687,50,51,35,28058,-16127,-12456,925,2293
4958,54997,55007,122,94,902,-1391,49,43,34,28238,-16020,-12193,916,2294
4958,55020,55030,126,93,911,-607,57,49,37,28262,-15918,-12456,919,2295
4958,55043,55053,121,96,903,-1439,57,50,38,28160,-16169,-12833,916,2296
4958,55066,55075,128,95,901,-655,54,53,37,28064,-16115,-12780,921,2297
4958,55088,55098,120,95,902,-543,49,42,37,28226,-16121,-12654,920,2298
4958,55117,55126,119,91,900,-751,53,56,33,27993,-16037,-13043,921,2299
4958,55139,55149,121,85,898,-1135,46,53,35,28184,-16020,-12666,923,2300
4958,55162,55172,119,93,908,-895,50,48,32,28184,-16037,-12827,921,2301
4958,55185,55195,124,92,898,-911,52,53,36,28184,-15882,-12857,923,2302
4958,55208,55218,119,93,898,-879,48,46,30,28172,-16049,-12887,922,2303
4958,55238,55248,123,89,900,-959,50,56,36,28388,-15870,-12684,920,2304
4958,55261,55271,122,93,902,-847,54,50,37,27999,-15894,-12804,922,2305
4958,55284,55294,121,90,909,-975,52,48,32,28142,-16049,-12492,918,2306
4958,55306,55316,123,90,909,-319,50,49,32,28316,-15996,-12534,917,2307
4958,55329,55339,132,88,898,-463,54,56,36,28160,-16014,-12396,922,2308
4958,55352,55362,126,87,900,-1199,49,52,37,28076,-16115,-12702,922,2309
4958,55375,55385,126,97,894,-287,53,46,32,28166,-16145,-12618,921,2310
4958,55398,55408,112,88,902,-1039,50,50,38,28202,-16097,-12720,922,2311
4958,55426,55436,120,90,898,-687,50,48,35,28124,-15930,-12618,924,2312
4958,55449,55459,126,89,902,-1039,57,45,30,28214,-16020,-12552,920,2313
4958,55471,55481,126,87,904,-959,56,52,37,28286,-16283,-12630,921,2314
4958,55494,55504,115,81,899,-703,53,48,36,28017,-15948,-12708,920,2315
4958,55517,55527,117,88,904,-1023,53,48,37,28023,-16181,-13007,923,2316
4958,55540,55550,121,93,898,-1039,56,46,38,28082,-16026,-12564,919,2317
4958,55563,55573,128,95,897,-1023,50,51,38,28052,-16139,-13001,920,2318
4958,55586,55595,119,89,911,-815,50,48,33,28298,-16115,-12875,916,2319
4958,55608,55618,121,91,904,-703,53,52,40,28094,-16235,-12468,923,2320
4958,55631,55641,121,81,902,-783,48,50,30,28088,-16217,-12492,924,2321
4958,55654,55664,127,98,901,-479,52,59,38,28058,-16061,-12456,921,2322
4958,55677,55687,121,93,893,-687,54,51,34,28094,-16067,-12708,920,2323
4958,55700,55710,127,85,902,-1215,50,56,41,28076,-16067,-12480,921,2324
4958,55723,55732,129,95,904,-431,52,50,35,28100,-16037,-12480,925,2325
4958,55751,55761,117,87,898,-1215,46,46,34,28124,-16043,-12390,923,2326
4958,55773,55783,126,82,901,-1055,48,50,36,28142,-16085,-12612,921,2327
4958,55796,55806,123,88,899,-735,51,50,38,28130,-15978,-12845,924,2328
4958,55819,55829,127,86,904,-655,48,53,35,28142,-16127,-12618,920,2329
4958,55842,55852,130,95,902,-735,52,57,37,28160,-16187,-12444,921,2330
4958,55865,55875,125,94,897,-671,52,54,40,28023,-16115,-12295,922,2331
4958,55888,55898,132,85,902,-1183,50,51,38,27867,-15894,-12384,922,2332
4958,55911,55920,128,84,902,-1231,49,52,42,27933,-16061,-12768,920,2333
4958,55933,55943,119,95,897,-1423,49,48,35,27957,-15966,-12498,919,2334
4958,55956,55966,120,91,900,-687,56,52,36,28070,-16026,-12420,920,2335
4958,55979,55989,118,91,911,-751,57,49,33,28184,-16031,-12786,922,2336
4958,56002,56012,116,95,888,-831,50,45,36,28172,-15966,-12504,918,2337
4958,56025,56035,126,94,891,-671,49,48,36,28112,-16079,-12510,921,2338
4958,56048,56058,117,94,904,-799,48,52,36,28130,-16061,-12444,919,2339
4958,56076,56086,119,91,904,-927,48,45,36,28310,-15996,-12349,920,2340
4958,56099,56108,115,89,896,-1071,51,44,34,28130,-16043,-12612,927,2341
4958,56121,56131,128,90,909,-991,50,54,40,28244,-15900,-12378,919,2342
4958,56144,56154,121,93,911,-1039,50,46,37,28394,-16145,-12564,919,2343
4958,56167,56177,123,84,899,-783,56,52,35,28190,-16229,-12522,920,2344
4958,56190,56200,117,88,891,-1263,52,50,37,28286,-16067,-12618,919,2345
4958,56213,56223,123,87,903,-1119,46,52,36,28076,-16205,-12373,923,2346
4958,56236,56246,115,96,900,-847,50,54,36,28292,-16026,-12528,921,2347
4958,56259,56269,121,87,909,-671,54,49,37,27999,-16169,-12396,921,2348
4958,56282,56292,122,90,893,-1071,49,49,36,28268,-16061,-12420,914,2349
4958,56305,56314,119,84,898,-1199,52,49,30,28130,-16109,-12390,922,2350
4958,56327,56337,123,89,896,-767,49,46,34,28268,-16217,-12408,920,2351
4958,56350,56360,117,96,900,-623,50,51,41,28106,-16175,-12516,923,2352
4958,56373,56383,113,93,891,-1199,53,50,42,27933,-16265,-12444,923,2353
4958,56401,56411,120,93,902,-1279,54,48,33,28106,-16247,-12175,921,2354
4958,56424,56434,124,88,899,-1135,57,50,38,28082,-16199,-12331,922,2355
4958,56447,56457,125,82,907,-1007,53,48,42,28190,-16247,-12265,921,2356
4958,56470,56480,120,85,906,-1103,53,56,42,28388,-16181,-12588,922,2357
4958,56493,56502,128,89,894,-1279,56,54,35,28364,-16061,-12510,920,2358
4958,56515,56525,123,95,900,-719,49,51,33,28226,-16283,-12546,921,2359
4958,56538,56548,124,91,900,-863,51,53,36,28352,-16115,-12462,923,2360
4958,56561,56571,123,87,894,-879,54,46,33,28148,-15966,-12384,920,2361
4958,56584,56594,122,85,904,-831,50,49,34,28088,-16067,-12624,921,2362
4958,56607,56617,129,84,901,-671,49,51,38,28238,-16008,-12414,924,2363
4958,56651,56661,115,87,902,-975,50,50,38,28394,-16175,-12235,921,2364
4958,56674,56684,117,89,905,-1007,54,53,32,28238,-16115,-12390,923,2365
4958,56697,56706,124,84,904,-1391,53,51,34,28220,-16055,-12534,923,2366
4958,56720,56729,125,91,900,-1119,57,50,36,28298,-16097,-12540,919,2367
4958,56748,56758,124,91,902,-511,53,56,35,28035,-16133,-12576,924,2368
4958,56770,56780,121,90,904,-703,52,50,35,28178,-16301,-12624,921,2369
4958,56793,56803,128,89,906,-799,50,53,35,28352,-16265,-12390,922,2370
4958,56816,56826,121,86,909,-1087,53,52,36,28094,-16049,-12295,922,2371
4958,56839,56849,126,88,898,-1135,58,53,42,28070,-15966,-12594,925,2372
4958,56862,56872,120,84,909,-799,53,49,37,28316,-16235,-12660,921,2373
4958,56885,56894,130,85,909,-1119,51,48,32,28310,-16115,-12408,916,2374
4958,56907,56917,121,95,900,-671,51,51,34,28112,-15966,-12295,926,2375
4958,56930,56940,121,95,904,-1327,49,46,32,28316,-16055,-12546,920,2376
4958,56953,56963,128,94,896,-1151,50,46,29,28005,-16289,-12480,922,2377
4958,56976,56986,124,96,905,-1215,53,51,30,28130,-16061,-12486,922,2378
4958,56999,57009,126,95,904,-623,54,49,32,28082,-16229,-12510,919,2379
4958,57021,57031,118,87,911,-735,52,52,30,28394,-16175,-12486,920,2380
4958,57044,57054,128,86,908,-671,57,45,33,28220,-16307,-12540,922,2381
4958,57073,57082,123,87,912,-831,51,51,34,28064,-16127,-12325,917,2382
4958,57095,57105,126,91,901,-975,48,49,34,28322,-16211,-12420,922,2383
4958,57118,57128,119,93,895,-479,51,44,37,28100,-16169,-12402,923,2384
4958,57141,57151,121,89,911,-1087,50,49,36,28070,-16151,-12522,920,2385
4958,57164,57174,117,90,898,-1215,58,45,40,28064,-15984,-12534,920,2386
4958,57186,57196,126,92,898,-671,51,48,33,28106,-16169,-12408,924,2387
4958,57209,57219,121,87,902,-1215,46,48,29,28172,-15924,-12594,919,2388
4958,57232,57242,121,87,897,-559,54,50,32,28011,-16061,-12510,922,2389
4958,57255,57265,126,85,904,-767,50,48,36,28166,-16127,-12660,920,2390
4958,57278,57288,130,90,901,-719,54,50,34,28280,-16265,-12732,919,2391
4958,57301,57310,124,94,900,-1071,49,52,37,28316,-16115,-12660,918,2392
4958,57323,57333,123,93,901,-815,50,46,38,28334,-16259,-12528,922,2393
4958,57346,57356,117,84,911,-719,51,50,30,28244,-16265,-12869,921,2394
4958,57374,57384,121,87,896,-1023,52,46,41,28364,-16205,-12480,923,2395
4958,57397,57407,117,91,904,-511,54,51,36,28388,-16229,-12408,921,2396
4958,57420,57430,120,89,904,-815,53,49,28,28424,-16097,-12738,921,2397
4958,57443,57453,126,90,900,-831,52,48,34,28280,-16115,-12672,919,2398
4958,57466,57475,126,84,900,-1071,49,45,30,28400,-15912,-12684,921,2399
4958,57488,57498,120,95,901,-975,50,51,40,28328,-16073,-12564,920,2400
4958,57511,57521,130,93,898,-623,53,50,41,28262,-15792,-12349,923,2401
4958,57534,57544,113,86,896,-575,51,53,36,28370,-15990,-12540,917,2402
4958,57557,57567,123,92,902,-463,48,48,35,28310,-16139,-12564,923,2403
4958,57580,57589,118,89,901,-879,51,50,30,28172,-16229,-12373,922,2404
4958,57602,57612,123,85,906,-1135,52,52,43,28244,-16241,-12139,922,2405
4958,57625,57635,128,91,900,-543,49,46,35,28196,-16295,-12301,920,2406
4958,57648,57658,126,95,904,-863,50,49,36,28334,-16301,-12361,922,2407
4958,57671,57681,125,91,902,-447,51,51,34,28448,-16157,-12223,922,2408
4958,57699,57709,131,95,904,-1039,54,46,37,28358,-16289,-12325,920,2409
4958,57722,57732,121,97,906,-527,46,50,40,28190,-16271,-12271,917,2410
4958,57745,57754,127,92,902,-687,51,51,34,28262,-16445,-12378,918,2411
4958,57768,57777,121,89,895,-895,46,49,34,28316,-16163,-12594,920,2412
4958,57790,57800,121,93,902,-1039,49,48,32,28298,-16026,-12726,922,2413
4958,57813,57823,112,82,892,-1039,53,48,37,28292,-16211,-12546,919,2414
4958,57836,57846,128,93,894,-703,54,46,33,28274,-16247,-12522,923,2415
4958,57859,57869,126,84,906,-1231,52,48,40,28298,-16073,-12678,920,2416
4958,57882,57892,126,95,902,-655,53,44,32,28280,-16277,-12582,919,2417
4958,57905,57914,122,86,906,-1071,54,53,35,28124,-16014,-12408,922,2418
4958,57927,57937,129,82,911,-623,52,48,38,28250,-16145,-12402,921,2419
4958,57950,57960,129,91,906,-751,51,44,29,28298,-16175,-12690,919,2420
4958,57973,57983,123,87,899,-719,52,53,32,28130,-16145,-12558,924,2421
4958,57996,58006,130,96,900,-831,50,57,34,28232,-16211,-12480,916,2422
4958,58024,58034,125,84,902,-943,52,49,36,28178,-16103,-12289,918,2423
4958,58047,58057,127,99,896,-1087,48,54,38,28052,-16265,-12313,921,2424
4958,58077,58087,128,86,907,-1039,53,42,30,28406,-16187,-12474,921,2425
4958,58100,58110,123,84,901,-863,50,52,32,28190,-16205,-12361,921,2426
4958,58122,58132,133,88,904,-1055,52,49,35,28190,-16223,-12307,919,2427
4958,58145,58155,122,96,904,-207,52,50,41,28208,-16151,-12522,923,2428
4958,58168,58178,125,89,895,-575,56,52,37,28358,-16175,-12408,922,2429
4958,58191,58201,122,95,900,-1023,56,53,34,28280,-16115,-12959,926,2430
4958,58213,58223,128,88,900,-1167,48,51,38,28274,-15936,-12816,921,2431
4958,58236,58246,127,96,906,-783,54,49,36,28292,-16121,-12857,922,2432
4958,58259,58269,135,97,902,-927,56,54,42,28352,-16157,-12768,922,2433
4958,58282,58292,126,93,906,-911,56,49,42,28316,-16043,-12887,922,2434
4958,58305,58314,121,92,907,-687,50,51,30,28184,-16067,-12684,922,2435
4958,58327,58337,115,81,905,-911,49,46,36,28334,-16157,-12307,921,2436
4958,58355,58365,117,91,907,-911,53,53,38,28316,-16091,-12678,921,2437
4958,58388,58398,121,97,901,-1343,50,54,40,28280,-16157,-12432,920,2438
4958,58411,58421,130,93,898,-1327,53,49,33,28202,-16157,-12396,921,2439
4958,58434,58444,132,87,906,-607,50,48,34,28232,-16121,-12576,922,2440
4958,58456,58466,116,100,897,-815,53,49,33,28190,-16055,-12343,921,2441
4958,58479,58489,121,85,893,-879,54,49,38,27969,-15996,-12331,923,2442
4958,58502,58512,133,83,907,-1391,53,57,38,28023,-16169,-12247,928,2443
4958,58525,58535,129,91,903,-959,52,52,33,28052,-16259,-12295,923,2444
4958,58548,58557,122,94,888,-399,56,51,41,28250,-16205,-12462,921,2445
4958,58570,58580,129,83,911,-495,52,48,32,28070,-16229,-12432,922,2446
4958,58593,58603,121,91,904,-511,58,50,37,28292,-16073,-12444,921,2447
4958,58616,58626,127,98,906,-1087,54,51,36,28220,-16109,-12618,920,2448
4958,58639,58649,122,93,906,-943,51,51,35,28304,-16145,-12444,921,2449
4958,58662,58671,126,95,899,-1039,51,53,37,28148,-16043,-12145,914,2450
4958,58690,58699,124,84,904,-591,53,49,36,28256,-16235,-12534,922,2451
4958,58712,58722,116,96,908,-591,53,48,34,28178,-16253,-13971,920,2452
4958,58735,58745,126,97,904,-959,52,53,37,28220,-16397,-12570,922,2453
4958,58758,58768,123,90,905,-1263,52,52,32,28064,-16103,-12594,918,2454
4958,58781,58790,122,89,898,-879,49,50,37,27933,-16073,-12612,921,2455
4958,58803,58813,123,89,903,-431,48,51,35,28124,-16277,-12714,919,2456
4958,58826,58836,123,90,898,-943,50,50,34,28112,-16457,-12714,920,2457
4958,58849,58859,127,85,896,-575,49,52,32,28166,-16307,-12361,920,2458
4958,58872,58882,135,90,907,-1039,50,52,36,28172,-16277,-12552,921,2459
4958,58895,58904,126,93,902,-1103,49,53,37,28082,-16283,-12606,920,2460
4958,58917,58927,116,86,892,-847,51,50,32,28220,-16271,-12786,921,2461
4958,58940,58950,117,95,899,-1135,56,54,40,28148,-16121,-12851,923,2462
4958,58963,58973,128,87,901,-703,50,48,33,28322,-16319,-12989,920,2463
4958,58986,58996,123,95,904,-1183,52,48,36,28220,-16307,-12869,922,2464
4958,59014,59024,122,93,900,-767,54,57,40,28328,-16331,-12684,922,2465
4958,59037,59046,125,84,899,-1231,50,50,36,28346,-16193,-12678,927,2466
4958,59059,59069,128,87,904,-351,57,49,36,28358,-16349,-12720,923,2467
4958,59082,59092,115,89,902,-351,51,57,35,28448,-16235,-12468,923,2468
4958,59105,59115,123,84,907,-1119,53,56,41,28304,-16367,-12612,922,2469
4958,59128,59138,121,87,892,-1087,51,54,38,28112,-16295,-12402,918,2470
4958,59151,59160,128,93,903,-783,50,46,41,28124,-16301,-12630,923,2471
4958,59173,59183,119,92,903,-895,50,50,40,28196,-16037,-12660,922,2472
4958,59196,59206,122,96,902,-911,56,57,33,28088,-16079,-12570,923,2473
4958,59219,59229,137,97,903,-783,57,49,36,28076,-16151,-12678,923,2474
4958,59242,59252,115,85,889,-463,49,54,35,28124,-16175,-12941,924,2475
4958,59265,59275,124,93,902,-655,56,48,27,28274,-16211,-12624,921,2476
4958,59288,59297,128,95,905,-879,53,51,40,28202,-16229,-12456,922,2477
4958,59316,59325,123,97,900,-367,56,51,33,28029,-16205,-12552,923,2478
4958,59338,59348,115,93,897,-959,48,49,37,28172,-16241,-12552,920,2479
4958,59361,59371,124,89,895,-751,60,50,38,28136,-16205,-12816,920,2480
4958,59384,59394,126,87,906,-687,52,53,43,28124,-16163,-12594,921,2481
4958,59407,59416,121,86,900,-1151,52,52,38,28268,-16235,-12600,921,2482
4958,59429,59439,130,90,900,-1231,49,52,35,28154,-16421,-12762,921,2483
4958,59452,59462,119,94,900,-863,56,43,33,28250,-16361,-12851,919,2484
4958,59475,59485,124,93,905,-751,54,52,37,28029,-16229,-12618,924,2485
4958,59498,59508,128,93,902,-895,53,52,36,28023,-16319,-12552,924,2486
4958,59521,59530,123,90,896,-911,54,48,34,28094,-16349,-12744,922,2487
4958,59543,59553,121,92,902,-1039,50,51,33,27933,-16283,-11103,920,2488
4958,59566,59576,118,88,909,-671,51,57,42,28130,-16235,-12780,922,2489
4958,59589,59599,118,93,904,-671,54,49,36,28047,-16205,-12929,922,2490
4958,59612,59622,123,98,899,-735,48,52,38,28208,-16103,-12642,918,2491
4958,59640,59650,128,89,909,-815,52,53,35,28256,-16331,-12804,923,2492
4958,59663,59672,121,93,905,-895,52,50,36,28292,-16247,-12576,922,2493
4958,59685,59695,126,101,898,-1183,54,48,34,28292,-16055,-12301,919,2494
4958,59708,59718,128,92,899,-655,53,52,37,28178,-16133,-12462,921,2495
4958,59731,59741,121,95,898,-975,45,53,37,28082,-16055,-12133,921,2496
4958,59754,59764,125,93,897,-1183,53,52,38,28172,-16133,-12229,922,2497
4958,59776,59786,120,90,908,-927,46,53,33,28184,-16014,-12492,920,2498
4958,59799,59809,122,95,902,-1023,50,44,35,28047,-15954,-12325,921,2499
4958,59822,59832,123,85,900,-447,49,53,33,28052,-16002,-12373,924,2500
4958,59845,59855,119,89,905,-847,50,52,33,28310,-16247,-12384,923,2501
4958,59868,59877,121,90,901,-623,51,41,33,28358,-16121,-12402,920,2502
4958,59890,59900,123,88,905,-527,58,53,29,28286,-16187,-12247,922,2503
4958,59913,59923,124,89,911,-1007,54,50,40,28250,-16073,-12373,921,2504
4958,59936,59946,124,85,902,-671,52,50,34,28184,-16115,-12223,921,2505
4958,59964,59974,122,91,903,-815,52,46,32,28406,-16085,-12289,923,2506
4958,59987,59997,126,86,909,-975,52,49,34,28214,-16175,-12462,919,2507
4958,60010,60019,116,91,899,-1167,52,49,40,28370,-16217,-12211,921,2508
4958,60032,60042,121,92,900,-607,49,54,38,28370,-16097,-12618,922,2509
4958,60055,60065,130,91,896,-1455,54,46,30,28513,-16103,-12444,923,2510
4958,60078,60088,118,92,891,-1103,53,57,36,28214,-16451,-12786,922,2511
4958,60101,60110,119,93,905,-767,48,53,33,28310,-16187,-12780,922,2512
4958,60123,60133,125,87,902,-1039,51,53,34,28166,-16181,-12732,924,2513
4958,60146,60156,127,93,906,-1135,52,43,40,28154,-16181,-12546,925,2514
4958,60169,60179,129,95,899,-863,51,52,34,28310,-16385,-12822,918,2515
4958,60192,60202,112,89,900,-1023,49,49,35,28262,-16181,-12929,920,2516
4958,60215,60224,128,89,899,-719,51,56,37,28208,-16241,-12474,920,2517
4958,60237,60247,118,85,901,-367,51,51,30,28106,-16373,-12923,922,2518
4958,60260,60270,123,89,904,-687,53,48,37,28220,-16115,-12624,921,2519
4958,60288,60298,122,86,901,-1023,51,51,30,28232,-16259,-12636,922,2520
4958,60311,60321,124,91,896,-703,51,52,36,28124,-16169,-12720,920,2521
4958,60334,60344,130,82,905,-703,50,44,38,28076,-16349,-12792,920,2522
4958,60356,60366,119,87,902,-991,52,50,36,28070,-16295,-12426,917,2523
4958,60379,60389,124,91,903,-671,60,48,37,28232,-16187,-12738,925,2524
4958,60402,60412,128,87,895,-1039,52,49,32,28118,-16235,-12708,921,2525
4958,60425,60435,127,95,906,-831,49,49,30,28178,-16271,-12414,921,2526
4958,60448,60457,117,83,902,-671,48,50,35,28160,-16235,-12792,920,2527
4958,60470,60480,125,89,893,-863,50,50,37,28070,-16151,-12660,922,2528
4958,60493,60503,123,91,902,-991,57,46,37,28154,-16073,-12696,921,2529
4958,60516,60526,122,81,899,-1167,52,49,32,28112,-15990,-12708,920,2530
4958,60539,60548,116,90,893,-959,49,51,33,28154,-16067,-12660,920,2531
4958,60561,60571,126,89,902,-1007,52,54,40,28208,-16247,-12444,922,2532
4958,60584,60594,124,89,897,-1311,50,51,34,28112,-16109,-12804,922,2533
4958,60612,60622,116,93,891,-959,51,41,32,28484,-16163,-12780,919,2534
4958,60635,60645,121,86,906,-1199,50,46,37,28208,-16301,-12893,921,2535
4958,60657,60667,126,89,909,-1071,51,53,41,28172,-16301,-12738,921,2536
4958,60680,60690,125,90,904,-1247,52,52,37,28082,-16253,-12139,923,2537
4958,60703,60713,126,85,903,-879,54,50,35,28148,-16235,-12528,918,2538
4958,60726,60736,119,97,909,-847,52,53,36,28190,-16151,-12456,923,2539
4958,60749,60759,126,89,896,-799,49,48,36,28136,-16211,-12402,920,2540
4958,60771,60781,117,93,902,-815,53,46,37,28064,-16247,-12402,920,2541
4958,60794,60804,119,90,919,-239,52,52,40,28088,-16217,-12600,922,2542
4958,60817,60827,122,86,902,-639,54,50,33,28184,-16115,-12606,922,2543
4958,60840,60850,123,93,904,-991,56,46,41,28172,-16151,-12780,921,2544
4958,60862,60872,124,87,900,-959,54,48,35,28148,-16259,-12630,924,2545
4958,60893,60902,123,90,908,-671,46,50,32,28250,-16151,-12564,922,2546
4958,60915,60925,120,97,896,-1039,56,49,36,28178,-16115,-12576,923,2547
4958,60943,60953,121,92,906,-1135,54,53,36,27903,-16026,-12444,921,2548
4958,60966,60976,126,87,901,-927,50,45,33,28166,-16002,-12624,923,2549
4958,60989,60999,123,87,907,-751,58,53,33,28058,-16265,-12187,924,2550
4958,61012,61021,123,82,906,-831,54,50,25,28041,-16253,-12893,922,2551
4958,61034,61044,126,93,900,-1071,51,52,36,28160,-16271,-12534,919,2552
4958,61057,61067,123,87,906,-911,57,54,38,28058,-15978,-12971,919,2553
4958,61080,61090,118,92,897,-1039,49,51,38,27993,-16031,-12714,923,2554
4958,61103,61113,117,103,909,-799,54,49,34,28178,-16031,-12869,920,2555
4958,61125,61135,127,92,896,-815,53,57,36,28142,-16049,-12720,923,2556
4958,61148,61158,121,93,901,-687,57,46,35,28166,-16145,-12959,918,2557
4958,61171,61181,126,93,902,-415,54,52,35,28220,-16115,-12420,925,2558
4958,61194,61204,123,85,896,-1119,49,51,35,28202,-16157,-12576,923,2559
4958,61217,61226,128,94,906,-1135,51,48,35,28214,-16061,-12450,921,2560
4958,61239,61249,124,94,898,-783,52,57,42,28172,-15984,-12540,921,2561
4958,61261,61271,121,84,897,-975,50,48,37,28148,-16157,-12504,922,2562
4958,61284,61294,123,93,908,-735,53,52,38,28310,-16259,-12516,920,2563
4958,61306,61316,128,98,900,-719,51,50,33,28400,-16181,-12732,919,2564
4958,61329,61339,119,91,901,-815,46,48,36,28394,-16079,-12528,918,2565
4958,61352,61362,126,89,903,-735,49,51,36,28208,-16115,-12307,920,2566
4958,61375,61385,124,89,897,-671,54,50,40,28094,-16043,-12396,922,2567
4958,61397,61407,114,87,902,-431,50,51,42,28256,-16109,-12510,925,2568
4958,61420,61430,127,87,906,-687,56,52,41,28310,-15846,-12774,919,2569
4958,61443,61453,119,93,899,-1071,51,50,41,28106,-16115,-12396,918,2570
4958,61466,61476,126,91,906,-623,52,45,40,28232,-16217,-12420,923,2571
4958,61489,61498,125,89,902,-1343,53,54,37,28286,-16235,-14091,922,2572
4958,61511,61521,128,89,908,-495,54,52,37,28094,-16002,-12576,920,2573
4958,61534,61544,123,93,909,-735,51,51,37,28196,-15966,-12714,918,2574
4958,61562,61572,118,90,906,-623,58,50,36,28148,-16133,-12600,922,2575
4958,61585,61595,125,84,900,-671,53,53,34,28184,-16085,-12432,920,2576
4958,61608,61617,123,93,902,-1215,52,49,36,28190,-16008,-12648,920,2577
4958,61630,61640,118,89,896,-783,54,50,36,28214,-16079,-11181,921,2578
4958,61653,61663,116,95,900,-543,50,54,38,28274,-16014,-12612,920,2579
4958,61676,61686,118,93,904,-991,56,52,41,28196,-15936,-12420,919,2580
4958,61699,61708,115,98,909,-1007,52,49,32,28064,-16139,-12480,921,2581
4958,61721,61731,120,93,910,-799,52,49,33,28106,-15912,-12516,923,2582
4958,61765,61775,123,89,898,-831,49,52,33,28418,-16175,-12462,923,2583
4958,61788,61798,123,91,903,-1183,56,49,36,28136,-15846,-12528,923,2584
4958,61811,61821,123,90,893,-1391,56,50,37,28160,-15948,-12540,924,2585
4958,61833,61843,121,90,900,-623,53,46,41,28262,-15876,-12672,924,2586
4958,61856,61866,121,91,896,-991,49,51,37,28316,-15930,-12438,921,2587
4958,61879,61889,129,86,909,-911,51,56,41,28112,-15966,-12720,920,2588
4958,61907,61917,122,98,899,-687,51,48,38,28190,-16091,-12756,922,2589
4958,61930,61939,122,97,898,-751,52,54,34,28232,-16187,-12690,923,2590
4958,61952,61962,119,89,906,-1087,46,51,30,28142,-16067,-12995,921,2591
4958,61975,61985,120,87,906,-479,48,44,32,28358,-16151,-12690,921,2592
4958,61998,62008,123,84,902,-1375,50,48,35,28220,-16199,-12792,919,2593
4958,62021,62030,125,90,900,-1423,53,50,40,28208,-16091,-12600,921,2594
4958,62043,62053,123,89,909,-783,53,49,33,28124,-16403,-12522,923,2595
4958,62066,62076,122,93,893,-511,53,51,40,28088,-16289,-12780,926,2596
4958,62089,62099,124,93,903,-799,54,50,37,28484,-16157,-12869,925,2597
4958,62112,62121,128,87,897,-1295,48,44,33,28286,-16163,-12786,920,2598
4958,62134,62144,122,88,899,-767,50,51,41,28070,-15948,-12396,921,2599
4958,62157,62167,123,87,900,-1263,51,51,36,28052,-16103,-12666,920,2600
4958,62180,62190,123,95,896,-879,51,51,29,28292,-15930,-12690,924,2601
4958,62203,62212,130,93,906,-1503,53,49,38,28070,-16037,-12576,923,2602
4958,62231,62240,126,95,909,-703,59,46,37,28023,-15840,-12624,924,2603
4958,62253,62263,128,84,897,-559,54,53,36,28029,-15948,-12582,923,2604
4958,62276,62286,117,93,902,-831,49,58,35,28076,-15972,-12744,921,2605
4958,62299,62309,122,87,909,-831,54,52,37,28148,-16002,-12444,920,2606
4958,62322,62331,122,87,902,-751,59,53,41,28304,-15894,-12402,922,2607
4958,62344,62354,122,94,900,-831,58,57,35,28286,-15990,-12498,924,2608
4958,62367,62377,127,87,900,-639,50,48,41,28472,-16109,-12528,918,2609
4958,62390,62400,123,86,901,-687,54,59,40,28346,-15912,-12696,924,2610
4958,62413,62422,119,95,899,-927,44,57,35,28208,-15978,-12786,923,2611
4958,62435,62445,122,92,897,-1375,49,50,33,28490,-16157,-12642,920,2612
4958,62458,62468,119,91,911,-1023,49,53,40,28358,-15942,-12337,923,2613
4958,62481,62491,125,92,892,-671,48,48,33,28328,-16014,-12636,920,2614
4958,62503,62513,119,91,904,-991,52,45,36,28466,-16169,-12504,922,2615
4958,62526,62536,120,89,892,-1007,52,57,42,28454,-15966,-12229,922,2616
4958,62554,62564,126,90,899,-1167,58,54,44,28484,-16079,-12546,922,2617
4958,62577,62587,118,89,899,-927,53,50,36,28376,-16235,-12714,918,2618
4958,62600,62610,121,89,899,-831,50,52,41,28358,-16067,-12528,921,2619
4958,62622,62632,127,89,896,-847,54,52,36,28310,-16097,-12959,923,2620
4958,62645,62655,118,96,903,-943,51,49,30,28412,-15870,-12307,922,2621
4958,62668,62678,116,88,904,-479,52,51,34,28262,-16049,-12708,920,2622
4958,62691,62700,120,93,900,-783,56,58,36,28226,-16020,-12600,922,2623
4958,62713,62723,130,93,906,-815,46,46,32,28232,-15954,-12462,921,2624
4958,62736,62746,118,87,903,-863,53,57,42,28406,-15972,-12438,923,2625
4958,62759,62769,132,87,904,-239,50,48,40,28280,-16055,-12762,919,2626
4958,62782,62791,120,86,894,-447,51,45,38,28202,-15972,-13043,920,2627
4958,62804,62814,125,93,905,-815,50,50,37,28448,-16139,-12349,922,2628
4958,62827,62837,126,91,898,-895,49,46,35,28232,-16265,-12983,922,2629
4958,62850,62860,122,93,900,-687,56,48,40,28262,-16037,-12546,922,2630
4958,62878,62888,121,87,896,-927,56,54,30,28454,-15870,-12175,921,2631
4958,62900,62910,133,90,899,-927,52,50,40,28196,-16067,-12438,921,2632
4958,62923,62933,118,87,898,-863,52,49,41,28088,-16031,-12283,924,2633
4958,62946,62956,129,85,906,-911,59,50,36,28244,-15882,-12588,920,2634
4958,62969,62978,123,91,900,-1135,53,50,32,28388,-16073,-12558,919,2635
4958,62991,63001,113,93,898,-1135,49,52,35,28298,-16037,-12486,924,2636
4958,63014,63024,123,94,904,-1151,54,50,38,28406,-16002,-12618,919,2637
4958,63037,63047,123,97,897,-1103,51,51,37,28424,-15828,-12516,922,2638
4958,63059,63069,129,93,909,-1167,59,52,35,28358,-15942,-12361,920,2639
4958,63082,63092,129,87,895,-1071,49,48,35,28226,-15792,-12331,918,2640
4958,63105,63115,125,93,905,-655,51,50,36,28166,-16097,-12456,922,2641
4958,63128,63137,123,90,901,-1279,58,53,35,28250,-16026,-12396,924,2642
4958,63150,63160,115,91,900,-751,52,52,35,28328,-16145,-12331,923,2643
4958,63173,63183,124,88,910,-847,57,50,37,28196,-15954,-12480,923,2644
4958,63200,63210,121,95,904,-1167,52,54,32,28370,-16205,-12307,922,2645
4958,63223,63233,121,84,906,-895,53,49,35,27981,-16151,-12570,921,2646
4958,63245,63255,125,89,900,-1135,49,52,37,28023,-16103,-12570,922,2647
4958,63268,63278,122,97,900,-1279,49,46,35,28250,-16026,-12612,924,2648
4958,63291,63301,125,95,896,-879,57,50,38,28130,-16079,-12534,923,2649
4958,63314,63323,123,85,900,-1295,56,52,36,28220,-15960,-12672,922,2650
4958,63336,63346,132,91,896,-895,58,50,42,28094,-16157,-12702,923,2651
4958,63359,63369,120,91,901,-623,48,49,34,27999,-16133,-12408,922,2652
4958,63382,63392,120,92,900,-1103,45,52,35,28220,-16337,-12378,917,2653
4958,63404,63414,123,90,897,-863,45,48,34,28298,-16097,-12486,924,2654
4958,63427,63437,125,102,897,-1327,54,50,42,28238,-15966,-12504,926,2655
4958,63450,63460,129,93,903,-879,52,46,29,28232,-16187,-12223,924,2656
4958,63472,63482,121,93,911,-687,50,52,38,28286,-16145,-12361,921,2657
4958,63509,63518,120,89,904,-799,50,44,35,28304,-16193,-12181,920,2658
4958,63531,63541,114,93,899,-1199,51,46,32,28256,-16079,-12618,923,2659
4958,63554,63564,128,93,903,-639,53,51,38,28100,-16151,-12648,923,2660
4958,63577,63587,125,89,900,-655,54,50,41,28178,-16067,-12588,924,2661
4958,63599,63609,126,90,906,-463,52,51,38,28094,-16002,-12474,923,2662
4958,63622,63632,124,94,893,-1103,53,48,34,28178,-16253,-12726,923,2663
4958,63645,63655,133,89,903,-735,50,48,30,28238,-16109,-12594,921,2664
4958,63668,63677,127,85,904,-943,51,48,40,28184,-16169,-12456,921,2665
4958,63690,63700,128,93,905,-671,54,48,34,28130,-16199,-12576,921,2666
4958,63713,63723,121,86,904,-1247,50,48,32,28172,-16139,-12600,922,2667
4958,63743,63753,121,93,896,-1375,51,54,34,28142,-16163,-12594,919,2668
4958,63766,63776,119,93,899,-655,56,50,40,28148,-16193,-12792,920,2669
4958,63789,63799,127,84,893,-1007,53,46,38,28094,-16121,-12384,920,2670
4958,63812,63822,128,89,902,-911,58,53,40,28118,-16217,-12576,925,2671
4958,63840,63850,124,101,910,-207,57,52,37,28142,-16121,-12390,922,2672
4958,63863,63872,127,92,901,-607,53,50,32,28047,-16115,-12660,922,2673
4958,63885,63895,119,87,911,-847,59,52,33,28184,-16193,-12468,916,2674
4958,63908,63918,122,92,895,-1023,57,51,35,28100,-16091,-12750,920,2675
4958,63941,63951,130,90,906,-639,56,52,34,28100,-16109,-13061,921,2676
4958,63964,63974,116,85,892,-735,56,50,38,28274,-15984,-12474,917,2677
4958,63987,63997,117,92,901,-1039,50,52,33,28310,-16079,-12642,924,2678
4958,64010,64020,118,92,902,-975,53,50,40,28208,-16109,-12738,923,2679
4958,64033,64043,123,83,910,-719,53,49,29,28352,-15966,-12474,927,2680
4958,64056,64066,125,84,904,-959,53,50,36,28238,-15972,-12456,925,2681
4958,64079,64089,127,90,895,-911,53,53,33,28196,-16067,-12337,921,2682
4958,64102,64112,119,87,909,-575,51,53,43,28292,-16091,-12624,919,2683
4958,64125,64135,114,93,901,-943,56,51,32,28250,-16163,-12528,920,2684
4958,64148,64157,118,97,902,-783,52,57,37,28041,-16103,-12450,922,2685
4958,64176,64186,115,91,905,-719,51,56,40,27969,-16002,-12588,921,2686
4958,64199,64208,121,86,894,-1199,51,43,34,28220,-16002,-12642,925,2687
4958,64222,64231,128,93,909,-1087,53,54,35,28178,-16055,-12744,923,2688
4958,64244,64254,120,93,915,-607,51,46,33,28160,-15978,-12959,923,2689
4958,64267,64277,121,87,893,-815,53,48,37,28076,-16073,-12696,922,2690
4958,64290,64300,112,89,897,-1071,52,56,36,28029,-16031,-12774,921,2691
4958,64313,64323,120,85,895,-1071,52,49,35,28148,-16121,-12732,923,2692
4958,64336,64346,118,87,910,-815,51,53,40,27945,-15966,-12726,925,2693
4958,64359,64369,123,89,904,-815,52,52,33,28172,-16079,-12696,921,2694
4958,64382,64391,116,97,913,-1071,53,49,37,28106,-16061,-12648,927,2695
4958,64405,64414,123,80,895,-927,51,52,38,28124,-16043,-12498,923,2696
4958,64427,64437,117,94,911,-1135,56,54,36,28196,-15966,-12851,923,2697
4958,64450,64460,114,98,894,-1343,51,51,38,28052,-16055,-13067,917,2698
4958,64473,64483,121,94,910,-479,52,52,35,28035,-16008,-12660,922,2699
4958,64501,64511,119,90,902,-1247,50,54,40,28172,-16008,-12822,924,2700
4958,64524,64534,112,87,899,-655,50,51,43,28160,-15960,-12947,915,2701
4958,64547,64557,127,88,898,-1311,52,50,33,28256,-15840,-12642,921,2702
4958,64570,64580,123,88,899,-831,53,46,36,28340,-16008,-12648,921,2703
4958,64593,64603,122,82,905,-815,49,51,41,28202,-16211,-12750,922,2704
4958,64616,64625,122,89,901,-1007,48,53,40,28196,-15894,-12875,923,2705
4958,64638,64648,123,91,903,-895,53,51,29,28154,-16145,-12594,919,2706
4958,64661,64671,115,94,904,-463,56,54,37,28148,-16079,-12241,923,2707
4958,64684,64694,117,95,902,-975,51,53,37,28166,-15924,-12193,920,2708
4958,64707,64717,113,84,901,-879,52,53,41,28274,-15948,-12420,919,2709
4958,64730,64740,122,91,904,-735,53,52,41,28100,-16133,-12708,922,2710
4958,64753,64763,116,95,901,-735,52,51,42,28262,-16133,-12810,918,2711
4958,64776,64786,121,94,907,-1103,54,46,34,28202,-16085,-12845,921,2712
4958,64799,64808,123,91,905,-1007,51,50,38,28166,-16145,-12624,922,2713
4958,64827,64837,124,95,904,-927,53,52,36,28244,-16295,-12600,919,2714
4958,64850,64859,123,88,893,-735,52,49,37,28214,-15936,-12582,925,2715
4958,64872,64882,126,97,909,-863,53,49,32,28280,-16055,-12708,921,2716
4958,64895,64905,119,86,901,-383,57,50,29,28184,-16127,-12720,918,2717
4958,64918,64928,127,88,906,-1135,50,52,36,28178,-16002,-12756,917,2718
4958,64941,64951,124,87,906,-623,54,49,35,28214,-16079,-12690,920,2719
4958,64964,64974,125,93,904,-831,51,48,34,28316,-16037,-12486,922,2720
4958,64987,64997,128,91,903,-671,54,52,34,28232,-16085,-12863,921,2721
4958,65010,65019,122,89,906,-879,56,53,42,28208,-16014,-12857,923,2722
4958,65032,65042,123,95,898,-847,52,56,38,28142,-16193,-12708,919,2723
4958,65055,65065,128,87,902,-719,50,52,36,28100,-16217,-12612,921,2724
4958,65078,65088,123,89,898,-207,50,50,32,28292,-16103,-12648,924,2725
4958,65101,65111,134,89,906,-671,56,52,38,28334,-16121,-12738,919,2726
4958,65124,65134,121,93,905,-1215,52,52,30,28160,-16055,-12570,924,2727
4958,65152,65162,126,88,906,-895,45,52,32,28256,-16031,-12768,921,2728
4958,65175,65185,123,93,905,-847,56,56,32,28304,-16139,-12929,926,2729
4958,65198,65208,123,85,900,-959,51,50,36,28202,-16127,-12935,923,2730
4958,65221,65230,124,84,903,-1455,50,53,36,28220,-15906,-12804,921,2731
4958,65243,65253,126,87,909,-863,53,53,37,27903,-15780,-12810,920,2732
4958,65267,65276,119,97,913,-831,53,48,41,28280,-16145,-12947,925,2733
4958,65289,65299,128,94,907,-975,57,52,42,28148,-16241,-13103,922,2734
4958,65312,65322,121,90,913,-1279,48,48,33,28346,-16145,-12780,922,2735
4958,65335,65345,126,87,906,-767,53,49,35,28280,-16169,-12881,921,2736
4958,65358,65368,130,91,901,-1279,58,48,36,28232,-16127,-12732,923,2737
4958,65381,65391,122,93,904,-879,51,51,36,28280,-16008,-12833,924,2738
4958,65404,65414,126,95,900,-959,50,56,41,28184,-16061,-12678,922,2739
4958,65427,65436,123,94,904,-767,51,49,36,28184,-15894,-12666,917,2740
4958,65455,65465,128,87,906,-1327,53,50,35,28406,-15990,-12702,924,2741
4958,65478,65487,121,98,902,-799,54,51,35,28382,-15870,-12738,921,2742
4958,65500,65510,123,94,896,-1263,45,56,36,28358,-15978,-12833,921,2743
4958,65523,65533,115,86,898,-1135,44,46,40,28352,-16073,-12857,924,2744
4958,65546,65556,114,93,900,-991,52,51,34,28280,-16091,-12684,923,2745
4958,65569,65579,123,93,907,-543,53,48,35,28328,-15972,-12756,923,2746
4958,65592,65602,122,96,904,-943,56,50,35,28250,-16067,-14145,923,2747
4958,65615,65624,121,89,906,-559,49,50,38,28124,-15900,-12899,918,2748
4958,65637,65647,121,96,897,-1119,49,52,35,28286,-16133,-12576,920,2749
4958,65660,65670,120,96,901,-639,53,52,40,28316,-15918,-12822,921,2750
4958,65683,65693,125,83,900,-847,52,52,36,28274,-15852,-12438,923,2751
4958,65706,65716,124,89,908,-431,51,51,43,28076,-16079,-12486,922,2752
4958,65729,65739,117,85,899,-943,53,46,36,28208,-15930,-12390,919,2753
4958,65752,65761,128,93,910,-1295,53,52,40,28106,-16061,-12534,923,2754
4958,65780,65790,117,83,907,-1359,54,54,38,28136,-15864,-12588,921,2755
4958,65803,65812,126,97,905,-1119,51,48,34,28184,-15804,-12540,923,2756
4958,65825,65835,114,91,901,-783,52,45,30,28029,-16127,-12432,923,2757
4958,65848,65858,127,82,900,-751,51,51,35,27987,-16079,-12343,920,2758
4958,65871,65881,115,97,900,-1423,53,48,37,28232,-15924,-12516,921,2759
4958,65894,65904,127,90,902,-927,58,43,32,28202,-16049,-12594,922,2760
4958,65917,65927,129,94,896,-303,48,49,40,28064,-15996,-12253,923,2761
4958,65940,65949,126,88,899,-879,58,53,38,28136,-16031,-12720,924,2762
4958,65962,65972,124,92,902,-911,54,46,37,28070,-16020,-12546,924,2763
4958,65985,65995,120,95,898,-1375,56,51,34,28070,-15816,-12474,923,2764
4958,66008,66018,119,88,904,-863,54,48,36,28202,-16014,-12235,924,2765
4958,66031,66041,128,91,906,-607,51,44,36,28214,-16277,-12468,927,2766
4958,66054,66064,117,89,900,-943,58,52,35,28304,-16151,-12612,925,2767
4958,66077,66086,128,90,903,-831,49,51,37,28274,-16145,-12408,926,2768
4958,66105,66115,116,97,904,-767,56,52,35,28256,-15900,-12516,921,2769
4958,66127,66137,125,92,900,-1119,53,52,34,28238,-16085,-12666,920,2770
4958,66150,66160,127,87,903,-831,53,48,36,28214,-16008,-12630,919,2771
4958,66173,66183,123,85,900,-911,56,54,36,28268,-15846,-12672,923,2772
4958,66196,66206,121,93,900,-607,48,50,33,28376,-16031,-12672,920,2773
4958,66219,66229,131,90,907,-767,54,49,34,28340,-16026,-12582,921,2774
4958,66242,66252,120,91,905,-1023,48,51,37,28154,-16055,-12504,922,2775
4958,66265,66275,128,84,903,-671,48,43,29,28292,-16049,-12349,923,2776
4958,66288,66297,132,91,900,-687,53,48,36,28268,-16145,-12355,917,2777
4958,66310,66320,117,88,907,-799,50,44,34,28208,-16014,-12654,925,2778
4958,66333,66343,121,92,904,-1215,57,44,35,28106,-16008,-12325,922,2779
4958,66356,66366,117,89,900,-911,50,53,35,28202,-16014,-12552,921,2780
4958,66379,66389,127,89,894,-1151,46,46,40,28244,-15888,-12313,922,2781
4958,66402,66412,124,93,896,-1039,50,45,34,28112,-16002,-12654,924,2782
4958,66430,66440,123,102,911,-911,48,52,37,28100,-15876,-12349,919,2783
4958,66453,66463,120,90,907,-943,48,52,40,28190,-16241,-12414,929,2784
4958,66476,66486,125,94,900,-959,52,52,35,28112,-16026,-12612,925,2785
4958,66499,66508,123,89,902,-543,57,49,40,28088,-16247,-12768,923,2786
4958,66521,66531,128,94,902,-1071,51,46,35,28394,-16067,-12648,919,2787
4958,66544,66554,119,89,900,-943,54,50,40,28454,-16127,-12678,922,2788
4958,66575,66585,128,87,898,-1039,53,49,37,28178,-15960,-12540,921,2789
4958,66598,66607,119,82,896,-735,56,50,36,28292,-15948,-12307,919,2790
4958,66620,66630,123,94,899,-591,52,53,33,28202,-16079,-12373,922,2791
4958,66643,66653,115,93,910,-543,51,51,38,28220,-16121,-12630,922,2792
4958,66666,66676,124,89,901,-943,53,49,43,28208,-16199,-12468,919,2793
4958,66689,66699,125,91,897,-719,53,50,34,28166,-16367,-12408,924,2794
4958,66712,66722,128,91,904,-255,51,49,35,28082,-16289,-12726,924,2795
4958,66735,66745,128,88,899,-1231,57,51,38,28160,-16085,-12636,923,2796
4958,66763,66773,121,93,906,-1199,51,49,40,28238,-16151,-12780,920,2797
4958,66786,66796,117,92,906,-495,52,52,37,28214,-16175,-12708,922,2798
4958,66809,66818,119,91,894,-1055,46,53,41,28106,-16085,-12642,923,2799
4958,66831,66841,128,89,897,-1103,53,53,41,28250,-15930,-12552,920,2800
4958,66854,66864,132,90,906,-1231,48,52,32,28076,-16073,-14019,924,2801
4958,66899,66909,123,84,904,-543,48,50,35,28154,-16115,-12875,923,2802
4958,66922,66931,121,89,899,-799,45,49,40,28214,-16067,-12420,920,2803
4958,66944,66954,124,100,901,-975,59,49,33,28286,-16020,-12845,922,2804
4958,66967,66977,128,84,897,-767,52,49,34,28268,-16103,-12756,921,2805
4958,66990,67000,112,79,911,-1263,50,50,35,28154,-16223,-12672,925,2806
4958,67013,67023,114,93,907,-927,50,54,37,28262,-16151,-12504,922,2807
4958,67036,67045,123,88,910,-511,48,45,33,28124,-16127,-12714,928,2808
4958,67058,67068,120,84,909,-767,56,46,34,27903,-16277,-12552,924,2809
4958,67081,67091,122,89,897,-1039,54,48,41,28017,-15954,-12414,922,2810
4958,67109,67119,121,94,917,-751,54,46,33,28154,-16008,-12636,923,2811
4958,67132,67142,130,87,904,-1215,53,48,35,28041,-15996,-12540,921,2812
4958,67155,67165,129,99,902,-831,51,50,33,27939,-16103,-12786,922,2813
4958,67178,67188,127,93,900,-495,53,48,37,28214,-16139,-12594,921,2814
4958,67201,67211,126,97,898,-1263,57,49,36,28100,-16211,-12816,923,2815
4958,67223,67233,110,97,899,-575,53,51,38,28250,-16169,-12516,919,2816
4958,67246,67256,122,89,898,-1087,54,52,33,28316,-16145,-12744,915,2817
4958,67269,67279,121,91,903,-991,49,49,41,28208,-16037,-12343,922,2818
4958,67292,67302,119,91,900,-863,51,50,32,28041,-16283,-12408,920,2819
4958,67315,67325,127,91,899,-799,54,45,37,28250,-16355,-12492,922,2820
4958,67338,67347,124,89,900,-607,49,45,36,28023,-16055,-12498,919,2821
4958,67360,67370,121,89,906,-671,50,51,40,28304,-16037,-12277,921,2822
4958,67383,67393,122,97,891,-1103,45,48,37,28076,-16031,-12355,927,2823
4958,67411,67421,115,91,909,-895,53,53,34,28196,-15924,-12456,926,2824
4958,67442,67452,122,94,898,-1151,49,52,37,28208,-16061,-12271,920,2825
4958,67465,67474,118,94,900,-911,51,50,37,28070,-16253,-12384,922,2826
4958,67487,67497,119,94,899,-911,53,51,35,28124,-16175,-12684,924,2827
4958,67510,67520,118,100,901,-1151,50,44,36,28346,-16008,-12522,923,2828
4958,67533,67543,124,91,900,-1199,46,45,36,28328,-15906,-12444,924,2829
4958,67556,67566,125,89,902,-799,52,52,41,28280,-15966,-12193,921,2830
4958,67579,67589,126,85,905,-1375,54,49,38,28262,-16157,-12438,921,2831
4958,67602,67611,113,86,898,-1055,57,50,38,28082,-16133,-12738,920,2832
4958,67624,67634,126,91,901,-591,46,51,33,28142,-16049,-12480,923,2833
4958,67647,67657,125,92,903,-975,57,43,33,28136,-16199,-12780,924,2834
4958,67670,67680,123,97,897,-767,57,48,37,28184,-16223,-12732,922,2835
4958,67693,67703,128,91,904,-703,52,56,38,28112,-15990,-12630,924,2836
4958,67716,67725,122,89,909,-1407,59,46,33,28154,-16193,-12624,921,2837
4958,67744,67754,117,94,903,-1135,53,51,37,28190,-15996,-12953,925,2838
4958,67767,67776,132,92,907,-1279,52,50,40,28178,-16097,-12486,924,2839
4958,67789,67799,126,95,906,-1279,53,48,34,28340,-15996,-12552,924,2840
4958,67812,67822,117,95,907,-511,50,52,37,28256,-16067,-12684,920,2841
4958,67835,67845,117,93,896,-655,51,52,32,28190,-16031,-12498,924,2842
4958,67858,67868,126,89,896,-591,52,48,37,28118,-16091,-12600,927,2843
4958,67881,67890,132,84,911,-767,52,48,40,28047,-16091,-12636,922,2844
4958,67903,67913,122,95,888,-1359,58,51,30,28166,-16121,-12732,921,2845
4958,67926,67936,120,92,907,-575,56,50,34,28154,-16014,-12738,923,2846
4958,67949,67959,126,87,904,-927,48,46,34,28088,-16091,-12738,922,2847
4958,67972,67982,121,91,894,-959,51,56,34,27993,-16205,-12618,922,2848
4958,67995,68005,121,89,899,-1119,53,46,33,28256,-16061,-12450,922,2849
4958,68018,68027,120,91,915,-975,58,52,37,28220,-16163,-12851,925,2850
4958,68040,68050,124,93,900,-767,50,53,38,28112,-15960,-12863,920,2851
4958,68069,68078,125,89,906,-1103,49,49,36,28316,-15996,-12498,922,2852
4958,68091,68101,128,92,901,-655,60,50,42,28268,-16229,-12594,921,2853
4958,68114,68124,125,84,902,-847,53,46,35,28286,-16061,-12564,915,2854
4958,68137,68147,121,87,899,-655,57,51,34,28238,-15978,-12648,920,2855
4958,68160,68169,121,89,907,-1087,50,49,36,28118,-15978,-12660,923,2856
4958,68182,68192,126,93,897,-879,52,52,35,28172,-16199,-12732,928,2857
4958,68205,68215,117,90,904,-783,50,48,33,28118,-16067,-12714,921,2858
4958,68228,68238,126,92,907,-607,46,51,34,28262,-16002,-12396,920,2859
4958,68251,68261,130,88,898,-623,49,49,36,28280,-16067,-12606,924,2860
4958,68274,68284,126,89,909,-895,57,49,43,28274,-16073,-12558,921,2861
4958,68297,68307,123,85,900,-1007,50,49,35,28064,-16181,-12636,923,2862
4958,68319,68329,122,87,902,-1487,53,51,32,28214,-16157,-12528,923,2863
4958,68342,68352,121,95,904,-559,48,48,38,28184,-16187,-12390,919,2864
4958,68365,68375,127,91,907,-351,54,49,34,28052,-16205,-12672,920,2865
4958,68393,68403,128,95,907,-671,58,53,36,28166,-16307,-12798,922,2866
4958,68416,68426,119,80,905,-799,58,53,36,28244,-16247,-12582,924,2867
4958,68439,68449,123,87,908,-831,49,56,35,28118,-16325,-12786,918,2868
4958,68461,68471,130,93,895,-111,51,50,36,28172,-16271,-12408,924,2869
4958,68484,68494,126,93,900,-623,50,56,40,28070,-16187,-12744,920,2870
4958,68507,68517,128,86,908,-1183,54,51,41,27939,-16229,-12887,922,2871
4958,68530,68540,119,89,903,-1055,49,48,34,28172,-16211,-12881,921,2872
4958,68553,68563,117,95,899,-927,52,50,40,27987,-16367,-12863,920,2873
4958,68576,68585,121,85,903,-1199,57,50,42,28112,-16175,-12881,923,2874
4958,68598,68608,130,98,909,-991,52,44,36,28196,-16061,-12696,913,2875
4958,68621,68631,117,82,904,-1087,46,46,32,28220,-16241,-12600,921,2876
4958,68644,68654,113,91,902,-623,57,50,35,28190,-16253,-12833,924,2877
4958,68667,68677,126,87,902,-815,54,54,37,28328,-16301,-12762,922,2878
4958,68690,68699,119,91,904,-783,53,49,35,28208,-16205,-12935,916,2879
4958,68718,68727,127,85,900,-639,56,52,37,28094,-16217,-12827,922,2880
4958,68740,68750,121,84,904,-847,54,53,35,28112,-16319,-12816,919,2881
4958,68763,68773,122,89,904,-1119,57,52,35,28172,-16139,-12732,924,2882
4958,68786,68796,122,91,902,-1119,52,52,38,28214,-16301,-12816,926,2883
4958,68809,68819,128,87,907,-1039,51,48,32,28136,-16145,-12845,919,2884
4958,68832,68841,126,89,898,-751,56,52,33,28154,-16145,-12522,922,2885
4958,68854,68864,123,96,902,-703,53,49,40,28208,-16115,-12756,922,2886
4958,68877,68887,121,94,906,-1359,58,60,36,28268,-16115,-12450,923,2887
4958,68900,68910,120,85,889,-671,56,58,38,28220,-16139,-12690,923,2888
4958,68923,68933,115,92,911,-943,56,48,36,28298,-16145,-12845,923,2889
4958,68946,68956,118,93,906,-959,51,53,38,28196,-16211,-12654,924,2890
4958,68968,68978,117,90,894,-943,56,44,37,28029,-16109,-12606,923,2891
4958,68991,69001,119,92,898,-767,53,49,36,28238,-16193,-12552,917,2892
4958,69014,69024,125,84,906,-767,56,45,36,28226,-16026,-12301,923,2893
4958,69042,69052,119,88,897,-1007,51,53,33,28148,-16247,-12606,922,2894
4958,69065,69075,120,87,893,-383,54,51,36,28226,-16241,-12588,922,2895
4958,69088,69098,123,92,899,-1039,52,49,37,27957,-16265,-12750,921,2896
4958,69111,69120,130,87,897,-1423,51,48,34,28196,-16349,-12588,925,2897
4958,69133,69143,131,83,902,-1343,56,51,37,28226,-16337,-12576,925,2898
4958,69156,69166,121,87,904,-943,52,48,36,28298,-16151,-12349,921,2899
4958,69179,69189,124,94,901,-847,51,54,37,28184,-16241,-12313,920,2900
4958,69202,69212,115,87,906,-991,51,49,42,28310,-16055,-12241,922,2901
4958,69225,69235,123,84,901,-767,56,48,36,28082,-16181,-12630,926,2902
4958,69248,69257,117,90,904,-927,51,54,35,28124,-16043,-12510,921,2903
4958,69270,69280,126,82,901,-943,50,52,41,27993,-15996,-12462,922,2904
4958,69293,69303,123,84,896,-1199,56,43,28,28148,-16217,-12570,920,2905
4958,69316,69326,121,87,897,-831,53,54,35,28208,-16037,-12426,917,2906
4958,69344,69354,124,89,898,-943,52,56,36,28256,-16049,-12660,919,2907
4958,69367,69377,124,87,901,-879,52,53,36,28214,-16091,-12780,924,2908
4958,69390,69399,114,85,900,-591,49,50,32,28166,-16169,-12570,918,2909
4958,69420,69430,120,87,906,-991,53,45,37,28076,-16211,-12851,925,2910
4958,69443,69453,113,92,903,-879,59,50,40,28070,-16223,-12750,924,2911
4958,69466,69475,119,91,906,-927,56,49,38,27999,-16055,-12822,921,2912
4958,69498,69508,122,92,901,-767,52,46,35,28058,-16157,-12678,920,2913
4958,69521,69531,124,85,896,-1007,60,53,40,27903,-16014,-12702,920,2914
4958,69544,69554,119,91,893,-863,58,50,37,28058,-16020,-12923,925,2915
4958,69567,69577,128,95,900,-159,45,57,36,28208,-16085,-12762,924,2916
4958,69590,69600,122,93,911,-1007,57,49,36,27927,-16073,-12594,922,2917
4958,69612,69622,130,87,904,-879,51,45,35,28011,-16127,-12780,919,2918
4958,69635,69645,130,85,900,-511,52,49,36,28256,-16223,-12720,922,2919
4958,69658,69668,123,92,895,-447,52,51,37,28148,-16253,-12744,921,2920
4958,69686,69696,121,85,902,-799,54,54,42,27963,-16199,-12714,919,2921
4958,69709,69719,122,84,899,-751,54,50,42,28017,-16061,-12588,923,2922
4958,69732,69742,126,89,904,-479,50,50,34,28112,-15978,-12606,915,2923
4958,69755,69764,123,89,898,-495,49,48,34,27951,-15936,-12343,926,2924
4958,69778,69787,115,92,908,-783,51,53,41,28094,-16349,-12355,922,2925
4958,69800,69810,126,97,898,-751,53,53,34,28238,-16163,-12361,920,2926
4958,69823,69833,115,89,904,-1103,56,50,38,28328,-16157,-12337,921,2927
4958,69846,69856,126,94,908,-1087,56,45,36,28106,-16229,-12337,925,2928
4958,69869,69879,121,92,904,-671,54,51,34,27963,-16480,-12546,920,2929
4958,69892,69901,125,90,897,-783,45,45,35,28088,-16127,-12426,922,2930
4958,69914,69924,118,97,905,-911,50,56,34,27927,-16247,-12241,917,2931
4958,69937,69947,126,89,903,-1007,56,53,40,28160,-16127,-12462,922,2932
4958,69960,69970,125,91,900,-895,50,49,34,28029,-16031,-12378,923,2933
4958,69983,69992,117,89,904,-719,52,53,35,27993,-16103,-12319,920,2934
4958,70011,70021,128,89,909,-1007,52,51,38,27987,-16205,-12480,929,2935
4958,70033,70043,122,86,900,-879,51,51,38,28130,-16157,-12355,921,2936
4958,70056,70066,128,92,902,-623,50,51,38,28208,-16199,-12504,924,2937
4958,70079,70089,125,100,910,-911,51,51,32,28208,-16151,-12552,922,2938
4958,70102,70112,119,89,909,-767,57,48,33,28088,-16175,-12792,919,2939
4958,70125,70134,122,100,894,-1103,54,51,37,28106,-16439,-12672,919,2940
4958,70147,70157,122,94,911,-671,51,43,40,28166,-16379,-12744,920,2941
4958,70170,70180,116,84,898,-1103,50,49,33,28088,-16205,-12462,920,2942
4958,70193,70203,120,87,900,-607,50,49,35,28178,-16379,-12720,924,2943
4958,70216,70226,121,90,903,-927,53,45,40,27933,-16361,-12576,919,2944
4958,70239,70248,126,91,902,-815,51,49,36,28106,-16175,-12666,920,2945
4958,70261,70271,115,85,901,-943,54,49,34,28136,-16205,-12426,922,2946
4958,70284,70294,119,88,905,-1167,57,54,33,28064,-16277,-12468,925,2947
4958,70307,70317,117,90,910,-671,52,49,37,28041,-16121,-12408,921,2948
4958,70335,70345,126,95,898,-671,50,48,36,27963,-16109,-12462,921,2949
4958,70358,70368,132,85,900,-783,57,50,38,27993,-16157,-11325,924,2950
4958,70381,70390,125,85,904,-735,56,42,32,28094,-16235,-12648,923,2951
4958,70403,70413,131,84,892,-767,51,54,30,28076,-16193,-12492,923,2952
4958,70426,70436,121,96,899,-799,57,50,36,27933,-16061,-12456,921,2953
4958,70449,70459,123,95,910,-703,51,54,41,28136,-16169,-12414,924,2954
4958,70472,70481,119,93,894,-1631,50,49,40,28052,-16235,-12432,918,2955
4958,70494,70504,123,97,895,-783,58,51,38,28029,-16133,-12702,921,2956
4958,70517,70527,127,87,903,-1103,53,49,36,28118,-16325,-12618,920,2957
4958,70540,70550,129,92,907,-895,52,50,38,28070,-16223,-12373,923,2958
4958,70563,70573,123,101,900,-975,54,51,43,28023,-16115,-12271,920,2959
4958,70585,70595,121,91,905,-1007,54,56,41,28220,-16217,-12390,922,2960
4958,70608,70618,115,89,900,-831,50,46,32,28017,-16301,-12426,922,2961
4958,70631,70641,125,96,902,-1295,56,52,34,28160,-16097,-12259,924,2962
4958,70659,70669,113,95,894,-975,52,49,36,28100,-16169,-12480,922,2963
4958,70682,70692,122,83,894,-1055,57,56,42,27939,-16307,-12534,919,2964
4958,70705,70714,118,91,901,-719,54,52,36,28064,-16145,-12983,923,2965
4958,70727,70737,126,89,900,-879,53,44,32,27969,-16115,-12618,923,2966
4958,70750,70760,126,84,907,-927,56,51,33,28070,-16373,-12396,927,2967
4958,70773,70783,123,81,909,-671,53,53,37,28035,-16163,-12564,922,2968
4958,70796,70805,129,89,904,-1071,54,50,35,28124,-16247,-11127,920,2969
4958,70818,70828,113,91,911,-1135,52,48,41,28106,-16097,-12510,916,2970
4958,70841,70851,125,89,909,-975,53,50,33,27951,-16109,-12654,924,2971
4958,70864,70874,123,93,902,-1087,56,50,36,28226,-16259,-12564,923,2972
4958,70887,70897,117,88,906,-1119,56,49,34,28017,-16193,-12654,922,2973
4958,70910,70919,123,93,893,-1135,53,52,32,27897,-16199,-12576,922,2974
4958,70932,70942,121,86,898,-671,54,53,29,27945,-16217,-12648,920,2975
4958,70955,70965,126,89,907,-799,54,49,35,28100,-16127,-12792,922,2976
4958,70983,70993,123,90,901,-1039,52,49,38,27945,-16199,-12672,920,2977
4958,71006,71016,125,87,906,-815,50,50,33,28166,-16331,-12845,922,2978
4958,71028,71038,118,89,909,-639,56,50,42,28100,-16193,-12564,924,2979
4958,71051,71061,117,95,909,-1551,52,45,34,28154,-16115,-12642,916,2980
4958,71074,71084,126,94,905,-1023,54,48,35,28047,-16301,-12594,921,2981
4958,71097,71107,128,91,907,-479,56,52,40,27909,-16301,-12450,925,2982
4958,71120,71129,129,82,903,-799,56,51,34,28088,-16109,-12690,920,2983
4958,71142,71152,126,87,898,-943,54,52,34,27873,-16061,-12378,919,2984
4958,71165,71175,121,91,906,-895,51,53,38,28172,-16079,-12361,922,2985
4958,71188,71198,125,91,908,-511,53,52,38,28112,-16271,-12570,923,2986
4958,71211,71220,130,89,909,-1039,54,46,41,27945,-15996,-12510,921,2987
4958,71233,71243,122,78,906,-495,54,56,33,27885,-16043,-12390,920,2988
4958,71256,71266,121,89,896,-1167,56,45,36,28011,-16145,-12187,922,2989
4958,71284,71294,131,89,897,-559,56,49,37,27747,-16145,-12444,924,2990
4958,71307,71317,128,91,914,-1055,53,48,35,28052,-16157,-12462,920,2991
4958,71330,71340,115,86,907,-815,56,52,42,28118,-16103,-12301,923,2992
4958,71353,71362,115,85,900,-639,52,52,40,28041,-16133,-12241,926,2993
4958,71375,71385,128,90,898,-847,50,54,33,28172,-16199,-12271,920,2994
4958,71398,71408,124,89,898,-863,48,51,36,28130,-16343,-12217,924,2995
4958,71421,71431,125,84,893,-655,51,48,40,28064,-16253,-12402,921,2996
4958,71444,71454,119,88,907,-719,52,48,37,28017,-16217,-12331,921,2997
4958,71466,71476,130,98,898,-895,50,49,38,28148,-16283,-12265,921,2998
4958,71489,71499,119,87,903,-1183,51,54,30,27981,-16397,-12259,923,2999
4958,71512,71522,123,94,906,-687,51,51,35,28106,-16181,-12259,922,3000
4958,71535,71545,121,92,914,-703,56,53,40,27993,-16181,-12396,924,3001
4958,71558,71567,117,91,907,-719,59,58,36,28172,-16235,-12001,922,3002
4958,71580,71590,115,92,905,-767,57,50,36,28286,-16277,-12241,924,3003
4958,71609,71618,128,93,899,-1151,56,46,32,28035,-16139,-12426,920,3004
4958,71631,71641,121,85,906,-1183,61,51,32,28094,-16331,-12558,922,3005
4958,71654,71664,123,82,901,-943,52,52,35,28130,-16307,-12378,919,3006
4958,71677,71687,119,90,908,-1135,57,50,38,28166,-16247,-12301,920,3007
4958,71700,71709,113,89,899,-831,48,54,41,28268,-16295,-12253,922,3008
4958,71722,71732,123,91,906,-639,52,51,35,28052,-16325,-12325,922,3009
4958,71745,71755,121,89,902,-495,52,52,30,27945,-16217,-12229,921,3010
4958,71768,71778,110,84,903,-911,53,48,34,27939,-16259,-12444,920,3011
4958,71791,71801,122,92,899,-479,53,44,37,27993,-16361,-12319,924,3012
4958,71813,71823,120,89,900,-399,52,43,33,28148,-16349,-12444,920,3013
4958,71836,71846,117,94,904,-783,48,45,41,28088,-16223,-12343,923,3014
4958,71859,71869,128,94,900,-863,53,46,36,28226,-16319,-12390,923,3015
4958,71882,71892,133,93,902,-1183,60,54,38,28202,-16391,-12295,924,3016
4958,71905,71914,124,95,900,-1055,57,49,33,28076,-16091,-12702,922,3017
4958,71933,71943,129,96,898,-687,59,53,36,27963,-16157,-12307,921,3018
4958,71955,71965,121,87,904,-767,57,49,36,27945,-16349,-12259,924,3019
4958,71978,71988,121,95,906,-1215,49,50,35,28262,-16241,-12450,926,3020
4958,72022,72032,128,89,901,-687,51,46,33,28124,-16349,-12361,922,3021
4958,72045,72055,123,93,911,-815,54,54,37,27951,-16133,-12594,921,3022
4958,72068,72078,131,89,915,-655,52,56,37,28184,-16139,-12301,923,3023
4958,72090,72100,122,88,913,-655,50,50,36,28148,-16151,-12349,920,3024
4958,72113,72123,119,98,902,-559,51,53,35,27957,-16193,-12576,921,3025
4958,72136,72146,123,91,903,-1455,50,53,44,27975,-16241,-12343,921,3026
4958,72159,72169,124,91,904,-767,49,49,33,28142,-16307,-12313,922,3027
4958,72182,72191,126,87,898,-1151,56,49,36,27843,-16031,-12115,924,3028
4958,72204,72214,124,88,904,-719,52,52,38,27981,-16091,-12384,919,3029
4958,72227,72237,117,81,908,-895,57,56,34,27915,-16037,-12654,919,3030
4958,72257,72267,128,89,900,-703,53,52,35,27903,-16079,-12660,923,3031
4958,72285,72295,121,84,910,-991,52,46,34,28058,-15900,-12301,919,3032
4958,72308,72318,136,91,902,-911,50,56,33,28112,-16163,-12594,922,3033
4958,72331,72341,126,87,909,-1007,51,48,36,28011,-15984,-12516,921,3034
4958,72354,72363,121,85,904,-1055,52,50,36,28076,-15948,-12816,922,3035
4958,72376,72386,122,87,907,-623,56,46,34,28208,-15966,-12887,923,3036
4958,72399,72409,131,93,901,-1103,54,50,38,27993,-16037,-12331,922,3037
4958,72422,72431,126,91,903,-1119,57,52,44,28035,-15870,-12618,922,3038
4958,72444,72454,126,93,904,-815,53,48,35,27933,-16073,-11151,918,3039
4958,72467,72477,127,96,915,-943,53,44,36,28118,-16014,-12684,923,3040
4958,72490,72500,117,87,900,-799,48,48,38,28017,-16014,-12271,925,3041
4958,72512,72522,117,93,906,-1151,53,54,42,27915,-15924,-12289,924,3042
4958,72535,72545,119,89,905,-751,58,51,38,28064,-16097,-12384,922,3043
4958,72558,72568,127,96,904,-975,49,51,34,28208,-16049,-12283,926,3044
4958,72581,72590,128,88,909,-895,57,45,36,28005,-16085,-12367,916,3045
4958,72609,72618,130,91,905,-975,50,52,37,28346,-16199,-12097,920,3046
4958,72631,72641,120,86,905,-927,56,42,32,28184,-16421,-12355,926,3047
4958,72654,72664,124,91,906,-879,49,53,33,28196,-16181,-12307,920,3048
4958,72677,72686,117,92,898,-591,49,46,35,28244,-16055,-12510,921,3049
4958,72699,72709,130,88,911,-1055,49,51,40,28160,-16002,-12247,923,3050
4958,72722,72732,118,85,907,-927,50,53,36,28208,-16091,-12295,922,3051
4958,72745,72755,127,91,903,-1231,56,49,42,28232,-16151,-12384,923,3052
4958,72768,72778,125,88,888,-671,53,45,37,28178,-16205,-12384,920,3053
4958,72790,72800,119,86,898,-1247,51,50,32,28274,-16169,-12408,923,3054
4958,72813,72823,130,90,905,-1135,51,48,38,28112,-16313,-12384,926,3055
4958,72836,72846,127,91,901,-879,48,42,34,28250,-16217,-12402,917,3056
4958,72859,72868,125,87,904,-1119,53,53,35,28226,-16026,-12139,921,3057
4958,72881,72891,126,86,896,-991,49,46,38,28220,-16199,-12361,927,3058
4958,72904,72914,128,78,900,-383,50,52,41,28106,-16259,-12396,919,3059
4958,72932,72942,126,89,900,-655,53,41,30,28047,-16259,-12175,921,3060
4958,72955,72964,130,96,912,-383,49,51,29,28130,-16295,-12498,919,3061
4958,72977,72987,123,91,898,-911,49,52,35,27963,-16337,-12450,920,3062
4958,73000,73010,123,93,896,-1375,56,46,35,28070,-16331,-12474,924,3063
4958,73023,73033,121,92,909,-751,50,50,35,28070,-16181,-12516,922,3064
4958,73045,73055,121,90,895,-943,51,54,35,28148,-16265,-12420,922,3065
4958,73068,73078,119,96,908,-1263,50,53,36,28250,-16253,-12384,921,3066
4958,73091,73101,125,86,898,-623,53,51,33,27999,-16127,-12480,923,3067
4958,73114,73123,117,92,899,-591,49,50,38,27963,-16379,-12349,923,3068
4958,73136,73146,130,89,905,-655,52,48,35,28082,-16361,-12564,930,3069
4958,73159,73169,123,88,902,-911,50,53,38,27987,-16217,-12648,919,3070
4958,73182,73192,123,86,905,-687,53,51,41,28100,-16169,-12606,918,3071
4958,73204,73214,121,88,900,-591,51,49,34,27951,-16265,-12576,924,3072
4958,73227,73237,121,89,906,-271,52,51,35,28082,-16319,-12851,923,3073
4958,73249,73259,128,89,902,-703,57,43,36,28100,-16271,-12953,920,3074
4958,73271,73281,119,102,901,-1231,53,54,41,28148,-16133,-12337,924,3075
4958,73294,73304,128,93,906,-511,52,48,37,28184,-16193,-12618,923,3076
4958,73317,73327,121,78,902,-815,58,46,33,28178,-16271,-12732,923,3077
4958,73340,73349,125,87,893,-943,48,48,38,28160,-16157,-12696,920,3078
4958,73362,73372,126,90,910,-943,51,51,38,28118,-16139,-12780,926,3079
4958,73385,73395,122,87,904,-431,46,48,34,28208,-16079,-12845,924,3080
4958,73408,73417,125,82,898,-623,49,48,34,28064,-15990,-12720,921,3081
4958,73430,73440,123,97,898,-943,58,48,37,28047,-16301,-12899,924,3082
4958,73453,73463,121,93,906,-927,51,54,34,28106,-16259,-12804,922,3083
4958,73476,73486,128,82,906,-895,53,45,38,28011,-16085,-12678,924,3084
4958,73498,73508,133,87,900,-591,51,51,36,28064,-16157,-12678,922,3085
4958,73521,73531,126,100,909,-927,54,52,37,28106,-15864,-12432,924,3086
4958,73548,73558,121,98,909,-959,51,50,38,28005,-16073,-12768,923,3087
4958,73571,73581,121,89,901,-751,52,54,40,28148,-16049,-12780,926,3088
4958,73594,73603,121,87,904,-879,58,49,35,28094,-16373,-12373,922,3089
4958,73616,73626,119,87,904,-511,50,52,36,28136,-16139,-12588,924,3090
4958,73639,73649,124,87,905,-927,54,48,30,28118,-16008,-12708,921,3091
4958,73662,73672,128,92,901,-719,49,52,37,28100,-16199,-12516,922,3092
4958,73684,73694,117,100,901,-1103,57,54,36,28136,-16223,-12540,924,3093
4958,73707,73717,122,85,900,-943,50,50,35,28340,-16409,-12624,919,3094
4958,73730,73740,130,87,904,-1471,58,57,37,28160,-16235,-12235,922,3095
4958,73753,73762,130,95,902,-1279,50,53,40,27933,-16295,-12432,920,3096
4958,73775,73785,128,93,906,-1007,57,48,35,28017,-16115,-12367,921,3097
4958,73798,73808,124,97,899,-735,59,49,40,28041,-16085,-12373,919,3098
4958,73821,73831,128,93,899,-1007,53,52,37,27885,-16157,-12426,923,3099
4958,73843,73853,113,93,902,-655,51,49,37,27879,-16355,-12672,923,3100
4958,73869,73879,119,91,897,-879,49,56,37,27843,-16145,-12420,924,3101
4958,73892,73902,126,83,898,-1087,51,51,35,28130,-16073,-12414,923,3102
4958,73915,73925,119,87,909,-1023,46,49,35,28088,-16355,-12456,925,3103
4958,73938,73947,122,96,900,-1279,48,57,37,28214,-16283,-12390,924,3104
4958,73960,73970,121,93,900,-751,49,48,33,27987,-16193,-12582,921,3105
4958,73983,73993,121,91,889,-639,59,46,37,27819,-16229,-12384,924,3106
4958,74006,74016,130,93,906,-815,56,51,29,28112,-16211,-12217,923,3107
4958,74029,74038,124,86,906,-687,51,52,37,28136,-16463,-12498,924,3108
4958,74051,74061,123,92,897,-959,54,52,40,28124,-16409,-12181,924,3109
4958,74074,74084,127,89,900,-943,54,48,34,27873,-16223,-12564,921,3110
4958,74097,74107,118,87,896,-431,49,51,40,27993,-16193,-12331,921,3111
4958,74119,74129,121,86,907,-991,52,50,35,27993,-16361,-12355,923,3112
4958,74142,74152,132,84,892,-991,50,42,29,27963,-16337,-12642,924,3113
4958,74165,74175,120,97,906,-975,50,45,36,28058,-16301,-12414,922,3114
4958,74193,74203,119,88,902,-591,46,50,35,28154,-16175,-12349,921,3115
4958,74216,74226,122,93,890,-1135,48,48,36,27963,-16223,-12432,924,3116
4958,74239,74249,127,90,915,-719,49,46,37,28070,-16247,-12708,927,3117
4958,74262,74272,126,92,912,-1007,50,44,34,28052,-16205,-12522,924,3118
4958,74285,74295,128,89,910,-1135,54,53,40,27999,-16403,-12384,927,3119
4958,74308,74318,126,93,900,-1087,53,49,36,28238,-16271,-12450,925,3120
4958,74331,74340,125,91,902,-1023,51,46,37,27987,-16217,-12301,919,3121
4958,74354,74363,122,91,902,-415,56,50,33,28082,-16271,-12432,921,3122
4958,74376,74386,125,90,900,-527,51,52,40,28070,-16163,-12378,918,3123
4958,74399,74409,117,84,898,-703,52,53,35,28076,-16115,-12253,922,3124
4958,74422,74432,121,86,898,-751,53,53,35,28070,-16127,-12414,920,3125
4958,74445,74455,128,90,909,-1295,53,50,40,27927,-16283,-12827,921,3126
4958,74468,74478,121,90,904,-1359,54,51,36,28184,-16139,-12684,923,3127
4958,74491,74501,127,92,895,-911,53,50,35,28148,-16163,-12899,923,3128
4958,74519,74529,121,93,905,-751,57,52,40,28154,-15924,-12558,922,3129
4958,74542,74552,125,91,900,-1167,51,49,41,28094,-16175,-12624,922,3130
4958,74565,74575,127,102,902,-1215,52,49,34,28154,-16008,-12468,923,3131
4958,74588,74598,121,97,898,-1071,50,51,41,28184,-15990,-12480,922,3132
4958,74611,74621,120,97,910,-1007,49,50,37,28226,-16008,-12624,924,3133
4958,74634,74644,123,82,902,-1135,51,52,42,28029,-16157,-12516,917,3134
4958,74657,74666,122,95,906,-911,45,49,36,28106,-16103,-12552,921,3135
4958,74680,74689,124,91,901,-927,53,50,43,27867,-16097,-12390,923,3136
4958,74702,74712,114,82,904,-655,50,52,37,27951,-16097,-12516,921,3137
4958,74725,74735,124,102,905,-767,50,50,35,27987,-16157,-12378,923,3138
4958,74748,74758,115,89,902,-911,51,50,34,28052,-16109,-12420,922,3139
4958,74771,74781,130,93,902,-831,50,54,35,27927,-16037,-12887,917,3140
4958,74794,74804,123,84,906,-975,50,50,38,27855,-15978,-12768,925,3141
4958,74817,74827,119,87,899,-1471,58,51,40,27915,-15870,-12839,921,3142
4958,74845,74855,123,96,893,-943,57,52,35,27939,-15960,-12546,923,3143
4958,74868,74878,128,84,906,-783,51,53,40,27897,-16205,-12660,918,3144
4958,74891,74901,124,95,903,-1071,50,51,37,27807,-16187,-12827,922,3145
4958,74914,74924,124,97,905,-895,58,50,34,28023,-16079,-12636,913,3146
4958,74937,74947,126,86,901,-751,52,48,36,27915,-16014,-12367,920,3147
4958,74960,74969,127,95,903,-1007,56,51,36,27813,-16073,-12426,924,3148
4958,74982,74992,123,86,898,-863,51,49,33,28124,-16151,-12594,922,3149
4958,75005,75015,119,93,892,-719,52,46,34,27915,-16163,-12528,923,3150
4958,75038,75048,130,97,907,-1295,54,54,38,27819,-16067,-12863,923,3151
4958,75061,75071,126,93,906,-1071,52,53,40,28011,-16193,-12810,921,3152
4958,75092,75101,124,91,907,-1071,50,52,34,28094,-15978,-12624,921,3153
4958,75114,75124,121,95,907,-1087,56,45,35,27969,-16031,-12522,922,3154
4958,75137,75147,119,86,904,-767,54,49,41,28005,-16073,-12720,923,3155
4958,75160,75170,121,93,899,-815,56,44,29,28130,-15996,-12941,921,3156
4958,75188,75198,122,84,900,-719,52,53,36,28017,-16175,-12732,921,3157
4958,75211,75221,126,100,895,-1263,57,51,38,28035,-16121,-12564,921,3158
4958,75234,75244,128,88,904,-591,53,48,37,27927,-16079,-12378,919,3159
4958,75257,75267,130,92,909,-863,53,45,33,27849,-16181,-12367,923,3160
4958,75280,75289,123,97,907,-1167,48,51,41,27819,-15978,-12750,925,3161
4958,75302,75312,124,84,905,-1231,54,51,38,27975,-16037,-12720,922,3162
4958,75325,75335,126,87,909,-1183,57,53,35,28029,-15912,-12714,926,3163
4958,75348,75358,126,95,905,-927,57,50,33,28017,-16073,-12780,919,3164
4958,75371,75381,128,88,906,-1087,50,49,42,28106,-16043,-12822,922,3165
4958,75394,75404,120,95,904,-1023,53,50,36,27807,-16014,-12546,921,3166
4958,75417,75426,126,87,896,-575,50,48,36,28005,-16217,-12582,918,3167
4958,75439,75449,121,90,903,-1295,49,50,37,27969,-16163,-12582,919,3168
4958,75462,75472,121,91,904,-831,56,44,33,28052,-16091,-12361,921,3169
4958,75490,75500,121,87,911,-495,53,52,36,28041,-16061,-12648,924,3170
4958,75513,75523,119,97,905,-399,50,51,41,27879,-16199,-12678,923,3171
4958,75536,75546,123,89,901,-927,56,51,34,28106,-16355,-12756,922,3172
4958,75559,75569,126,88,908,-1423,56,50,40,28160,-16151,-12163,921,3173
4958,75582,75591,121,89,900,-479,52,48,36,27909,-16079,-12576,923,3174
4958,75604,75614,126,80,896,-879,54,50,35,27921,-16008,-12564,923,3175
4958,75627,75637,126,91,902,-1039,54,51,38,28052,-16175,-12504,922,3176
4958,75650,75660,127,97,913,-911,48,46,32,27765,-16433,-12522,922,3177
4958,75673,75683,122,93,907,-1023,61,50,37,27909,-16271,-12396,922,3178
4958,75696,75706,122,93,906,-943,53,51,41,27909,-16307,-12295,922,3179
4958,75719,75728,119,92,913,-671,53,50,34,28070,-16127,-12498,921,3180
4958,75741,75751,113,101,904,-1167,53,50,32,28082,-16241,-12438,919,3181
4958,75764,75774,115,89,906,-703,57,48,35,27993,-16247,-12684,923,3182
4958,75787,75797,122,91,898,-335,53,48,38,27963,-16026,-12798,924,3183
4958,75815,75825,121,91,904,-1055,54,51,35,28118,-16157,-12720,922,3184
4958,75838,75848,121,91,904,-783,51,51,42,28029,-16097,-12905,924,3185
4958,75861,75871,119,91,902,-1135,51,50,34,28035,-16313,-13282,924,3186
4958,75884,75894,126,86,900,-847,56,53,36,27969,-16235,-13175,922,3187
4958,75907,75916,128,94,902,-1135,52,46,34,28124,-16121,-12666,923,3188
4958,75929,75939,118,91,899,-751,50,52,32,27945,-16020,-12678,923,3189
4958,75952,75962,127,86,898,-1311,53,49,36,28005,-16121,-12714,923,3190
4958,75975,75985,124,89,901,-927,54,52,37,28076,-16091,-12917,923,3191
4958,75998,76008,126,88,899,-815,50,50,38,27975,-16043,-12798,923,3192
4958,76021,76031,124,86,901,-1071,53,50,35,27933,-16235,-12702,922,3193
4958,76044,76053,123,87,891,-879,54,53,36,27915,-15966,-12905,926,3194
4958,76066,76076,119,95,901,-1167,50,52,40,28005,-15894,-12899,922,3195
4958,76089,76099,112,83,892,-591,50,54,32,27927,-16061,-12636,924,3196
4958,76112,76122,117,92,912,-655,56,51,38,27885,-16008,-12869,926,3197
4958,76140,76150,126,93,897,-991,50,48,36,27885,-16223,-13001,917,3198
4958,76163,76173,126,88,897,-751,59,44,35,27885,-16157,-13037,921,3199
4958,76186,76196,123,91,899,-927,48,56,38,27987,-16211,-12857,921,3200
4958,76209,76218,123,86,915,-1055,52,48,36,27969,-16073,-12690,921,3201
4958,76231,76241,123,86,902,-863,50,50,35,28166,-16121,-12726,924,3202
4958,76254,76264,123,85,909,-911,48,50,33,28005,-16187,-12516,924,3203
4958,76277,76287,124,87,906,-1295,48,50,34,27915,-16199,-12744,924,3204
4958,76300,76310,126,93,904,-1135,50,48,40,27753,-16235,-12606,924,3205
4958,76323,76333,123,92,902,-831,50,53,41,28029,-16175,-12732,920,3206
4958,76346,76355,118,91,900,-1535,53,45,37,27909,-16163,-12624,925,3207
4958,76368,76378,117,95,904,-447,52,52,36,27831,-16020,-12995,923,3208
4958,76391,76401,115,91,896,-767,48,50,38,27891,-16151,-12636,924,3209
4958,76414,76424,126,95,908,-943,53,44,37,28070,-16241,-12780,926,3210
4958,76437,76447,123,88,901,-1135,51,52,36,27825,-16109,-12660,923,3211
4958,76465,76475,119,92,908,-767,52,48,35,27915,-16175,-12887,930,3212
4958,76488,76497,122,93,900,-767,54,53,40,27819,-16061,-12678,924,3213
4958,76510,76520,121,92,903,-1423,48,50,35,27885,-16151,-12648,921,3214
4958,76533,76543,117,89,893,-767,56,48,42,27969,-16085,-12720,922,3215
4958,76556,76566,126,84,901,-911,51,52,42,27975,-15954,-12810,922,3216
4958,76579,76589,121,89,905,-639,54,48,37,27867,-16020,-12474,919,3217
4958,76602,76612,121,91,904,-687,53,48,36,27831,-16325,-12546,922,3218
4958,76625,76634,121,88,902,-959,50,52,43,27957,-16223,-12277,917,3219
4958,76648,76657,128,88,903,-911,50,53,38,28023,-16271,-12277,922,3220
4958,76670,76680,119,91,899,-1359,53,50,43,27999,-16193,-12558,923,3221
4958,76693,76703,123,82,900,-543,51,49,38,27807,-16169,-12337,926,3222
4958,76716,76726,121,89,910,-1071,58,51,35,28047,-16271,-12498,925,3223
4958,76739,76749,117,94,905,-975,56,53,35,28005,-16175,-12534,920,3224
4958,76762,76772,117,92,907,-495,54,49,45,27879,-16229,-12462,922,3225
4958,76790,76800,128,85,902,-1183,52,48,34,27837,-16241,-12534,921,3226
4958,76813,76823,128,90,900,-687,53,54,37,28017,-16091,-12444,923,3227
4958,76836,76845,132,93,904,-991,53,50,33,27903,-16265,-12666,921,3228
4958,76858,76868,115,90,896,-719,49,53,34,27945,-16199,-12666,921,3229
4958,76881,76891,123,91,897,-831,51,54,38,28148,-16211,-12576,921,3230
4958,76904,76914,115,88,896,-1167,48,50,35,27951,-16211,-12744,926,3231
4958,76927,76937,116,85,893,-1151,50,52,34,27975,-15990,-12510,921,3232
4958,76950,76960,123,87,909,-735,52,51,32,27981,-16169,-12540,916,3233
4958,76973,76983,123,98,904,-1151,49,49,42,28094,-16193,-12522,922,3234
4958,76996,77005,119,97,903,-927,57,51,38,28094,-16103,-12504,922,3235
4958,77018,77028,127,94,900,-863,51,49,43,28274,-16014,-12654,926,3236
4958,77041,77051,125,85,889,-831,56,52,43,28047,-15972,-12762,923,3237
4958,77064,77074,132,91,903,-1183,50,52,37,28100,-16085,-12702,924,3238
4958,77087,77097,124,90,906,-543,54,51,34,28029,-16061,-12648,927,3239
4958,77137,77146,123,96,906,-719,56,50,35,28082,-16331,-12420,925,3240
4958,77159,77169,128,100,904,-767,49,50,36,28172,-16235,-12546,925,3241
4958,77182,77192,123,88,907,-895,49,53,44,28280,-16020,-12516,922,3242
4958,77205,77215,128,91,913,-959,53,49,38,28064,-16073,-12684,923,3243
4958,77228,77238,123,95,893,-463,57,53,38,28166,-16091,-12426,926,3244
4958,77251,77260,134,87,907,-1119,53,52,38,28196,-16205,-12480,918,3245
4958,77274,77283,129,85,898,-815,57,50,41,28088,-16151,-12600,924,3246
4958,77296,77306,121,89,904,-831,53,52,38,28052,-16103,-12839,924,3247
4958,77319,77329,124,100,900,-1327,50,48,35,28082,-16271,-12708,923,3248
4958,77342,77352,126,96,900,-1039,49,42,36,28070,-16181,-12510,924,3249
4958,77365,77375,123,87,894,-847,53,48,41,28172,-16151,-12450,922,3250
4958,77388,77398,115,92,904,-831,54,53,35,27987,-15996,-12349,926,3251
4958,77411,77420,126,86,904,-815,49,49,36,27951,-16097,-12361,921,3252
4958,77439,77449,127,84,897,-1375,52,49,38,28076,-16091,-12402,926,3253
4958,77461,77471,125,89,899,-1135,57,57,40,27969,-16031,-12163,922,3254
4958,77484,77494,127,93,904,-719,51,50,32,27933,-16079,-12660,918,3255
4958,77507,77517,121,89,898,-543,51,50,34,27927,-16014,-12714,921,3256
4958,77530,77540,126,83,906,-591,50,46,40,28070,-16020,-12486,920,3257
4958,77553,77563,123,84,900,-559,56,50,33,27909,-16133,-12378,923,3258
4958,77576,77585,119,93,902,-1663,48,52,35,28166,-15996,-12361,923,3259
4958,77598,77608,129,86,906,-1023,51,48,33,27957,-16121,-12450,921,3260
4958,77621,77631,121,89,902,-799,48,48,29,28094,-16151,-12061,922,3261
4958,77644,77654,121,89,902,-879,51,50,35,28023,-16115,-12474,924,3262
4958,77667,77677,120,85,898,-1039,53,51,35,28124,-16175,-12720,920,3263
4958,77690,77700,126,93,910,-895,56,40,38,28166,-16187,-12283,925,3264
4958,77713,77722,118,87,906,-815,54,50,36,27951,-16002,-12349,919,3265
4958,77735,77745,122,93,908,-815,50,51,38,27879,-16008,-12666,921,3266
4958,77764,77773,125,84,900,-767,57,53,36,27975,-16277,-12462,919,3267
4958,77786,77796,117,89,906,-1151,53,51,38,28190,-16217,-12714,922,3268
4958,77809,77819,127,83,908,-607,50,49,34,27993,-16289,-12594,923,3269
4958,77832,77842,115,97,894,-815,51,52,35,28112,-16229,-12355,925,3270
4958,77855,77865,130,89,902,-863,53,53,42,28041,-16283,-12624,922,3271
4958,77878,77887,128,87,900,-959,49,51,36,27987,-16020,-12708,922,3272
4958,77900,77910,128,90,911,-1055,53,43,38,27981,-16145,-12522,927,3273
4958,77931,77941,125,94,903,-959,59,53,38,27819,-15858,-12355,925,3274
4958,77954,77963,126,98,891,-303,53,52,37,28070,-16073,-12337,922,3275
4958,77976,77986,124,86,900,-1071,50,51,38,27909,-16002,-12492,923,3276
4958,77999,78009,123,86,903,-927,57,54,37,28011,-16121,-12211,925,3277
4958,78022,78032,126,97,902,-1071,53,54,40,27981,-16097,-12450,922,3278
4958,78045,78055,120,92,898,-991,51,46,38,27951,-15972,-12522,921,3279
4958,78067,78077,113,88,913,-831,49,49,37,27831,-16020,-12606,919,3280
4958,78096,78105,121,88,911,-687,56,49,41,27747,-16139,-12456,924,3281
4958,78118,78128,123,91,902,-1215,53,50,38,27999,-16211,-12486,923,3282
4958,78141,78151,126,90,907,-1167,54,50,37,27717,-16169,-12420,923,3283
4958,78164,78174,122,88,899,-687,57,54,37,27663,-16139,-12217,922,3284
4958,78187,78196,126,91,896,-1199,51,50,38,27813,-16163,-12696,922,3285
4958,78209,78219,128,87,902,-735,56,50,34,27903,-16241,-12474,919,3286
4958,78232,78242,118,92,899,-831,51,53,38,27855,-16241,-12396,924,3287
4958,78255,78265,121,88,894,-623,51,49,38,27933,-16205,-12887,920,3288
4958,78278,78288,118,95,900,-495,51,50,36,28058,-16223,-12474,924,3289
4958,78301,78310,128,94,898,-319,49,51,38,27987,-16157,-12666,920,3290
4958,78323,78333,129,92,903,-655,53,46,35,27897,-15972,-12534,924,3291
4958,78346,78356,127,86,899,-367,52,50,38,27915,-16020,-12504,923,3292
4958,78369,78379,121,86,898,-927,49,50,32,27849,-16145,-12720,923,3293
4958,78392,78401,122,89,907,-975,53,51,36,27975,-16187,-12594,918,3294
4958,78420,78430,112,87,905,-975,56,56,34,27891,-15996,-12792,923,3295
4958,78442,78452,120,82,904,-863,53,46,36,27945,-16193,-12660,922,3296
4958,78465,78475,125,95,909,-735,53,46,41,27945,-16277,-12558,929,3297
4958,78488,78498,122,84,906,-847,49,48,35,28058,-16115,-12630,922,3298
4958,78511,78521,128,92,904,-831,57,49,38,27873,-16181,-12869,923,3299
4958,78534,78543,120,86,900,-959,54,51,36,28136,-16139,-12714,921,3300
4958,78556,78566,116,87,896,-575,53,51,38,27975,-16115,-12594,919,3301
4958,78579,78589,124,91,908,-815,49,52,36,28017,-16097,-12594,922,3302
4958,78602,78612,125,92,909,-975,57,48,35,28100,-16109,-12684,920,3303
4958,78625,78634,126,95,891,-687,57,53,41,28172,-16085,-12672,923,3304
4958,78647,78657,123,84,897,-719,57,53,35,28160,-16139,-12690,924,3305
4958,78670,78680,121,93,894,-879,56,51,34,28106,-16109,-12810,923,3306
4958,78693,78703,131,97,899,-943,54,52,37,28226,-15942,-12798,922,3307
4958,78716,78726,111,87,904,-639,54,50,43,27921,-15942,-12588,921,3308
4958,78744,78754,124,94,905,-687,46,50,41,28088,-16049,-12624,919,3309
4958,78767,78776,118,93,908,-1119,54,43,35,28076,-16121,-12714,926,3310
4958,78789,78799,130,92,902,-207,57,46,40,28052,-15990,-12792,921,3311
4958,78812,78822,118,87,900,-1599,54,53,43,27843,-16031,-12822,925,3312
4958,78835,78845,109,90,900,-847,56,53,41,27975,-16229,-12600,924,3313
4958,78858,78868,126,90,897,-767,53,52,38,28130,-16277,-12911,919,3314
4958,78881,78890,121,91,900,-687,50,48,38,28124,-16085,-12648,924,3315
4958,78903,78913,117,82,905,-719,52,50,38,27981,-16151,-12438,925,3316
4958,78926,78936,123,95,902,-719,53,49,34,27909,-16109,-12642,924,3317
4958,78949,78959,127,95,904,-591,51,50,44,27963,-16145,-12456,919,3318
4958,78972,78981,122,85,906,-1359,53,48,34,28064,-16091,-12660,921,3319
4958,78994,79004,126,95,907,-623,56,45,40,28035,-16169,-12546,924,3320
4958,79017,79027,117,87,899,-831,53,52,40,27921,-16139,-12618,923,3321
4958,79040,79050,124,93,904,-367,53,49,33,28005,-16337,-12289,920,3322
4958,79068,79078,128,91,899,-991,50,51,35,28088,-16157,-12343,925,3323
4958,79091,79101,123,89,910,-991,54,48,32,27873,-16253,-12666,925,3324
4958,79114,79123,125,94,904,-879,56,57,34,28023,-16325,-12277,923,3325
4958,79136,79146,121,91,904,-991,50,50,34,27939,-16014,-12307,923,3326
4958,79159,79169,121,93,904,-1407,52,46,35,27831,-16193,-12384,920,3327
4958,79182,79192,121,86,903,-959,52,49,40,28047,-16181,-12396,923,3328
4958,79205,79215,126,86,899,-927,51,50,36,28118,-16223,-12564,922,3329
4958,79228,79238,129,93,905,-639,60,49,36,27975,-16205,-12612,925,3330
4958,79251,79260,130,87,902,-1007,57,53,34,27939,-16181,-12247,924,3331
4958,79273,79283,121,93,904,-975,51,49,35,27945,-16193,-12630,919,3332
4958,79296,79306,127,94,912,-847,50,50,37,27933,-16265,-12654,921,3333
4958,79319,79329,132,89,900,-767,48,49,38,27789,-16169,-12361,923,3334
4958,79342,79352,123,89,908,-1359,61,51,32,27963,-15990,-12504,922,3335
4958,79370,79380,122,91,912,-927,49,52,38,28130,-16085,-12558,922,3336
4958,79393,79403,122,92,898,-1343,52,51,32,27915,-16002,-12396,921,3337
4958,79416,79425,117,88,893,-527,51,51,40,28118,-16085,-12247,919,3338
4958,79438,79448,130,87,903,-1391,51,52,35,27957,-16277,-12594,922,3339
4958,79461,79471,113,89,904,-719,53,50,34,27999,-16145,-12241,920,3340
4958,79484,79494,127,87,902,-879,50,48,38,28041,-16205,-12337,921,3341
4958,79507,79517,123,91,905,-607,51,48,34,28029,-16169,-12378,919,3342
4958,79530,79539,119,90,902,-543,59,52,36,28118,-16253,-12337,924,3343
4958,79552,79562,123,95,900,-719,52,50,38,28017,-16145,-12349,921,3344
4958,79575,79585,117,90,906,-863,49,46,35,27975,-16259,-12618,920,3345
4958,79598,79608,119,91,904,-927,53,50,38,27879,-16235,-12540,923,3346
4958,79621,79631,121,87,903,-1183,52,50,40,27951,-16337,-12480,926,3347
4958,79644,79654,120,88,898,-1519,49,48,36,28148,-16361,-12516,924,3348
4958,79666,79676,119,86,904,-1199,53,54,35,27885,-16319,-12115,917,3349
4958,79695,79704,127,89,906,-943,53,49,40,27723,-16319,-12810,925,3350
4958,79717,79727,126,88,905,-383,50,54,35,27735,-16115,-12402,923,3351
4958,79740,79750,113,93,901,-543,52,49,41,27849,-16313,-12714,924,3352
4958,79763,79773,118,84,897,-831,59,58,34,27819,-16181,-12833,925,3353
4958,79786,79796,123,92,912,-687,59,49,37,27957,-16319,-12833,925,3354
4958,79809,79818,130,98,896,-959,53,52,35,27885,-16313,-12851,925,3355
4958,79831,79841,132,97,898,-655,52,54,35,27879,-16026,-12361,918,3356
4958,79854,79864,120,88,896,-1151,54,46,38,27987,-16020,-12510,921,3357
4958,79877,79887,123,86,915,-1167,53,52,38,27933,-16253,-12504,923,3358
4958,79900,79910,123,92,908,-943,51,53,38,27861,-16097,-12911,923,3359
4958,79923,79932,115,88,888,-591,56,51,42,27957,-16139,-12462,921,3360
4958,79945,79955,123,87,906,-959,54,51,36,28160,-16271,-12504,919,3361
4958,79968,79978,126,83,901,-879,53,52,33,28047,-16163,-12654,922,3362
4958,79991,80001,120,91,900,-1279,58,54,41,28023,-16169,-12408,925,3363
4958,80019,80029,135,94,916,-559,53,51,36,27927,-16067,-12869,924,3364
4958,80042,80052,118,92,896,-511,52,54,40,27747,-16037,-12211,924,3365
4958,80065,80074,122,95,902,-703,50,52,34,27819,-16008,-12642,921,3366
4958,80087,80097,119,87,902,-1119,58,49,42,27951,-16211,-12606,923,3367
4958,80110,80120,128,87,906,-607,57,45,37,28172,-16115,-12630,925,3368
4958,80133,80143,123,95,896,-1247,48,49,37,27951,-15942,-12450,923,3369
4958,80156,80166,130,84,906,-783,53,50,37,27975,-15954,-12247,922,3370
4958,80179,80189,122,94,898,-767,53,50,40,28047,-16055,-12355,923,3371
4958,80201,80211,121,91,900,-959,56,53,37,27879,-15972,-12426,921,3372
4958,80224,80234,115,85,893,-1327,57,48,34,27813,-15966,-12474,925,3373
4958,80247,80257,117,89,898,-783,48,52,38,27849,-16145,-12480,922,3374
4958,80270,80280,123,91,901,-623,59,48,40,27921,-15924,-12540,921,3375
4958,80293,80303,118,87,906,-511,48,52,35,27969,-15840,-12408,921,3376
4958,80316,80326,129,91,901,-975,54,52,38,27957,-16073,-12534,922,3377
4958,80344,80354,130,91,894,-1039,54,54,40,27993,-16031,-12456,925,3378
4958,80367,80376,119,89,907,-991,54,51,34,27633,-15978,-12450,922,3379
4958,80389,80399,128,94,902,-863,51,53,40,27771,-16139,-12396,924,3380
4958,80412,80422,115,89,908,-959,51,54,34,27723,-16091,-12774,923,3381
4958,80435,80445,118,88,915,-399,50,52,37,27831,-16043,-12277,923,3382
4958,80458,80468,123,90,903,-431,52,51,37,27849,-15990,-12361,922,3383
4958,80481,80490,124,98,905,-1215,56,49,36,27825,-16037,-12594,918,3384
4958,80503,80513,123,93,900,-879,54,51,36,27951,-16121,-12432,924,3385
4958,80526,80536,124,84,903,-975,51,49,38,28005,-15990,-12175,924,3386
4958,80549,80559,121,97,895,-831,52,45,32,27993,-16097,-12235,924,3387
4958,80582,80592,124,88,902,-703,48,52,37,27921,-16139,-12175,924,3388
4958,80605,80615,120,86,900,-959,52,58,37,28124,-15966,-12175,923,3389
4958,80627,80637,116,88,906,-1311,52,54,36,27981,-16037,-12295,923,3390
4958,80650,80660,120,91,900,-767,54,48,38,27969,-16097,-12367,924,3391
4958,80678,80688,126,94,899,-687,54,50,41,28106,-16037,-12337,921,3392
4958,80701,80711,128,93,900,-623,53,57,42,27975,-16145,-12361,925,3393
4958,80724,80734,119,89,896,-1263,59,48,40,27795,-16091,-12606,919,3394
4958,80754,80764,108,91,903,-975,50,45,38,28052,-16109,-12139,922,3395
4958,80777,80787,128,88,906,-943,50,52,41,27747,-16133,-12468,922,3396
4958,80800,80809,117,86,903,-991,58,50,35,27939,-15990,-12528,922,3397
4958,80822,80832,122,89,902,-1103,52,48,38,27963,-16002,-12390,922,3398
4958,80845,80855,126,100,909,-911,52,45,35,27927,-16109,-12265,921,3399
4958,80868,80878,126,90,913,-543,53,56,42,28029,-16014,-12432,927,3400
4958,80891,80901,131,82,908,-1039,50,50,38,27795,-16151,-12672,920,3401
4958,80913,80923,119,92,901,-527,54,53,35,27843,-16127,-12361,926,3402
4958,80936,80946,119,93,908,-735,52,50,35,27873,-16073,-12450,920,3403
4958,80959,80969,123,90,902,-751,50,49,36,27885,-16020,-12570,923,3404
4958,80982,80992,128,91,904,-591,52,46,37,27897,-15990,-12630,922,3405
4958,81010,81020,119,91,896,-671,53,53,36,27777,-15834,-12396,917,3406
4958,81032,81042,121,89,901,-1103,52,49,32,27849,-16181,-12438,922,3407
4958,81055,81065,115,89,906,-879,54,54,36,27783,-16020,-12337,925,3408
4958,81078,81088,123,89,900,-991,53,51,36,27933,-16002,-12528,924,3409
4958,81101,81111,122,86,904,-623,52,48,37,27927,-16073,-12540,925,3410
4958,81123,81133,127,85,902,-687,56,51,38,27753,-16205,-12432,925,3411
4958,81146,81156,123,91,890,-447,54,50,37,27927,-16223,-12636,923,3412
4958,81169,81179,121,82,902,-847,51,53,35,28124,-16301,-12480,926,3413
4958,81192,81202,126,93,898,-911,49,51,38,27957,-15996,-12582,918,3414
4958,81214,81224,122,93,902,-639,58,51,32,27897,-15936,-12355,924,3415
4958,81237,81247,121,87,907,-1071,50,50,41,27921,-16002,-12384,926,3416
4958,81260,81270,117,94,906,-1295,51,57,41,27819,-16097,-12666,922,3417
4958,81283,81293,122,94,906,-1135,52,53,33,27669,-16127,-12744,924,3418
4958,81311,81321,121,84,896,-1359,51,52,35,27753,-16020,-12624,921,3419
4958,81333,81343,121,87,902,-1055,58,52,36,27717,-15942,-12552,923,3420
4958,81356,81366,128,91,906,-767,56,50,34,27921,-16145,-12378,921,3421
4958,81379,81389,121,87,911,-863,53,53,41,27879,-15996,-12432,926,3422
4958,81402,81411,124,97,896,-1039,53,43,30,27825,-16115,-12582,924,3423
4958,81424,81434,121,92,906,-1087,56,57,42,27813,-15990,-12349,921,3424
4958,81447,81457,118,89,896,-703,58,56,34,27705,-15822,-12408,924,3425
4958,81470,81480,126,92,904,-751,49,52,41,27927,-15822,-12343,924,3426
4958,81493,81502,119,88,898,-1455,57,53,41,27825,-15900,-12241,923,3427
4958,81515,81525,117,87,896,-959,53,54,38,27969,-15924,-12373,919,3428
4958,81538,81548,125,91,910,-1087,51,53,40,27885,-16043,-12384,921,3429
4958,81561,81571,116,91,904,-991,54,52,40,27813,-16091,-12175,923,3430
4958,81584,81593,123,85,913,-1167,51,48,38,27963,-16014,-12043,924,3431
4958,81606,81616,113,88,902,-847,52,49,32,27873,-15966,-12438,922,3432
4958,81634,81644,117,83,897,-1135,52,50,33,27717,-15852,-12247,923,3433
4958,81657,81667,126,91,903,-1007,56,52,34,27933,-16097,-12373,926,3434
4958,81680,81690,117,89,898,-735,54,52,38,27999,-15990,-12133,921,3435
4958,81702,81712,126,85,899,-783,48,52,35,28011,-15978,-12229,917,3436
4958,81725,81735,123,87,904,-1023,52,49,38,27801,-15876,-12295,918,3437
4958,81748,81758,123,82,906,-831,53,54,43,27723,-16031,-12169,923,3438
4958,81771,81781,122,89,902,-703,52,49,33,27855,-15990,-12091,925,3439
4958,81794,81804,130,89,898,-847,52,51,35,27807,-16079,-12043,922,3440
4958,81817,81826,123,96,894,-1263,54,50,46,27867,-16151,-12253,925,3441
4958,81839,81849,124,86,900,-1055,54,45,38,27753,-16014,-12331,924,3442
4958,81862,81872,126,89,906,-1311,53,49,42,27861,-16217,-12343,923,3443
4958,81885,81895,119,92,906,-687,51,51,35,27837,-16157,-12211,923,3444
4958,81908,81918,130,87,904,-671,56,48,37,27957,-16121,-12384,922,3445
4958,81931,81940,129,96,895,-783,53,51,30,27969,-16067,-12462,921,3446
4958,81959,81969,121,91,889,-879,58,49,36,27783,-16020,-12325,921,3447
4958,81981,81991,123,93,894,-1071,56,52,36,27897,-16008,-12289,928,3448
4958,82004,82014,121,93,893,-943,52,56,35,27945,-16169,-12552,923,3449
4958,82027,82037,130,91,900,-863,52,52,35,27921,-16193,-12570,924,3450
4958,82050,82060,121,91,893,-831,51,51,42,27969,-16103,-12893,924,3451
4958,82072,82082,116,92,901,-703,56,51,38,28064,-16020,-12660,924,3452
4958,82095,82105,121,89,911,-1183,53,50,35,27903,-16169,-12588,917,3453
4958,82118,82128,125,91,899,-767,53,50,35,27729,-16031,-12588,925,3454
4958,82141,82151,128,87,900,-911,50,51,33,27741,-16073,-12199,924,3455
4958,82164,82173,122,96,906,-1151,61,53,41,27759,-16002,-12325,924,3456
4958,82186,82196,119,93,901,-367,51,50,34,27903,-16002,-12205,923,3457
4958,82209,82219,129,84,906,-1199,53,46,36,27885,-16181,-12396,927,3458
4958,82254,82263,118,91,902,-1135,50,50,36,28064,-16085,-12157,921,3459
4958,82276,82286,117,87,902,-687,50,52,36,28076,-16031,-12115,925,3460
4958,82304,82314,115,92,908,-479,50,51,36,27939,-16169,-12037,923,3461
4958,82327,82337,119,91,915,-655,54,50,42,27891,-16133,-12157,928,3462
4958,82350,82360,119,91,907,-927,52,50,37,27783,-16067,-12420,923,3463
4958,82373,82382,123,87,902,-1119,54,51,40,27801,-16205,-12420,926,3464
4958,82395,82405,127,90,902,-447,53,49,41,27873,-16217,-12498,924,3465
4958,82418,82428,121,85,897,-527,54,52,36,27783,-16187,-12606,924,3466
4958,82441,82451,121,87,898,-1231,52,53,35,27825,-16079,-12349,921,3467
4958,82464,82474,127,96,902,-543,56,49,32,27717,-16235,-12073,923,3468
4958,82486,82496,122,89,896,-447,52,53,35,27867,-16067,-12331,927,3469
4958,82509,82519,123,87,901,-1119,57,44,37,27675,-16031,-12271,924,3470
4958,82532,82542,126,80,899,-1023,57,56,38,27627,-16073,-12444,918,3471
4958,82555,82565,127,93,909,-719,53,46,34,27747,-15996,-12193,922,3472
4958,82578,82587,125,91,900,-719,51,50,34,27813,-15972,-12247,925,3473
4958,82600,82610,119,97,902,-1327,46,49,33,27657,-15954,-12402,924,3474
4958,82628,82638,122,88,893,-591,50,50,40,27783,-16157,-12438,922,3475
4958,82651,82661,124,90,900,-1167,57,50,33,27795,-16151,-12756,925,3476
4958,82674,82684,120,86,897,-1471,57,45,35,27909,-16133,-12720,924,3477
4958,82697,82706,127,93,896,-895,52,48,36,27933,-16145,-12504,923,3478
4958,82719,82729,113,87,902,-959,53,57,34,27795,-16247,-12528,923,3479
4958,82742,82752,121,91,893,-1039,53,50,42,27939,-16049,-12432,925,3480
4958,82765,82775,127,88,907,-847,54,45,36,28017,-16289,-12474,919,3481
4958,82788,82797,126,91,909,-943,61,50,40,27933,-16391,-12756,925,3482
4958,82810,82820,121,86,902,-1103,49,48,35,27861,-16175,-12498,923,3483
4958,82833,82843,123,95,900,-831,56,50,38,27855,-15942,-12498,925,3484
4958,82856,82866,119,90,894,-1135,52,53,33,27939,-15990,-12187,920,3485
4958,82879,82888,126,91,887,-719,51,48,34,27831,-16109,-12402,921,3486
4958,82901,82911,130,91,909,-415,56,51,43,27939,-15978,-12343,923,3487
4958,82924,82934,123,88,902,-735,57,50,32,28052,-16157,-12019,924,3488
4958,82952,82962,120,88,899,-1535,59,50,33,27873,-16008,-12438,927,3489
4958,82975,82985,126,91,904,-495,58,51,40,27837,-16067,-12438,923,3490
4958,82998,83007,131,80,900,-911,56,50,36,27969,-15966,-12714,924,3491
4958,83020,83030,126,89,903,-767,53,56,34,27963,-15960,-12414,924,3492
4958,83043,83053,124,87,902,-543,53,48,42,27927,-16199,-12331,923,3493
4958,83066,83076,127,87,906,-943,54,46,42,27759,-16008,-12528,921,3494
4958,83089,83098,128,85,901,-751,52,50,34,27753,-16091,-12355,913,3495
4958,83111,83121,123,82,900,-511,46,48,35,27621,-15816,-12378,922,3496
4958,83134,83144,126,84,909,-1055,54,51,37,27855,-16109,-12468,923,3497
4958,83157,83167,120,88,907,-1135,53,50,34,27999,-15864,-12223,919,3498
4958,83180,83189,128,91,903,-879,52,44,36,27759,-15882,-12534,924,3499
4958,83202,83212,117,93,905,-767,58,49,40,27651,-16014,-12456,927,3500
4958,83225,83235,121,91,900,-591,57,50,37,28011,-16145,-12618,923,3501
4958,83253,83263,126,90,904,-1103,48,53,38,27699,-16002,-12486,922,3502
4958,83276,83286,121,95,905,-703,56,51,36,27759,-16073,-12576,924,3503
4958,83299,83309,120,93,904,-1135,51,48,36,27867,-15846,-12576,919,3504
4958,83322,83331,123,92,908,-623,56,54,37,27795,-16073,-12432,923,3505
4958,83344,83354,128,91,906,-719,51,48,32,27729,-16061,-12630,923,3506
4958,83367,83377,124,96,905,-895,57,48,34,27855,-16205,-12426,925,3507
4958,83390,83400,118,90,907,-703,53,51,42,27969,-16049,-12181,921,3508
4958,83412,83422,128,91,902,-543,52,46,34,27831,-16061,-12211,923,3509
4958,83435,83445,123,93,901,-799,52,54,40,27693,-15834,-12546,924,3510
4958,83458,83468,128,99,896,-623,51,46,38,27873,-15756,-12480,922,3511
4958,83481,83491,128,100,909,-1071,57,51,42,27819,-15906,-12528,927,3512
4958,83503,83513,138,100,914,-719,52,54,35,27717,-15774,-12498,920,3513
4958,83526,83536,121,87,900,-1231,56,49,36,27741,-15966,-12558,924,3514
4958,83549,83559,126,89,911,-383,52,53,38,27981,-15966,-12229,921,3515
4958,83585,83594,128,95,900,-1183,57,51,40,27855,-15852,-12211,923,3516
4958,83607,83617,125,88,896,-1103,54,51,35,27879,-16055,-12289,923,3517
4958,83630,83640,120,90,905,-895,53,49,36,27873,-15870,-12420,922,3518
4958,83652,83662,120,97,906,-1039,53,52,35,27795,-15954,-12408,924,3519
4958,83675,83685,118,82,904,-815,49,49,41,27915,-16008,-12390,919,3520
4958,83698,83708,123,95,904,-927,51,48,37,28005,-15984,-12343,926,3521
4958,83720,83730,122,88,910,-895,49,45,34,28094,-15870,-12378,920,3522
4958,83743,83753,120,88,907,-831,53,54,38,28058,-15978,-12061,923,3523
4958,83766,83776,125,93,907,-511,50,53,35,27981,-15846,-12420,927,3524
4958,83789,83798,123,93,909,-543,52,46,35,27969,-16002,-12660,928,3525
4958,83811,83821,118,83,892,-655,54,50,35,27849,-15870,-12750,922,3526
4958,83834,83844,115,89,910,-815,58,53,33,27837,-16211,-12444,921,3527
4958,83857,83867,115,89,900,-1215,50,57,37,27813,-16091,-12450,922,3528
4958,83879,83889,118,87,897,-1055,57,52,36,27909,-16085,-12612,923,3529
4958,83906,83916,121,92,898,-559,54,50,40,27939,-15972,-12277,922,3530
4958,83929,83939,126,93,902,-431,50,52,41,28088,-15816,-12235,921,3531
4958,83952,83962,121,106,889,-1007,58,48,36,27909,-15870,-11959,918,3532
4958,83974,83984,122,91,902,-1007,57,52,38,28190,-15900,-12522,924,3533
4958,83997,84007,124,88,901,-1087,57,54,42,28088,-15882,-12516,922,3534
4958,84020,84030,120,89,893,-735,53,48,38,27825,-16211,-12857,924,3535
4958,84042,84052,118,90,915,-1247,53,49,38,28058,-16026,-12648,925,3536
4958,84065,84075,120,91,898,-815,52,54,42,28154,-16014,-12456,925,3537
4958,84088,84098,130,89,897,-1007,54,52,38,28172,-16235,-12456,921,3538
4958,84110,84120,119,83,902,-895,53,46,38,27951,-15978,-12390,929,3539
4958,84133,84143,123,84,900,-1007,52,48,41,28184,-15984,-12564,926,3540
4958,84156,84166,123,93,902,-895,50,54,40,27951,-16121,-12522,925,3541
4958,84179,84188,121,93,907,-575,57,51,41,28094,-16127,-12552,925,3542
4958,84201,84211,121,97,902,-511,52,48,38,27945,-16049,-12313,921,3543
4958,84237,84247,116,98,903,-1263,49,58,35,28005,-16133,-12516,914,3544
4958,84260,84270,123,89,904,-831,56,46,38,27945,-16205,-12444,926,3545
4958,84283,84293,126,92,901,-463,53,45,35,28070,-16145,-12283,924,3546
4958,84305,84315,128,87,902,-399,51,50,36,28082,-16181,-12187,922,3547
4958,84328,84338,125,84,906,-831,50,50,40,27849,-15990,-12247,916,3548
4958,84351,84361,121,88,905,-879,53,51,36,27915,-16061,-12480,924,3549
4958,84374,84383,121,83,893,-671,52,51,35,27759,-16115,-12432,924,3550
4958,84396,84406,125,80,900,-719,56,49,36,27705,-16193,-12355,923,3551
4958,84419,84429,121,91,906,-1071,52,54,40,27837,-16157,-12438,922,3552
4958,84442,84452,124,91,889,-783,51,49,33,27939,-16241,-12462,923,3553
4958,84465,84474,119,93,902,-1263,50,49,40,27843,-16151,-12247,926,3554
4958,84487,84497,123,91,914,-671,53,49,41,27675,-16277,-12618,923,3555
4958,84510,84520,128,90,900,-687,48,52,34,27873,-16139,-12313,921,3556
4958,84533,84543,117,94,907,-1263,56,50,36,27981,-16223,-11217,924,3557
4958,84561,84571,124,87,898,-559,49,53,42,27867,-16241,-12438,925,3558
4958,84584,84594,118,84,902,-527,46,44,32,27765,-16331,-12576,924,3559
4958,84607,84617,124,95,893,-879,51,53,36,27705,-16061,-12468,925,3560
4958,84630,84639,118,91,896,-1167,56,51,37,27849,-16181,-12594,923,3561
4958,84652,84662,126,87,902,-559,52,49,37,27789,-16199,-11989,924,3562
4958,84675,84685,126,93,896,-767,53,51,34,27777,-16109,-12516,923,3563
4958,84698,84708,113,85,904,-1343,54,52,38,27813,-16247,-11995,927,3564
4958,84721,84731,120,93,901,-1135,52,53,37,27705,-16127,-12049,920,3565
4958,84744,84754,119,85,894,-1311,52,52,36,27771,-16241,-12205,925,3566
4958,84767,84777,125,89,901,-1167,53,54,40,27777,-16085,-12187,925,3567
4958,84790,84800,130,94,898,-1375,56,52,28,27933,-16181,-12013,919,3568
4958,84813,84823,114,87,903,-1263,53,52,34,27741,-16067,-12516,922,3569
4958,84836,84846,118,96,905,-1151,51,48,37,27765,-16474,-12295,923,3570
4958,84859,84869,118,91,897,-927,54,51,33,27795,-16247,-12127,922,3571
4958,84887,84897,125,88,896,-911,56,44,35,27825,-16169,-12367,921,3572
4958,84910,84920,118,91,898,-783,54,45,35,27693,-16055,-12295,921,3573
4958,84933,84943,118,87,900,-1135,50,50,34,27657,-16187,-12187,926,3574
4958,84956,84966,127,91,899,-1023,50,52,41,27837,-16073,-12145,922,3575
4958,84979,84988,118,91,900,-623,50,52,38,27753,-16121,-12019,925,3576
4958,85002,85011,125,84,896,-863,48,50,32,27849,-16223,-12085,926,3577
4958,85024,85034,119,91,893,-991,52,52,41,27945,-16433,-12211,922,3578
4958,85047,85057,123,91,900,-767,50,50,34,27705,-16109,-12319,923,3579
4958,85070,85080,126,90,904,-847,59,48,46,27939,-16091,-12426,925,3580
4958,85093,85103,126,93,909,-911,51,54,33,27639,-16253,-12097,924,3581
4958,85116,85126,128,93,911,-1007,54,46,35,27807,-16163,-12061,925,3582
4958,85139,85149,120,90,908,-687,46,52,37,27969,-16181,-12187,923,3583
4958,85162,85172,123,88,901,-1007,51,51,36,27933,-15900,-12199,925,3584
4958,85185,85194,116,87,896,-991,50,48,38,27969,-16265,-12223,923,3585
4958,85206,85216,123,82,902,-1279,48,51,41,27873,-16187,-12594,923,3586
4958,85229,85239,125,84,896,-1023,54,53,36,28017,-16067,-12582,922,3587
4958,85252,85262,114,98,899,-607,50,44,42,27945,-16211,-12540,923,3588
4958,85275,85285,116,94,898,-1279,53,49,36,28041,-16223,-12187,926,3589
4958,85298,85308,129,95,902,-719,48,51,34,28052,-16463,-12642,924,3590
4958,85321,85331,126,90,907,-1119,53,52,35,27939,-16241,-12265,924,3591
4958,85344,85353,121,84,908,-767,50,49,34,27771,-16379,-12163,923,3592
4958,85367,85376,121,86,899,-1055,51,44,36,28011,-16193,-12103,924,3593
4958,85389,85399,124,88,898,-863,51,49,40,27909,-16020,-12295,923,3594
4958,85412,85422,122,87,906,-911,50,46,38,27957,-16337,-12031,923,3595
4958,85435,85445,119,82,902,-863,52,46,41,27855,-16109,-12355,920,3596
4958,85458,85468,123,92,902,-1359,56,50,34,27651,-16187,-12193,925,3597
4958,85481,85491,117,90,897,-1087,54,52,35,27729,-16097,-12414,924,3598
4958,85509,85519,121,85,906,-815,51,51,38,27693,-16229,-12546,918,3599
4958,85532,85542,127,82,898,-1039,54,50,38,27729,-15984,-12295,924,3600
4958,85555,85565,119,93,908,-1023,52,52,41,27675,-16139,-12343,925,3601
4958,85578,85588,128,95,906,-639,54,46,33,27729,-16253,-12367,926,3602
4958,85601,85611,122,97,900,-847,51,51,37,27568,-16199,-12253,921,3603
4958,85624,85633,130,87,914,-655,52,45,33,27867,-16073,-12325,925,3604
4958,85646,85656,129,87,902,-767,51,53,40,28023,-16283,-12313,925,3605
4958,85669,85679,128,91,902,-783,62,46,38,27915,-16121,-12175,924,3606
4958,85692,85702,122,91,907,-959,51,51,44,27957,-16145,-12337,925,3607
4958,85715,85725,121,94,896,-1087,57,50,38,27765,-16385,-12133,921,3608
4958,85738,85748,121,86,905,-799,50,50,33,27723,-16283,-12426,924,3609
4958,85761,85771,117,83,904,-1103,52,45,35,27813,-16097,-12199,922,3610
4958,85784,85794,133,83,895,-767,52,48,40,27945,-16061,-12181,923,3611
4958,85807,85817,119,88,903,-911,56,53,38,27771,-16265,-12151,926,3612
4958,85835,85845,122,93,903,-1647,51,52,40,27717,-16235,-12229,925,3613
4958,85858,85868,125,87,901,-1135,54,50,35,27855,-16067,-12181,920,3614
4958,85881,85890,128,89,905,-831,60,49,40,27939,-16151,-12426,926,3615
4958,85904,85913,127,94,895,-1167,57,52,29,27873,-16115,-12594,927,3616
4958,85926,85936,125,95,909,-1007,56,53,41,28005,-16127,-12534,921,3617
4958,85949,85959,119,96,903,-975,51,42,33,27873,-16049,-12468,928,3618
4958,85972,85982,121,88,902,-1087,50,45,37,28041,-16115,-12169,925,3619
4958,85995,86005,119,90,900,-1103,53,48,33,27933,-16151,-12480,921,3620
4958,86018,86028,119,86,906,-1295,52,46,34,27897,-16073,-12211,923,3621
4958,86041,86051,121,95,902,-895,53,48,33,27879,-16205,-12367,923,3622
4958,86064,86074,121,92,900,-639,54,52,40,27951,-16067,-12510,925,3623
4958,86087,86096,119,85,911,-815,53,46,33,27867,-16121,-12618,926,3624
4958,86109,86119,113,92,899,-639,51,45,30,27897,-15984,-12313,925,3625
4958,86142,86152,123,90,906,-511,56,52,37,27891,-16097,-12277,927,3626
4958,86171,86181,117,88,904,-879,54,45,34,27987,-16073,-12528,914,3627
4958,86194,86203,123,92,889,-991,51,49,38,28029,-16008,-12378,926,3628
4958,86216,86226,123,90,898,-1055,51,52,36,27933,-16061,-12516,920,3629
4958,86239,86249,123,89,911,-575,54,45,33,27753,-15978,-12408,922,3630
4958,86262,86272,118,87,902,-687,60,52,35,27729,-16055,-12199,922,3631
4958,86285,86295,123,91,901,-1087,52,52,37,27879,-16139,-12378,924,3632
4958,86308,86318,128,84,903,-767,51,46,33,27897,-15996,-12331,923,3633
4958,86331,86341,129,94,901,-655,54,41,36,28011,-15954,-12313,924,3634
4958,86354,86364,117,95,909,-1055,54,45,33,27831,-16127,-12325,925,3635
4958,86377,86386,119,89,909,-1023,54,49,41,28035,-15948,-12414,925,3636
4958,86399,86409,117,89,904,-911,53,50,35,27849,-16379,-12486,921,3637
4958,86422,86432,119,93,905,-687,58,49,37,27933,-16175,-12420,920,3638
4958,86453,86462,123,84,897,-1279,54,50,40,27897,-15984,-12786,923,3639
4958,86475,86485,121,84,902,-1231,53,50,40,27819,-16020,-12792,926,3640
4958,86504,86513,120,97,903,-1407,56,56,35,27933,-15966,-12792,924,3641
4958,86526,86536,127,90,901,-927,54,48,34,27963,-15966,-12630,923,3642
4958,86549,86559,114,91,890,-527,49,51,36,27879,-15912,-12259,923,3643
4958,86572,86582,115,89,909,-591,52,53,42,27861,-16079,-12414,925,3644
4958,86595,86605,117,91,898,-399,52,48,33,27969,-16014,-12630,925,3645
4958,86618,86628,117,91,902,-1183,56,46,40,27909,-16020,-12426,921,3646
4958,86641,86650,113,87,904,-799,53,49,35,27855,-16014,-12654,923,3647
4958,86663,86673,122,97,900,-879,51,51,35,27861,-16067,-12384,922,3648
4958,86686,86696,126,84,903,-703,52,53,38,27855,-15966,-12414,923,3649
4958,86709,86719,123,93,902,-1007,52,45,36,27795,-15960,-12343,921,3650
4958,86732,86742,115,93,906,-975,51,46,35,27915,-15942,-12289,926,3651
4958,86755,86765,126,91,899,-1055,56,51,36,27891,-15912,-12319,923,3652
4958,86778,86787,119,87,908,-559,52,50,37,27777,-15960,-12851,924,3653
4958,86800,86810,117,86,908,-751,53,49,40,27795,-15864,-12426,923,3654
4958,86829,86838,126,84,907,-607,49,51,36,27945,-15948,-12618,926,3655
4958,86851,86861,125,84,898,-783,54,50,35,27957,-15978,-12552,922,3656
4958,86874,86884,117,96,910,-879,52,53,36,28029,-16145,-12642,923,3657
4958,86897,86907,124,93,908,-911,58,52,40,27777,-16043,-12061,924,3658
4958,86920,86930,124,91,898,-687,49,46,33,28023,-15942,-12205,924,3659
4958,86943,86953,125,82,896,-815,52,50,37,28035,-16008,-12612,925,3660
4958,86966,86976,123,92,905,-879,48,48,30,28011,-15972,-12331,924,3661
4958,86989,86998,123,90,898,-1135,56,46,33,27897,-15942,-12373,924,3662
4958,87011,87021,122,97,900,-959,59,49,37,27909,-15906,-12630,925,3663
4958,87034,87044,126,87,900,-1439,54,50,40,28005,-16139,-12792,923,3664
4958,87057,87067,128,95,899,-1167,53,53,36,27981,-15990,-12905,922,3665
4958,87080,87090,120,89,898,-1023,46,48,36,27747,-16061,-12540,924,3666
4958,87103,87113,118,89,899,-575,57,49,36,27915,-16026,-12522,924,3667
4958,87126,87136,127,95,911,-687,48,48,36,28047,-15900,-12456,928,3668
4958,87154,87164,117,89,896,-1167,52,50,36,27963,-16073,-12546,926,3669
4958,87177,87186,113,87,904,-1055,46,46,35,28011,-16037,-12564,919,3670
4958,87200,87209,127,96,906,-623,54,48,35,28029,-16103,-12193,924,3671
4958,87222,87232,128,91,898,-1119,52,51,38,27981,-16043,-12259,922,3672
4958,87245,87255,123,93,911,-879,50,46,35,28011,-16241,-12420,923,3673
4958,87268,87278,127,91,902,-831,56,52,35,28064,-15828,-12576,924,3674
4958,87291,87301,123,89,900,-943,54,51,36,28124,-16049,-12331,922,3675
4958,87314,87324,121,93,901,-911,52,53,41,27969,-15972,-12337,925,3676
4958,87337,87346,115,87,906,-943,48,57,40,28106,-15906,-12558,924,3677
4958,87381,87391,120,97,900,-479,57,51,34,28082,-16133,-12151,925,3678
4958,87404,87414,126,85,907,-975,54,50,38,27957,-16349,-12223,923,3679
4958,87427,87437,115,89,906,-767,57,45,35,27885,-16133,-12103,928,3680
4958,87450,87459,120,97,904,-879,52,52,40,27873,-16127,-12432,924,3681
4958,87478,87488,116,93,913,-1071,56,44,35,28172,-15978,-12367,924,3682
4958,87501,87510,124,92,893,-687,57,49,36,28064,-16014,-12564,925,3683
4958,87523,87533,121,84,900,-927,48,54,38,28238,-15972,-12355,920,3684
4958,87546,87556,123,89,900,-719,59,56,38,28106,-16026,-12396,918,3685
4958,87569,87579,116,89,910,-863,56,57,36,27987,-16073,-12145,924,3686
4958,87592,87602,128,92,898,-863,51,46,36,28052,-16109,-12127,924,3687
4958,87615,87625,125,89,908,-959,52,52,35,28017,-16103,-12432,926,3688
4958,87638,87647,130,94,905,-1151,48,51,41,27909,-16127,-12271,924,3689
4958,87660,87670,121,87,899,-1023,45,51,40,27921,-15978,-12331,921,3690
4958,87683,87693,119,88,898,-1007,53,50,37,28011,-16127,-12420,923,3691
4958,87706,87716,124,96,906,-1471,58,51,32,28052,-16043,-11941,925,3692
4958,87729,87739,117,91,904,-303,57,52,40,27987,-16247,-12378,924,3693
4958,87752,87762,121,91,896,-575,52,46,36,27915,-16115,-12139,922,3694
4958,87775,87785,119,88,909,-431,50,56,36,28005,-15984,-12229,925,3695
4958,87803,87813,117,89,906,-799,58,45,34,28023,-16169,-12373,922,3696
4958,87826,87836,119,91,908,-831,53,49,37,27939,-16073,-12265,925,3697
4958,87849,87858,121,91,902,-1151,54,48,36,27849,-16109,-12325,926,3698
4958,87871,87881,125,95,911,-607,54,53,30,27969,-16031,-12355,924,3699
4958,87894,87904,122,97,906,-991,49,46,28,28088,-15930,-12235,924,3700
4958,87917,87927,116,95,894,-911,57,49,35,27927,-16085,-12402,917,3701
4958,87940,87950,116,89,894,-399,51,50,32,27933,-15930,-12001,927,3702
4958,87963,87973,117,91,906,-767,53,44,32,27975,-16031,-12265,927,3703
4958,87986,87995,119,94,900,-543,54,48,40,27783,-15864,-12277,927,3704
4958,88008,88018,121,89,898,-1327,53,42,35,27867,-15942,-12582,922,3705
4958,88031,88041,126,82,903,-703,53,44,32,27831,-15912,-12373,927,3706
4958,88054,88064,123,93,908,-783,50,51,36,27921,-16133,-12211,926,3707
4958,88077,88087,122,85,906,-991,52,49,37,27915,-16139,-12355,925,3708
4958,88100,88110,120,91,902,-895,49,53,33,27897,-16265,-12325,924,3709
4958,88128,88138,118,84,906,-1135,56,48,36,27981,-15960,-12175,921,3710
4958,88151,88160,119,91,894,-575,49,50,40,28035,-16014,-12313,926,3711
4958,88173,88183,124,93,902,-687,53,53,32,27807,-16020,-12169,922,3712
4958,88196,88206,125,80,901,-655,56,52,40,27849,-15990,-12349,927,3713
4958,88219,88229,123,86,900,-543,48,50,36,27879,-15804,-12384,922,3714
4958,88242,88252,127,93,902,-815,49,50,37,28106,-15828,-12678,923,3715
4958,88265,88274,124,80,895,-927,48,45,33,27897,-16002,-12600,924,3716
4958,88287,88297,115,89,891,-1055,49,46,41,28088,-16079,-12899,926,3717
4958,88310,88320,126,86,899,-1375,54,49,40,27975,-16049,-12833,927,3718
4958,88333,88343,123,87,902,-735,60,45,36,27963,-16091,-12726,926,3719
4958,88356,88366,127,91,903,-1215,57,50,38,28052,-15918,-12666,921,3720
4958,88379,88389,124,86,902,-559,57,50,38,28041,-16026,-12540,921,3721
4958,88402,88411,121,90,902,-1023,51,54,35,28011,-15918,-12582,924,3722
4958,88424,88434,122,95,904,-767,53,45,32,27933,-15954,-12696,924,3723
4958,88453,88462,123,92,906,-911,53,46,32,27831,-15840,-12726,921,3724
4958,88475,88485,122,87,906,-1167,54,49,35,27879,-15918,-12498,923,3725
4958,88498,88508,122,92,904,-1103,58,50,33,27981,-15888,-12486,923,3726
4958,88521,88531,121,89,903,-1103,53,44,36,27927,-15942,-12887,928,3727
4958,88544,88554,115,90,887,-527,54,52,35,27849,-16103,-12666,927,3728
4958,88567,88576,120,89,905,-991,49,50,35,27831,-15966,-12504,924,3729
4958,88589,88599,126,88,904,-703,51,49,34,27903,-16085,-12678,924,3730
4958,88612,88622,123,91,902,-927,53,50,37,27879,-16151,-12726,924,3731
4958,88635,88645,122,92,900,-655,58,53,34,27975,-16067,-12804,925,3732
4958,88658,88668,122,89,904,-751,53,52,38,27987,-15936,-12540,919,3733
4958,88681,88691,121,98,902,-927,50,51,42,27915,-16020,-12492,925,3734
4958,88704,88713,121,89,904,-735,49,46,34,28011,-16055,-12702,926,3735
4958,88726,88736,117,91,904,-623,53,50,36,27945,-15852,-12331,924,3736
4958,88749,88759,122,94,905,-959,56,45,33,28005,-15942,-12552,922,3737
4958,88777,88787,116,89,907,-751,56,52,42,27639,-15876,-12528,925,3738
4958,88800,88810,124,91,909,-1311,56,50,37,27789,-16014,-12378,919,3739
4958,88823,88833,123,90,902,-1167,53,51,36,28017,-15846,-12426,924,3740
4958,88846,88856,117,91,906,-847,54,49,35,27807,-15930,-12175,924,3741
4958,88869,88878,121,90,896,-1151,54,50,36,28148,-16061,-12115,924,3742
4958,88891,88901,126,88,900,-863,52,46,36,28064,-16175,-12606,924,3743
4958,88914,88924,121,97,905,-703,56,53,34,27831,-15972,-12325,924,3744
4958,88937,88947,128,88,899,-1071,51,48,32,27915,-15924,-12121,923,3745
4958,88960,88970,120,82,914,-575,52,54,37,27999,-16043,-12127,922,3746
4958,88983,88993,119,88,904,-831,53,46,36,28076,-15948,-12462,925,3747
4958,89006,89015,128,90,908,-735,58,50,37,27903,-16097,-12199,925,3748
4958,89028,89038,117,89,893,-1071,56,51,34,27855,-15936,-12438,924,3749
4958,89051,89061,119,82,904,-911,58,51,36,27927,-16079,-12313,923,3750
4958,89074,89084,128,80,911,-943,51,48,30,27909,-16127,-12468,919,3751
4958,89102,89112,120,95,903,-847,57,49,42,27957,-15996,-12402,923,3752
4958,89125,89135,122,93,907,-911,56,51,38,27759,-16127,-12355,923,3753
4958,89148,89157,128,91,906,-639,56,50,34,27753,-16055,-12456,925,3754
4958,89170,89180,128,86,911,-1359,48,48,34,27633,-16241,-12642,920,3755
4958,89193,89203,117,88,905,-1263,50,46,38,27861,-16049,-12355,922,3756
4958,89216,89226,122,90,905,-895,50,49,38,27777,-15876,-12199,926,3757
4958,89239,89249,132,89,911,-991,57,49,35,28106,-15996,-12378,920,3758
4958,89262,89272,123,91,909,-815,53,51,40,27963,-16073,-12486,925,3759
4958,89292,89302,130,87,900,-959,52,53,37,28070,-16020,-12420,926,3760
4958,89315,89325,126,86,896,-1119,44,49,36,27885,-16139,-12624,924,3761
4958,89338,89348,118,84,893,-1071,51,43,38,28023,-16115,-12588,923,3762
4958,89361,89370,122,91,895,-1023,49,50,29,28082,-15948,-12732,927,3763
4958,89383,89393,119,86,904,-319,52,50,37,28070,-15912,-12480,923,3764
4958,89412,89421,119,91,907,-799,58,46,41,27915,-16163,-12361,920,3765
4958,89434,89444,119,93,908,-687,54,51,30,28029,-16139,-12504,920,3766
4958,89457,89467,126,85,901,-415,52,56,36,27951,-16175,-12660,924,3767
4958,89480,89490,121,88,895,-1055,57,46,40,27897,-16133,-12378,924,3768
4958,89503,89513,126,87,909,-623,49,53,33,27993,-16319,-12630,917,3769
4958,89526,89535,121,87,898,-975,57,45,36,27897,-16049,-12672,924,3770
4958,89548,89558,123,90,898,-1023,52,52,36,27861,-15948,-12534,924,3771
4958,89571,89581,121,89,906,-671,56,46,40,27873,-16091,-12396,923,3772
4958,89594,89604,121,88,904,-1119,51,45,33,27891,-16187,-12337,921,3773
4958,89617,89627,121,90,898,-943,52,56,37,27753,-16103,-12516,923,3774
4958,89640,89650,130,95,906,-1135,53,48,32,27735,-15870,-12570,925,3775
4958,89663,89672,124,87,899,-1055,56,51,36,27867,-16073,-12630,922,3776
4958,89685,89695,122,92,904,-1263,56,52,37,27789,-16109,-12265,921,3777
4958,89708,89718,127,95,903,-1167,56,57,38,27777,-15984,-12672,922,3778
4958,89736,89746,120,94,899,-767,53,49,35,27717,-15870,-12031,923,3779
4958,89759,89769,127,88,902,-607,51,50,33,27909,-16205,-12492,922,3780
4958,89782,89792,123,86,911,-575,54,46,36,27849,-16217,-12810,924,3781
4958,89805,89815,124,92,913,-1135,54,51,38,27963,-15912,-12474,919,3782
4958,89828,89837,123,82,893,-863,52,52,35,27999,-15984,-12331,921,3783
4958,89850,89860,121,80,900,-847,52,49,35,27885,-16061,-12307,927,3784
4958,89873,89883,124,91,899,-1039,51,44,36,27849,-16157,-12660,922,3785
4958,89896,89906,115,91,900,-1183,52,52,41,27825,-15960,-12498,923,3786
4958,89919,89929,129,97,903,-991,53,52,33,27861,-16133,-12456,924,3787
4958,89942,89951,115,83,909,-527,50,52,40,28058,-16229,-12151,924,3788
4958,89964,89974,116,87,892,-799,53,54,35,27657,-15792,-12223,926,3789
4958,89987,89997,117,91,909,-1007,54,51,35,27795,-16020,-12612,924,3790
4958,90010,90020,119,92,891,-879,52,53,36,27807,-16026,-12690,926,3791
4958,90033,90043,121,86,898,-703,52,52,36,27693,-15774,-12247,923,3792
4958,90061,90071,121,83,899,-943,50,57,40,27753,-15972,-12223,922,3793
4958,90084,90094,117,89,898,-719,56,50,35,28035,-16085,-12426,925,3794
4958,90107,90116,117,88,903,-879,60,57,35,28047,-16073,-12660,923,3795
4958,90129,90139,126,93,905,-1391,48,48,35,28005,-15918,-12546,924,3796
4958,90152,90162,126,89,901,-1135,57,48,35,27963,-15864,-12438,918,3797
4958,90175,90185,124,87,898,-943,56,49,35,27843,-16031,-12666,925,3798
4958,90198,90208,122,87,898,-671,54,48,38,28088,-15918,-12792,925,3799
4958,90221,90231,124,97,906,-895,53,51,37,27915,-16031,-12384,925,3800
4958,90244,90253,118,93,901,-751,46,58,38,27873,-15984,-12546,925,3801
4958,90266,90276,122,95,904,-543,51,53,32,27747,-15924,-12528,922,3802
4958,90289,90299,119,93,904,-447,50,45,41,27657,-15882,-12726,922,3803
4958,90312,90322,129,85,907,-671,53,52,38,27903,-16061,-12612,920,3804
4958,90335,90345,119,89,909,-1039,49,49,36,27993,-15984,-12887,924,3805
4958,90358,90367,118,100,902,-1055,53,52,34,27939,-15960,-12839,919,3806
4958,90386,90396,119,90,901,-1279,51,48,33,27933,-16115,-12432,921,3807
4958,90408,90418,117,92,896,-735,52,51,36,27867,-15948,-12636,926,3808
4958,90431,90441,126,89,909,-1087,48,53,37,27903,-15972,-12414,921,3809
4958,90454,90464,119,87,906,-751,52,50,36,27891,-15906,-12486,921,3810
4958,90477,90487,132,92,906,-719,51,45,32,27849,-15984,-12552,925,3811
4958,90500,90510,119,91,904,-1119,57,52,40,27957,-16061,-12965,923,3812
4958,90523,90532,121,85,903,-1359,51,48,40,27765,-16205,-12905,926,3813
4958,90545,90555,124,87,905,-1071,56,54,34,27999,-15966,-12492,926,3814
4958,90568,90578,125,89,901,-1199,48,51,34,28058,-16008,-12612,926,3815
4958,90591,90601,123,81,892,-1471,53,50,37,27897,-16002,-12642,923,3816
4958,90614,90624,114,86,900,-975,53,42,34,28017,-16061,-12570,922,3817
4958,90637,90646,130,91,903,-527,56,44,40,27867,-15984,-12486,924,3818
4958,90659,90669,120,84,897,-1103,53,53,45,27999,-15834,-12672,920,3819
4958,90682,90692,121,93,901,-831,56,49,37,27915,-15996,-12690,925,3820
4958,90710,90720,127,82,897,-623,50,45,29,28076,-16085,-12594,927,3821
4958,90733,90743,125,87,900,-1215,56,46,35,27957,-15984,-12612,923,3822
4958,90756,90766,116,93,904,-1215,51,43,35,28214,-16049,-12684,920,3823
4958,90779,90789,126,89,897,-831,51,53,34,28035,-15912,-12851,918,3824
4958,90802,90812,125,83,909,-831,57,56,41,27843,-16067,-12576,926,3825
4958,90825,90834,128,97,903,-1215,58,48,36,27825,-15972,-12552,925,3826
4958,90847,90857,123,93,904,-1215,53,50,34,27915,-16037,-12564,924,3827
4958,90870,90880,123,91,908,-639,53,54,36,27975,-15930,-12750,927,3828
4958,90893,90903,119,95,902,-1007,53,50,35,27933,-16037,-12648,922,3829
4958,90916,90926,127,95,904,-1327,53,49,35,28052,-15912,-12468,923,3830
4958,90939,90948,129,92,901,-607,52,52,35,27939,-15960,-12552,925,3831
4958,90961,90971,121,89,898,-799,48,53,37,27927,-15900,-12367,926,3832
4958,90984,90994,122,87,900,-831,51,53,30,27879,-16139,-12474,924,3833
4958,91007,91017,113,91,899,-751,49,50,37,28142,-16241,-12396,924,3834
4958,91035,91045,123,96,899,-1071,57,51,36,27939,-15990,-12450,920,3835
4958,91058,91068,116,82,896,-927,56,54,36,27759,-15936,-12432,923,3836
4958,91081,91090,120,89,908,-751,50,53,35,27831,-16008,-12528,922,3837
4958,91103,91113,123,91,907,-703,53,44,36,27903,-16103,-12504,923,3838
4958,91126,91136,128,91,906,-207,48,50,38,27675,-16157,-12756,931,3839
4958,91149,91159,124,93,909,-575,50,49,36,27933,-15942,-12714,924,3840
4958,91172,91182,121,85,904,-1327,56,53,34,27843,-15882,-12528,923,3841
4958,91195,91204,127,93,902,-767,54,52,36,27879,-16073,-12402,927,3842
4958,91217,91227,123,90,901,-911,53,52,42,27795,-16139,-12289,926,3843
4958,91240,91250,127,77,901,-831,56,48,42,27945,-16211,-12283,919,3844
4958,91263,91273,122,96,897,-735,53,51,41,27819,-16241,-12612,925,3845
4958,91286,91296,118,91,896,-703,54,50,43,27933,-16229,-12420,918,3846
4958,91309,91318,123,91,911,-1071,52,44,35,27927,-16253,-12444,923,3847
4958,91337,91347,124,91,906,-959,52,49,35,27771,-16079,-12390,922,3848
4958,91359,91369,137,89,912,-847,51,51,41,27933,-16247,-12552,925,3849
4958,91382,91392,122,91,898,-895,50,50,37,27879,-16055,-12504,923,3850
4958,91405,91415,119,86,906,-879,56,48,32,27663,-16151,-12780,925,3851
4958,91428,91438,120,87,898,-1055,51,49,36,28047,-16199,-12414,922,3852
4958,91450,91460,116,84,898,-639,57,54,38,28076,-16313,-12337,925,3853
4958,91473,91483,115,100,906,-975,52,46,37,27873,-16175,-12378,926,3854
4958,91496,91506,131,89,913,-1327,57,56,40,27753,-15996,-12271,923,3855
4958,91519,91529,117,84,910,-879,53,48,38,27771,-16067,-12408,924,3856
4958,91542,91551,119,89,907,-879,51,48,36,27669,-16301,-12361,924,3857
4958,91564,91574,122,87,900,-1023,54,48,42,27819,-16091,-12618,920,3858
4958,91587,91597,123,100,902,-1215,50,54,41,27753,-16247,-12582,921,3859
4958,91610,91620,119,89,896,-703,53,46,36,27867,-16121,-12672,924,3860
4958,91633,91642,127,90,900,-943,49,48,37,27897,-16121,-12522,925,3861
4958,91661,91671,124,89,900,-463,53,52,40,27843,-16014,-12390,922,3862
4958,91694,91703,119,94,911,-431,54,50,42,27843,-16181,-12564,925,3863
4958,91716,91726,128,85,898,-623,45,50,36,27927,-16193,-12732,925,3864
4958,91739,91749,126,95,912,-1039,56,51,32,27771,-16043,-12510,926,3865
4958,91762,91772,125,84,902,-1007,51,51,38,27867,-16121,-12217,923,3866
4958,91785,91794,124,94,909,-815,54,49,37,27831,-16151,-12462,923,3867
4958,91807,91817,118,95,903,-1263,57,51,37,27873,-15972,-12277,927,3868
4958,91830,91840,109,92,907,-271,56,54,32,27861,-16079,-12283,923,3869
4958,91853,91863,128,91,915,-415,49,49,33,27987,-16079,-12546,927,3870
4958,91876,91885,115,95,899,-991,54,52,36,27843,-16139,-12420,924,3871
4958,91898,91908,130,89,899,-495,52,50,37,27921,-16037,-12378,923,3872
4958,91921,91931,113,90,908,-991,56,50,41,27729,-15894,-12570,925,3873
4958,91944,91954,121,84,913,-799,52,48,36,27831,-16085,-12157,924,3874
4958,91967,91977,123,86,901,-591,59,48,33,27885,-16199,-12367,925,3875
4958,91995,92005,119,84,905,-1359,53,52,36,27933,-16139,-12899,924,3876
4958,92017,92027,123,86,902,-975,54,51,34,27861,-16169,-12480,921,3877
4958,92040,92050,120,79,901,-719,52,52,37,27957,-16103,-12624,925,3878
4958,92063,92073,117,97,900,-735,54,48,38,27963,-16181,-12792,924,3879
4958,92086,92096,117,94,911,-1135,52,52,37,27915,-16085,-12792,925,3880
4958,92138,92148,119,88,898,-943,59,52,41,27765,-16187,-12714,923,3881
4958,92160,92170,128,88,898,-639,54,48,36,27927,-16241,-12827,926,3882
4958,92183,92193,116,89,902,-1183,53,51,38,27837,-16115,-12696,922,3883
4958,92206,92216,127,89,913,-1119,58,50,33,27963,-16235,-12462,924,3884
4958,92229,92239,119,85,905,-975,49,52,44,27753,-16103,-12618,924,3885
4958,92252,92261,128,79,913,-1151,50,51,32,27831,-15984,-12630,925,3886
4958,92275,92284,119,96,898,-1055,54,52,36,27969,-15978,-12193,927,3887
4958,92297,92307,115,92,910,-943,56,42,34,27963,-16223,-12504,922,3888
4958,92320,92330,119,91,902,-511,58,51,34,27885,-16026,-12630,925,3889
4958,92348,92358,128,90,902,-1039,50,51,35,27999,-16229,-12504,926,3890
4958,92371,92381,125,85,906,-671,51,52,38,27837,-16343,-12522,924,3891
4958,92394,92404,131,90,904,-767,53,49,35,27609,-16043,-12504,925,3892
4958,92417,92426,126,86,902,-607,53,51,40,27729,-16127,-12678,922,3893
4958,92439,92449,129,89,894,-783,51,50,35,27873,-16014,-12426,927,3894
4958,92462,92472,121,93,897,-287,54,52,36,27639,-16085,-12492,925,3895
4958,92485,92495,121,91,904,-991,50,49,38,27663,-16115,-12408,924,3896
4958,92529,92539,126,80,902,-1263,51,48,35,27753,-15978,-12175,923,3897
4958,92552,92562,124,89,900,-511,51,44,36,27789,-16043,-12253,924,3898
4958,92575,92584,123,84,897,-1023,51,50,38,27879,-15954,-12534,921,3899
4958,92597,92607,125,87,900,-815,52,54,36,27849,-15942,-12426,915,3900
4958,92620,92630,117,95,895,-559,54,49,34,27813,-15756,-12408,922,3901
4958,92643,92653,122,84,898,-863,46,50,36,27592,-15900,-12295,922,3902
4958,92666,92676,123,89,902,-751,53,42,33,27717,-15930,-12474,925,3903
4958,92694,92704,121,86,898,-1263,46,50,35,27939,-15858,-12283,926,3904
4958,92716,92726,119,82,909,-863,53,52,37,27969,-16008,-12384,926,3905
4958,92739,92749,121,91,904,-991,50,54,41,27681,-15984,-12570,925,3906
4958,92762,92772,115,91,902,-879,53,49,38,27753,-16002,-12630,927,3907
4958,92785,92795,129,97,896,-975,53,50,40,27849,-16133,-12367,923,3908
4958,92807,92817,134,94,904,-719,51,48,34,28029,-16127,-12384,920,3909
4958,92830,92840,125,92,897,-1055,58,52,35,27909,-16037,-12367,922,3910
4958,92853,92863,127,89,904,-751,52,53,37,28047,-16133,-12355,923,3911
4958,92876,92885,118,91,905,-895,52,52,35,27915,-15936,-12468,926,3912
4958,92898,92908,129,93,901,-943,53,44,40,27915,-16008,-12564,922,3913
4958,92921,92931,120,93,904,-1279,56,48,36,27807,-15930,-12426,922,3914
4958,92944,92954,113,91,907,-783,54,48,29,27867,-15876,-12786,922,3915
4958,92967,92977,123,90,902,-991,53,46,36,27729,-16026,-12612,927,3916
4958,92989,92999,128,98,901,-1231,54,52,35,27867,-16055,-12480,918,3917
4958,93018,93027,119,87,902,-831,56,56,37,27897,-16091,-12139,924,3918
4958,93040,93050,124,87,900,-735,52,51,34,27789,-16020,-12600,927,3919
4958,93063,93073,116,86,894,-959,50,50,37,27837,-16253,-12576,925,3920
4958,93086,93095,123,93,907,-1215,51,48,36,27879,-16037,-12468,921,3921
4958,93108,93118,123,89,905,-767,58,48,38,27993,-15966,-12283,926,3922
4958,93131,93141,121,85,909,-975,53,51,33,27819,-16127,-12522,926,3923
4958,93154,93164,123,93,904,-383,56,53,43,27717,-15966,-12504,923,3924
4958,93177,93186,121,94,896,-751,56,45,37,27735,-15960,-12881,924,3925
4958,93199,93209,118,87,906,-543,56,46,34,27819,-15966,-12869,925,3926
4958,93222,93232,124,90,898,-671,48,46,34,27669,-16043,-12702,927,3927
4958,93245,93255,120,90,910,-1087,56,50,28,27813,-16043,-12564,924,3928
4958,93267,93277,126,89,899,-927,57,56,37,27843,-16020,-12432,924,3929
4958,93290,93300,114,87,896,-495,58,59,36,27969,-16014,-12630,922,3930
4958,93318,93328,120,95,907,-1327,53,52,41,27753,-15960,-12660,927,3931
4958,93341,93351,123,98,907,-1151,52,48,41,27765,-16014,-12672,924,3932
4958,93364,93373,125,91,898,-639,50,52,41,27765,-16127,-12420,922,3933
4958,93386,93396,123,89,906,-1087,53,50,40,27747,-15984,-12612,922,3934
4958,93409,93419,125,87,904,-735,50,51,36,27861,-16026,-12576,926,3935
4958,93432,93442,123,89,898,-671,49,56,40,27873,-15894,-12953,925,3936
4958,93455,93464,121,87,908,-927,56,53,36,27663,-16145,-12750,926,3937
4958,93477,93487,125,92,902,-607,54,49,42,27867,-16049,-12546,925,3938
4958,93500,93510,134,84,901,-431,53,52,36,28052,-15942,-12678,923,3939
4958,93523,93533,119,91,906,-863,56,45,34,27915,-16223,-12792,920,3940
4958,93546,93555,122,87,902,-1279,54,52,38,27909,-16109,-12361,921,3941
4958,93568,93578,121,87,902,-1039,49,50,33,27759,-16026,-12588,919,3942
4958,93591,93601,126,92,889,-1391,52,52,38,27771,-16049,-12618,923,3943
4958,93614,93624,126,92,900,-1183,56,44,37,27789,-16043,-12624,924,3944
4958,93642,93652,121,91,901,-1039,57,50,35,27873,-16133,-12833,923,3945
4958,93664,93674,116,94,893,-511,59,48,37,27741,-15984,-12851,926,3946
4958,93687,93697,120,97,904,-575,48,51,36,27753,-16091,-12678,923,3947
4958,93710,93720,124,97,899,-1007,51,51,29,27795,-15990,-12654,926,3948
4958,93733,93742,114,89,899,-815,56,54,43,28011,-15996,-12971,924,3949
4958,93755,93765,129,92,910,-911,49,46,33,27897,-15852,-12492,923,3950
4958,93778,93788,126,84,904,-1055,52,46,34,27909,-15882,-12600,925,3951
4958,93801,93811,128,90,900,-495,54,44,42,28041,-16008,-12630,922,3952
4958,93824,93833,121,94,900,-399,49,46,29,27867,-16145,-12756,925,3953
4958,93846,93856,117,91,905,-1055,54,52,37,27867,-15972,-12420,924,3954
4958,93869,93879,119,87,900,-703,57,56,35,27837,-16049,-12361,924,3955
4958,93892,93902,126,85,902,-1503,45,43,34,27789,-16109,-12271,925,3956
4958,93915,93924,130,89,913,-671,48,54,40,27795,-16145,-12283,923,3957
4958,93937,93947,120,89,905,-927,50,52,37,27753,-16223,-12390,923,3958
4958,93966,93975,117,86,906,-1279,54,43,35,27711,-16223,-12594,922,3959
4958,93988,93998,117,91,900,-783,52,50,34,27621,-16139,-12438,919,3960
4958,94011,94021,127,80,896,-1071,50,45,35,27753,-16211,-12426,923,3961
4958,94034,94043,124,93,898,-959,51,48,34,27675,-16127,-12313,925,3962
4958,94056,94066,130,89,905,-863,56,49,41,27819,-16002,-12271,922,3963
4958,94079,94089,119,93,899,-1007,54,51,38,27621,-16014,-12390,924,3964
4958,94102,94112,123,91,891,-959,54,44,38,27735,-16037,-12426,922,3965
4958,94125,94134,125,87,909,-783,52,44,35,27657,-16037,-12337,923,3966
4958,94147,94157,118,95,900,-591,52,57,36,27681,-16193,-12378,923,3967
4958,94170,94180,121,89,911,-783,50,50,37,27747,-16031,-12528,924,3968
4958,94193,94203,121,97,904,-335,51,45,34,27861,-16157,-12486,919,3969
4958,94215,94225,134,91,909,-895,51,50,33,27939,-16014,-12558,922,3970
4958,94238,94248,115,90,904,-703,52,42,32,27801,-16091,-12384,920,3971
4958,94261,94271,130,93,900,-623,50,50,38,27903,-16151,-12492,925,3972
4958,94288,94298,128,97,904,-895,54,54,37,27753,-16127,-12600,922,3973
4958,94311,94321,119,88,902,-1039,56,51,36,27801,-15972,-12504,928,3974
4958,94333,94343,125,86,905,-943,51,56,36,27873,-16079,-12115,928,3975
4958,94356,94366,134,81,902,-719,53,48,34,28005,-15924,-12271,925,3976
4958,94379,94389,121,84,905,-831,54,53,33,28052,-16199,-12349,926,3977
4958,94402,94411,128,96,891,-911,50,51,29,27795,-16121,-12696,922,3978
4958,94424,94434,130,83,909,-1071,54,48,34,27765,-16151,-12780,921,3979
4958,94447,94457,121,84,894,-1103,49,50,33,27687,-16211,-12630,923,3980
4958,94470,94480,126,89,907,-527,57,53,37,27693,-16067,-12714,921,3981
4958,94492,94502,126,92,900,-799,58,51,38,28011,-16103,-12373,928,3982
4958,94515,94525,124,93,902,-815,52,53,41,27861,-16008,-12025,919,3983
4958,94538,94548,123,92,891,-847,52,48,34,27987,-15882,-12498,917,3984
4958,94561,94570,123,84,905,-943,52,53,34,27933,-16085,-12456,925,3985
4958,94583,94593,123,89,896,-463,50,44,36,27855,-16061,-12390,925,3986
4958,94609,94619,120,86,899,-575,51,50,36,27813,-16037,-12396,923,3987
4958,94632,94642,124,92,900,-383,52,49,38,27993,-16061,-12295,926,3988
4958,94655,94665,119,92,902,-1167,54,54,40,27891,-15948,-12438,925,3989
4958,94678,94687,121,92,896,-703,49,46,33,27789,-15984,-12343,919,3990
4958,94700,94710,127,85,899,-879,49,50,32,27657,-16067,-12564,924,3991
4958,94723,94733,128,89,898,-847,49,50,34,27801,-16199,-12408,919,3992
4958,94746,94756,134,89,896,-1055,59,49,33,27753,-16133,-12325,921,3993
4958,94769,94778,132,87,902,-1167,50,57,36,27867,-16241,-12295,926,3994
4958,94791,94801,130,89,893,-639,51,48,36,27855,-16103,-12259,930,3995
4958,94814,94824,119,93,900,-831,60,51,36,27963,-16163,-12630,923,3996
4958,94837,94847,118,84,902,-831,49,45,36,27975,-16217,-12666,925,3997
4958,94860,94869,123,90,902,-447,54,52,33,27675,-16121,-12528,923,3998
4958,94882,94892,128,86,899,-575,50,51,37,27861,-15852,-12049,924,3999
4958,94905,94915,128,94,906,-927,56,49,33,27921,-16097,-12492,924,4000
4958,94933,94943,125,91,901,-1055,54,52,36,27759,-16181,-12570,923,4001
4958,94964,94973,121,91,911,-1023,46,52,35,27783,-16343,-12462,919,4002
4958,94986,94996,121,86,901,-1199,57,51,38,27699,-16121,-12175,927,4003
4958,95009,95019,120,87,902,-1247,56,50,36,27681,-16020,-12289,921,4004
4958,95032,95042,123,87,906,-1007,51,51,33,27915,-16241,-12402,930,4005
4958,95055,95065,120,89,903,-991,53,46,32,27807,-16061,-12337,923,4006
4958,95078,95088,134,89,903,-911,53,44,38,27801,-15900,-12355,924,4007
4958,95101,95111,124,87,900,-943,52,46,35,27687,-16049,-12468,928,4008
4958,95124,95134,119,89,902,-783,51,50,32,27795,-16187,-12181,923,4009
4958,95147,95157,127,96,909,-1055,50,52,32,27705,-16325,-12307,922,4010
4958,95170,95179,127,88,907,-1023,50,51,33,27843,-16307,-12295,924,4011
4958,95193,95202,120,91,907,-1071,53,56,38,27681,-16235,-12223,928,4012
4958,95215,95225,117,90,905,-783,51,49,34,27687,-16199,-12319,922,4013
4958,95244,95254,122,97,900,-1023,56,45,44,27753,-16349,-12444,928,4014
4958,95267,95277,115,85,907,-1231,53,43,37,27723,-16247,-12229,925,4015
4958,95290,95299,128,93,906,-991,52,48,35,27837,-16139,-12450,925,4016
4958,95312,95322,112,97,898,-783,53,49,37,27849,-16157,-12738,922,4017
4958,95335,95345,117,92,902,-287,50,52,37,27825,-16067,-12331,926,4018
4958,95358,95368,119,81,894,-1055,46,46,33,27909,-15972,-12660,925,4019
4958,95381,95391,121,86,902,-831,52,51,35,27885,-16026,-12636,925,4020
4958,95404,95414,123,94,898,-1023,48,51,33,27885,-15996,-12684,927,4021
4958,95427,95437,124,91,903,-1103,51,43,32,27807,-16277,-12265,928,4022
4958,95450,95460,127,91,909,-863,54,48,32,27675,-15996,-12444,926,4023
4958,95473,95483,121,90,909,-639,53,49,42,27729,-16002,-12378,925,4024
4958,95496,95505,128,91,902,-1311,49,48,37,27879,-15900,-12414,926,4025
4958,95518,95528,109,86,900,-991,54,52,40,27861,-16002,-12271,924,4026
4958,95541,95551,128,93,910,-975,53,51,43,27867,-15996,-12373,923,4027
4958,95570,95579,137,97,901,-1279,46,44,36,27849,-15960,-12271,918,4028
4958,95592,95602,119,91,898,-991,49,49,36,27807,-15966,-12223,924,4029
4958,95615,95625,124,91,900,-975,57,53,35,27993,-16163,-12402,923,4030
4958,95638,95648,126,91,900,-527,50,52,37,27921,-16109,-12456,924,4031
4958,95661,95671,120,95,906,-1039,56,51,38,27879,-16067,-12672,923,4032
4958,95684,95694,128,89,905,-815,54,49,36,27837,-16223,-12367,925,4033
4958,95707,95716,116,83,898,-767,52,46,37,27759,-16127,-12582,924,4034
4958,95729,95739,119,91,904,-607,52,46,35,27831,-16109,-12612,925,4035
4958,95752,95762,120,88,911,-927,50,48,42,27675,-16229,-12654,924,4036
4958,95775,95785,121,93,908,-991,53,50,33,27861,-16049,-12588,927,4037
4958,95798,95808,118,91,905,-1199,53,49,38,27849,-16181,-12510,923,4038
4958,95821,95831,123,91,905,-895,53,51,40,27657,-16151,-12540,921,4039
4958,95844,95854,124,93,898,-399,56,52,36,27765,-16055,-12845,924,4040
4958,95867,95877,119,97,901,-863,49,48,35,27891,-16325,-12845,924,4041
4958,95903,95913,132,91,906,-591,57,57,40,27903,-16103,-12762,925,4042
4958,95926,95936,121,87,899,-751,52,51,42,27885,-16133,-12630,925,4043
4958,95949,95958,128,90,902,-1231,48,51,40,27951,-15978,-12367,925,4044
4958,95972,95981,116,89,906,-783,51,48,38,27825,-15858,-12468,926,4045
4958,95994,96004,125,87,903,-335,46,51,37,27633,-16002,-12468,923,4046
4958,96017,96027,130,96,906,-943,52,50,38,27855,-15984,-12540,923,4047
4958,96040,96050,123,89,908,-607,50,51,37,27813,-16020,-12492,925,4048
4958,96063,96073,131,87,902,-687,52,53,45,27807,-15936,-12516,924,4049
4958,96086,96096,127,90,907,-671,54,49,35,27831,-16175,-12816,926,4050
4958,96109,96119,126,86,900,-1279,53,45,36,27861,-16091,-12810,924,4051
4958,96132,96142,122,90,896,-703,48,51,35,27837,-16103,-12851,924,4052
4958,96155,96164,123,87,897,-383,53,49,36,27813,-16121,-12432,924,4053
4958,96177,96187,125,87,904,-847,53,52,43,27699,-16067,-12558,926,4054
4958,96200,96210,123,87,898,-831,52,48,36,27759,-16421,-12438,923,4055
4958,96229,96238,126,94,903,-735,52,45,36,27807,-16169,-12402,928,4056
4958,96251,96261,125,86,902,-959,57,54,38,27795,-16277,-12349,924,4057
4958,96274,96284,126,88,901,-815,56,54,35,27645,-16217,-12594,924,4058
4958,96297,96307,123,90,900,-639,54,51,40,27759,-16175,-12540,919,4059
4958,96320,96330,123,93,907,-1023,53,46,35,27586,-16139,-12426,924,4060
4958,96343,96353,121,91,901,-1391,51,51,32,27592,-16157,-12498,925,4061
4958,96366,96376,134,93,903,-1103,50,54,35,27657,-16253,-12630,925,4062
4958,96389,96398,130,96,911,-495,51,52,35,27717,-16109,-12798,927,4063
4958,96411,96421,121,86,907,-671,51,51,36,27633,-16235,-12654,926,4064
4958,96434,96444,127,80,898,-1039,60,52,38,27819,-16002,-12708,921,4065
4958,96457,96467,121,84,902,-751,57,50,37,27604,-16091,-12528,926,4066
4958,96480,96490,124,86,898,-719,59,49,41,27741,-16097,-12923,929,4067
4958,96503,96513,127,85,905,-591,52,53,41,27795,-16014,-12396,924,4068
4958,96526,96536,128,84,893,-975,56,49,36,27777,-16127,-12738,921,4069
4958,96554,96564,125,89,906,-1023,59,49,32,27657,-16008,-12558,922,4070
4958,96577,96587,120,91,903,-1039,51,50,37,27556,-16205,-12851,929,4071
4958,96600,96610,126,87,904,-639,50,45,35,27681,-16061,-12648,925,4072
4958,96623,96632,125,84,906,-1263,52,50,36,27843,-16020,-12510,922,4073
4958,96645,96655,124,91,900,-831,49,50,38,27651,-16181,-12750,923,4074
4958,96668,96678,121,93,901,-975,52,51,41,27729,-16020,-12444,923,4075
4958,96691,96701,123,82,896,-1007,57,49,40,27669,-16151,-12576,925,4076
4958,96714,96724,121,92,900,-863,54,54,37,27783,-16014,-12396,924,4077
4958,96737,96747,113,91,906,-799,52,51,35,27771,-16193,-12714,924,4078
4958,96760,96770,118,80,900,-1231,49,48,32,27807,-16175,-12612,925,4079
4958,96783,96793,129,89,902,-1055,54,45,33,27849,-16259,-12822,924,4080
4958,96806,96815,126,96,903,-799,56,52,37,27741,-16163,-12839,928,4081
4958,96828,96838,123,90,901,-415,54,48,35,27741,-16229,-12839,929,4082
4958,96851,96861,116,91,907,-1439,53,50,38,27651,-16199,-13031,923,4083
4958,96879,96889,123,87,900,-927,54,52,38,27645,-16151,-12744,923,4084
4958,96902,96912,116,91,909,-895,53,50,40,27765,-15936,-12504,924,4085
4958,96925,96935,126,95,902,-1087,53,53,33,26095,-15954,-12414,923,4086
4958,96948,96958,123,87,900,-1039,54,50,38,27801,-16115,-12624,927,4087
4958,96971,96981,122,95,898,-927,60,52,38,27699,-16109,-12313,926,4088
4958,96994,97003,123,91,900,-815,59,53,35,27717,-16008,-12450,921,4089
4958,97016,97026,126,89,904,-799,58,51,37,27837,-16145,-12648,924,4090
4958,97039,97049,123,84,904,-991,56,53,38,27759,-16241,-12648,925,4091
4958,97062,97072,114,91,904,-623,56,48,38,27783,-16049,-12474,925,4092
4958,97085,97095,117,86,905,-639,52,50,33,27699,-16139,-12432,926,4093
4958,97108,97118,123,88,902,-799,56,45,37,27663,-16205,-12822,924,4094
4958,97131,97141,129,91,907,-1087,49,50,33,27705,-16223,-12798,920,4095
4958,97154,97163,123,87,903,-735,53,52,37,27825,-16235,-12696,920,4096
4958,97176,97186,125,91,902,-751,57,51,33,27562,-15984,-13097,922,4097
4958,97198,97208,117,92,906,-911,54,53,35,27783,-16331,-12911,926,4098
4958,97221,97231,121,89,904,-959,52,53,43,27651,-16229,-12827,926,4099
4958,97244,97254,126,91,902,-719,56,50,37,27819,-16205,-12337,922,4100
4958,97277,97287,121,87,904,-335,54,52,40,27879,-16277,-12498,923,4101
4958,97300,97309,123,93,900,-1087,54,52,36,27801,-16217,-12534,925,4102
4958,97322,97332,120,87,898,-959,56,51,36,27873,-16504,-12522,923,4103
4958,97345,97355,117,91,906,-639,56,49,40,27957,-16349,-12792,926,4104
4958,97368,97378,121,89,903,-719,51,48,38,27921,-16205,-13031,926,4105
4958,97391,97401,111,87,895,-1135,58,50,38,27903,-15954,-12552,921,4106
4958,97414,97424,124,91,902,-639,50,54,38,27795,-16139,-12624,924,4107
4958,97437,97447,122,84,906,-767,50,52,34,27885,-16307,-12307,924,4108
4958,97460,97470,130,86,902,-1071,54,48,36,27783,-16361,-12516,926,4109
4958,97483,97492,115,89,901,-479,51,53,37,27861,-16331,-12869,921,4110
4958,97511,97521,121,86,904,-959,58,56,37,27765,-16379,-12696,922,4111
4958,97533,97543,119,89,901,-1087,58,50,32,27849,-16373,-12756,926,4112
4958,97556,97566,127,87,903,-911,60,49,37,27663,-16570,-12810,925,4113
4958,97579,97589,130,89,893,-1199,56,49,38,27735,-16217,-12684,924,4114
4958,97602,97612,115,92,899,-1311,54,52,42,27675,-16289,-12690,926,4115
4958,97646,97656,129,89,904,-911,53,51,40,27460,-16277,-12606,924,4116
4958,97669,97679,128,92,893,-639,60,53,38,27723,-16343,-12833,922,4117
4958,97692,97702,125,90,902,-191,49,53,34,27639,-16145,-12810,925,4118
4958,97715,97724,124,91,897,-511,56,54,40,27717,-16049,-12684,925,4119
4958,97737,97747,121,89,906,-1199,60,50,44,27633,-16187,-12618,926,4120
4958,97760,97770,120,88,904,-799,56,45,40,27598,-16271,-12492,926,4121
4958,97783,97793,128,93,896,-1007,51,49,40,27735,-16181,-12522,925,4122
4958,97806,97816,126,93,896,-1247,49,53,32,27645,-16325,-12732,926,4123
4958,97836,97846,115,89,900,-1295,53,52,41,27801,-16271,-12935,924,4124
4958,97865,97874,135,89,908,-1183,53,51,41,27807,-16211,-12845,923,4125
4958,97887,97897,117,92,896,-895,56,54,36,27867,-16397,-12648,922,4126
4958,97910,97920,121,91,894,-463,51,46,36,27556,-16504,-12774,927,4127
4958,97933,97943,128,96,902,-943,52,53,35,27831,-16187,-12420,924,4128
4958,97956,97965,117,87,901,-623,50,50,41,27633,-16343,-12648,924,4129
4958,97978,97988,126,97,896,-767,50,50,34,27532,-16421,-12456,927,4130
4958,98001,98011,134,85,901,-1055,48,49,37,27717,-16313,-12456,926,4131
4958,98024,98034,120,94,897,-815,52,48,38,27681,-16289,-12408,925,4132
4958,98047,98057,123,91,898,-863,56,56,42,27681,-16193,-12426,925,4133
4958,98070,98080,119,87,901,-1007,54,51,35,27981,-16127,-12462,927,4134
4958,98092,98102,122,84,902,-1199,54,48,37,27657,-16301,-12522,923,4135
4958,98115,98125,131,80,900,-959,50,53,32,27699,-16181,-12570,927,4136
4958,98138,98148,119,84,904,-655,57,44,29,27633,-16002,-12468,925,4137
4958,98161,98171,128,95,902,-1135,51,46,34,27681,-16049,-12857,920,4138
4958,98189,98199,122,91,902,-575,52,51,34,27819,-16259,-12690,926,4139
4958,98212,98222,119,85,904,-1151,49,49,34,27837,-16373,-12570,924,4140
4958,98234,98244,130,98,902,-1263,49,50,32,27705,-16109,-12420,925,4141
4958,98257,98267,120,91,904,-639,50,46,37,27759,-16241,-12486,925,4142
4958,98280,98290,120,93,896,-719,49,48,37,27759,-16115,-12235,922,4143
4958,98303,98313,127,89,901,-895,58,49,36,27568,-16133,-12211,923,4144
4958,98326,98336,121,93,905,-767,53,50,32,27729,-16391,-12067,924,4145
4958,98349,98359,126,87,898,-495,53,49,34,27621,-16049,-12444,924,4146
4958,98372,98381,126,93,907,-831,52,52,41,27615,-16049,-12414,922,4147
4958,98394,98404,121,87,909,-511,53,51,41,27771,-16331,-12319,921,4148
4958,98417,98427,119,95,912,-495,51,51,40,27765,-16169,-12373,919,4149
4958,98440,98450,120,89,897,-655,49,50,36,27526,-16217,-12343,928,4150
4958,98463,98473,123,90,900,-767,50,48,33,27837,-16307,-12175,923,4151
4958,98486,98496,113,88,901,-1103,56,50,35,27568,-16241,-12361,924,4152
4958,98514,98524,120,84,900,-639,56,48,40,27669,-16295,-12492,926,4153
4958,98537,98546,121,94,896,-815,53,49,41,27675,-16247,-12265,926,4154
4958,98559,98569,116,87,909,-1039,51,45,35,27831,-16211,-12474,927,4155
4958,98582,98592,125,93,904,-943,56,48,35,27801,-16103,-12552,924,4156
4958,98605,98615,121,96,897,-815,57,53,36,27891,-16151,-12486,923,4157
4958,98628,98638,118,87,900,-767,53,51,29,27777,-16121,-12714,926,4158
4958,98651,98660,129,91,898,-1231,57,54,36,27741,-16235,-12833,926,4159
4958,98673,98683,124,91,907,-527,52,48,42,27741,-16109,-12438,927,4160
4958,98696,98706,123,88,902,-1071,51,51,35,27813,-16211,-12355,922,4161
4958,98719,98729,122,93,900,-991,56,48,36,27801,-16253,-12402,928,4162
4958,98742,98752,119,88,902,-575,48,52,40,27783,-16283,-12588,928,4163
4958,98765,98774,123,87,913,-1167,58,53,40,27849,-16139,-12510,926,4164
4958,98787,98797,124,98,904,-1215,56,50,41,27693,-16020,-12564,928,4165
4958,98810,98820,123,96,904,-399,51,49,35,27885,-16037,-12606,924,4166
4958,98838,98848,116,91,900,-767,57,53,42,27496,-16181,-13127,926,4167
4958,98861,98871,126,92,897,-719,53,52,40,27783,-15972,-12786,922,4168
4958,98884,98894,119,94,900,-911,53,46,42,27681,-16002,-12738,923,4169
4958,98907,98916,126,83,897,-1567,57,51,35,27729,-15828,-12708,927,4170
4958,98929,98939,125,96,902,-1295,52,54,35,27729,-16133,-12708,928,4171
4958,98952,98962,123,86,904,-1199,52,48,36,27735,-16073,-12714,918,4172
4958,98975,98985,130,90,906,-623,52,48,32,27975,-16109,-12810,923,4173
4958,98998,99008,124,78,906,-431,51,50,41,27861,-16121,-12816,925,4174
4958,99021,99030,129,91,901,-1295,54,54,40,27873,-16043,-12738,924,4175
4958,99043,99053,130,87,898,-783,54,57,37,27843,-16259,-12792,924,4176
4958,99066,99076,121,91,907,-1087,52,54,37,28076,-16043,-12905,926,4177
4958,99089,99099,118,85,904,-687,50,46,36,28041,-16187,-12510,921,4178
4958,99112,99122,123,85,906,-895,54,51,40,28058,-16031,-12337,926,4179
4958,99135,99145,124,91,901,-847,61,56,44,27867,-16175,-12301,926,4180
4958,99163,99173,121,98,897,-1039,53,46,41,27909,-16325,-12780,923,4181
4958,99186,99196,136,94,898,-783,57,51,29,27885,-16229,-12600,926,4182
4958,99209,99218,124,89,900,-895,49,48,36,27789,-16283,-12462,923,4183
4958,99231,99241,123,87,898,-1263,52,48,35,27753,-16151,-12349,924,4184
4958,99254,99264,120,89,906,-639,48,50,35,27687,-16061,-12355,925,4185
4958,99277,99287,119,90,906,-623,53,54,40,27807,-16061,-12756,926,4186
4958,99300,99310,118,90,902,-671,58,46,40,27657,-15996,-12816,920,4187
4958,99323,99332,123,87,904,-703,57,51,40,27705,-16014,-12732,925,4188
4958,99345,99355,121,93,904,-751,54,52,41,27813,-16133,-12534,924,4189
4958,99368,99378,124,87,902,-863,60,50,34,27819,-16085,-12474,923,4190
4958,99391,99401,121,89,900,-847,49,54,41,27639,-15936,-12750,923,4191
4958,99414,99424,113,83,899,-671,51,50,37,27861,-15936,-12624,928,4192
4958,99437,99446,121,87,905,-767,56,49,34,27723,-16002,-12534,926,4193
4958,99465,99475,108,95,902,-319,53,44,34,28011,-15978,-12678,926,4194
4958,99487,99497,127,90,905,-767,51,44,34,27801,-16271,-12696,925,4195
4958,99510,99520,128,84,903,-639,49,52,37,27849,-16151,-12378,925,4196
4958,99533,99543,123,87,905,-655,50,51,34,27693,-15954,-12546,926,4197
4958,99556,99566,123,95,906,-639,57,54,42,27711,-16145,-12259,921,4198
4958,99578,99588,120,82,901,-847,57,53,40,27621,-16193,-12301,926,4199
4958,99601,99611,126,90,908,-735,54,51,38,27903,-16014,-12564,922,4200
4958,99624,99634,121,89,900,-559,51,50,34,27753,-16145,-12660,923,4201
4958,99647,99657,121,88,903,-879,57,48,38,27789,-16157,-12199,925,4202
4958,99670,99679,119,89,899,-895,54,51,35,27921,-15954,-12534,926,4203
4958,99692,99702,119,92,894,-1103,46,49,34,27855,-16037,-12151,928,4204
4958,99715,99725,129,82,903,-703,50,42,33,27807,-16319,-12133,922,4205
4958,99738,99748,128,89,901,-943,51,48,37,27777,-16277,-12235,928,4206
4958,99761,99771,128,87,917,-1071,52,54,36,27825,-16127,-12115,926,4207
4958,99789,99799,123,88,900,-1007,53,49,34,27903,-16121,-12301,925,4208
4958,99812,99822,119,89,898,-815,54,50,33,27927,-16073,-12564,925,4209
4958,99835,99845,124,91,901,-879,52,45,35,27963,-16121,-12390,923,4210
4958,99858,99867,119,86,905,-511,49,51,36,27837,-16133,-12420,926,4211
4958,99880,99890,120,89,900,-1263,49,51,37,27879,-16151,-12043,925,4212
4958,99903,99913,120,89,907,-847,53,53,38,27897,-16067,-12390,923,4213
4958,99926,99936,124,91,899,-703,53,56,41,27897,-16079,-12582,926,4214
4958,99949,99959,123,91,904,-607,52,50,34,27867,-16115,-12540,927,4215
4958,99972,99982,122,89,911,-783,50,50,43,27795,-16055,-12271,923,4216
4958,99995,100004,115,92,904,-1135,52,42,40,27645,-16175,-12307,925,4217
4958,100017,100027,120,87,906,-1071,57,48,32,27957,-16295,-12211,925,4218
4958,100040,100050,118,87,904,-959,51,53,37,27801,-16205,-12313,926,4219
4958,100063,100073,117,88,892,-799,56,53,40,27789,-16085,-12480,924,4220
4958,100086,100096,130,91,909,-399,56,51,35,27975,-16121,-12402,926,4221
4958,100114,100124,121,91,913,-799,56,46,36,27783,-16217,-12486,924,4222
4958,100137,100146,119,92,899,-1039,50,49,37,27681,-15972,-12786,919,4223
4958,100159,100169,120,94,896,-1151,53,48,36,27873,-16109,-12432,919,4224
4958,100182,100192,129,88,900,-1471,57,50,37,27837,-16175,-12642,925,4225
4958,100205,100215,126,91,905,-783,54,52,37,27849,-16127,-12522,927,4226
4958,100228,100238,123,89,895,-703,51,53,41,27789,-16157,-12570,924,4227
4958,100251,100261,115,87,911,-911,45,49,36,27831,-15960,-12426,926,4228
4958,100274,100283,117,93,896,-815,51,51,36,27891,-16026,-12600,927,4229
4958,100296,100306,129,89,898,-319,54,51,37,27855,-16055,-12343,925,4230
4958,100319,100329,119,95,904,-687,52,49,36,28076,-16073,-12432,923,4231
4958,100342,100352,130,80,903,-799,52,49,44,27921,-16103,-12570,924,4232
4958,100365,100375,129,87,906,-783,52,46,28,27891,-16127,-12361,927,4233
4958,100388,100398,127,87,904,-1167,54,54,40,27735,-15948,-12480,924,4234
4958,100411,100420,127,91,906,-543,54,51,38,27855,-16008,-12241,923,4235
4958,100439,100449,128,94,910,-799,53,44,36,27681,-16061,-12552,923,4236
4958,100461,100471,130,91,904,-463,50,48,32,27711,-16127,-12444,923,4237
4958,100484,100494,119,84,893,-815,62,48,38,27885,-16043,-12648,925,4238
4958,100507,100517,121,91,902,-511,50,52,38,27819,-16067,-12420,929,4239
4958,100530,100540,117,89,898,-431,51,50,34,27789,-16127,-12558,925,4240
4958,100553,100563,115,93,901,-927,54,50,38,27813,-16121,-12378,924,4241
4958,100576,100586,118,87,900,-959,50,48,41,27849,-16031,-12468,921,4242
4958,100599,100608,122,91,906,-479,56,48,41,27963,-16223,-12396,924,4243
4958,100621,100631,117,89,904,-479,50,44,34,27903,-16277,-12558,924,4244
4958,100652,100661,122,92,906,-831,51,50,30,27927,-16085,-12582,919,4245
4958,100674,100684,123,92,905,-863,52,50,37,27633,-16067,-12373,922,4246
4958,100697,100707,113,89,904,-1327,57,50,37,27699,-16277,-12205,926,4247
4958,100720,100730,119,87,902,-911,53,53,40,27741,-16235,-12636,926,4248
4958,100743,100753,125,96,899,-639,52,48,34,27891,-16169,-12444,926,4249
4958,100771,100781,120,96,900,-783,52,46,33,27687,-16145,-12468,925,4250
4958,100794,100803,128,86,892,-575,52,46,33,27957,-16241,-12480,924,4251
4958,100816,100826,126,91,896,-927,53,46,34,27747,-16115,-12444,928,4252
4958,100839,100849,128,89,905,-1007,51,49,37,27807,-16085,-12576,927,4253
4958,100862,100872,123,87,909,-495,54,49,40,27735,-16151,-12301,928,4254
4958,100885,100894,119,95,898,-911,49,49,42,27765,-16349,-12337,928,4255
4958,100907,100917,118,85,905,-703,52,44,37,27789,-16139,-12576,926,4256
4958,100930,100940,123,88,900,-751,48,49,33,27651,-15942,-12516,925,4257
4958,100953,100963,120,93,906,-1167,49,50,37,27945,-15900,-12211,925,4258
4958,100976,100986,118,93,904,-591,56,56,37,27741,-16037,-12384,925,4259
4958,100998,101008,130,89,898,-1039,53,48,41,27771,-16037,-12426,928,4260
4958,101021,101031,126,91,902,-783,56,52,41,27801,-16121,-12642,924,4261
4958,101044,101054,121,92,905,-975,60,49,34,27538,-16020,-12708,923,4262
4958,101067,101077,117,97,900,-1167,54,54,37,27520,-16151,-12696,926,4263
4958,101095,101105,122,94,902,-831,59,54,37,27687,-15972,-12935,924,4264
4958,101117,101127,126,86,907,-1343,56,53,36,28041,-15984,-11301,925,4265
4958,101140,101150,119,97,909,-1375,53,41,34,27663,-16199,-12540,926,4266
4958,101163,101173,119,90,902,-1119,52,45,36,27723,-16175,-12432,926,4267
4958,101186,101196,126,95,900,-927,56,46,33,27771,-16253,-12235,925,4268
4958,101209,101218,121,81,900,-1135,44,45,34,27651,-16199,-12588,923,4269
4958,101231,101241,122,87,906,-847,51,52,41,27783,-16097,-12169,926,4270
4958,101254,101264,115,91,902,-975,52,54,33,27406,-16008,-12504,925,4271
4958,101277,101287,130,94,900,-959,53,50,36,27753,-16014,-12396,928,4272
4958,101300,101310,124,93,902,-1199,52,49,40,27753,-16073,-12019,929,4273
4958,101322,101332,128,88,903,-863,56,48,25,27735,-16181,-12319,923,4274
4958,101345,101355,125,88,909,-1087,56,52,38,27502,-16169,-12780,923,4275
4958,101368,101378,120,84,902,-415,58,54,38,27747,-16043,-12756,921,4276
4958,101396,101406,120,95,902,-783,53,52,37,27747,-15948,-12768,923,4277
4958,101419,101429,123,89,906,-1023,51,51,35,27753,-16043,-12630,925,4278
4958,101442,101451,132,86,905,-287,56,50,41,27771,-16181,-12277,924,4279
4958,101464,101474,123,92,891,-591,65,46,40,27687,-16373,-12534,926,4280
4958,101487,101497,119,87,893,-527,53,54,36,27723,-16067,-12480,923,4281
4958,101510,101520,117,89,898,-879,51,48,42,27687,-16145,-12295,926,4282
4958,101533,101542,119,87,910,-911,52,54,34,27741,-15954,-12690,923,4283
4958,101555,101565,114,90,900,-815,53,46,36,27633,-16073,-12259,926,4284
4958,101578,101588,120,89,911,-1119,61,57,34,27562,-16109,-12390,926,4285
4958,101601,101611,117,87,904,-1039,54,46,35,27609,-16193,-12570,926,4286
4958,101624,101633,117,86,898,-671,59,50,41,27657,-16014,-12600,928,4287
4958,101646,101656,125,93,904,-959,51,45,33,27693,-15894,-12384,926,4288
4958,101669,101679,125,82,902,-527,52,52,40,27663,-16085,-12744,925,4289
4958,101692,101702,125,95,902,-1295,57,53,35,27801,-15972,-12774,923,4290
4958,101720,101730,120,86,902,-783,54,50,36,27897,-15978,-12121,927,4291
4958,101743,101753,123,86,900,-655,56,51,35,27699,-16181,-12558,927,4292
4958,101765,101775,126,88,896,-431,51,54,33,27819,-16163,-12588,924,4293
4958,101788,101798,127,91,896,-1039,54,52,40,27843,-16115,-12732,925,4294
4958,101811,101821,124,98,902,-879,56,49,36,27861,-16163,-12444,925,4295
4958,101834,101844,126,90,908,-943,52,46,38,27675,-16103,-12450,929,4296
4958,101856,101866,121,91,907,-1311,53,46,42,27759,-16145,-12648,927,4297
4958,101879,101889,123,95,909,-1359,52,44,35,27765,-15972,-12414,923,4298
4958,101902,101912,126,89,896,-623,58,54,38,27825,-15858,-12798,927,4299
4958,101925,101935,123,79,909,-719,52,51,36,27777,-16187,-12277,920,4300
4958,101947,101957,123,97,893,-863,57,53,37,27580,-16079,-12480,926,4301
4958,101970,101980,123,89,911,-223,49,44,35,27693,-16127,-12355,931,4302
4958,101993,102003,116,82,904,-1071,57,51,40,27627,-16139,-12378,925,4303
4958,102016,102026,114,93,906,-1327,60,51,35,27765,-16127,-13001,926,4304
4958,102044,102054,128,91,900,-879,49,54,36,27633,-16181,-12666,926,4305
4958,102066,102076,123,88,906,-959,54,48,29,27562,-16073,-12672,926,4306
4958,102089,102099,124,95,907,-847,49,49,37,27759,-16085,-12768,925,4307
4958,102112,102122,123,91,898,-671,46,48,38,27735,-16145,-12636,921,4308
4958,102135,102144,126,101,904,-751,46,53,35,27645,-15966,-12708,927,4309
4958,102157,102167,123,86,906,-1135,48,52,38,27657,-16175,-12768,926,4310
4958,102180,102190,123,95,904,-1103,58,51,41,27735,-16031,-12881,927,4311
4958,102203,102213,129,88,895,-975,51,50,34,27753,-15912,-12528,925,4312
4958,102226,102235,117,87,898,-687,49,51,41,27723,-16343,-12851,920,4313
4958,102248,102258,121,89,906,-1199,52,49,36,27801,-16139,-12510,925,4314
4958,102271,102281,123,90,895,-1087,46,42,36,27693,-16241,-12408,923,4315
4958,102294,102304,123,88,900,-895,57,45,41,27717,-16115,-12534,927,4316
4958,102317,102327,117,92,906,-639,57,51,38,27765,-16097,-12642,926,4317
4958,102339,102349,130,92,900,-383,50,52,40,27855,-16373,-12283,926,4318
4958,102367,102377,117,88,906,-1039,50,50,37,27729,-16229,-12414,927,4319
4958,102390,102400,121,88,901,-719,53,45,29,27663,-16163,-12331,921,4320
4958,102413,102423,120,95,906,-735,57,56,36,27723,-16277,-12456,927,4321
4958,102436,102445,123,93,898,-767,53,53,37,27592,-16331,-12444,926,4322
4958,102458,102468,121,92,888,-911,53,51,38,27849,-16193,-12534,922,4323
4958,102481,102491,126,89,905,-703,52,52,36,27765,-16415,-12540,924,4324
4958,102504,102514,111,82,906,-591,53,53,34,27711,-16385,-12498,927,4325
4958,102527,102537,124,91,908,-591,54,49,34,27412,-16055,-12295,922,4326
4958,102550,102559,120,89,901,-1215,50,49,30,27777,-16091,-12355,924,4327
4958,102572,102582,121,90,904,-815,49,50,34,27765,-16163,-12187,927,4328
4958,102595,102605,123,94,897,-1039,59,49,38,27508,-15984,-12319,924,4329
4958,102618,102628,112,85,903,-1151,52,49,40,27562,-16067,-12486,925,4330
4958,102641,102651,123,89,907,-943,54,46,27,27460,-16037,-12594,919,4331
4958,102664,102673,124,89,905,-1055,49,52,35,27789,-15822,-12157,926,4332
4958,102692,102702,126,92,909,-607,54,52,42,27723,-15894,-12373,928,4333
4958,102714,102724,126,87,906,-463,48,46,34,27777,-15978,-12690,925,4334
4958,102758,102768,123,90,916,-1103,50,48,34,27568,-16211,-12762,927,4335
4958,102781,102791,123,85,893,-847,51,51,35,27795,-16169,-12756,927,4336
4958,102804,102814,122,87,900,-591,52,43,37,27687,-16067,-12414,926,4337
4958,102837,102847,127,89,892,-1071,50,54,36,27633,-16301,-12474,927,4338
4958,102860,102870,119,92,900,-927,56,49,36,27783,-15948,-12193,929,4339
4958,102883,102892,118,91,906,-335,52,51,32,27807,-16217,-12564,923,4340
4958,102905,102915,122,96,901,-495,50,53,37,27771,-16127,-12666,926,4341
4958,102928,102938,129,82,908,-1247,52,52,38,27765,-16079,-12522,925,4342
4958,102951,102961,122,98,903,-1103,53,46,38,27909,-16151,-12588,922,4343
4958,102974,102983,125,89,903,-623,52,45,29,27699,-16043,-12450,925,4344
4958,102996,103006,113,86,903,-1087,50,49,37,27615,-16091,-12552,923,4345
4958,103019,103029,125,87,904,-655,53,50,35,27717,-16026,-12630,925,4346
4958,103047,103057,123,90,904,-671,53,48,35,27615,-16181,-12343,925,4347
4958,103070,103080,116,100,907,-1135,54,46,37,27765,-16073,-12247,926,4348
4958,103093,103102,120,92,897,-751,52,48,40,27759,-16008,-12223,923,4349
4958,103115,103125,128,88,906,-959,51,48,40,27753,-16002,-12319,926,4350
4958,103138,103148,130,95,900,-367,54,48,35,27801,-16049,-12600,927,4351
4958,103161,103171,125,85,910,-751,52,49,38,27598,-15810,-12193,926,4352
4958,103184,103193,125,87,907,-703,50,48,38,27723,-15972,-12295,926,4353
4958,103206,103216,124,84,902,-751,45,48,36,27807,-16002,-12283,924,4354
4958,103229,103239,124,87,902,-1119,54,46,35,27927,-16008,-12462,925,4355
4958,103252,103262,131,89,910,-1119,51,49,35,27867,-15966,-12450,926,4356
4958,103275,103284,126,87,897,-495,56,45,35,27873,-15840,-12564,928,4357
4958,103297,103307,121,89,892,-623,50,48,36,27837,-16169,-12498,928,4358
4958,103320,103330,125,88,901,-799,52,50,33,27783,-15966,-12606,925,4359
4958,103348,103358,127,93,909,-1215,56,48,37,27963,-15960,-12337,923,4360
4958,103371,103381,119,83,915,-1135,50,49,36,27891,-16026,-12414,921,4361
4958,103393,103403,130,95,908,-1055,57,45,37,27981,-16157,-12654,922,4362
4958,103416,103426,118,95,898,-751,56,46,42,27580,-16127,-12199,927,4363
4958,103439,103449,117,89,906,-975,52,49,36,27753,-15864,-12456,926,4364
4958,103462,103471,130,87,898,-879,56,45,34,27693,-15882,-12378,925,4365
4958,103492,103502,132,84,899,-1343,52,46,37,27681,-15966,-12474,923,4366
4958,103515,103524,126,93,902,-751,60,54,35,27693,-16073,-12756,924,4367
4958,103537,103547,126,87,906,-383,57,48,34,27717,-15996,-12402,927,4368
4958,103560,103570,124,82,900,-1039,54,53,33,27831,-15912,-12450,918,4369
4958,103583,103593,117,82,901,-1423,56,50,40,27741,-16061,-12486,924,4370
4958,103605,103615,113,99,902,-719,54,51,36,27711,-16115,-12642,927,4371
4958,103628,103638,128,101,913,-719,51,44,42,27723,-16085,-12438,927,4372
4958,103651,103661,121,89,906,-1247,44,49,36,27639,-16026,-12414,924,4373
4958,103679,103689,117,90,901,-1103,49,46,30,27825,-16091,-12792,923,4374
4958,103702,103712,132,85,905,-447,50,45,35,27765,-16103,-12151,927,4375
4958,103724,103734,113,90,904,-911,52,53,41,27849,-16061,-12325,928,4376
4958,103747,103757,122,88,895,-1103,53,50,40,27753,-15972,-12606,922,4377
4958,103770,103780,115,91,906,-1039,56,51,40,27807,-15966,-12331,924,4378
4958,103793,103802,120,93,900,-815,53,53,36,27813,-15888,-12235,926,4379
4958,103815,103825,121,89,903,-559,56,45,35,27819,-16020,-12498,925,4380
4958,103838,103848,113,92,904,-911,60,46,40,27735,-16157,-12468,925,4381
4958,103861,103871,122,86,904,-495,53,51,33,27741,-15930,-12468,925,4382
4958,103884,103893,129,89,908,-1263,54,48,40,27891,-15960,-12480,927,4383
4958,103906,103916,124,95,902,-719,56,51,33,27741,-16067,-12019,926,4384
4958,103929,103939,126,82,905,-511,57,53,36,27867,-16085,-12001,927,4385
4958,103952,103961,125,86,893,-671,46,50,36,27885,-16157,-12295,926,4386
4958,103974,103984,120,94,903,-655,49,51,33,27879,-16020,-12001,926,4387
4958,104002,104012,123,93,904,-751,57,46,29,27783,-16145,-12109,921,4388
4958,104025,104035,123,90,896,-991,52,50,38,27705,-16055,-12133,921,4389
4958,104048,104058,129,96,905,-463,52,51,40,27777,-16091,-12319,927,4390
4958,104071,104080,119,87,905,-1039,51,52,34,27711,-16073,-12217,929,4391
4958,104093,104103,119,86,902,-575,56,48,34,27729,-16067,-12037,925,4392
4958,104116,104126,120,89,889,-975,51,49,43,27741,-16043,-12283,926,4393
4958,104139,104149,115,87,899,-559,52,52,36,27645,-15942,-12307,927,4394
4958,104161,104171,121,80,898,-511,54,46,34,27795,-16109,-12492,926,4395
4958,104184,104194,122,97,889,-495,53,46,36,27963,-16031,-12085,928,4396
4958,104207,104217,122,88,895,-639,50,44,33,27927,-16002,-12151,924,4397
4958,104230,104239,127,94,904,-1119,52,51,36,27699,-15936,-12133,927,4398
4958,104252,104262,115,91,901,-1215,56,54,33,27795,-15972,-12127,923,4399
4958,104275,104285,126,89,903,-959,53,52,40,27855,-15936,-12115,923,4400
4958,104298,104308,122,91,896,-991,53,50,37,27753,-15912,-12241,927,4401
4958,104326,104336,122,96,894,-799,53,49,43,27729,-15966,-12211,927,4402
4958,104349,104358,119,94,899,-1119,53,48,34,27927,-15978,-12079,921,4403
4958,104371,104381,120,78,910,-991,56,48,35,28047,-15984,-11995,927,4404
4958,104394,104404,132,87,905,-943,50,46,33,27867,-15960,-12103,920,4405
4958,104417,104427,121,91,895,-943,51,48,40,27813,-15828,-11959,921,4406
4958,104439,104449,128,87,900,-1071,52,52,36,27921,-15996,-11894,925,4407
4958,104462,104472,119,94,902,-975,57,46,36,27687,-16103,-12061,925,4408
4958,104485,104495,123,84,900,-751,56,45,36,27873,-15972,-12193,926,4409
4958,104508,104517,125,87,900,-1215,52,53,40,27741,-15960,-11858,926,4410
4958,104530,104540,123,82,903,-799,51,46,41,27771,-15762,-12396,927,4411
4958,104553,104563,128,93,907,-831,54,53,37,27939,-15858,-12283,925,4412
4958,104576,104586,126,87,906,-1055,50,50,32,27867,-15876,-11121,924,4413
4958,104598,104608,122,91,904,-1071,51,46,36,27825,-15900,-12223,928,4414
4958,104621,104631,124,82,900,-831,53,48,30,27951,-15840,-12378,929,4415
4958,104648,104658,120,80,900,-815,54,56,38,27777,-15792,-12289,926,4416
4958,104671,104681,130,81,898,-575,46,52,36,27777,-15672,-12313,925,4417
4958,104694,104703,122,91,902,-1391,53,48,38,27891,-15726,-12229,924,4418
4958,104716,104726,119,99,896,-847,53,53,36,27897,-15900,-12426,926,4419
4958,104739,104749,127,86,909,-1023,52,52,36,27747,-16020,-12343,928,4420
4958,104762,104772,119,91,902,-943,57,50,32,27855,-16037,-12361,922,4421
4958,104784,104794,123,91,906,-783,56,49,37,28041,-16133,-12361,924,4422
4958,104807,104817,134,95,905,-959,56,44,37,27532,-16103,-12187,921,4423
4958,104830,104840,128,86,894,-655,58,50,36,27825,-15918,-12115,921,4424
4958,104853,104862,126,89,908,-431,48,45,35,27669,-16085,-12163,925,4425
4958,104875,104885,126,87,902,-863,51,53,33,27771,-16103,-12175,925,4426
4958,104898,104908,128,97,906,-1151,51,53,36,27927,-15870,-12115,925,4427
4958,104921,104931,117,97,906,-1295,54,45,41,27831,-16026,-12373,923,4428
4958,104943,104953,123,95,900,-1231,50,48,37,27849,-16002,-12588,928,4429
4958,104980,104989,119,87,902,-847,56,49,35,27813,-16002,-12193,923,4430
4958,105002,105012,120,91,900,-1055,53,45,37,27903,-15918,-12456,924,4431
4958,105025,105035,128,98,896,-911,50,48,34,27825,-15750,-12223,917,4432
4958,105048,105058,121,89,904,-1007,51,44,34,27771,-16055,-12408,922,4433
4958,105071,105080,131,91,905,-879,50,50,37,27753,-15990,-12510,923,4434
4958,105093,105103,119,88,902,-1279,53,45,37,27723,-15984,-12642,924,4435
4958,105116,105126,111,90,902,-911,53,48,37,27639,-15882,-12857,927,4436
4958,105139,105149,125,96,902,-975,57,46,34,27825,-16014,-12576,923,4437
4958,105162,105171,127,86,914,-447,54,50,41,27663,-15990,-12361,931,4438
4958,105184,105194,129,89,904,-703,54,44,36,27627,-15894,-12438,924,4439
4958,105207,105217,128,89,902,-751,50,49,36,27789,-16037,-12624,920,4440
4958,105230,105240,131,91,898,-703,57,50,32,27633,-15960,-12624,923,4441
4958,105253,105262,119,89,901,-943,57,46,33,27657,-15924,-12462,927,4442
4958,105281,105290,113,85,906,-943,58,46,35,27711,-15996,-12498,926,4443
4958,105303,105313,122,96,898,-511,54,49,40,27639,-16079,-12678,927,4444
4958,105326,105336,126,91,902,-655,57,52,40,27699,-15834,-12295,921,4445
4958,105349,105359,119,91,901,-607,56,51,33,27645,-15882,-12648,922,4446
4958,105372,105382,120,95,899,-1135,52,50,36,27556,-16205,-12414,924,4447
4958,105395,105405,121,91,905,-751,56,52,37,27705,-16026,-12522,924,4448
4958,105418,105428,130,88,901,-815,51,49,33,27705,-16055,-12618,929,4449
4958,105441,105451,124,95,896,-1647,54,44,34,27807,-15996,-12666,923,4450
4958,105464,105474,123,93,904,-767,54,50,38,27783,-15900,-12648,922,4451
4958,105487,105497,119,95,900,-671,52,53,38,27951,-15882,-12367,927,4452
4958,105510,105520,117,86,901,-543,51,51,37,27837,-16067,-12696,924,4453
4958,105533,105542,115,87,914,-895,52,45,37,27645,-15942,-12492,925,4454
4958,105556,105565,120,85,896,-783,57,48,35,27735,-16115,-12618,920,4455
4958,105578,105588,121,95,897,-1247,53,48,36,27735,-15912,-12241,924,4456
4958,105607,105617,123,91,905,-415,53,48,35,27663,-16061,-12055,932,4457
4958,105630,105639,131,82,905,-847,51,45,43,27783,-16008,-12301,925,4458
4958,105652,105662,123,88,898,-751,54,50,34,27544,-16097,-12367,924,4459
4958,105675,105685,117,89,907,-1071,54,51,35,27831,-16175,-12816,922,4460
4958,105698,105708,128,86,911,-719,56,48,40,27735,-16187,-12414,927,4461
4958,105721,105731,117,87,904,-1231,52,48,37,27753,-16115,-12462,924,4462
4958,105744,105754,122,90,898,-1487,57,51,35,27669,-15966,-12552,927,4463
4958,105767,105777,119,86,896,-799,53,54,35,27586,-16127,-12319,926,4464
4958,105790,105800,130,88,904,-703,50,53,37,27687,-15948,-12390,925,4465
4958,105813,105823,117,83,913,-1023,57,51,36,27633,-16008,-12283,927,4466
4958,105836,105846,128,93,904,-1039,53,46,40,27837,-16109,-12085,923,4467
4958,105859,105869,117,89,904,-1391,56,51,33,27759,-15978,-12145,925,4468
4958,105882,105892,126,84,900,-719,54,48,33,27753,-16014,-12265,928,4469
4958,105905,105914,129,82,906,-959,51,49,34,27861,-16085,-12349,922,4470
4958,105933,105943,117,91,905,-415,58,50,40,27867,-16049,-12384,924,4471
4958,105956,105965,113,89,896,-655,53,49,34,27855,-16067,-12325,926,4472
4958,105979,105988,120,98,903,-1023,53,49,36,27759,-15912,-12396,930,4473
4958,106001,106011,124,84,898,-783,51,50,37,27861,-15918,-12546,924,4474
4958,106024,106034,121,92,901,-847,51,46,34,27795,-15954,-12295,923,4475
4958,106047,106057,119,91,907,-1039,52,44,38,27825,-15936,-12313,925,4476
4958,106070,106080,121,89,899,-1183,52,50,35,27777,-16020,-12498,922,4477
4958,106093,106103,119,91,903,-1039,57,52,33,27717,-16031,-12133,927,4478
4958,106116,106126,123,90,905,-879,59,48,37,27651,-15942,-12444,926,4479
4958,106139,106149,117,91,904,-527,54,52,36,27663,-15894,-12337,925,4480
4958,106162,106172,126,87,900,-911,45,51,37,27843,-15924,-12235,932,4481
4958,106185,106194,123,88,900,-1407,53,51,34,27783,-15786,-12426,923,4482
4958,106208,106217,124,91,902,-623,51,49,36,27729,-15834,-12307,926,4483
4958,106230,106240,127,87,914,-1119,53,48,33,27813,-16014,-12660,926,4484
4958,106259,106269,124,89,896,-1151,52,44,35,27813,-15978,-12510,930,4485
4958,106281,106291,128,87,908,-863,51,48,38,27651,-16217,-12450,923,4486
4958,106304,106314,124,89,901,-687,53,49,41,27753,-16163,-12289,927,4487
4958,106335,106345,121,89,906,-1215,49,52,38,27675,-16014,-12313,924,4488
4958,106358,106367,126,90,900,-319,53,46,38,27711,-15954,-12534,925,4489
4958,106380,106390,125,87,899,-1039,53,46,35,27717,-15918,-12426,925,4490
4958,106403,106413,125,95,901,-959,57,49,35,27747,-16151,-12211,925,4491
4958,106426,106436,121,89,902,-703,51,51,42,27735,-16163,-12582,923,4492
4958,106449,106459,123,87,904,-751,50,48,34,27855,-16043,-12450,924,4493
4958,106472,106482,129,93,896,-495,56,50,32,27699,-16331,-12462,927,4494
4958,106495,106505,125,90,905,-1007,52,46,35,27903,-16079,-12426,928,4495
4958,106518,106527,121,90,894,-1263,52,53,38,27999,-16145,-12474,925,4496
4958,106540,106550,122,91,910,-431,54,53,40,27801,-16205,-12468,922,4497
4958,106563,106573,119,89,904,-335,54,49,33,27855,-15882,-12708,928,4498
4958,106592,106601,120,88,896,-1343,59,53,34,27903,-16073,-12492,926,4499
4958,106614,106624,121,85,902,-351,49,50,36,27849,-15936,-12588,924,4500
4958,106637,106647,122,88,889,-783,53,51,38,27711,-16157,-12684,925,4501
4958,106660,106670,121,93,901,-431,52,49,36,27903,-16031,-12528,923,4502
4958,106683,106693,130,87,900,-655,52,44,33,27747,-16049,-12373,922,4503
4958,106706,106716,122,81,902,-639,54,52,34,27759,-16193,-12552,926,4504
4958,106729,106738,117,87,906,-1039,52,51,37,27795,-16169,-12355,925,4505
4958,106751,106761,126,88,904,-335,51,44,40,27783,-16205,-12373,928,4506
4958,106774,106784,117,88,902,-335,56,53,40,27747,-16133,-12313,928,4507
4958,106797,106807,117,94,906,-703,52,49,38,27915,-15936,-12624,930,4508
4958,106820,106830,121,95,896,-1023,53,52,32,27675,-16049,-12863,925,4509
4958,106843,106853,119,96,910,-1391,56,57,40,27717,-16061,-14079,924,4510
4958,106866,106875,117,85,909,-975,54,49,33,27993,-16103,-12540,923,4511
4958,106889,106898,131,93,895,-655,58,52,33,27699,-16115,-12708,923,4512
4958,106917,106927,113,92,904,-431,57,53,40,27813,-16061,-12438,925,4513
4958,106939,106949,117,91,896,-559,52,48,35,27903,-16199,-12534,926,4514
4958,106962,106972,123,86,908,-863,51,48,33,27759,-16061,-12672,927,4515
4958,106985,106995,122,87,896,-1135,41,50,34,27627,-16020,-12600,927,4516
4958,107008,107018,126,91,898,-1071,51,52,36,27951,-16331,-12822,926,4517
4958,107031,107041,122,91,903,-463,53,50,36,27819,-16121,-12636,923,4518
4958,107054,107063,122,90,904,-687,53,49,38,27699,-15990,-12624,923,4519
4958,107077,107086,119,80,907,-1055,56,48,42,27843,-16151,-12552,921,4520
4958,107099,107109,132,93,906,-927,54,51,35,27693,-16031,-12738,927,4521
4958,107122,107132,121,97,905,-911,56,48,34,27837,-16055,-12678,925,4522
4958,107145,107155,132,90,906,-799,52,46,38,27891,-16020,-12941,921,4523
4958,107168,107178,119,84,899,-975,53,48,36,27867,-15960,-12810,925,4524
4958,107191,107201,128,85,904,-815,52,42,45,27807,-15936,-12570,929,4525
4958,107219,107229,123,89,900,-1103,57,49,41,27819,-15882,-12576,927,4526
4958,107242,107251,127,90,899,-975,48,51,37,27813,-16085,-12337,924,4527
4958,107265,107274,115,91,902,-783,56,52,43,27795,-15918,-12678,927,4528
4958,107287,107297,128,86,898,-879,51,46,29,27687,-15930,-12540,916,4529
4958,107310,107320,132,84,906,-943,57,45,36,27693,-15870,-12600,927,4530
4958,107333,107343,130,90,911,-431,50,46,36,27574,-16049,-12810,925,4531
4958,107356,107366,117,91,908,-1087,53,52,35,27855,-15912,-12588,928,4532
4958,107379,107389,116,86,895,-975,54,50,36,27657,-15762,-12343,925,4533
4958,107402,107411,119,91,912,-527,51,45,30,27783,-15966,-12373,926,4534
4958,107425,107434,117,96,898,-815,52,52,40,27909,-15924,-12480,929,4535
4958,107447,107457,119,85,902,-1007,54,54,38,27663,-15948,-12546,925,4536
4958,107470,107480,124,87,900,-751,49,45,35,27741,-15822,-12624,924,4537
4958,107493,107503,115,82,900,-1039,53,52,43,27771,-15948,-12774,924,4538
4958,107516,107526,123,87,902,-1359,56,52,40,27813,-15894,-12480,924,4539
4958,107544,107554,124,89,898,-1071,48,49,34,27735,-15882,-12384,925,4540
4958,107567,107577,120,89,907,-991,50,50,36,27705,-15822,-12720,919,4541
4958,107590,107599,126,86,903,-975,50,46,34,27867,-15852,-12367,925,4542
4958,107612,107622,126,89,906,-879,52,51,32,27765,-15732,-12325,918,4543
4958,107635,107645,118,84,892,-591,53,53,40,27837,-15678,-12355,926,4544
4958,107658,107668,119,85,903,-1359,57,50,34,27753,-15936,-12594,924,4545
4958,107681,107691,122,92,905,-655,54,49,35,27723,-15858,-12702,921,4546
4958,107704,107714,126,91,901,-591,52,48,28,27921,-15858,-12690,925,4547
4958,107727,107737,130,88,892,-879,51,45,30,27741,-15876,-12384,925,4548
4958,107750,107760,129,91,902,-591,56,49,32,27723,-15882,-12396,926,4549
4958,107773,107782,119,95,898,-687,56,46,41,27819,-15960,-12558,925,4550
4958,107796,107805,121,89,903,-943,52,45,36,27705,-16151,-12738,926,4551
4958,107818,107828,121,90,902,-1135,58,50,37,27783,-15954,-12732,925,4552
4958,107841,107851,134,87,904,-1183,57,48,40,27891,-15990,-12456,925,4553
4958,107891,107901,117,93,900,-1375,57,50,32,27753,-16133,-12600,928,4554
4958,107914,107924,126,83,898,-607,52,48,36,27544,-15900,-12504,927,4555
4958,107937,107947,123,87,901,-1135,49,50,35,27891,-16014,-12384,924,4556
4958,107960,107970,126,87,914,-847,57,48,40,27879,-16049,-12408,927,4557
4958,107983,107992,131,85,893,-991,50,51,33,27921,-16187,-12402,924,4558
4958,108005,108015,117,84,906,-767,54,58,41,27681,-16235,-12343,927,4559
4958,108028,108038,132,92,905,-767,53,50,35,27711,-15960,-12349,929,4560
4958,108051,108061,117,94,903,-735,54,42,30,27711,-15846,-12337,924,4561
4958,108074,108084,129,95,904,-1311,56,51,38,27681,-16061,-12456,924,4562
4958,108097,108107,126,92,906,-367,51,50,37,27765,-16091,-12175,927,4563
4958,108120,108130,128,91,906,-927,58,48,36,27915,-16073,-12235,924,4564
4958,108143,108153,119,89,898,-687,56,52,41,27723,-16002,-12373,927,4565
4958,108166,108175,119,96,909,-863,49,53,35,27759,-16002,-12630,926,4566
4958,108188,108198,121,95,905,-879,52,42,38,27951,-15930,-12516,925,4567
4958,108217,108226,122,88,904,-783,56,51,36,27903,-15972,-12546,925,4568
4958,108239,108249,117,92,898,-447,54,51,35,27657,-16061,-12654,924,4569
4958,108262,108272,121,84,902,-1151,57,54,37,27975,-15900,-12546,924,4570
4958,108285,108295,133,90,912,-975,56,52,38,27939,-15678,-12798,927,4571
4958,108308,108318,122,82,904,-479,50,46,35,27963,-15990,-12636,927,4572
4958,108331,108341,118,86,902,-1391,57,56,41,27699,-15924,-12666,926,4573
4958,108354,108364,126,92,904,-815,53,44,37,27759,-15804,-12534,932,4574
4958,108387,108396,125,93,900,-783,53,53,34,28017,-15882,-12582,925,4575
4958,108409,108419,115,84,901,-639,57,53,41,27825,-15996,-12606,926,4576
4958,108432,108442,124,86,904,-319,50,53,40,28011,-15906,-12654,931,4577
4958,108455,108465,121,82,897,-831,58,51,37,27717,-15888,-12522,924,4578
4958,108478,108488,132,91,898,-1199,52,52,37,27807,-15918,-12337,922,4579
4958,108501,108511,123,90,902,-1087,49,46,32,27568,-15738,-12480,924,4580
4958,108524,108533,125,91,902,-1007,57,48,41,27735,-16067,-12654,920,4581
4958,108552,108562,121,89,901,-799,61,56,32,27921,-15996,-12271,925,4582
4958,108575,108584,131,87,902,-607,54,54,36,27909,-15960,-12690,931,4583
4958,108597,108607,115,83,898,-1087,59,57,36,27717,-16043,-12486,924,4584
4958,108620,108630,123,92,908,-1263,54,48,40,27538,-15792,-12654,924,4585
4958,108643,108653,118,93,897,-303,52,44,34,27693,-16002,-12516,926,4586
4958,108666,108676,126,84,887,-879,54,50,37,29064,-15948,-12540,932,4587
4958,108689,108699,123,91,900,-751,54,48,34,27693,-16067,-12612,924,4588
4958,108712,108721,120,87,902,-559,53,51,32,27783,-15864,-12636,925,4589
4958,108734,108744,131,91,899,-1119,53,48,38,27801,-15960,-12355,927,4590
4958,108757,108767,131,89,904,-991,51,49,35,27783,-15936,-12492,922,4591
4958,108780,108790,124,87,900,-1071,53,45,29,27753,-15888,-12456,925,4592
4958,108803,108813,123,89,900,-847,53,45,38,28112,-15954,-12450,923,4593
4958,108826,108836,123,88,899,-1311,52,45,35,27873,-16121,-12786,925,4594
4958,108849,108859,131,84,912,-1423,48,45,36,27831,-16055,-12492,931,4595
4958,108877,108887,119,101,891,-959,49,53,29,27825,-15888,-12510,926,4596
4958,108900,108910,132,92,900,-447,56,50,38,27825,-15858,-12684,927,4597
4958,108923,108932,119,91,909,-1103,59,53,36,27867,-15990,-12702,928,4598
4958,108945,108955,123,91,902,-863,56,50,34,27663,-15732,-12780,927,4599
4958,108968,108978,121,87,904,-1103,53,54,33,27687,-15786,-12678,927,4600
4958,108991,109001,120,80,913,-959,49,50,36,27837,-15900,-12630,918,4601
4958,109014,109024,123,88,901,-991,51,51,36,27687,-15798,-12744,924,4602
4958,109037,109047,118,89,909,-575,54,46,30,27687,-15966,-12732,925,4603
4958,109060,109069,130,86,900,-639,49,52,38,27837,-15966,-12606,926,4604
4958,109082,109092,130,95,904,-1231,51,51,36,27837,-15960,-12995,924,4605
4958,109105,109115,117,89,910,-911,56,52,38,27855,-15972,-12612,925,4606
4958,109128,109138,130,89,906,-623,54,49,38,27699,-15948,-12564,925,4607
4958,109151,109161,118,98,904,-1071,46,46,37,27669,-15924,-12570,932,4608
4958,109181,109191,123,93,902,-1007,54,53,38,27753,-15882,-12438,928,4609
4958,109203,109213,119,91,910,-719,56,53,43,27927,-15924,-12558,922,4610
4958,109226,109235,125,92,899,-783,51,53,40,28088,-15960,-12516,925,4611
4958,109248,109258,113,85,900,-1343,54,49,36,27969,-16067,-12732,931,4612
4958,109271,109281,119,93,908,-895,56,52,45,27933,-16043,-12612,927,4613
4958,109294,109304,121,90,900,-1311,59,52,35,27723,-16055,-12702,926,4614
4958,109317,109327,121,90,895,-1007,51,54,38,27801,-15906,-12373,929,4615
4958,109340,109349,130,89,913,-1167,53,57,40,27849,-15780,-12205,922,4616
4958,109362,109372,131,93,898,-1199,50,50,40,27759,-15936,-12678,924,4617
4958,109385,109395,117,97,902,-639,56,48,38,27873,-15942,-12594,926,4618
4958,109408,109418,122,93,904,-1023,60,49,40,27813,-15972,-12193,922,4619
4958,109431,109441,123,95,908,-591,57,50,37,27801,-15822,-12612,927,4620
4958,109454,109463,132,88,904,-703,58,51,40,27795,-15912,-12510,918,4621
4958,109476,109486,115,90,902,-1295,49,53,36,27789,-16091,-12378,927,4622
4958,109505,109514,129,94,902,-927,56,52,40,27855,-15882,-12498,928,4623
4958,109527,109537,123,84,905,-655,53,53,35,27723,-15966,-12869,927,4624
4958,109550,109560,119,92,900,-639,49,50,33,27909,-15942,-12666,924,4625
4958,109573,109583,115,89,903,-639,53,45,35,27789,-15744,-12552,931,4626
4958,109596,109605,123,89,902,-1391,51,50,37,27729,-15924,-12714,926,4627
4958,109618,109628,126,91,902,-911,49,48,34,27831,-15918,-12564,926,4628
4958,109641,109651,123,91,897,-831,53,49,43,27891,-15870,-12528,927,4629
4958,109664,109674,123,82,910,-991,54,46,34,27813,-15882,-12331,925,4630
4958,109687,109697,120,87,896,-927,53,45,36,27765,-16008,-12313,928,4631
4958,109710,109719,127,97,894,-671,48,53,36,27651,-15888,-12720,924,4632
4958,109732,109742,128,95,908,-1327,54,54,40,27855,-15756,-12738,926,4633
4958,109755,109765,119,92,903,-991,53,52,40,27717,-15738,-12678,924,4634
4958,109778,109788,120,93,902,-975,59,53,35,27873,-15906,-12444,921,4635
4958,109801,109811,129,98,902,-975,54,49,38,27831,-15840,-12702,927,4636
4958,109829,109839,121,89,909,-943,48,53,40,27765,-15744,-12702,926,4637
4958,109851,109861,120,87,900,-1135,56,56,37,27807,-15996,-12756,924,4638
4958,109874,109884,121,87,904,-703,59,49,36,27837,-15954,-12750,926,4639
4958,109897,109907,130,89,904,-783,48,41,37,27921,-16020,-12636,924,4640
4958,109920,109930,121,94,891,-1247,54,50,34,27981,-16073,-12654,928,4641
4958,109943,109952,118,84,901,-815,53,54,34,27783,-16055,-12804,924,4642
4958,109965,109975,127,84,907,-1263,58,52,36,27951,-15972,-12869,921,4643
4958,109988,109998,123,93,900,-1039,52,49,35,27885,-16097,-12792,929,4644
4958,110011,110021,132,83,908,-431,53,51,37,27843,-16067,-12738,926,4645
4958,110034,110044,126,93,904,-1423,51,49,40,27759,-15936,-12600,926,4646
4958,110057,110066,130,87,896,-1071,51,52,41,27651,-16031,-12618,928,4647
4958,110079,110089,129,88,906,-1087,57,49,38,27813,-15954,-12528,927,4648
4958,110102,110112,125,86,907,-543,52,52,34,27819,-16026,-12684,920,4649
4958,110125,110135,124,85,910,-943,57,50,35,27693,-15984,-12504,919,4650
4958,110153,110163,122,84,902,-703,52,49,38,27891,-16109,-12289,927,4651
4958,110176,110186,132,89,893,-511,51,50,35,27849,-15924,-12702,924,4652
4958,110199,110208,126,91,905,-879,54,52,35,27861,-16193,-12486,928,4653
4958,110221,110231,128,93,902,-1135,49,51,37,27801,-16121,-12456,926,4654
4958,110244,110254,121,90,904,-1263,58,46,38,27777,-15912,-12414,927,4655
4958,110267,110277,119,89,896,-863,54,46,34,27963,-16026,-12516,927,4656
4958,110290,110300,128,89,899,-479,59,45,38,27687,-16229,-12636,930,4657
4958,110313,110323,124,87,896,-1103,52,52,40,27771,-16067,-12468,926,4658
4958,110336,110346,119,80,902,-1199,50,51,40,27921,-16181,-12235,924,4659
4958,110359,110368,121,82,903,-607,52,49,33,27711,-15942,-12564,927,4660
4958,110381,110391,126,79,913,-943,53,49,34,27699,-16026,-12504,924,4661
4958,110404,110414,115,89,898,-1231,54,48,37,27909,-15996,-12265,925,4662
4958,110427,110437,125,85,913,-367,52,48,33,27879,-15984,-12636,923,4663
4958,110450,110460,122,93,908,-1071,52,45,36,27855,-16049,-12762,928,4664
4958,110478,110488,116,84,890,-1199,49,49,41,27927,-16085,-12528,925,4665
4958,110501,110511,127,91,898,-1055,54,53,38,27771,-16307,-12738,926,4666
4958,110523,110533,123,92,899,-687,52,53,36,27777,-16097,-12498,926,4667
4958,110546,110556,123,93,900,-1311,50,51,40,27735,-16014,-12600,925,4668
4958,110569,110579,120,97,898,-1455,52,49,30,27975,-16026,-12816,926,4669
4958,110592,110602,123,80,898,-927,51,50,38,27795,-16229,-12738,927,4670
4958,110615,110625,126,88,899,-671,52,51,36,27867,-16079,-12780,929,4671
4958,110638,110647,113,89,904,-831,50,44,37,27693,-16253,-12474,928,4672
4958,110660,110670,128,97,898,-1119,51,46,33,27825,-16181,-12396,927,4673
4958,110683,110693,116,92,911,-1199,57,49,40,27891,-16073,-12229,926,4674
4958,110706,110716,116,91,896,-991,54,53,41,27861,-16163,-12408,923,4675
4958,110729,110739,124,92,901,-815,52,45,40,27759,-16026,-12390,926,4676
4958,110752,110761,123,89,903,-799,54,49,35,27843,-16085,-12612,931,4677
4958,110774,110784,119,89,902,-735,52,50,41,27987,-16031,-12570,930,4678
4958,110803,110812,120,92,901,-559,51,41,36,27921,-16037,-12378,922,4679
4958,110825,110835,112,92,900,-831,54,46,35,27939,-16259,-12696,925,4680
4958,110848,110858,122,92,901,-575,54,50,32,27885,-15954,-12690,925,4681
4958,110871,110881,119,85,902,-911,53,46,38,27819,-16085,-12456,927,4682
4958,110894,110904,122,89,903,-831,53,48,34,27759,-15918,-12504,929,4683
4958,110916,110926,121,87,896,-639,53,49,33,27849,-15918,-12558,925,4684
4958,110939,110949,119,89,898,-879,54,45,35,27777,-16014,-12576,928,4685
4958,110962,110972,127,94,904,-927,51,48,36,27879,-15972,-12708,923,4686
4958,110985,110995,128,85,893,-943,59,46,35,27783,-16020,-12426,926,4687
4958,111008,111018,124,100,902,-1327,52,49,36,27975,-16139,-12277,926,4688
4958,111031,111040,123,90,902,-895,58,51,38,27801,-15876,-12672,925,4689
4958,111053,111063,123,88,897,-575,52,44,34,27693,-15954,-12355,926,4690
4958,111076,111086,123,90,906,-975,49,50,36,27657,-16193,-12510,926,4691
4958,111099,111109,127,85,902,-1215,53,52,36,27735,-16079,-12576,926,4692
4958,111127,111137,123,89,909,-815,51,48,35,27825,-15846,-12588,931,4693
4958,111150,111160,119,91,900,-943,50,45,32,27801,-16061,-12684,928,4694
4958,111173,111183,127,91,902,-575,51,50,38,27843,-16008,-12504,924,4695
4958,111196,111205,128,91,909,-719,52,46,35,27837,-16145,-12744,926,4696
4958,111218,111228,125,96,900,-1327,48,46,36,27819,-15960,-12660,926,4697
4958,111241,111251,123,95,904,-735,54,49,33,27765,-16091,-12756,926,4698
4958,111264,111274,122,93,909,-1103,49,50,37,27837,-16127,-12792,925,4699
4958,111287,111297,125,88,902,-1295,46,53,34,27939,-15972,-12516,928,4700
4958,111310,111319,124,95,894,-495,57,50,38,27855,-16151,-12624,926,4701
4958,111332,111342,132,93,911,-975,49,45,34,27843,-16002,-12744,926,4702
4958,111355,111365,128,93,912,-975,51,45,36,27879,-15906,-12690,924,4703
4958,111378,111388,121,87,896,-1231,53,50,37,27843,-15978,-12750,924,4704
4958,111401,111411,119,90,904,-1119,58,50,36,27783,-15852,-12684,928,4705
4958,111429,111439,130,88,896,-895,54,53,35,27735,-16008,-12618,927,4706
4958,111452,111462,117,93,901,-767,53,49,32,27825,-15888,-12893,926,4707
4958,111474,111484,121,87,899,-735,51,50,37,27831,-15954,-12732,926,4708
4958,111497,111507,126,86,896,-751,54,46,30,27843,-16199,-12522,927,4709
4958,111520,111530,119,89,912,-1103,58,56,33,27837,-16115,-12816,927,4710
4958,111543,111553,121,89,900,-1039,50,45,36,27741,-16187,-12570,926,4711
4958,111566,111575,125,92,893,-703,50,46,37,27867,-16127,-12558,922,4712
4958,111588,111598,123,89,904,-575,56,46,37,27705,-16217,-12480,927,4713
4958,111611,111621,118,93,902,-975,59,56,42,27687,-16307,-12642,931,4714
4958,111634,111644,117,85,900,-1119,61,44,42,27604,-16002,-12474,923,4715
4958,111657,111667,124,87,906,-863,60,52,35,27687,-16361,-12708,927,4716
4958,111680,111689,117,87,903,-703,54,50,36,27747,-16211,-12408,926,4717
4958,111702,111712,125,87,904,-1007,53,49,38,27843,-16163,-12283,925,4718
4958,111725,111735,125,97,899,-847,56,45,40,27705,-16085,-12540,931,4719
4958,111753,111763,122,90,904,-767,56,46,35,28058,-15984,-12618,930,4720
4958,111776,111786,124,91,901,-1263,54,49,37,27837,-16061,-12492,926,4721
4958,111799,111809,122,85,896,-1343,50,51,36,27981,-16026,-12540,930,4722
4958,111822,111832,121,95,898,-1007,53,57,38,28029,-15990,-12564,926,4723
4958,111845,111854,126,90,912,-1055,53,42,33,28005,-16163,-12642,934,4724
4958,111867,111877,121,88,898,-719,53,50,35,27729,-15822,-12558,924,4725
4958,111890,111900,130,93,904,-1279,56,45,36,27867,-16014,-12594,927,4726
4958,111913,111923,127,84,901,-1135,56,44,35,27909,-16079,-12534,925,4727
4958,111936,111946,128,87,894,-767,51,50,35,27789,-16091,-12780,928,4728
4958,111959,111969,125,98,906,-1135,52,53,33,27843,-16097,-12516,935,4729
4958,111981,111991,121,95,904,-911,58,48,40,27969,-16151,-12798,930,4730
4958,112012,112022,108,85,901,-527,56,45,34,27951,-16133,-12768,925,4731
4958,112035,112044,121,95,898,-351,52,50,37,28094,-16187,-12708,927,4732
4958,112057,112067,123,89,904,-1199,52,51,37,28154,-16085,-12462,927,4733
4958,112086,112095,117,89,887,-799,51,51,33,28011,-16151,-12636,926,4734
4958,112108,112118,130,89,902,-1343,49,48,35,27837,-16079,-12432,927,4735
4958,112131,112141,128,89,906,-879,49,51,32,27861,-16026,-12762,920,4736
4958,112154,112164,119,97,896,-1039,54,51,38,27789,-15960,-12768,929,4737
4958,112176,112186,113,96,894,-991,52,49,34,27753,-16031,-12510,926,4738
4958,112199,112209,128,93,905,-1311,56,50,38,27807,-16079,-12516,929,4739
4958,112222,112232,131,97,904,-959,57,52,37,27831,-16115,-12432,929,4740
4958,112245,112255,123,93,900,-655,56,48,35,27717,-15894,-12905,927,4741
4958,112268,112277,118,94,915,-751,53,42,37,27807,-15966,-12474,924,4742
4958,112290,112300,113,91,902,-975,53,46,38,27921,-16097,-12804,928,4743
4958,112313,112323,127,94,911,-639,51,49,30,27735,-16020,-12810,929,4744
4958,112336,112346,117,84,909,-751,53,46,37,27909,-16043,-12666,924,4745
4958,112359,112368,126,91,906,-991,49,49,36,27777,-15990,-12762,925,4746
4958,112381,112391,127,89,906,-511,46,48,32,27717,-15774,-12893,927,4747
4958,112409,112419,115,90,908,-1135,53,44,33,27831,-15708,-12606,923,4748
4958,112432,112442,123,91,897,-1023,51,49,36,27837,-15960,-12738,922,4749
4958,112455,112465,127,90,901,-735,56,49,36,27783,-15942,-12756,927,4750
4958,112478,112487,121,93,896,-543,54,48,40,28029,-16265,-12899,927,4751
4958,112500,112510,129,86,905,-975,48,50,33,27861,-16073,-12917,921,4752
4958,112523,112533,124,98,910,-927,53,46,36,27867,-16145,-12690,927,4753
4958,112546,112556,120,89,904,-751,54,58,38,27879,-16020,-12361,929,4754
4958,112569,112579,125,89,901,-1039,50,45,36,27825,-15930,-12444,927,4755
4958,112591,112601,127,89,913,-559,48,48,34,28023,-16103,-12546,925,4756
4958,112614,112624,125,92,900,-943,57,50,37,27693,-16097,-12618,928,4757
4958,112637,112647,114,90,899,-1103,53,53,37,27903,-15930,-12319,927,4758
4958,112660,112670,114,91,902,-815,54,51,36,27765,-16163,-12582,926,4759
4958,112683,112692,122,88,899,-1103,50,48,30,27939,-16169,-12624,925,4760
4958,112705,112715,119,91,904,-911,53,54,36,27723,-15816,-12750,924,4761
4958,112733,112743,121,92,902,-367,59,46,40,27771,-16049,-12468,927,4762
4958,112756,112766,121,95,902,-623,54,51,37,27951,-15978,-12361,928,4763
4958,112779,112789,123,89,902,-1487,52,46,38,27861,-16055,-12588,924,4764
4958,112802,112811,132,93,906,-575,53,50,42,27909,-15894,-12450,921,4765
4958,112824,112834,125,89,905,-1039,53,56,38,27717,-15990,-12396,925,4766
4958,112847,112857,135,84,906,-1247,56,51,37,27741,-16175,-12660,925,4767
4958,112870,112880,122,86,898,-975,50,48,34,27807,-16211,-12618,926,4768
4958,112893,112903,124,91,901,-975,53,43,37,27795,-15990,-12792,925,4769
4958,112916,112925,126,93,906,-1183,57,49,34,27801,-16205,-12247,926,4770
4958,112938,112948,119,96,907,-911,57,52,36,27723,-16061,-12361,926,4771
4958,112961,112971,126,94,909,-1087,59,46,35,27747,-16002,-12408,926,4772
4958,113006,113016,116,91,900,-1151,44,46,33,27999,-15840,-12672,925,4773
4958,113029,113038,126,91,902,-527,49,51,36,27903,-15948,-12504,929,4774
4958,113051,113061,124,80,904,-1039,51,50,38,27843,-16097,-12402,925,4775
4958,113079,113089,125,88,906,-431,53,51,38,27993,-16145,-12450,929,4776
4958,113102,113112,121,91,896,-1391,50,45,37,28052,-16205,-12690,921,4777
4958,113125,113135,123,91,898,-943,56,46,30,27813,-16091,-12582,927,4778
4958,113148,113158,119,85,892,-687,56,46,35,27711,-16187,-12444,929,4779
4958,113170,113180,119,92,899,-767,56,50,35,27771,-16247,-12367,928,4780
4958,113193,113203,123,89,893,-1199,49,49,35,27747,-15930,-12492,928,4781
4958,113216,113226,123,95,905,-927,51,50,38,27592,-15990,-12594,927,4782
4958,113239,113249,123,89,904,-671,52,45,41,27574,-16002,-12839,925,4783
4958,113262,113271,115,85,900,-927,56,49,38,27663,-16008,-12600,929,4784
4958,113285,113294,120,92,902,-1087,56,51,34,27831,-15900,-12642,926,4785
4958,113307,113317,116,87,903,-927,48,49,41,27801,-15906,-12618,928,4786
4958,113330,113340,121,91,904,-959,53,50,36,27669,-15912,-12462,918,4787
4958,113353,113363,120,91,900,-911,53,57,34,27765,-16002,-12444,923,4788
4958,113381,113391,121,87,898,-799,51,50,36,27951,-15924,-12349,931,4789
4958,113404,113414,123,91,906,-1071,57,52,40,27945,-15942,-12630,923,4790
4958,113427,113436,128,88,899,-1167,50,53,34,27975,-15918,-12714,925,4791
4958,113449,113459,120,84,898,-575,58,52,40,27759,-16031,-12696,924,4792
4958,113472,113482,121,88,900,-735,54,50,36,27915,-15978,-12480,925,4793
4958,113495,113505,127,87,909,-1103,53,45,30,27771,-16085,-12594,925,4794
4958,113518,113527,126,91,897,-1023,58,50,37,27693,-16097,-12636,925,4795
4958,113540,113550,125,93,909,-927,56,51,30,27885,-16109,-13073,923,4796
4958,113563,113573,122,93,909,-639,56,54,43,27843,-16115,-12833,928,4797
4958,113586,113596,121,85,912,-943,57,45,41,27657,-16043,-12630,928,4798
4958,113609,113619,113,95,894,-1087,52,50,36,27783,-16020,-12863,928,4799
4958,113632,113641,126,89,907,-975,57,52,36,27855,-16139,-12911,927,4800
4958,113654,113664,134,82,901,-783,49,54,42,27675,-16031,-12576,926,4801
4958,113677,113687,123,90,910,-895,62,52,37,27951,-15954,-12570,925,4802
4958,113705,113715,116,79,902,-655,58,49,41,27897,-15948,-12462,927,4803
4958,113728,113738,121,86,901,-719,56,53,36,27987,-16145,-12744,925,4804
4958,113750,113760,123,92,902,-1119,51,50,37,27747,-15834,-12630,928,4805
4958,113773,113783,121,91,914,-607,48,51,38,27891,-15942,-12798,929,4806
4958,113796,113806,129,84,904,-671,56,52,38,27981,-16037,-12564,924,4807
4958,113819,113829,121,91,899,-1135,58,52,36,27735,-15978,-12361,922,4808
4958,113842,113851,123,84,906,-1007,51,50,36,27867,-16133,-12474,921,4809
4958,113864,113874,117,97,904,-655,54,48,45,27975,-15906,-12498,925,4810
4958,113887,113897,131,89,909,-767,54,52,42,27819,-15948,-12630,927,4811
4958,113910,113920,124,91,905,-783,54,48,37,27963,-15888,-12480,926,4812
4958,113959,113969,121,91,902,-623,57,49,34,27891,-15750,-12295,927,4813
4958,114015,114025,131,87,906,-479,50,48,34,27891,-15966,-12744,922,4814
4958,114072,114082,120,90,894,-831,53,51,32,27861,-16020,-12444,921,4815
4958,114117,114127,121,91,902,-559,54,49,38,27921,-15900,-12438,927,4816
4958,114145,114155,130,91,907,-575,57,52,38,27765,-16049,-12672,926,4817
4958,114167,114177,121,93,904,-959,57,48,40,27957,-15780,-12702,926,4818
4958,114190,114200,131,87,906,-767,52,46,35,27867,-16127,-12756,927,4819
4958,114213,114223,127,95,905,-751,51,52,35,27651,-16037,-12420,924,4820
4958,114236,114246,127,93,901,-607,52,51,41,27663,-15954,-12774,923,4821
4958,114258,114268,126,88,900,-911,52,51,36,27891,-16085,-12822,926,4822
4958,114281,114291,115,92,901,-863,54,52,41,27825,-16133,-12965,921,4823
4958,114304,114314,115,92,906,-1071,52,52,36,27927,-15984,-12660,923,4824
4958,114327,114337,121,89,906,-991,53,50,32,27933,-16097,-12606,928,4825
4958,114349,114359,128,92,897,-1311,54,53,41,27825,-15912,-12833,930,4826
4958,114372,114382,119,93,906,-879,56,44,38,27825,-15942,-12666,927,4827
4958,114395,114405,128,97,902,-207,57,46,38,27915,-16037,-12624,929,4828
4958,114418,114428,129,91,895,-991,51,50,40,28052,-16085,-12540,927,4829
4958,114440,114450,122,82,900,-399,53,53,43,27861,-16133,-12678,924,4830
4958,114469,114478,123,86,902,-1167,54,56,35,27891,-16020,-12486,924,4831
4958,114491,114501,125,93,902,-815,53,56,32,27849,-15810,-12672,927,4832
4958,114514,114524,123,92,897,-735,51,52,37,27705,-15960,-12540,929,4833
4958,114537,114547,123,91,902,-879,50,52,34,27933,-15954,-12636,925,4834
4958,114559,114569,119,91,902,-991,53,48,38,27927,-15918,-12349,927,4835
4958,114582,114592,115,85,900,-767,53,48,45,27915,-16145,-12564,920,4836
4958,114605,114615,124,87,902,-943,53,53,35,27921,-16037,-12474,928,4837
4958,114628,114637,122,93,903,-703,54,45,34,27801,-16085,-12630,924,4838
4958,114650,114660,108,84,900,-911,51,50,38,27741,-16103,-12989,925,4839
4958,114673,114683,120,90,907,-1087,52,49,37,27783,-16127,-12857,928,4840
4958,114696,114706,122,94,900,-783,52,50,34,27711,-16127,-12432,928,4841
4958,114719,114728,113,91,894,-911,52,49,40,27556,-15858,-13091,929,4842
4958,114741,114751,128,87,896,-1039,49,48,38,27669,-15978,-12810,924,4843
4958,114764,114774,117,89,899,-415,53,49,36,27777,-15864,-12612,929,4844
4958,114792,114802,121,89,900,-1039,53,43,36,27909,-15774,-12420,924,4845
4958,114815,114825,120,86,903,-751,52,56,38,27747,-15900,-12552,926,4846
4958,114838,114848,120,86,896,-879,54,52,34,27915,-15960,-12720,927,4847
4958,114860,114870,121,95,906,-1439,53,57,37,27681,-15702,-12875,925,4848
4958,114883,114893,124,94,905,-863,53,48,38,27765,-15924,-12690,929,4849
4958,114906,114916,127,89,906,-1071,48,49,32,27705,-15744,-12863,925,4850
4958,114936,114946,120,91,906,-655,57,50,41,27921,-15912,-12576,928,4851
4958,114959,114969,121,83,889,-959,56,50,37,27897,-15984,-12935,925,4852
4958,114982,114992,122,93,902,-1359,56,54,37,27777,-16067,-12708,925,4853
4958,115004,115014,118,87,902,-559,54,46,37,27580,-16073,-12612,926,4854
4958,115027,115037,115,88,903,-479,52,51,35,27759,-16181,-12444,929,4855
4958,115050,115060,121,87,899,-799,53,53,38,27783,-16193,-12654,928,4856
4958,115073,115082,122,93,902,-799,54,50,43,27753,-15960,-12594,930,4857
4958,115095,115105,119,91,898,-1119,53,51,40,27777,-16049,-12935,928,4858
4958,115122,115132,125,88,900,-895,52,43,37,27645,-16061,-12923,920,4859
4958,115145,115155,120,86,901,-527,61,49,35,27867,-16157,-12636,925,4860
4958,115168,115177,117,87,902,-591,56,51,37,27747,-16145,-12498,929,4861
4958,115190,115200,125,93,910,-959,56,50,41,27747,-16223,-12726,928,4862
4958,115213,115223,115,93,906,-863,51,50,36,27825,-16211,-12678,923,4863
4958,115236,115246,123,90,907,-751,56,51,40,27759,-16157,-12798,929,4864
4958,115258,115268,125,97,908,-687,49,45,34,27855,-16043,-12774,926,4865
4958,115281,115291,114,88,900,-655,48,45,37,27861,-15846,-12702,926,4866
4958,115304,115314,122,89,905,-799,56,49,41,27771,-15960,-12660,926,4867
4958,115327,115336,123,86,898,-1199,53,50,33,27729,-15876,-12696,922,4868
4958,115349,115359,127,89,899,-463,58,48,38,27699,-16181,-12714,929,4869
4958,115372,115382,126,92,900,-879,52,46,40,27675,-15948,-12642,929,4870
4958,115395,115405,114,86,904,-959,51,48,36,27681,-15924,-12666,927,4871
4958,115421,115431,123,90,900,-847,52,50,35,27609,-16049,-12654,930,4872
4958,115443,115453,116,88,901,-639,53,49,35,27849,-15984,-12672,926,4873
4958,115466,115476,119,93,903,-767,54,48,38,27789,-15816,-12534,926,4874
4958,115489,115499,123,84,909,-943,51,46,35,27615,-15906,-12636,925,4875
4958,115512,115521,125,91,902,-399,57,52,41,27735,-15918,-12612,936,4876
4958,115534,115544,124,89,889,-543,53,46,35,27753,-15978,-12630,928,4877
4958,115557,115567,124,89,905,-783,56,49,35,27598,-16014,-12774,922,4878
4958,115580,115590,115,90,893,-655,53,53,38,27789,-16139,-12582,930,4879
4958,115603,115612,113,91,899,-1007,54,49,36,27819,-16121,-12792,926,4880
4958,115625,115635,115,96,900,-831,54,49,37,27598,-16265,-13007,928,4881
4958,115648,115658,134,88,899,-1135,57,51,40,27669,-16079,-12666,924,4882
4958,115671,115680,119,91,906,-831,56,54,34,27604,-16049,-12570,929,4883
4958,115693,115703,130,91,906,-991,51,50,41,27801,-16121,-12738,926,4884
4958,115716,115726,127,94,901,-943,56,52,41,27747,-16061,-12642,928,4885
4958,115744,115754,126,91,904,-799,49,56,38,27795,-15924,-12678,925,4886
4958,115767,115777,121,91,902,-431,50,56,38,27681,-15660,-12624,927,4887
4958,115790,115800,119,89,906,-879,52,50,41,27849,-16008,-12504,925,4888
4958,115813,115823,129,91,902,-639,53,50,40,27951,-16133,-12600,928,4889
4958,115836,115846,132,89,905,-767,57,52,30,27837,-15894,-12648,930,4890
4958,115859,115869,118,90,896,-879,54,48,34,27723,-16067,-12456,928,4891
4958,115882,115891,123,91,903,-911,57,48,35,28052,-15960,-12624,926,4892
4958,115904,115914,117,89,898,-1151,54,52,35,27771,-15858,-12438,926,4893
4958,115927,115937,120,89,914,-927,51,48,32,27777,-15750,-12816,924,4894
4958,115950,115960,127,95,905,-607,52,43,34,27693,-15828,-12678,924,4895
4958,115973,115983,126,89,894,-1359,54,50,41,27861,-15810,-12600,918,4896
4958,115996,116006,126,89,901,-1055,57,52,36,27765,-15906,-12678,923,4897
4958,116019,116029,132,94,896,-1023,51,49,44,27627,-16049,-12396,930,4898
4958,116042,116052,122,86,910,-1071,57,49,32,27729,-15864,-12408,926,4899
4958,116070,116080,120,88,902,-639,56,53,43,27825,-15966,-12558,927,4900
4958,116093,116103,125,91,898,-1375,54,49,43,27759,-15876,-12534,926,4901
4958,116116,116126,114,92,902,-479,48,49,37,27837,-15972,-12301,928,4902
4958,116139,116148,118,89,902,-1535,58,53,42,27879,-16031,-12163,927,4903
4958,116161,116171,117,81,898,-719,54,51,36,27765,-16055,-12319,929,4904
4958,116184,116194,117,91,898,-1167,46,48,36,27729,-16157,-12277,930,4905
4958,116207,116217,115,95,903,-447,57,52,33,27687,-16187,-12456,928,4906
4958,116230,116240,126,89,900,-1039,56,48,40,27747,-16121,-12654,923,4907
4958,116253,116263,115,92,903,-575,50,46,37,27927,-16193,-12211,927,4908
4958,116276,116286,120,86,906,-191,50,51,33,27693,-16145,-12756,929,4909
4958,116299,116309,117,87,906,-687,56,52,33,27735,-16091,-12552,925,4910
4958,116322,116332,121,103,898,-383,49,43,25,27717,-16121,-12678,927,4911
4958,116345,116354,117,92,905,-735,56,50,36,27825,-16073,-12552,920,4912
4958,116368,116378,119,94,893,-847,49,50,30,27747,-15930,-12690,927,4913
4958,116396,116406,126,92,893,-1295,53,42,33,27777,-15876,-12396,923,4914
4958,116419,116429,123,86,904,-1183,57,46,41,27735,-15930,-12450,928,4915
4958,116442,116452,123,84,902,-863,49,51,30,27753,-15996,-12492,927,4916
4958,116465,116474,119,90,908,-959,52,46,35,27747,-16163,-12666,921,4917
4958,116487,116497,119,84,904,-1039,54,48,30,27717,-16091,-12498,928,4918
4958,116510,116520,127,91,906,-1183,50,52,34,27681,-16121,-12648,924,4919
4958,116533,116543,126,87,901,-1087,57,50,35,28041,-16031,-12714,925,4920
4958,116556,116566,117,90,896,-1199,56,46,36,27837,-15906,-12726,926,4921
4958,116579,116589,117,92,904,-959,52,50,43,27831,-16115,-12402,930,4922
4958,116602,116612,125,86,893,-895,51,42,35,27819,-16014,-12480,931,4923
4958,116625,116635,123,89,907,-479,52,49,41,27891,-15852,-12522,926,4924
4958,116648,116658,124,93,901,-1167,54,51,36,27855,-16127,-12295,925,4925
4958,116671,116680,120,95,906,-1247,53,49,35,27651,-16127,-12402,924,4926
4958,116694,116703,122,87,888,-1055,56,51,37,27795,-16121,-12660,924,4927
4958,116722,116732,128,87,904,-1311,54,51,38,27879,-15990,-12361,930,4928
4958,116745,116754,117,89,914,-1471,48,49,33,27885,-16020,-12456,934,4929
4958,116767,116777,124,89,898,-1071,53,45,34,27669,-16115,-12522,926,4930
4958,116790,116800,119,84,904,-1039,49,50,38,27651,-16002,-12696,930,4931
4958,116813,116823,123,83,906,-1039,56,50,34,27771,-16020,-12816,925,4932
4958,116836,116846,119,87,904,-735,53,50,38,27969,-16097,-12774,931,4933
4958,116859,116869,126,91,900,-703,57,54,32,27807,-15882,-12618,927,4934
4958,116882,116892,123,94,904,-1087,54,45,37,27819,-15972,-12378,922,4935
4958,116905,116914,132,102,902,-943,48,54,40,27765,-16121,-12672,929,4936
4958,116928,116937,119,91,903,-1135,52,50,35,27813,-15834,-12426,928,4937
4958,116950,116960,130,91,909,-1135,52,50,37,27687,-15888,-12498,924,4938
4958,116973,116983,124,86,891,-895,53,51,38,28017,-15930,-12744,931,4939
4958,116996,117006,119,89,898,-767,53,51,38,27873,-15924,-12851,928,4940
4958,117019,117029,128,88,906,-719,54,49,32,27699,-16121,-12564,925,4941
4958,117047,117057,119,90,906,-751,52,56,37,27873,-16151,-12923,927,4942
4958,117070,117080,128,89,899,-559,54,50,32,27855,-16020,-12845,921,4943
4958,117093,117103,123,98,905,-911,50,51,36,27921,-16073,-12534,926,4944
4958,117116,117126,123,89,911,-607,54,53,40,27909,-15978,-12923,927,4945
4958,117139,117149,121,89,898,-975,58,50,36,27927,-16067,-12762,928,4946
4958,117162,117171,125,90,904,-895,49,49,36,27879,-16229,-12654,929,4947
4958,117184,117194,121,89,896,-1391,51,46,37,27861,-16109,-12480,927,4948
4958,117207,117217,123,91,898,-927,54,50,35,27550,-16115,-12696,934,4949
4958,117230,117240,120,89,903,-623,52,45,41,27843,-16175,-12450,929,4950
4958,117253,117263,125,91,909,-495,61,49,37,27645,-16020,-12887,924,4951
4958,117276,117286,117,88,894,-943,50,51,34,27801,-16133,-12618,922,4952
4958,117299,117309,123,94,900,-623,54,53,37,27933,-16199,-12588,928,4953
4958,117322,117332,124,89,902,-783,52,45,40,27861,-16037,-12816,926,4954
4958,117350,117360,112,91,895,-735,56,56,38,27639,-16307,-12786,930,4955
4958,117373,117383,123,94,901,-1375,54,48,33,27574,-16313,-13121,928,4956
4958,117396,117405,113,91,908,-943,54,49,45,27645,-16133,-12654,929,4957
4958,117418,117428,121,96,902,-991,56,49,32,27891,-15966,-12857,928,4958
4958,117441,117451,123,84,900,-655,53,53,38,27813,-16103,-12875,925,4959
4958,117464,117474,115,88,903,-847,52,48,33,27783,-16151,-12636,927,4960
4958,117487,117497,126,89,900,-1247,54,56,40,29070,-16067,-12798,924,4961
4958,117510,117520,130,91,901,-479,52,54,30,27795,-15960,-12522,928,4962
4958,117533,117543,124,93,898,-335,52,50,33,27717,-16073,-12780,928,4963
4958,117556,117565,126,91,906,-463,54,50,37,27795,-15960,-12744,927,4964
4958,117578,117588,122,89,909,-687,57,50,40,27789,-16031,-12768,927,4965
4958,117601,117611,128,89,904,-1199,54,52,36,27885,-15948,-12690,928,4966
4958,117624,117634,126,85,902,-783,53,50,36,27783,-16002,-12780,926,4967
4958,117647,117657,121,84,900,-479,48,54,35,27807,-16043,-12774,929,4968
4958,117675,117685,127,87,902,-511,48,45,34,27669,-16253,-12618,921,4969
4958,117698,117708,118,93,911,-1119,54,49,35,27705,-16103,-12827,925,4970
4958,117721,117731,130,84,904,-975,53,48,45,27544,-15918,-12762,926,4971
4958,117744,117753,131,84,900,-959,52,50,36,27675,-16199,-12971,929,4972
4958,117774,117784,124,89,902,-895,51,51,41,27777,-16289,-12696,924,4973
4958,117797,117807,122,86,906,-1023,57,48,37,27747,-16103,-12570,932,4974
4958,117820,117829,123,91,902,-911,52,42,30,27550,-16091,-12648,924,4975
4958,117842,117852,124,91,911,-575,50,50,34,27807,-16205,-12827,919,4976
4958,117865,117875,125,85,898,-815,56,56,40,27801,-16103,-12618,926,4977
4958,117888,117898,117,93,895,-1103,57,56,36,27789,-16079,-12792,929,4978
4958,117911,117921,126,89,909,-1423,54,49,38,27909,-15984,-12750,927,4979
4958,117934,117944,124,90,908,-927,48,52,35,27777,-16037,-12486,927,4980
4958,117957,117966,115,92,902,-671,58,48,35,27693,-15972,-12774,927,4981
4958,117979,117989,133,92,909,-1023,58,54,49,27807,-16151,-12618,924,4982
4958,118007,118017,119,79,904,-751,52,58,41,27669,-16229,-12666,928,4983
4958,118030,118040,116,88,904,-831,56,53,37,27609,-15984,-12576,930,4984
4958,118053,118063,116,94,900,-1167,53,46,32,27735,-16014,-12612,924,4985
4958,118076,118086,123,89,895,-687,52,50,40,27801,-15984,-12540,926,4986
4958,118099,118109,119,86,909,-1215,56,53,40,27609,-15990,-12851,928,4987
4958,118122,118132,123,85,909,-431,56,50,40,27651,-15972,-12546,924,4988
4958,118145,118154,123,87,903,-1039,48,53,35,27903,-15996,-13043,927,4989
4958,118167,118177,124,93,900,-1263,53,52,40,27705,-16008,-12714,928,4990
4958,118190,118200,128,80,893,-703,51,51,42,27891,-15960,-12786,927,4991
4958,118234,118244,121,92,902,-927,52,51,36,27849,-16026,-12798,926,4992
4958,118257,118267,115,89,904,-543,58,56,36,27849,-16151,-12750,926,4993
4958,118280,118290,131,84,901,-847,50,45,32,27598,-15960,-12708,923,4994
4958,118303,118313,128,84,900,-1135,51,50,36,27699,-16067,-12600,927,4995
4958,118326,118335,126,92,907,-799,49,45,37,27723,-16079,-12606,928,4996
4958,118354,118364,121,84,904,-1327,57,53,40,27867,-16049,-12642,925,4997
4958,118377,118386,122,91,904,-831,48,50,34,27855,-15972,-12636,926,4998
4958,118399,118409,121,89,902,-1375,48,50,37,27801,-16145,-12588,926,4999
4958,118422,118432,121,93,904,-1055,57,49,35,27747,-15870,-12462,924,5000
4958,118445,118455,121,84,904,-687,58,51,40,27897,-16043,-12666,927,5001
4958,118468,118478,119,89,906,-719,53,52,37,27723,-16008,-13007,928,5002
4958,118491,118500,117,93,901,-1119,52,48,37,27615,-15942,-12863,927,5003
4958,118513,118523,120,84,911,-607,53,50,40,27645,-16014,-12941,929,5004
4958,118536,118546,126,90,892,-479,56,51,38,27831,-16085,-12917,928,5005
4958,118559,118569,112,87,903,-1023,58,48,43,27813,-15996,-12690,929,5006
4958,118582,118592,121,91,902,-719,54,52,37,27604,-15870,-12534,927,5007
4958,118605,118615,122,90,906,-1167,53,57,36,27598,-16037,-12546,926,5008
4958,118628,118637,127,93,902,-815,52,48,37,27771,-16229,-12816,927,5009
4958,118650,118660,123,95,903,-1007,60,56,38,27657,-16055,-12780,928,5010
4958,118679,118688,121,89,900,-815,54,45,36,27765,-16097,-12408,927,5011
4958,118701,118711,126,91,909,-799,53,49,34,27807,-16205,-12869,923,5012
4958,118724,118734,122,95,905,-1359,58,46,37,27777,-16067,-12750,929,5013
4958,118747,118757,132,91,900,-767,56,52,40,27693,-16037,-12582,928,5014
4958,118770,118780,123,93,906,-1055,56,50,36,27777,-16079,-12534,930,5015
4958,118792,118802,124,89,906,-703,53,50,38,27663,-16133,-12456,921,5016
4958,118815,118825,121,94,896,-943,53,50,34,27621,-16175,-12678,925,5017
4958,118838,118848,118,83,906,-1279,51,45,37,27723,-16343,-12384,930,5018
4958,118861,118871,117,93,890,-687,56,52,32,27747,-16157,-13001,926,5019
4958,118884,118894,132,86,900,-719,50,56,40,27747,-16061,-12798,923,5020
4958,118907,118916,119,93,908,-1439,57,52,41,27777,-15966,-12750,927,5021
4958,118929,118939,123,83,902,-1423,50,48,37,27975,-16002,-12863,929,5022
4958,118952,118962,122,95,900,-351,53,52,35,27879,-16031,-12630,928,5023
4958,118975,118985,126,89,904,-879,59,50,44,27891,-15972,-12827,926,5024
4958,119003,119013,117,89,898,-1151,58,50,37,27969,-15912,-12606,926,5025
4958,119026,119036,127,89,902,-847,58,46,35,27969,-15930,-12618,928,5026
4958,119049,119059,126,90,900,-895,52,49,35,28023,-16073,-12594,927,5027
4958,119072,119081,121,95,902,-767,56,48,35,27801,-15786,-12432,927,5028
4958,119094,119104,123,88,902,-847,53,54,38,27753,-15990,-12277,926,5029
4958,119117,119127,123,91,902,-1023,52,56,37,27783,-16175,-12594,930,5030
4958,119140,119150,125,82,899,-639,54,45,37,27885,-16097,-13193,926,5031
4958,119163,119173,125,92,898,-575,52,51,33,27813,-16085,-12720,928,5032
4958,119186,119196,119,95,894,-815,51,51,35,27777,-15786,-12929,927,5033
4958,119209,119218,124,94,896,-479,49,48,35,27729,-15738,-12588,927,5034
4958,119231,119241,117,91,914,-1199,53,48,35,27645,-15822,-12666,925,5035
4958,119254,119264,126,88,899,-719,58,54,34,27627,-15918,-12726,928,5036
4958,119277,119287,120,86,896,-751,52,50,41,27580,-16002,-12917,929,5037
4958,119305,119315,123,87,899,-863,57,50,40,27747,-15846,-12498,934,5038
4958,119328,119338,121,87,913,-1423,56,54,41,27496,-16026,-13007,930,5039
4958,119351,119361,127,93,905,-1327,52,51,37,27675,-15888,-12738,929,5040
4958,119374,119384,116,89,898,-751,58,44,38,27592,-15858,-12672,930,5041
4958,119397,119407,126,82,907,-463,54,54,37,27693,-16055,-12582,929,5042
4958,119420,119429,121,95,913,-991,57,58,38,27586,-16145,-12582,923,5043
4958,119442,119452,110,91,895,-1039,49,48,35,27675,-15930,-12684,930,5044
4958,119465,119475,123,89,905,-735,51,53,37,27717,-15858,-12869,925,5045
4958,119488,119498,129,91,900,-799,54,51,35,27681,-15774,-12570,927,5046
4958,119511,119521,126,95,911,-1263,52,54,32,27801,-16091,-12810,921,5047
4958,119534,119544,131,96,907,-783,54,49,35,27627,-15876,-12708,928,5048
4958,119557,119566,122,95,907,-719,53,54,36,27747,-15954,-12600,927,5049
4958,119589,119599,123,91,908,-799,53,54,34,27711,-15960,-12678,926,5050
4958,119612,119622,126,91,906,-1055,53,52,37,27532,-16049,-12432,928,5051
4958,119640,119650,130,90,894,-895,57,46,41,27675,-16163,-12762,926,5052
4958,119663,119673,118,88,893,-895,57,51,41,27675,-15912,-12540,924,5053
4958,119686,119696,120,89,903,-1039,50,45,37,27615,-16091,-12546,925,5054
4958,119709,119719,127,84,905,-1183,54,48,38,27544,-15984,-12552,926,5055
4958,119732,119741,122,84,904,-511,54,50,33,27615,-15816,-12887,925,5056
4958,119754,119764,115,89,896,-943,54,44,34,27574,-15984,-12666,927,5057
4958,119777,119787,117,87,902,-895,54,50,41,27568,-15978,-12582,928,5058
4958,119800,119810,121,87,900,-767,53,51,37,27771,-15864,-12690,930,5059
4958,119823,119833,125,89,898,-959,52,52,35,27777,-16008,-13001,929,5060
4958,119846,119856,122,93,905,-1215,51,53,38,27687,-16097,-12744,928,5061
4958,119869,119878,120,89,896,-1135,54,51,44,27825,-16043,-12929,925,5062
4958,119891,119901,121,96,900,-863,60,57,40,27855,-15918,-12726,929,5063
4958,119914,119924,124,92,913,-495,56,56,37,27927,-15972,-13043,925,5064
4958,119937,119947,118,103,909,-639,57,51,43,27801,-15966,-13019,926,5065
4958,119965,119975,126,88,906,-1135,56,53,35,27711,-15972,-12774,927,5066
4958,119988,119998,122,92,895,-655,56,48,35,27801,-16079,-12923,927,5067
4958,120011,120020,121,91,905,-1327,56,51,41,27753,-15954,-12881,929,5068
4958,120033,120043,123,88,899,-1423,60,54,34,27765,-15852,-12941,927,5069
4958,120056,120066,118,90,902,-911,51,53,37,27526,-15912,-12953,924,5070
4958,120079,120089,128,86,898,-1007,54,52,37,27633,-15978,-12899,927,5071
4958,120102,120112,126,84,907,-1103,53,57,33,27735,-15684,-12935,929,5072
4958,120125,120134,120,87,903,-1039,59,44,40,27789,-15948,-13043,926,5073
4958,120147,120157,128,84,908,-1007,54,56,40,27502,-15936,-12851,928,5074
4958,120170,120180,118,91,896,-655,52,48,40,27645,-16020,-12744,928,5075
4958,120193,120203,130,86,895,-543,51,54,40,27681,-15798,-12983,930,5076
4958,120216,120226,118,93,900,-767,46,43,34,27675,-16073,-13013,928,5077
4958,120239,120248,125,83,893,-991,56,45,38,27657,-15870,-12893,930,5078
4958,120261,120271,119,88,904,-783,50,44,35,27909,-15936,-12935,930,5079
4958,120289,120299,123,98,902,-847,57,51,36,27831,-16014,-12881,928,5080
4958,120312,120322,132,89,911,-1055,53,48,38,27837,-15846,-13031,931,5081
4958,120335,120345,123,84,912,-831,51,52,37,27801,-15888,-12941,928,5082
4958,120358,120367,117,80,909,-1039,57,48,35,27687,-16031,-13121,923,5083
4958,120380,120390,120,89,902,-1135,54,53,40,27705,-16008,-12935,928,5084
4958,120403,120413,118,92,904,-943,53,54,41,27873,-15984,-13049,924,5085
4958,120426,120436,128,89,909,-911,57,50,36,27807,-16187,-12935,924,5086
4958,120449,120459,113,93,894,-1023,53,49,36,27598,-16133,-12905,927,5087
4958,120472,120481,125,92,901,-1263,49,50,40,27741,-16020,-12798,924,5088
4958,120494,120504,126,87,909,-911,53,54,45,27693,-16008,-12720,929,5089
4958,120517,120527,123,87,904,-1359,52,48,38,27627,-16115,-12564,927,5090
4958,120540,120550,123,89,907,-959,56,51,34,27777,-16199,-12965,929,5091
4958,120563,120573,124,92,907,-735,54,48,35,27765,-16008,-12863,926,5092
4958,120586,120595,118,97,895,-847,54,51,32,27879,-16229,-12624,927,5093
4958,120621,120631,123,91,909,-959,56,48,34,27747,-16193,-12546,926,5094
4958,120644,120654,124,87,898,-991,54,53,40,27921,-16002,-12738,929,5095
4958,120667,120676,120,97,902,-287,56,46,34,27765,-16187,-12714,927,5096
4958,120690,120699,118,90,898,-879,50,51,34,27933,-16127,-12935,927,5097
4958,120712,120722,115,89,905,-879,49,45,37,27759,-16002,-12851,927,5098
4958,120735,120745,125,85,908,-1199,52,48,34,28005,-15882,-12822,928,5099
4958,120758,120768,128,86,900,-959,53,52,34,27813,-16073,-12804,923,5100
4958,120781,120790,123,92,901,-863,52,46,37,27849,-15882,-12648,925,5101
4958,120803,120813,129,92,908,-1407,61,57,40,27681,-16014,-12857,929,5102
4958,120826,120836,126,87,904,-1007,57,50,42,27867,-16235,-13025,926,5103
4958,120849,120859,120,86,904,-1055,51,56,37,27831,-16115,-12941,929,5104
4958,120872,120882,121,95,900,-687,52,52,36,27705,-16211,-12995,931,5105
4958,120895,120905,125,91,915,-1007,53,46,37,27663,-16055,-13019,928,5106
4958,120918,120927,129,89,905,-1119,51,52,40,27777,-16199,-12875,932,5107
4958,120946,120956,126,82,907,-1039,52,48,30,27699,-16049,-12827,930,5108
4958,120968,120978,121,91,903,-1071,57,49,43,27945,-16157,-12768,929,5109
4958,120991,121001,123,92,904,-1231,58,48,42,27939,-16199,-12660,926,5110
4958,121014,121024,125,85,904,-1263,51,51,37,27783,-16115,-12606,920,5111
4958,121037,121047,126,91,902,-1055,62,53,45,27705,-16073,-12953,921,5112
4958,121060,121069,118,86,905,-767,50,51,42,27693,-15996,-13007,926,5113
4958,121082,121092,117,89,908,-975,52,49,42,27741,-16002,-12810,931,5114
4958,121105,121115,131,90,896,-911,57,41,41,27729,-16175,-12534,926,5115
4958,121128,121138,121,89,912,-751,50,43,34,27825,-16014,-12624,929,5116
4958,121151,121161,124,91,900,-959,49,52,32,27765,-16211,-12516,928,5117
4958,121174,121183,122,94,900,-1055,56,48,36,27598,-16127,-12768,927,5118
4958,121196,121206,127,88,903,-975,56,52,35,27651,-15996,-12474,929,5119
4958,121219,121229,119,84,904,-751,60,50,35,27592,-15942,-12708,931,5120
4958,121242,121252,130,87,906,-591,56,51,41,27741,-15972,-12564,924,5121
4958,121264,121273,124,87,908,-1023,52,44,36,27819,-15870,-12516,928,5122
4958,121286,121296,128,86,898,-863,51,54,32,27717,-16073,-12486,927,5123
4958,121309,121319,119,89,904,-687,52,45,29,27783,-16121,-12750,925,5124
4958,121332,121341,121,85,903,-991,53,51,34,27837,-16091,-12630,930,5125
4958,121354,121364,121,84,907,-703,54,51,32,27717,-16115,-12893,927,5126
4958,121377,121387,123,91,896,-735,53,50,37,27843,-15954,-12672,927,5127
4958,121400,121410,115,91,894,-479,58,54,41,27897,-15948,-12648,926,5128
4958,121423,121433,122,93,912,-1087,57,45,34,27663,-15870,-12648,929,5129
4958,121446,121455,120,89,900,-831,56,51,40,27897,-16020,-12768,928,5130
4958,121468,121478,128,89,896,-1007,52,51,35,27963,-16031,-12672,926,5131
4958,121491,121501,119,93,911,-703,52,46,36,27580,-16151,-12696,925,5132
4958,121514,121524,127,89,904,-1055,53,48,42,27783,-15972,-12893,925,5133
4958,121537,121547,121,92,906,-671,48,50,34,27771,-16109,-12546,926,5134
4958,121565,121575,123,95,896,-511,57,48,37,27831,-15948,-12504,929,5135
4958,121587,121597,128,93,904,-1151,51,54,36,27819,-15792,-12582,929,5136
4958,121610,121620,117,79,899,-799,54,49,41,27951,-16097,-12420,932,5137
4958,121633,121643,110,95,893,-607,51,52,38,27795,-15918,-12378,930,5138
4958,121656,121666,125,84,902,-703,53,45,37,27819,-15900,-12139,929,5139
4958,121679,121688,111,84,903,-495,58,53,35,27813,-16026,-12438,930,5140
4958,121701,121711,122,82,902,-1263,53,53,36,27921,-15972,-12390,925,5141
4958,121724,121734,127,91,908,-1135,57,46,35,27795,-16181,-12438,926,5142
4958,121747,121757,120,97,904,-815,50,51,38,27915,-15948,-12636,923,5143
4958,121770,121780,130,95,904,-1183,51,52,42,27843,-15858,-12259,929,5144
4958,121793,121802,120,97,908,-1247,53,51,35,27861,-16163,-12235,923,5145
4958,121815,121825,129,87,898,-767,57,52,36,27933,-16026,-12396,928,5146
4958,121838,121848,121,95,900,-559,50,53,37,28005,-16008,-12432,929,5147
4958,121861,121871,115,90,904,-1023,52,49,41,27927,-15882,-12708,930,5148
4958,121889,121899,131,83,911,-1199,52,50,37,27843,-16151,-12528,932,5149
4958,121912,121921,123,89,905,-1039,54,50,35,27891,-16151,-12792,929,5150
4958,121934,121944,117,85,911,-783,57,48,40,27837,-16026,-12768,931,5151
4958,121957,121967,121,85,904,-1055,54,46,40,27999,-16085,-12851,928,5152
4958,121980,121990,118,94,904,-1343,56,49,35,27909,-16008,-12774,928,5153
4958,122003,122013,117,87,902,-1151,51,46,34,27777,-16145,-12696,926,5154
4958,122026,122035,126,89,907,-831,50,54,29,27879,-15990,-12744,925,5155
4958,122048,122058,124,95,900,-815,56,50,36,27879,-15984,-12786,925,5156
4958,122071,122081,123,92,897,-847,53,48,41,27855,-15966,-12738,927,5157
4958,122094,122104,128,90,909,-847,59,45,38,27867,-15888,-12911,930,5158
4958,122117,122126,123,90,899,-623,58,46,42,27783,-15948,-12839,929,5159
4958,122139,122149,117,90,899,-1327,53,51,27,27873,-15972,-12420,926,5160
4958,122162,122172,120,89,904,-975,46,45,35,28023,-16169,-12881,922,5161
4958,122185,122195,120,86,899,-735,56,53,36,27705,-16067,-12881,925,5162
4958,122213,122223,136,92,901,-1055,57,48,34,27915,-16037,-12636,926,5163
4958,122236,122246,121,82,899,-543,52,49,41,27777,-15948,-12690,922,5164
4958,122259,122268,115,87,904,-1055,51,52,40,27843,-16151,-12576,927,5165
4958,122281,122291,120,92,904,-847,56,54,37,27861,-16043,-12486,922,5166
4958,122304,122314,124,97,900,-1263,59,48,38,27987,-15852,-12624,926,5167
4958,122327,122337,121,91,900,-655,51,43,38,27861,-16026,-12612,928,5168
4958,122350,122359,129,95,904,-1087,54,50,38,27873,-16020,-12636,928,5169
4958,122373,122382,120,89,906,-591,52,50,37,27699,-16121,-12929,935,5170
4958,122395,122405,121,92,899,-511,53,51,37,27867,-16055,-12630,930,5171
4958,122418,122428,123,96,902,-687,52,50,36,27699,-16055,-12211,922,5172
4958,122441,122451,118,90,906,-1231,48,48,43,27795,-16049,-12732,930,5173
4958,122464,122474,123,89,902,-735,59,48,37,27921,-15960,-12384,930,5174
4958,122486,122496,117,89,902,-319,59,46,36,27861,-15816,-12307,926,5175
4958,122509,122519,119,80,894,-863,58,51,33,27765,-16008,-12349,930,5176
4958,122537,122547,126,88,904,-911,56,54,35,27651,-16037,-12522,926,5177
4958,122560,122570,125,87,902,-303,53,54,37,27771,-15882,-12486,926,5178
4958,122583,122593,128,84,899,-1055,44,52,36,27663,-15852,-12708,927,5179
4958,122606,122615,121,91,904,-1007,46,51,38,27933,-16020,-12516,928,5180
4958,122628,122638,128,92,900,-1071,57,48,42,28106,-16043,-12390,930,5181
4958,122651,122661,128,89,906,-1103,60,50,37,27939,-15912,-12486,929,5182
4958,122674,122684,124,90,907,-1199,53,50,35,27831,-16037,-12594,926,5183
4958,122697,122707,121,86,898,-607,57,53,38,27891,-16079,-12636,927,5184
4958,122720,122729,119,88,898,-895,52,51,37,27981,-15960,-12630,925,5185
4958,122742,122752,119,90,904,-639,60,53,40,27897,-15924,-12510,931,5186
4958,122765,122775,130,89,909,-1039,48,49,42,27747,-15930,-12462,926,5187
4958,122788,122798,126,78,906,-735,56,48,36,27604,-16026,-12402,926,5188
4958,122811,122820,125,88,902,-591,52,45,36,27681,-15858,-12492,929,5189
4958,122833,122843,126,85,909,-447,54,50,33,27831,-15834,-12450,929,5190
4958,122861,122871,121,93,893,-1087,54,52,34,27562,-15846,-12576,928,5191
4958,122884,122894,115,93,903,-1167,54,49,38,27675,-15918,-12576,930,5192
4958,122907,122917,126,97,902,-895,56,50,35,27813,-15876,-12582,929,5193
4958,122930,122939,127,89,907,-1519,59,50,42,27663,-16067,-12402,929,5194
4958,122952,122962,121,89,899,-543,51,51,38,27789,-16115,-12361,926,5195
4958,122975,122985,122,91,901,-863,51,45,36,27783,-16026,-12402,929,5196
4958,122998,123008,117,96,900,-783,50,53,36,27897,-16085,-12223,925,5197
4958,123020,123030,125,92,902,-927,52,49,41,27795,-16043,-12277,930,5198
4958,123043,123053,130,89,901,-655,53,49,36,27837,-16199,-12558,926,5199
4958,123066,123076,121,87,896,-959,53,52,34,28023,-16043,-12498,927,5200
4958,123089,123099,118,89,900,-1103,54,53,37,27705,-16020,-12349,926,5201
4958,123112,123121,123,89,905,-1311,52,50,35,27771,-16002,-12211,928,5202
4958,123134,123144,123,84,905,-927,53,52,35,27861,-16014,-12498,927,5203
4958,123157,123167,121,93,903,-991,52,50,36,27753,-16020,-12654,928,5204
4958,123185,123195,126,83,902,-703,51,49,30,27729,-16157,-12690,928,5205
4958,123208,123218,123,93,909,-1103,54,50,36,27639,-16031,-12552,928,5206
4958,123231,123240,123,84,902,-1119,54,46,29,27747,-16008,-12361,926,5207
4958,123253,123263,121,80,907,-511,52,52,37,27586,-16121,-12540,930,5208
4958,123276,123286,128,90,902,-927,58,49,45,27663,-16199,-12432,927,5209
4958,123299,123309,127,94,896,-607,54,51,38,27813,-16049,-12426,926,5210
4958,123343,123353,119,97,907,-751,57,51,42,27801,-16115,-12600,929,5211
4958,123366,123376,126,79,902,-1007,53,49,37,27705,-16241,-12528,929,5212
4958,123389,123399,132,89,910,-911,50,50,34,27598,-16205,-12756,929,5213
4958,123411,123421,129,89,889,-927,51,51,36,27550,-16073,-12612,932,5214
4958,123434,123444,122,82,902,-719,50,46,33,27765,-16091,-12630,928,5215
4958,123464,123474,118,91,893,-1071,51,50,37,27765,-16199,-12702,925,5216
4958,123487,123497,118,91,901,-1087,51,48,37,27675,-16139,-12600,928,5217
4958,123515,123525,125,87,897,-303,54,52,34,27717,-15996,-12642,930,5218
4958,123538,123548,121,91,909,-991,60,51,37,27466,-16139,-12768,927,5219
4958,123561,123571,117,95,898,-751,52,46,36,27633,-16181,-12510,928,5220
4958,123584,123593,122,93,904,-623,50,57,40,27615,-16133,-12438,931,5221
4958,123606,123616,123,86,893,-943,53,46,40,27502,-16271,-12780,931,5222
4958,123629,123639,123,93,902,-431,57,48,35,27598,-16073,-12845,928,5223
4958,123652,123662,131,90,909,-1087,51,52,33,27651,-16199,-12768,929,5224
4958,123675,123684,129,90,911,-607,52,46,34,27436,-16199,-12738,927,5225
4958,123697,123707,125,95,902,-1119,56,52,37,27484,-16073,-12923,928,5226
4958,123720,123730,128,89,904,-783,53,52,42,27705,-16175,-12636,929,5227
4958,123743,123753,121,89,899,-799,53,51,40,27592,-16421,-12959,929,5228
4958,123766,123775,120,88,904,-687,51,48,37,27592,-16313,-12786,928,5229
4958,123788,123798,123,99,892,-831,59,50,37,27675,-16187,-12678,923,5230
4958,123811,123821,121,87,900,-815,53,44,34,27789,-16121,-12564,923,5231
4958,123839,123849,123,91,898,-671,53,50,45,27681,-16055,-12654,928,5232
4958,123862,123872,117,89,905,-751,54,48,37,27502,-16205,-12654,928,5233
4958,123885,123895,119,94,902,-847,53,50,40,27514,-16121,-12672,923,5234
4958,123908,123917,120,83,898,-927,48,49,38,27687,-16217,-12833,927,5235
4958,123930,123940,112,94,908,-1215,57,46,41,27771,-16253,-12738,928,5236
4958,123953,123963,123,91,894,-943,56,54,40,27705,-15984,-12762,929,5237
4958,123976,123986,123,87,904,-751,54,50,34,27663,-16181,-12786,927,5238
4958,123999,124008,122,91,902,-431,59,51,38,27669,-16211,-12989,927,5239
4958,124021,124031,125,87,901,-1119,51,50,33,27723,-16319,-13013,928,5240
4958,124044,124054,126,96,904,-1039,58,46,36,27843,-16277,-12708,927,5241
4958,124067,124077,117,93,904,-719,58,53,38,27705,-16175,-13001,926,5242
4958,124090,124099,130,91,901,-511,52,46,30,27633,-16043,-12792,930,5243
4958,124112,124122,132,91,900,-543,52,41,41,27711,-16121,-12804,928,5244
4958,124135,124145,117,91,909,-527,51,49,37,27705,-16079,-13235,929,5245
4958,124163,124173,123,93,900,-719,52,49,36,27604,-16253,-12869,926,5246
4958,124186,124196,127,87,901,-431,54,50,40,27633,-16325,-12624,923,5247
4958,124209,124218,114,91,904,-687,49,46,30,27765,-16235,-12786,927,5248
4958,124231,124241,124,91,902,-1183,59,52,38,27580,-16133,-12672,928,5249
4958,124254,124264,123,93,896,-735,56,48,43,27484,-16020,-12666,925,5250
4958,124277,124287,128,87,899,-815,53,51,34,27586,-15912,-12875,929,5251
4958,124300,124309,118,90,902,-1087,53,53,36,27627,-16229,-12648,929,5252
4958,124322,124332,128,88,904,-863,53,48,37,27592,-16073,-12636,925,5253
4958,124345,124355,127,87,902,-575,52,48,36,27663,-16157,-12971,925,5254
4958,124368,124378,133,88,909,-1055,54,50,36,27526,-16043,-12953,928,5255
4958,124390,124400,126,83,898,-655,58,50,38,27586,-16037,-12714,928,5256
4958,124413,124423,113,91,905,-831,49,48,36,27777,-16139,-12804,932,5257
4958,124436,124446,125,82,903,-543,57,53,38,27621,-16079,-12768,926,5258
4958,124459,124469,126,92,906,-383,53,49,40,27681,-16121,-12744,924,5259
4958,124487,124497,127,95,909,-1087,48,49,33,27723,-16253,-12648,928,5260
4958,124509,124519,126,88,902,-1039,57,45,38,27687,-16253,-12402,927,5261
4958,124532,124542,126,97,901,-911,54,50,40,27657,-16235,-12857,928,5262
4958,124555,124565,126,92,894,-335,45,46,40,27598,-16139,-12917,924,5263
4958,124578,124587,121,92,893,-1407,52,45,38,27729,-16139,-12684,928,5264
4958,124600,124610,126,84,909,-1039,58,52,37,27735,-16157,-12774,925,5265
4958,124623,124633,120,95,902,-1087,48,49,37,27687,-15948,-12432,928,5266
4958,124646,124656,129,80,904,-975,52,49,37,27556,-15972,-12690,924,5267
4958,124669,124679,119,88,906,-799,51,45,34,27627,-16157,-12492,930,5268
4958,124691,124701,111,89,910,-959,50,53,30,27568,-16163,-12426,933,5269
4958,124714,124724,123,89,902,-991,54,51,34,27717,-16014,-12696,927,5270
4958,124737,124747,125,91,907,-1055,51,50,37,27873,-16085,-12893,929,5271
4958,124760,124769,121,92,899,-943,52,53,34,27717,-16002,-12762,926,5272
4958,124782,124792,125,89,899,-847,52,49,40,27705,-16014,-12762,931,5273
4958,124810,124820,123,97,904,-1199,54,49,33,27789,-15996,-12438,926,5274
4958,124833,124843,124,92,900,-703,54,50,38,27771,-15924,-12600,931,5275
4958,124856,124866,116,90,907,-831,53,49,38,27777,-16067,-12726,922,5276
4958,124879,124888,119,91,903,-975,50,52,38,27771,-15966,-12810,927,5277
4958,124901,124911,119,97,905,-703,57,43,42,27639,-16008,-12426,928,5278
4958,124924,124934,123,92,906,-767,53,51,37,27508,-16031,-12552,928,5279
4958,124947,124957,120,89,899,-767,61,46,35,27741,-15906,-12636,929,5280
4958,124970,124979,124,87,905,-1007,56,48,37,27705,-16259,-12367,926,5281
4958,124992,125002,126,97,900,-623,56,45,41,27609,-16097,-12564,931,5282
4958,125015,125025,117,88,905,-511,57,53,37,27687,-16217,-12696,924,5283
4958,125038,125048,120,86,906,-831,57,54,49,27699,-16037,-12839,925,5284
4958,125061,125070,118,92,897,-1199,62,46,37,27609,-16187,-12822,924,5285
4958,125083,125093,123,85,916,-431,50,46,33,27753,-16026,-12660,926,5286
4958,125106,125116,123,91,893,-927,58,56,38,27807,-16145,-12594,933,5287
4958,125145,125155,124,89,900,-1055,56,46,42,27915,-16055,-12714,928,5288
4958,125167,125177,126,92,902,-1119,56,48,37,27598,-16008,-12528,929,5289
4958,125190,125200,126,89,902,-927,57,48,37,27556,-16049,-12492,927,5290
4958,125213,125223,123,84,906,-815,56,50,40,27801,-16026,-12624,927,5291
4958,125235,125245,122,80,908,-767,53,51,44,27669,-16145,-12468,931,5292
4958,125258,125268,121,92,902,-735,52,50,35,27903,-16067,-12534,929,5293
4958,125281,125291,128,90,912,-575,56,53,41,27693,-15948,-12624,928,5294
4958,125304,125314,127,87,900,-719,53,43,35,27609,-16097,-12648,928,5295
4958,125326,125336,121,89,899,-511,56,56,36,27639,-15918,-12582,929,5296
4958,125349,125359,124,87,902,-831,56,54,36,27657,-16020,-12678,931,5297
4958,125372,125382,127,91,904,-1231,56,53,35,27735,-16008,-12630,929,5298
4958,125395,125405,124,89,909,-783,50,44,37,27801,-16026,-12666,926,5299
4958,125417,125427,124,97,906,-1055,54,51,34,27759,-15966,-12684,929,5300
4958,125445,125454,124,84,904,-847,51,56,40,27717,-15948,-12600,929,5301
4958,125467,125477,125,91,905,-847,56,45,36,27789,-16127,-12845,928,5302
4958,125490,125500,122,94,886,-815,52,50,41,28017,-15960,-12516,926,5303
4958,125513,125523,126,82,913,-847,56,56,36,27855,-16259,-12762,929,5304
4958,125535,125545,127,80,902,-815,52,43,34,27849,-15930,-12462,926,5305
4958,125558,125568,123,88,896,-831,52,52,38,27933,-16014,-12690,930,5306
4958,125581,125591,119,82,904,-911,53,51,38,27879,-16031,-12959,929,5307
4958,125604,125613,128,95,902,-975,54,53,42,27813,-16049,-12762,929,5308
4958,125626,125636,127,91,921,-607,48,49,37,27801,-16002,-12630,926,5309
4958,125649,125659,120,87,900,-1103,60,51,37,27675,-15912,-12618,927,5310
4958,125672,125682,124,88,906,-1071,58,54,36,27957,-16133,-12450,927,5311
4958,125694,125704,122,85,895,-1679,53,48,40,27783,-16301,-12899,922,5312
4958,125717,125727,128,93,905,-527,57,45,34,27819,-16043,-12660,929,5313
4958,125740,125750,122,89,910,-959,51,53,38,27915,-16026,-12720,931,5314
4958,125776,125786,128,94,904,-831,50,44,37,27753,-15996,-12462,928,5315
4958,125799,125808,122,90,900,-943,54,49,37,27729,-15780,-12444,930,5316
4958,125821,125831,118,102,908,-735,53,45,42,27861,-16181,-12851,924,5317
4958,125844,125854,115,87,895,-655,51,52,37,27903,-16031,-12636,928,5318
4958,125867,125877,118,90,908,-1375,51,51,40,27843,-16079,-13031,929,5319
4958,125890,125899,119,93,896,-1071,57,48,34,27765,-16109,-12798,930,5320
4958,125912,125922,128,88,900,-831,49,50,40,27813,-16073,-12558,929,5321
4958,125935,125945,115,89,906,-991,46,45,35,27735,-15942,-13115,928,5322
4958,125958,125968,123,90,899,-143,51,51,38,27759,-15936,-13037,929,5323
4958,125981,125990,121,90,893,-879,53,52,45,27843,-16055,-12726,925,5324
4958,126003,126013,123,82,901,-751,59,50,44,27843,-15846,-12654,928,5325
4958,126026,126036,129,94,900,-303,54,52,36,27837,-16091,-12953,928,5326
4958,126049,126059,125,91,903,-383,53,53,37,27711,-16055,-12851,926,5327
4958,126072,126081,119,89,892,-591,53,51,38,27831,-16031,-12857,923,5328
4958,126100,126110,127,82,899,-367,51,44,34,27939,-16055,-12774,928,5329
4958,126123,126132,127,93,902,-1103,58,54,37,27717,-16085,-12498,926,5330
4958,126145,126155,125,99,900,-783,51,52,35,27741,-15966,-12726,928,5331
4958,126168,126178,123,95,901,-1055,48,50,36,27747,-16026,-12546,930,5332
4958,126191,126201,124,95,898,-607,52,53,34,27837,-16145,-12492,926,5333
4958,126214,126224,125,87,899,-79,54,53,40,27963,-16139,-12600,930,5334
4958,126237,126247,115,88,902,-1023,54,45,37,27939,-15948,-12869,929,5335
4958,126260,126270,120,93,902,-559,53,54,40,27831,-16145,-12720,927,5336
4958,126290,126300,118,97,904,-815,51,50,37,27735,-15960,-12636,928,5337
4958,126313,126323,122,93,900,-911,54,51,37,27801,-15906,-13013,927,5338
4958,126336,126346,132,89,902,-943,50,49,40,27867,-15972,-12630,925,5339
4958,126359,126369,119,89,903,-1103,50,48,38,27598,-15912,-13013,927,5340
4958,126382,126392,121,93,905,-1007,54,52,42,27861,-15840,-12827,926,5341
4958,126405,126415,121,87,903,-719,54,45,40,27771,-16157,-12869,929,5342
4958,126433,126443,121,86,900,-655,59,52,42,27867,-16031,-12666,927,5343
4958,126456,126466,124,93,900,-815,56,50,37,27933,-16133,-13025,930,5344
4958,126479,126489,122,91,906,-879,53,49,41,27981,-15960,-12929,928,5345
4958,126502,126512,115,96,898,-959,54,50,41,27909,-16067,-12618,932,5346
4958,126525,126535,128,82,897,-1087,51,51,38,27795,-16187,-12774,928,5347
4958,126548,126557,121,79,906,-735,54,46,30,27897,-16002,-12666,934,5348
4958,126570,126580,121,91,904,-719,53,50,40,27741,-16020,-12456,932,5349
4958,126593,126603,128,89,905,-415,53,49,35,27915,-15996,-12367,927,5350
4958,126616,126626,120,86,902,-879,49,53,38,27987,-15894,-12552,930,5351
4958,126639,126649,113,89,893,-959,53,53,36,27963,-16008,-12313,923,5352
4958,126662,126672,126,91,909,-655,50,49,40,27867,-16121,-12546,932,5353
4958,126685,126695,120,99,897,-159,52,43,33,27909,-15906,-12217,931,5354
4958,126708,126718,115,84,902,-1359,52,48,32,28112,-15954,-12378,929,5355
4958,126731,126741,119,86,904,-959,57,49,34,27903,-15876,-12265,922,5356
4958,126759,126769,123,91,906,-1391,52,51,37,27891,-16061,-12396,929,5357
4958,126782,126792,123,91,898,-607,50,49,37,27987,-16067,-12474,928,5358
4958,126805,126814,125,91,915,-1311,54,44,33,27945,-15942,-12325,932,5359
4958,126827,126837,119,93,893,-927,57,49,37,27813,-15954,-12528,927,5360
4958,126850,126860,117,85,899,-943,51,45,35,28076,-15810,-12456,927,5361
4958,126873,126883,123,92,898,-607,61,46,37,27945,-16067,-12570,929,5362
4958,126896,126906,128,91,912,-1119,57,53,38,27897,-15954,-12408,926,5363
4958,126919,126929,132,91,907,-719,54,53,33,28005,-16079,-12510,924,5364
4958,126942,126952,123,99,906,-735,53,48,40,28112,-16211,-12678,929,5365
4958,126965,126975,123,81,906,-1023,54,52,41,28023,-16229,-12600,925,5366
4958,126988,126998,123,100,903,-687,50,48,36,28017,-16241,-12774,926,5367
4958,127011,127020,121,87,898,-1263,51,49,37,27861,-16151,-12546,926,5368
4958,127033,127043,131,91,908,-1151,54,49,36,27807,-16217,-12480,927,5369
4958,127056,127066,126,92,894,-927,53,46,36,28017,-16127,-12678,927,5370
4958,127085,127094,122,91,903,-1007,49,49,38,27993,-16091,-12438,930,5371
4958,127107,127117,131,87,904,-1119,48,52,37,27837,-16079,-12792,928,5372
4958,127130,127140,123,93,903,-943,57,49,36,27897,-16253,-12630,927,5373
4958,127153,127163,131,91,910,-559,50,46,35,27957,-16229,-12576,924,5374
4958,127176,127186,122,91,897,-1103,53,51,40,27939,-16235,-12804,924,5375
4958,127199,127209,126,97,906,-863,52,50,32,27825,-16253,-12983,930,5376
4958,127222,127232,121,94,906,-1391,57,56,40,27861,-16079,-13049,926,5377
4958,127245,127254,124,90,896,-735,53,48,37,27669,-16109,-12672,932,5378
4958,127267,127277,120,87,900,-1151,53,48,41,27795,-16133,-12295,925,5379
4958,127290,127300,121,95,897,-1039,50,56,38,27777,-16133,-12636,930,5380
4958,127313,127323,128,86,902,-1055,53,51,38,27741,-16271,-12660,929,5381
4958,127336,127346,123,92,908,-1343,51,45,30,27741,-16139,-12552,927,5382
4958,127359,127369,123,89,896,-943,53,48,37,27735,-16139,-12343,930,5383
4958,127387,127397,117,100,902,-1071,46,51,34,27921,-15978,-12660,929,5384
4958,127410,127420,116,91,893,-1375,51,51,33,27909,-16151,-12576,928,5385
4958,127433,127443,117,94,912,-607,57,49,35,27855,-15960,-12349,928,5386
4958,127456,127466,116,88,904,-1167,49,46,30,27957,-16043,-12654,924,5387
4958,127479,127489,126,87,909,-831,58,53,36,27675,-16151,-12600,929,5388
4958,127502,127511,121,89,903,-703,52,52,36,27915,-16139,-12720,924,5389
4958,127524,127534,129,91,899,-1007,61,57,34,27711,-16049,-12672,928,5390
4958,127547,127557,123,93,909,-943,56,57,42,27969,-16043,-12522,927,5391
4958,127570,127580,117,100,896,-447,51,51,34,27795,-15942,-12534,928,5392
4958,127593,127603,120,84,898,-479,56,53,37,27843,-16061,-12666,929,5393
4958,127616,127626,122,93,907,-1199,52,48,37,27879,-15990,-12157,929,5394
4958,127639,127649,124,91,906,-463,53,54,40,27657,-15774,-12247,929,5395
4958,127662,127672,122,86,893,-703,54,49,29,27813,-15882,-12498,929,5396
4958,127685,127694,123,93,905,-399,54,57,45,28070,-15960,-12450,929,5397
4958,127713,127723,125,82,898,-959,50,48,34,27741,-15972,-12378,930,5398
4958,127736,127745,126,87,900,-47,56,49,44,27741,-16020,-12450,923,5399
4958,127758,127768,125,94,908,-927,54,50,38,27969,-16031,-12396,929,5400
4958,127781,127791,119,92,897,-1071,60,49,36,27879,-16133,-12462,931,5401
4958,127804,127814,121,88,903,-1007,56,48,34,28052,-16115,-12708,925,5402
4958,127827,127837,122,91,904,-1279,58,51,34,27819,-15876,-12378,928,5403
4958,127850,127860,128,95,902,-591,54,49,35,27855,-16079,-12594,933,5404
4958,127873,127883,128,93,899,-607,57,49,42,28041,-16008,-12468,927,5405
4958,127896,127905,128,89,904,-1215,57,53,38,27855,-15900,-12630,927,5406
4958,127918,127928,121,86,906,-591,51,49,33,27939,-15960,-12552,931,5407
4958,127941,127951,115,93,900,-751,50,52,35,28005,-16073,-12600,930,5408
4958,127964,127974,121,91,899,-735,54,50,36,27861,-16002,-12708,930,5409
4958,127987,127997,122,89,907,-815,52,52,38,28011,-16109,-12630,927,5410
4958,128010,128020,124,92,900,-735,51,52,36,27831,-16103,-12732,927,5411
4958,128038,128048,124,89,911,-1103,52,51,36,27849,-16211,-12923,928,5412
4958,128061,128071,119,90,907,-735,60,52,37,27909,-16020,-12606,931,5413
4958,128084,128094,130,97,911,-927,51,41,36,27705,-16026,-12738,925,5414
4958,128107,128116,126,85,906,-975,53,50,42,28041,-16073,-12786,929,5415
4958,128129,128139,123,87,904,-975,57,45,38,27867,-16253,-12522,926,5416
4958,128152,128162,121,100,901,-751,54,51,38,27927,-16205,-12857,932,5417
4958,128175,128185,123,90,898,-591,52,46,40,27903,-15948,-12468,929,5418
4958,128198,128208,123,83,914,-271,50,50,35,27849,-16026,-12660,926,5419
4958,128221,128231,119,81,902,-671,57,52,33,27801,-16037,-12606,924,5420
4958,128244,128253,122,87,906,-1119,52,48,33,27819,-16061,-12738,927,5421
4958,128266,128276,121,94,900,-1135,54,46,36,27903,-16043,-12636,931,5422
4958,128289,128299,115,82,904,-1071,51,48,30,27849,-15966,-12618,929,5423
4958,128312,128322,120,88,901,-575,53,49,41,27771,-15918,-12672,928,5424
4958,128335,128345,124,93,898,-975,58,49,36,27855,-16211,-12648,929,5425
4958,128363,128373,119,89,902,-767,53,51,35,27855,-16241,-12630,929,5426
4958,128386,128396,121,97,897,-623,51,54,37,28035,-16253,-12822,926,5427
4958,128409,128419,125,90,904,-1295,53,50,40,27993,-16043,-12504,927,5428
4958,128432,128442,123,89,903,-927,52,60,38,27849,-16073,-12498,930,5429
4958,128476,128486,119,93,906,-575,52,54,34,27861,-15990,-12744,929,5430
4958,128499,128509,119,85,904,-511,56,46,38,27813,-16361,-12510,928,5431
4958,128522,128532,130,88,902,-1455,50,52,38,27891,-16163,-12833,928,5432
4958,128545,128555,121,97,909,-543,58,45,37,27663,-16055,-12558,929,5433
4958,128568,128578,111,86,902,-847,54,53,37,27771,-16223,-12630,929,5434
4958,128591,128601,119,89,901,-1119,51,50,35,27813,-16265,-12498,928,5435
4958,128614,128623,122,85,911,-927,54,52,37,27747,-16253,-12732,926,5436
4958,128636,128646,121,92,914,-1167,59,51,36,27771,-16211,-12738,925,5437
4958,128659,128669,119,96,907,-399,58,50,40,27915,-16020,-12851,928,5438
4958,128682,128692,126,93,900,-735,56,45,32,27855,-16157,-12911,927,5439
4958,128710,128720,126,88,901,-687,61,53,40,27831,-16133,-12588,926,5440
4958,128733,128743,129,84,901,-1103,53,49,37,27759,-16073,-12714,929,5441
4958,128756,128766,123,87,899,-623,52,51,34,28047,-16014,-12642,931,5442
4958,128779,128789,122,87,905,-879,59,48,34,27849,-16061,-14025,929,5443
4958,128802,128812,123,89,904,-991,52,52,37,27687,-16097,-12702,927,5444
4958,128825,128835,118,89,900,-959,58,51,41,27705,-16026,-12893,930,5445
4958,128848,128857,117,88,898,-1519,53,57,36,27909,-16145,-12798,930,5446
4958,128870,128880,125,91,906,-319,58,49,36,27777,-16055,-12881,923,5447
4958,128893,128903,128,86,898,-943,52,52,40,28035,-16008,-12857,928,5448
4958,128916,128926,118,92,909,-1247,54,53,38,27717,-16002,-12971,931,5449
4958,128939,128949,129,91,906,-1071,51,52,37,27783,-16091,-12857,930,5450
4958,128962,128972,121,91,904,-687,56,50,40,27831,-16049,-12594,927,5451
4958,128985,128995,109,91,909,-1199,51,49,38,27921,-15996,-12750,927,5452
4958,129008,129017,126,88,898,-1311,52,51,40,27825,-15990,-12881,931,5453
4958,129036,129046,123,85,902,-1151,53,49,34,27849,-16049,-12750,932,5454
4958,129059,129068,125,93,911,-847,52,49,35,27819,-16049,-13157,929,5455
4958,129082,129091,128,91,904,-367,50,46,40,27813,-16014,-12869,930,5456
4958,129104,129114,120,92,901,-719,48,54,33,27777,-16127,-12869,926,5457
4958,129135,129145,117,93,911,-863,50,49,30,27765,-16367,-12863,928,5458
4958,129158,129167,134,91,902,-863,46,48,35,27693,-16169,-12702,932,5459
4958,129180,129190,120,91,891,-863,52,53,37,27723,-16049,-12899,928,5460
4958,129203,129213,126,96,904,-943,58,56,37,27921,-16026,-12851,930,5461
4958,129226,129236,122,90,903,-831,51,48,35,27873,-16103,-12863,926,5462
4958,129249,129259,121,88,906,-511,51,48,40,27813,-16037,-12678,929,5463
4958,129272,129282,125,97,911,-751,50,49,37,27819,-15702,-12648,928,5464
4958,129295,129304,119,91,896,-1455,56,46,35,27843,-16020,-12624,932,5465
4958,129317,129327,126,83,911,-447,64,51,37,27849,-15966,-12378,927,5466
4958,129346,129355,130,87,904,-543,53,48,35,27909,-16385,-12361,932,5467
4958,129368,129378,119,86,902,-1295,53,48,38,27885,-16145,-12534,929,5468
4958,129391,129401,116,95,905,-975,53,48,38,27861,-16121,-12408,928,5469
4958,129414,129424,115,86,904,-639,57,50,29,28011,-16175,-12480,929,5470
4958,129437,129447,120,92,904,-511,56,51,36,27921,-16008,-12684,928,5471
4958,129460,129469,133,92,908,-751,58,48,36,27999,-16020,-12702,930,5472
4958,129482,129492,132,93,896,-687,54,51,40,27939,-16031,-12367,929,5473
4958,129505,129515,124,82,904,-1039,52,51,38,27903,-15990,-12456,929,5474
4958,129528,129538,128,93,905,-927,56,43,33,27873,-16103,-12301,930,5475
4958,129551,129561,121,84,906,-463,57,53,37,27759,-15978,-12905,928,5476
4958,129574,129584,115,90,902,-783,59,49,34,27723,-15978,-12534,930,5477
4958,129597,129606,128,82,906,-1087,57,50,42,27891,-15876,-14157,930,5478
4958,129619,129629,119,94,903,-703,56,51,36,27957,-16103,-12666,928,5479
4958,129642,129652,117,89,903,-1135,52,54,36,27975,-16265,-12600,930,5480
4958,129670,129680,130,86,900,-751,50,44,37,27969,-16127,-12792,928,5481
4958,129693,129703,120,90,896,-1295,50,48,36,27711,-16008,-12768,931,5482
4958,129716,129726,133,96,892,-1151,54,50,36,27981,-16067,-12510,928,5483
4958,129739,129749,126,91,898,-911,58,50,44,27801,-16055,-12402,930,5484
4958,129762,129771,128,76,902,-847,52,49,37,27825,-16079,-12672,927,5485
4958,129784,129794,129,93,904,-815,59,52,37,27747,-16337,-12648,927,5486
4958,129807,129817,117,89,896,-831,57,49,41,27801,-16151,-12678,931,5487
4958,129830,129840,122,97,906,-687,57,50,29,27693,-16151,-12480,927,5488
4958,129853,129863,117,84,904,-991,54,53,35,27807,-16103,-12822,926,5489
4958,129876,129886,121,84,901,-703,59,52,40,27891,-15840,-12384,926,5490
4958,129899,129909,123,93,893,-511,51,49,41,27759,-16121,-12307,934,5491
4958,129922,129931,121,85,905,-207,54,50,36,27885,-16115,-12151,932,5492
4958,129944,129954,127,88,902,-767,53,49,32,27831,-15906,-12462,929,5493
4958,129967,129977,123,93,896,-911,53,52,33,27735,-16211,-12528,921,5494
4958,129995,130005,132,94,902,-1103,60,50,38,27831,-16043,-12349,929,5495
4958,130018,130028,119,91,910,-879,57,50,40,27981,-15912,-12396,930,5496
4958,130041,130051,126,91,908,-1343,59,49,38,27825,-15990,-12373,931,5497
4958,130064,130073,120,89,904,-767,53,52,40,27909,-16145,-12402,930,5498
4958,130086,130096,122,88,904,-1087,54,49,36,27933,-15966,-12480,930,5499
4958,130109,130119,117,94,906,-719,54,46,38,28118,-16151,-12768,927,5500
4958,130132,130142,118,95,904,-847,56,44,41,27861,-16014,-12432,926,5501
4958,130155,130165,128,85,901,-1391,51,49,37,27765,-16073,-12600,925,5502
4958,130178,130188,123,96,902,-671,56,52,42,27849,-16055,-12558,927,5503
4958,130201,130210,126,90,900,-767,48,52,38,27717,-16037,-12672,928,5504
4958,130223,130233,121,89,892,-959,56,48,37,27819,-15978,-12666,929,5505
4958,130246,130256,117,84,905,-1295,54,53,34,27825,-15918,-12564,930,5506
4958,130269,130279,124,89,918,-655,51,54,36,27867,-16055,-12576,923,5507
4958,130292,130302,119,89,911,-847,52,50,48,27837,-16008,-12702,928,5508
4958,130320,130330,125,93,899,-1279,54,52,37,28076,-15888,-12869,932,5509
4958,130343,130353,124,87,906,-863,56,50,38,27837,-15918,-12600,928,5510
4958,130366,130376,126,86,904,-799,54,46,35,27927,-15996,-12564,926,5511
4958,130388,130398,117,85,902,-719,56,51,43,27777,-15942,-12540,929,5512
4958,130411,130421,121,88,902,-863,54,53,37,27873,-15846,-12450,931,5513
4958,130434,130444,123,91,899,-1183,52,46,37,27681,-15834,-12510,923,5514
4958,130457,130467,124,88,908,-687,57,46,36,27873,-15966,-12367,928,5515
4958,130480,130490,126,91,902,-863,53,51,37,27999,-15798,-12396,926,5516
4958,130503,130512,124,95,903,-927,53,51,40,27807,-15990,-12582,929,5517
4958,130525,130535,122,87,903,-1199,58,51,35,27789,-16079,-12468,928,5518
4958,130548,130558,123,88,900,-959,53,52,38,27945,-16283,-12444,930,5519
4958,130571,130581,123,80,897,-1007,61,52,41,27819,-15966,-12636,929,5520
4958,130594,130604,125,89,903,-1103,53,52,38,27807,-16217,-12510,927,5521
4958,130617,130627,127,90,904,-719,56,44,35,27753,-16079,-12576,927,5522
4958,130645,130655,121,97,904,-575,57,46,40,27927,-15912,-12462,926,5523
4958,130667,130677,126,98,905,-1119,50,50,35,27801,-16127,-12774,928,5524
4958,130701,130710,119,87,898,-911,51,53,38,27993,-15852,-12654,930,5525
4958,130723,130733,121,91,904,-927,56,50,32,27873,-15966,-12570,929,5526
4958,130746,130756,123,90,903,-511,53,50,38,27879,-16061,-12576,930,5527
4958,130769,130779,129,85,900,-879,48,48,36,27855,-15930,-12552,928,5528
4958,130792,130802,126,85,896,-463,52,45,29,27849,-16026,-12762,928,5529
4958,130815,130824,123,87,905,-639,51,53,35,27903,-15882,-12696,929,5530
4958,130837,130847,127,90,909,-1199,57,46,38,28035,-15978,-12402,925,5531
4958,130860,130870,123,86,894,-1295,56,52,32,27885,-15852,-12468,927,5532
4958,130883,130893,134,96,898,-639,54,45,35,27855,-16085,-12684,926,5533
4958,130906,130916,119,88,909,-655,56,45,37,28172,-16043,-12744,927,5534
4958,130929,130938,117,90,904,-671,51,54,36,27939,-16031,-12564,926,5535
4958,130951,130961,127,89,900,-1167,56,56,38,27843,-15894,-12642,929,5536
4958,130980,130989,123,91,898,-575,56,50,38,27903,-16055,-12845,931,5537
4958,131002,131012,119,91,908,-1087,54,49,40,27897,-16073,-12486,928,5538
4958,131025,131035,126,92,901,-335,54,49,34,27903,-16037,-12660,926,5539
4958,131048,131058,119,91,900,-639,56,51,35,27957,-16067,-12672,927,5540
4958,131071,131081,119,91,898,-527,52,49,36,27813,-15984,-12654,930,5541
4958,131094,131103,121,88,903,-335,50,53,40,27801,-15834,-12486,930,5542
4958,131116,131126,127,84,903,-447,57,45,29,26316,-15882,-12738,926,5543
4958,131139,131149,120,92,900,-991,60,53,35,27735,-16002,-12420,927,5544
4958,131162,131172,126,87,910,-1247,54,50,38,27592,-15804,-12486,928,5545
4958,131185,131195,127,89,901,-623,56,51,43,27885,-16073,-12510,932,5546
4958,131208,131218,123,86,908,-1327,51,50,37,27735,-16121,-12492,929,5547
4958,131231,131240,124,87,901,-543,46,50,37,27813,-15954,-12528,928,5548
4958,131253,131263,122,90,898,-943,53,52,38,27951,-16014,-12313,927,5549
4958,131282,131291,119,80,899,-895,51,49,42,27873,-16109,-12552,931,5550
4958,131304,131314,124,89,903,-1327,60,51,41,27753,-15996,-12498,928,5551
4958,131327,131337,124,93,903,-607,52,48,34,27801,-15990,-12271,928,5552
4958,131350,131360,121,88,900,-607,58,43,38,27699,-15966,-12378,927,5553
4958,131373,131383,118,90,909,-511,58,50,42,27633,-15948,-12552,926,5554
4958,131396,131406,134,93,909,-1039,52,54,34,27843,-15852,-12822,930,5555
4958,131419,131428,119,92,903,-1119,54,48,36,27765,-15990,-12827,930,5556
4958,131441,131451,119,90,906,-527,53,53,38,27879,-16020,-12744,927,5557
4958,131464,131474,127,93,904,-815,57,50,38,27801,-15852,-12768,924,5558
4958,131487,131497,121,86,907,-783,53,50,35,28029,-15816,-12666,928,5559
4958,131510,131520,112,89,899,-1023,53,53,36,27891,-16002,-12420,928,5560
4958,131533,131543,124,87,900,-687,57,46,37,27909,-16115,-12552,927,5561
4958,131556,131566,127,91,907,-1023,57,51,41,27981,-16043,-12516,928,5562
4958,131579,131588,130,87,904,-1119,56,44,42,27747,-16247,-12588,931,5563
4958,131607,131617,123,91,898,-831,53,49,35,27819,-16061,-12582,929,5564
4958,131629,131639,122,90,906,-1199,52,53,44,27723,-16139,-12642,929,5565
4958,131652,131662,124,92,898,-671,51,48,37,27999,-16002,-12720,929,5566
4958,131675,131685,126,89,902,-1263,62,48,38,27705,-16103,-12564,928,5567
4958,131698,131708,117,91,897,-1055,54,50,38,27598,-16031,-12654,925,5568
4958,131721,131731,123,94,908,-127,53,53,41,27735,-15996,-12504,930,5569
4958,131744,131753,126,91,893,-895,50,52,43,27975,-15954,-12265,929,5570
4958,131766,131776,122,93,904,-1151,57,50,43,27771,-16037,-12732,929,5571
4958,131789,131799,122,90,891,-655,51,49,36,27789,-15876,-12881,927,5572
4958,131812,131822,114,95,908,-1039,57,46,34,27813,-15708,-12768,929,5573
4958,131835,131845,120,84,907,-719,52,46,37,27657,-15924,-12720,928,5574
4958,131858,131868,121,87,904,-591,54,54,34,27771,-16055,-12504,931,5575
4958,131880,131890,128,85,896,-623,53,52,36,27711,-15966,-12606,927,5576
4958,131903,131913,123,90,909,-447,51,56,33,27514,-16037,-12498,928,5577
4958,131931,131941,123,93,901,-559,56,51,43,27831,-16031,-12408,928,5578
4958,131962,131971,129,87,901,-287,52,45,40,27867,-15858,-12582,926,5579
4958,131984,131994,119,87,901,-671,52,50,36,27747,-15984,-12546,922,5580
4958,132007,132017,130,91,900,-1423,53,48,35,27789,-15972,-12642,929,5581
4958,132030,132040,126,92,906,-687,58,53,32,27729,-16103,-12355,929,5582
4958,132053,132063,117,91,903,-1087,57,54,40,27711,-16067,-12462,929,5583
4958,132076,132086,128,85,906,-1279,51,53,38,27627,-16181,-12259,928,5584
4958,132099,132108,123,88,906,-575,62,50,36,27669,-15936,-12331,928,5585
4958,132121,132131,123,95,904,-975,54,51,35,27759,-16031,-12480,930,5586
4958,132144,132154,128,90,893,-927,54,49,33,27723,-15954,-12396,930,5587
4958,132167,132177,113,90,889,-1343,54,48,27,27759,-15822,-12516,926,5588
4958,132190,132200,119,91,900,-799,52,51,38,27741,-16109,-12486,928,5589
4958,132213,132222,126,89,911,-1039,52,45,32,27825,-16079,-12474,929,5590
4958,132235,132245,126,91,893,-655,49,49,37,27621,-16031,-12546,925,5591
4958,132264,132273,127,85,905,-719,50,45,30,27526,-16061,-12235,927,5592
4958,132286,132296,120,90,904,-815,50,48,34,27687,-16031,-12414,929,5593
4958,132309,132319,122,90,902,-639,51,42,35,27729,-16031,-12319,929,5594
4958,132332,132342,130,91,906,-511,57,52,42,27753,-15960,-12630,927,5595
4958,132355,132365,123,84,904,-1039,57,51,43,27651,-15972,-12648,927,5596
4958,132378,132387,128,91,909,-943,58,45,32,27615,-15942,-12756,929,5597
4958,132400,132410,121,85,889,-847,54,52,40,27771,-15864,-12738,930,5598
4958,132423,132433,123,87,895,-1183,52,50,35,27849,-16037,-12367,931,5599
4958,132446,132456,123,93,896,-783,52,49,34,27711,-16037,-12367,932,5600
4958,132469,132479,125,85,909,-1007,51,51,32,27891,-15846,-12504,931,5601
4958,132492,132501,126,88,902,-991,53,46,43,27885,-15984,-12552,931,5602
4958,132514,132524,124,93,897,-767,46,52,32,27813,-16091,-12456,931,5603
4958,132537,132547,130,82,905,-943,50,48,36,27699,-15948,-12594,929,5604
4958,132560,132570,122,91,899,-671,51,49,37,27639,-16085,-12390,926,5605
4958,132588,132598,122,87,903,-1007,52,56,38,27621,-16115,-12061,930,5606
4958,132611,132621,127,96,908,-831,53,44,35,27813,-16043,-12540,930,5607
4958,132634,132643,132,92,905,-943,53,49,34,27843,-15990,-12408,928,5608
4958,132656,132666,121,91,898,-1167,52,48,33,27813,-15924,-12624,931,5609
4958,132679,132689,126,83,902,-911,53,46,34,27633,-16026,-12618,928,5610
4958,132702,132712,117,91,899,-1167,58,44,40,27771,-16169,-12540,930,5611
4958,132725,132735,121,93,904,-847,53,50,36,27771,-15972,-12672,923,5612
4958,132748,132757,123,83,906,-559,56,50,30,27783,-15870,-12774,926,5613
4958,132770,132780,120,87,893,-911,53,48,33,27939,-15882,-12714,930,5614
4958,132793,132803,126,97,891,-911,54,45,33,27633,-15948,-12474,927,5615
4958,132816,132826,117,102,898,-1087,52,51,36,27927,-16037,-12570,923,5616
4958,132839,132849,133,87,911,-911,49,50,32,27879,-16079,-12558,925,5617
4958,132862,132872,118,89,904,-687,50,46,34,27783,-15858,-12528,930,5618
4958,132885,132894,132,77,904,-863,59,51,41,27813,-16008,-12474,931,5619
4958,132913,132923,130,84,911,-847,52,51,38,27873,-16002,-12708,929,5620
4958,132935,132945,115,90,909,-799,48,50,33,27663,-16145,-12756,930,5621
4958,132958,132968,126,88,910,-1087,59,52,36,27699,-16229,-12720,928,5622
4958,132981,132991,130,93,895,-959,56,53,35,27897,-16079,-12325,928,5623
4958,133004,133014,116,91,904,-511,56,49,36,27729,-16187,-12684,925,5624
4958,133027,133036,127,89,898,-1263,56,50,36,27735,-16205,-12786,928,5625
4958,133049,133059,123,91,896,-783,53,54,48,27693,-16055,-12780,924,5626
4958,133072,133082,123,88,898,-1071,51,52,33,27951,-16079,-12935,929,5627
4958,133095,133105,129,91,900,-1151,52,46,35,27795,-16097,-12786,925,5628
4958,133118,133128,121,87,904,-463,56,49,38,27795,-16091,-12606,927,5629
4958,133140,133150,128,92,904,-1103,53,46,38,27801,-15966,-12612,929,5630
4958,133163,133173,126,83,900,-751,54,52,42,27759,-16043,-12750,927,5631
4958,133186,133196,121,89,909,-1023,62,50,37,27975,-16169,-12546,928,5632
4958,133209,133219,123,84,898,-255,56,45,34,26316,-15948,-12738,930,5633
4958,133230,133240,115,87,903,-1007,52,53,32,27891,-16115,-12564,928,5634
4958,133253,133263,132,88,901,-751,56,51,40,27723,-16271,-12648,922,5635
4958,133276,133286,123,92,898,-847,58,49,30,27717,-15864,-12804,932,5636
4958,133299,133308,122,94,911,-1215,51,48,40,27669,-15996,-12552,930,5637
4958,133321,133331,122,89,910,-1199,56,45,40,27969,-16223,-12594,930,5638
4958,133344,133354,115,90,907,-735,57,52,37,27687,-16002,-12869,926,5639
4958,133367,133377,117,87,898,-783,56,49,38,27472,-16026,-12869,928,5640
4958,133390,133400,126,87,900,-559,61,48,42,27843,-16127,-12881,927,5641
4958,133412,133422,117,88,907,-1167,52,51,42,27741,-15990,-12774,929,5642
4958,133435,133445,123,87,898,-751,54,51,40,27855,-16008,-12516,931,5643
4958,133458,133468,125,83,898,-1167,57,50,34,27747,-16085,-12618,930,5644
4958,133481,133491,127,86,901,-1055,50,49,33,27663,-15912,-12774,927,5645
4958,133504,133513,131,90,906,-1231,59,51,37,27747,-15978,-12762,925,5646
4958,133532,133541,122,92,900,-1279,53,56,46,27771,-15942,-12361,926,5647
4958,133554,133564,120,99,900,-655,52,46,43,27645,-16002,-12564,931,5648
4958,133599,133609,123,85,898,-1007,54,52,34,27909,-16008,-12462,933,5649
4958,133622,133631,126,95,899,-1343,54,49,36,27903,-16026,-12774,930,5650
4958,133644,133654,128,91,904,-735,54,53,41,27855,-16085,-12696,926,5651
4958,133667,133677,120,87,901,-1119,59,45,34,27747,-16145,-12762,924,5652
4958,133690,133700,123,89,899,-943,53,43,35,27843,-16151,-12426,928,5653
4958,133713,133723,126,89,909,-847,54,51,37,27771,-16115,-12516,926,5654
4958,133736,133745,120,90,901,-767,52,52,40,27741,-16283,-12522,928,5655
4958,133758,133768,123,89,900,-1311,58,50,35,27909,-16139,-12552,933,5656
4958,133781,133791,123,91,902,-959,56,49,38,27621,-16073,-12396,933,5657
4958,133804,133814,124,90,900,-751,54,48,35,27556,-15942,-12378,934,5658
4958,133827,133837,126,84,904,-1055,52,49,33,27777,-16127,-12349,929,5659
4958,133850,133859,129,93,901,-943,53,48,38,27867,-15990,-12378,929,5660
4958,133878,133888,127,82,915,-943,52,53,37,27687,-16115,-12390,931,5661
4958,133900,133910,131,92,900,-783,59,52,36,27699,-16133,-12600,929,5662
4958,133923,133933,119,87,893,-1119,51,45,38,27615,-16235,-12534,923,5663
4958,133946,133956,116,96,900,-511,56,52,41,27735,-16397,-12438,929,5664
4958,133969,133979,120,78,895,-607,54,49,36,27717,-15960,-12612,933,5665
4958,133992,134001,124,97,899,-1151,52,48,44,27879,-16043,-12384,930,5666
4958,134014,134024,123,90,902,-495,60,57,43,27963,-15930,-12582,926,5667
4958,134037,134047,132,90,905,-847,54,53,35,27855,-16205,-12367,931,5668
4958,134060,134070,126,80,910,-1279,56,53,41,27735,-16020,-12696,930,5669
4958,134083,134093,120,82,902,-703,53,52,35,27927,-15996,-12540,930,5670
4958,134105,134115,124,87,906,-735,54,50,40,27945,-15924,-12630,931,5671
4958,134128,134138,124,88,903,-479,49,50,41,27807,-15954,-12486,929,5672
4958,134151,134161,123,93,900,-495,50,52,37,27915,-16211,-12486,934,5673
4958,134174,134184,123,84,908,-1039,56,51,35,27723,-16049,-12654,931,5674
4958,134202,134212,113,96,903,-1311,53,53,38,27837,-15948,-12247,930,5675
4958,134225,134235,125,90,900,-895,54,49,36,27807,-16139,-12642,930,5676
4958,134247,134257,122,90,906,-1231,56,44,36,27795,-16259,-12373,930,5677
4958,134270,134280,121,79,900,-1087,56,50,38,27765,-16043,-12720,925,5678
4958,134293,134303,121,93,907,-847,50,53,32,27669,-16151,-12624,928,5679
4958,134316,134326,123,90,898,-799,51,44,40,27807,-16026,-12684,930,5680
4958,134339,134348,119,82,900,-639,57,46,35,27777,-15984,-12552,926,5681
4958,134361,134371,123,87,899,-911,59,48,34,27771,-15972,-12295,930,5682
4958,134384,134394,120,95,902,-367,57,46,29,27765,-15882,-12402,930,5683
4958,134407,134417,123,90,901,-399,58,44,40,27843,-16109,-12462,931,5684
4958,134430,134440,120,81,908,-879,57,46,35,27771,-16037,-12606,931,5685
4958,134453,134463,115,93,903,-1167,51,49,38,27771,-16115,-12726,927,5686
4958,134475,134485,118,88,900,-703,49,50,35,27687,-16235,-12630,928,5687
4958,134498,134508,116,88,898,-703,57,53,40,27771,-16121,-12600,927,5688
4958,134526,134536,119,87,904,-479,50,49,32,27765,-16139,-12708,929,5689
4958,134549,134559,127,96,896,-767,54,44,40,27705,-15894,-12384,929,5690
4958,134572,134582,128,84,898,-863,56,50,33,27741,-15972,-12456,927,5691
4958,134595,134604,123,87,898,-719,60,51,41,27843,-16037,-12498,932,5692
4958,134617,134627,112,95,897,-479,53,46,34,27669,-16229,-12576,926,5693
4958,134640,134650,124,86,906,-303,53,51,35,27759,-15960,-12217,930,5694
4958,134663,134673,120,91,900,-927,50,50,36,27609,-16091,-12468,931,5695
4958,134686,134696,129,97,904,-1039,54,51,38,27604,-16181,-12510,931,5696
4958,134709,134719,118,94,906,-1183,52,45,34,27783,-16145,-12343,931,5697
4958,134732,134741,117,91,893,-1039,50,50,35,27741,-15978,-12277,930,5698
4958,134754,134764,130,82,896,-1199,54,50,37,27783,-16127,-12373,928,5699
4958,134777,134787,123,91,902,-927,60,52,32,27598,-16097,-12390,930,5700
4958,134807,134817,119,97,895,-1615,56,49,42,27801,-16091,-12420,928,5701
4958,134830,134840,125,95,902,-735,54,50,36,27759,-16002,-12588,925,5702
4958,134858,134868,121,85,904,-1455,56,49,36,27801,-15858,-12492,930,5703
4958,134881,134891,130,90,904,-1263,56,49,42,27933,-15888,-12726,928,5704
4958,134904,134914,130,89,904,-1135,50,43,34,27993,-15906,-12343,927,5705
4958,134926,134936,119,89,913,-1183,57,51,40,27819,-15996,-12636,928,5706
4958,134949,134959,128,91,904,-543,52,50,40,27789,-16031,-12696,926,5707
4958,134972,134982,121,91,907,-1119,51,50,36,27627,-16229,-12552,929,5708
4958,134995,135004,123,92,899,-975,50,44,33,27855,-16091,-12750,929,5709
4958,135017,135027,130,91,909,-1087,56,50,34,27825,-16026,-12684,930,5710
4958,135040,135050,123,87,908,-1199,53,49,40,27711,-16031,-12618,928,5711
4958,135063,135073,132,93,909,-1039,52,44,41,27801,-16133,-12468,928,5712
4958,135086,135096,120,89,899,-863,53,50,38,27927,-16061,-12390,929,5713
4958,135109,135118,124,91,908,-863,58,48,36,27819,-16103,-12432,928,5714
4958,135131,135141,127,91,893,-703,56,46,34,27825,-16319,-12325,928,5715
4958,135154,135164,122,95,896,-543,46,52,34,27717,-16391,-12570,936,5716
4958,135182,135192,137,87,904,-1231,53,53,34,27741,-16115,-12426,924,5717
4958,135205,135215,127,92,902,-1183,53,53,38,27592,-16199,-12510,928,5718
4958,135228,135238,117,87,894,-1039,51,56,37,27825,-16121,-12654,930,5719
4958,135250,135260,122,84,901,-575,54,53,41,27795,-15942,-12648,931,5720
4958,135273,135283,123,92,900,-1135,56,50,37,27663,-16211,-12337,927,5721
4958,135296,135306,128,92,902,-911,54,49,32,27813,-16121,-12361,928,5722
4958,135319,135328,118,89,906,-927,56,52,35,27993,-16026,-12474,927,5723
4958,135341,135351,126,81,909,-943,56,52,36,27885,-15828,-12642,929,5724
4958,135364,135374,123,88,900,-815,56,48,40,27693,-15966,-12510,930,5725
4958,135387,135397,121,94,900,-975,53,50,40,27945,-15990,-12498,931,5726
4958,135410,135419,120,91,900,-1055,56,51,40,27945,-15906,-12594,931,5727
4958,135432,135442,125,98,898,-943,54,52,40,27759,-15984,-12319,928,5728
4958,135455,135465,121,92,902,-1119,50,50,38,27843,-15960,-12522,927,5729
4958,135483,135493,122,86,904,-799,51,50,36,27939,-15996,-12390,932,5730
4958,135506,135516,117,87,903,-767,54,48,40,27759,-15948,-12241,933,5731
4958,135528,135538,117,93,902,-463,54,46,36,27987,-16049,-12349,929,5732
4958,135551,135561,120,87,911,-1199,56,53,44,27813,-16020,-12522,930,5733
4958,135574,135584,117,88,906,-1167,59,49,37,27945,-16043,-12408,930,5734
4958,135597,135607,123,82,904,-943,49,46,43,27813,-16055,-12642,927,5735
4958,135620,135629,119,89,904,-1023,50,52,42,27789,-16008,-12474,931,5736
4958,135642,135652,121,95,897,-1215,56,49,41,27957,-15930,-12420,929,5737
4958,135665,135675,126,84,906,-1007,53,45,42,27711,-15996,-12432,929,5738
4958,135688,135697,128,84,912,-719,56,53,40,27957,-16145,-12253,930,5739
4958,135710,135720,118,82,899,-927,60,50,37,27879,-15900,-12373,929,5740
4958,135733,135743,123,91,904,-943,54,53,33,27753,-16091,-12373,929,5741
4958,135756,135766,122,95,905,-751,49,50,33,27795,-16008,-12702,928,5742
4958,135779,135788,119,93,903,-575,57,50,33,27657,-16055,-12343,926,5743
4958,135806,135816,122,86,896,-335,53,54,29,27861,-15954,-12367,930,5744
4958,135828,135838,120,87,904,-879,53,50,28,27627,-16043,-12307,928,5745
4958,135851,135861,129,93,907,-1135,57,50,35,27747,-15936,-12307,932,5746
4958,135874,135884,130,85,908,-831,57,53,40,27753,-16002,-12552,928,5747
4958,135897,135907,120,89,893,-959,53,52,32,27753,-16085,-12570,930,5748
4958,135920,135929,125,91,898,-1407,58,50,37,27765,-15876,-12169,934,5749
4958,135942,135952,124,91,902,-911,54,51,37,27969,-16049,-12319,933,5750
4958,135965,135975,124,92,908,-783,53,51,41,28011,-16115,-12283,925,5751
4958,135988,135998,120,82,902,-719,52,49,38,27891,-16002,-12510,929,5752
4958,136011,136020,115,95,900,-847,51,52,36,27939,-16008,-12367,925,5753
4958,136033,136043,121,87,902,-1023,52,49,38,27855,-15882,-12600,929,5754
4958,136056,136066,121,91,900,-735,61,49,36,27747,-15864,-12690,928,5755
4958,136079,136089,123,82,896,-975,51,46,37,27915,-15960,-12917,928,5756
4958,136101,136111,124,93,901,-735,52,48,30,27705,-16151,-12708,930,5757
4958,136128,136137,126,92,909,-719,53,48,41,27831,-16031,-12504,928,5758
4958,136150,136160,113,88,902,-831,54,54,38,27981,-16151,-12504,929,5759
4958,136173,136183,120,94,898,-799,53,50,33,27909,-16109,-12702,927,5760
4958,136196,136206,128,90,900,-495,52,48,33,28052,-16037,-12893,927,5761
4958,136219,136228,119,87,897,-1055,52,54,35,27939,-16026,-12648,925,5762
4958,136252,136261,121,89,902,-671,53,48,41,28011,-15996,-12678,935,5763
4958,136274,136284,123,87,904,-895,57,44,37,28005,-16133,-12594,928,5764
4958,136297,136307,121,95,892,-703,56,57,37,27921,-16307,-12606,929,5765
4958,136320,136330,126,87,893,-559,54,45,41,27999,-16067,-12474,929,5766
4958,136342,136352,120,88,901,-1263,57,51,38,28064,-15984,-12786,924,5767
4958,136365,136375,124,87,900,-1135,53,51,38,27951,-16169,-12768,923,5768
4958,136388,136398,121,88,903,-863,54,53,35,28124,-16211,-13043,928,5769
4958,136411,136421,121,87,900,-719,53,49,37,27921,-16067,-12600,929,5770
4958,136433,136443,118,84,904,-735,56,52,40,27957,-15972,-12720,928,5771
4958,136462,136471,121,95,906,-1183,58,51,41,27807,-16109,-13067,931,5772
4958,136484,136494,121,89,906,-767,52,45,37,27903,-16181,-12534,930,5773
4958,136507,136517,132,83,906,-687,54,52,40,27759,-16301,-12462,929,5774
4958,136530,136540,124,91,907,-399,56,52,42,27735,-16235,-12672,927,5775
4958,136553,136563,123,98,896,-975,56,54,38,27729,-16205,-12588,930,5776
4958,136576,136586,123,91,898,-719,53,50,36,27783,-16175,-12552,929,5777
4958,136599,136609,120,93,899,-991,57,56,40,27945,-16121,-12576,929,5778
4958,136622,136632,120,91,909,-367,50,51,40,27861,-16103,-12702,929,5779
4958,136645,136655,119,93,902,-1039,50,50,34,27915,-16073,-12606,929,5780
4958,136668,136677,122,96,894,-1135,56,48,41,27879,-16091,-12582,927,5781
4958,136691,136700,125,87,906,-607,53,52,41,27915,-16139,-12648,928,5782
4958,136713,136723,114,87,896,-1039,56,50,38,27945,-16169,-12774,933,5783
4958,136736,136746,124,88,895,-1087,52,49,36,27783,-16211,-12492,926,5784
4958,136759,136769,121,87,904,-1343,57,48,38,27933,-16097,-12462,928,5785
4958,136788,136797,123,86,909,-895,56,50,44,27867,-16175,-12480,925,5786
4958,136810,136820,125,86,896,-383,56,46,35,27867,-16127,-12384,932,5787
4958,136833,136843,118,85,900,-575,57,46,41,28029,-16067,-12678,929,5788
4958,136856,136866,125,93,908,-1151,53,46,35,27921,-16115,-12576,932,5789
4958,136879,136889,126,79,909,-1119,58,56,41,27933,-16103,-12600,931,5790
4958,136902,136912,120,95,908,-1135,56,46,34,27813,-16079,-12444,930,5791
4958,136925,136935,114,94,910,-815,54,53,37,27909,-16008,-12756,932,5792
4958,136948,136957,121,90,898,-847,53,53,34,27897,-16157,-12223,930,5793
4958,136971,136980,118,92,913,-991,50,50,37,27849,-16079,-12337,927,5794
4958,136993,137003,130,95,902,-767,56,49,40,27789,-16020,-12367,933,5795
4958,137016,137026,120,90,906,-639,54,46,32,27903,-15966,-12468,926,5796
4958,137039,137049,119,87,896,-975,58,56,43,27945,-16026,-12588,936,5797
4958,137062,137072,127,93,895,-383,56,48,38,27873,-16193,-12540,932,5798
4958,137085,137095,121,91,896,-1311,56,56,36,27633,-16127,-12486,928,5799
4958,137113,137123,120,88,888,-815,53,53,42,27879,-16151,-12546,931,5800
4958,137136,137146,123,90,898,-639,53,52,33,27843,-16139,-12552,930,5801
4958,137159,137169,125,87,903,-847,54,51,42,27897,-16031,-12522,928,5802
4958,137182,137192,115,81,896,-1167,54,52,32,27741,-16205,-12486,929,5803
4958,137205,137215,118,87,905,-751,57,53,40,27687,-16008,-12426,928,5804
4958,137228,137237,119,89,902,-735,54,48,33,27771,-16043,-12355,935,5805
4958,137251,137260,123,89,892,-1119,56,53,38,27705,-16253,-12396,926,5806
4958,137273,137283,121,90,894,-751,54,50,40,27855,-16169,-12414,934,5807
4958,137296,137306,117,91,906,-1215,51,52,41,27657,-16199,-12588,934,5808
4958,137319,137329,121,91,902,-591,53,53,40,27849,-16002,-12804,931,5809
4958,137342,137352,124,84,906,-1023,51,50,34,27568,-16151,-12504,924,5810
4958,137365,137375,130,87,909,-767,53,51,37,27825,-16002,-12582,929,5811
4958,137388,137398,124,91,906,-1103,54,46,38,27598,-16175,-12672,927,5812
4958,137416,137426,121,92,904,-703,56,52,42,27735,-15978,-12444,932,5813
4958,137439,137449,118,85,906,-879,60,44,36,27711,-16181,-12187,929,5814
4958,137462,137472,121,88,911,-1343,52,53,37,27741,-16055,-12217,921,5815
4958,137485,137495,126,91,904,-911,51,48,35,27873,-16067,-12606,929,5816
4958,137508,137518,125,79,901,-767,51,56,40,27879,-16008,-12636,932,5817
4958,137531,137541,127,90,897,-415,52,48,42,27909,-16014,-12486,925,5818
4958,137554,137563,128,90,906,-767,53,51,35,27837,-16049,-12492,927,5819
4958,137576,137586,129,88,907,-815,52,45,37,27897,-16139,-12480,931,5820
4958,137599,137609,122,93,904,-1215,52,51,40,27855,-16127,-12540,928,5821
4958,137622,137632,119,83,903,-1359,49,52,34,27897,-16187,-12426,929,5822
4958,137686,137696,124,87,902,-1007,56,48,35,27729,-16241,-12474,925,5823
4958,137742,137751,113,86,906,-1055,52,52,40,27825,-16127,-12402,929,5824
4958,137804,137814,125,89,915,-719,52,51,33,27771,-15918,-12600,929,5825
4958,137827,137837,123,93,898,-991,51,52,38,27921,-16127,-12331,928,5826
4958,137855,137865,123,95,904,-831,50,46,34,27789,-16229,-12396,921,5827
4958,137878,137888,123,90,907,-1087,51,52,35,27855,-15990,-12396,927,5828
4958,137901,137910,121,90,897,-607,51,46,34,28023,-16091,-12606,929,5829
4958,137923,137933,114,85,898,-831,53,50,41,28005,-16055,-12564,927,5830
4958,137946,137956,127,89,902,-959,53,51,35,27795,-16139,-12384,930,5831
4958,137969,137979,128,95,904,-1599,57,49,33,27957,-16151,-12666,929,5832
4958,137992,138002,119,93,904,-959,57,46,37,27885,-16115,-12738,930,5833
4958,138015,138024,122,92,904,-783,56,53,40,27909,-15882,-12414,934,5834
4958,138037,138047,117,92,906,-847,54,52,37,27915,-16067,-12444,935,5835
4958,138060,138070,117,94,901,-1023,53,52,40,27813,-16067,-12480,928,5836
4958,138083,138093,123,92,898,-959,56,51,41,27909,-16055,-12444,931,5837
4958,138106,138116,123,89,900,-1071,51,51,37,27963,-15936,-12307,930,5838
4958,138129,138139,122,86,895,-639,56,50,38,27843,-15936,-12582,930,5839
4958,138152,138161,123,90,906,-703,56,52,36,27891,-16002,-12462,932,5840
4958,138180,138190,123,83,905,-1215,52,50,37,27915,-16169,-12630,927,5841
4958,138203,138212,123,97,896,-1151,58,49,34,27849,-16085,-12606,928,5842
4958,138225,138235,128,87,904,-1087,56,51,34,28058,-16020,-12492,924,5843
4958,138248,138258,116,82,899,-575,52,49,40,27909,-16139,-12522,927,5844
4958,138271,138281,119,88,898,-831,52,51,35,27867,-15858,-12606,926,5845
4958,138294,138304,125,93,902,-1647,56,50,42,27891,-16014,-12600,930,5846
4958,138317,138326,128,84,905,-511,50,54,40,27789,-16031,-12498,929,5847
4958,138339,138349,119,100,904,-879,58,51,37,27807,-16301,-12486,927,5848
4958,138362,138372,123,91,904,-639,57,51,38,27651,-16002,-12408,928,5849
4958,138385,138395,128,93,906,-687,58,45,38,27831,-16139,-12373,928,5850
4958,138408,138418,123,95,901,-847,52,48,37,27604,-16043,-12636,925,5851
4958,138431,138441,131,91,898,-1199,53,46,30,27765,-16157,-12343,930,5852
4958,138454,138463,113,87,902,-1183,59,50,38,27753,-15966,-12570,926,5853
4958,138476,138486,122,92,892,-671,62,50,44,27771,-16097,-12792,927,5854
4958,138504,138514,119,83,900,-1215,59,52,36,27699,-15954,-12486,930,5855
4958,138527,138537,128,87,901,-1231,56,56,38,27789,-15966,-12642,927,5856
4958,138550,138560,130,87,896,-767,53,51,34,27879,-16061,-12570,934,5857
4958,138573,138583,123,85,909,-991,52,42,35,27783,-16091,-12498,933,5858
4958,138596,138605,131,87,904,-335,53,53,37,27927,-16127,-12343,930,5859
4958,138618,138628,121,91,902,-1231,56,52,42,27819,-15990,-12510,930,5860
4958,138641,138651,123,79,897,-543,56,50,37,27873,-16073,-12582,929,5861
4958,138664,138674,117,95,902,-1327,52,54,34,27771,-16163,-12534,929,5862
4958,138687,138697,115,87,898,-751,57,52,42,27981,-16103,-12540,931,5863
4958,138710,138720,124,93,899,-719,54,49,37,27873,-16067,-12672,928,5864
4958,138733,138742,117,95,904,-783,56,46,36,27849,-16109,-12528,932,5865
4958,138755,138765,124,89,900,-671,53,52,38,27891,-15894,-12492,931,5866
4958,138778,138788,115,89,900,-719,59,48,38,27807,-15936,-12103,927,5867
4958,138822,138832,114,84,895,-1039,50,44,37,27951,-16002,-12516,930,5868
4958,138850,138860,125,89,903,-1231,54,50,38,27741,-15942,-12510,929,5869
4958,138873,138883,121,95,898,-1087,62,49,43,27831,-16163,-12624,934,5870
4958,138896,138906,128,97,906,-415,49,46,38,27807,-15924,-12528,933,5871
4958,138919,138929,123,88,900,-463,54,46,32,27717,-15840,-12426,929,5872
4958,138942,138952,125,95,908,-1087,56,48,42,27669,-16109,-12732,932,5873
4958,138964,138974,108,93,905,-991,52,45,37,27675,-15996,-12827,928,5874
4958,138988,138997,120,95,898,-1167,54,51,42,27771,-15990,-12564,930,5875
4958,139010,139020,115,86,901,-975,59,51,37,27891,-15912,-12678,929,5876
4958,139033,139043,124,82,902,-319,52,52,36,27831,-15888,-12642,929,5877
4958,139056,139066,130,91,898,-671,52,50,35,27927,-15984,-12636,931,5878
4958,139079,139089,119,81,897,-1119,54,50,34,27831,-15990,-12666,930,5879
4958,139102,139112,128,92,902,-511,53,56,35,27825,-16002,-12510,924,5880
4958,139125,139135,119,90,905,-575,53,46,34,27795,-15990,-12804,933,5881
4958,139148,139157,127,80,904,-799,50,46,35,27795,-15948,-12552,932,5882
4958,139176,139186,113,91,904,-911,48,57,34,27837,-16061,-12666,928,5883
4958,139199,139208,121,95,904,-847,49,49,33,27777,-16127,-12570,933,5884
4958,139221,139231,132,87,904,-527,56,48,35,27861,-16187,-12486,931,5885
4958,139244,139254,121,92,900,-847,56,50,34,27903,-16049,-12253,929,5886
4958,139267,139277,119,89,897,-975,54,49,40,27903,-16187,-12702,930,5887
4958,139290,139300,117,89,896,-1199,57,51,30,27915,-16031,-12390,926,5888
4958,139313,139323,116,97,900,-735,52,45,33,28005,-15972,-12558,929,5889
4958,139336,139346,129,93,913,-1151,58,50,40,27753,-16175,-12642,937,5890
4958,139358,139368,126,91,903,-623,56,56,40,27783,-15984,-12792,929,5891
4958,139381,139391,116,84,906,-1007,57,52,40,27657,-16199,-12816,927,5892
4958,139404,139414,123,90,901,-847,56,50,34,27969,-16115,-12534,929,5893
4958,139427,139437,127,92,901,-895,54,51,36,27663,-15978,-12462,933,5894
4958,139450,139460,126,88,911,-751,54,50,36,27819,-15984,-12361,931,5895
4958,139478,139488,121,86,896,-831,56,48,37,27801,-16037,-12576,926,5896
4958,139501,139511,130,87,902,-943,58,52,42,27861,-16043,-12714,929,5897
4958,139524,139533,128,91,904,-911,54,48,38,27747,-15972,-12474,929,5898
4958,139546,139556,121,91,904,-975,50,45,40,28011,-15978,-12319,932,5899
4958,139569,139579,124,92,906,-895,58,49,37,27669,-16169,-12343,930,5900
4958,139592,139602,118,86,913,-1103,49,57,37,27717,-15822,-12534,927,5901
4958,139615,139625,122,83,907,-1407,52,49,38,27729,-15918,-11253,932,5902
4958,139638,139648,123,95,907,-511,61,56,41,27831,-16085,-12558,930,5903
4958,139661,139670,125,89,896,-943,54,53,35,27861,-16031,-12684,927,5904
4958,139683,139693,117,88,905,-1279,61,52,44,27909,-15906,-12426,928,5905
4958,139706,139716,117,95,902,-511,53,57,41,27855,-16055,-12612,930,5906
4958,139729,139739,119,84,896,-911,52,48,34,27843,-16139,-12690,932,5907
4958,139752,139762,119,91,905,-959,54,51,36,27777,-16283,-12612,930,5908
4958,139775,139785,128,85,898,-1295,58,49,33,27574,-16223,-13025,931,5909
4958,139803,139813,117,89,903,-1071,56,49,35,27639,-16145,-12552,927,5910
4958,139826,139835,131,89,906,-1039,56,54,40,27759,-16037,-12810,931,5911
4958,139848,139858,121,91,894,-1055,53,48,35,27963,-16020,-12558,929,5912
4958,139871,139881,121,91,905,-911,59,51,34,27843,-16193,-12331,931,5913
4958,139894,139904,111,88,906,-1151,56,52,34,27759,-16217,-12582,929,5914
4958,139917,139927,122,92,904,-783,60,50,33,27699,-16259,-12480,931,5915
4958,139940,139950,117,89,901,-431,53,48,32,27903,-16103,-12570,929,5916
4958,139963,139972,125,90,904,-1215,56,52,34,27801,-16277,-12654,931,5917
4958,139985,139995,131,91,915,-783,54,46,38,27777,-16319,-12522,919,5918
4958,140008,140018,123,85,900,-831,57,49,34,27759,-16211,-12822,935,5919
4958,140031,140041,126,89,913,-1199,54,49,35,27759,-16163,-12546,931,5920
4958,140054,140064,121,86,900,-559,58,52,34,27807,-16259,-12444,932,5921
4958,140077,140087,124,82,904,-799,59,50,38,27993,-16235,-12708,926,5922
4958,140100,140109,126,90,911,-1071,58,50,37,27927,-16157,-12564,929,5923
4958,140128,140138,123,94,898,-911,58,54,36,28082,-16109,-12642,929,5924
4958,140151,140160,122,93,905,-495,62,49,41,27807,-16067,-12660,924,5925
4958,140173,140183,121,91,901,-991,57,49,30,27759,-16049,-12696,931,5926
4958,140196,140206,123,93,906,-1263,48,53,37,27837,-16091,-12959,926,5927
4958,140219,140229,119,88,909,-543,54,50,37,27705,-16055,-12534,931,5928
4958,140242,140252,122,85,896,-815,52,51,37,27723,-16055,-12420,931,5929
4958,140265,140275,128,93,908,-911,56,48,35,27795,-16211,-12480,930,5930
4958,140288,140297,119,89,898,-751,51,50,34,27723,-16073,-12486,931,5931
4958,140310,140320,122,87,898,-511,60,49,43,27987,-16085,-12648,934,5932
4958,140333,140343,123,89,898,-1199,53,44,35,27873,-16043,-12390,930,5933
4958,140356,140366,123,89,910,-623,50,50,37,27897,-16211,-12396,933,5934
4958,140379,140389,127,85,907,-559,54,52,38,27981,-16049,-12277,928,5935
4958,140402,140411,126,88,904,-1135,60,43,38,27855,-16109,-12528,929,5936
4958,140424,140434,128,93,889,-943,56,49,30,27855,-16199,-12414,928,5937
4958,140453,140462,121,87,905,-767,53,51,38,27741,-15966,-12833,929,5938
4958,140476,140485,124,91,904,-1359,56,48,41,27753,-16085,-12582,929,5939
4958,140498,140508,119,97,900,-383,54,46,34,27843,-16049,-12654,930,5940
4958,140521,140531,126,89,907,-1007,54,52,38,27945,-15894,-12492,928,5941
4958,140544,140554,119,88,906,-639,56,49,35,28005,-16103,-12504,933,5942
4958,140567,140577,126,87,903,-959,59,48,38,27795,-16031,-12414,929,5943
4958,140597,140607,123,82,901,-1007,54,56,41,27879,-16043,-12223,930,5944
4958,140620,140630,115,91,901,-495,56,48,42,27903,-15948,-12420,930,5945
4958,140643,140653,125,89,902,-1135,53,50,37,27813,-16103,-12319,929,5946
4958,140665,140675,123,93,902,-575,54,48,35,27825,-15936,-12301,927,5947
4958,140688,140698,121,87,901,-575,53,45,35,27777,-16055,-12091,930,5948
4958,140711,140721,124,93,904,-703,48,49,32,27771,-16109,-12390,931,5949
4958,140734,140744,121,91,902,-959,59,49,37,27669,-16133,-12355,927,5950
4958,140757,140767,121,86,912,-1167,53,45,40,27795,-15990,-12193,930,5951
4958,140785,140795,118,91,902,-991,52,45,41,28052,-16031,-12528,931,5952
4958,140808,140817,122,93,902,-1055,52,48,40,27861,-16037,-12091,931,5953
4958,140830,140840,120,91,900,-223,59,52,40,27915,-16061,-11971,931,5954
4958,140853,140863,118,88,885,-1151,56,48,40,27885,-15942,-12444,931,5955
4958,140876,140886,130,90,898,-879,53,49,41,27741,-16049,-12510,930,5956
4958,140899,140908,118,89,902,-991,57,49,36,27939,-15972,-12343,929,5957
4958,140921,140931,121,89,903,-879,52,48,38,27807,-16151,-12762,927,5958
4958,140944,140954,128,87,898,-687,53,54,41,28017,-16055,-12738,929,5959
4958,140967,140977,121,94,900,-671,56,56,33,27735,-15996,-12540,932,5960
4958,140990,141000,124,89,905,-1039,52,49,32,27705,-15966,-12732,930,5961
4958,141013,141022,123,82,898,-559,57,53,36,27705,-16115,-12714,934,5962
4958,141035,141045,119,87,906,-959,51,45,30,27867,-16014,-12588,927,5963
4958,141058,141068,122,87,904,-687,53,51,37,27813,-16157,-12444,931,5964
4958,141081,141091,119,87,902,-767,54,44,38,27879,-15978,-12636,932,5965
4958,141109,141119,132,90,902,-1279,53,43,38,27891,-15966,-12708,926,5966
4958,141132,141141,125,96,905,-895,52,51,40,27765,-16037,-12582,926,5967
4958,141154,141164,122,87,901,-639,57,52,35,27759,-15912,-12678,931,5968
4958,141177,141187,130,94,901,-1055,54,50,40,27969,-15810,-12588,931,5969
4958,141200,141210,121,86,904,-687,54,51,35,27609,-15972,-12163,928,5970
4958,141223,141233,127,92,904,-1151,50,43,38,27879,-15996,-12384,930,5971
4958,141246,141255,120,87,897,-719,59,48,44,27825,-16049,-12480,932,5972
4958,141268,141278,117,95,902,-927,54,48,35,27693,-16247,-12361,932,5973
4958,141291,141301,120,87,893,-719,51,54,33,27604,-16031,-12337,928,5974
4958,141314,141324,122,88,903,-1103,52,51,42,27951,-15936,-12582,930,5975
4958,141337,141347,124,94,895,-879,56,48,33,27849,-15894,-12414,929,5976
4958,141360,141369,130,87,907,-1439,57,51,38,27891,-15822,-12630,930,5977
4958,141382,141392,123,86,888,-815,53,45,33,27909,-15918,-12636,933,5978
4958,141410,141420,118,89,907,-911,53,45,43,27903,-16073,-12636,928,5979
4958,141433,141443,130,88,904,-591,50,45,34,28017,-16002,-12720,932,5980
4958,141456,141466,121,90,900,-655,57,53,42,28023,-16235,-12618,926,5981
4958,141479,141489,124,87,898,-895,51,49,38,27987,-15984,-12307,930,5982
4958,141502,141512,119,91,901,-671,51,52,33,27909,-16061,-12624,929,5983
4958,141524,141534,126,85,907,-1039,50,54,38,27897,-16008,-12127,928,5984
4958,141547,141557,122,91,899,-1055,54,48,44,27807,-16169,-12301,930,5985
4958,141570,141580,123,91,906,-863,52,52,35,27891,-15942,-12402,931,5986
4958,141593,141603,123,93,893,-1119,52,46,40,27741,-15912,-12660,934,5987
4958,141616,141626,121,87,902,-927,57,51,35,27927,-15756,-12480,929,5988
4958,141639,141648,118,84,909,-1135,53,46,36,27819,-15822,-12570,929,5989
4958,141661,141671,127,94,904,-671,53,48,35,27963,-15882,-12833,929,5990
4958,141684,141694,122,92,900,-1023,51,50,38,28029,-15852,-12516,933,5991
4958,141707,141717,119,95,901,-991,52,51,36,27969,-16014,-12486,935,5992
4958,141735,141745,119,86,896,-927,56,49,38,27885,-15822,-12373,930,5993
4958,141758,141768,115,86,896,-751,57,52,40,27825,-15918,-12193,930,5994
4958,141781,141791,117,89,893,-895,56,50,40,28178,-15864,-12307,932,5995
4958,141804,141813,118,101,898,-751,53,49,37,28076,-15792,-12337,924,5996
4958,141826,141836,124,97,902,-1103,62,49,34,28082,-15966,-12432,932,5997
4958,141849,141859,121,86,893,-527,57,46,30,28076,-15972,-12708,929,5998
4958,141872,141882,124,89,902,-655,53,48,40,28029,-15960,-12618,933,5999
4958,141905,141915,123,95,895,-431,51,49,34,27849,-15822,-12540,929,6000
4958,141928,141937,128,89,897,-831,56,50,40,27981,-15936,-12780,927,6001
4958,141950,141960,127,92,901,-959,53,50,33,27741,-15918,-12804,931,6002
4958,141973,141983,128,87,898,-719,54,50,42,27915,-15858,-12648,928,6003
4958,141996,142006,134,93,911,-1055,52,50,34,28005,-15894,-12696,930,6004
4958,142019,142029,127,90,906,-671,56,52,40,27999,-16079,-12528,929,6005
4958,142042,142052,111,91,909,-943,48,44,34,27981,-16085,-12642,931,6006
4958,142070,142080,126,92,901,-815,57,52,38,27987,-16037,-12995,930,6007
4958,142093,142103,117,97,909,-879,53,54,38,28023,-15960,-12702,931,6008
4958,142116,142125,126,86,907,-655,58,50,40,27987,-15720,-12953,928,6009
4958,142138,142148,126,91,907,-655,50,45,32,28106,-15846,-12750,932,6010
4958,142161,142171,131,94,906,-895,56,48,37,27849,-15792,-12780,932,6011
4958,142184,142194,123,88,902,-863,57,45,36,27951,-15942,-12582,927,6012
4958,142207,142217,118,94,899,-703,54,51,38,27927,-16037,-12684,932,6013
4958,142230,142239,117,91,906,-927,56,56,37,27825,-15990,-12929,931,6014
4958,142252,142262,129,92,909,-911,56,53,37,27903,-15996,-12720,928,6015
4958,142275,142285,117,91,899,-959,52,53,43,27729,-16085,-12857,921,6016
4958,142298,142308,122,92,902,-399,60,49,37,27927,-16079,-12624,929,6017
4958,142321,142331,120,93,906,-575,54,56,38,27981,-15978,-12720,932,6018
4958,142344,142353,120,88,900,-1183,60,48,37,27921,-16037,-12768,931,6019
4958,142366,142376,121,87,909,-575,56,51,37,28058,-16199,-12863,923,6020
4958,142395,142404,126,90,900,-975,57,51,38,27807,-15936,-12636,928,6021
4958,142417,142427,128,87,899,-943,52,49,36,27951,-16091,-12576,931,6022
4958,142440,142450,121,91,906,-511,50,49,35,28029,-15906,-12833,929,6023
4958,142463,142473,117,83,913,-959,53,53,35,27999,-15906,-12384,930,6024
4958,142486,142495,119,85,911,-863,56,50,37,27801,-15774,-12606,931,6025
4958,142508,142518,126,87,906,-511,56,46,38,27891,-16031,-12426,931,6026
4958,142531,142541,116,92,902,-959,53,50,34,27717,-16145,-12594,925,6027
4958,142554,142564,127,89,899,-959,57,44,42,27759,-16145,-12510,929,6028
4958,142577,142587,125,91,902,-591,56,51,38,27819,-16067,-12798,931,6029
4958,142600,142609,111,88,901,-671,54,48,40,27987,-15984,-12792,931,6030
4958,142622,142632,126,88,903,-1023,61,52,37,27825,-15936,-12792,933,6031
4958,142645,142655,128,91,902,-879,53,49,35,27921,-16031,-12839,932,6032
4958,142668,142678,126,89,904,-879,51,49,38,27765,-15936,-12468,926,6033
4958,142691,142701,118,93,904,-1263,59,53,40,27819,-16031,-12822,931,6034
4958,142719,142729,126,77,904,-767,61,50,37,27783,-15846,-12480,933,6035
4958,142742,142751,125,88,906,-1007,56,49,43,27783,-15942,-12420,927,6036
4958,142764,142774,121,87,904,-1039,56,53,37,27903,-15954,-12588,927,6037
4958,142787,142797,119,91,895,-623,59,58,36,27993,-16049,-12522,930,6038
4958,142810,142820,116,90,903,-703,58,49,37,27879,-16133,-12648,930,6039
4958,142833,142843,123,83,893,-1023,57,54,38,27765,-16091,-12702,930,6040
4958,142856,142865,119,93,901,-815,54,45,36,27735,-16205,-12642,932,6041
4958,142878,142888,124,85,897,-959,53,52,40,27729,-16037,-12349,932,6042
4958,142901,142911,122,93,910,-847,48,50,35,27831,-16002,-12822,930,6043
4958,142924,142934,119,84,907,-1199,58,46,38,28017,-15894,-12636,928,6044
4958,142947,142957,114,92,900,-703,52,50,38,27975,-16085,-12672,926,6045
4958,142970,142979,123,89,909,-1167,56,52,40,27849,-16002,-12642,926,6046
4958,142992,143002,122,93,903,-799,56,49,40,27879,-15936,-12534,932,6047
4958,143015,143025,128,95,909,-831,45,49,29,27825,-16097,-12528,930,6048
4958,143043,143053,120,93,898,-735,52,45,41,27897,-15984,-12600,926,6049
4958,143066,143076,124,84,906,-767,53,54,38,27903,-16193,-12534,935,6050
4958,143089,143099,123,88,904,-1087,56,51,44,27831,-16037,-12492,929,6051
4958,143111,143121,124,87,900,-1039,54,53,35,27580,-16115,-12492,930,6052
4958,143134,143144,128,87,906,-831,52,53,35,27663,-16115,-12408,932,6053
4958,143157,143167,125,88,905,-607,59,45,38,27669,-16026,-12408,932,6054
4958,143180,143190,121,91,901,-959,59,48,36,27675,-16031,-12319,932,6055
4958,143203,143212,117,89,898,-911,56,48,38,27711,-16235,-12396,928,6056
4958,143225,143235,125,84,900,-1199,53,49,37,27723,-16187,-12564,928,6057
4958,143248,143258,121,91,902,-847,53,46,38,27574,-16043,-12456,930,6058
4958,143271,143281,119,89,900,-799,54,49,38,27633,-16067,-12762,930,6059
4958,143294,143303,124,91,903,-511,56,50,43,27831,-16103,-12702,931,6060
4958,143316,143326,119,93,909,-1327,57,46,37,27729,-16181,-12540,929,6061
4958,143345,143354,123,89,911,-575,57,46,40,27484,-16145,-12768,929,6062
4958,143367,143377,133,86,909,-1071,59,51,38,27514,-16008,-12702,929,6063
4958,143390,143400,126,88,911,-1215,52,52,38,27621,-16037,-12408,929,6064
4958,143420,143430,121,90,905,-783,56,51,41,27771,-15924,-12325,931,6065
4958,143443,143453,125,94,910,-879,58,51,41,27843,-15960,-12468,930,6066
4958,143466,143476,123,87,905,-799,50,50,36,27699,-15972,-12456,929,6067
4958,143489,143498,125,90,911,-975,54,53,37,27741,-15876,-12480,927,6068
4958,143511,143521,125,91,901,-1311,56,50,43,27586,-16008,-12588,929,6069
4958,143534,143544,119,90,902,-767,57,53,36,27789,-15984,-12528,928,6070
4958,143557,143567,120,93,914,-703,50,52,38,27795,-16085,-12678,929,6071
4958,143579,143589,124,90,899,-639,60,43,34,27699,-16002,-12552,932,6072
4958,143602,143612,128,91,913,-735,54,45,36,27621,-15984,-12642,928,6073
4958,143625,143635,127,93,891,-655,52,41,37,27891,-16073,-12474,930,6074
4958,143648,143657,129,88,906,-719,57,51,36,27927,-15834,-12588,928,6075
4958,143676,143685,130,88,905,-767,57,51,33,27723,-15912,-12522,929,6076
4958,143698,143708,126,88,904,-719,58,51,41,27741,-16073,-12193,931,6077
4958,143721,143731,123,91,903,-1071,57,53,38,27777,-16014,-12414,939,6078
4958,143744,143753,121,95,896,-895,54,48,33,27861,-15966,-12486,931,6079
4958,143766,143776,122,89,907,-1135,60,50,37,28035,-16073,-12570,929,6080
4958,143789,143799,119,93,906,-1055,59,49,38,28064,-15882,-12642,928,6081
4958,143812,143822,124,93,892,-495,57,49,38,27891,-16008,-12456,929,6082
4958,143835,143844,117,86,898,-447,53,48,38,27789,-15948,-12522,932,6083
4958,143857,143867,117,89,904,-687,53,52,40,27879,-16229,-12594,932,6084
4958,143880,143890,122,87,909,-799,52,44,40,27777,-16067,-12690,929,6085
4958,143903,143912,108,86,898,-543,59,46,35,27825,-16055,-12642,929,6086
4958,143947,143957,126,85,900,-703,58,48,36,27873,-15906,-12588,932,6087
4958,143970,143979,126,90,901,-719,58,51,34,27897,-15942,-12408,930,6088
4958,143992,144002,124,97,901,-719,53,51,37,27669,-15894,-12546,930,6089
4958,144020,144030,134,81,905,-847,56,48,38,27687,-16103,-12714,931,6090
4958,144043,144053,128,89,911,-783,58,50,36,27675,-15972,-12642,933,6091
4958,144066,144075,117,86,899,-1199,59,44,38,27729,-16020,-12181,933,6092
4958,144088,144098,117,93,895,-895,53,48,36,27711,-16049,-12325,922,6093
4958,144111,144121,127,86,906,-783,46,42,32,27747,-16115,-12504,932,6094
4958,144134,144144,125,85,893,-543,51,51,37,27747,-16169,-12402,930,6095
4958,144157,144166,123,89,906,-687,57,46,38,27693,-16151,-12672,932,6096
4958,144179,144189,121,91,909,-1055,53,43,42,27663,-16157,-12564,930,6097
4958,144202,144212,128,84,905,-1167,57,44,37,27729,-16020,-12965,933,6098
4958,144225,144235,118,93,906,-463,56,51,33,27801,-16079,-12827,932,6099
4958,144248,144257,113,96,898,-591,56,53,41,27663,-15984,-12810,929,6100
4958,144270,144280,131,84,913,-783,58,54,37,27592,-16157,-12851,927,6101
4958,144293,144303,130,92,907,-575,50,53,34,27837,-16103,-12343,932,6102
4958,144316,144326,114,85,899,-1151,56,54,41,27777,-16283,-12504,931,6103
4958,144344,144354,130,95,900,-719,53,50,35,27747,-16079,-12438,931,6104
4958,144367,144376,127,93,898,-927,57,56,35,27855,-16193,-12516,928,6105
4958,144389,144399,128,85,905,-927,57,48,37,27939,-15960,-12570,928,6106
4958,144412,144422,119,93,899,-655,53,49,34,27915,-16163,-12630,929,6107
4958,144435,144445,115,84,897,-1311,54,51,30,27933,-16097,-12660,934,6108
4958,144458,144467,118,94,895,-975,61,51,36,27675,-15936,-12373,933,6109
4958,144480,144490,129,84,894,-623,54,48,32,27687,-16229,-12750,931,6110
4958,144503,144513,118,91,900,-1071,53,56,35,27669,-16031,-12570,928,6111
4958,144526,144536,127,88,898,-639,54,49,36,27711,-16115,-12546,930,6112
4958,144549,144558,117,86,900,-447,51,49,40,27795,-16091,-12768,928,6113
4958,144571,144581,124,92,899,-863,59,49,43,27813,-16097,-12923,929,6114
4958,144594,144604,117,97,902,-1007,54,52,42,27753,-16026,-12612,929,6115
4958,144617,144627,125,87,899,-799,54,49,37,27681,-16349,-12744,931,6116
4958,144640,144649,127,91,902,-447,50,46,35,27747,-16193,-12732,932,6117
4958,144668,144678,132,89,894,-1023,60,53,37,27639,-16337,-12744,930,6118
4958,144690,144700,119,91,907,-911,59,56,38,27633,-16283,-12869,932,6119
4958,144713,144723,128,89,904,-319,56,52,40,27675,-16343,-12582,924,6120
4958,144736,144746,121,87,900,-559,45,48,35,27639,-16014,-12738,931,6121
4958,144759,144768,123,93,904,-991,54,41,35,27586,-16193,-12612,933,6122
4958,144781,144791,119,90,908,-1103,56,51,38,27711,-16121,-12558,927,6123
4958,144804,144814,121,82,902,-1183,50,53,34,27627,-15912,-12624,929,6124
4958,144827,144837,119,96,898,-495,52,50,38,27747,-15978,-12325,933,6125
4958,144850,144859,126,84,905,-1487,56,49,38,27747,-16127,-12594,928,6126
4958,144872,144882,120,91,904,-1007,54,46,38,27801,-16020,-12361,934,6127
4958,144895,144905,118,83,898,-319,48,54,36,27693,-16079,-14109,930,6128
4958,144918,144928,123,92,905,-735,52,45,36,27789,-16073,-12133,928,6129
4958,144940,144950,124,95,904,-1167,50,52,32,27747,-16097,-12253,928,6130
4958,144963,144973,123,86,905,-735,49,43,35,27759,-15936,-12343,934,6131
4958,144992,145001,124,87,898,-607,53,46,38,27729,-15984,-12432,928,6132
4958,145014,145024,123,87,900,-799,52,45,41,27801,-16097,-12396,934,6133
4958,145037,145047,124,93,896,-1359,49,48,34,27651,-15960,-12534,934,6134
4958,145060,145070,124,83,905,-943,57,43,40,27586,-16026,-12480,930,6135
4958,145082,145092,117,92,894,-447,52,48,41,27837,-16008,-12414,931,6136
4958,145105,145115,119,93,896,-703,56,53,36,27657,-15876,-12325,933,6137
4958,145128,145138,117,87,909,-815,57,50,35,27867,-15876,-12343,930,6138
4958,145151,145161,122,94,902,-1055,57,41,36,27873,-16139,-12390,929,6139
4958,145173,145183,119,95,896,-767,51,49,33,27801,-16145,-12217,930,6140
4958,145196,145206,115,93,898,-879,51,51,33,27771,-16109,-12384,929,6141
4958,145219,145229,117,94,900,-1183,57,51,29,27969,-16193,-12486,932,6142
4958,145242,145252,113,91,905,-655,52,44,36,27813,-16055,-12690,925,6143
4958,145265,145274,115,90,902,-911,53,48,37,27879,-15978,-12498,931,6144
4958,145287,145297,124,89,898,-1039,51,51,36,27681,-15930,-12720,929,6145
4958,145309,145319,123,83,898,-1071,51,46,33,27843,-16043,-12390,938,6146
4958,145332,145341,117,88,912,-911,54,49,41,27669,-16026,-12552,931,6147
4958,145354,145364,121,93,906,-1039,53,48,32,27819,-16008,-12373,930,6148
4958,145377,145387,127,91,904,-1247,53,52,36,27741,-16277,-12217,933,6149
4958,145400,145410,120,90,902,-1359,57,56,37,28023,-16115,-12576,933,6150
4958,145423,145432,126,94,903,-767,51,48,34,27867,-16014,-12672,931,6151
4958,145445,145455,121,93,898,-831,56,48,41,27759,-15990,-12744,928,6152
4958,145468,145478,126,95,907,-1007,60,49,30,27855,-15978,-12558,933,6153
4958,145491,145501,127,89,905,-975,49,50,37,27969,-15990,-12355,929,6154
4958,145514,145523,123,93,900,-1423,54,53,37,27789,-15762,-12810,931,6155
4958,145536,145546,123,83,904,-543,57,48,33,27801,-15942,-12504,930,6156
4958,145559,145569,124,90,913,-1087,56,46,36,27867,-15930,-12325,927,6157
4958,145582,145592,126,89,891,-815,60,53,43,27825,-15828,-12648,931,6158
4958,145610,145620,119,95,903,-495,52,46,40,27987,-16008,-12636,926,6159
4958,145632,145642,120,98,899,-1391,56,51,41,27813,-16031,-12810,928,6160
4958,145655,145665,118,84,901,-655,57,48,41,27789,-15918,-12444,933,6161
4958,145678,145688,123,93,903,-991,50,52,40,27765,-15924,-12510,930,6162
4958,145701,145711,121,93,898,-607,57,53,42,27753,-15990,-12516,933,6163
4958,145723,145733,126,93,905,-703,50,48,35,27969,-15996,-12690,931,6164
4958,145746,145756,130,91,904,-495,50,45,33,27717,-16091,-12528,930,6165
4958,145769,145779,128,84,902,-815,53,58,41,27627,-15960,-12816,931,6166
4958,145792,145802,128,82,898,-1087,53,49,41,27741,-15906,-12672,930,6167
4958,145814,145824,126,91,896,-495,54,51,34,27753,-15966,-12845,931,6168
4958,145837,145847,121,93,911,-927,50,49,34,27663,-15990,-12570,932,6169
4958,145860,145870,123,87,897,-703,52,44,33,27448,-16163,-12887,928,6170
4958,145883,145892,116,85,911,-607,54,45,41,27789,-15876,-12845,932,6171
4958,145905,145915,124,89,906,-383,53,49,41,27663,-15942,-12983,931,6172
4958,145933,145943,117,87,901,-1487,53,50,34,27873,-15996,-12762,928,6173
4958,145956,145966,121,87,896,-1071,56,50,34,27735,-15912,-12624,931,6174
4958,145979,145989,121,88,901,-927,54,53,37,27675,-15930,-12642,934,6175
4958,146002,146011,123,90,902,-991,51,46,34,27885,-15888,-12600,930,6176
4958,146024,146034,123,96,899,-943,56,49,38,28094,-15936,-12732,936,6177
4958,146047,146057,125,86,902,-735,56,48,35,27825,-16031,-12528,930,6178
4958,146070,146080,117,91,904,-575,57,49,38,27951,-15762,-12666,928,6179
4958,146092,146102,127,80,899,-863,53,49,34,27909,-15876,-12301,930,6180
4958,146115,146125,123,92,902,-1135,52,46,36,27771,-15888,-12361,928,6181
4958,146138,146148,123,88,904,-847,50,45,41,27717,-15780,-12594,929,6182
4958,146161,146170,118,88,904,-815,48,41,34,27621,-15792,-12474,929,6183
4958,146183,146193,123,95,897,-1039,52,53,32,27765,-15930,-12558,932,6184
4958,146206,146216,121,92,900,-959,50,50,38,27771,-15954,-12450,929,6185
4958,146229,146239,114,88,906,-671,52,50,41,27759,-15990,-12486,933,6186
4958,146263,146273,125,84,903,-943,52,49,37,27867,-15912,-12402,932,6187
4958,146286,146296,129,95,900,-927,54,45,30,27885,-15996,-12534,933,6188
4958,146309,146318,123,87,913,-991,58,50,38,27598,-16175,-12462,930,6189
4958,146331,146341,121,85,891,-1023,53,44,28,27837,-15960,-12606,930,6190
4958,146354,146364,131,90,902,-655,58,46,37,27909,-16121,-12594,928,6191
4958,146377,146387,123,89,896,-623,52,52,38,27657,-16151,-12660,933,6192
4958,146399,146409,117,86,900,-911,50,45,38,27879,-15966,-12678,930,6193
4958,146422,146432,117,91,897,-1279,46,46,33,27867,-16175,-12708,933,6194
4958,146445,146455,128,83,912,-1167,54,48,35,27813,-16055,-12414,933,6195
4958,146468,146478,124,83,903,-1007,51,48,33,27819,-15948,-12474,929,6196
4958,146491,146500,125,95,905,-639,57,46,34,27837,-16223,-12438,933,6197
4958,146513,146523,117,97,899,-1087,50,51,38,27615,-16085,-12265,932,6198
4958,146536,146546,125,96,900,-911,59,46,38,27843,-15942,-12606,932,6199
4958,146559,146569,128,95,909,-799,53,48,35,27699,-15780,-12594,933,6200
4958,146595,146605,125,88,907,-543,54,54,36,27837,-15978,-12313,923,6201
4958,146617,146627,128,89,906,-399,54,48,33,27753,-15894,-12708,928,6202
4958,146640,146650,120,81,899,-655,50,50,38,27705,-15882,-12331,930,6203
4958,146663,146673,121,89,902,-815,51,44,38,27861,-15834,-12756,928,6204
4958,146686,146695,124,89,903,-943,54,44,37,27747,-15858,-12444,930,6205
4958,146708,146718,130,90,896,-1583,64,49,42,27717,-16181,-12504,930,6206
4958,146731,146741,119,87,903,-863,50,48,32,27711,-15984,-12606,931,6207
4958,146754,146764,123,93,906,-719,56,45,38,27514,-15876,-12576,929,6208
4958,146777,146786,129,89,904,-751,52,49,36,27514,-15750,-12456,933,6209
4958,146799,146809,119,97,896,-607,62,49,40,27687,-16163,-12618,928,6210
4958,146822,146832,115,93,901,-479,57,44,38,27711,-16049,-12558,933,6211
4958,146845,146855,125,84,903,-671,52,48,37,27609,-16109,-12552,932,6212
4958,146867,146877,130,84,898,-575,56,51,33,27771,-15930,-12420,926,6213
4958,146890,146900,119,90,891,-1007,57,54,44,27759,-16031,-12570,932,6214
4958,146918,146928,119,91,905,-751,53,46,34,27801,-16037,-12462,933,6215
4958,146941,146951,120,95,911,-943,56,50,42,27819,-16067,-12283,930,6216
4958,146964,146974,121,93,902,-735,56,46,34,27586,-15978,-12408,930,6217
4958,146987,146997,125,93,902,-943,52,46,40,27789,-15846,-12600,932,6218
4958,147010,147020,117,86,905,-447,59,50,32,27855,-16020,-12642,933,6219
4958,147033,147043,126,92,911,-495,52,52,36,27729,-16020,-12504,932,6220
4958,147056,147066,119,92,904,-719,54,56,34,27795,-15990,-12474,930,6221
4958,147079,147088,119,92,901,-943,53,51,37,27807,-15960,-12690,925,6222
4958,147101,147111,121,91,900,-895,54,50,36,28011,-16229,-12283,930,6223
4958,147124,147134,128,90,896,-1343,64,48,36,27885,-16014,-12468,932,6224
4958,147147,147157,124,82,900,-335,53,52,34,27825,-16157,-12672,935,6225
4958,147170,147180,115,88,904,-1087,58,46,37,27879,-16193,-12438,934,6226
4958,147193,147203,124,95,903,-447,51,46,40,27747,-15984,-12253,928,6227
4958,147216,147226,129,91,904,-1023,53,50,37,27849,-16061,-12432,932,6228
4958,147244,147254,123,87,903,-623,54,49,42,27789,-15840,-12654,926,6229
4958,147267,147277,119,87,906,-799,51,52,32,27729,-16037,-12690,935,6230
4958,147290,147300,123,94,909,-767,56,49,34,27843,-15942,-12510,933,6231
4958,147313,147322,128,85,905,-847,48,46,34,27771,-16079,-12462,930,6232
4958,147336,147345,120,90,899,-911,51,52,38,27897,-15984,-12570,932,6233
4958,147358,147368,127,93,902,-1071,56,54,40,27831,-15960,-12504,927,6234
4958,147381,147391,127,88,906,-815,54,50,36,27663,-16133,-12414,930,6235
4958,147404,147414,128,86,896,-1023,54,53,38,27747,-16026,-12498,934,6236
4958,147427,147437,121,88,898,-1167,53,46,38,27663,-15924,-12666,931,6237
4958,147460,147470,123,87,902,-815,53,52,44,27669,-16079,-12588,933,6238
4958,147483,147493,121,90,911,-1119,54,54,40,27867,-16151,-12744,933,6239
4958,147506,147516,116,82,898,-1023,57,46,32,27819,-15978,-12851,929,6240
4958,147529,147539,121,91,897,-1199,53,50,33,27651,-15984,-12540,930,6241
4958,147557,147567,123,82,901,-959,58,48,38,27873,-15840,-12570,936,6242
4958,147580,147590,126,94,902,-591,57,49,35,27693,-15930,-12768,931,6243
4958,147603,147613,120,88,904,-671,53,52,36,27693,-15978,-12648,931,6244
4958,147626,147636,130,91,907,-767,62,50,35,27765,-16014,-12756,930,6245
4958,147649,147658,114,91,906,-1071,56,49,38,27753,-15984,-12660,928,6246
4958,147671,147681,125,87,910,-847,52,50,36,27849,-16026,-12450,930,6247
4958,147694,147704,114,92,905,-847,58,51,41,27753,-16217,-12283,936,6248
4958,147717,147727,117,86,899,-1087,51,49,33,27729,-15966,-12438,932,6249
4958,147740,147750,128,97,906,-879,53,56,35,27795,-16085,-12756,931,6250
4958,147763,147773,116,91,904,-911,56,52,37,27765,-15960,-12420,931,6251
4958,147786,147796,123,89,903,-431,60,45,34,27639,-15948,-11169,927,6252
4958,147809,147819,121,87,895,-1247,56,50,42,27580,-15954,-12331,934,6253
4958,147832,147842,114,93,904,-1119,51,45,30,27514,-16211,-12390,933,6254
4958,147855,147864,122,89,897,-735,57,49,37,27592,-16145,-12522,928,6255
4958,147883,147893,119,88,897,-1359,57,52,44,27741,-16055,-12367,935,6256
4958,147906,147915,118,92,896,-831,52,53,37,27693,-16139,-12408,932,6257
4958,147928,147938,133,91,903,-543,57,43,37,27388,-16241,-12175,931,6258
4958,147951,147961,119,93,901,-879,54,50,40,27621,-16002,-12666,930,6259
4958,147974,147984,119,91,907,-863,50,51,40,27747,-16133,-12337,930,6260
4958,147997,148007,131,84,897,-591,51,48,41,27759,-16067,-12690,929,6261
4958,148020,148030,119,84,895,-671,50,53,35,27723,-16020,-12588,930,6262
4958,148043,148053,128,84,909,-1071,53,51,37,27879,-16037,-12325,933,6263
4958,148066,148076,121,91,901,-575,57,53,42,27717,-15876,-12522,930,6264
4958,148089,148099,122,93,902,-1055,53,49,36,27687,-16211,-12738,929,6265
4958,148112,148122,121,85,893,-943,57,49,34,27963,-16169,-12432,928,6266
4958,148135,148145,120,93,893,-1519,56,51,37,27957,-16283,-12259,929,6267
4958,148158,148167,124,87,902,-623,54,48,36,27837,-16199,-12534,933,6268
4958,148180,148190,125,98,904,-959,54,44,32,27969,-16205,-12714,932,6269
4958,148216,148226,119,86,905,-1055,60,52,36,28070,-15972,-12289,928,6270
4958,148239,148249,126,90,908,-399,59,49,40,27897,-16193,-12498,933,6271
4958,148262,148272,128,88,900,-495,53,50,40,27789,-16085,-12319,931,6272
4958,148285,148295,119,85,910,-927,61,51,41,27759,-15978,-12576,928,6273
4958,148308,148318,123,84,906,-687,56,48,36,27879,-16163,-12468,930,6274
4958,148331,148341,123,89,902,-1103,57,43,35,27867,-16109,-12265,931,6275
4958,148354,148363,116,89,905,-751,53,45,33,27741,-16008,-12468,928,6276
4958,148376,148386,126,89,900,-1055,53,48,43,27729,-16097,-12283,932,6277
4958,148399,148409,116,93,900,-591,53,49,35,27951,-15984,-12295,932,6278
4958,148422,148432,121,91,909,-927,50,50,35,27843,-16043,-12462,929,6279
4958,148445,148455,130,90,900,-1247,57,52,36,27957,-15912,-12277,933,6280
4958,148468,148478,130,89,905,-991,56,50,38,27879,-16055,-12444,932,6281
4958,148491,148501,119,82,898,-463,54,52,36,28076,-15972,-12588,930,6282
4958,148514,148523,116,93,903,-927,50,43,36,27981,-16259,-12408,928,6283
4958,148542,148552,128,92,907,-1039,57,46,37,28070,-16199,-12648,932,6284
4958,148565,148574,117,91,896,-1167,53,50,35,28112,-16085,-12780,934,6285
4958,148587,148597,122,88,897,-1119,51,46,36,27915,-16067,-12558,933,6286
4958,148610,148620,124,87,917,-655,57,49,37,27993,-16073,-12672,933,6287
4958,148633,148643,131,87,903,-847,52,50,33,27837,-16157,-12714,930,6288
4958,148656,148666,128,81,896,-751,51,46,35,27897,-16085,-12600,932,6289
4958,148679,148689,126,95,900,-847,50,48,33,27723,-16055,-12666,934,6290
4958,148702,148712,126,90,909,-303,50,52,34,27765,-16067,-12289,930,6291
4958,148725,148734,118,89,896,-575,57,44,32,27891,-16026,-12331,930,6292
4958,148747,148757,120,91,904,-863,60,52,34,27957,-16014,-12516,930,6293
4958,148770,148780,120,91,901,-1359,50,44,36,28029,-16175,-12594,933,6294
4958,148793,148803,130,93,902,-815,53,53,32,27825,-15918,-12576,931,6295
4958,148816,148826,123,87,899,-1359,50,43,40,27861,-16181,-11253,930,6296
4958,148839,148849,117,85,902,-1087,52,46,38,27795,-16097,-12540,931,6297
4958,148867,148877,123,94,895,-1087,56,49,40,27855,-16067,-12660,929,6298
4958,148890,148900,128,90,904,-1071,49,43,33,27969,-16061,-12486,933,6299
4958,148913,148922,124,89,913,-751,53,48,38,27825,-16014,-12474,928,6300
4958,148935,148945,123,92,890,-1295,53,50,36,27921,-16026,-12109,931,6301
4958,148958,148968,123,91,906,-863,52,45,36,27699,-16163,-12337,933,6302
4958,148981,148991,119,88,894,-687,53,54,37,27825,-16085,-12564,934,6303
4958,149004,149014,120,90,896,-623,50,46,33,27945,-16199,-12504,934,6304
4958,149027,149037,119,81,906,-687,56,46,35,28005,-16181,-12636,935,6305
4958,149071,149081,130,91,902,-815,49,48,34,27891,-16139,-12426,927,6306
4958,149094,149104,116,89,906,-495,56,46,41,28047,-16139,-12558,933,6307
4958,149124,149134,119,89,904,-927,54,46,32,28029,-16121,-12804,930,6308
4958,149147,149157,129,91,900,-703,51,46,38,27909,-16211,-12211,931,6309
4958,149170,149180,129,92,900,-911,52,46,34,27963,-16139,-12522,930,6310
4958,149193,149203,115,89,910,-1167,51,48,40,27957,-16343,-12666,931,6311
4958,149221,149231,118,89,900,-719,48,44,33,27867,-16031,-12456,929,6312
4958,149244,149254,124,83,893,-1247,53,44,33,27969,-16008,-12780,930,6313
4958,149267,149276,121,89,904,-655,54,49,37,27921,-16067,-12367,931,6314
4958,149289,149299,120,89,902,-799,53,48,37,28070,-16109,-12229,930,6315
4958,149312,149322,121,87,912,-975,49,40,30,27927,-16043,-12624,935,6316
4958,149335,149345,126,91,900,-831,53,52,34,27861,-16031,-12498,934,6317
4958,149358,149368,127,89,900,-431,60,45,37,28035,-16133,-12648,931,6318
4958,149381,149391,121,89,899,-591,58,49,35,27729,-16157,-12696,932,6319
4958,149404,149414,123,78,900,-1039,56,51,38,27813,-16043,-12774,933,6320
4958,149427,149436,123,91,906,-767,56,54,34,27813,-16067,-12833,929,6321
4958,149449,149459,112,91,904,-1055,53,48,36,28011,-16055,-12522,929,6322
4958,149472,149482,125,91,908,-671,52,49,40,27837,-15978,-12600,928,6323
4958,149495,149505,120,94,901,-479,60,53,35,27759,-15972,-12684,936,6324
4958,149524,149533,122,97,902,-943,50,50,33,27831,-16169,-12881,931,6325
4958,149546,149556,126,87,896,-703,56,49,34,27891,-16043,-13073,926,6326
4958,149569,149579,120,89,911,-911,53,43,30,27945,-15996,-12863,933,6327
4958,149592,149602,121,90,901,-1071,56,46,37,27909,-16031,-12600,929,6328
4958,149615,149625,117,93,900,-863,51,43,30,27975,-15942,-12929,927,6329
4958,149638,149648,120,92,900,-943,53,46,37,27825,-16169,-12857,931,6330
4958,149661,149670,125,91,906,-639,52,45,33,27891,-16097,-12600,932,6331
4958,149684,149693,119,89,906,-799,53,50,41,27885,-15846,-12756,928,6332
4958,149706,149716,133,84,896,-1023,50,46,32,27837,-15912,-12780,931,6333
4958,149729,149739,124,90,904,-687,54,48,41,27933,-16085,-12612,931,6334
4958,149752,149762,130,95,887,-927,57,41,33,27873,-16020,-12636,931,6335
4958,149775,149785,120,87,903,-927,54,45,33,27879,-15966,-12678,929,6336
4958,149798,149808,130,90,889,-1247,52,52,40,27993,-16121,-13013,932,6337
4958,149821,149831,123,91,911,-767,52,48,34,27717,-16049,-12845,934,6338
4958,149849,149859,121,95,909,-1327,58,45,41,27903,-15906,-12714,933,6339
4958,149872,149882,126,93,901,-943,53,50,37,27831,-16079,-13067,930,6340
4958,149895,149904,122,90,903,-671,54,49,34,27723,-16061,-12816,936,6341
4958,149917,149927,122,91,914,-1167,50,45,33,27639,-16157,-12863,932,6342
4958,149940,149950,129,89,898,-367,53,54,42,27831,-16008,-12899,931,6343
4958,149963,149973,123,95,914,-783,56,51,35,27801,-16109,-12690,931,6344
4958,149986,149996,124,92,900,-815,53,48,43,27693,-16223,-12714,932,6345
4958,150009,150019,120,87,902,-959,53,49,33,27795,-16008,-12804,933,6346
4958,150032,150041,125,91,904,-847,53,43,35,27945,-16271,-12798,932,6347
4958,150054,150064,122,98,906,-943,50,48,37,27813,-15924,-12708,932,6348
4958,150077,150087,121,93,911,-1071,49,45,40,27777,-16026,-12486,931,6349
4958,150100,150110,114,97,903,-671,51,49,38,27879,-15960,-12702,931,6350
4958,150123,150133,114,76,896,-1359,52,50,34,27819,-15828,-12516,932,6351
4958,150146,150156,121,87,910,-495,50,48,38,27783,-15870,-12720,931,6352
4958,150174,150184,126,90,898,-1071,57,48,34,27723,-16043,-12684,930,6353
4958,150197,150207,135,90,910,-911,51,44,32,27633,-15906,-12857,932,6354
4958,150220,150229,128,89,906,-751,60,46,40,27657,-15912,-12833,925,6355
4958,150242,150252,120,89,904,-1055,46,50,32,27735,-16187,-12660,931,6356
4958,150265,150275,123,96,894,-1039,53,48,38,27741,-15894,-12768,929,6357
4958,150288,150298,125,90,904,-527,56,42,41,27801,-15942,-12827,933,6358
4958,150311,150321,120,95,899,-655,52,45,33,27771,-15966,-12971,922,6359
4958,150334,150344,121,86,908,-975,52,48,36,27759,-15942,-12690,931,6360
4958,150357,150366,130,92,903,-847,54,50,33,27723,-16002,-12558,928,6361
4958,150379,150389,121,91,898,-783,58,45,32,27861,-15972,-12738,930,6362
4958,150402,150412,128,96,906,-319,52,44,34,27927,-15972,-12528,928,6363
4958,150425,150435,117,83,896,-991,51,45,36,27771,-15882,-12582,933,6364
4958,150448,150458,129,92,900,-1023,50,46,34,27819,-16049,-12349,927,6365
4958,150471,150481,131,86,905,-927,56,48,38,27849,-15912,-12923,929,6366
4958,150499,150509,121,100,892,-1263,54,45,35,27891,-15846,-12283,927,6367
4958,150522,150532,129,97,907,-1215,52,50,38,27729,-15966,-12642,926,6368
4958,150545,150554,125,87,900,-1183,56,48,37,27723,-15888,-12486,930,6369
4958,150567,150577,118,85,899,-783,53,42,26,27502,-15864,-12534,932,6370
4958,150590,150600,123,87,906,-799,53,49,42,27753,-15942,-12726,932,6371
4958,150613,150623,120,94,904,-1199,56,48,34,27705,-16055,-12373,932,6372
4958,150636,150646,128,93,898,-1295,60,49,41,27765,-15894,-12420,930,6373
4958,150659,150669,122,89,896,-1087,53,46,37,27759,-16037,-12600,934,6374
4958,150682,150691,131,96,900,-911,56,46,33,27759,-16121,-12857,926,6375
4958,150704,150714,121,84,895,-815,48,51,34,27969,-16002,-12444,930,6376
4958,150727,150737,126,92,905,-847,53,49,36,27825,-15978,-12480,928,6377
4958,150750,150760,115,91,900,-911,52,49,34,27771,-16079,-12546,931,6378
4958,150773,150783,130,91,901,-943,58,44,37,27783,-16020,-12325,932,6379
4958,150796,150806,119,92,896,-559,56,45,34,27747,-16133,-12498,932,6380
4958,150824,150834,117,96,905,-767,58,51,33,27897,-16097,-12636,932,6381
4958,150847,150857,121,92,902,-639,49,50,35,27819,-16115,-12522,928,6382
4958,150870,150879,126,88,898,-1311,59,45,34,27843,-16103,-12486,933,6383
4958,150892,150902,121,87,898,-1087,50,46,37,27933,-16145,-12636,930,6384
4958,150915,150925,126,95,904,-1359,54,45,34,27735,-16002,-12636,934,6385
4958,150938,150948,121,87,910,-863,48,48,37,27771,-16014,-12474,931,6386
4958,150961,150971,131,88,898,-799,57,48,34,27651,-15924,-12390,931,6387
4958,150984,150994,116,90,900,-1087,56,48,35,27645,-15762,-12528,934,6388
4958,151007,151017,114,89,904,-575,56,50,37,27783,-15774,-12492,931,6389
4958,151030,151039,119,95,906,-1007,56,52,36,27693,-15858,-12558,932,6390
4958,151052,151062,128,92,905,-1071,57,49,33,27831,-15894,-12600,929,6391
4958,151075,151085,123,95,893,-735,50,48,34,27795,-15864,-12750,932,6392
4958,151098,151108,126,91,906,-799,53,53,36,27945,-16002,-12660,930,6393
4958,151121,151131,121,87,909,-1151,49,46,41,27801,-16115,-12558,932,6394
4958,151149,151159,123,91,902,-639,58,50,36,27843,-16073,-12636,933,6395
4958,151172,151182,134,86,896,-767,52,46,32,27831,-16217,-12696,931,6396
4958,151195,151205,123,85,902,-1055,56,52,34,27843,-16109,-12426,930,6397
4958,151218,151227,119,97,905,-607,54,50,41,27819,-15936,-12384,930,6398
4958,151240,151250,114,91,900,-703,54,46,32,27849,-16109,-12426,931,6399
4958,151263,151273,115,89,896,-735,53,49,37,27981,-16043,-12702,933,6400
4958,151286,151296,119,93,909,-495,53,48,35,28023,-16067,-12780,931,6401
4958,151309,151319,132,88,897,-911,56,48,35,27801,-15930,-12432,931,6402
4958,151332,151342,128,94,903,-463,50,53,38,27879,-15966,-12313,932,6403
4958,151355,151364,123,86,902,-463,53,46,40,28208,-16253,-12648,936,6404
4958,151377,151387,120,93,904,-815,52,49,38,27975,-16295,-12558,931,6405
4958,151400,151410,122,93,901,-1199,57,51,35,27831,-16229,-12373,934,6406
4958,151423,151433,123,88,900,-1247,53,50,36,27759,-16163,-11115,933,6407
4958,151451,151461,119,95,909,-1135,53,41,36,27879,-16151,-12774,933,6408
4958,151474,151484,123,93,908,-831,58,45,40,27807,-16121,-12642,931,6409
4958,151497,151507,124,95,904,-719,53,49,35,27669,-16043,-12732,928,6410
4958,151519,151529,120,89,900,-1295,50,52,41,27693,-16037,-12780,931,6411
4958,151542,151552,124,87,903,-1215,52,51,34,27717,-15792,-12636,927,6412
4958,151565,151575,122,89,900,-751,52,48,33,27711,-15942,-12750,930,6413
4958,151588,151598,110,89,893,-591,51,44,30,27669,-16020,-12857,934,6414
4958,151611,151621,119,89,901,-991,60,48,44,27807,-16091,-12678,932,6415
4958,151634,151643,115,89,906,-895,57,45,32,27681,-15912,-12696,931,6416
4958,151656,151666,124,95,905,-1135,56,56,37,27885,-15900,-12666,932,6417
4958,151679,151689,123,87,900,-1103,49,51,36,27771,-16049,-12738,930,6418
4958,151702,151712,121,91,896,-591,53,46,36,28005,-15978,-12720,929,6419
4958,151725,151735,125,95,913,-751,56,48,36,27765,-15900,-12762,933,6420
4958,151748,151758,115,88,899,-735,56,49,36,27855,-15846,-12474,933,6421
4958,151776,151786,123,91,901,-1055,52,54,38,27699,-15810,-12426,932,6422
4958,151798,151808,115,93,902,-1023,57,51,37,27819,-16211,-12606,925,6423
4958,151821,151831,123,92,909,-1247,57,45,32,27873,-15990,-12965,933,6424
4958,151844,151854,124,96,906,-495,53,49,38,27789,-16223,-12720,931,6425
4958,151867,151877,125,97,906,-623,53,52,33,27825,-16079,-12845,931,6426
4958,151890,151900,125,87,904,-575,53,50,41,27867,-15960,-12546,927,6427
4958,151913,151923,120,87,911,-1039,52,48,34,27526,-16073,-12863,931,6428
4958,151943,151953,120,89,904,-543,54,60,40,27855,-16181,-12917,930,6429
4958,151966,151976,115,80,911,-703,57,56,36,27819,-16061,-12480,933,6430
4958,151989,151999,127,91,903,-735,57,44,41,27675,-16211,-12600,931,6431
4958,152012,152021,117,89,902,-799,53,50,38,27753,-16037,-12714,933,6432
4958,152034,152044,120,87,907,-655,52,46,36,27849,-16020,-12911,932,6433
4958,152057,152067,121,88,900,-943,52,49,38,27765,-16043,-12516,929,6434
4958,152080,152090,123,84,898,-943,56,50,34,27891,-16175,-12432,933,6435
4958,152108,152118,132,91,902,-991,51,56,35,27753,-16031,-12642,930,6436
4958,152131,152141,122,87,907,-1103,50,48,40,27813,-16301,-12648,931,6437
4958,152154,152163,123,89,903,-1471,53,49,37,27855,-16151,-12594,930,6438
4958,152176,152186,118,85,905,-1071,53,46,35,27813,-16073,-12612,937,6439
4958,152199,152209,117,91,902,-559,53,52,42,27807,-16061,-12648,932,6440
4958,152222,152232,117,87,899,-815,56,46,43,27783,-16091,-12744,930,6441
4958,152245,152255,125,97,898,-911,49,50,35,27717,-16014,-12660,929,6442
4958,152268,152278,123,93,906,-463,50,53,33,27813,-16175,-12660,934,6443
4958,152291,152300,117,89,893,-895,52,45,36,27729,-16097,-12708,926,6444
4958,152313,152323,119,93,892,-1039,49,52,37,27807,-16020,-12774,933,6445
4958,152336,152346,122,96,902,-1055,57,48,40,27729,-15930,-12636,931,6446
4958,152359,152369,121,92,893,-1167,60,49,43,27723,-15852,-12744,929,6447
4958,152382,152392,122,89,904,-943,50,50,34,27789,-16014,-12798,934,6448
4958,152405,152415,119,87,896,-1039,51,50,43,27873,-15900,-12887,928,6449
4958,152433,152443,127,97,911,-1151,61,52,35,27735,-16121,-12935,932,6450
4958,152456,152465,131,89,897,-895,56,49,41,27819,-16091,-13079,931,6451
4958,152479,152488,128,92,901,-687,54,48,38,27693,-16133,-13001,932,6452
4958,152501,152511,121,86,899,-943,50,49,38,27711,-16109,-12917,930,6453
4958,152524,152534,119,91,907,-879,57,51,38,27741,-15930,-12744,933,6454
4958,152547,152557,128,100,901,-687,51,44,37,27675,-16193,-13037,929,6455
4958,152570,152580,117,96,902,-1023,50,45,36,27777,-15924,-12774,923,6456
4958,152593,152602,128,94,899,-735,51,45,37,27705,-16277,-12660,933,6457
4958,152615,152625,122,87,898,-1151,58,42,36,27615,-16193,-12486,931,6458
4958,152638,152648,126,87,900,-751,57,52,37,27753,-16139,-12462,931,6459
4958,152661,152671,111,92,898,-383,50,49,27,27580,-16169,-12756,933,6460
4958,152684,152694,116,95,899,-239,56,48,35,27705,-16235,-12552,932,6461
4958,152707,152716,125,93,900,-1023,56,49,37,27705,-16061,-12612,932,6462
4958,152729,152739,117,93,902,-911,56,57,38,27741,-16091,-12301,934,6463
4958,152758,152767,118,86,897,-927,58,45,38,27556,-16187,-12774,932,6464
4958,152780,152790,126,91,906,-1007,54,43,36,27783,-16205,-12612,929,6465
4958,152803,152813,125,91,902,-991,46,44,34,27837,-16115,-12528,929,6466
4958,152826,152836,124,90,909,-1039,52,49,34,27753,-16169,-12756,930,6467
4958,152849,152859,129,89,898,-495,50,51,37,27861,-16145,-12869,933,6468
4958,152871,152881,130,99,900,-767,50,52,38,27777,-16055,-12624,931,6469
4958,152894,152904,124,90,905,-671,54,45,34,27759,-16337,-12606,927,6470
4958,152917,152927,127,92,908,-1375,56,52,37,27867,-16343,-12660,926,6471
4958,152940,152950,121,87,898,-879,56,46,34,27957,-16331,-12402,930,6472
4958,152963,152972,122,89,904,-447,56,51,42,27675,-16073,-12798,929,6473
4958,152985,152995,123,98,894,-879,48,52,38,27741,-16133,-12618,933,6474
4958,153018,153028,110,93,904,-383,57,53,41,27831,-16121,-12606,930,6475
4958,153041,153051,125,89,898,-975,52,49,36,27771,-15888,-12630,938,6476
4958,153064,153074,119,92,909,-927,59,50,45,27855,-16085,-12654,930,6477
4958,153092,153102,128,91,900,-911,58,49,36,27747,-16115,-12540,930,6478
4958,153115,153125,122,88,904,-479,53,50,40,27627,-16151,-12558,935,6479
4958,153138,153147,125,95,893,-591,52,51,35,27741,-16061,-12414,935,6480
4958,153160,153170,128,84,901,-815,53,43,30,27747,-16026,-12510,933,6481
4958,153183,153193,128,93,899,-927,60,46,42,27819,-15888,-12696,932,6482
4958,153206,153216,130,97,907,-1119,51,54,42,27951,-16002,-12839,931,6483
4958,153229,153239,128,97,903,-847,50,48,29,27556,-16037,-12552,931,6484
4958,153251,153261,126,88,906,-1167,53,50,34,27705,-16020,-12367,931,6485
4958,153274,153284,129,86,902,-783,53,46,40,27639,-16097,-12480,933,6486
4958,153297,153307,124,89,907,-1055,53,52,40,27424,-16169,-12468,931,6487
4958,153320,153330,123,92,906,-511,60,49,40,27514,-16127,-12337,935,6488
4958,153343,153352,115,86,915,-623,51,48,38,27819,-16247,-12432,931,6489
4958,153365,153375,115,93,898,-799,57,48,34,27789,-16079,-12582,931,6490
4958,153394,153403,131,95,901,-975,58,49,40,27490,-16193,-12510,928,6491
4958,153416,153426,131,87,904,-943,53,49,36,27586,-16199,-12636,932,6492
4958,153439,153449,113,91,913,-783,58,50,37,27741,-16151,-12618,932,6493
4958,153462,153472,121,88,896,-1071,50,49,36,27592,-16253,-12732,933,6494
4958,153485,153494,125,88,897,-1103,53,45,33,27627,-16079,-13031,931,6495
4958,153507,153517,126,90,898,-1247,53,50,34,27723,-16253,-12678,932,6496
4958,153530,153540,123,93,898,-591,51,48,33,27526,-16271,-12947,932,6497
4958,153553,153563,120,91,914,-1311,50,50,41,27813,-16103,-12744,931,6498
4958,153576,153586,119,95,906,-895,54,56,37,27831,-16145,-12905,931,6499
4958,153598,153608,128,94,901,-943,53,50,34,27687,-16175,-12780,933,6500
4958,153621,153631,123,91,905,-959,52,49,37,27526,-16055,-12702,931,6501
4958,153644,153654,123,93,903,-1327,59,48,34,27723,-16073,-12660,932,6502
4958,153667,153677,123,90,904,-799,52,46,38,27723,-15930,-12684,933,6503
4958,153690,153699,123,93,897,-1103,60,52,37,27831,-15918,-12678,933,6504
4958,153718,153728,119,94,905,-1103,53,49,33,27747,-16014,-12792,934,6505
4958,153740,153750,130,89,891,-911,59,48,35,27765,-16199,-12780,929,6506
4958,153763,153773,128,82,896,-639,56,52,34,27819,-16103,-12444,934,6507
4958,153786,153796,123,89,899,-735,52,45,35,27699,-16283,-12504,936,6508
4958,153809,153818,116,97,901,-655,51,53,40,27699,-16079,-12534,935,6509
4958,153831,153841,130,89,899,-1215,50,54,35,27526,-16091,-12408,931,6510
4958,153854,153864,119,90,903,-911,57,51,32,27472,-16067,-12432,929,6511
4958,153877,153887,125,95,900,-991,57,43,37,27759,-16133,-12642,934,6512
4958,153900,153910,121,91,902,-1215,50,52,38,27747,-16181,-12612,931,6513
4958,153922,153932,130,87,903,-1023,51,51,34,27586,-16277,-12606,933,6514
4958,153945,153955,120,91,901,-991,57,48,41,27651,-16445,-12540,932,6515
4958,153968,153978,120,81,901,-911,53,46,33,27723,-16205,-12738,930,6516
4958,153991,154001,119,93,894,-495,57,50,37,27669,-16259,-12462,933,6517
4958,154014,154023,124,87,902,-1199,58,50,38,27687,-16085,-12630,931,6518
4958,154042,154052,128,91,904,-1103,53,52,35,27651,-16133,-12265,931,6519
4958,154064,154074,124,97,900,-687,51,49,35,27645,-16145,-12582,931,6520
4958,154087,154097,128,92,907,-879,56,45,37,27592,-16193,-12396,934,6521
4958,154110,154120,121,84,900,-1135,54,52,38,27627,-15960,-12576,930,6522
4958,154133,154142,123,93,909,-975,50,52,38,27699,-16091,-12810,931,6523
4958,154155,154165,129,87,904,-1023,53,46,44,27759,-15978,-12534,933,6524
4958,154200,154210,121,89,900,-959,62,45,41,27741,-16169,-12606,931,6525
4958,154222,154232,123,90,906,-1247,53,45,33,27849,-15990,-12923,931,6526
4958,154245,154255,121,90,893,-863,51,46,38,27849,-16139,-12720,931,6527
4958,154268,154278,118,84,901,-927,56,49,36,27675,-16181,-12510,933,6528
4958,154291,154301,117,91,900,-591,50,51,41,27657,-16097,-12462,932,6529
4958,154313,154323,127,91,904,-959,53,51,36,27729,-16085,-12576,936,6530
4958,154336,154346,119,93,897,-431,54,50,37,27633,-16211,-12396,934,6531
4958,154359,154369,126,93,900,-879,53,53,33,27843,-16103,-12193,931,6532
4958,154387,154397,115,91,903,-879,52,50,32,27735,-16193,-12325,931,6533
4958,154410,154419,119,83,906,-1023,54,46,35,27556,-16187,-12450,933,6534
4958,154432,154442,130,84,910,-831,59,48,38,27753,-16031,-12259,932,6535
4958,154455,154465,115,91,908,-1103,52,50,35,27885,-16097,-12456,928,6536
4958,154478,154488,123,91,898,-863,58,48,38,27765,-16277,-12373,934,6537
4958,154501,154511,119,89,898,-911,57,50,37,27855,-16223,-12648,932,6538
4958,154524,154533,121,93,897,-959,57,50,38,27639,-16229,-12606,935,6539
4958,154546,154556,117,91,902,-1039,58,53,41,27663,-16325,-12576,932,6540
4958,154569,154579,120,93,899,-927,54,50,36,27897,-16163,-12408,933,6541
4958,154592,154602,124,99,893,-831,56,46,35,27855,-16343,-12355,935,6542
4958,154615,154625,126,83,902,-1087,51,50,34,27765,-16169,-12528,931,6543
4958,154638,154647,121,85,905,-1023,53,50,36,27735,-16091,-12588,936,6544
4958,154660,154670,125,88,911,-815,62,50,35,27687,-16157,-12576,932,6545
4958,154683,154693,121,89,909,-863,49,50,36,27879,-16217,-12600,933,6546
4958,154711,154721,119,97,898,-1055,59,48,40,27675,-16241,-12456,932,6547
4958,154734,154744,127,87,896,-847,53,45,35,27699,-16049,-12223,930,6548
4958,154757,154766,117,90,898,-527,53,48,37,27759,-15948,-12666,933,6549
4958,154787,154797,124,81,904,-799,58,45,38,27777,-16307,-12486,930,6550
4958,154810,154819,121,80,903,-447,50,45,37,27711,-16253,-12618,934,6551
4958,154832,154842,122,83,897,-927,52,46,44,27705,-16145,-12792,931,6552
4958,154855,154865,119,84,893,-223,56,54,32,27849,-15996,-12678,926,6553
4958,154878,154888,121,90,904,-1007,53,49,41,27669,-15972,-12678,928,6554
4958,154900,154910,126,93,906,-1183,57,50,34,27909,-15924,-12636,932,6555
4958,154923,154933,123,86,898,-799,54,51,45,28070,-16199,-12558,930,6556
4958,154946,154956,130,84,909,-927,53,49,38,27885,-16169,-12486,931,6557
4958,154969,154978,126,84,907,-991,54,48,40,27999,-16073,-12630,933,6558
4958,154991,155001,118,86,902,-1023,50,50,41,27921,-16049,-12522,934,6559
4958,155014,155024,128,84,898,-735,59,52,42,27927,-16079,-12756,931,6560
4958,155042,155052,119,93,900,-799,53,44,38,27699,-16055,-12798,930,6561
4958,155065,155075,120,85,906,-655,56,46,36,27849,-16187,-12552,927,6562
4958,155088,155097,115,91,900,-1167,53,48,33,27951,-16163,-12498,930,6563
4958,155110,155120,122,91,897,-943,59,53,33,27783,-16163,-12756,934,6564
4958,155133,155143,110,87,898,-799,56,51,33,27939,-15996,-12390,935,6565
4958,155156,155166,123,87,896,-1087,49,52,30,27867,-16175,-12343,932,6566
4958,155178,155188,122,91,904,-815,50,49,32,27885,-16109,-12325,938,6567
4958,155201,155211,133,93,911,-655,53,45,37,27789,-16199,-12456,932,6568
4958,155224,155234,126,94,904,-351,51,49,43,27843,-16079,-12067,934,6569
4958,155247,155256,117,90,913,-687,56,48,37,27669,-15960,-12283,938,6570
4958,155269,155279,121,87,909,-847,46,48,33,27891,-15936,-12588,931,6571
4958,155292,155302,123,93,898,-687,54,46,42,28047,-16026,-12642,937,6572
4958,155315,155324,121,92,904,-927,61,50,35,27981,-16091,-12337,928,6573
4958,155343,155353,121,82,911,-943,56,54,40,27771,-16037,-12349,932,6574
4958,155365,155375,113,89,896,-1007,54,51,37,27969,-15876,-12313,933,6575
4958,155388,155398,131,95,901,-575,56,40,33,27813,-15864,-12720,932,6576
4958,155411,155421,127,91,900,-863,51,43,34,27945,-15918,-12444,931,6577
4958,155434,155443,119,90,911,-847,56,46,38,27873,-16133,-12582,933,6578
4958,155456,155466,123,90,894,-1055,57,44,37,27969,-15978,-12786,930,6579
4958,155479,155489,126,86,906,-1535,52,50,40,27867,-16121,-12774,929,6580
4958,155502,155512,128,89,902,-1119,53,45,33,27819,-16163,-12833,933,6581
4958,155525,155534,121,89,901,-847,57,46,37,27939,-16175,-12361,929,6582
4958,155547,155557,111,85,899,-863,57,53,33,27957,-16026,-12684,930,6583
4958,155570,155580,128,89,903,-991,54,52,33,27867,-16187,-12618,933,6584
4958,155593,155603,118,97,894,-687,56,50,36,28023,-16199,-12576,929,6585
4958,155615,155625,119,90,904,-927,49,51,35,27909,-16205,-12618,932,6586
4958,155638,155648,130,91,906,-1215,52,45,37,28052,-16115,-12570,934,6587
4958,155666,155676,124,89,904,-463,52,51,38,27969,-16061,-12762,938,6588
4958,155689,155699,123,87,898,-1055,50,48,40,27993,-16008,-12648,931,6589
4958,155712,155722,130,90,896,-687,58,53,38,27957,-16055,-12618,927,6590
4958,155734,155744,119,89,900,-511,53,49,40,28058,-15978,-12432,932,6591
4958,155757,155767,121,90,904,-719,60,53,35,27897,-15960,-12355,934,6592
4958,155780,155790,123,86,899,-927,50,50,37,28172,-16277,-12522,935,6593
4958,155803,155812,125,86,898,-1023,58,56,40,28208,-16020,-12378,931,6594
4958,155825,155835,130,87,899,-495,54,48,33,27903,-16211,-12516,933,6595
4958,155848,155858,120,85,903,-959,52,45,36,27771,-16115,-12390,933,6596
4958,155871,155881,122,94,898,-655,52,49,40,27879,-16103,-12498,930,6597
4958,155894,155903,110,87,905,-927,57,54,37,27783,-15978,-12582,935,6598
4958,155916,155926,117,87,904,-751,57,46,37,27837,-15936,-12450,931,6599
4958,155939,155949,124,89,905,-511,56,45,38,27963,-16073,-12361,933,6600
4958,155962,155972,121,88,896,-959,56,50,38,27771,-15846,-12390,931,6601
4958,155990,156000,126,95,906,-1071,58,50,38,27987,-16061,-12331,934,6602
4958,156013,156022,117,87,899,-911,51,44,37,27903,-15882,-12211,933,6603
4958,156035,156045,122,90,902,-1199,50,46,34,27909,-16085,-12456,933,6604
4958,156058,156068,121,87,904,-319,56,49,30,27795,-16103,-12498,932,6605
4958,156081,156090,119,87,907,-719,53,52,38,27915,-15852,-12648,934,6606
4958,156103,156113,130,87,904,-1215,52,49,32,27939,-15780,-12295,930,6607
4958,156126,156136,119,91,902,-1167,51,48,36,27897,-15918,-12259,929,6608
4958,156149,156159,118,91,906,-751,52,53,34,27891,-15906,-12235,930,6609
4958,156172,156181,125,87,905,-575,61,49,37,27975,-16079,-12905,934,6610
4958,156194,156204,126,92,904,-591,58,49,42,27855,-16002,-12636,932,6611
4958,156217,156227,121,89,896,-719,46,54,34,27933,-15894,-12169,930,6612
4958,156240,156250,122,84,898,-1055,54,52,40,27849,-15888,-12313,928,6613
4958,156262,156272,120,96,901,-975,57,52,40,27867,-15948,-12546,934,6614
4958,156285,156295,130,89,905,-607,56,48,41,27825,-15948,-12750,926,6615
4958,156313,156323,126,83,900,-1263,50,44,29,27903,-15978,-12474,932,6616
4958,156336,156346,117,91,897,-1007,51,50,40,27825,-15930,-12510,935,6617
4958,156359,156368,119,91,902,-511,56,52,34,27909,-15918,-12564,935,6618
4958,156381,156391,132,91,901,-671,49,51,35,27723,-16031,-12911,932,6619
4958,156404,156414,126,93,900,-991,52,51,35,27669,-15918,-12738,933,6620
4958,156427,156437,120,87,900,-543,56,46,38,27831,-15846,-12408,932,6621
4958,156449,156459,117,80,901,-943,52,51,40,27897,-15888,-12325,929,6622
4958,156472,156482,121,89,900,-607,56,49,26,27867,-15966,-12139,932,6623
4958,156495,156505,121,82,899,-767,52,50,33,27723,-16026,-12325,933,6624
4958,156518,156527,122,87,902,-1423,56,57,42,27927,-15924,-12378,935,6625
4958,156540,156550,119,80,902,-463,57,46,32,27849,-16008,-12480,934,6626
4958,156563,156573,132,90,899,-911,54,51,37,27771,-15906,-12402,935,6627
4958,156586,156596,121,87,911,-815,61,56,41,27849,-15864,-12558,933,6628
4958,156608,156618,119,93,899,-1391,54,53,40,28047,-16031,-12468,932,6629
4958,156636,156645,130,96,906,-463,53,52,38,27717,-15948,-12450,929,6630
4958,156658,156668,124,87,903,-799,52,44,42,27843,-15918,-12522,934,6631
4958,156681,156691,121,88,904,-911,54,50,36,27903,-15972,-12468,934,6632
4958,156704,156713,120,95,898,-1183,61,48,37,27987,-16026,-12666,935,6633
4958,156726,156736,121,88,898,-863,54,54,37,27903,-16002,-12606,930,6634
4958,156749,156759,132,94,893,-639,57,45,37,27975,-16079,-12420,930,6635
4958,156772,156782,124,84,907,-703,59,52,38,27903,-15936,-12486,932,6636
4958,156795,156804,120,91,898,-831,53,50,37,27735,-15870,-12498,929,6637
4958,156817,156827,124,93,901,-1039,57,50,40,27604,-16020,-12468,939,6638
4958,156840,156850,126,84,911,-463,48,44,30,27825,-15996,-12426,930,6639
4958,156863,156872,123,98,908,-607,57,49,37,27891,-16121,-12295,930,6640
4958,156885,156895,126,87,911,-1151,53,52,33,27837,-16037,-12073,930,6641
4958,156908,156918,124,89,899,-415,54,46,41,27586,-16199,-12756,933,6642
4958,156931,156941,123,89,900,-751,57,45,40,27723,-16169,-12528,927,6643
4958,156957,156967,124,88,906,-767,52,48,36,27711,-16145,-12510,933,6644
4958,156980,156990,126,88,902,-1167,51,51,36,27687,-15912,-12301,931,6645
4958,157003,157012,128,91,910,-1071,52,50,38,27783,-16067,-12504,927,6646
4958,157025,157035,123,85,906,-1231,54,52,38,27705,-16145,-12426,931,6647
4958,157048,157058,120,87,897,-447,56,42,35,27921,-16217,-12522,931,6648
4958,157071,157081,128,100,919,-783,50,45,40,27843,-16103,-12474,933,6649
4958,157094,157103,119,87,904,-655,49,49,32,27915,-16049,-12564,933,6650
4958,157116,157126,132,91,903,-1263,58,51,36,27735,-15930,-12265,932,6651
4958,157139,157149,125,89,900,-943,59,56,41,27699,-16031,-12588,931,6652
4958,157162,157172,123,85,897,-911,54,49,41,27951,-15996,-12355,934,6653
4958,157184,157194,134,97,906,-1151,53,53,38,27723,-15912,-12133,932,6654
4958,157207,157217,123,88,909,-1087,56,52,36,27741,-16020,-12546,933,6655
4958,157230,157240,126,97,899,-367,50,51,35,27909,-16002,-12199,930,6656
4958,157253,157263,127,89,900,-1167,56,46,35,27915,-15816,-12516,934,6657
4958,157274,157284,137,101,911,-1263,57,49,40,27855,-15876,-12396,933,6658
4958,157297,157307,118,97,900,-767,53,49,29,27885,-16037,-12498,933,6659
4958,157320,157330,128,91,903,-1039,52,46,30,27879,-16014,-12726,934,6660
4958,157343,157353,119,93,902,-975,53,51,38,27891,-16139,-12696,932,6661
4958,157366,157376,126,91,909,-463,59,49,40,27897,-16133,-12851,931,6662
4958,157389,157399,119,89,909,-351,57,48,36,27957,-15966,-12654,933,6663
4958,157412,157422,116,92,895,-783,57,51,37,27759,-16175,-12744,930,6664
4958,157435,157445,121,84,906,-847,56,49,38,27789,-16067,-12762,931,6665
4958,157458,157467,127,95,910,-1055,54,51,38,27783,-15870,-12780,931,6666
4958,157481,157490,122,93,906,-575,58,51,35,27981,-15990,-12672,933,6667
4958,157503,157513,124,92,896,-639,51,48,35,28172,-15990,-12810,926,6668
4958,157526,157536,129,93,903,-879,56,50,40,27693,-16109,-12654,932,6669
4958,157549,157559,127,91,909,-1039,56,52,36,27837,-16014,-12504,925,6670
4958,157578,157587,125,89,908,-671,52,44,38,27723,-16014,-12444,936,6671
4958,157608,157618,121,87,902,-1279,58,46,37,27741,-16049,-12486,930,6672
4958,157631,157641,124,82,905,-847,56,52,38,27909,-16026,-12402,934,6673
4958,157654,157663,128,91,909,-655,58,53,37,27903,-16014,-12522,933,6674
4958,157676,157686,120,89,894,-975,57,52,34,27981,-16103,-12277,930,6675
4958,157699,157709,117,90,896,-879,54,46,36,27909,-15870,-12528,922,6676
4958,157722,157732,116,86,904,-271,49,51,35,27879,-16037,-12624,935,6677
4958,157745,157755,124,84,900,-1279,49,54,36,27801,-16133,-12504,928,6678
4958,157768,157778,123,84,903,-1023,52,49,37,27915,-15990,-12774,932,6679
4958,157791,157801,113,87,905,-591,52,50,37,27807,-15996,-12636,931,6680
4958,157814,157824,124,91,899,-1343,52,48,33,27855,-16049,-12355,933,6681
4958,157836,157846,123,85,900,-1279,54,48,35,27747,-15798,-12618,933,6682
4958,157859,157869,122,85,906,-687,49,50,41,27693,-15954,-12462,931,6683
4958,157882,157892,115,90,906,-1167,59,45,36,27921,-15990,-12552,930,6684
4958,157910,157920,120,82,903,-943,56,53,45,27777,-15942,-12522,937,6685
4958,157933,157943,130,90,902,-1071,54,49,38,28076,-15840,-12325,932,6686
4958,157956,157966,119,90,907,-351,59,54,38,27897,-15906,-12660,934,6687
4958,157979,157989,124,91,904,-975,57,54,40,27777,-15822,-12534,933,6688
4958,158002,158012,122,78,900,-591,52,52,41,27831,-15900,-12564,935,6689
4958,158025,158034,119,79,893,-239,52,49,36,27801,-16014,-12540,926,6690
4958,158048,158057,124,89,895,-751,52,48,42,27717,-15792,-12678,929,6691
4958,158070,158080,122,89,901,-895,50,45,33,27717,-16049,-12337,930,6692
4958,158093,158103,126,99,897,-1007,53,50,34,27801,-15918,-12774,930,6693
4958,158116,158126,123,98,902,-1151,56,49,40,27831,-16151,-12588,929,6694
4958,158139,158149,125,90,902,-911,61,50,35,28058,-15852,-12570,933,6695
4958,158162,158172,126,86,906,-975,53,50,36,27849,-15978,-12414,930,6696
4958,158185,158194,129,88,904,-911,58,50,30,27957,-15978,-12235,931,6697
4958,158208,158217,121,94,897,-479,53,48,36,27999,-15990,-12486,937,6698
4958,158236,158246,117,89,894,-1007,52,52,42,27897,-15996,-12672,931,6699
4958,158259,158268,119,83,898,-671,48,49,35,27831,-16055,-12600,932,6700
4958,158281,158291,121,83,898,-847,56,48,38,27939,-16097,-12367,932,6701
4958,158304,158314,123,94,907,-751,52,51,42,27831,-16061,-12726,932,6702
4958,158327,158337,127,92,898,-575,48,48,41,27957,-15972,-12516,930,6703
4958,158350,158360,123,92,908,-1071,59,54,45,27801,-15972,-12498,923,6704
4958,158373,158383,121,83,909,-1023,52,51,34,27867,-16061,-12546,932,6705
4958,158396,158406,119,93,889,-415,58,45,36,27693,-16079,-12408,933,6706
4958,158419,158428,123,91,905,-767,53,49,37,27813,-15990,-12750,929,6707
4958,158441,158451,132,87,905,-287,56,56,42,27951,-15948,-12690,935,6708
4958,158464,158474,121,86,908,-959,53,48,29,28112,-15900,-12714,934,6709
4958,158487,158497,118,89,909,-751,48,49,37,27891,-16043,-12750,933,6710
4958,158510,158520,127,90,906,-1343,52,42,36,27933,-15996,-13043,932,6711
4958,158533,158543,124,81,913,-687,52,43,40,27939,-15930,-12929,934,6712
4958,158618,158628,117,89,905,-1119,50,44,38,27915,-15924,-12654,932,6713
4958,158674,158683,122,97,911,-943,54,51,38,27825,-16031,-12702,930,6714
4958,158736,158745,130,86,903,-1087,54,54,36,27951,-16061,-12684,934,6715
4958,158759,158768,123,94,896,-911,54,48,36,27639,-15840,-12845,929,6716
4958,158781,158791,126,93,906,-687,52,48,38,27711,-15858,-12432,932,6717
4958,158804,158814,127,91,907,-799,51,46,35,27771,-15948,-12450,931,6718
4958,158827,158837,126,88,904,-703,59,49,32,27873,-15960,-12648,932,6719
4958,158850,158860,116,89,902,-1263,53,52,40,27933,-15972,-12863,933,6720
4958,158873,158883,128,91,904,-975,52,54,36,27825,-15870,-12528,929,6721
4958,158896,158906,126,88,904,-719,54,45,40,27639,-15906,-12570,935,6722
4958,158919,158928,122,87,901,-639,52,51,38,27927,-16014,-12367,934,6723
4958,158941,158951,125,87,907,-1167,53,44,36,27705,-16067,-12576,934,6724
4958,158964,158974,127,85,902,-1135,59,48,36,27903,-16014,-12552,931,6725
4958,158987,158997,127,79,907,-639,50,51,37,27975,-15894,-12696,934,6726
4958,159015,159025,123,84,901,-495,53,53,32,28029,-15972,-12534,932,6727
4958,159038,159048,124,91,900,-895,52,51,43,27855,-15984,-12534,924,6728
4958,159061,159071,126,87,906,-1103,56,45,38,27705,-16049,-12313,928,6729
4958,159084,159094,120,95,906,-879,54,51,40,27819,-15792,-12893,934,6730
4958,159107,159116,118,95,898,-863,54,49,38,27873,-15972,-12600,932,6731
4958,159129,159139,123,88,904,-1007,48,48,37,27735,-15924,-12534,928,6732
4958,159152,159162,119,88,901,-911,57,49,34,27933,-15906,-12522,934,6733
4958,159175,159185,123,86,906,-1231,53,51,37,27945,-16169,-12606,934,6734
4958,159198,159208,129,87,908,-511,53,50,42,27705,-16002,-12492,930,6735
4958,159221,159231,119,89,905,-927,52,46,40,27735,-16073,-12432,933,6736
4958,159244,159253,123,87,905,-831,56,50,33,27879,-16014,-12642,926,6737
4958,159266,159276,124,83,904,-815,51,49,34,27759,-16043,-12756,934,6738
4958,159289,159299,122,95,909,-831,51,44,40,27699,-16109,-12636,934,6739
4958,159312,159322,120,92,900,-911,54,53,37,27789,-15912,-12857,929,6740
4958,159340,159350,125,89,906,-1007,57,51,32,27795,-15858,-12630,929,6741
4958,159363,159373,114,89,897,-1103,59,50,33,28005,-15882,-12702,929,6742
4958,159386,159396,123,85,902,-863,58,50,36,27729,-15810,-12624,932,6743
4958,159430,159440,122,95,909,-1423,54,48,37,27747,-15954,-12666,936,6744
4958,159453,159463,126,93,890,-911,57,50,33,27813,-15858,-12606,929,6745
4958,159476,159485,131,90,905,-751,51,53,34,27651,-15876,-12546,933,6746
4958,159498,159508,121,80,891,-815,54,56,35,27891,-15894,-12660,937,6747
4958,159521,159531,119,92,893,-831,57,48,36,27819,-16014,-12319,934,6748
4958,159544,159554,124,97,898,-1215,54,51,36,27849,-16002,-12618,925,6749
4958,159567,159577,119,82,906,-1055,56,53,40,27933,-16049,-12498,932,6750
4958,159590,159600,126,84,906,-1071,53,49,34,27957,-16169,-12522,930,6751
4958,159613,159622,126,82,904,-783,61,45,29,27831,-15960,-12636,932,6752
4958,159635,159645,129,93,909,-799,56,45,33,27897,-16277,-12540,938,6753
4958,159663,159673,119,89,893,-639,58,50,37,27825,-16109,-12468,931,6754
4958,159686,159696,122,84,898,-1279,54,51,41,27885,-16037,-12833,932,6755
4958,159709,159719,118,97,898,-767,56,48,36,27759,-16193,-12792,935,6756
4958,159732,159742,128,91,909,-799,60,50,41,27945,-16043,-12624,927,6757
4958,159755,159765,115,90,904,-831,54,50,33,28052,-16133,-12414,934,6758
4958,159778,159787,119,94,898,-959,53,54,36,27777,-15942,-12582,932,6759
4958,159800,159810,124,91,909,-943,62,44,34,27873,-15924,-12546,935,6760
4958,159823,159833,119,87,905,-1231,50,42,33,27825,-16127,-12792,934,6761
4958,159846,159856,119,84,906,-463,59,46,37,27801,-16121,-12642,935,6762
4958,159869,159879,123,86,895,-783,51,51,37,27903,-15924,-12756,929,6763
4958,159892,159902,126,84,904,-1135,54,57,33,27939,-15798,-12552,930,6764
4958,159915,159925,120,89,909,-607,56,53,40,27729,-16175,-12438,931,6765
4958,159938,159947,117,85,900,-735,52,50,43,27687,-15936,-12420,930,6766
4958,159960,159970,118,84,897,-543,54,42,36,27592,-15894,-12498,929,6767
4958,159989,159999,121,94,910,-1439,54,48,35,27645,-15960,-12229,926,6768
4958,160011,160021,124,90,911,-1391,52,50,41,27855,-16002,-12402,933,6769
4958,160034,160044,131,87,897,-207,56,50,37,27765,-16043,-12331,934,6770
4958,160057,160067,125,91,914,-543,61,54,41,27771,-16002,-12199,927,6771
4958,160080,160090,131,92,905,-943,52,49,42,27897,-15954,-12313,933,6772
4958,160103,160113,124,87,899,-1103,59,46,37,27747,-16103,-12396,932,6773
4958,160126,160136,123,88,909,-1151,50,50,37,27915,-16055,-12863,930,6774
4958,160149,160158,126,87,897,-895,50,46,36,27645,-15930,-12480,931,6775
4958,160172,160181,119,93,904,-399,54,49,35,27843,-16014,-12468,934,6776
4958,160194,160204,119,86,909,-831,52,56,40,27837,-16145,-12283,931,6777
4958,160217,160227,117,89,893,-1135,54,44,38,27915,-15936,-12762,935,6778
4958,160240,160250,128,91,905,-751,54,51,36,27885,-15918,-12690,931,6779
4958,160263,160273,108,89,900,-847,56,50,40,27939,-16109,-12833,935,6780
4958,160286,160296,121,91,894,-591,53,51,33,27825,-16002,-12552,934,6781
4958,160314,160324,132,97,906,-639,53,52,33,27795,-16002,-12546,934,6782
4958,160337,160346,130,86,905,-1327,58,48,42,27783,-16037,-12804,932,6783
4958,160359,160369,119,87,902,-911,54,49,37,27867,-15870,-12558,933,6784
4958,160382,160392,122,92,906,-559,56,51,38,27753,-15930,-12558,929,6785
4958,160405,160415,126,91,898,-799,56,56,40,27765,-16026,-12606,933,6786
4958,160428,160438,123,89,900,-703,50,53,37,27789,-15786,-12438,929,6787
4958,160451,160461,124,88,900,-639,58,45,36,27819,-15810,-12223,935,6788
4958,160474,160483,112,79,903,-1071,53,42,32,27837,-15852,-12384,929,6789
4958,160496,160506,129,89,899,-399,57,44,37,27645,-15822,-12414,931,6790
4958,160519,160529,117,89,901,-1183,54,49,37,27831,-15810,-12480,934,6791
4958,160542,160552,123,89,907,-831,52,48,35,27807,-15942,-12073,935,6792
4958,160572,160582,117,88,902,-1391,58,46,41,27795,-15870,-12384,937,6793
4958,160595,160605,120,94,892,-383,56,46,36,27633,-15978,-12582,930,6794
4958,160618,160628,121,88,900,-863,53,49,40,27843,-15930,-12325,933,6795
4958,160646,160656,123,90,900,-767,57,50,40,27891,-15930,-12492,932,6796
4958,160669,160679,120,93,897,-735,53,48,42,27813,-15918,-12456,935,6797
4958,160692,160702,124,93,894,-943,52,48,42,27777,-15924,-12540,934,6798
4958,160715,160725,126,87,909,-415,49,45,35,27849,-15918,-12582,933,6799
4958,160738,160747,132,84,905,-511,53,53,35,27693,-16008,-12337,932,6800
4958,160760,160770,128,95,909,-1071,57,51,35,27945,-15810,-12319,934,6801
4958,160783,160793,120,89,899,-1263,51,45,36,27855,-15720,-12265,933,6802
4958,160806,160816,120,90,902,-719,56,45,34,27783,-15900,-12337,930,6803
4958,160829,160839,126,84,905,-399,56,50,41,27813,-16008,-11181,934,6804
4958,160852,160862,130,92,904,-719,58,51,37,27801,-15846,-12666,932,6805
4958,160875,160884,120,82,906,-1327,53,46,34,27867,-16079,-12420,932,6806
4958,160897,160907,117,94,902,-1183,50,51,36,27975,-16014,-12606,933,6807
4958,160920,160930,119,89,900,-575,57,57,37,27873,-15900,-12307,932,6808
4958,160943,160953,123,89,904,-703,54,44,40,27939,-15870,-12534,934,6809
4958,160971,160981,123,90,899,-607,60,48,32,27801,-15732,-12402,930,6810
4958,160994,161004,123,89,909,-511,52,48,38,27885,-15768,-12516,928,6811
4958,161017,161027,132,94,910,-655,51,52,36,27753,-15738,-12145,932,6812
4958,161040,161050,120,90,898,-575,53,56,37,27747,-15606,-12361,933,6813
4958,161063,161072,116,91,902,-1199,50,52,40,28047,-15828,-12313,932,6814
4958,161085,161095,119,87,903,-559,56,45,38,27747,-15834,-12055,934,6815
4958,161108,161118,130,93,904,-687,53,48,37,27873,-15828,-12277,930,6816
4958,161131,161141,127,87,905,-671,51,56,35,27753,-15756,-12139,931,6817
4958,161154,161164,123,84,894,-623,57,44,34,27711,-16020,-12223,933,6818
4958,161177,161186,130,87,906,-1343,53,57,38,27663,-15846,-12301,931,6819
4958,161199,161209,119,85,907,-1055,54,50,35,27711,-15804,-12420,939,6820
4958,161222,161232,132,87,904,-1343,52,45,41,27645,-15696,-12151,931,6821
4958,161245,161255,122,87,903,-879,53,50,36,27729,-15768,-11959,931,6822
4958,161268,161278,123,90,909,-991,52,48,38,27705,-15768,-12055,931,6823
4958,161296,161306,119,92,902,-927,58,49,37,27741,-15894,-12241,931,6824
4958,161319,161329,120,94,904,-1103,53,50,40,27741,-15690,-12247,934,6825
4958,161342,161351,121,89,900,-447,54,51,34,27604,-15972,-12229,935,6826
4958,161364,161374,125,90,904,-815,50,44,40,27903,-15750,-12378,933,6827
4958,161387,161397,128,100,895,-831,51,44,35,27675,-15882,-12349,933,6828
4958,161410,161420,121,85,898,-863,54,53,41,27747,-15702,-12450,934,6829
4958,161433,161443,118,91,896,-1071,52,49,43,27729,-15780,-11953,931,6830
4958,161456,161466,126,87,900,-575,59,51,38,27825,-15834,-12528,933,6831
4958,161479,161488,123,88,902,-703,51,49,34,27789,-15930,-12516,932,6832
4958,161501,161511,123,90,898,-687,57,46,35,27687,-15654,-12462,934,6833
4958,161524,161534,116,92,907,-991,60,49,37,27777,-15822,-12504,933,6834
4958,161547,161557,121,91,908,-959,53,50,35,27939,-15798,-12247,935,6835
4958,161570,161580,126,89,896,-1039,50,48,37,27645,-15858,-12504,935,6836
4958,161598,161608,129,85,906,-1119,51,50,32,27681,-15720,-12438,933,6837
4958,161621,161631,121,91,899,-1327,58,48,37,27699,-15780,-12594,930,6838
4958,161644,161654,117,89,909,-1039,51,48,41,27771,-15888,-12259,932,6839
4958,161667,161677,121,87,892,-1183,60,51,41,27837,-15768,-12618,934,6840
4958,161690,161699,123,89,903,-703,57,51,38,27855,-15547,-12295,935,6841
4958,161712,161722,126,89,906,-1055,51,50,34,27729,-15828,-12546,930,6842
4958,161735,161745,117,85,908,-815,58,52,42,27975,-15738,-12474,932,6843
4958,161758,161768,124,86,904,-655,58,52,40,27615,-15678,-12378,931,6844
4958,161781,161791,119,92,902,-895,52,45,37,27831,-15660,-12259,930,6845
4958,161804,161813,126,90,902,-1231,56,48,30,27777,-15756,-12432,933,6846
4958,161826,161836,117,90,908,-1103,59,49,37,27705,-15888,-12600,929,6847
4958,161849,161859,129,89,900,-399,56,50,36,27855,-15804,-12624,929,6848
4958,161872,161882,132,82,912,-575,56,50,37,27717,-15726,-12534,937,6849
4958,161895,161905,125,90,908,-623,54,52,40,27837,-15780,-12426,929,6850
4958,161923,161933,123,89,907,-879,53,46,35,27562,-15924,-12408,933,6851
4958,161946,161955,128,85,909,-415,49,50,40,27807,-15804,-12594,935,6852
4958,161968,161978,119,93,896,-1343,53,54,37,27609,-16181,-14091,929,6853
4958,161991,162001,125,88,899,-703,48,53,36,27627,-15948,-12660,933,6854
4958,162014,162024,118,89,902,-1151,51,44,37,27747,-16002,-12373,934,6855
4958,162037,162047,128,89,894,-1135,50,43,37,27717,-15912,-12331,934,6856
4958,162060,162070,126,95,911,-879,57,50,35,27633,-16055,-12881,932,6857
4958,162082,162092,125,83,906,-975,53,51,38,27621,-15828,-12618,932,6858
4958,162105,162115,121,84,900,-879,50,43,33,27639,-15924,-12606,930,6859
4958,162128,162138,133,88,913,-1071,53,50,37,27789,-15702,-12378,934,6860
4958,162151,162161,118,91,902,-495,54,44,35,27747,-15810,-12378,930,6861
4958,162174,162184,127,90,904,-479,49,49,34,27669,-15618,-12289,932,6862
4958,162197,162206,120,87,903,-655,52,50,36,27735,-15828,-12618,932,6863
4958,162219,162229,132,82,907,-799,56,50,34,27627,-15990,-12702,934,6864
4958,162247,162257,119,85,898,-1375,53,50,41,27592,-16031,-12522,933,6865
4958,162270,162280,127,84,897,-1007,57,50,33,27604,-15954,-12660,934,6866
4958,162293,162303,115,87,897,-1007,59,52,32,27825,-15834,-12540,935,6867
4958,162316,162326,126,94,903,-703,51,46,29,27771,-15828,-12373,929,6868
4958,162339,162349,119,82,906,-1199,56,49,40,27735,-15858,-12181,928,6869
4958,162362,162371,127,90,901,-927,52,49,33,27885,-15774,-12343,931,6870
4958,162384,162394,126,86,905,-879,54,48,38,27711,-15565,-12642,931,6871
4958,162407,162417,125,88,900,-607,57,46,40,27598,-15864,-12432,933,6872
4958,162430,162440,126,91,911,-751,54,45,40,27592,-15720,-12558,934,6873
4958,162453,162463,121,94,896,-943,54,51,35,27466,-15792,-12355,932,6874
4958,162476,162486,121,83,901,-815,54,49,35,27615,-15750,-12534,932,6875
4958,162499,162508,125,90,906,-943,51,51,42,27490,-15966,-12396,932,6876
4958,162521,162531,117,90,902,-1231,52,46,40,27699,-15882,-12726,930,6877
4958,162544,162554,130,92,905,-367,54,46,33,27574,-15750,-12175,929,6878
4958,162573,162582,125,93,907,-751,54,51,36,27639,-15696,-12313,934,6879
4958,162595,162605,122,93,898,-1215,58,49,44,27448,-15774,-12468,934,6880
4958,162618,162628,114,88,896,-527,57,43,32,27430,-15624,-12313,935,6881
4958,162641,162651,121,93,907,-1119,56,52,40,27574,-15684,-12660,936,6882
4958,162664,162674,124,86,904,-1071,56,48,37,27609,-15960,-12612,930,6883
4958,162687,162696,122,90,906,-511,56,51,42,27580,-15924,-12468,934,6884
4958,162709,162719,126,82,910,-1007,59,50,36,26167,-15774,-12498,933,6885
4958,162732,162742,132,87,906,-799,54,46,36,27771,-15918,-12367,930,6886
4958,162755,162765,133,85,901,-271,54,49,33,27771,-15882,-12085,937,6887
4958,162778,162788,124,93,912,-1215,58,54,35,27532,-15828,-12414,931,6888
4958,162801,162811,117,87,909,-575,56,45,35,27705,-15750,-11947,929,6889
4958,162824,162833,122,93,900,-623,56,48,37,27645,-15954,-12289,935,6890
4958,162846,162856,128,89,896,-543,57,48,37,27789,-15816,-12498,928,6891
4958,162869,162879,126,84,900,-623,54,45,36,27675,-16026,-12564,936,6892
4958,162897,162907,126,88,908,-1167,54,50,35,27759,-15972,-12390,933,6893
4958,162920,162930,122,86,901,-815,57,43,37,27639,-15888,-12492,934,6894
4958,162943,162953,121,86,906,-799,51,52,29,27711,-15906,-12606,934,6895
4958,162966,162976,131,89,902,-783,50,45,40,27562,-15900,-12229,932,6896
4958,162989,162999,125,94,906,-895,54,50,32,27753,-15912,-12373,931,6897
4958,163012,163021,124,87,906,-1455,53,49,34,27562,-15762,-12792,934,6898
4958,163034,163044,116,80,905,-607,49,50,36,27753,-15780,-12402,933,6899
4958,163057,163067,127,93,900,-991,53,56,41,27645,-15972,-12283,933,6900
4958,163080,163090,117,91,906,-943,58,51,36,27586,-16037,-12390,933,6901
4958,163103,163113,119,88,897,-1119,56,51,37,27783,-15900,-12708,934,6902
4958,163126,163136,119,89,897,-1535,56,50,34,27645,-16055,-12672,930,6903
4958,163149,163159,123,80,906,-1103,60,46,40,27621,-15858,-12349,934,6904
4958,163171,163181,120,90,902,-1103,49,52,38,27765,-15858,-12343,934,6905
4958,163194,163204,128,87,904,-1695,54,45,37,27657,-16043,-12498,929,6906
4958,163222,163232,121,89,900,-1135,52,48,36,27633,-16157,-12396,930,6907
4958,163245,163255,123,88,909,-1023,57,45,35,27466,-15870,-12684,932,6908
4958,163268,163278,115,91,904,-815,53,56,37,27633,-15930,-12600,933,6909
4958,163291,163301,128,89,898,-607,49,44,36,27735,-15804,-12732,939,6910
4958,163314,163323,126,93,900,-879,56,52,36,27759,-15960,-12594,934,6911
4958,163336,163346,126,93,908,-1295,57,49,42,27562,-15906,-12367,925,6912
4958,163359,163369,126,93,907,-463,57,49,38,27657,-15918,-12630,933,6913
4958,163382,163392,129,88,904,-1231,59,49,29,27729,-15828,-12355,932,6914
4958,163412,163422,128,93,911,-959,56,46,41,27526,-15906,-12367,936,6915
4958,163435,163445,123,94,901,-911,57,54,38,27382,-15816,-12307,931,6916
4958,163458,163468,127,95,902,-655,50,51,32,27639,-15798,-12432,934,6917
4958,163481,163491,128,90,901,-335,59,46,38,27633,-15834,-12558,934,6918
4958,163504,163513,121,84,900,-879,57,48,40,27693,-15798,-12402,933,6919
4958,163532,163542,128,90,893,-495,58,44,35,27627,-15996,-12450,935,6920
4958,163554,163564,115,88,899,-879,53,46,36,27514,-15565,-12307,930,6921
4958,163577,163587,121,85,902,-911,49,48,36,27639,-16020,-12205,932,6922
4958,163600,163610,126,82,902,-703,58,46,36,27681,-16008,-12396,934,6923
4958,163623,163633,119,91,904,-815,53,46,34,27657,-16043,-12265,932,6924
4958,163646,163655,117,86,901,-831,54,44,34,27759,-15780,-12343,930,6925
4958,163668,163678,122,89,893,-1375,54,48,34,27639,-15924,-12343,936,6926
4958,163691,163701,118,93,900,-607,54,45,30,27609,-15930,-12253,931,6927
4958,163714,163724,121,90,897,-991,56,48,38,29064,-15906,-12307,933,6928
4958,163737,163747,118,87,911,-847,51,46,36,27568,-15978,-12474,932,6929
4958,163759,163769,122,85,904,-1071,58,46,35,27699,-15816,-12492,930,6930
4958,163782,163792,123,91,904,-719,59,48,36,27394,-15882,-12552,933,6931
4958,163805,163815,123,89,902,-1359,57,48,35,27556,-15846,-12768,937,6932
4958,163828,163838,117,93,900,-783,51,49,28,27729,-15726,-12390,933,6933
4958,163856,163866,123,92,905,-847,51,54,38,27693,-15786,-12402,934,6934
4958,163879,163888,132,92,911,-895,57,56,38,27574,-15672,-12420,935,6935
4958,163901,163911,126,82,910,-1247,54,49,34,27693,-15840,-12582,927,6936
4958,163924,163934,117,84,906,-927,54,49,38,27562,-15756,-12205,927,6937
4958,163947,163957,123,94,898,-799,58,46,42,27729,-15816,-12540,932,6938
4958,163970,163980,125,93,911,-687,58,48,38,27621,-15888,-12361,932,6939
4958,163992,164002,135,78,901,-559,57,51,43,27825,-15648,-12367,934,6940
4958,164015,164025,119,91,903,-1103,54,43,35,27879,-15822,-12486,930,6941
4958,164038,164048,117,89,902,-1263,58,49,35,27675,-15636,-12390,932,6942
4958,164061,164071,117,84,904,-895,48,48,29,27699,-15894,-12534,932,6943
4958,164084,164093,126,87,896,-1215,61,49,40,27657,-15864,-12313,930,6944
4958,164106,164116,121,87,904,-831,57,50,42,27789,-15888,-12456,935,6945
4958,164129,164139,123,95,904,-863,46,45,34,27615,-15978,-12319,934,6946
4958,164152,164162,128,84,900,-1055,56,52,38,27615,-15792,-12480,931,6947
4958,164180,164190,128,82,909,-1071,57,53,36,27759,-15732,-12343,933,6948
4958,164203,164213,126,97,890,-863,54,49,35,27693,-15822,-12349,931,6949
4958,164235,164245,123,91,909,-479,50,48,40,27765,-15732,-12570,935,6950
4958,164258,164268,121,87,894,-1279,58,52,35,27795,-15990,-12522,937,6951
4958,164281,164291,119,91,902,-415,54,52,36,27693,-15852,-12253,931,6952
4958,164304,164313,115,90,901,-911,56,45,33,27669,-15696,-12630,934,6953
4958,164326,164336,117,80,909,-735,59,50,38,27639,-15942,-12396,934,6954
4958,164349,164359,123,95,902,-687,58,51,40,27669,-15678,-12139,935,6955
4958,164372,164382,117,95,898,-783,53,50,42,27544,-15900,-12217,932,6956
4958,164395,164404,128,89,898,-1119,59,46,35,27568,-15918,-12474,934,6957
4958,164417,164427,124,92,907,-479,57,48,34,27819,-15810,-12546,933,6958
4958,164440,164450,125,89,912,-1327,51,49,34,27538,-16020,-12666,933,6959
4958,164463,164473,123,93,902,-719,53,50,38,27699,-15906,-12373,935,6960
4958,164486,164495,127,94,905,-1647,60,51,37,27705,-16049,-12444,930,6961
4958,164514,164523,121,92,906,-1311,53,49,40,27729,-15894,-12289,934,6962
4958,164558,164568,128,91,908,-655,59,48,32,27598,-15810,-12546,930,6963
4958,164580,164590,122,91,901,-927,52,49,37,27604,-15744,-12283,931,6964
4958,164603,164613,126,93,904,-463,51,50,40,27615,-15738,-12552,929,6965
4958,164626,164636,122,83,901,-1231,57,54,40,27663,-16043,-12247,932,6966
4958,164649,164659,123,86,899,-863,56,46,37,27639,-15798,-12217,935,6967
4958,164671,164681,117,85,898,-671,51,50,35,27496,-15894,-12157,936,6968
4958,164694,164704,121,90,902,-1103,52,46,36,27801,-15756,-12259,933,6969
4958,164717,164727,120,93,900,-815,52,48,36,27460,-15966,-12510,930,6970
4958,164740,164750,119,89,902,-815,53,50,33,27621,-15822,-12486,933,6971
4958,164762,164772,122,95,891,-655,51,52,35,27496,-15822,-12211,933,6972
4958,164785,164795,123,89,893,-655,51,43,37,27508,-15780,-12187,935,6973
4958,164808,164818,130,90,887,-1151,49,49,38,27514,-15828,-12420,934,6974
4958,164831,164840,128,92,901,-495,57,49,38,27663,-15978,-12217,927,6975
4958,164859,164868,130,87,904,-559,53,52,35,27873,-15942,-12786,936,6976
4958,164881,164891,121,87,907,-1231,58,43,40,27891,-15906,-12492,932,6977
4958,164904,164914,124,95,909,-1055,54,51,38,27717,-15882,-12432,934,6978
4958,164927,164937,124,92,906,-879,54,50,38,27807,-15912,-12337,933,6979
4958,164950,164959,123,92,901,-1007,54,48,36,27615,-15930,-12690,936,6980
4958,164972,164982,130,92,902,-959,56,49,36,27711,-15996,-12384,927,6981
4958,164995,165005,116,93,903,-1263,50,48,37,29100,-16055,-12624,933,6982
4958,165018,165028,113,90,901,-1279,56,50,42,27693,-15852,-12474,935,6983
4958,165041,165050,121,89,900,-687,56,52,38,27783,-15684,-12193,933,6984
4958,165063,165073,117,84,907,-991,57,43,38,27777,-15930,-12420,933,6985
4958,165086,165096,119,87,902,-1199,57,50,33,27669,-15870,-12570,935,6986
4958,165109,165119,125,88,907,-1199,52,48,38,27448,-15858,-12313,933,6987
4958,165132,165142,119,92,900,-1087,59,50,41,27592,-15846,-12450,933,6988
4958,165154,165164,116,87,903,-1119,54,44,36,27562,-15786,-12486,933,6989
4958,165183,165192,121,84,908,-1087,50,45,34,27711,-15810,-12247,933,6990
4958,165205,165215,124,91,900,-815,58,51,35,27663,-15738,-12331,934,6991
4958,165228,165238,116,90,908,-831,53,49,41,27615,-16031,-12660,932,6992
4958,165251,165261,129,84,911,-527,57,49,40,27526,-16008,-12396,932,6993
4958,165273,165283,120,95,909,-1231,52,50,37,27586,-15864,-12402,934,6994
4958,165296,165306,121,86,904,-751,56,53,42,27705,-16026,-12660,934,6995
4958,165319,165329,115,95,904,-639,56,56,37,27651,-15924,-12690,931,6996
4958,165342,165352,127,86,911,-1199,58,46,42,27532,-15894,-12630,932,6997
4958,165365,165374,126,91,900,-847,56,44,34,27442,-16103,-12528,931,6998
4958,165387,165397,123,91,900,-1039,51,43,37,27544,-15936,-12558,933,6999
4958,165410,165420,126,83,896,-959,60,48,36,27364,-16037,-12343,934,7000
4958,165433,165443,113,89,902,-1263,51,50,33,27693,-15996,-12474,932,7001
4958,165456,165465,126,83,893,-1007,56,50,38,27687,-15864,-12097,934,7002
4958,165484,165494,115,81,904,-847,51,44,30,27663,-15786,-12576,936,7003
4958,165506,165516,125,90,891,-591,52,46,42,27609,-15948,-12271,930,7004
4958,165529,165539,117,83,898,-735,49,51,38,27592,-15996,-12253,935,7005
4958,165552,165562,123,95,899,-911,57,48,34,27777,-15972,-12540,934,7006
4958,165575,165584,119,92,900,-1215,51,46,34,27514,-16061,-12498,931,7007
4958,165597,165607,121,92,901,-927,57,45,37,27580,-15942,-12582,933,7008
4958,165620,165630,130,93,898,-895,61,51,38,27627,-16014,-12378,928,7009
4958,165643,165653,119,94,901,-1119,50,49,40,27801,-15996,-12504,936,7010
4958,165666,165675,123,96,904,-575,59,51,36,27735,-15936,-12067,931,7011
4958,165688,165698,133,84,902,-1311,56,48,34,27639,-15990,-12588,932,7012
4958,165711,165721,121,93,906,-895,56,48,40,27663,-15852,-12109,931,7013
4958,165734,165744,117,92,910,-703,49,44,35,27621,-15966,-12444,935,7014
4958,165757,165766,133,93,899,-1247,49,50,30,27711,-15924,-12426,928,7015
4958,165779,165789,132,87,903,-383,53,50,34,27651,-16008,-12660,934,7016
4958,165807,165817,126,94,904,-671,56,48,38,27771,-15888,-12325,933,7017
4958,165830,165840,126,100,903,-911,54,48,36,27604,-16008,-12325,932,7018
4958,165853,165863,123,100,908,-1183,54,50,40,27651,-15936,-12600,931,7019
4958,165876,165885,120,89,902,-751,52,48,40,27460,-15864,-12384,931,7020
4958,165898,165908,123,87,898,-751,51,43,35,27592,-15738,-12462,933,7021
4958,165921,165931,126,82,906,-1071,54,46,37,27747,-15774,-12690,933,7022
4958,165944,165954,126,84,906,-815,53,48,36,27705,-15900,-12313,936,7023
4958,165967,165976,128,91,905,-623,52,52,33,27627,-16026,-12582,932,7024
4958,165989,165999,122,89,899,-1023,54,45,35,27801,-15900,-12289,932,7025
4958,166012,166022,112,88,904,-975,52,49,35,27807,-15978,-12426,935,7026
4958,166035,166045,128,89,901,-911,60,50,36,27837,-15864,-12396,934,7027
4958,166058,166067,126,99,906,-927,53,49,41,27741,-15876,-11995,933,7028
4958,166081,166090,129,93,901,-1359,53,49,38,27753,-15996,-12043,933,7029
4958,166103,166113,119,87,898,-1071,56,51,38,27574,-15858,-12564,933,7030
4958,166132,166141,124,93,903,-719,54,46,44,27771,-15912,-12378,931,7031
4958,166154,166164,129,94,906,-1263,59,51,35,27795,-15828,-12355,934,7032
4958,166177,166187,121,89,903,-1471,57,48,38,27639,-15918,-12097,935,7033
4958,166200,166210,126,91,902,-1039,53,50,40,27544,-15804,-12283,927,7034
4958,166230,166240,123,87,909,-1087,58,49,42,27526,-15774,-12522,935,7035
4958,166253,166262,114,89,900,-1023,53,50,44,27532,-15702,-12654,935,7036
4958,166275,166285,124,95,904,-799,53,51,38,27472,-15894,-12534,930,7037
4958,166298,166308,126,87,902,-1279,53,42,32,27609,-15708,-12444,933,7038
4958,166321,166331,125,89,899,-799,50,50,38,27621,-15840,-12480,930,7039
4958,166343,166353,122,93,900,-655,52,49,34,27711,-15966,-12528,932,7040
4958,166366,166376,121,83,903,-1167,51,46,27,27867,-15888,-12558,933,7041
4958,166389,166399,123,85,908,-575,54,45,34,27574,-15762,-12253,934,7042
4958,166412,166422,123,90,902,-655,53,46,35,27651,-15864,-12378,935,7043
4958,166434,166444,132,87,872,-911,56,52,38,27723,-15726,-12277,934,7044
4958,166463,166472,466,659,-674,15,3,199,16,27472,-15882,-12444,935,7045
4958,166485,166495,417,-36,4765,-607,101,-22,62,27520,-16031,-12516,933,7046
4958,166508,166518,-754,-62,10085,2830,46,85,22,27759,-16067,-12480,934,7047
4958,166530,166540,-469,-517,10181,2047,106,73,13,27801,-15936,-12480,935,7048
4958,166553,166563,142,256,10061,2207,62,60,38,27819,-15876,-12570,934,7049
4958,166576,166586,242,506,10344,2526,49,64,102,27837,-16157,-12588,934,7050
4958,166599,166609,-69,305,10397,2446,49,59,28,27921,-16367,-12193,933,7051
4958,166621,166631,121,595,10194,1855,34,65,51,28035,-16253,-11798,932,7052
4958,166644,166654,226,261,10466,2175,60,72,35,28112,-16738,-11654,934,7053
4958,166667,166677,503,-195,10330,2798,54,41,28,27933,-16768,-10930,933,7054
4958,166689,166699,218,328,11321,2734,52,72,-34,27113,-15373,-9870,932,7055
4958,166712,166722,741,2296,10719,2462,61,52,149,25808,-14206,-9852,931,7056
4958,166735,166745,-119,-547,10672,2798,56,78,-90,24293,-12853,-9529,933,7057
4958,166758,166767,560,306,10135,2446,58,57,70,22132,-11158,-9373,935,7058
4958,166786,166796,-700,-1439,11056,2590,60,68,-32,18306,-8788,-11026,931,7059
4958,166808,166818,-75,168,11019,2351,45,68,-19,16187,-6423,-13223,930,7060
4958,166831,166841,1130,896,11552,3006,57,29,231,18731,-10302,-19844,930,7061
4958,166854,166864,-1154,-2312,11105,2942,52,61,44,24766,-15265,-21011,934,7062
4958,166877,166886,30,-1452,12021,2670,44,53,-73,29609,-19210,-19215,933,7063
4958,166899,166909,30,615,11885,2814,29,67,133,31255,-20934,-18353,933,7064
4958,166922,166932,847,2454,11629,2446,41,94,334,32459,-21623,-16647,932,7065
4958,166945,166955,926,-3029,11982,3086,28,148,-396,-32700,-22066,-15719,936,7066
4958,166967,166977,-746,-1012,11852,2654,14,85,255,-32317,-22216,-15252,929,7067
4958,166990,167000,-904,2548,12036,2430,48,82,226,-32299,-22353,-14899,931,7068
4958,167013,167023,-761,-338,12418,2990,42,57,-49,-32179,-22461,-14420,934,7069
4958,167036,167045,-426,-1953,12407,3150,32,45,157,-32126,-22431,-14486,929,7070
4958,167058,167068,914,290,12222,2974,53,51,149,-31958,-22455,-14366,936,7071
4958,167081,167091,1243,887,12849,3038,29,56,-94,-32311,-22653,-14330,932,7072
4958,167108,167118,-102,693,12450,2734,45,97,10,-32120,-22365,-14103,930,7073
4958,167131,167140,173,-883,12786,2846,36,99,-52,-32179,-22383,-13863,929,7074
4958,167153,167163,40,-76,12716,3374,30,96,54,-32161,-22359,-13815,930,7075
4958,167176,167186,441,578,13230,2942,52,92,-33,-32191,-22317,-13648,934,7076
4958,167199,167209,-243,-82,13167,2862,18,64,-8,-32191,-22419,-13827,933,7077
4958,167221,167231,-431,-512,13095,3038,52,67,29,-32048,-22551,-13857,936,7078
4958,167244,167254,-159,-638,13060,3294,38,41,-61,-32018,-22545,-13797,934,7079
4958,167267,167277,-84,759,13169,3006,44,43,29,-32072,-22437,-13713,932,7080
4958,167290,167299,189,-104,13181,3262,62,73,-8,-32090,-22377,-13432,932,7081
4958,167312,167322,120,-1078,13202,3342,45,70,36,-32114,-22581,-13498,933,7082
4958,167335,167345,118,663,13493,3246,52,121,-19,-32078,-22653,-13588,935,7083
4958,167358,167368,-52,1694,13086,3390,33,101,-38,-32251,-22575,-13743,932,7084
4958,167380,167390,19,184,13488,2702,48,102,-146,-32084,-22677,-13893,936,7085
4958,167417,167426,-594,1085,13511,2878,54,57,29,-32018,-22455,-13797,932,7086
4958,167439,167449,200,122,13696,3582,59,52,191,-32012,-22533,-13827,935,7087
4958,167462,167472,506,689,13541,2654,77,35,124,-31934,-22509,-13851,936,7088
4958,167485,167495,703,99,13599,3422,88,61,-77,-32006,-22760,-13887,928,7089
4958,167507,167517,154,258,13870,2750,81,58,223,-31964,-22623,-13911,931,7090
4958,167530,167540,-300,-1012,13624,2990,82,77,-73,-31970,-22701,-13845,934,7091
4958,167553,167563,139,-1807,14076,3438,58,113,-134,-31724,-22449,-13779,933,7092
4958,167576,167586,375,151,13854,3982,57,118,19,-31844,-22587,-13761,936,7093
4958,167599,167609,1100,207,13935,3422,81,101,94,-31820,-22611,-14007,927,7094
4958,167621,167631,1306,-1187,14292,3646,68,41,315,-31958,-22599,-14139,932,7095
4958,167644,167654,-74,1329,13728,3166,110,14,320,-31970,-22689,-13887,934,7096
4958,167667,167677,-933,-235,14635,3758,113,22,-28,32213,-22718,-13845,934,7097
4958,167690,167700,-664,-746,14010,3902,102,49,125,-31659,-22754,-13797,933,7098
4958,167712,167722,-34,-1615,14337,3102,120,76,-132,-31772,-22575,-13941,936,7099
4958,167741,167750,206,-419,14862,3166,97,66,-167,-31742,-22689,-13558,932,7100
4958,167763,167773,472,-668,14003,3710,76,109,-10,-31659,-22497,-13702,935,7101
4958,167786,167796,238,2469,14500,3182,129,86,435,-31736,-22317,-13498,930,7102
4958,167809,167819,358,-2381,14372,3742,94,96,-105,-31557,-22407,-13217,934,7103
4958,167832,167842,432,-759,14613,3150,124,68,425,-31826,-22359,-13702,934,7104
4958,167855,167865,1589,542,14655,3742,118,25,-14,-31862,-22407,-13600,934,7105
4958,167878,167888,535,791,15170,3358,140,34,807,-31892,-22287,-13510,928,7106
4958,167901,167911,-2203,333,14499,3950,118,34,-344,-31629,-22054,-13594,934,7107
4958,167924,167934,-34,-1809,14966,3518,126,40,567,-31665,-22186,-13606,932,7108
4958,167947,167957,1035,1562,14780,3598,121,106,-42,-31754,-22192,-13588,929,7109
4958,167970,167979,2003,-682,14035,2926,114,84,8,-31623,-22299,-13713,936,7110
4958,167993,168002,-199,2008,15924,3470,129,67,327,-31623,-22198,-13917,934,7111
4958,168015,168025,-452,-1531,15168,3582,132,59,-480,-31695,-22335,-13486,931,7112
4958,168038,168048,1265,-1823,14451,3262,144,68,196,-31473,-22180,-13396,933,7113
4958,168067,168076,2102,-254,15524,3534,138,51,109,-31796,-21970,-13414,934,7114
4958,168089,168099,-204,933,15529,3742,150,62,160,-31509,-22048,-13360,936,7115
4958,168112,168122,-427,-1182,17824,3070,147,66,18,-31617,-22030,-13259,935,7116
4958,168135,168145,-153,-1331,16201,3342,170,42,311,-31695,-22018,-13115,937,7117
4958,168158,168168,1078,-1831,14544,3710,105,114,-296,-31503,-22000,-13396,933,7118
4958,168181,168191,80,1028,16624,3646,150,65,98,-31605,-21826,-13594,927,7119
4958,168204,168214,-1002,270,15474,4158,131,56,-122,-31443,-21797,-13247,932,7120
4958,168227,168237,-996,-1690,16559,3534,148,65,-124,-31383,-21838,-13079,931,7121
4958,168250,168260,-8,-581,16214,3470,201,62,396,-31389,-21850,-13103,937,7122
4958,168273,168283,-17,-595,16162,4014,163,60,179,-31509,-21934,-13402,935,7123
4958,168296,168305,-2121,-1491,14088,3998,181,42,394,-31557,-21557,-13354,933,7124
4958,168319,168328,-705,1470,15170,3150,136,35,256,-31581,-21545,-13175,931,7125
4958,168341,168351,-1405,3306,16346,3870,175,107,60,-31695,-21413,-13139,934,7126
4958,168364,168374,1640,-626,15470,4110,134,82,-862,-31605,-21348,-13103,934,7127
4958,168393,168402,-637,-21,17528,3774,130,91,448,-31563,-21336,-13306,932,7128
4958,168415,168425,-132,1600,15222,4062,86,158,-176,-31563,-21342,-13420,935,7129
4958,168438,168448,3939,819,16960,4606,184,117,394,-31527,-21366,-13151,936,7130
4958,168461,168471,3906,232,17519,3662,144,89,-555,-31317,-21599,-13265,935,7131
4958,168484,168494,-317,856,17348,4286,205,27,880,-31581,-21383,-13330,939,7132
4958,168507,168517,-1063,29,16193,3598,82,68,-1133,-31293,-21449,-13199,936,7133
4958,168530,168540,5551,-2567,17012,2191,101,22,123,-31479,-21443,-13127,936,7134
4958,168553,168563,-554,262,15733,4606,121,54,-375,-31599,-21348,-13031,930,7135
4958,168576,168586,-2661,-1870,18498,3966,106,108,-181,-31437,-21294,-12839,930,7136
4958,168599,168609,-2518,367,18311,4718,137,147,1180,-31257,-21192,-13157,936,7137
4958,168622,168631,4314,-1194,17306,3710,80,152,-172,-31204,-21126,-13121,933,7138
4958,168645,168654,4178,1454,18446,4877,86,161,846,-31287,-21006,-13097,934,7139
4958,168667,168677,507,4681,20411,3454,96,1,1042,-31240,-21162,-13031,933,7140
4958,168690,168700,-1770,-27,15989,5213,3,34,-654,-31305,-21342,-13091,930,7141
4958,168719,168728,-1176,2223,17634,4462,54,89,-176,-31144,-21252,-13175,929,7142
4958,168741,168751,3577,-3038,17069,3070,16,66,-391,-31150,-21258,-12833,928,7143
4958,168764,168774,5626,1174,19888,4797,48,169,571,-31078,-21300,-12905,935,7144
4958,168787,168797,2755,-580,18620,4190,60,82,106,-31006,-21132,-13001,933,7145
4958,168810,168820,250,-17,16249,4877,1,74,434,-31000,-21204,-12744,932,7146
4958,168833,168843,1492,-375,17113,3934,-1,147,45,-31108,-21144,-12762,932,7147
4958,168856,168866,-2995,6229,15968,4318,14,132,1037,-31078,-21228,-12654,929,7148
4958,168879,168889,-390,2083,17226,4861,13,48,-401,-30695,-21354,-12869,934,7149
4958,168902,168912,-426,-3988,16564,4254,19,169,-369,-30844,-21264,-12869,935,7150
4958,168925,168934,-476,7921,15162,4622,8,213,-68,-30892,-21282,-12923,934,7151
4958,168947,168957,3963,72,18793,4558,-16,113,-897,-30916,-21641,-12822,931,7152
4958,168970,168980,-3314,-2810,15584,3726,-49,90,210,-30814,-21617,-12564,934,7153
4958,168993,169003,-1276,2766,15447,5469,20,5,776,-30809,-21497,-12792,933,7154
4958,169016,169026,1746,-5344,16308,4142,16,189,120,-30809,-21791,-12678,933,7155
4958,169044,169054,1098,-160,19005,4110,-13,115,275,-30701,-21647,-12786,931,7156
4958,169075,169085,-3377,-2601,16077,3966,-6,105,-323,-30659,-21976,-12660,936,7157
4958,169098,169107,1964,-1679,15263,4366,29,-2,1053,-30731,-21551,-12798,928,7158
4958,169120,169130,2325,-2273,19118,4797,22,0,498,-30509,-21635,-12822,933,7159
4958,169143,169153,-260,1126,17206,3566,1,42,1063,-30713,-21868,-12624,937,7160
4958,169166,169176,2057,1310,16953,5021,1,78,-741,-30515,-21952,-12917,932,7161
4958,169189,169199,1278,167,19408,3374,11,-11,732,-30389,-22162,-12684,934,7162
4958,169212,169222,504,443,20170,3854,-61,45,-176,-30377,-22018,-12786,931,7163
4958,169235,169245,-1659,-2676,18427,3070,29,33,144,-30395,-22096,-12923,934,7164
4958,169258,169268,1550,-4644,18352,4797,-43,84,-794,-30371,-22048,-13037,934,7165
4958,169281,169290,656,907,19627,4702,109,5,433,-30348,-22186,-12768,933,7166
4958,169304,169313,-1449,603,17194,4430,27,24,425,-30174,-22192,-13019,934,7167
4958,169326,169336,88,-4661,15446,2766,-11,2,-818,-30150,-22269,-12774,935,7168
4958,169349,169359,2327,-145,18603,4062,114,-45,1026,-30138,-21958,-12822,933,7169
4958,169371,169381,-170,3775,19872,2942,62,-58,220,-30246,-22204,-13049,936,7170
4958,169394,169404,-1004,-1821,16647,5005,208,64,121,-30180,-21958,-13043,940,7171
4958,169417,169426,1448,-2290,19832,2686,44,94,-219,-30306,-22162,-12971,933,7172
4958,169439,169449,-3375,4990,19514,3390,157,60,-229,-30324,-22234,-13211,934,7173
4958,169462,169472,-1133,-2716,18848,4174,42,50,-175,-30455,-21868,-13336,933,7174
4958,169485,169495,1467,2067,18872,4462,56,-9,64,-30365,-21946,-12953,936,7175
4958,169508,169518,174,399,19021,4606,183,3,-434,-30455,-22096,-13348,931,7176
4958,169531,169541,-212,-634,18631,4750,156,-5,-521,-30743,-22030,-13324,932,7177
4958,169554,169564,-2196,-2364,17552,5261,86,27,-679,-30689,-21785,-13402,932,7178
4958,169577,169586,1359,1177,19883,3518,74,77,-501,-30814,-21892,-13001,936,7179
4958,169600,169609,864,-1415,18518,4398,129,45,-164,-30683,-21815,-13115,932,7180
4958,169622,169632,1139,-2692,17400,4030,123,36,-321,-30832,-21701,-13205,932,7181
4958,169667,169677,309,-3108,19897,3726,49,14,-655,-31269,-21653,-13025,935,7182
4958,169695,169705,2483,-5170,19635,5085,102,45,-761,-31299,-21354,-12822,935,7183
4958,169718,169728,-42,123,20512,3934,164,-24,422,-31329,-21473,-13049,932,7184
4958,169741,169751,903,2968,19076,3022,80,52,-265,-31359,-21461,-12971,933,7185
4958,169764,169773,2691,-2938,19222,4046,61,-53,494,-31413,-21354,-12851,934,7186
4958,169786,169796,-2599,-893,19811,2878,99,96,-730,-31551,-21360,-13145,935,7187
4958,169819,169829,-1308,-779,19091,5197,33,148,-75,-31593,-21264,-13145,933,7188
4958,169842,169852,-276,-3624,20206,2766,-5,14,439,-31515,-21258,-13175,933,7189
4958,169865,169875,-594,1985,18818,4142,8,53,20,-31563,-21204,-12893,932,7190
4958,169888,169898,0,287,19283,2958,49,40,-188,-31814,-21186,-13217,935,7191
4958,169911,169921,585,-1488,16419,4334,73,117,-46,-31826,-21288,-13079,932,7192
4958,169934,169943,-85,2217,15256,3422,126,53,-35,-31838,-21330,-13330,934,7193
4958,169956,169966,42,3365,18953,4765,33,25,-186,-31802,-21270,-12989,932,7194
4958,169979,169989,1153,-2170,17189,4893,-172,155,-422,-31760,-21413,-12881,934,7195
4958,170002,170012,-153,1735,12630,4398,41,69,59,-31617,-21246,-13229,935,7196
4958,170030,170040,-1278,-385,20116,3694,12,93,177,-31778,-21455,-13157,934,7197
4958,170053,170063,2238,-2193,19274,4446,126,140,-225,-31695,-21647,-12857,934,7198
4958,170076,170086,1879,706,18775,2622,176,60,153,-31527,-21563,-13133,934,7199
4958,170099,170108,702,-654,16792,2590,26,-10,887,-31587,-21336,-12905,933,7200
4958,170121,170131,-2468,1703,17032,2894,-136,49,687,-31479,-21617,-13181,933,7201
4958,170144,170154,3199,2694,17937,3294,40,32,388,-31473,-21521,-13109,933,7202
4958,170167,170177,1526,-2126,17487,4414,19,108,836,-31461,-21599,-13378,932,7203
4958,170190,170200,-822,-3002,16612,4030,13,41,1370,-31210,-21677,-13324,934,7204
4958,170213,170223,93,150,16551,3470,11,81,527,-30970,-21689,-13318,934,7205
4958,170236,170246,-1034,2294,17025,3694,-52,20,1119,-30976,-21862,-13139,935,7206
4958,170259,170268,-3828,546,18192,6141,205,72,720,-30635,-22042,-13115,930,7207
4958,170282,170291,2010,-2885,13447,687,-221,-48,968,-30533,-22078,-13193,935,7208
4958,170304,170314,-763,2183,16717,3902,25,6,1667,-30282,-22096,-13546,934,7209
4958,170327,170337,-2439,932,10907,4861,149,57,1298,-30024,-22479,-12989,931,7210
4958,170355,170365,-45,-2702,14818,2079,450,-66,1472,-29647,-22545,-12929,931,7211
4958,170378,170388,-1613,4156,15286,2351,56,-48,1746,-29551,-22683,-13175,930,7212
4958,170401,170411,3694,1255,15852,-639,45,33,919,-29420,-22784,-13067,934,7213
4958,170424,170434,5728,-4495,17453,5373,439,129,1172,-29060,-23078,-13115,933,7214
4958,170447,170457,-1784,-5367,19238,2894,260,30,1516,-29120,-23359,-12887,935,7215
4958,170470,170479,-1407,-1933,12594,2798,85,82,1785,-28665,-23479,-12881,936,7216
4958,170492,170502,-2533,6649,15546,3838,106,-37,2038,-28222,-23646,-12953,936,7217
4958,170515,170525,1853,-549,18105,2958,255,44,1435,-28085,-23790,-12917,930,7218
4958,170538,170548,3215,-3720,18922,4558,486,121,740,-28019,-23964,-13157,932,7219
4958,170561,170571,-3196,706,14861,5757,-32,38,1341,-27636,-24119,-13139,933,7220
4958,170584,170594,-961,2693,15647,3758,-19,12,1994,-27690,-24832,-12989,932,7221
4958,170607,170617,3177,394,16153,3630,181,156,1465,-27462,-24688,-12684,935,7222
4958,170630,170640,3286,-2477,14967,3758,-146,53,1179,-27151,-25161,-13067,931,7223
4958,170653,170662,-2427,5187,17335,4414,181,-41,1610,-26983,-25359,-12899,935,7224
4958,170681,170691,-822,2462,14029,2478,209,52,2833,-27001,-25682,-13157,932,7225
4958,170704,170713,1589,1602,15138,671,33,-52,1837,-26684,-25987,-13235,933,7226
4958,170726,170736,-890,165,16204,4622,141,-18,1754,-26654,-26257,-12774,933,7227
4958,170749,170759,2696,-4470,16125,3166,81,28,2149,-26420,-26909,-13049,935,7228
4958,170772,170782,-4573,10546,14198,5245,317,84,1734,-26313,-27208,-13061,936,7229
4958,170795,170805,-3025,1109,14289,3310,-22,-69,2297,-26355,-27436,-13049,929,7230
4958,170818,170828,6523,-6938,16412,4845,-132,52,3111,-26366,-27693,-12744,935,7231
4958,170841,170850,4444,1408,13385,6589,390,32,1711,-26151,-28172,-13121,932,7232
4958,170863,170873,-2937,4473,10402,4094,-74,80,2534,-26103,-28873,-13085,933,7233
4958,170886,170896,-5210,-2520,9654,5661,513,84,2644,-26163,-29154,-13378,931,7234
4958,170909,170919,-110,-2814,15729,2862,-209,-33,3063,-26007,-29459,-13079,936,7235
4958,170932,170942,2912,-2164,12231,2718,-89,-64,2817,-26265,-30351,-13187,931,7236
4958,170955,170964,-1594,1891,13459,4302,-93,154,3033,-26486,-30866,-13229,932,7237
4958,170977,170987,1919,4876,15812,4254,27,-8,2098,-26414,-31704,-13528,929,7238
4958,171006,171016,-3267,1730,17147,3950,169,67,3548,-26672,-32063,-13408,931,7239
4958,171028,171038,-1514,2279,14415,6141,-35,29,2699,-26995,-32596,-13636,933,7240
4958,171051,171061,-996,684,15304,1295,-34,67,2721,-27097,32419,-13767,935,7241
4958,171074,171084,709,-4084,14859,2766,122,141,3105,-27258,32185,-13384,934,7242
4958,171097,171107,1102,-420,13051,4797,-69,38,3708,-27755,31742,-13265,936,7243
4958,171120,171130,-7215,4810,13295,6717,112,-27,3187,-27935,31162,-13588,932,7244
4958,171143,171152,3345,7921,9424,4190,367,65,3923,-28282,31030,-13354,932,7245
4958,171165,171175,765,2335,15367,1375,-61,-37,3692,-28875,30515,-13528,932,7246
4958,171188,171198,-2146,-2314,15409,4606,32,219,2680,-29186,30330,-13372,935,7247
4958,171211,171221,8155,-3136,13406,3278,74,-8,3397,-29683,29982,-13318,939,7248
4958,171234,171244,-2164,878,14690,4446,11,-5,3316,-31695,29462,-13474,932,7249
4958,171257,171267,-2726,-2026,14388,3214,275,82,2835,-30856,28983,-13462,936,7250
4958,171280,171290,3290,-4778,16882,1807,162,77,3438,-31808,29025,-13217,933,7251
4958,171303,171312,-4993,-1331,16264,2015,78,-90,3889,-32407,28743,-12893,940,7252
4958,171331,171341,1862,-3567,13990,975,145,5,3334,32105,28641,-13366,933,7253
4958,171354,171363,3263,-330,13335,5389,-132,-86,4076,31573,28815,-13294,936,7254
4958,171376,171386,3259,3139,15601,5581,50,-94,4114,30465,28857,-13396,935,7255
4958,171399,171409,-3991,-1865,13495,3422,184,46,3986,29681,29025,-13540,933,7256
4958,171422,171432,5115,-6421,16617,3918,-175,26,4304,28831,29252,-13420,938,7257
4958,171445,171455,-4129,846,7334,6093,487,-117,4419,28148,29533,-13749,938,7258
4958,171468,171478,3711,-2866,17545,63,231,62,4623,27334,29773,-13378,929,7259
4958,171491,171500,1629,191,10286,3406,-4,-20,5169,26694,30204,-13318,931,7260
4958,171513,171523,1911,2093,14033,3118,36,33,4948,25790,31078,-13085,931,7261
4958,171536,171546,-4342,-119,9077,1727,75,-77,4822,25323,31383,-13731,934,7262
4958,171559,171569,-8008,5403,12010,2782,797,52,4460,24496,32269,-13773,933,7263
4958,171582,171592,4863,-3454,14478,3582,423,100,4266,23874,-32327,-13456,932,7264
4958,171605,171615,2466,-2983,13815,4030,-52,-107,4395,23581,-31662,-13366,933,7265
4958,171633,171643,3647,805,13407,3006,-128,-18,3931,23132,-30770,-13582,928,7266
4958,171656,171666,-3795,-847,16283,3006,-8,-13,4035,22862,-29884,-13666,937,7267
4958,171679,171688,-550,2037,14600,4989,-28,38,4408,22718,-28771,-13498,932,7268
4958,171701,171711,-2520,2724,11958,3358,-60,-26,4384,22790,-28250,-13450,933,7269
4958,171724,171734,853,1213,13894,319,160,52,4517,22712,-27418,-13606,937,7270
4958,171747,171757,1256,-4911,10844,911,-102,-35,4436,22790,-26544,-13396,934,7271
4958,171770,171780,995,-5746,16548,639,371,8,5095,23185,-25544,-13510,932,7272
4958,171793,171802,-2910,2512,9628,927,89,-112,4997,23401,-25083,-13516,933,7273
4958,171816,171825,-141,2362,14742,4494,173,-259,4878,23832,-23898,-13067,931,7274
4958,171838,171848,621,-2335,13021,4414,147,36,5066,24221,-23287,-13306,931,7275
4958,171861,171871,3160,-76,14299,4718,-193,89,4965,24808,-22736,-13127,940,7276
4958,171884,171894,-2625,2807,4693,4398,-30,-49,4740,25394,-22371,-12786,929,7277
4958,171907,171917,3502,15,8480,559,248,-76,4504,26400,-21743,-12959,939,7278
4958,171937,171947,1167,1037,11445,3262,115,19,4879,27490,-21168,-12983,929,7279
4958,171965,171975,966,1115,10101,1855,205,-51,4706,28585,-20719,-12995,934,7280
4958,171988,171998,-1326,-1196,9794,2430,283,10,4805,29669,-20545,-12714,934,7281
4958,172011,172021,-153,164,10247,4222,30,-50,4589,30447,-20934,-13049,931,7282
4958,172034,172044,-1113,-443,12939,3774,269,76,4697,31591,-20701,-12780,936,7283
4958,172056,172066,-4603,-1376,6910,6189,117,-104,4765,32411,-21066,-12702,936,7284
4958,172079,172089,1207,1054,8854,-2159,315,107,4916,-31898,-21413,-13109,934,7285
4958,172102,172112,-563,-2580,6857,2031,1,11,4996,-31437,-21779,-12929,934,7286
4958,172125,172135,460,2127,10568,-1151,-240,-33,5067,-30491,-22120,-13276,935,7287
4958,172148,172158,1734,-1964,7403,1711,194,45,4846,-29671,-22838,-13055,931,7288
4958,172170,172180,-1405,-846,2795,-4286,17,16,5154,-28803,-23634,-12941,927,7289
4958,172193,172203,-1937,3052,397,-671,431,114,5155,-28240,-24203,-13139,934,7290
4958,172216,172226,-1214,-856,-1985,-1071,128,-10,5090,-27486,-25101,-13001,932,7291
4958,172239,172249,-678,-158,-906,-2654,62,78,5261,-27079,-26149,-12935,934,7292
4958,172262,172271,-629,189,-511,-383,272,40,5380,-26708,-27125,-12953,934,7293
4958,172290,172299,1666,-3262,-1792,-543,330,133,6045,-26019,-28484,-12977,932,7294
4958,172312,172322,-619,-758,-535,-1391,306,150,6423,-26103,-29723,-13348,936,7295
4958,172335,172345,-4753,6930,-4119,-1519,235,109,7111,-26295,-30836,-13007,933,7296
4958,172358,172368,-1958,-297,-246,-463,220,168,7733,-26355,-31752,-13175,932,7297
4958,172381,172391,835,1022,-1571,-2702,200,72,8307,-27001,32149,-13181,930,7298
4958,172403,172413,756,701,-1000,-1119,639,139,8870,-27803,31096,-13288,933,7299
4958,172426,172436,-800,-958,-1794,63,-18,54,9312,-29252,29863,-13342,932,7300
4958,172449,172459,-1242,-1325,-2304,-927,873,34,9815,-30461,29013,-13181,931,7301
4958,172472,172482,-1682,-931,-2079,-2031,510,-34,10231,-32718,28480,-13450,932,7302
4958,172495,172504,-1532,-160,-2262,-2351,369,-24,10562,30992,28522,-13456,935,7303
4958,172517,172527,-582,5,-2045,-383,120,-3,10935,28849,28953,-13414,935,7304
4958,172540,172550,-374,-2487,-1914,175,-94,-62,11134,26927,29833,-13366,933,7305
4958,172563,172573,-1062,-1476,-2832,-4318,368,38,11433,25053,31365,-13438,927,7306
4958,172586,172596,-1189,-614,-1646,-911,442,58,11571,23880,-32638,-13624,932,7307
4958,172614,172624,-1700,-495,-1407,-3566,347,101,11847,22772,-29382,-13480,933,7308
4958,172637,172646,-486,-344,-2013,-2670,506,141,11988,22970,-27352,-13474,935,7309
4958,172659,172669,-1033,-833,-1694,1039,599,102,12138,23850,-25011,-13480,936,7310
4958,172682,172692,-1404,-1415,-1365,-1359,446,169,12249,24880,-23515,-13300,929,7311
4958,172705,172715,-2029,-358,-2807,-3102,277,147,12368,27023,-21844,-13378,932,7312
4958,172728,172738,-2542,-613,-1900,-623,154,108,12481,30489,-21366,-13073,929,7313
4958,172751,172760,-1287,-324,-2415,-79,287,100,12586,31597,-21491,-13438,935,7314
4958,172773,172783,-797,-645,-1980,-2574,434,101,12674,-31150,-22431,-13067,933,7315
4958,172796,172806,-714,-1470,-1819,-2287,-62,109,12698,-29246,-23652,-13229,928,7316
4958,172819,172829,-877,-1164,-2111,-463,179,42,12763,-27456,-25652,-13265,933,7317
4958,172842,172852,-1944,-1241,-1258,-3358,176,84,12796,-26690,-27837,-13229,933,7318
4958,172865,172875,-1488,-804,-1291,-2031,156,64,12833,-26552,-30495,-13085,935,7319
4958,172888,172897,-1531,-347,-1844,-3918,443,114,12919,-27288,-32638,-13306,935,7320
4958,172910,172920,-756,-741,-1848,-3886,141,53,12897,-28498,30874,-13360,936,7321
4958,172939,172948,-893,-387,-2083,-1375,457,93,12923,-30958,29228,-13366,931,7322
4958,172961,172971,-1183,-813,-1438,-1967,-54,76,12893,31872,28552,-13259,934,7323
4958,172984,172994,-1371,-833,-1657,-4142,98,28,12931,29789,28815,-13324,931,7324
4958,173007,173017,-1147,-107,-1946,-1103,154,35,12949,26945,30054,-13420,932,7325
4958,173030,173040,-1265,19,-1470,1487,582,56,12951,25233,31257,-13522,933,7326
4958,173053,173062,-1115,-845,-1910,-95,203,-17,12938,23563,-31818,-13648,931,7327
4958,173075,173085,-1192,-317,-1757,-79,443,12,12952,22904,-29208,-13486,935,7328
4958,173098,173108,-1209,-896,-1861,-495,93,-38,12943,22760,-27107,-13492,932,7329
4958,173121,173131,-1223,-517,-1835,-527,384,-78,12935,23790,-24419,-13235,932,7330
4958,173144,173154,-1393,-294,-1795,-3182,94,-52,12967,25137,-23018,-13270,931,7331
4958,173167,173177,-832,-439,-1584,-1823,423,-19,12956,27292,-21437,-13259,933,7332
4958,173190,173199,-864,-299,-2038,-3582,338,-13,12956,29435,-20988,-13276,935,7333
4958,173212,173222,-1016,-437,-1348,-1263,496,-25,12949,32231,-21132,-13378,930,7334
4958,173235,173245,-1087,-318,-1792,-1535,412,-28,12970,-31287,-22126,-13205,932,7335
4958,173263,173273,-1844,-570,-1655,-1343,475,-6,12981,-28156,-24455,-13103,930,7336
4958,173286,173296,-837,-434,-1698,-1503,511,-25,12980,-27067,-26257,-12977,932,7337
4958,173309,173319,-1696,-957,-1388,-3710,375,-72,13011,-26570,-29106,-13259,935,7338
4958,173332,173341,-1368,-552,-2164,-2287,425,-65,12958,-26606,-31166,-13193,934,7339
4958,173354,173364,-1074,-274,-1582,-3118,390,-89,13048,-27642,31892,-13031,941,7340
4958,173377,173387,-1090,-289,-1469,-591,549,-61,13023,-29210,30389,-13013,933,7341
4958,173400,173410,-1966,-502,-1206,-1615,507,-67,13032,-31653,29186,-13300,935,7342
4958,173423,173433,-1692,-413,-1287,-1471,336,-41,12990,31555,28761,-13450,933,7343
4958,173446,173455,-1820,-252,-1468,-31,38,-90,13023,28687,29240,-13528,928,7344
4958,173468,173478,-1108,-424,-1698,-1839,147,-50,13013,26215,30928,-13516,934,7345
4958,173491,173501,-1498,-543,-1707,-1359,240,-26,13004,24580,32503,-13612,930,7346
4958,173514,173524,-1849,-341,-1183,-2654,394,-37,13011,23173,-30178,-13558,935,7347
4958,173537,173547,-1760,204,-1213,-2494,334,4,12995,22712,-28292,-13761,938,7348
4958,173565,173575,-2161,-224,-1694,47,314,29,13029,23622,-25047,-13935,929,7349
4958,173588,173598,-1442,-320,-1607,-879,519,21,12957,24742,-23317,-13791,933,7350
4958,173611,173621,-1300,-308,-1563,-1119,409,6,12996,27011,-21737,-13690,932,7351
4958,173634,173643,-1467,-476,-1111,-687,315,16,13004,28879,-21048,-13354,934,7352
4958,173656,173666,-1398,-743,-1563,-511,233,12,12996,31728,-21222,-13193,932,7353
4958,173679,173689,-1798,-529,-1246,767,727,40,12984,-31485,-21826,-13235,931,7354
4958,173702,173712,-1807,-300,-1598,-3918,220,22,12976,-29120,-23401,-13253,931,7355
4958,173725,173735,-1065,-824,-1520,-2862,218,20,12974,-27540,-25371,-13109,930,7356
4958,173748,173757,-933,-189,-2218,-2095,664,52,12960,-26510,-27927,-13151,932,7357
4958,173770,173780,-1530,-826,-1992,15,80,61,12936,-26343,-29872,-13193,929,7358
4958,173793,173803,-1598,-819,-1546,-2782,192,85,12912,-26875,-32506,-13265,930,7359
4958,173816,173826,-1400,-300,-1325,-2542,273,45,12883,-28198,30868,-13127,930,7360
4958,173839,173849,-1122,-806,-1263,-2271,237,82,12873,-30360,29468,-13432,928,7361
4958,173862,173871,-1738,-846,-1555,-239,460,68,12846,32572,28731,-13342,930,7362
4958,173890,173900,-1503,-988,-1623,-735,220,72,12825,29519,28983,-13594,934,7363
4958,173912,173922,-1474,-613,-1650,-2686,535,67,12806,27556,29905,-13630,933,7364
4958,173935,173945,-1495,-719,-1375,-991,282,48,12768,25227,31569,-13432,935,7365
4958,173958,173968,-1593,-582,-1311,-3470,-1,-2,12782,23581,-31728,-13300,931,7366
4958,173981,173991,-1317,-429,-1442,-3950,191,10,12734,22718,-29699,-13582,935,7367
4958,174004,174014,-808,-401,-1450,-495,323,45,12694,22623,-26873,-13546,935,7368
4958,174027,174036,-1853,-642,-1250,-719,141,27,12677,23485,-24868,-13570,935,7369
4958,174049,174059,-1574,-648,-1510,-623,41,9,12672,25161,-22689,-13318,938,7370
4958,174072,174082,-1176,-479,-1594,-2942,367,4,12663,26783,-21509,-13217,932,7371
4958,174095,174105,-1470,-392,-1337,-143,277,27,12606,29501,-21000,-13456,935,7372
4958,174118,174128,-1614,-312,-1257,-1903,90,-1,12630,31656,-20887,-13552,932,7373
4958,174141,174150,-1002,-519,-1891,-1679,-10,3,12606,-31395,-21797,-13378,932,7374
4958,174163,174173,-1551,-250,-1198,-1871,24,-29,12631,-29599,-23090,-13378,931,7375
4958,174186,174196,-1395,-636,-1200,-751,77,-27,12596,-27510,-25179,-13468,931,7376
4958,174214,174224,-1389,-503,-1416,-1663,342,-22,12593,-26612,-27921,-13109,931,7377
4958,174237,174247,-937,-313,-1239,-4334,327,-45,12602,-26564,-30663,-12917,933,7378
4958,174260,174270,-1248,-287,-2025,-1503,415,-19,12577,-27217,-32656,-13151,928,7379
4958,174283,174292,-1207,-186,-1199,-959,417,-38,12585,-28833,30892,-13426,927,7380
4958,174305,174315,-1478,-160,-1800,-2606,178,-27,12568,-30641,29563,-13498,931,7381
4958,174328,174338,-1346,-197,-1465,-1439,180,-52,12566,32117,29072,-13791,932,7382
4958,174351,174361,-1005,-398,-1313,-1055,325,-54,12565,29346,29228,-13420,932,7383
4958,174374,174384,-947,-437,-1419,-1599,414,-10,12563,27358,29958,-13606,932,7384
4958,174397,174406,-1270,-315,-1663,-2478,-54,-34,12558,24993,31742,-13773,931,7385
4958,174419,174429,-1089,-402,-1453,191,313,10,12543,23862,-31986,-13570,931,7386
4958,174442,174452,-1537,-293,-1650,-1503,256,-2,12557,22868,-29639,-13600,933,7387
4958,174465,174475,-1278,-234,-1289,-1551,4,22,12528,22623,-27454,-13558,933,7388
4958,174488,174498,-1457,-286,-1390,-2031,364,-8,12542,23395,-25017,-13492,933,7389
4958,174511,174520,-1010,-390,-1331,447,328,29,12534,24377,-23377,-13294,936,7390
4958,174539,174549,-1204,-222,-1211,-2063,382,-9,12530,27077,-21300,-13330,930,7391
4958,174561,174571,-1339,-172,-1741,-1023,332,-26,12545,29124,-20970,-13043,932,7392
4958,174584,174594,-1305,-404,-1112,-751,369,-20,12520,31818,-21120,-13181,934,7393
4958,174607,174617,-1611,-449,-1569,-3582,551,-42,12523,-31419,-21898,-12971,932,7394
4958,174630,174640,-1537,-404,-1161,-671,406,-9,12514,-29270,-23539,-12965,935,7395
4958,174653,174662,-1433,-595,-1729,-2862,560,-10,12495,-27893,-25275,-12965,931,7396
4958,174675,174685,-1014,-449,-1230,-2702,72,-8,12472,-26792,-27783,-13157,933,7397
4958,174698,174708,-1117,-374,-1556,-1055,499,4,12461,-26636,-29681,-13043,930,7398
4958,174721,174731,-1521,-398,-1524,-2638,61,-4,12449,-27199,-32105,-12923,933,7399
4958,174751,174761,-1413,-290,-1479,-287,51,24,12442,-29192,30731,-13055,930,7400
4958,174795,174805,-1111,-510,-1730,-1423,463,27,12430,32231,28977,-13205,933,7401
4958,174818,174828,-1530,-656,-942,-1823,434,40,12431,30244,29030,-13504,932,7402
4958,174841,174851,-1498,-702,-1515,351,66,8,12421,27496,29917,-13582,934,7403
4958,174864,174874,-1047,-523,-848,-2526,360,10,12421,25784,31240,-13708,931,7404
4958,174892,174901,-1294,-276,-998,-1711,172,-1,12403,23593,-31698,-13743,930,7405
4958,174914,174924,-1009,-486,-1233,-767,591,-6,12392,23012,-29759,-13498,933,7406
4958,174937,174947,-1080,-652,-1537,-1375,-91,-6,12370,22802,-27065,-13498,931,7407
4958,174960,174970,-1268,-413,-1524,767,312,11,12335,23263,-25203,-13420,932,7408
4958,174982,174992,-1095,-302,-1338,-2878,276,8,12314,24766,-22850,-13247,931,7409
4958,175005,175015,-1279,-618,-1469,-1823,368,41,12303,26227,-22042,-13253,933,7410
4958,175028,175038,-1087,-178,-1388,-1263,223,10,12290,28944,-21102,-13318,930,7411
4958,175051,175061,-1019,-358,-972,-1503,149,34,12281,30884,-21072,-13193,933,7412
4958,175073,175083,-1248,-434,-1361,-1391,281,21,12263,-31922,-22036,-13181,932,7413
4958,175096,175106,-1386,-457,-1216,-2287,313,33,12262,-30108,-22904,-12947,930,7414
4958,175119,175129,-1392,-426,-1400,-655,314,19,12259,-28013,-24658,-13498,929,7415
4958,175142,175152,-1066,-592,-1011,-1247,279,0,12237,-27229,-26550,-13570,932,7416
4958,175165,175174,-587,-262,-1355,-2734,9,-10,12249,-26606,-29268,-13169,931,7417
4958,175187,175197,-967,-670,-896,-2271,334,-10,12232,-26786,-31237,-13055,931,7418
4958,175215,175225,-1598,-752,-1386,-495,443,-10,12211,-28180,31377,-13486,930,7419
4958,175238,175248,-1092,-293,-1072,-1359,450,11,12189,-29569,30138,-13169,932,7420
4958,175261,175271,-1566,-517,-1152,-943,435,-5,12154,-31754,29054,-13522,932,7421
4958,175283,175293,-1192,-565,-1439,-1215,442,5,12156,31513,28833,-13384,931,7422
4958,175306,175316,-1125,-500,-1371,-2319,383,-9,12113,28855,29210,-13432,932,7423
4958,175329,175339,-1257,-518,-1133,-1807,382,30,12132,26849,30222,-13462,931,7424
4958,175362,175372,-1300,-274,-1437,-2047,335,14,12101,24047,-32315,-13498,936,7425
4958,175385,175394,-1287,-172,-1542,-1775,498,44,12109,23042,-30417,-13486,928,7426
4958,175407,175417,-989,-79,-1074,-2446,290,17,12109,22940,-28023,-13624,933,7427
4958,175430,175440,-874,-194,-909,-1343,189,19,12093,23155,-25975,-13354,928,7428
4958,175453,175463,-934,-683,-1211,-1887,484,-2,12093,24173,-23838,-13402,933,7429
4958,175476,175485,-1123,-444,-1009,-1663,180,-21,12107,25472,-22329,-13163,931,7430
4958,175498,175508,-1596,-540,-1683,-2175,128,-2,12104,27753,-21216,-13294,933,7431
4958,175527,175536,-1250,-285,-811,-2031,-3,-30,12089,30561,-21108,-13630,932,7432
4958,175549,175559,-1324,-263,-1333,-1167,85,-28,12088,-32455,-21533,-13199,934,7433
4958,175572,175582,-1329,-492,-1235,-1583,102,-49,12080,-30527,-22491,-12953,932,7434
4958,175595,175605,-1041,-332,-1125,-1471,549,-13,12046,-28617,-24305,-13558,923,7435
4958,175618,175627,-1039,-244,-1152,-1679,513,1,12059,-27372,-25981,-13396,927,7436
4958,175640,175650,-1146,-373,-1122,-1311,144,-34,12029,-26708,-28436,-13342,935,7437
4958,175663,175673,-1017,-249,-1220,-1103,192,-6,12052,-26570,-30309,-13450,928,7438
4958,175686,175696,-1354,-172,-1474,-2047,236,17,12024,-27270,-32674,-13276,935,7439
4958,175709,175718,-1271,-196,-1285,-527,343,16,12022,-28516,31509,-13498,934,7440
4958,175731,175741,-1326,-445,-1260,-1535,399,22,12027,-30479,30108,-13522,934,7441
4958,175754,175764,-1325,-284,-1107,-2494,443,20,12018,-32347,29474,-13827,935,7442
4958,175777,175787,-1296,-519,-1419,-2079,307,33,12021,30866,29342,-13725,930,7443
4958,175800,175809,-1234,-408,-1683,-1119,45,281,12026,28058,30108,-13648,934,7444
4958,175822,175832,-1476,-774,-1151,-2526,342,-45,12024,26215,31012,-13642,932,7445
4958,175851,175860,-1247,-666,-1243,-959,465,1,11712,24317,-32495,-13929,935,7446
4958,175873,175883,-1366,-447,-1498,-1967,380,-5,11997,23233,-30256,-13564,936,7447
4958,175896,175906,-1166,-643,-1474,-2255,304,-3,11981,22904,-27508,-13636,929,7448
4958,175919,175929,-1095,-377,-1298,-2015,551,-1,11974,23155,-25784,-13288,934,7449
4958,175942,175951,-1212,-255,-887,-2542,550,11,11950,24461,-23587,-13462,929,7450
4958,175964,175974,-1285,-394,-1559,-559,597,60,11932,25580,-22563,-13384,930,7451
4958,175987,175997,-902,-460,-1143,-2287,391,53,11921,27993,-21288,-13241,931,7452
4958,176010,176020,-1146,-551,-1239,-2478,244,49,11907,29848,-21030,-13354,925,7453
4958,176033,176042,-998,-437,-902,-1359,376,53,11907,32447,-21521,-13534,933,7454
4958,176055,176065,-1322,-339,-1409,-1567,309,25,11884,-31000,-21988,-13115,932,7455
4958,176078,176088,-915,-92,-1041,-1567,322,14,11901,-28995,-23874,-13265,933,7456
4958,176101,176111,-1301,-461,-1341,-2446,98,22,11878,-27654,-25460,-13294,929,7457
4958,176124,176133,-1165,-593,-896,-1343,398,41,11879,-26600,-27687,-13354,932,7458
4958,176146,176156,-887,-358,-1187,-1135,330,22,11874,-26600,-29591,-13175,931,7459
4958,176175,176184,-1411,-637,-1095,-2574,331,13,11859,-27372,-32698,-13127,932,7460
4958,176197,176207,-998,-297,-1065,-2271,287,-3,11827,-28528,31371,-13037,934,7461
4958,176220,176230,-1027,-567,-1087,-1583,36,0,11826,-30354,29911,-13139,933,7462
4958,176243,176252,-1144,-525,-1291,-1119,377,25,11782,-32221,29132,-13378,934,7463
4958,176265,176275,-830,-339,-1082,-463,393,-6,11779,30914,29198,-12845,930,7464
4958,176288,176298,-1162,-223,-1204,15,255,16,11764,28867,29485,-13312,932,7465
4958,176311,176321,-1210,-327,-1128,-2382,418,17,11758,26484,30725,-13306,936,7466
4958,176334,176344,-1376,-274,-987,-607,284,24,11757,24904,31964,-13384,930,7467
4958,176356,176366,-1009,-31,-1044,-1503,533,27,11747,23563,-31219,-13294,931,7468
4958,176379,176389,-1043,-270,-1182,-1759,223,10,11747,22988,-28699,-13211,931,7469
4958,176402,176412,-1363,-281,-1268,-815,58,-19,11740,22922,-26807,-13217,933,7470
4958,176425,176435,-1263,-206,-1428,-1791,456,6,11747,23742,-24449,-13420,935,7471
4958,176448,176457,-978,-216,-1390,-1775,108,-34,11720,24945,-23257,-13336,930,7472
4958,176470,176480,-1104,-311,-1078,-2926,219,-19,11723,26747,-21701,-13288,933,7473
4958,176498,176508,-906,-315,-1311,-463,-131,-41,11725,29142,-20958,-13498,932,7474
4958,176521,176531,-1204,-515,-877,-767,256,-14,11693,31722,-20970,-13354,932,7475
4958,176544,176554,-1032,-261,-1283,-2079,169,-9,11687,-31928,-21551,-13426,928,7476
4958,176567,176576,-1255,-457,-884,-2271,353,-4,11667,-29539,-22910,-13163,933,7477
4958,176590,176599,-871,-274,-915,-1711,292,12,11672,-28216,-24437,-13175,929,7478
4958,176612,176622,-1227,-319,-1033,-1519,379,-2,11667,-26768,-26723,-13085,936,7479
4958,176635,176645,-1303,-303,-1016,-319,227,18,11655,-26546,-28555,-13300,931,7480
4958,176658,176668,-1380,-476,-1103,-2207,345,24,11654,-26786,-31016,-13199,932,7481
4958,176681,176690,-1429,-402,-1170,-2878,150,-8,11637,-27241,-32704,-13259,928,7482
4958,176703,176713,-904,-200,-1171,-1055,137,18,11647,-28821,30904,-13013,932,7483
4958,176726,176736,-1061,-370,-974,-3598,347,-12,11634,-30437,29845,-13342,932,7484
4958,176749,176759,-1290,-195,-1118,-1759,229,2,11636,-32766,29174,-13462,931,7485
4958,176772,176781,-1278,-434,-1104,-943,60,-32,11645,30860,29204,-13749,932,7486
4958,176794,176804,-1176,-294,-937,-1759,344,-16,11626,28082,29683,-13612,936,7487
4958,176823,176832,-1096,-489,-819,-1263,112,-41,11624,25897,31156,-13713,932,7488
4958,176845,176855,-885,-350,-919,-3262,216,-21,11605,24065,-32501,-13558,929,7489
4958,176868,176878,-913,-323,-1135,-1151,650,11,11603,23215,-30711,-13324,933,7490
4958,176891,176901,-1437,-371,-1335,-1007,309,-12,11589,22701,-28214,-13576,932,7491
4958,176913,176923,-972,-201,-1135,-1103,219,9,11581,22928,-25676,-13731,935,7492
4958,176936,176946,-1178,-269,-1221,-175,-110,-29,11598,23754,-24065,-13474,933,7493
4958,176959,176969,-989,-361,-1215,-623,236,-6,11576,25365,-22287,-13492,928,7494
4958,176982,176992,-1018,-363,-1202,-1535,492,14,11584,26813,-21491,-13384,931,7495
4958,177005,177014,-1352,-371,-981,-1567,342,17,11579,29411,-20881,-13678,930,7496
4958,177027,177037,-1291,-410,-826,-1375,91,-24,11591,31279,-20869,-13390,932,7497
4958,177050,177060,-1272,-470,-1026,-1215,345,-17,11589,-31485,-21815,-13294,932,7498
4958,177073,177083,-1217,-633,-985,-2367,192,-9,11587,-29994,-22760,-13372,932,7499
4958,177096,177105,-1372,-587,-805,-767,464,-3,11550,-28156,-24712,-13151,931,7500
4958,177118,177128,-896,-180,-820,-1999,387,-9,11564,-27097,-26274,-13235,930,7501
4958,177146,177156,-1146,-345,-889,-1055,419,11,11539,-26600,-29531,-13187,931,7502
4958,177169,177179,-1160,-411,-883,-2111,475,32,11519,-26875,-31285,-13300,933,7503
4958,177192,177202,-1082,-322,-1010,-1263,232,38,11499,-27995,31964,-13348,932,7504
4958,177215,177224,-1212,-463,-996,-1791,279,35,11509,-29108,30443,-13438,932,7505
4958,177237,177247,-1075,-419,-816,-2127,115,30,11492,-31210,29497,-13522,930,7506
4958,177260,177270,-970,-390,-1134,-1759,205,40,11497,32542,29234,-13270,931,7507
4958,177283,177293,-956,-410,-791,-1967,424,41,11495,29807,29414,-13468,929,7508
4958,177306,177315,-1133,-330,-1181,-1423,271,21,11496,28052,29791,-13636,935,7509
4958,177328,177338,-1172,-332,-917,-1183,352,-4,11497,25927,31102,-13630,931,7510
4958,177351,177361,-1080,-1072,-1015,-943,93,-16,11517,24413,32533,-13342,933,7511
4958,177374,177384,-1274,-685,-1027,-2367,223,-24,11472,23221,-30836,-13420,928,7512
4958,177397,177406,-1013,-238,-854,-1487,81,10,11484,22718,-28430,-13654,934,7513
4958,177419,177429,-1204,-567,-1213,-1215,358,-48,11457,22862,-26706,-13438,933,7514
4958,177446,177456,-762,-463,-954,-815,688,20,11419,23742,-24329,-13594,934,7515
4958,177469,177479,-1160,-406,-971,-1359,271,0,11409,25161,-22575,-13097,933,7516
4958,177492,177502,-972,-387,-1174,-1775,396,9,11383,26945,-21605,-13163,929,7517
4958,177515,177524,-1022,-463,-862,-1839,339,25,11376,29274,-20982,-13217,930,7518
4958,177537,177547,-880,-408,-1244,-2382,297,34,11374,31183,-20952,-12810,931,7519
4958,177560,177570,-854,-302,-983,-495,-22,27,11357,-31665,-21587,-12887,932,7520
4958,177590,177600,-879,-180,-865,-1663,446,59,11360,-29108,-23575,-13019,931,7521
4958,177613,177623,-1109,-315,-1046,-687,324,52,11352,-27827,-24922,-12905,930,7522
4958,177635,177645,-779,-156,-576,-1103,301,14,11337,-26762,-27238,-13229,931,7523
4958,177658,177668,-1283,-377,-1307,-831,11,19,11352,-26325,-29136,-13013,929,7524
4958,177681,177691,-1136,-243,-969,-511,-8,-2,11320,-26618,-31644,-13049,931,7525
4958,177704,177713,-1037,-398,-1132,-703,267,-4,11326,-27462,32305,-12875,931,7526
4958,177726,177736,-870,-419,-1101,-2191,258,18,11294,-28815,30575,-12833,932,7527
4958,177749,177759,-928,-363,-1167,-1967,136,10,11285,-30509,29527,-12917,926,7528
4958,177775,177785,-926,-194,-1082,-399,259,11,11258,32650,28773,-13187,934,7529
4958,177798,177808,-1030,-419,-798,-639,295,-12,11242,30076,29013,-13330,928,7530
4958,177820,177830,-876,-210,-1026,-2702,228,9,11243,28148,29557,-13288,932,7531
4958,177843,177853,-989,-252,-963,-1631,494,35,11218,25831,30743,-13348,929,7532
4958,177866,177876,-891,-335,-993,-863,401,18,11233,24365,32317,-13486,929,7533
4958,177889,177898,-999,-365,-995,-1935,-81,1,11238,23102,-31207,-13534,931,7534
4958,177911,177921,-839,-209,-1083,-943,391,0,11232,22635,-29453,-13624,928,7535
4958,177934,177944,-1175,-297,-939,-1887,130,-24,11238,22802,-26789,-13372,930,7536
4958,177957,177967,-1084,-392,-1013,159,219,-22,11235,23102,-24365,-13175,934,7537
4958,177979,177989,-987,-416,-883,-463,380,-13,11227,24514,-23048,-13426,930,7538
4958,178002,178012,-1212,-251,-965,-2143,96,-41,11218,26227,-21581,-13324,930,7539
4958,178025,178035,-1152,-357,-1043,-671,277,-21,11209,28106,-20851,-13169,931,7540
4958,178048,178058,-1198,-405,-819,-1615,69,-57,11211,30513,-20563,-13318,933,7541
4958,178071,178080,-1081,-274,-606,-1791,337,-34,11198,32333,-20905,-13259,932,7542
4958,178099,178108,-910,-429,-908,-1519,292,-5,11184,-30156,-22419,-13055,932,7543
4958,178121,178131,-684,-317,-1036,-1439,90,-12,11185,-28570,-23766,-12989,927,7544
4958,178144,178154,-904,-343,-669,-1167,463,29,11168,-27043,-25676,-13019,934,7545
4958,178167,178177,-972,-280,-863,-1215,88,-11,11179,-26438,-27693,-13031,932,7546
4958,178190,178200,-1023,-167,-1322,-447,300,5,11161,-26205,-30040,-12798,933,7547
4958,178213,178223,-1126,-264,-959,-1727,417,34,11173,-26576,-31626,-13324,933,7548
4958,178236,178246,-1131,-320,-1088,-2478,216,28,11186,-27815,31335,-13217,932,7549
4958,178259,178269,-1104,-271,-959,-1311,247,-4,11185,-29132,30318,-13181,932,7550
4958,178282,178291,-1135,-506,-686,-1519,107,-18,11193,-31371,29180,-13217,933,7551
4958,178305,178314,-828,-293,-941,-1951,329,-1,11185,31004,28863,-13294,932,7552
4958,178328,178337,-1114,-430,-857,-927,415,0,11179,29872,29013,-13396,932,7553
4958,178350,178360,-1064,-480,-983,-1503,392,-3,11158,27286,29970,-13336,931,7554
4958,178373,178383,-978,-459,-913,-1199,-34,-51,11165,25586,30988,-13390,930,7555
4958,178396,178406,-1132,-452,-669,-943,275,-9,11136,23814,-32674,-13426,931,7556
4958,178424,178434,-1053,-442,-963,-1375,117,-6,11128,22814,-30423,-13540,932,7557
4958,178447,178457,-846,-511,-963,159,300,14,11121,22605,-27963,-13426,931,7558
4958,178470,178480,-963,-82,-902,-1359,242,13,11119,22838,-26041,-13492,932,7559
4958,178493,178503,-941,-358,-785,-1263,293,41,11111,23958,-23808,-13336,929,7560
4958,178516,178526,-1154,-317,-835,-1055,215,13,11104,25023,-22724,-13504,933,7561
4958,178539,178549,-1087,-308,-939,-1743,325,9,11113,27131,-21282,-13534,928,7562
4958,178562,178572,-1054,-355,-890,-911,463,32,11099,29112,-20875,-13510,934,7563
4958,178585,178594,-1193,-508,-983,-2111,46,0,11109,31591,-20940,-13432,930,7564
4958,178607,178617,-1172,-274,-826,-1279,377,27,11094,-31497,-21557,-13528,931,7565
4958,178630,178640,-1026,-254,-719,-1839,292,12,11082,-29976,-22617,-12929,933,7566
4958,178653,178663,-913,-411,-913,-1039,141,5,11079,-27785,-24377,-12929,930,7567
4958,178676,178686,-893,-395,-1089,-1199,137,-13,11055,-26899,-25981,-13157,933,7568
4958,178699,178709,-948,-311,-1017,-2271,269,3,11010,-26283,-28244,-13199,931,7569
4958,178722,178732,-961,-361,-1014,-1535,356,30,11008,-26295,-30064,-13091,932,7570
4958,178750,178760,-916,-383,-1004,-1631,306,48,10969,-27145,32431,-12917,938,7571
4958,178773,178783,-983,-458,-946,-1295,203,46,10940,-28091,30976,-13019,928,7572
4958,178796,178806,-878,-304,-761,-2063,243,46,10934,-30348,29683,-13091,927,7573
4958,178819,178829,-685,-441,-705,-1807,154,24,10906,-31880,29102,-13276,930,7574
4958,178842,178852,-984,-167,-688,-1423,300,60,10903,31142,28857,-13294,930,7575
4958,178865,178875,-801,-511,-973,0,486,62,10874,27663,29102,-13414,930,7576
4958,178888,178897,-735,-410,-732,-1871,320,53,10864,26598,30000,-13468,933,7577
4958,178911,178920,-958,-408,-810,-2430,298,46,10864,24850,31461,-13312,929,7578
4958,178933,178943,-1156,-471,-600,-1823,179,35,10832,23557,-32512,-13420,934,7579
4958,178956,178966,-740,-443,-711,-1871,299,20,10828,22683,-30004,-13576,931,7580
4958,178979,178989,-814,-368,-871,-1199,78,1,10809,22329,-28268,-13378,934,7581
4958,179002,179012,-1010,-334,-625,-1087,187,5,10788,22461,-25975,-13737,933,7582
4958,179025,179035,-888,-356,-780,-1487,228,-4,10780,23275,-24359,-13630,933,7583
4958,179048,179058,-915,-115,-914,-1535,116,-12,10776,24796,-22599,-13678,933,7584
4958,179076,179086,-971,-286,-991,-1055,185,-18,10757,26598,-21413,-13229,932,7585
4958,179099,179109,-773,-239,-893,-1439,175,-17,10756,28753,-20779,-13348,933,7586
4958,179122,179132,-862,-216,-1002,-415,85,-4,10768,30788,-20480,-13259,931,7587
4958,179145,179155,-801,-215,-979,-799,314,-21,10762,-32239,-21066,-13342,926,7588
4958,179168,179178,-800,-202,-898,-991,398,-17,10763,-30024,-22335,-13456,930,7589
4958,179191,179200,-766,-212,-766,-2143,361,-40,10764,-28653,-23610,-12905,937,7590
4958,179213,179223,-623,-170,-815,-1039,112,-58,10770,-27211,-25682,-12947,936,7591
4958,179236,179246,-977,-258,-579,-671,303,-30,10772,-26582,-27316,-13073,931,7592
4958,179259,179269,-772,-457,-879,-2063,217,-50,10777,-26337,-29657,-13103,928,7593
4958,179282,179292,-1027,-290,-923,-2622,359,-37,10789,-26792,-31339,-13378,931,7594
4958,179305,179315,-954,-302,-839,-1791,199,-42,10781,-27588,32000,-13169,932,7595
4958,179328,179338,-998,-365,-732,-1599,322,-33,10784,-28689,30407,-13163,931,7596
4958,179351,179361,-1104,-418,-1010,-1503,376,-36,10786,-30898,29462,-13247,927,7597
4958,179379,179389,-974,-204,-766,-2478,414,-20,10802,32387,28977,-13516,930,7598
4958,179402,179412,-851,-289,-663,-591,291,-22,10801,30016,29102,-13462,931,7599
4958,179425,179435,-1019,-230,-778,-1743,315,-19,10803,27520,29940,-13725,928,7600
4958,179448,179458,-935,-160,-832,-303,392,-8,10808,25999,30958,-13163,931,7601
4958,179471,179481,-923,-135,-763,-2095,321,-9,10805,24251,32712,-13618,934,7602
4958,179494,179504,-983,-366,-841,-591,311,-2,10817,23533,-31118,-13426,929,7603
4958,179517,179526,-882,-82,-760,-911,149,-3,10815,22952,-28861,-13504,929,7604
4958,179539,179549,-913,-268,-863,-2031,186,13,10823,23120,-27083,-13767,930,7605
4958,179563,179572,-928,-382,-784,-1119,323,5,10805,23682,-25029,-13612,931,7606
4958,179585,179595,-854,-328,-768,-1199,191,-1,10826,24443,-23563,-13384,934,7607
4958,179608,179618,-1017,-310,-733,-2446,426,8,10810,26203,-22012,-13312,930,7608
4958,179631,179641,-998,-458,-843,-2063,299,8,10820,28340,-21252,-13265,938,7609
4958,179654,179664,-1157,-433,-639,-1679,352,4,10807,30040,-21072,-13300,930,7610
4958,179677,179687,-813,-301,-885,-1247,250,12,10800,32626,-21443,-13211,932,7611
4958,179713,179723,-1090,-421,-883,-2271,303,20,10794,-29928,-22617,-12756,930,7612
4958,179736,179746,-1008,-484,-571,-975,252,3,10770,-28264,-24173,-13229,930,7613
4958,179759,179769,-1048,-402,-891,-943,201,19,10776,-27229,-25742,-12935,931,7614
4958,179782,179792,-730,-356,-759,-1935,369,44,10749,-26468,-27759,-13145,932,7615
4958,179805,179815,-931,-245,-752,-1279,138,20,10740,-26522,-30226,-13372,935,7616
4958,179828,179838,-943,-463,-761,-1055,306,16,10729,-26833,-31872,-12953,931,7617
4958,179851,179860,-1151,-378,-771,-2398,142,24,10718,-27833,31647,-13193,929,7618
4958,179873,179883,-1027,-337,-602,-191,301,38,10696,-29114,30443,-13450,931,7619
4958,179918,179928,-954,-398,-727,-975,196,38,10676,32656,28935,-13217,929,7620
4958,179941,179951,-953,-253,-637,-1391,224,28,10670,30244,28983,-13151,930,7621
4958,179964,179973,-883,-469,-754,-1359,150,16,10653,28376,29414,-13450,932,7622
4958,179986,179996,-823,-262,-809,-1855,86,26,10627,26316,30683,-13444,932,7623
4958,180009,180019,-917,-337,-842,-175,156,24,10597,24999,31832,-13606,930,7624
4958,180032,180042,-998,-570,-948,-63,372,36,10582,23682,-31513,-13402,932,7625
4958,180060,180070,-908,-318,-726,-1167,404,41,10553,22982,-29376,-13354,930,7626
4958,180083,180093,-900,-90,-550,-1535,152,25,10525,22718,-27005,-13276,935,7627
4958,180106,180116,-659,-295,-619,-1391,14,29,10503,23317,-25640,-13660,933,7628
4958,180129,180139,-895,-375,-846,-1503,226,36,10467,24263,-23742,-13468,931,7629
4958,180152,180161,-839,-238,-806,-1887,295,51,10454,25442,-22527,-13474,932,7630
4958,180174,180184,-931,-112,-759,-1071,129,33,10442,27406,-21515,-13540,932,7631
4958,180197,180207,-587,-170,-762,-1663,331,44,10429,29076,-20952,-13390,936,7632
4958,180220,180230,-829,-215,-765,-943,220,40,10418,31513,-21198,-13342,934,7633
4958,180243,180253,-828,-233,-615,-1791,125,27,10410,-31826,-21785,-13211,935,7634
4958,180266,180276,-793,-367,-680,-1791,157,32,10406,-30150,-22730,-13390,929,7635
4958,180289,180298,-819,-364,-517,-2095,256,5,10396,-28587,-24209,-13288,937,7636
4958,180311,180321,-766,-352,-809,-1487,272,-8,10387,-27450,-25694,-13157,932,7637
4958,180334,180344,-554,-347,-397,-687,275,1,10392,-26714,-27651,-13294,934,7638
4958,180357,180367,-803,-161,-761,-479,132,-36,10379,-26360,-29376,-13354,930,7639
4958,180385,180395,-863,-360,-572,-1375,227,-24,10370,-27103,-32004,-13270,931,7640
4958,180408,180418,-787,-300,-641,-2351,149,-35,10365,-27666,32084,-13294,930,7641
4958,180454,180464,-671,-120,-638,-783,229,-18,10358,-30743,29701,-13229,929,7642
4958,180511,180521,-724,-347,-894,-1167,213,-18,10362,29555,29485,-13324,932,7643
4958,180568,180577,-858,-256,-676,-1407,320,3,10350,25173,32120,-13636,933,7644
4958,180612,180622,-841,-321,-673,-1455,395,-29,10362,23287,-29908,-13630,930,7645
4958,180635,180645,-826,-134,-635,-847,327,-3,10374,22892,-28160,-13360,931,7646
4958,180658,180668,-799,-185,-832,-815,265,-5,10389,23054,-26286,-13342,930,7647
4958,180681,180691,-872,-79,-735,-1599,282,-28,10397,24113,-24353,-13396,931,7648
4958,180704,180714,-817,-239,-672,-927,195,-32,10394,25005,-23084,-13606,930,7649
4958,180727,180736,-948,-232,-618,-831,284,-46,10398,26712,-21629,-13462,929,7650
4958,180749,180759,-917,-192,-607,-607,245,-37,10397,28047,-21150,-13552,934,7651
4958,180772,180782,-946,-280,-657,-1439,315,-30,10402,30525,-20629,-13348,932,7652
4958,180795,180805,-804,-130,-642,-2590,345,-20,10394,32267,-21246,-13336,930,7653
4958,180823,180833,-763,-267,-700,-991,471,-16,10388,-30635,-22240,-13270,933,7654
4958,180846,180856,-925,-73,-916,-1423,274,-21,10386,-29234,-23275,-13187,934,7655
4958,180869,180879,-775,-452,-611,-1535,269,-12,10384,-27881,-25275,-13276,935,7656
4958,180892,180901,-893,-332,-824,-1455,342,-2,10391,-27007,-26741,-13486,933,7657
4958,180914,180924,-963,-306,-617,-1039,46,-11,10399,-26630,-28783,-13270,930,7658
4958,180937,180947,-821,-260,-582,-1423,342,2,10391,-26684,-30627,-13540,934,7659
4958,180960,180970,-1087,-455,-708,-2287,201,9,10406,-27288,-32740,-13390,930,7660
4958,180983,180993,-785,-332,-733,-1007,284,-3,10396,-28133,31611,-13276,931,7661
4958,181016,181026,-990,-307,-713,-1455,118,-11,10399,-30779,29563,-13570,930,7662
4958,181039,181049,-935,-291,-550,-1167,56,-12,10404,-32515,29060,-13624,934,7663
4958,181062,181071,-948,-258,-684,-1183,94,-10,10403,30633,29054,-13486,933,7664
4958,181084,181094,-1188,-332,-793,-1711,428,-9,10403,29076,29420,-13474,932,7665
4958,181107,181117,-858,-265,-740,-1519,216,-20,10398,26939,30479,-13241,931,7666
4958,181130,181140,-849,-281,-702,-1759,176,-8,10396,25424,31509,-13552,932,7667
4958,181158,181168,-815,-316,-642,-1599,271,4,10366,23856,-31513,-13097,931,7668
4958,181181,181191,-1049,-224,-653,-2143,329,10,10362,22982,-30004,-13498,933,7669
4958,181204,181214,-776,-361,-747,-1279,196,13,10341,22892,-27657,-13690,928,7670
4958,181227,181237,-785,-276,-609,-1263,320,36,10333,22970,-26089,-13486,933,7671
4958,181249,181259,-987,-4,-617,-1023,355,30,10312,24018,-24053,-13211,931,7672
4958,181272,181282,-689,-250,-682,-655,330,45,10303,25053,-23042,-13492,932,7673
4958,181295,181305,-932,-327,-586,-2207,328,51,10295,26747,-21647,-13630,930,7674
4958,181318,181328,-694,-271,-603,-2143,247,48,10277,28346,-21030,-13642,933,7675
4958,181341,181351,-774,-369,-752,-783,234,56,10290,30507,-20749,-13624,930,7676
4958,181364,181373,-796,-339,-662,-831,115,40,10264,-32682,-21300,-13504,931,7677
4958,181386,181396,-718,-234,-711,-1695,171,41,10262,-30928,-22180,-13324,934,7678
4958,181409,181419,-779,-280,-751,-1151,268,41,10239,-29192,-23413,-12941,931,7679
4958,181432,181442,-763,-228,-676,-1231,223,11,10238,-28144,-24838,-13450,934,7680
4958,181455,181465,-923,-369,-627,-2047,348,16,10215,-26917,-26664,-13211,932,7681
4958,181477,181486,-872,-203,-399,-1535,196,13,10203,-26456,-28543,-13348,931,7682
4958,181499,181509,-582,-295,-592,-1231,267,8,10181,-26690,-30549,-13205,932,7683
4958,181522,181532,-1009,-372,-906,-1199,210,6,10156,-27049,-32022,-13522,931,7684
4958,181545,181555,1213,1078,5970,-1823,141,164,10015,-28180,31790,-13055,932,7685
4958,181568,181578,-6953,-2178,-9657,-527,249,-208,10233,-29414,30838,-13330,930,7686
4958,181590,181600,236,191,16482,2558,377,264,9975,-31132,29803,-13312,936,7687
4958,181613,181623,-3147,-506,1376,879,253,-21,10025,32602,29042,-13821,932,7688
4958,181636,181646,-115,-617,10050,1967,244,94,9978,30537,29132,-13869,931,7689
4958,181659,181669,-1353,-277,6483,1583,187,0,9972,29022,29324,-14049,933,7690
4958,181682,181692,-368,-328,8830,1695,194,43,9970,26903,30389,-14013,930,7691
4958,181705,181714,-994,-88,7849,1823,144,36,9967,25329,32191,-13995,931,7692
4958,181727,181737,-515,-100,8156,1951,237,41,9964,24233,-32153,-14085,929,7693
4958,181750,181760,-904,-254,7769,719,169,40,9964,23072,-30100,-14067,929,7694
4958,181778,181788,-803,-292,7872,1903,242,19,9957,23036,-28076,-14091,930,7695
4958,181801,181811,-463,-121,8201,1759,117,2,9973,23161,-25921,-14049,931,7696
4958,181824,181834,-711,-276,8134,1231,131,4,9968,23898,-24706,-13983,932,7697
4958,181847,181857,-804,-215,8349,1871,201,6,9988,25095,-23132,-14180,928,7698
4958,181870,181880,-731,-89,8404,1983,131,-6,9974,26149,-22204,-14157,930,7699
4958,181893,181902,-1000,-184,8017,2111,194,289,9993,28304,-21306,-14001,930,7700
4958,181915,181925,-767,-213,8002,2462,161,-13,10001,29825,-21042,-14013,930,7701
4958,181938,181948,-787,-411,8286,1455,164,-24,10004,32219,-21282,-13917,932,7702
4958,181961,181971,-588,-234,8246,2143,181,-12,10025,-32006,-21832,-13971,930,7703
4958,181984,181994,-996,-318,8325,2303,232,-21,10047,-29725,-22910,-13809,933,7704
4958,182007,182016,-643,-274,8298,863,169,-3,10074,-28570,-24095,-14019,931,7705
4958,182029,182039,-725,47,8353,1839,193,-30,10079,-27306,-25688,-14061,928,7706
4958,182052,182062,-954,-281,8480,1663,142,-26,10107,-26474,-27903,-13893,932,7707
4958,182075,182085,-656,-115,8526,2127,317,-6,10115,-26480,-29316,-13755,928,7708
4958,182103,182113,-337,-131,8837,1791,277,0,10156,-26809,-31507,-14067,929,7709
4958,182126,182136,-897,-214,7930,1871,234,-38,10183,-27737,32377,-14121,936,7710
4958,182149,182159,-678,-334,8569,1647,201,-28,10214,-29180,30803,-13989,931,7711
4958,182172,182181,-1045,-341,8682,1983,210,-9,10237,-30713,30000,-14031,931,7712
4958,182194,182204,-884,-339,8374,1615,131,-30,10267,-32694,29300,-14157,929,7713
4958,182217,182227,-706,-351,8639,1183,352,-11,10278,31201,29617,-14252,929,7714
4958,182240,182250,-789,-284,8582,1599,271,-14,10319,28974,29701,-14252,931,7715
4958,182263,182273,-461,-100,8617,1135,85,-33,10333,27514,30545,-14360,932,7716
4958,182286,182295,-893,-104,8717,2175,375,-5,10367,25730,31994,-14198,931,7717
4958,182308,182318,-909,-228,8485,1295,327,9,10376,24580,-32249,-14552,930,7718
4958,182331,182341,-613,-247,8579,1455,337,-4,10410,23802,-30262,-14157,933,7719
4958,182354,182364,-630,-154,8904,2478,279,21,10425,23341,-28651,-14240,931,7720
4958,182377,182387,-878,-221,8610,1647,313,21,10460,23515,-26544,-14043,931,7721
4958,182400,182410,-955,-363,8791,1375,173,17,10483,23976,-24598,-14067,929,7722
4958,182428,182438,-657,-233,8713,1711,325,35,10505,25508,-22940,-14498,930,7723
4958,182451,182460,-870,-252,8826,1871,266,3,10530,26897,-22096,-14300,932,7724
4958,182473,182483,-1346,-293,8821,1535,216,28,10555,28903,-21449,-14264,933,7725
4958,182496,182506,-1061,-530,8843,1503,418,25,10587,30597,-21186,-14498,932,7726
4958,182519,182529,-1115,-415,8616,1791,30,-2,10626,32758,-21671,-14378,931,7727
4958,182542,182552,-731,-486,9100,1423,88,-10,10644,-30695,-22677,-14246,929,7728
4958,182565,182574,-856,-477,8693,783,410,12,10670,-29270,-23874,-14324,929,7729
4958,182587,182597,-778,-460,8734,2143,371,12,10691,-27678,-25664,-14168,932,7730
4958,182610,182620,-968,-384,8871,1359,301,28,10709,-27097,-26963,-14055,934,7731
4958,182633,182643,-727,-367,9061,1855,218,6,10744,-26600,-29483,-14115,932,7732
4958,182656,182666,-641,-280,9093,1663,220,8,10732,-26720,-31034,-14067,929,7733
4958,182679,182689,-632,-239,9007,2207,155,-6,10781,-27426,32551,-14097,933,7734
4958,182702,182712,-865,-469,9239,2574,245,25,10779,-28468,31263,-14186,933,7735
4958,182725,182734,-862,-455,8941,1807,184,27,10829,-30348,29964,-14103,931,7736
4958,182753,182762,-910,-325,8901,2750,197,26,10849,-32461,29126,-14378,933,7737
4958,182775,182785,-719,-417,9245,1999,481,35,10842,30782,29156,-14330,934,7738
4958,182798,182808,-887,-352,9011,2414,255,46,10903,28998,29509,-14127,930,7739
4958,182821,182831,-1079,-106,9442,1743,282,43,10908,26795,30844,-14348,932,7740
4958,182844,182854,-1280,-495,9052,1535,148,37,10948,25406,31898,-14468,929,7741
4958,182867,182876,-1229,-501,9011,1391,255,24,10963,24071,-31752,-14474,935,7742
4958,182889,182899,-781,-324,9148,1791,324,33,10983,23257,-29627,-14258,931,7743
4958,182912,182922,-880,-411,9265,1647,287,18,11012,23024,-27909,-14522,933,7744
4958,182935,182945,-1176,-402,9301,2398,173,-11,11039,23634,-25508,-14252,930,7745
4958,182958,182968,-1110,-321,9513,1647,291,10,11073,24526,-24059,-14151,930,7746
4958,182981,182990,-1078,-400,9479,2654,269,10,11093,26005,-22856,-14312,930,7747
4958,183003,183013,-903,-454,9369,2494,252,-4,11114,27364,-21856,-14240,933,7748
4958,183026,183036,-960,-419,9397,2558,223,8,11137,29699,-21485,-14109,930,7749
4958,183049,183059,-855,-360,9779,2990,57,6,11158,31537,-21527,-14133,931,7750
4958,183077,183087,-859,-358,9584,2590,169,14,11189,-31030,-22503,-14222,936,7751
4958,183100,183110,-815,-160,9374,1823,328,28,11218,-29713,-23640,-13965,929,7752
4958,183123,183132,-1085,-196,9452,1231,129,26,11240,-28001,-25371,-13881,932,7753
4958,183145,183155,-876,-200,9673,2398,248,30,11270,-27300,-26957,-14031,929,7754
4958,183168,183178,-1009,-130,9433,2239,141,9,11305,-26744,-29214,-14240,932,7755
4958,183191,183201,-1003,-287,9639,3742,356,24,11338,-26887,-31154,-14234,932,7756
4958,183214,183224,-854,-628,9459,3534,165,8,11369,-27725,32215,-14222,932,7757
4958,183237,183247,-956,-372,9409,2239,128,-9,11391,-29025,30749,-14324,931,7758
4958,183260,183269,-737,-267,9196,1727,227,5,11427,-30952,29725,-14198,932,7759
4958,183282,183292,-1315,-393,9316,2526,215,2,11455,32333,29228,-13851,933,7760
4958,183305,183315,-974,-393,9507,1647,436,-285,11488,30501,29126,-14043,934,7761
4958,183328,183338,-846,-450,9287,2079,138,-24,11505,28112,29911,-13965,934,7762
4958,183351,183361,-913,-320,9955,2239,250,-24,11548,26274,30970,-14198,929,7763
4958,183381,183391,-1007,-224,9113,2159,169,-19,11591,24257,-32351,-14390,928,7764
4958,183409,183419,-917,-368,9335,1167,138,-13,11619,23347,-30058,-14324,932,7765
4958,183432,183442,-1117,-320,9511,1967,142,2,11655,23108,-27741,-14252,931,7766
4958,183455,183465,-1052,-261,9493,2750,322,22,11682,23658,-25790,-14151,931,7767
4958,183478,183487,-1076,-523,9698,2558,271,21,11707,24724,-23736,-14079,932,7768
4958,183500,183510,-1213,-363,9587,2958,209,6,11747,25957,-22772,-14252,933,7769
4958,183523,183533,-1153,-567,9768,1471,419,36,11773,27927,-21551,-14204,933,7770
4958,183546,183556,-1048,-265,9761,2319,305,3,11799,30681,-21533,-14073,933,7771
4958,183569,183579,-1496,-555,9878,783,235,5,11836,32626,-21635,-14001,928,7772
4958,183592,183601,-1198,-454,9772,1615,408,1,11866,-30725,-22838,-14061,934,7773
4958,183614,183624,-1492,-582,9365,2494,335,-6,11898,-29078,-23970,-13678,930,7774
4958,183637,183647,-964,-479,10037,2191,265,3,11929,-27767,-26029,-13678,932,7775
4958,183660,183670,-1396,-447,9975,2558,60,-27,11955,-27181,-28124,-14013,935,7776
4958,183683,183693,-1370,-398,9578,1903,225,-9,11982,-26851,-30537,-13803,927,7777
4958,183711,183721,-996,-515,9622,2175,368,8,12026,-27384,-32740,-14115,934,7778
4958,183733,183743,-1106,-270,9928,3502,291,-3,12057,-28971,30880,-14408,932,7779
4958,183756,183766,-1341,-385,9828,2047,227,6,12076,-30330,30018,-14426,934,7780
4958,183779,183789,-1023,-482,9741,1279,325,28,12117,-32718,29246,-14342,923,7781
4958,183802,183812,-1291,-417,9765,2446,313,10,12136,30890,29264,-14318,929,7782
4958,183825,183835,-1009,-195,9867,2862,267,22,12168,28298,29928,-14408,933,7783
4958,183848,183857,-1374,-356,9694,2319,241,3,12203,26490,30809,-14318,932,7784
4958,183870,183880,-932,-246,10080,3678,259,46,12221,24568,-32740,-14677,932,7785
4958,183893,183903,-1029,-445,9926,3598,428,25,12258,23664,-31082,-14396,931,7786
4958,183916,183926,-1202,-384,10531,3198,339,16,12292,23359,-28579,-14348,934,7787
4958,183939,183949,-1422,-685,9689,2271,157,11,12320,23616,-26071,-14318,929,7788
4958,183962,183971,-1023,-435,10243,3294,229,9,12346,24419,-24407,-14390,927,7789
4958,183984,183994,-1243,-122,9872,2047,322,-4,12367,26257,-22838,-14264,935,7790
4958,184007,184017,-1480,-330,10129,2159,293,4,12409,27867,-21743,-14288,933,7791
4958,184035,184045,-943,-484,10029,2542,232,-22,12424,31207,-21389,-14001,932,7792
4958,184058,184068,-1084,-441,10182,1215,191,-5,12465,-32473,-22006,-14145,933,7793
4958,184081,184091,-824,-367,10327,1551,257,-20,12478,-30090,-23066,-14031,932,7794
4958,184104,184113,-654,-174,10276,3358,360,22,12513,-28689,-24508,-14007,931,7795
4958,184126,184136,-1168,-408,10000,1711,514,21,12551,-27252,-26963,-14390,929,7796
4958,184149,184159,-1207,-174,10100,2303,289,9,12580,-26738,-28807,-14168,934,7797
4958,184172,184182,-954,-234,9996,1871,280,14,12606,-26887,-31225,-14486,930,7798
4958,184195,184205,-1368,-599,10337,3710,138,0,12640,-27881,32515,-14151,932,7799
4958,184218,184228,-1248,-312,10052,2942,168,-14,12681,-29515,30701,-14234,925,7800
4958,184241,184250,-1592,-437,10023,2319,129,-11,12718,-31150,29797,-14157,931,7801
4958,184263,184273,-1155,-200,10435,2255,252,-3,12749,31638,29276,-14462,932,7802
4958,184286,184296,-1522,-366,10048,2063,296,-4,12775,28915,29671,-14576,930,7803
4958,184309,184319,-1266,-349,10248,2558,139,-46,12815,26951,30443,-14797,932,7804
4958,184332,184342,-1140,-139,10194,2766,115,-33,12854,25023,32161,-14372,929,7805
4958,184360,184370,-1026,-352,10302,2702,304,-26,12889,23724,-30705,-14815,933,7806
4958,184383,184392,-1334,-720,10264,2862,465,-26,12938,23054,-28328,-14647,936,7807
4958,184405,184415,-1217,-426,10404,3086,283,1,12978,23563,-26209,-14474,931,7808
4958,184428,184438,-1399,-639,10409,2542,314,-17,13003,24580,-23898,-14252,932,7809
4958,184451,184461,-1333,-475,10583,911,303,9,13037,26143,-22814,-14103,931,7810
4958,184474,184484,-1278,-428,10724,3502,121,10,13070,28729,-21533,-14300,934,7811
4958,184497,184506,-1181,-329,10387,3550,331,1,13103,30699,-21431,-14390,932,7812
4958,184519,184529,-1469,-426,10553,3374,380,29,13138,-31988,-22120,-14462,929,7813
4958,184542,184552,-1354,-567,10284,2175,-9,18,13171,-30078,-23132,-14103,928,7814
4958,184565,184575,-1294,-569,10753,3534,96,20,13205,-28109,-25359,-14306,927,7815
4958,184588,184598,-1544,-528,10784,2494,152,35,13243,-27187,-27280,-14222,927,7816
4958,184610,184620,-1524,-583,10609,2798,383,33,13266,-26660,-29926,-14174,931,7817
4958,184633,184643,-1328,-546,10489,1551,224,29,13313,-26971,-32057,-14408,933,7818
4958,184656,184666,-1310,-419,10762,1999,186,291,13338,-28270,31311,-14085,925,7819
4958,184684,184694,-1558,-408,10540,2846,312,-16,13385,-30689,29617,-14276,931,7820
4958,184707,184717,-1407,-237,10653,2414,241,-4,13396,32411,29036,-14097,931,7821
4958,184730,184739,-1355,-448,10313,2910,320,5,13449,30172,29264,-14348,931,7822
4958,184752,184762,-1570,-851,10681,3454,245,3,13477,27286,30270,-14276,934,7823
4958,184775,184785,-1469,-802,10492,5181,384,12,13519,25394,31665,-14300,930,7824
4958,184798,184808,-1311,-577,10582,2606,30,-17,13553,23742,-31225,-14324,930,7825
4958,184821,184831,-1295,-521,10813,2335,305,11,13568,23299,-28513,-14216,931,7826
4958,184844,184853,-1679,-588,10685,3534,363,-8,13624,23257,-26586,-14216,929,7827
4958,184866,184876,-1330,-259,10787,3374,334,5,13633,24610,-23856,-14348,933,7828
4958,184889,184899,-1383,-416,10864,2558,169,3,13683,26059,-22611,-14282,930,7829
4958,184912,184922,-1219,-374,10910,1999,292,4,13698,28633,-21503,-14127,933,7830
4958,184935,184944,-1533,-498,10670,2335,169,-21,13762,30806,-21485,-14025,931,7831
4958,184957,184967,-1551,-669,10938,3662,273,-2,13775,-31868,-22156,-14031,931,7832
4958,184980,184990,-1405,-438,11007,2175,275,-28,13818,-29815,-23365,-14001,933,7833
4958,185008,185018,-1715,-626,11169,1119,163,-45,13871,-27570,-26161,-13887,932,7834
4958,185031,185041,-1502,-678,10949,1871,129,-42,13888,-26845,-28172,-13761,931,7835
4958,185054,185064,-1167,-487,10852,3342,696,-51,13929,-26971,-31315,-14085,932,7836
4958,185077,185086,-1389,-558,11053,3182,376,-28,13962,-27713,32395,-14139,931,7837
4958,185099,185109,-1536,-561,11024,927,439,-1,13988,-29611,30324,-13839,932,7838
4958,185144,185154,-1542,-445,10946,1807,449,3,14057,31088,28947,-14246,930,7839
4958,185166,185176,-1805,-458,11220,2590,495,13,14105,28861,29587,-14390,935,7840
4958,185189,185199,-1691,-567,10972,2766,321,6,14127,26227,30994,-14270,930,7841
4958,185212,185222,-1702,-646,11172,3870,146,3,14180,24790,-32674,-14629,929,7842
4958,185235,185245,-1866,-632,10892,1663,359,-21,14214,23533,-29932,-14336,932,7843
4958,185258,185267,-1449,-572,11026,4861,139,9,14246,23491,-27843,-14450,932,7844
4958,185280,185290,-1781,-429,11355,3134,384,6,14316,24401,-25053,-14570,931,7845
4958,185303,185313,-1511,-766,11105,2606,374,9,14291,25694,-23557,-14145,932,7846
4958,185326,185336,-1679,-611,11074,911,472,18,14380,28052,-22138,-14007,934,7847
4958,185354,185364,-1539,-589,11206,2079,343,11,14412,31016,-21491,-14198,934,7848
4958,185377,185386,-1144,-629,11393,2239,170,27,14454,-31695,-22252,-14019,928,7849
4958,185399,185409,-1286,-686,11498,2702,366,25,14487,-29474,-23772,-14360,927,7850
4958,185422,185432,-1476,-669,11377,2862,288,29,14511,-27612,-25855,-14354,936,7851
4958,185445,185455,-1568,-469,11137,2990,374,16,14574,-26941,-28316,-14450,928,7852
4958,185468,185477,-1602,-667,11111,4654,474,9,14578,-26738,-31279,-14043,932,7853
4958,185490,185500,-1435,-553,11142,3518,304,0,14651,-28133,31718,-14073,930,7854
4958,185513,185523,-1387,-593,11673,1711,316,0,14664,-29815,30162,-14216,931,7855
4958,185536,185546,-1705,-583,11421,3470,249,-19,14710,-32754,29330,-14330,934,7856
4958,185559,185569,-1813,-406,11439,2303,399,-28,14745,30393,29138,-14324,937,7857
4958,185582,185591,-1746,-515,11175,2494,255,-48,14776,27448,30078,-14396,932,7858
4958,185604,185614,-1618,-491,11775,2862,290,-44,14824,25394,31653,-14390,931,7859
4958,185627,185637,-1685,-611,11462,2894,439,-32,14848,23838,-31112,-14330,932,7860
4958,185655,185665,-1762,-548,11588,3790,315,-21,14902,23443,-28214,-14456,931,7861
4958,185678,185688,-1678,-593,11540,3358,242,16,14939,23946,-25161,-14408,931,7862
4958,185701,185711,-1677,-336,11964,3022,487,19,14975,25119,-23598,-14264,931,7863
4958,185724,185733,-1914,-452,11698,1919,319,1,15016,28035,-21898,-14276,936,7864
4958,185746,185756,-1679,-443,11764,4126,331,-5,15026,30285,-21413,-14252,932,7865
4958,185769,185779,-1976,-647,11462,831,152,-16,15094,-31772,-22096,-14450,934,7866
4958,185792,185802,-1742,-482,11772,2382,345,-24,15111,-30090,-23203,-14186,932,7867
4958,185815,185825,-1754,-306,11531,2702,498,-17,15158,-27911,-25670,-14079,932,7868
4958,185838,185847,-2167,-761,12186,3598,223,-33,15215,-26971,-27873,-14210,930,7869
4958,185860,185870,-2157,-443,12438,2686,382,-19,15230,-26953,-31034,-14055,929,7870
4958,185883,185893,-1826,-856,11691,5165,358,-20,15285,-28408,31778,-14312,932,7871
4958,185906,185916,-1890,-828,12192,2303,288,-12,15327,-30138,30324,-14216,932,7872
4958,185929,185939,-1659,-438,12169,3646,240,6,15387,32506,29270,-14109,933,7873
4958,185952,185961,-1781,-635,11669,1647,324,13,15398,30088,29384,-14354,932,7874
4958,185980,185990,-1936,-550,11914,1743,359,22,15448,26316,31132,-14174,933,7875
4958,186002,186012,-2031,-853,11833,1967,263,25,15507,24730,-32704,-14791,931,7876
4958,186025,186035,-1758,-565,11410,1391,290,28,15517,23497,-29735,-14354,931,7877
4958,186048,186058,-1968,-760,11791,2478,327,-1,15586,23527,-27334,-14025,930,7878
4958,186071,186081,-1779,-711,11736,2734,98,-8,15596,24473,-24646,-13989,929,7879
4958,186094,186103,-1623,-429,12099,2446,-122,-38,15659,26209,-23030,-13953,931,7880
4958,186116,186126,-1972,-511,12381,2079,274,-35,15679,29220,-21683,-14162,931,7881
4958,186139,186149,-2061,-699,11954,1695,422,-40,15716,31674,-21809,-14240,930,7882
4958,186162,186172,-1970,-766,12067,2830,304,-64,15769,-30958,-22910,-14031,931,7883
4958,186185,186194,-1585,-737,12030,1439,474,-46,15790,-28995,-24538,-14180,930,7884
4958,186215,186225,-2242,-522,12189,4797,415,-51,15870,-27127,-27975,-13875,933,7885
4958,186238,186247,-2177,-535,12307,3646,455,-4,15873,-27450,-31207,-14186,931,7886
4958,186260,186270,-2259,-629,12097,2766,417,-41,15926,-28133,32299,-14115,930,7887
4958,186283,186293,-1739,-341,12285,4158,738,-3,15968,-30605,30354,-14336,931,7888
4958,186311,186321,-2208,-462,12147,3358,258,-10,15996,32034,29468,-14468,933,7889
4958,186334,186344,-2191,-665,12049,3182,378,-11,16061,28633,29934,-14492,931,7890
4958,186357,186367,-2093,-854,12051,2478,355,-13,16082,26496,31353,-15037,931,7891
4958,186380,186389,-1896,-802,12112,4222,338,4,16136,24233,-31884,-14468,931,7892
4958,186402,186412,-2417,-761,12021,2558,431,-6,16163,23628,-29220,-14977,929,7893
4958,186425,186435,-2041,-852,12032,3278,263,11,16199,23850,-26197,-14653,931,7894
4958,186448,186458,-1787,-493,12189,3614,271,8,16260,24939,-24281,-14330,932,7895
4958,186471,186481,-1985,-780,12399,1983,542,46,16258,27556,-22407,-14372,933,7896
4958,186493,186503,-1846,-835,12067,3582,399,-4,16356,29944,-21773,-14354,928,7897
4958,186516,186526,-1898,-576,12400,3150,147,8,16344,-32281,-22389,-14342,928,7898
4958,186539,186549,-2220,-758,12634,3758,26,-28,16449,-30060,-23664,-14318,931,7899
4958,186572,186582,-1994,-697,12404,3486,306,1,16498,-27546,-26957,-14330,934,7900
4958,186595,186604,-1840,-517,12478,4190,213,5,16497,-27276,-30088,-14629,932,7901
4958,186617,186627,-2419,-470,12771,4318,287,-28,16597,-28168,32197,-14420,932,7902
4958,186645,186655,-1922,-866,12730,3422,396,-33,16583,-30767,30198,-14809,933,7903
4958,186668,186678,-2052,-910,12691,3614,553,-85,16646,32417,29497,-14564,931,7904
4958,186691,186701,-1952,-735,12605,991,261,-34,16702,29082,29863,-14857,930,7905
4958,186714,186723,-2201,-484,12904,3326,472,-37,16703,26885,31287,-14923,927,7906
4958,186736,186746,-2377,-606,12404,3310,452,-48,16779,24544,-31824,-14725,928,7907
4958,186759,186769,-2119,-909,12788,2622,533,-33,16763,23533,-28615,-14414,935,7908
4958,186782,186792,-2557,-766,12719,2351,223,-40,16875,23718,-26137,-14576,931,7909
4958,186805,186814,-2388,-439,12723,2622,348,-32,16853,25580,-23539,-14588,933,7910
4958,186827,186837,-2053,-440,12438,2862,422,-27,16909,27520,-22204,-14617,927,7911
4958,186850,186860,-2397,-915,12872,3726,424,-17,16917,31064,-21707,-14629,930,7912
4958,186873,186883,-2402,-843,13046,2734,468,-1,16997,-31814,-22413,-14582,931,7913
4958,186896,186905,-2627,-746,13172,3262,335,1,17021,-29013,-24293,-14312,932,7914
4958,186918,186928,-2021,-713,12724,3678,685,287,17043,-27528,-26592,-14198,932,7915
4958,186941,186951,-2180,-741,12943,3934,468,13,17123,-26893,-30004,-14186,932,7916
4958,186969,186979,-2358,-954,12665,3326,385,5,17125,-28079,32215,-14204,932,7917
4958,186992,187002,-2341,-1004,12578,3214,537,14,17208,-30527,30138,-14540,928,7918
4958,187015,187024,-2341,-1186,12599,2926,355,0,17234,32441,29563,-14659,931,7919
4958,187037,187047,-2214,-1013,12778,2127,104,-19,17280,28783,29899,-14713,929,7920
4958,187060,187070,-2151,-1065,12797,3950,400,-27,17338,26239,31299,-14725,928,7921
4958,187083,187093,-2146,-818,12850,2574,168,27,17372,24209,-31579,-14701,927,7922
4958,187105,187115,-2228,-780,12702,3710,363,-17,17425,23221,-28986,-14983,931,7923
4958,187128,187138,-2370,-841,12743,2175,544,6,17457,23796,-25472,-14480,928,7924
4958,187151,187161,-2167,-686,12810,5101,417,4,17500,25347,-23521,-14294,932,7925
4958,187174,187183,-2296,-486,13013,2894,490,-28,17528,28549,-21850,-14522,932,7926
4958,187197,187206,-2417,-847,13167,3230,459,-8,17571,31201,-21970,-14426,934,7927
4958,187219,187229,-2197,-915,12700,3742,444,-32,17619,-30832,-23042,-14378,927,7928
4958,187242,187252,-2287,-917,12757,3966,491,-20,17664,-28180,-25502,-14145,936,7929
4958,187265,187275,-2406,-620,12915,3902,94,-48,17701,-27199,-28202,-14264,931,7930
4958,187293,187303,-2787,-940,12677,2239,377,-51,17751,-27372,-31567,-14546,930,7931
4958,187316,187325,-2316,-1208,13050,2111,513,-28,17811,-29120,31018,-14659,931,7932
4958,187338,187348,-2512,-1045,13175,2734,317,-38,17835,32608,29503,-14635,932,7933
4958,187361,187371,-2412,-967,13296,4270,339,-48,17872,30705,29450,-14839,930,7934
4958,187384,187394,-2253,-796,13126,3950,399,-24,17902,26885,30767,-14665,932,7935
4958,187407,187416,-2736,-924,13211,3902,482,-21,17943,25059,32700,-14611,932,7936
4958,187429,187439,-2442,-933,13887,2830,368,-3,18001,23628,-29561,-14576,927,7937
4958,187452,187462,-2869,-1081,13296,3454,550,0,18020,23778,-26789,-14528,933,7938
4958,187475,187485,-2412,-951,13315,3358,364,12,18091,25299,-24065,-14701,932,7939
4958,187498,187507,-2582,-819,13480,4318,383,12,18087,27490,-22467,-14282,931,7940
4958,187520,187530,-2223,-839,13428,1983,123,-18,18161,31297,-22108,-14228,934,7941
4958,187543,187553,-2607,-717,13108,1727,361,-17,18185,-31623,-22874,-14234,928,7942
4958,187566,187576,-2002,-781,13442,3374,228,-25,18237,-28803,-25335,-14121,929,7943
4958,187594,187604,-2711,-755,13327,4094,388,-26,18288,-27348,-28484,-14240,930,7944
4958,187616,187626,-2335,-861,13216,2319,391,-46,18314,-27654,-32010,-14695,930,7945
4958,187639,187649,-2646,-641,13184,3758,176,-26,18391,-28953,31413,-14821,933,7946
4958,187662,187672,-2739,-648,13480,4126,669,-29,18396,-32173,29593,-14558,933,7947
4958,187685,187695,-2568,-764,13330,3838,618,-11,18462,30531,29539,-14791,931,7948
4958,187707,187717,-2662,-656,13446,3294,181,-33,18479,26987,30958,-14713,932,7949
4958,187730,187740,-2757,-859,13419,4877,426,-37,18521,24939,-32483,-14785,932,7950
4958,187753,187763,-2577,-663,13808,2894,329,-5,18569,23826,-29250,-14641,932,7951
4958,187776,187785,-3039,-875,13513,2478,530,-6,18580,23868,-26460,-14731,930,7952
4958,187798,187808,-2468,-928,13848,2894,187,-24,18653,25700,-23521,-14635,931,7953
4958,187821,187831,-2509,-824,13733,3534,558,-26,18656,28017,-22216,-14653,934,7954
4958,187844,187854,-2656,-935,13617,3678,471,-8,18709,31603,-21988,-14414,932,7955
4958,187867,187876,-2651,-1037,13450,3198,464,-29,18740,-30318,-23610,-14851,932,7956
4958,187889,187899,-2640,-979,13999,4606,400,-5,18786,-28516,-25616,-14791,929,7957
4958,187916,187926,-2671,-1049,13323,3230,459,-41,18850,-27354,-29232,-14809,930,7958
4958,187939,187949,-3024,-1067,13654,3598,457,-5,18879,-28240,-32758,-14629,929,7959
4958,187962,187972,-2616,-1493,13838,3150,563,-1,18954,-29875,30904,-14683,932,7960
4958,187984,187994,-2575,-1148,13522,2510,486,-25,18976,32273,29444,-15246,932,7961
4958,188007,188017,-2553,-992,13665,4174,435,-9,19039,29393,29869,-14959,930,7962
4958,188030,188040,-2662,-1411,13959,2942,470,-26,19094,25921,31784,-14743,929,7963
4958,188053,188062,-2172,-989,13687,4861,374,-21,19114,24167,-31339,-14917,931,7964
4958,188075,188085,-2686,-700,13544,4126,496,-27,19168,23784,-27777,-14899,931,7965
4958,188098,188108,-2700,-831,13728,2830,463,-6,19191,24526,-25101,-14839,930,7966
4958,188121,188130,-3011,-878,14376,4158,490,-26,19245,27352,-22730,-14600,930,7967
4958,188143,188153,-2712,-1021,13831,4222,285,-20,19288,30860,-22066,-14827,933,7968
4958,188166,188176,-2925,-1220,13765,2766,375,-48,19321,-31808,-22880,-14480,935,7969
4958,188189,188199,-2901,-1000,13839,2510,514,-20,19358,-28737,-25071,-14300,933,7970
4958,188212,188221,-2955,-919,13954,2718,414,-41,19401,-27534,-27735,-14552,926,7971
4958,188248,188258,-2862,-913,13954,3374,486,-58,19445,-28432,32688,-14785,931,7972
4958,188270,188280,-3173,-1089,14166,3582,255,-48,19493,-30749,30713,-14977,938,7973
4958,188293,188303,-2744,-769,13991,4478,438,-41,19534,31333,29527,-15198,932,7974
4958,188316,188326,-3059,-1239,14111,3486,304,-29,19592,28376,30210,-15084,932,7975
4958,188339,188348,-3046,-990,13825,2814,311,14,19622,25209,32587,-15204,932,7976
4958,188361,188371,-2936,-1219,14205,3134,321,5,19682,23982,-30321,-15168,934,7977
4958,188384,188394,-2944,-974,14044,3358,352,19,19721,24065,-26592,-15246,932,7978
4958,188407,188417,-3169,-1102,14300,3086,571,-16,19761,25287,-24077,-14881,930,7979
4958,188430,188439,-2849,-1000,14299,3022,265,4,19797,28280,-22407,-14827,928,7980
4958,188452,188462,-3118,-1115,14078,4718,312,-41,19845,32261,-22275,-14635,929,7981
4958,188475,188485,-3236,-750,14355,2622,501,-62,19890,-30719,-23449,-14611,932,7982
4958,188498,188508,-3279,-1012,14396,3678,384,-61,19944,-28174,-26640,-14480,926,7983
4958,188521,188531,-2163,-889,14171,3838,473,-29,19988,-27684,-29525,-14701,929,7984
4958,188543,188553,-2782,-744,14233,4494,404,-73,20041,-28546,32497,-14695,931,7985
4958,188572,188581,-2686,-932,14439,2814,315,-66,20080,-31461,30324,-15043,931,7986
4958,188594,188604,-3021,-894,14929,3358,376,-41,20130,30142,29755,-14833,930,7987
4958,188617,188627,-3477,-804,14439,4158,324,-43,20177,27394,30791,-14773,931,7988
4958,188640,188650,-3354,-917,14587,3982,249,-40,20226,24790,-31740,-14917,928,7989
4958,188663,188673,-3506,-771,14834,3774,334,-42,20243,23922,-29118,-14953,931,7990
4958,188686,188696,-3606,-1515,14319,3262,358,-46,20267,24496,-25215,-14959,931,7991
4958,188709,188719,-2918,-1220,14477,4430,593,-49,20312,26442,-23419,-14803,930,7992
4958,188732,188742,-2783,-1119,14481,3854,450,-52,20354,29920,-22102,-14725,934,7993
4958,188755,188765,-3137,-1185,14687,2255,411,-32,20416,-31754,-22994,-14222,933,7994
4958,188778,188788,-3160,-1170,14794,5069,511,-10,20472,-29294,-24796,-14552,929,7995
4958,188801,188811,-3085,-1083,14522,3790,430,-5,20503,-27707,-28490,-14264,933,7996
4958,188824,188834,-3316,-973,14913,5005,335,-5,20568,-27803,-31435,-14552,933,7997
4958,188847,188857,-2691,-813,14518,5373,332,5,20581,-30072,31054,-14576,929,7998
4958,188870,188880,-3380,-770,14570,3630,201,-36,20664,-32521,29767,-14498,929,7999
4958,188898,188908,-3505,-1070,14892,3326,335,-64,20713,28094,30569,-14683,932,8000
4958,188921,188931,-3270,-1143,14788,3470,499,-85,20721,25323,32521,-14647,933,8001
4958,188944,188954,-3488,-1259,14914,4494,567,-99,20784,23826,-29453,-14659,926,8002
4958,188967,188976,-3185,-1089,14868,3598,565,-84,20816,24006,-26364,-14809,935,8003
4958,188990,188999,-3182,-1109,14803,4622,350,-84,20890,25939,-23179,-14755,933,8004
4958,189013,189022,-3595,-863,14992,5005,547,-45,20909,29723,-21886,-14540,931,8005
4958,189035,189045,-3325,-777,15154,4286,484,-25,20975,-32503,-22299,-14522,931,8006
4958,189066,189076,-3846,-983,14874,2878,562,24,21026,-28282,-25628,-14486,931,8007
4958,189089,189099,-3945,-915,14934,2814,284,-2,21035,-27169,-28567,-14701,928,8008
4958,189112,189121,-3704,-1327,14759,5373,337,-41,21079,-28037,-32387,-14546,931,8009
4958,189134,189144,-3774,-1583,15211,3838,265,-45,21093,-29994,30934,-14498,931,8010
4958,189157,189167,-3811,-1372,14919,3214,448,-46,21161,31740,29533,-14629,929,8011
4958,189180,189190,-4049,-1594,15193,4398,526,-44,21185,27370,30731,-14534,927,8012
4958,189203,189213,-2972,-1322,14990,3710,422,-54,21291,24933,-32752,-14659,934,8013
4958,189231,189241,-3110,-880,15121,3918,488,-20,21336,23491,-27645,-14378,925,8014
4958,189254,189264,-3377,-980,15076,3662,339,-13,21380,24526,-24814,-14354,928,8015
4958,189277,189287,-3440,-1077,14940,3918,312,-19,21459,27819,-22455,-14659,931,8016
4958,189300,189310,-3584,-989,15339,4510,268,-19,21463,30992,-21946,-14564,935,8017
4958,189323,189332,-3612,-1132,15601,4446,317,-40,21571,-30611,-23167,-14438,931,8018
4958,189346,189355,-3716,-1270,15517,4334,497,-62,21562,-28396,-25825,-14180,933,8019
4958,189368,189378,-4045,-1318,14640,3006,392,-90,21636,-27282,-29848,-14306,931,8020
4958,189391,189401,-4372,-1447,14994,4334,379,-98,21650,-28210,32754,-14564,934,8021
4958,189414,189424,-3636,-1002,15409,4877,370,-85,21704,-31299,30132,-14623,932,8022
4958,189437,189447,-3722,-1568,15239,2702,458,-81,21768,31112,29545,-14653,930,8023
4958,189460,189470,-3759,-1085,15602,2958,371,-11,21787,26789,31359,-14857,931,8024
4958,189483,189493,-3690,-928,15239,4030,458,-4,21872,24125,-30740,-14887,928,8025
4958,189506,189515,-3865,-1059,15667,4542,384,13,21876,23724,-27436,-14731,931,8026
4958,189534,189544,-3924,-1313,15442,2894,217,-11,21958,25329,-23892,-14833,932,8027
4958,189557,189566,-4155,-1443,15840,3054,368,-22,22011,29046,-21880,-14761,932,8028
4958,189579,189589,-3775,-1264,15321,4446,442,-46,22029,-32149,-22437,-14845,930,8029
4958,189602,189612,-3795,-1355,15554,3518,304,-61,22100,-29515,-24508,-14522,930,8030
4958,189625,189635,-3624,-1376,15670,3582,606,-85,22144,-27414,-28424,-14486,927,8031
4958,189648,189658,-3576,-1270,15699,4222,384,-101,22227,-27725,-31591,-14360,930,8032
4958,189671,189681,-3871,-1323,16051,3790,298,-68,22251,-30300,30874,-14450,930,8033
4958,189694,189703,-3306,-936,15764,4382,613,-46,22324,32255,29719,-14725,932,8034
4958,189716,189726,-3699,-1088,15613,4238,408,-48,22373,27945,30623,-14965,931,8035
4958,189739,189749,-3607,-816,15473,4014,463,-26,22426,25245,-32638,-14971,931,8036
4958,189762,189772,-4269,-1365,15962,3838,436,-29,22462,23994,-28621,-14887,934,8037
4958,189785,189795,-4307,-1213,15778,4574,301,-44,22486,24550,-24640,-14815,931,8038
4958,189808,189818,-4101,-1532,15584,4382,339,-69,22528,27292,-22760,-14582,931,8039
4958,189831,189841,-4512,-1204,16099,3726,536,-72,22571,31531,-22174,-14617,934,8040
4958,189859,189869,-3416,-1452,15970,3774,696,-40,22638,-29970,-24036,-14240,932,8041
4958,189882,189892,-3926,-1429,15694,5101,494,-44,22663,-27725,-27771,-14432,933,8042
4958,189905,189914,-3934,-1540,16102,3294,512,-29,22736,-27815,-30938,-14342,931,8043
4958,189927,189937,-3612,-1294,15725,4558,474,-26,22754,-29845,31096,-14707,932,8044
4958,189950,189960,-3843,-1109,15832,3502,422,-16,22868,32752,29917,-14719,932,8045
4958,189973,189983,-3741,-1196,16071,4718,340,-46,22847,28328,30551,-14947,934,8046
4958,189996,190006,-3763,-1600,15854,4478,462,-85,22946,25472,32587,-14725,926,8047
4958,190019,190029,-3999,-1404,16027,3790,436,-97,22923,23766,-28585,-14887,929,8048
4958,190042,190052,-4132,-1155,15851,4462,442,-100,22962,24335,-25802,-14941,931,8049
4958,190065,190074,-3696,-1646,16405,3502,443,-96,23064,27280,-22605,-14731,929,8050
4958,190087,190097,-3623,-1107,16445,4286,383,-65,23062,30477,-21862,-14617,931,8051
4958,190110,190120,-4062,-1037,16346,3998,511,-29,23176,-30773,-23359,-14492,932,8052
4958,190133,190143,-3847,-803,16401,5069,439,3,23169,-27929,-27011,-14354,928,8053
4958,190156,190166,-4031,-595,16109,4909,422,-6,23276,-27510,-30196,-14450,929,8054
4958,190184,190194,-4440,-1394,16548,3854,412,-30,23302,-31006,30940,-14755,932,8055
4958,190207,190217,-4665,-1869,16061,3886,417,-46,23294,31920,29863,-14725,931,8056
4958,190230,190240,-4307,-1831,16360,4238,307,-88,23360,27442,30767,-14534,932,8057
4958,190274,190284,-3899,-1899,16506,4366,411,-94,23475,23628,-27621,-14647,929,8058
4958,190297,190307,-4099,-1465,16601,4014,462,-62,23475,24502,-24933,-14258,932,8059
4958,190320,190330,-4058,-1128,16500,3118,583,-30,23594,28047,-22252,-14420,929,8060
4958,190343,190353,-4107,-1008,16628,4606,378,-26,23595,31800,-22174,-14192,929,8061
4958,190366,190376,-4389,-1158,16769,4494,458,-27,23677,-29551,-24389,-14450,931,8062
4958,190389,190398,-4404,-1374,16383,4909,354,-53,23678,-27684,-27178,-14186,930,8063
4958,190411,190421,-4599,-2571,15781,5037,480,-64,23717,-27761,-31561,-14300,931,8064
4958,190434,190444,-4332,-1701,16506,3678,438,-93,23777,-29647,31186,-14408,932,8065
4958,190457,190467,-4193,-1835,16969,5629,606,-90,23825,31716,29683,-14444,930,8066
4958,190480,190490,-4846,-2565,17644,4606,590,-74,23859,27933,30437,-14899,927,8067
4958,190503,190513,-4616,-1811,16003,4318,542,-67,23938,24455,-31680,-14564,926,8068
4958,190531,190541,-4386,-1309,17219,4446,543,-34,23948,23760,-27143,-14845,929,8069
4958,190553,190563,-4337,-1283,17223,4654,507,-18,24012,26251,-23395,-14863,929,8070
4958,190576,190586,-4688,-1386,17077,3902,411,-28,24056,29262,-21850,-14534,935,8071
4958,190599,190609,-4986,-1702,16766,3902,422,-46,24085,-31353,-22545,-14318,931,8072
4958,190622,190632,-4830,-1526,16749,3934,460,-58,24160,-28815,-26227,-14456,933,8073
4958,190645,190655,-4661,-1689,17050,5533,414,-89,24178,-27211,-29663,-14396,930,8074
4958,190668,190677,-4876,-1487,17684,4797,462,-88,24248,-28899,31599,-14474,931,8075
4958,190691,190700,-4948,-1591,16772,4781,465,-75,24240,-31886,30000,-14516,931,8076
4958,190713,190723,-4332,-1438,16730,4893,384,-56,24339,28819,30066,-14743,935,8077
4958,190736,190746,-4355,-1266,17778,3214,415,-37,24355,25706,32144,-14737,933,8078
4958,190759,190769,-5061,-1307,17108,4829,530,-27,24423,23874,-28861,-14552,928,8079
4958,190782,190792,-4355,-1459,17830,4174,503,-21,24447,24496,-25508,-14456,931,8080
4958,190805,190814,-4656,-1520,17389,4382,424,-61,24502,27789,-22353,-14336,930,8081
4958,190827,190837,-4930,-1835,17769,4318,406,-58,24509,31345,-21671,-14366,929,8082
4958,190856,190865,-4682,-1948,17703,3550,522,-64,24565,-29007,-24868,-14055,932,8083
4958,190878,190888,-4360,-1633,17973,4350,518,-84,24654,-27498,-28172,-14384,929,8084
4958,190901,190911,-4595,-1490,18093,4542,692,-70,24661,-28144,-32423,-14151,931,8085
4958,190924,190934,-4488,-1382,18441,5501,510,-46,24747,-30617,30395,-14683,931,8086
4958,190947,190957,-4195,-1272,18311,4190,395,-48,24768,30070,29964,-14438,931,8087
4958,190970,190980,-4511,-1334,18626,4478,518,-36,24837,25466,32275,-14570,932,8088
4958,190993,191003,-4410,-1709,18322,4462,460,-44,24856,24143,-30046,-14582,932,8089
4958,191016,191025,-4793,-1615,18796,5965,420,-74,24904,24490,-25203,-14647,932,8090
4958,191038,191048,-5034,-1838,20365,4398,409,-80,24955,26801,-22712,-14546,929,8091
4958,191061,191071,-4835,-1765,20536,4286,506,-81,24962,31549,-21934,-14402,931,8092
4958,191084,191094,-4380,-1679,20532,5421,517,-77,25051,-30677,-23509,-14192,929,8093
4958,191107,191117,-4520,-1415,20523,5325,529,-56,25063,-27845,-27334,-14402,927,8094
4958,191130,191140,-4913,-1327,20552,4558,547,-45,25141,-27612,-31046,-14288,931,8095
4958,191153,191163,-4980,-1565,20534,4334,433,-33,25185,-30503,30814,-14462,930,8096
4958,191181,191191,-4724,-1529,20571,4750,384,-45,25224,30501,29659,-14354,931,8097
4958,191204,191214,-4831,-1604,20546,4606,491,-69,25267,26011,32221,-14348,929,8098
4958,191227,191237,-5100,-1414,20529,4398,530,-101,25314,24269,-30250,-14522,930,8099
4958,191250,191259,-5405,-1476,20545,4078,525,-89,25371,24305,-25520,-14258,931,8100
4958,191272,191282,-5383,-1716,20550,4989,545,-90,25418,26424,-22952,-14216,933,8101
4958,191295,191305,-5137,-1848,20571,4606,534,-76,25456,31160,-22060,-14067,933,8102
4958,191318,191328,-4771,-1605,20540,3758,578,-45,25523,-29701,-24461,-14067,932,8103
4958,191341,191351,-4703,-1473,20566,3582,464,-19,25560,-27606,-27466,-14252,934,8104
4958,191364,191374,-5046,-1502,20526,4813,456,-40,25618,-28091,-32477,-13923,927,8105
4958,191387,191396,-5180,-1648,20551,4318,371,-65,25654,-30593,30395,-14067,933,8106
4958,191409,191419,-5812,-1960,20532,4222,465,-85,25689,30363,29887,-14246,930,8107
4958,191432,191442,-5730,-1561,20471,4430,561,-90,25728,26616,31491,-14246,929,8108
4958,191455,191465,-5670,-1730,20545,4350,515,-93,25794,24071,-29675,-14468,933,8109
4958,191483,191493,-4444,-1559,20580,5741,555,-76,25834,24640,-25203,-14204,930,8110
4958,191506,191516,-4665,-1104,20572,3966,521,-43,25916,28292,-22389,-14210,932,8111
4958,191529,191539,-5051,-1086,20560,5629,554,-46,25961,32327,-22252,-14456,933,8112
4958,191552,191562,-5220,-1340,20543,4478,417,-43,26017,-28761,-25137,-14055,930,8113
4958,191575,191584,-5326,-1729,20560,5117,458,-61,26071,-27264,-28454,-13845,926,8114
4958,191597,191607,-5215,-1974,20551,4670,472,-90,26103,-28438,32305,-13696,926,8115
4958,191620,191630,-5228,-2490,20558,5389,521,-109,26135,-31425,29713,-14504,933,8116
4958,191643,191653,-5209,-2333,20586,5821,511,-102,26200,29124,30000,-14360,930,8117
4958,191666,191676,-4971,-2045,20586,4989,466,-84,26260,24898,-32333,-14348,934,8118
4958,191689,191699,-5240,-1441,20582,5117,480,-58,26311,23772,-28585,-14384,932,8119
4958,191712,191722,-5429,-1503,20586,5485,525,-21,26381,25496,-24024,-14139,928,8120
4958,191735,191745,-5433,-1566,20569,5709,546,-22,26399,28933,-22162,-14438,929,8121
4958,191758,191767,-5138,-1709,20575,4765,587,-40,26490,-31252,-22832,-14067,932,8122
4958,191780,191790,-5408,-1843,20588,4750,458,-70,26513,-28312,-25706,-14510,932,8123
4958,191809,191818,-5418,-2934,20575,4478,531,-107,26538,-27582,-31818,-14354,930,8124
4958,191831,191841,-5164,-2365,20595,5181,522,-110,26640,-29982,30749,-14594,930,8125
4958,191854,191864,-5085,-1948,20597,4765,593,-90,26671,30579,29521,-14504,930,8126
4958,191877,191887,-5346,-1663,20587,5405,459,-65,26731,26771,31234,-14558,925,8127
4958,191907,191917,-5285,-1659,20575,4893,619,-37,26848,23796,-28609,-14270,932,8128
4958,191930,191940,-5467,-1504,20563,5037,416,-30,26833,25478,-24065,-14420,931,8129
4958,191953,191963,-5402,-1560,20586,4973,435,-50,26907,28897,-22252,-14420,933,8130
4958,191976,191986,-5513,-1644,20564,5709,439,-84,26926,-31317,-23096,-14342,934,8131
4958,191999,192008,-6022,-1997,20583,5661,475,-109,26950,-28486,-25610,-14570,933,8132
4958,192021,192031,-6164,-1837,20552,5085,495,-99,27009,-27552,-30639,-14222,930,8133
4958,192044,192054,-5441,-1914,20570,5389,599,-98,27057,-29186,31545,-14504,931,8134
4958,192067,192077,-5163,-1613,20572,4957,562,-73,27159,31722,29545,-14492,932,8135
4958,192090,192100,-5624,-1638,20581,5117,492,-44,27170,27843,30467,-14635,931,8136
4958,192123,192132,-5465,-1678,20543,4877,503,-36,27247,24083,-27903,-14791,929,8137
4958,192151,192161,-6073,-1799,20577,5677,433,-72,27284,26131,-23754,-14486,929,8138
4958,192173,192183,-5899,-2096,20570,4973,488,-101,27307,29453,-22461,-14414,933,8139
4958,192196,192206,-5644,-2591,20557,4510,531,-116,27373,-30982,-23563,-14366,931,8140
4958,192219,192229,-5953,-2275,20589,4702,555,-104,27453,-28390,-26412,-14348,926,8141
4958,192242,192252,-5618,-1944,20587,5805,597,-74,27493,-27863,-31501,-14582,930,8142
4958,192265,192275,-5769,-1737,20581,5437,599,-38,27559,-31084,30246,-14827,931,8143
4958,192288,192297,-5834,-1687,20564,5053,504,-43,27634,30860,29791,-14588,925,8144
4958,192310,192320,-5759,-1752,20555,4686,424,-62,27675,26101,32215,-14875,929,8145
4958,192333,192343,-5856,-1913,20587,5165,459,-84,27740,24425,-29543,-14953,933,8146
4958,192356,192366,-6061,-2105,20556,5069,542,-109,27773,25382,-24898,-14707,928,8147
4958,192379,192389,-5990,-2346,20564,4797,535,-113,27817,28094,-22641,-14594,932,8148
4958,192402,192411,-5489,-2179,20584,5565,587,-110,27902,-32120,-23179,-14647,929,8149
4958,192424,192434,-5844,-1870,20578,5693,583,-73,27924,-28983,-25634,-14270,930,8150
4958,192447,192457,-5874,-1795,20532,4797,539,-51,27992,-27624,-30363,-14809,930,8151
4958,192475,192485,-5874,-1783,16428,4382,560,-58,28058,-30276,30737,-14570,928,8152
4958,192498,192508,-6158,-1993,13697,3486,513,-69,28101,30154,30018,-14683,930,8153
4958,192521,192531,-6227,-2061,11357,1999,478,-100,28167,26442,31653,-14504,933,8154
4958,192544,192554,-6301,-2092,9002,1375,479,-110,28202,23874,-29064,-14600,932,8155
4958,192566,192576,-6292,-2127,7059,1631,531,-122,28260,24580,-25317,-14653,927,8156
4958,192589,192599,-5839,-2096,5037,559,873,-101,28321,28603,-22281,-14324,932,8157
4958,192612,192622,-5898,-1846,3806,431,559,-73,28386,32722,-22503,-14216,931,8158
4958,192635,192645,-6419,-1629,2243,-751,590,-57,28442,-28516,-26107,-14270,931,8159
4958,192658,192667,-6152,-1838,1452,-911,457,-57,28478,-27809,-31213,-14204,932,8160
4958,192680,192690,-6607,-2069,589,-495,538,-80,28532,-30102,31192,-14121,931,8161
4958,192703,192713,-6562,-2145,57,-1311,482,-118,28574,30040,30108,-14432,932,8162
4958,192726,192736,-6393,-2364,-243,-863,559,-116,28607,26053,31904,-14594,933,8163
4958,192749,192759,-6201,-2130,-569,-687,598,-115,28655,23664,-28645,-14534,934,8164
4958,192772,192781,-6126,-2092,-334,-575,581,-99,28692,24496,-24898,-14073,932,8165
4958,192800,192810,-6443,-1968,-674,-943,565,-69,28737,30160,-21659,-14031,931,8166
4958,192822,192832,-6329,-1713,-646,-927,509,-58,28798,-31383,-23048,-14186,934,8167
4958,192845,192855,-6475,-1843,-805,-879,440,-80,28823,-27785,-27687,-13971,924,8168
4958,192868,192878,-6764,-2103,-663,-1199,576,-101,28858,-28019,-31752,-14031,937,8169
4958,192891,192901,-6650,-2242,-748,-1615,543,-123,28885,-31844,30216,-14246,933,8170
4958,192914,192923,-6520,-2315,-690,-1023,566,-124,28914,29316,30132,-14115,930,8171
4958,192936,192946,-6431,-2155,-715,-975,593,-109,28971,24688,-31908,-14378,931,8172
4958,192959,192969,-6220,-2010,-814,-1247,601,-85,28989,23718,-28220,-14294,932,8173
4958,192982,192992,-6594,-1835,-734,-591,515,-59,29039,25987,-23664,-14468,933,8174
4958,193005,193015,-6620,-1938,-700,-927,549,-43,29051,29842,-22072,-14414,932,8175
4958,193028,193037,-6773,-2114,-1092,-1855,491,-93,29083,-30108,-23832,-14228,929,8176
4958,193050,193060,-6903,-2325,-643,-991,513,-116,29105,-27654,-28567,-14594,933,8177
4958,193073,193083,-6643,-2314,-698,-1183,593,-126,29128,-28480,-32668,-14492,929,8178
4958,193096,193106,-6292,-2107,-582,-1599,621,-121,29173,32686,29671,-14336,931,8179
4958,193124,193134,-6257,-2557,-582,-1647,646,-89,29177,27160,31132,-14635,925,8180
4958,193147,193157,-6481,-2116,-709,-1391,571,-57,29214,24443,-29615,-14659,930,8181
4958,193170,193179,-6714,-1870,-611,-1183,455,-49,29276,24311,-25311,-14222,932,8182
4958,193192,193202,-7012,-2301,-659,-1519,487,-78,29276,28394,-21952,-14492,932,8183
4958,193215,193225,-6892,-2098,-888,-1663,505,-112,29284,32536,-22192,-14324,932,8184
4958,193238,193248,-6846,-2363,-539,-927,592,-124,29314,-28330,-25718,-14133,924,8185
4958,193261,193271,-6455,-2648,-1264,-879,590,-118,29322,-27654,-30010,-14270,932,8186
4958,193284,193293,-6375,-2289,-772,-1087,541,-102,29380,-30383,31162,-14534,930,8187
4958,193306,193316,-6512,-2044,-514,-863,565,-78,29399,31231,29863,-14378,932,8188
4958,193329,193339,-6305,-1914,-715,-703,577,-66,29410,26017,32209,-14767,935,8189
4958,193352,193362,-6874,-2064,-804,-1599,525,-84,29446,24143,-29597,-14635,934,8190
4958,193375,193385,-6844,-2193,-488,-1215,529,-99,29467,25131,-24401,-14558,933,8191
4958,193398,193408,-6722,-2591,-941,-1583,512,-128,29465,28442,-22287,-14366,929,8192
4958,193420,193430,-6692,-2867,-995,-1487,525,-126,29474,-31641,-22964,-14097,927,8193
4958,193442,193452,-6390,-2208,-437,-607,551,-108,29524,-28390,-25975,-14151,931,8194
4958,193465,193475,-6302,-1945,-874,-1711,598,-83,29553,-27947,-31567,-14174,931,8195
4958,193488,193497,-6823,-1805,-750,-1327,565,-50,29550,-30581,31084,-14294,922,8196
4958,193510,193520,-6893,-2098,-813,-1311,515,-50,29564,29579,30264,-14516,935,8197
4958,193533,193543,-7000,-2205,-805,-879,552,-101,29585,24939,-31848,-14390,927,8198
4958,193556,193566,-6887,-2327,-1113,-1263,458,-118,29591,24006,-27765,-14617,936,8199
4958,193579,193589,-7084,-2241,-278,-1215,591,-128,29595,26113,-23407,-14558,933,8200
4958,193602,193612,-6618,-2158,-152,-975,626,-121,29586,29944,-22054,-14330,930,8201
4958,193625,193634,-6521,-1760,-911,-367,656,-91,29642,-30000,-24263,-14186,930,8202
4958,193647,193657,-6542,-1598,-361,-943,546,-48,29658,-27791,-27735,-14180,930,8203
4958,193670,193680,-6886,-2159,-575,-1279,509,-51,29664,-28743,32425,-14264,931,8204
4958,193693,193703,-7130,-2177,-915,-1247,529,-86,29682,-32233,30324,-14240,930,8205
4958,193716,193726,-6884,-2171,-743,-1103,497,-116,29678,27939,30868,-14306,931,8206
4958,193744,193754,-6844,-2590,-1037,-927,565,-114,29701,24173,-30250,-14492,932,8207
4958,193767,193777,-7026,-2567,-876,-1215,595,-117,29706,24736,-24850,-14576,930,8208
4958,193790,193799,-6286,-2462,-465,-911,631,-90,29721,27903,-22210,-14372,932,8209
4958,193812,193822,-6775,-1927,-432,-1215,521,-80,29778,-31808,-22551,-14528,932,8210
4958,193835,193845,-7015,-2057,-535,-799,483,-52,29768,-28366,-25418,-14318,930,8211
4958,193858,193868,-6860,-2020,-803,-367,447,-90,29805,-27582,-30693,-14504,931,8212
4958,193881,193891,-6605,-2048,-939,-911,459,-108,29768,-30102,30635,-14659,932,8213
4958,193904,193914,-7007,-2418,-603,-143,557,-128,29790,29872,30282,-14276,931,8214
4958,193927,193936,-6736,-2516,-728,-1663,584,-129,29831,24951,-32279,-14486,936,8215
4958,193949,193959,-6409,-2040,-863,-1071,648,-100,29790,23640,-28023,-14576,928,8216
4958,193972,193982,-6779,-2075,-1063,-351,525,-70,29861,25981,-23263,-14204,931,8217
4958,193995,194005,-6777,-1915,-598,-1215,513,-51,29828,30028,-21844,-14133,934,8218
4958,194018,194028,-7306,-2118,-437,-751,494,-66,29864,-29869,-24036,-14127,926,8219
4958,194041,194050,-7070,-2233,-445,-1183,474,-91,29888,-27779,-27550,-14186,930,8220
4958,194069,194079,-7264,-2144,-285,-1903,491,-115,29849,-29695,31479,-14151,932,8221
4958,194092,194101,-6566,-2455,-783,-831,577,-126,29850,31842,30042,-14222,934,8222
4958,194114,194124,-6696,-2469,-585,-1711,627,-123,29897,26101,31802,-14168,932,8223
4958,194137,194147,-6671,-2086,-401,-1599,573,-106,29911,23892,-30076,-14372,934,8224
4958,194160,194170,-6548,-1979,-734,-1295,598,-64,29912,24814,-24622,-13989,933,8225
4958,194183,194193,-6780,-1445,-693,-1759,484,-74,29925,28076,-22114,-14168,931,8226
4958,194206,194215,-6953,-2046,-637,-639,489,-82,29950,-31593,-22635,-14348,932,8227
4958,194228,194238,-6956,-2662,-772,-687,515,-121,29917,-28240,-25778,-14288,932,8228
4958,194251,194261,-6798,-2414,-634,-1151,541,-131,29932,-27713,-31632,-14049,930,8229
4958,194274,194284,-6599,-2891,-443,-1055,537,-122,29964,-31808,30066,-14282,936,8230
4958,194297,194307,-6732,-2182,-677,-1007,503,-115,29956,29316,29994,-14174,927,8231
4958,194320,194330,-6678,-2128,-622,-1231,526,-78,29967,24874,-31716,-14947,931,8232
4958,194343,194352,-6564,-1917,-701,-1871,562,-60,29980,23694,-27574,-14492,928,8233
4958,194365,194375,-7033,-1969,-562,-1055,507,-68,29989,26598,-23012,-14504,930,8234
4958,194394,194403,-7085,-2334,-769,-1391,462,-113,29983,32393,-21916,-14079,928,8235
4958,194416,194426,-6842,-2420,-580,-1023,525,-124,29975,-28629,-25460,-14510,933,8236
4958,194439,194449,-7160,-2364,-509,-1551,647,-131,29981,-27510,-29884,-14168,932,8237
4958,194462,194472,-6820,-2120,-262,-959,533,-115,30016,-30240,31084,-14396,931,8238
4958,194485,194495,-6862,-1833,-426,-1071,554,-76,30008,31124,29905,-14546,932,8239
4958,194508,194517,-6783,-2233,-572,-655,592,-54,30006,25939,32221,-14761,932,8240
4958,194530,194540,-6861,-2024,-747,-927,567,-57,30005,24000,-29364,-14815,932,8241
4958,194553,194563,-7235,-2448,-609,-799,521,-90,30027,25382,-24059,-14342,931,8242
4958,194576,194586,-6758,-2351,-485,-1231,489,-113,30024,28986,-22120,-14378,934,8243
4958,194599,194609,-7277,-2158,-208,-1103,570,-121,30067,-31000,-23365,-14115,927,8244
4958,194622,194632,-6636,-2422,-129,-735,553,-126,30036,-27791,-27831,-14348,933,8245
4958,194644,194654,-6863,-1929,-632,-1455,571,-112,30031,-28444,-32141,-14492,935,8246
4958,194667,194677,-6496,-2014,-124,-1439,583,-88,30035,-32521,30234,-14372,926,8247
4958,194690,194700,-6927,-1952,-453,-1423,517,-66,30057,28807,30605,-14450,932,8248
4958,194726,194736,-7256,-2509,-538,-623,525,-96,30037,23868,-28274,-14486,931,8249
4958,194749,194758,-7450,-2195,-424,-879,491,-121,30030,25047,-24389,-14540,927,8250
4958,194771,194781,-6754,-2427,-729,-511,544,-116,30037,29878,-21952,-14629,934,8251
4958,194794,194804,-7092,-2716,-645,-1343,314,-122,30048,-31431,-22892,-14282,930,8252
4958,194817,194827,-6777,-2334,-368,-1087,582,-105,30068,-27869,-27675,-14252,927,8253
4958,194840,194850,-6707,-2297,-156,-959,566,-76,30041,-28144,-31836,-14204,933,8254
4958,194863,194872,-6775,-2028,-793,-1359,555,-81,30057,-32233,30306,-14767,930,8255
4958,194885,194895,-6853,-2485,-631,-1551,528,-86,30073,29016,30611,-14408,933,8256
4958,194908,194918,-7078,-2384,-424,-479,512,-113,30065,24628,-31189,-14468,931,8257
4958,194931,194941,-6827,-2092,-639,-639,501,-124,30046,24437,-25885,-14617,932,8258
4958,194954,194964,-6970,-2758,-913,-879,614,-118,30035,26819,-22814,-14755,929,8259
4958,194977,194986,-6933,-2220,115,-879,576,-100,30049,32512,-22335,-14402,935,8260
4958,194999,195009,-6660,-1981,-624,-543,566,-94,30075,-29468,-24778,-14312,925,8261
4958,195022,195032,-6856,-1739,-432,-1135,560,-66,30077,-27773,-30070,-14426,931,8262
4958,195050,195060,-7004,-1988,-7,-863,530,-80,30078,-30731,31054,-14456,930,8263
4958,195073,195083,-7337,-2523,-724,-1215,553,-104,30071,29370,30312,-14168,935,8264
4958,195096,195106,-7368,-2671,-674,-1327,527,-112,30035,25556,-32758,-14294,932,8265
4958,195119,195128,-6889,-1905,-391,-799,589,-125,30048,23838,-27400,-14785,931,8266
4958,195141,195151,-7007,-2803,-643,-1327,565,-123,30067,25257,-23976,-14522,932,8267
4958,195164,195174,-6974,-2366,-376,-1023,609,-102,30070,30693,-21856,-14390,934,8268
4958,195187,195197,-6690,-2222,-391,-751,518,-82,30052,-30952,-23455,-14318,931,8269
4958,195210,195220,-7064,-2077,-412,-1247,520,-67,30040,-27743,-28202,-14564,934,8270
4958,195233,195242,-7134,-2538,-522,-543,496,-83,30072,-28528,-32213,-14402,927,8271
4958,195255,195265,-7055,-2009,-190,-1151,531,-98,30068,32566,30318,-14611,933,8272
4958,195278,195288,-6927,-2815,-295,-1775,542,-123,30039,28310,31048,-14689,932,8273
4958,195301,195311,-6892,-2735,-857,-943,583,-128,30039,24317,-30339,-14456,931,8274
4958,195324,195334,-7044,-2392,-409,-959,598,-122,30033,24395,-25047,-14486,932,8275
4958,195347,195356,-6886,-2035,-724,-895,585,-97,30055,27478,-22263,-14480,929,8276
4958,195396,195406,-7251,-2138,-379,-1183,534,-68,30059,-28210,-26508,-14258,932,8277
4958,195419,195428,-7212,-2735,-2,-895,492,-92,30033,-27666,-30878,-14456,930,8278
4958,195441,195451,-7035,-2832,-173,-815,569,-112,29984,-31252,30533,-14318,932,8279
4958,195464,195474,-6959,-2301,-427,-959,520,-128,30000,30004,30120,-14534,932,8280
4958,195487,195497,-6651,-2221,-69,-799,606,-106,30045,25041,-32105,-14653,933,8281
4958,195510,195519,-6974,-2196,-235,-767,621,-105,30046,23886,-28136,-14300,928,8282
4958,195532,195542,-6896,-2261,-565,-1231,561,-82,30015,26149,-23317,-14168,927,8283
4958,195555,195565,-7067,-2255,-569,-463,503,-62,30014,30004,-21803,-14228,933,8284
4958,195578,195588,-7168,-2611,-602,-1119,510,-91,30024,-29887,-23934,-13965,934,8285
4958,195601,195610,-6949,-2620,-761,-559,513,-115,30011,-27498,-29256,-14127,933,8286
4958,195623,195633,-7271,-2303,-439,-559,515,-131,29988,-28935,32419,-13989,928,8287
4958,195646,195656,-6897,-2074,-380,-911,566,-120,29997,31614,29737,-14192,930,8288
4958,195669,195679,-6906,-2442,-282,-719,555,-115,30011,27382,31024,-14462,928,8289
4958,195697,195707,-6755,-2323,-369,-1167,574,-81,29972,23724,-28334,-14312,928,8290
4958,195720,195729,-6918,-2048,-506,-1055,576,-59,29989,24945,-24449,-14270,935,8291
4958,195742,195752,-6940,-2222,-208,-767,549,-81,29984,29902,-21910,-14366,935,8292
4958,195765,195775,-7090,-2678,-471,-895,542,-101,29976,-31419,-22766,-13965,934,8293
4958,195788,195798,-6872,-2530,-354,-623,545,-116,29956,-27785,-27388,-14192,931,8294
4958,195811,195820,-7245,-2485,-428,-1167,563,-133,29952,-27719,-31746,-14222,931,8295
4958,195833,195843,-6716,-2464,-335,-831,576,-117,29971,-32120,30042,-14294,925,8296
4958,195856,195866,-6827,-1972,-312,-1583,602,-105,29968,29232,30276,-14306,926,8297
4958,195879,195889,-6778,-2342,-204,-959,570,-69,29949,24664,-31453,-14145,931,8298
4958,195902,195911,-7099,-2078,-751,-655,528,-77,29937,23850,-27376,-14174,930,8299
4958,195924,195934,-7058,-2209,-443,-1103,562,-75,29934,26981,-22790,-14228,933,8300
4958,195947,195957,-7044,-2077,-463,-975,520,-93,29949,31130,-21832,-14444,933,8301
4958,195970,195980,-6935,-2508,-528,-847,506,-121,29941,-29312,-24473,-13845,932,8302
4958,195993,196002,-6688,-2425,-22,-1215,533,-125,29922,-27528,-28448,-14115,934,8303
4958,196021,196030,-6890,-2053,-338,-1519,568,-113,29926,-30449,30928,-14186,925,8304
4958,196043,196053,-6979,-2165,-628,-639,626,-86,29910,31022,29940,-14246,934,8305
4958,196066,196076,-6714,-2107,-139,-1311,544,-74,29910,25820,32646,-14342,934,8306
4958,196089,196099,-6808,-1713,-488,-1263,568,-77,29933,24030,-29142,-14546,935,8307
4958,196112,196121,-6924,-2102,-287,-975,517,-96,29927,25544,-23946,-14516,935,8308
4958,196134,196144,-6803,-2238,-133,-1087,542,-105,29889,29070,-22036,-14133,932,8309
4958,196157,196167,-6795,-2565,-435,-1135,547,-123,29893,-30773,-23227,-14162,929,8310
4958,196180,196190,-6734,-1823,-484,-783,533,-115,29901,-28240,-27981,-14246,930,8311
4958,196203,196213,-6912,-2130,-244,-831,600,-104,29920,-28192,-32046,-14336,930,8312
4958,196226,196236,-6802,-2104,-439,-1759,586,-85,29895,-32485,30168,-14665,930,8313
4958,196249,196258,-6936,-2337,-185,-1295,550,-82,29871,28741,30617,-14444,932,8314
4958,196271,196281,-6762,-2040,-66,-1119,528,-93,29868,24562,-30974,-14192,933,8315
4958,196294,196304,-6858,-1920,-190,-1359,544,-104,29890,24053,-26939,-14085,931,8316
4958,196317,196327,-7205,-2476,-655,-607,614,-116,29895,27125,-22503,-14079,932,8317
4958,196345,196355,-6786,-2141,137,-1087,579,-116,29873,32692,-22216,-14025,930,8318
4958,196368,196378,-6940,-2139,-162,-271,551,-101,29888,-28504,-26053,-14408,937,8319
4958,196391,196400,-6607,-2364,-348,-1071,581,-89,29854,-27672,-30208,-13839,932,8320
4958,196413,196423,-6883,-2083,-354,-975,542,-77,29853,-30551,30988,-13935,934,8321
4958,196436,196446,-6859,-1918,13,-959,499,-90,29870,30920,29899,-14157,933,8322
4958,196459,196469,-7109,-1964,-413,-1151,518,-102,30157,26131,32664,-14300,932,8323
4958,196482,196492,-7083,-2760,-291,-927,555,-116,29832,24047,-28837,-14348,927,8324
4958,196504,196514,-6659,-2502,-208,-767,536,-123,29824,25490,-24059,-14432,934,8325
4958,196527,196537,-6546,-2151,-132,-1247,586,-115,29836,28939,-22042,-14360,935,8326
4958,196550,196560,-6620,-2132,-2,-911,558,-100,29869,-31000,-23593,-14127,932,8327
4958,196573,196583,-6522,-1757,-269,-943,569,-77,29858,-28414,-28262,-14420,929,8328
4958,196596,196605,-6720,-2116,-499,-1167,545,-73,29813,-28354,-32123,-14348,932,8329
4958,196618,196628,-6803,-1871,29,-1231,511,-88,29818,-32604,30072,-14438,932,8330
4958,196641,196651,-6690,-2048,-574,-1023,478,-104,29841,28495,30557,-14791,934,8331
4958,196669,196679,-6838,-1776,-230,-1167,533,-121,29821,24562,-29693,-14354,930,8332
4958,196692,196702,-7105,-2388,-304,-671,575,-121,29825,24281,-25544,-14342,932,8333
4958,196715,196725,-6683,-2523,103,-879,575,-118,29814,28376,-22108,-14222,934,8334
4958,196738,196747,-6873,-1955,-267,-911,586,-104,29808,32656,-22252,-14228,931,8335
4958,196760,196770,-6862,-2433,-230,-863,583,-73,29799,-28336,-25981,-14552,933,8336
4958,196783,196793,-6979,-2205,-351,-815,528,-83,29798,-27576,-30250,-14216,931,8337
4958,196806,196816,-6898,-2162,-462,-1295,529,-100,29797,-30749,30940,-14444,934,8338
4958,196829,196839,-6905,-2170,-420,-751,496,-112,29781,30591,30084,-14462,933,8339
4958,196852,196862,-6767,-2210,-65,-943,513,-118,29796,25514,-32758,-14162,930,8340
4958,196874,196884,-6779,-2128,-373,-1423,544,-122,29785,23838,-28950,-14534,930,8341
4958,196897,196907,-6685,-2434,-56,-1295,575,-108,29766,25400,-23604,-14510,930,8342
4958,196920,196930,-6755,-2253,-2,-1023,587,-91,29784,29130,-21719,-14336,929,8343
4958,196943,196953,-6927,-2138,-270,-1327,520,-84,29776,-30701,-23221,-14204,934,8344
4958,196966,196975,-6984,-2094,-328,-1679,522,-88,29751,-27995,-28082,-14234,932,8345
4958,196994,197004,-6860,-2438,-262,-703,525,-102,29750,-28989,32155,-14073,933,8346
4958,197016,197026,-6980,-2432,-371,-863,521,-112,29752,32764,29917,-14366,933,8347
4958,197039,197049,-6905,-1859,-500,-927,551,-118,29753,27125,31347,-14635,932,8348
4958,197062,197072,-6631,-1735,274,-847,559,-113,29766,24395,-30830,-14749,929,8349
4958,197085,197095,-6809,-1877,-24,-991,597,-104,29762,24191,-25233,-14300,933,8350
4958,197108,197117,-6863,-2328,-586,-1263,563,-77,29726,28430,-21874,-14300,933,8351
4958,197130,197140,-6608,-1785,-476,-1039,530,-72,29730,-32658,-22060,-13995,936,8352
4958,197153,197163,-6753,-2105,-205,-735,545,-83,29739,-28276,-26017,-14204,932,8353
4958,197176,197186,-6903,-2399,-363,-959,504,-110,29749,-27642,-30160,-14276,930,8354
4958,197199,197209,-6843,-2367,-392,-655,549,-117,29725,-30797,30809,-14049,931,8355
4958,197222,197231,-6855,-2013,-448,-751,549,-117,29711,30597,29917,-14222,925,8356
4958,197244,197254,-6515,-2101,-519,-1343,559,-102,29733,25305,32509,-14342,931,8357
4958,197267,197277,-6717,-1654,-735,-1023,571,-100,29728,23503,-28819,-14510,935,8358
4958,197290,197300,-6731,-2438,-365,-895,559,-78,29717,25347,-23718,-14372,932,8359
4958,197318,197328,-6721,-2011,-533,-1503,512,-81,29720,30621,-21623,-14055,935,8360
4958,197341,197351,-6816,-2211,-386,-1471,541,-97,29715,-29761,-24137,-14157,926,8361
4958,197364,197374,-6564,-1906,-593,-991,549,-107,29690,-27797,-28041,-14031,930,8362
4958,197386,197396,-6795,-2296,-254,-1055,549,-110,29671,-29078,32161,-14462,929,8363
4958,197409,197419,-6693,-2155,38,-1135,545,-113,29674,-32766,30060,-14312,932,8364
4958,197432,197442,-6872,-2424,-281,-1247,581,-107,29699,27107,31150,-14240,933,8365
4958,197455,197465,-6764,-2836,28,-1071,569,-90,29706,23988,-31052,-14408,933,8366
4958,197478,197487,-6763,-2068,-314,-799,569,-82,29671,24030,-25275,-14444,933,8367
4958,197500,197510,-6805,-1940,-291,-751,520,-76,29689,28298,-21755,-14366,931,8368
4958,197523,197533,-6825,-2220,-321,-1167,522,-93,29689,32650,-22072,-13839,932,8369
4958,197546,197556,-6737,-2230,-6,-1535,510,-105,29683,-28067,-26089,-14216,930,8370
4958,197576,197586,-6789,-2426,-73,-959,570,-117,29674,-27917,-31650,-14061,922,8371
4958,197599,197609,-6803,-2261,112,-1551,585,-113,29679,-31994,30138,-13917,933,8372
4958,197627,197637,-6723,-2001,-130,-479,571,-94,29669,27873,30838,-14192,929,8373
4958,197650,197659,-6649,-2213,-288,-975,549,-76,29654,23910,-30393,-14192,934,8374
4958,197682,197692,-6666,-1807,-384,-1743,535,-75,29640,25317,-23628,-14085,929,8375
4958,197705,197715,-7127,-1924,-71,-831,541,-82,29641,28921,-21898,-14091,932,8376
4958,197728,197738,-6784,-1859,106,-831,539,-112,29664,-30982,-23197,-13666,939,8377
4958,197751,197761,-6711,-2085,-396,-1231,575,-118,29657,-28061,-26670,-13755,932,8378
4958,197773,197783,-6929,-2149,-332,-847,541,-125,29613,-28234,-32129,-14109,929,8379
4958,197796,197806,-6979,-2303,-405,-767,547,-110,29610,-31425,30545,-13995,926,8380
4958,197819,197829,-6616,-1690,-184,-815,589,-97,29626,28627,30617,-14043,932,8381
4958,197841,197851,-6652,-1974,-242,-1119,569,-76,29629,25029,-30752,-14372,927,8382
4958,197864,197874,-6547,-2156,-62,-1119,527,-75,29600,23772,-26706,-14342,932,8383
4958,197887,197897,-6905,-2148,282,-1199,530,-84,29601,26771,-22497,-14270,935,8384
4958,197910,197919,-6619,-2074,-21,-1439,512,-106,29626,31022,-21797,-14360,932,8385
4958,197932,197942,-6861,-2005,-254,-847,544,-115,29629,-29432,-24526,-14073,930,8386
4958,197960,197970,-6764,-2003,-315,-1199,569,-120,29610,-27713,-30070,-14216,930,8387
4958,197983,197993,-6521,-2211,-168,-383,551,-116,29614,-29474,31862,-14228,936,8388
4958,198006,198016,-6618,-2054,-249,-815,537,-102,29596,31016,29988,-14420,932,8389
4958,198028,198038,-6737,-1813,-326,-879,559,-93,29595,25221,32407,-14540,932,8390
4958,198051,198061,-6618,-2218,172,-703,519,-85,29592,23838,-28903,-14564,936,8391
4958,198074,198084,-6809,-1820,50,-543,521,-90,29623,25173,-23832,-14629,929,8392
4958,198097,198106,-6779,-2127,-263,-1007,546,-101,29590,28735,-21916,-14522,933,8393
4958,198119,198129,-6686,-2214,-286,-1215,545,-116,29551,-31287,-23078,-14145,934,8394
4958,198142,198152,-6287,-2327,-413,-607,583,-108,29569,-28420,-26257,-13893,928,8395
4958,198164,198174,-6653,-2105,151,-1439,582,-114,29598,-28354,-31471,-14049,931,8396
4958,198187,198197,-6810,-2088,8,-1535,555,-90,29603,-31108,31024,-14019,938,8397
4958,198210,198220,-6712,-1892,-334,-687,552,-90,29559,29010,30551,-14324,926,8398
4958,198233,198243,-6661,-2300,-130,-767,520,-85,29550,25329,-32471,-14342,930,8399
4958,198255,198265,-7105,-2128,-582,-959,543,-104,29576,23706,-27274,-14456,928,8400
4958,198283,198292,-6609,-1861,58,-847,525,-102,29551,26424,-22862,-14444,933,8401
4958,198305,198315,-6666,-1846,-330,-1135,539,-108,29559,30279,-21838,-14258,933,8402
4958,198328,198338,-6564,-2686,-192,-687,541,-101,29555,-30126,-24071,-14186,932,8403
4958,198351,198360,-6703,-2104,-47,-1199,576,-99,29563,-27959,-29268,-14198,931,8404
4958,198373,198383,-6531,-1972,-180,-959,581,-94,29548,-29234,32461,-13959,923,8405
4958,198396,198406,-6769,-1973,-219,-1039,542,-82,29558,31345,30186,-14402,933,8406
4958,198419,198429,-6626,-2143,-465,-895,511,-88,29568,27322,31443,-14348,933,8407
4958,198441,198451,-6544,-2301,-107,-703,498,-107,29534,23988,-29705,-14306,935,8408
4958,198464,198474,-6890,-2165,-76,-815,539,-105,29526,24095,-25706,-14330,932,8409
4958,198487,198497,-6912,-2336,-411,-1087,558,-121,29528,28017,-22192,-14372,930,8410
4958,198510,198519,-6734,-2059,-209,-575,575,-112,29545,32273,-22156,-14198,935,8411
4958,198532,198542,-6629,-2173,-220,-639,566,-99,29540,-28881,-25754,-14216,931,8412
4958,198555,198565,-6762,-2048,-46,-879,535,-88,29528,-28061,-29651,-14091,934,8413
4958,198578,198587,-6657,-2027,-160,-1663,560,-81,29521,-30515,31509,-14324,933,8414
4958,198604,198614,-6694,-1820,365,-879,519,-83,29507,29729,30467,-14372,933,8415
4958,198626,198636,-6644,-2003,94,-687,531,-104,29534,25849,32539,-14246,933,8416
4958,198649,198659,-6829,-1922,-236,-1327,529,-116,29544,23790,-27927,-14085,934,8417
4958,198672,198682,-6749,-2342,-243,-1343,536,-120,29512,24945,-24203,-14097,931,8418
4958,198694,198704,-7005,-2339,-326,-527,583,-113,29522,29549,-21874,-14025,933,8419
4958,198717,198727,-6777,-2023,-308,-607,581,-102,29512,-31736,-22617,-14097,934,8420
4958,198740,198750,-6764,-2171,230,-1455,569,-85,29510,-28115,-27208,-14127,933,8421
4958,198763,198773,-6749,-2124,-178,-671,522,-89,29496,-28779,-32512,-14073,930,8422
4958,198785,198795,-6550,-1980,-165,-639,507,-81,29478,-32030,30533,-13839,934,8423
4958,198808,198818,-6687,-1762,-115,-927,537,-100,29487,28088,30916,-14186,932,8424
4958,198831,198841,-6827,-1748,102,-1423,519,-114,29504,24736,-31782,-14270,935,8425
4958,198854,198863,-6351,-1711,-21,-1167,539,-116,29511,24018,-26304,-14103,931,8426
4958,198876,198886,-6612,-2068,-228,-911,576,-118,29487,26137,-23102,-14276,936,8427
4958,198899,198909,-7005,-1981,-489,-975,579,-108,29471,31381,-21647,-13929,931,8428
4958,198927,198937,-6558,-2375,238,-1087,539,-77,29467,-29258,-24658,-13546,930,8429
4958,198950,198960,-6562,-2227,-207,-815,513,-76,29466,-27893,-30202,-13731,933,8430
4958,198973,198983,-6775,-1912,-271,-1263,525,-88,29490,-29641,31826,-14109,931,8431
4958,198996,199006,-6794,-1748,-352,-975,531,-98,29486,30525,30348,-14013,931,8432
4958,199019,199029,-6699,-2567,-326,-575,507,-106,29450,26646,31730,-14121,931,8433
4958,199042,199051,-6469,-2401,-80,-1103,545,-113,29470,23832,-28873,-13935,934,8434
4958,199065,199074,-6640,-2023,-358,-767,555,-114,29478,24239,-24963,-14294,931,8435
4958,199087,199097,-6643,-2059,-353,-927,553,-105,29459,28723,-21785,-13731,934,8436
4958,199110,199120,-6496,-2420,-191,-815,574,-94,29464,-30910,-22880,-14019,931,8437
4958,199133,199143,-6689,-2222,-36,-863,546,-92,29448,-28312,-26089,-13642,935,8438
4958,199156,199166,-6872,-1924,-126,-1151,533,-92,29448,-28234,-31710,-13971,932,8439
4958,199179,199189,-6653,-2037,611,-1007,537,-92,29428,-30826,30803,-13917,932,8440
4958,199202,199212,-6683,-2146,160,-1439,537,-98,29464,28909,30473,-14240,930,8441
4958,199225,199235,-6794,-2242,-360,-959,552,-110,29468,25424,-32674,-13995,930,8442
4958,199253,199263,-6529,-2176,-449,-1215,561,-113,29458,23970,-25945,-14360,932,8443
4958,199276,199286,-6566,-2050,-41,-943,547,-106,29466,26233,-22730,-14043,933,8444
4958,199299,199309,-6632,-2296,-122,-655,550,-92,29421,31962,-21755,-13995,933,8445
4958,199322,199332,-6551,-2329,-99,-927,528,-82,29412,-29821,-23904,-13713,930,8446
4958,199345,199355,-6799,-1871,-534,-1327,521,-110,29449,-27570,-29202,-13923,927,8447
4958,199368,199378,-6642,-2452,338,-831,519,-97,29448,-28953,30910,-14061,931,8448
4958,199391,199401,-6661,-2410,-232,-1007,546,-113,29450,31525,29976,-14228,933,8449
4958,199414,199423,-6607,-2153,177,-639,537,-105,29409,26005,32006,-14097,930,8450
4958,199436,199446,-6694,-2288,-492,-1119,565,-101,29429,23646,-29878,-14145,930,8451
4958,199459,199469,-6731,-2417,-132,-815,543,-98,29426,24514,-24604,-14085,934,8452
4958,199482,199492,-6571,-2112,-71,-1279,557,-98,29434,27675,-22006,-14342,934,8453
4958,199505,199515,-6694,-2436,-329,-591,533,-99,29411,-32102,-22377,-14139,931,8454
4958,199528,199538,-6422,-2027,-305,-1087,535,-100,29392,-28725,-25281,-14097,933,8455
4958,199556,199566,-6430,-2444,-208,-1231,536,-100,29386,-28144,-32069,-14133,930,8456
4958,199579,199589,-6190,-2127,-208,-1087,539,-115,29368,-31293,30695,-14216,931,8457
4958,199602,199612,-6479,-1948,-178,-815,561,-113,29396,28723,30479,-14498,929,8458
4958,199625,199635,-6551,-1959,-106,-623,536,-97,29423,24904,-32327,-14522,932,8459
4958,199648,199658,-6674,-2036,-218,-1423,531,-91,29417,23658,-26819,-14348,930,8460
4958,199671,199681,-6575,-2354,-196,-959,541,-89,29397,26706,-22365,-14157,930,8461
4958,199694,199703,-6873,-1795,100,-463,538,-97,29386,30902,-21647,-14276,934,8462
4958,199717,199726,-6876,-2226,117,-607,535,-96,29388,-29336,-24347,-14270,933,8463
4958,199739,199749,-6672,-2009,-376,-911,514,-108,29409,-27630,-28304,-14258,922,8464
4958,199762,199772,-6492,-2153,-201,-303,526,-115,29417,-29228,32173,-14228,930,8465
4958,199785,199795,-6592,-2007,-104,-767,521,-109,29377,32554,29988,-14354,934,8466
4958,199808,199818,-6527,-1900,215,-879,560,-104,29367,26915,31317,-14091,935,8467
4958,199831,199841,-6712,-2207,-376,-1407,559,-98,29392,24030,-30944,-14145,928,8468
4958,199854,199864,-6636,-1818,-240,-751,543,-83,29386,24209,-25412,-14145,930,8469
4958,199882,199892,-6402,-2001,26,-1391,551,-82,29389,28310,-21922,-14019,930,8470
4958,199905,199915,-6812,-2037,-482,-1231,545,-97,29384,-31659,-22754,-13893,930,8471
4958,199928,199938,-6742,-2399,24,-863,529,-108,29370,-28641,-25766,-14043,932,8472
4958,199951,199960,-6773,-1828,-82,-1039,537,-114,29359,-27935,-31477,-13971,930,8473
4958,199973,199983,-6760,-2010,-180,-927,536,-112,29369,-31742,30228,-14109,930,8474
4958,199996,200006,-6726,-2003,-238,-1503,559,-104,29384,29393,30294,-14162,930,8475
4958,200019,200029,-6582,-1826,-130,-895,555,-94,29380,24945,-31896,-14049,930,8476
4958,200042,200052,-6504,-1679,-312,-1071,538,-83,29341,23533,-27945,-14091,927,8477
4958,200065,200075,-6475,-1995,98,-1231,538,-84,29324,25867,-23377,-14450,932,8478
4958,200088,200098,-6865,-2163,-263,-1135,537,-89,29363,29848,-21479,-14151,933,8479
4958,200111,200121,-6692,-1923,129,-911,515,-93,29371,-30270,-23802,-14186,929,8480
4958,200134,200143,-6507,-1922,254,-863,528,-112,29361,-27839,-27286,-13761,929,8481
4958,200156,200166,-6416,-1950,126,-431,547,-110,29336,-28623,32718,-14109,934,8482
4958,200179,200189,-6632,-2148,-184,-911,593,-118,29346,-31904,30036,-14372,935,8483
4958,200208,200217,-6620,-2016,7,-815,558,-99,29333,26741,31635,-14354,931,8484
4958,200230,200240,-6446,-1924,-50,-863,550,-85,29336,24185,-30501,-14594,932,8485
4958,200253,200263,-6762,-2110,189,-943,553,-76,29332,24293,-25173,-14456,934,8486
4958,200276,200286,-6640,-2009,-388,-1327,514,-93,29344,28412,-22144,-14025,930,8487
4958,200299,200309,-6549,-2594,33,-1215,517,-93,29316,32692,-22323,-13983,931,8488
4958,200322,200332,-6774,-1946,-569,-911,527,-112,29325,-28623,-26185,-14157,933,8489
4958,200345,200355,-6696,-1943,37,-895,546,-105,29331,-27761,-30250,-13713,928,8490
4958,200368,200377,-6449,-2053,36,-1007,565,-105,29332,-30814,30928,-13863,933,8491
4958,200398,200408,-6831,-2314,-13,-623,535,-104,29325,29364,30371,-14198,930,8492
4958,200421,200431,-6509,-2019,-121,-991,566,-92,29332,24694,-31591,-14426,934,8493
4958,200443,200453,-6603,-2019,-283,-959,550,-98,29328,23694,-26376,-14414,931,8494
4958,200466,200476,-6775,-2349,-47,-879,520,-93,29315,26005,-22994,-14270,929,8495
4958,200511,200521,-6775,-1794,-673,-1007,535,-105,29313,-30240,-23814,-14222,931,8496
4958,200534,200543,-6635,-1905,114,-1343,547,-100,29322,-28007,-28897,-14013,930,8497
4958,200562,200572,-6664,-1562,-265,-479,531,-110,29321,-29815,31653,-14091,931,8498
4958,200584,200594,-6476,-1512,-214,-511,549,-104,29323,32147,30078,-14168,932,8499
4958,200607,200617,-6358,-2452,-30,-1455,547,-101,29284,26688,31557,-14037,933,8500
4958,200630,200640,-6531,-2078,-37,-527,521,-99,29274,24245,-29226,-14073,937,8501
4958,200653,200663,-6220,-1633,-106,-623,534,-93,29280,24425,-25161,-14300,930,8502
4958,200676,200685,-6663,-2101,17,-991,544,-102,29297,28585,-22060,-14031,932,8503
4958,200699,200708,-6455,-2159,-65,-511,553,-97,29305,-32551,-22401,-13863,925,8504
4958,200721,200731,-6423,-2491,-111,-1311,536,-99,29289,-28462,-26292,-13827,924,8505
4958,200744,200754,-6748,-2360,-182,-1119,535,-106,29269,-27761,-30399,-14091,938,8506
4958,200767,200777,-6635,-1888,-244,-687,559,-100,29291,-30773,30868,-13929,932,8507
4958,200790,200800,-6402,-1961,-143,-927,549,-98,29297,30722,29755,-14270,932,8508
4958,200813,200822,-6610,-2216,-82,-767,562,-99,29276,25412,-32758,-14444,932,8509
4958,200836,200845,-6660,-2203,100,-1343,536,-97,29274,23712,-29118,-14342,929,8510
4958,200858,200868,-6462,-1899,-160,-751,531,-105,29282,25041,-24167,-14157,930,8511
4958,200886,200896,-6633,-2383,93,-879,536,-101,29257,29974,-21922,-14079,925,8512
4958,200909,200919,-6457,-1987,-582,-463,535,-92,29272,-30234,-23772,-14390,932,8513
4958,200932,200942,-6246,-1685,264,-623,547,-99,29287,-28007,-27430,-14186,933,8514
4958,200955,200964,-6778,-2066,-8,-607,525,-97,29296,-28935,-32758,-14079,933,8515
4958,200977,200987,-6536,-2333,334,-655,538,-86,29250,-31910,30425,-14288,932,8516
4958,201000,201010,-6605,-2058,91,-287,534,-101,29248,27909,31006,-14312,934,8517
4958,201023,201033,-6583,-2304,-129,-447,539,-100,29252,24155,-30591,-14133,933,8518
4958,201046,201056,-6419,-2126,-114,-1167,534,-101,29262,23970,-26280,-14162,932,8519
4958,201069,201079,-6780,-2401,-28,-1055,554,-104,29249,27238,-22347,-13941,930,8520
4958,201092,201101,-6691,-2279,86,-767,545,-101,29250,31273,-22018,-13660,934,8521
4958,201114,201124,-6537,-1808,189,-1263,546,-94,29250,-29252,-24850,-14186,933,8522
4958,201137,201147,-6438,-1850,110,-831,549,-94,29275,-27815,-28813,-14001,932,8523
4958,201160,201170,-6675,-1615,-237,-655,546,-92,29269,-29587,31635,-14145,936,8524
4958,201183,201193,-6297,-2244,123,-751,527,-97,29236,32093,29982,-14019,934,8525
4958,201211,201221,-6691,-2011,-200,-559,536,-106,29266,25544,32539,-14115,933,8526
4958,201234,201243,-6557,-2399,-187,-1199,539,-100,29248,23814,-29130,-14121,934,8527
4958,201256,201266,-6885,-2591,-171,-735,553,-112,29241,25125,-24065,-14192,933,8528
4958,201279,201289,-6602,-2057,-78,-1167,535,-105,29237,28573,-22054,-14396,931,8529
4958,201302,201312,-6647,-1895,-226,-1023,552,-97,29242,-31407,-22742,-14186,932,8530
4958,201325,201335,-6120,-1869,241,-831,530,-83,29234,-28366,-25927,-14049,930,8531
4958,201348,201358,-6691,-2177,-418,-703,538,-94,29220,-28204,-31477,-14133,930,8532
4958,201371,201381,-6443,-2184,112,-927,557,-84,29234,-31898,30377,-14073,931,8533
4958,201394,201403,-6633,-1914,-190,-511,521,-104,29246,29573,30222,-14204,936,8534
4958,201416,201426,-6520,-1937,-90,-1087,544,-107,29234,24850,-31986,-14336,934,8535
4958,201439,201449,-6751,-2334,-60,-735,560,-109,29216,23814,-28190,-14384,930,8536
4958,201462,201472,-6583,-2181,-56,-943,560,-108,29227,26029,-23545,-14312,934,8537
4958,201485,201495,-6449,-2159,-317,-367,559,-96,29203,29848,-21970,-14157,926,8538
4958,201513,201523,-6312,-1896,430,-831,558,-97,29219,-29240,-24898,-13989,934,8539
4958,201536,201546,-6756,-1616,-176,-1039,558,-90,29209,-27684,-28789,-14157,936,8540
4958,201559,201569,-6515,-1912,-16,-815,534,-97,29206,-29282,31689,-13959,933,8541
4958,201582,201591,-6472,-1979,52,-623,542,-92,29218,32548,29863,-14025,933,8542
4958,201604,201614,-6342,-1896,176,-847,517,-93,29209,26909,31269,-14414,934,8543
4958,201627,201637,-6742,-2084,-484,-671,533,-106,29187,24227,-30920,-14605,933,8544
4958,201650,201660,-6507,-1994,-439,-655,543,-102,29197,24323,-25466,-14091,934,8545
4958,201673,201683,-6554,-1860,-271,-879,555,-99,29227,26969,-22593,-14258,935,8546
4958,201696,201706,-6202,-2348,-91,-1055,544,-97,29211,32584,-22311,-14049,935,8547
4958,201719,201729,-6690,-2083,-426,-783,515,-99,29182,-28378,-25975,-14031,936,8548
4958,201742,201751,-6537,-2158,274,-863,543,-97,29187,-27582,-29860,-13881,932,8549
4958,201764,201774,-6711,-2118,-271,-799,545,-104,29193,-30306,30964,-13785,931,8550
4958,201787,201797,-6425,-2070,475,-719,528,-93,29180,31195,29767,-14109,930,8551
4958,201810,201820,-6540,-2327,-399,-975,530,-104,29184,26047,32126,-14492,932,8552
4958,201838,201848,-6392,-1998,91,-703,537,-104,29195,23640,-28370,-14396,932,8553
4958,201861,201871,-6470,-2276,-260,-1343,547,-100,29173,25843,-23634,-14384,933,8554
4958,201884,201894,-5988,-2216,18,-1039,525,-84,29155,29519,-22018,-14168,929,8555
4958,201907,201917,-6805,-1937,-137,-975,544,-98,29192,-30377,-23676,-14055,934,8556
4958,201930,201939,-6304,-1653,26,-1183,541,-93,29190,-27845,-27113,-13791,928,8557
4958,201952,201962,-6292,-1885,-42,-607,546,-96,29165,-28540,-32447,-14151,934,8558
4958,201975,201985,-6718,-2359,-81,-687,536,-100,29144,-31509,30413,-14174,927,8559
4958,201998,202008,-6433,-1796,154,-767,542,-92,29166,28585,30348,-14085,931,8560
4958,202021,202031,-6578,-1631,5,-767,536,-102,29194,24975,-31154,-14228,934,8561
4958,202044,202054,-6589,-2074,-240,-1199,533,-98,29182,23808,-27149,-14073,935,8562
4958,202067,202077,-6616,-1908,-400,-495,546,-102,29171,26592,-22922,-14115,935,8563
4958,202090,202099,-6572,-2307,-17,-1215,518,-100,29158,30633,-21946,-14192,930,8564
4958,202112,202122,-6309,-1885,-165,-1151,545,-97,29165,-29557,-24526,-14204,935,8565
4958,202135,202145,-6453,-1921,-34,-879,549,-91,29162,-27809,-28286,-14133,937,8566
4958,202163,202173,-6341,-2024,-574,-703,551,-101,29161,-30114,31228,-14198,933,8567
4958,202186,202196,-6446,-1848,63,-815,549,-94,29162,31405,29821,-14450,926,8568
4958,202209,202219,-6542,-2231,-184,-975,541,-104,29156,25999,31826,-14210,933,8569
4958,202232,202242,-6551,-2124,350,-687,539,-102,29147,23904,-30226,-14246,933,8570
4958,202255,202265,-6491,-1948,-234,-799,534,-97,29153,24862,-24850,-14294,933,8571
4958,202278,202288,-6632,-2157,-335,-511,543,-88,29160,27813,-22419,-13863,935,8572
4958,202301,202310,-6525,-2131,-182,-1375,523,-96,29173,-31970,-22820,-13941,934,8573
4958,202323,202333,-6491,-2259,-358,-335,537,-91,29171,-28611,-25341,-13809,928,8574
4958,202346,202356,-6614,-1983,6,-1439,543,-106,29146,-27695,-30794,-14079,932,8575
4958,202369,202379,-6341,-2136,-270,-959,537,-89,29118,-31210,30695,-14013,934,8576
4958,202392,202402,-6540,-2177,-139,-1135,543,-107,29142,30303,29994,-13833,934,8577
4958,202415,202424,-6629,-1946,82,-1407,559,-92,29163,25305,-32620,-14336,931,8578
4958,202437,202447,-6551,-2279,-272,-271,538,-88,29140,23820,-28867,-14276,932,8579
4958,202460,202470,-6545,-2055,339,-479,555,-83,29130,25478,-23916,-14240,936,8580
4958,202489,202498,-6668,-2192,-430,-799,519,-96,29147,30441,-22012,-14061,931,8581
4958,202511,202521,-6485,-2331,-374,-1311,530,-101,29130,-29893,-24167,-13719,931,8582
4958,202534,202544,-6524,-2364,194,-1343,526,-105,29146,-27971,-28023,-14043,930,8583
4958,202557,202567,-6601,-2007,95,-1167,539,-113,29155,-29096,32455,-14186,933,8584
4958,202580,202590,-6433,-2256,-109,-831,554,-104,29138,-32389,30120,-14109,934,8585
4958,202603,202612,-6800,-2170,-372,-1375,553,-105,29118,27562,30713,-14091,929,8586
4958,202625,202635,-6505,-2459,69,-623,544,-90,29102,24616,-31710,-14162,934,8587
4958,202648,202658,-6506,-2253,-26,-1423,531,-92,29154,24089,-26292,-14186,934,8588
4958,202671,202681,-6563,-2464,66,-943,549,-98,29150,26346,-23221,-14127,933,8589
4958,202694,202704,-6169,-2078,-101,-767,506,-97,29107,31662,-22299,-13977,936,8590
4958,202717,202727,-6374,-2579,-123,-911,528,-108,29106,-29030,-25317,-13785,930,8591
4958,202740,202749,-6737,-2258,-360,-1295,538,-114,29130,-27642,-29244,-13971,930,8592
4958,202762,202772,-6587,-1921,-337,-1423,535,-105,29123,-29629,31413,-14031,934,8593
4958,202785,202795,-6490,-1941,-273,-991,544,-106,29134,32063,29815,-14282,936,8594
4958,202813,202823,-6886,-2070,163,-959,565,-88,29134,25454,32503,-14366,933,8595
4958,202836,202846,-6613,-2185,138,-911,550,-90,29141,23772,-29304,-14342,932,8596
4958,202859,202869,-6679,-1726,-73,-927,551,-75,29090,25191,-24329,-14324,932,8597
4958,202882,202892,-6356,-2151,108,-911,544,-90,29093,28621,-22473,-14115,931,8598
4958,202905,202914,-6731,-2094,-318,-1023,554,-99,29112,-31413,-23209,-14354,930,8599
4958,202927,202937,-6509,-2194,50,-863,527,-101,29110,-28456,-26161,-14192,931,8600
4958,202950,202960,-6333,-2243,-123,-783,543,-110,29083,-28192,-31674,-14139,932,8601
4958,202973,202983,-5905,-2298,112,-1407,552,-108,29097,-30707,30826,-14348,931,8602
4958,202996,203006,-6533,-2047,-439,-1247,554,-100,29120,29597,30066,-14366,927,8603
4958,203019,203029,-6565,-2004,-38,-575,537,-94,29118,25861,32263,-14061,927,8604
4958,203042,203051,-6353,-1933,-221,-815,537,-83,29105,23664,-28256,-14300,934,8605
4958,203064,203074,-6264,-1992,-54,-671,544,-84,29079,26137,-23587,-14168,931,8606
4958,203087,203097,-6626,-2023,80,-1263,514,-91,29098,29813,-22030,-14246,934,8607
4958,203110,203120,-6531,-2099,-182,-879,525,-101,29093,-30383,-23808,-14115,932,8608
4958,203138,203148,-6631,-2086,-374,-479,526,-107,29093,-27695,-28753,-14103,933,8609
4958,203161,203171,-6622,-1894,233,-767,545,-114,29071,-29384,31766,-14192,933,8610
4958,203184,203194,-6323,-2026,-106,-559,558,-105,29099,32572,30168,-14210,935,8611
4958,203217,203226,-6618,-1935,-395,-799,551,-97,29098,26077,32329,-14252,933,8612
4958,203280,203290,-6444,-1695,-491,-575,525,-98,29070,28178,-22281,-14258,932,8613
4958,203336,203346,-6385,-1949,-80,-1055,534,-104,29106,-27803,-28448,-13881,933,8614
4958,203398,203408,-6448,-1968,-67,-1423,558,-97,29083,30202,30156,-14043,932,8615
4958,203421,203431,-6613,-1985,-111,-1135,537,-96,29077,25119,-32351,-14222,933,8616
4958,203444,203454,-6589,-1936,-226,-847,541,-93,29066,23808,-28549,-13959,930,8617
4958,203467,203476,-6248,-1948,113,-815,517,-86,29074,25556,-23808,-14127,932,8618
4958,203489,203499,-6396,-2094,-369,-591,519,-96,29073,30525,-22048,-14049,933,8619
4958,203512,203522,-6548,-1961,122,-719,523,-108,29055,-30982,-23485,-14139,926,8620
4958,203535,203545,-6294,-1931,-106,-911,537,-106,29046,-27833,-27939,-14162,933,8621
4958,203563,203573,-6355,-1848,-454,-1151,553,-100,29055,-29102,32395,-13899,934,8622
4958,203586,203596,-6483,-1816,-397,-799,549,-90,29042,-32383,30066,-13875,932,8623
4958,203609,203618,-6263,-1918,80,-1119,542,-90,29091,27753,31102,-14001,938,8624
4958,203631,203641,-6703,-1959,-326,-1615,544,-92,29100,24107,-30244,-14085,933,8625
4958,203654,203664,-6444,-2135,58,-735,538,-93,29065,24455,-26406,-14228,934,8626
4958,203677,203687,-6640,-2356,16,-671,530,-101,29060,27795,-22653,-14025,928,8627
4958,203700,203710,-6321,-2094,136,-1023,530,-101,29070,31764,-22491,-13947,932,8628
4958,203722,203732,-6404,-1673,336,-47,543,-101,29087,-29180,-25287,-14001,932,8629
4958,203745,203755,-6507,-2077,73,-911,546,-98,29058,-27953,-29286,-13899,932,8630
4958,203768,203778,-6848,-2415,-219,-879,547,-99,29046,-29964,31521,-14091,932,8631
4958,203791,203801,-6281,-2066,341,-1423,565,-86,29065,31998,30000,-14049,932,8632
4958,203814,203824,-6364,-2051,-241,-1215,536,-97,29100,26562,31677,-14168,932,8633
4958,203837,203846,-6425,-1926,-144,-879,535,-93,29066,24191,-30764,-14384,931,8634
4958,203859,203869,-6487,-2235,-53,-975,534,-97,29039,24401,-25460,-14306,932,8635
4958,203887,203897,-6311,-1897,1,-975,533,-102,29061,28501,-22587,-14222,937,8636
4958,203910,203920,-6455,-2196,-95,-687,550,-96,29034,-31730,-23467,-13791,933,8637
4958,203933,203943,-6622,-1894,-49,-1119,523,-108,29034,-28851,-26424,-14168,932,8638
4958,203956,203966,-6468,-2111,-339,-623,543,-107,29052,-28342,-31549,-14025,923,8639
4958,203979,203988,-6300,-1583,35,-703,543,-94,29066,-30767,30605,-14073,932,8640
4958,204001,204011,-6286,-1929,83,-495,552,-94,29054,29585,30174,-14222,932,8641
4958,204024,204034,-6505,-1825,-91,-911,525,-94,29022,25065,-32225,-14324,937,8642
4958,204047,204057,-6689,-2276,-609,-863,541,-100,29025,23634,-28388,-13989,932,8643
4958,204070,204080,-6630,-2125,89,-671,523,-98,29065,25742,-24000,-14504,937,8644
4958,204093,204103,-6532,-2068,-278,-831,538,-105,29066,29387,-22389,-14198,927,8645
4958,204116,204125,-6357,-2057,326,-655,534,-108,29038,-30689,-23856,-14055,934,8646
4958,204138,204148,-6296,-2216,-83,-751,537,-104,29045,-28330,-27190,-14133,929,8647
4958,204161,204171,-6413,-1752,-84,-1087,547,-98,29026,-28330,-32399,-13893,924,8648
4958,204184,204194,-6546,-2026,104,-911,544,-85,29039,-31443,30683,-14216,931,8649
4958,204212,204222,-6274,-1953,-345,-687,527,-98,29038,27520,31048,-14516,933,8650
4958,204235,204245,-6567,-2013,-71,-719,535,-89,29038,24814,-31315,-14498,933,8651
4958,204258,204268,-6185,-2203,-46,-1023,522,-112,29028,24479,-26346,-14396,930,8652
4958,204281,204290,-6235,-2163,-108,-591,533,-101,29035,26592,-23389,-14312,931,8653
4958,204303,204313,-6153,-1717,-61,-863,550,-101,29033,31818,-22353,-14079,934,8654
4958,204326,204336,-6198,-2013,-253,-1199,539,-100,29034,-30114,-25508,-14115,930,8655
4958,204349,204359,-6455,-1935,79,-767,538,-99,29059,-27941,-29268,-13965,930,8656
4958,204372,204382,-6509,-2331,-334,-767,549,-89,29020,-29875,31635,-14180,929,8657
4958,204395,204405,-6422,-1785,675,-463,529,-92,29005,32135,30174,-14510,934,8658
4958,204418,204427,-6327,-1845,-50,-703,531,-94,29011,26454,31910,-14294,934,8659
4958,204440,204450,-6446,-2006,20,-447,527,-104,29038,24161,-30447,-14432,927,8660
4958,204463,204473,-6588,-2163,-410,-767,530,-102,29019,24640,-25299,-14432,930,8661
4958,204486,204496,-6498,-2063,-72,-879,542,-109,29006,27388,-22862,-14570,932,8662
4958,204509,204519,-6502,-1722,-160,-1311,562,-107,29025,-32706,-22641,-14097,929,8663
4958,204537,204547,-6589,-2164,-464,-1135,550,-88,28999,-28749,-26286,-14115,934,8664
4958,204560,204570,-6481,-2403,309,-1071,542,-85,29022,-28468,-31722,-14504,934,8665
4958,204582,204592,-6179,-1829,386,-671,534,-93,29033,-30737,31090,-14204,931,8666
4958,204605,204615,-6519,-1831,-108,-687,527,-93,29042,29501,30216,-14504,929,8667
4958,204628,204638,-6755,-2177,230,-943,515,-112,29010,25909,32377,-14516,926,8668
4958,204651,204661,-6394,-1920,321,-431,526,-109,29021,23952,-28280,-14576,932,8669
4958,204674,204684,-6411,-1798,-34,-1183,534,-107,29011,25083,-23090,-14127,930,8670
4958,204697,204706,-6516,-1744,-25,-1119,552,-104,29017,29531,-22275,-14246,932,8671
4958,204719,204729,-6599,-1887,-5,-687,554,-97,29003,-30479,-23748,-13971,929,8672
4958,204742,204752,-6379,-2008,117,-687,552,-94,29019,-28312,-27107,-14234,932,8673
4958,204765,204775,-6396,-1992,265,-463,544,-89,29007,-28737,-32243,-13983,933,8674
4958,204788,204798,-6468,-1877,9,-1279,535,-92,29010,-31539,30581,-14025,934,8675
4958,204811,204820,-6383,-2078,-164,-959,536,-98,29014,28657,30623,-14133,935,8676
4958,204833,204843,-6512,-2427,-126,-815,511,-106,29279,25197,-32620,-14420,935,8677
4958,204862,204871,-6668,-2003,80,-719,531,-114,29021,24371,-26125,-14396,926,8678
4958,204884,204894,-6155,-2135,-48,-1343,549,-113,28994,26867,-23281,-14456,935,8679
4958,204907,204917,-6307,-2159,525,-975,546,-93,28980,32004,-22377,-14270,932,8680
4958,204930,204940,-6492,-1834,90,-1279,541,-83,28982,-29976,-24389,-13869,933,8681
4958,204953,204963,-6686,-1819,45,-687,543,-76,29015,-27965,-29340,-14043,932,8682
4958,204976,204985,-6485,-1812,-389,-831,545,-88,29018,-28893,32161,-13995,933,8683
4958,204998,205008,-6096,-1716,-334,-687,518,-91,28978,31878,29928,-14402,937,8684
4958,205021,205031,-6625,-1951,42,-975,513,-104,28973,27783,30779,-14420,931,8685
4958,205044,205054,-6487,-2186,110,-815,534,-108,29006,24149,-30645,-14576,934,8686
4958,205067,205077,-6362,-2010,-1,-623,545,-117,29004,24508,-25281,-14402,930,8687
4958,205090,205099,-6185,-1826,345,-991,546,-109,29003,27400,-22563,-14474,934,8688
4958,205112,205122,-6562,-1870,-354,-559,554,-97,28991,32758,-22647,-14157,933,8689
4958,205135,205145,-6491,-1772,83,-767,545,-84,29003,-29150,-24898,-13995,932,8690
4958,205158,205168,-6474,-1831,-340,-799,537,-85,29003,-27707,-30154,-14276,935,8691
4958,205186,205196,-6498,-2281,117,-1231,523,-83,28989,-30395,30934,-14168,932,8692
4958,205209,205219,-6369,-1947,-132,-927,518,-97,29004,29627,30138,-14498,932,8693
4958,205232,205242,-6489,-2074,-109,-1007,525,-105,29004,26035,32185,-14079,931,8694
4958,205254,205264,-6453,-2242,-65,-943,527,-117,28965,23940,-28304,-14186,932,8695
4958,205277,205287,-6333,-2120,-69,-799,541,-116,28967,24981,-24532,-14324,934,8696
4958,205300,205310,-6381,-2238,9,-1167,557,-108,29001,29627,-21964,-14103,933,8697
4958,205323,205333,-6385,-1973,38,-1103,558,-88,29010,-31683,-22832,-14180,935,8698
4958,205346,205356,-6087,-1836,-129,-687,542,-89,28991,-27977,-27023,-14067,924,8699
4958,205369,205379,-6215,-1921,553,-623,529,-72,28970,-28019,-31142,-13785,933,8700
4958,205392,205401,-6630,-1844,-144,-959,520,-90,28985,-30934,30725,-14043,932,8701
4958,205414,205424,-6507,-1639,-280,-735,520,-105,28995,28885,30575,-14252,932,8702
4958,205437,205447,-6261,-1860,103,-1359,526,-112,28973,25287,-32483,-14444,933,8703
4958,205460,205470,-6391,-2096,-129,-1407,538,-120,28981,23850,-27226,-14228,933,8704
4958,205483,205493,-6251,-2198,-282,-943,561,-106,29279,25323,-23916,-14085,931,8705
4958,205504,205514,-6111,-1674,155,-815,551,-96,28993,30645,-22084,-13767,933,8706
4958,205527,205537,-6603,-1987,-376,-1567,546,-91,29011,-30910,-23167,-13983,934,8707
4958,205550,205560,-6279,-2505,134,-719,542,-78,28962,-27719,-27951,-13624,932,8708
4958,205573,205583,-6332,-2175,4,-879,527,-82,28945,-28294,-31740,-13923,936,8709
4958,205595,205605,-6752,-2273,277,-687,515,-84,28962,-32072,30186,-13743,932,8710
4958,205618,205628,-6579,-1924,-93,-1103,522,-107,28995,29112,30294,-13785,933,8711
4958,205641,205651,-6543,-2155,102,-1055,529,-112,28972,24622,-31716,-14049,923,8712
4958,205664,205674,-6411,-2243,241,-815,541,-115,28965,23742,-27669,-13905,933,8713
4958,205687,205697,-6367,-2022,-569,-1007,554,-104,28970,26119,-23191,-13995,932,8714
4958,205731,205741,-6395,-2034,-123,-1087,553,-90,28973,-30174,-23886,-13761,930,8715
4958,205754,205764,-6541,-2177,-309,-767,536,-85,28947,-27815,-27430,-13851,932,8716
4958,205777,205787,-6286,-1759,289,-399,529,-84,28963,-28282,-32710,-13971,931,8717
4958,205800,205809,-6463,-1756,7,-911,518,-102,28989,-31557,30240,-14073,936,8718
4958,205828,205838,-6506,-1927,42,-943,527,-106,28965,26969,31443,-13755,934,8719
4958,205850,205860,-6503,-1774,-82,-543,542,-114,28974,24311,-30914,-13923,928,8720
4958,205873,205883,-6181,-2146,88,-1023,545,-108,28966,24215,-25371,-13971,931,8721
4958,205896,205906,-6704,-2260,-153,-1247,545,-99,28967,26933,-22605,-13959,934,8722
4958,205919,205929,-6295,-2214,236,-479,546,-86,28964,32489,-22054,-14043,930,8723
4958,205942,205951,-6422,-1650,-134,-927,538,-77,28974,-29408,-24496,-13983,932,8724
4958,205964,205974,-6293,-1815,197,-1119,526,-75,28958,-27678,-29663,-13600,925,8725
4958,205987,205997,-6365,-1978,-89,-815,518,-92,28971,-29132,31958,-14031,932,8726
4958,206010,206020,-6326,-2088,-54,-399,526,-104,28940,31603,29743,-14031,933,8727
4958,206033,206042,-6708,-2268,-458,-735,536,-118,28948,26095,31940,-14318,931,8728
4958,206055,206065,-6392,-2051,-145,-1183,551,-115,28942,23808,-30046,-14222,932,8729
4958,206078,206088,-6187,-2120,47,-607,551,-100,28966,24329,-24694,-13989,932,8730
4958,206101,206111,-6185,-2039,283,-831,557,-88,28972,27376,-22150,-14013,931,8731
4958,206124,206134,-6621,-1959,68,-1055,547,-81,28954,-32413,-22497,-14013,930,8732
4958,206152,206162,-6211,-2103,-71,-655,521,-76,28942,-28228,-26286,-13540,933,8733
4958,206182,206192,-6344,-1890,-358,-671,523,-101,28979,-28719,32575,-13767,934,8734
4958,206205,206215,-6164,-1833,-141,-783,517,-102,28946,-32191,30174,-14013,931,8735
4958,206228,206237,-6677,-1879,-33,-1231,536,-121,28928,27801,30647,-14300,929,8736
4958,206250,206260,-6579,-2091,9,-975,539,-106,28936,24413,-32123,-13953,932,8737
4958,206273,206283,-6482,-2049,-6,-879,555,-108,28967,23383,-26478,-13773,931,8738
4958,206296,206306,-6464,-1879,-211,-639,550,-86,28959,25855,-22982,-14121,932,8739
4958,206319,206328,-6353,-2203,-403,-1135,545,-76,28936,31124,-21815,-13809,933,8740
4958,206341,206351,-6426,-2267,47,-1471,533,-91,28945,-30336,-24682,-13654,935,8741
4958,206364,206374,-6335,-2166,-253,-1279,514,-77,28940,-27588,-28573,-13588,929,8742
4958,206387,206397,-6579,-1731,-80,-1247,518,-106,28950,-29360,31868,-13648,933,8743
4958,206410,206419,-6627,-2081,228,-975,528,-114,28962,32483,29803,-13791,933,8744
4958,206432,206442,-6613,-2151,120,-1231,535,-114,28939,26753,31066,-13702,930,8745
4958,206455,206465,-6262,-1984,-147,-1119,547,-110,28950,23814,-31183,-13911,931,8746
4958,206483,206493,-6567,-1805,328,-799,559,-104,28934,23736,-24556,-14133,930,8747
4958,206506,206516,-6668,-2003,-94,-1039,550,-78,28962,27711,-22072,-14079,932,8748
4958,206529,206538,-6427,-2065,-341,-783,534,-81,28940,-31880,-22269,-13719,935,8749
4958,206551,206561,-6238,-1990,-17,-479,514,-90,28931,-28582,-25293,-13785,932,8750
4958,206574,206584,-6431,-2255,-160,-399,512,-99,28933,-27660,-31052,-14139,934,8751
4958,206597,206607,-6449,-2327,-165,-1135,522,-110,28934,-29881,31120,-13863,933,8752
4958,206620,206630,-6662,-2198,47,-1231,535,-118,28956,30148,29857,-14198,932,8753
4958,206643,206652,-6432,-1900,400,-623,552,-109,28971,26029,31617,-14426,935,8754
4958,206665,206675,-6557,-2096,-121,-831,554,-101,28935,23581,-28759,-14025,930,8755
4958,206688,206698,-6379,-2155,91,-815,552,-90,28927,24365,-24604,-13905,932,8756
4958,206711,206721,-6264,-2021,201,-879,549,-68,28930,29040,-21695,-13965,935,8757
4958,206734,206744,-6383,-2048,167,-703,525,-78,28943,-32245,-22132,-14228,934,8758
4958,206757,206766,-6394,-2185,37,-1199,514,-93,28939,-27995,-26388,-13827,934,8759
4958,206779,206789,-6355,-1935,-319,-511,515,-115,28938,-27833,-31980,-13911,931,8760
4958,206808,206818,-6663,-1974,-370,-591,527,-120,28951,-32012,30072,-13869,933,8761
4958,206830,206840,-6437,-2212,292,-1167,543,-115,28950,29052,29976,-14001,935,8762
4958,206853,206863,-6388,-1943,-145,-719,563,-113,28933,24251,-31914,-13881,932,8763
4958,206876,206886,-6316,-1755,-341,-1375,558,-93,28931,23503,-26280,-13947,932,8764
4958,206899,206909,-6294,-1929,121,-799,549,-76,28933,25670,-22928,-13923,933,8765
4958,206921,206931,-6254,-2097,-33,-767,531,-69,28923,31237,-21527,-14097,931,8766
4958,206944,206954,-6837,-2449,-361,-1055,519,-92,28900,-30168,-23521,-14085,931,8767
4958,206967,206977,-6146,-2254,82,-1231,513,-97,28917,-27420,-28627,-14055,931,8768
4958,206990,207000,-6355,-2076,-202,-831,517,-115,28954,-28348,32754,-13971,934,8769
4958,207013,207022,-6554,-2176,-291,-511,538,-120,28958,32620,29725,-14162,932,8770
4958,207035,207045,-6443,-1855,17,-479,553,-116,28926,27993,30054,-14157,932,8771
4958,207058,207068,-6217,-1744,-112,-559,562,-99,28925,24018,-30860,-14288,932,8772
4958,207081,207091,-6339,-1964,-366,-1423,555,-88,28922,23371,-26592,-14366,933,8773
4958,207104,207114,-6538,-2055,-202,-719,538,-73,28930,26436,-22246,-14061,933,8774
4958,207132,207142,-6163,-1905,93,-703,518,-81,28923,32225,-21563,-14133,931,8775
4958,207155,207164,-6563,-1796,-299,-975,512,-99,28928,-28468,-25287,-14061,934,8776
4958,207177,207187,-6177,-2067,71,-895,510,-104,28906,-27163,-29591,-13959,931,8777
4958,207200,207210,-6519,-2187,-44,-1039,525,-118,28920,-29833,31048,-13875,934,8778
4958,207223,207233,-6081,-1583,126,-1263,545,-114,28919,31579,29629,-14085,931,8779
4958,207246,207255,-6640,-1930,205,-1055,569,-110,28939,25802,31671,-14115,931,8780
4958,207268,207278,-6305,-1866,184,-1103,558,-92,28955,23515,-30285,-14282,933,8781
4958,207291,207301,-6497,-1676,32,-607,551,-76,28912,24251,-24622,-14061,931,8782
4958,207314,207324,-6699,-2215,26,-1471,529,-82,28918,29082,-21599,-13983,933,8783
4958,207337,207346,-6378,-2207,185,-1135,511,-80,28912,-32239,-22174,-13995,935,8784
4958,207359,207369,-6234,-2251,-13,-1231,505,-102,28928,-27893,-26239,-13696,932,8785
4958,207382,207392,-6506,-2183,-21,-479,515,-110,28909,-27552,-30465,-14007,937,8786
4958,207405,207415,-6548,-1834,36,-911,531,-121,28907,-30563,30437,-13905,933,8787
4958,207428,207438,-6420,-1997,-569,-63,553,-112,28892,30633,29731,-13893,933,8788
4958,207456,207466,-6689,-2081,123,-1279,566,-105,28910,24299,-31950,-14055,933,8789
4958,207479,207488,-6658,-2015,67,-511,551,-76,28919,23401,-27675,-13953,931,8790
4958,207501,207511,-6518,-2010,-188,-1055,538,-74,28912,25790,-23006,-14186,934,8791
4958,207524,207534,-6257,-2317,-91,-655,521,-70,28912,29801,-21575,-13965,935,8792
4958,207547,207557,-6205,-1909,-414,-1087,505,-94,28895,-29964,-23467,-13815,934,8793
4958,207570,207579,-6518,-2388,182,-863,519,-101,28885,-27522,-27184,-13899,931,8794
4958,207592,207602,-6439,-1803,-211,-1311,523,-122,28896,-28228,-32716,-13917,935,8795
4958,207615,207625,-6160,-1935,83,-1439,542,-120,28924,-31527,30180,-13708,934,8796
4958,207638,207648,-6301,-2122,279,-1039,562,-113,28919,28214,30324,-13893,931,8797
4958,207661,207671,-6720,-2129,153,-783,559,-97,28904,24479,-32327,-14001,934,8798
4958,207683,207693,-6513,-1892,196,-671,557,-74,28914,23305,-26741,-13779,932,8799
4958,207706,207716,-6544,-1780,-19,-975,538,-74,28918,25442,-23245,-13809,934,8800
4958,207729,207739,-6098,-1775,202,-1023,514,-74,28924,30722,-21503,-13935,935,8801
4958,207757,207767,-6381,-1761,-50,-911,513,-96,28927,-29462,-24215,-13456,934,8802
4958,207780,207790,-6320,-2196,-40,-607,519,-116,28917,-27390,-29567,-13863,930,8803
4958,207803,207812,-6454,-2138,-17,-1183,534,-114,28888,-28905,32072,-13468,936,8804
4958,207825,207835,-6257,-1742,114,-911,549,-115,28912,31471,29713,-14061,936,8805
4958,207848,207858,-6345,-1799,-184,-735,568,-100,28915,27131,30749,-13971,936,8806
4958,207871,207881,-6554,-2102,-69,-1119,555,-78,28915,23533,-30082,-14252,931,8807
4958,207894,207903,-6472,-2201,-200,-991,549,-76,28879,24149,-24688,-14103,932,8808
4958,207916,207926,-6156,-1542,-263,-1183,530,-77,28878,27466,-21928,-14025,935,8809
4958,207939,207949,-6529,-2006,352,-1023,511,-90,28903,-32227,-22030,-13749,935,8810
4958,207962,207972,-6383,-1672,-77,-1007,506,-108,28908,-28767,-24892,-14079,932,8811
4958,207985,207994,-6492,-2162,-269,-815,518,-112,28890,-27522,-30651,-14139,931,8812
4958,208007,208017,-6450,-2253,-574,-1295,537,-128,28866,-29599,31395,-14486,931,8813
4958,208030,208040,-6146,-1822,-50,-1007,559,-114,28893,30627,29737,-14492,925,8814
4958,208053,208063,-6313,-1737,51,-1183,565,-105,28911,26502,31305,-14378,931,8815
4958,208081,208091,-6335,-2168,-84,-1327,552,-84,28876,23437,-27615,-14432,934,8816
4958,208104,208114,-6486,-1831,159,-639,537,-70,28884,24772,-23910,-14749,931,8817
4958,208126,208136,-6156,-2250,-100,-383,520,-83,28901,29854,-21371,-13977,933,8818
4958,208149,208159,-6332,-1966,-52,-911,511,-90,28876,-31329,-22683,-13875,926,8819
4958,208172,208182,-6129,-2097,-45,-1375,515,-102,28866,-27731,-27172,-13785,938,8820
4958,208195,208204,-6261,-1922,384,-815,533,-123,28907,-27971,-31531,-13899,932,8821
4958,208217,208227,-6475,-1831,306,-639,544,-117,28924,-31629,30186,-14031,930,8822
4958,208240,208250,-6217,-1964,67,-655,562,-107,28892,29705,29899,-14438,928,8823
4958,208263,208273,-6435,-2290,63,-911,557,-96,28887,24808,-32339,-14378,928,8824
4958,208286,208296,-6570,-2018,-36,-911,551,-80,28895,23227,-28035,-14516,932,8825
4958,208309,208318,-6344,-1908,-250,-399,529,-66,28895,25586,-23245,-14157,933,8826
4958,208331,208341,-6265,-1994,93,-1407,511,-77,28882,30758,-21671,-14055,930,8827
4958,208354,208364,-6210,-1968,-247,-671,512,-101,28862,-30665,-23215,-13995,933,8828
4958,208377,208387,-6415,-2066,-57,-639,520,-114,28874,-27552,-28082,-14109,932,8829
4958,208405,208415,-6123,-2245,256,-1391,536,-115,28846,-28911,32191,-14127,932,8830
4958,208428,208437,-6501,-1937,17,-1071,555,-115,28872,-32275,29958,-12678,933,8831
4958,208450,208460,-6148,-1995,12,-367,562,-102,28898,27280,30922,-14378,932,8832
4958,208473,208483,-6519,-2020,158,-911,551,-89,28909,24311,-30010,-14480,931,8833
4958,208496,208506,-6490,-2054,24,-991,537,-76,28884,23880,-25885,-14360,931,8834
4958,208518,208528,-6321,-1874,280,-911,521,-90,28882,27370,-22006,-14073,935,8835
4958,208541,208551,-6239,-1927,-210,-1087,518,-101,28883,31603,-21838,-13923,932,8836
4958,208564,208574,-6437,-1887,167,-1167,519,-108,28882,-29120,-24838,-13761,933,8837
4958,208587,208597,-6352,-2312,90,-703,528,-116,28858,-27648,-28837,-14121,932,8838
4958,208609,208619,-6475,-2199,354,-831,546,-117,28858,-29491,31641,-14073,932,8839
4958,208632,208642,-6166,-2094,146,-783,559,-109,28875,32225,29940,-14474,932,8840
4958,208655,208665,-6246,-1516,244,-831,552,-100,28892,26598,31551,-14492,934,8841
4958,208678,208687,-6577,-2016,-97,-1007,551,-98,28896,24095,-30669,-14192,933,8842
4958,208700,208710,-6166,-2192,-142,-1087,537,-74,28848,24239,-25275,-14504,933,8843
4958,208727,208737,-6282,-1943,-276,-623,520,-90,28886,28268,-22012,-14139,932,8844
4958,208750,208760,-6498,-1855,-285,-511,510,-96,28876,-31599,-22587,-14444,931,8845
4958,208773,208783,-6441,-2029,50,-1215,518,-115,28870,-28480,-25742,-14324,933,8846
4958,208796,208805,-6323,-1870,89,-671,535,-118,28880,-27803,-31082,-14228,935,8847
4958,208818,208828,-6599,-2142,147,-991,549,-115,28879,-30120,31263,-14414,931,8848
4958,208841,208851,-6482,-2016,268,-847,558,-102,28861,29842,30048,-14570,935,8849
4958,208874,208884,-6144,-1657,26,-431,545,-90,28892,24329,-31225,-14264,933,8850
4958,208897,208906,-6323,-2093,117,-1167,539,-78,28877,23539,-27137,-14366,933,8851
4958,208919,208929,-6585,-2301,-195,-1263,522,-96,28861,26352,-22844,-14438,932,8852
4958,208942,208952,-6396,-2090,-68,-959,513,-101,28862,30399,-21737,-14432,939,8853
4958,208965,208975,-6476,-2172,100,-799,519,-107,28859,-29857,-24173,-14306,934,8854
4958,208987,208997,-6443,-1878,139,-319,526,-108,28862,-27636,-27861,-14097,926,8855
4958,209018,209027,-6637,-2132,264,-879,552,-112,28842,-29653,31401,-14121,935,8856
4958,209040,209050,-6404,-1776,-337,-1039,545,-101,28860,30429,30114,-14833,935,8857
4958,209076,209086,-6367,-1934,36,-799,549,-89,28885,24467,-31597,-14252,936,8858
4958,209099,209109,-6225,-2070,304,-1087,528,-75,28870,23790,-26310,-14258,934,8859
4958,209122,209131,-6413,-2155,-397,-895,525,-93,28874,26035,-23233,-14540,932,8860
4958,209144,209154,-6352,-1755,-42,-815,523,-98,28855,31315,-22174,-14384,934,8861
4958,209167,209177,-6325,-1831,41,-1055,528,-108,28864,-30467,-23868,-14420,932,8862
4958,209190,209199,-6344,-1924,-176,-735,539,-113,28870,-27761,-28717,-14294,933,8863
4958,209212,209222,-6265,-1935,271,-1487,547,-106,28846,-28635,-32548,-14019,932,8864
4958,209235,209245,-6390,-2021,-246,-799,553,-107,28861,32584,30090,-14204,936,8865
4958,209258,209268,-6283,-1922,514,-751,551,-85,28866,28220,30521,-14600,934,8866
4958,209280,209290,-6393,-1741,17,-575,538,-86,28902,24197,-31034,-14546,936,8867
4958,209303,209313,-6351,-2199,404,-895,526,-75,28875,23581,-26759,-14432,934,8868
4958,209326,209336,-6542,-1598,636,-1263,525,-98,28826,26496,-22754,-13917,934,8869
4958,209349,209358,-6347,-2200,114,-623,518,-102,28844,30507,-21910,-14115,932,8870
4958,209371,209381,-6391,-1798,-277,-1359,530,-107,28861,-29851,-24419,-14073,933,8871
4958,209399,209409,-6122,-2005,43,-783,539,-113,28871,-27887,-29328,-13929,934,8872
4958,209422,209432,-6542,-1537,-160,-943,546,-102,28906,-30102,31533,-14288,934,8873
4958,209445,209455,-6436,-1962,19,-1071,538,-82,28853,31818,30114,-14689,932,8874
4958,209468,209478,-6611,-1843,-243,-431,541,-97,28826,26268,31868,-14570,930,8875
4958,209491,209500,-6479,-2107,-42,-1071,533,-85,28859,23604,-28879,-14558,932,8876
4958,209513,209523,-6480,-1868,167,-831,529,-100,28863,24317,-24951,-14516,935,8877
4958,209536,209546,-6237,-2091,189,-1215,526,-98,28863,28490,-21964,-14426,934,8878
4958,209559,209569,-6688,-2261,-100,-1423,527,-114,28855,32746,-22192,-14336,931,8879
4958,209582,209592,-6257,-2138,-160,-1151,538,-107,28864,-28761,-26041,-14240,932,8880
4958,209605,209615,-6578,-1728,-363,-1167,545,-104,28864,-27755,-30010,-14330,930,8881
4958,209628,209638,-6311,-2209,110,-479,550,-100,28854,-30653,31180,-14300,936,8882
4958,209651,209661,-6310,-1750,-156,-1135,546,-94,28858,30824,30234,-14282,934,8883
4958,209674,209683,-6333,-1918,34,-767,531,-81,28845,25915,32275,-14312,934,8884
4958,209702,209712,-6400,-1825,-155,-879,527,-88,28876,23533,-28208,-14504,925,8885
4958,209725,209734,-6618,-1803,28,-975,521,-88,28851,25682,-23491,-14450,932,8886
4958,209747,209757,-6303,-2164,-158,-495,526,-98,28831,29411,-21826,-14300,932,8887
4958,209770,209780,-6690,-1841,132,-927,535,-112,28836,-30743,-23503,-14133,937,8888
4958,209793,209803,-6227,-1929,28,-831,542,-108,28846,-28127,-27927,-14139,934,8889
4958,209816,209826,-6575,-2334,-201,-799,546,-100,28847,-28725,-31716,-13827,931,8890
4958,209839,209849,-5942,-1901,242,-991,545,-86,28830,32746,30521,-14510,933,8891
4958,209862,209872,-6431,-2124,176,-1103,542,-74,28839,28819,30623,-14444,934,8892
4958,209885,209895,-6342,-1713,69,-863,533,-93,28870,24592,-31267,-14330,933,8893
4958,209908,209918,-6566,-1934,-262,-943,529,-91,28855,23796,-27538,-14324,930,8894
4958,209931,209940,-6409,-2157,-68,-831,522,-109,28847,26274,-23036,-14109,931,8895
4958,209953,209963,-6392,-2234,160,-959,534,-107,28824,29986,-21982,-14174,935,8896
4958,209976,209986,-6518,-1929,152,-783,539,-114,28854,-30204,-23976,-14007,933,8897
4958,209999,210009,-6498,-2119,-159,-1167,550,-104,28850,-28192,-28675,-13911,932,8898
4958,210028,210037,-6514,-1570,-461,-975,546,-99,28854,-29677,32060,-14216,933,8899
4958,210050,210060,-6381,-2065,-176,-911,544,-77,28843,32375,30425,-14007,931,8900
4958,210073,210083,-6365,-1981,28,-1167,528,-85,28847,27131,31569,-14360,933,8901
4958,210096,210106,-6770,-1995,-110,-767,519,-96,28835,24395,-29370,-14204,933,8902
4958,210119,210129,-6353,-2140,-170,-719,512,-106,28850,24425,-25634,-14228,932,8903
4958,210142,210151,-6272,-1896,-102,-1199,522,-110,28856,28070,-22359,-14384,934,8904
4958,210164,210174,-6352,-1873,0,-511,535,-107,28853,32231,-22180,-14121,931,8905
4958,210187,210197,-6583,-2267,-315,-1167,547,-113,28835,-28863,-25484,-13869,933,8906
4958,210210,210220,-6501,-2045,147,-847,555,-98,28837,-27851,-29609,-14109,925,8907
4958,210233,210243,-6218,-2099,-62,-815,550,-92,28850,-30276,31724,-14366,928,8908
4958,210256,210266,-6302,-1920,-104,-1199,538,-89,28836,31722,30288,-14354,930,8909
4958,210279,210289,-6539,-2355,104,-911,523,-90,28837,26598,31976,-14180,934,8910
4958,210302,210311,-6528,-2196,576,-543,520,-93,28845,24197,-30148,-14246,934,8911
4958,210324,210334,-6592,-1792,-374,-927,525,-105,28837,24778,-25215,-14234,931,8912
4958,210353,210363,-6293,-2040,178,-863,537,-109,28826,28831,-22150,-14414,932,8913
4958,210375,210385,-6526,-2079,-36,-1103,545,-102,28810,-31371,-23114,-14330,934,8914
4958,210398,210408,-6362,-1964,240,-1199,550,-98,28820,-28456,-26071,-14258,934,8915
4958,210421,210431,-6481,-1943,243,-927,551,-93,28863,-28144,-31142,-14025,933,8916
4958,210444,210454,-6329,-2014,218,-1359,544,-91,28863,-31922,30647,-14103,935,8917
4958,210467,210477,-6493,-2221,313,-399,535,-86,28830,29645,30521,-14480,934,8918
4958,210490,210500,-6191,-2492,97,-1231,523,-85,28824,25083,-31944,-14498,932,8919
4958,210513,210522,-6229,-2355,76,-1071,519,-105,28859,23988,-28130,-14707,930,8920
4958,210536,210545,-6682,-1877,-87,-527,530,-113,28861,25933,-23628,-14312,933,8921
4958,210558,210568,-6384,-2178,-48,-1071,534,-109,28839,29274,-22030,-14294,931,8922
4958,210581,210591,-6448,-2206,120,-1119,554,-114,28824,-30874,-23646,-14306,932,8923
4958,210604,210614,-6242,-1826,21,-991,549,-98,28839,-28342,-27071,-13857,931,8924
4958,210627,210637,-6332,-1888,-13,-783,550,-94,28832,-28755,-31968,-14282,932,8925
4958,210650,210660,-6282,-1995,393,-895,542,-78,28824,-32736,30533,-14414,936,8926
4958,210678,210688,-6401,-1982,131,-623,530,-78,28843,27837,31252,-14480,932,8927
4958,210701,210711,-6455,-2176,-90,-511,515,-99,28820,24688,-31477,-14582,931,8928
4958,210724,210734,-6425,-2029,-128,-751,518,-108,28819,24179,-26233,-14540,931,8929
4958,210747,210756,-6101,-1822,61,-575,529,-113,28828,27496,-22677,-14480,936,8930
4958,210770,210779,-6164,-1705,480,-1055,543,-107,28834,31279,-22174,-14360,935,8931
4958,210792,210802,-6314,-1859,-30,-367,550,-102,28836,-29593,-25125,-14222,932,8932
4958,210815,210825,-6181,-2119,461,-511,551,-88,28822,-28037,-28753,-13899,930,8933
4958,210860,210870,-6583,-1762,-363,-1007,529,-82,28834,32495,30126,-14600,931,8934
4958,210883,210892,-6315,-1894,507,-271,514,-78,28844,26957,31401,-14462,933,8935
4958,210905,210915,-6268,-2026,-154,-1039,514,-102,28835,24407,-31028,-14677,935,8936
4958,210928,210938,-6320,-1885,-54,-687,519,-107,28814,24449,-25706,-14564,932,8937
4958,210951,210961,-6455,-1850,-17,-991,533,-110,28813,26837,-23072,-14354,931,8938
4958,210974,210984,-6345,-1977,-545,-1279,543,-115,28812,32129,-22425,-14318,932,8939
4958,210997,211007,-6545,-1815,-112,-639,552,-108,28819,-29881,-24485,-14061,932,8940
4958,211025,211035,-6303,-1468,160,-751,549,-93,28816,-28210,-30435,-14258,932,8941
4958,211048,211058,-6467,-2166,-90,-719,537,-78,28818,-30234,31868,-14348,937,8942
4958,211071,211080,-6278,-2199,-7,-1103,535,-74,28826,30303,30527,-14414,936,8943
4958,211093,211103,-6503,-2175,-101,-767,514,-97,28821,26508,31994,-14719,931,8944
4958,211116,211126,-6582,-2019,21,-895,521,-108,28821,23886,-29052,-14492,933,8945
4958,211139,211149,-6425,-1905,-46,-575,525,-107,28831,24628,-23557,-14785,938,8946
4958,211162,211172,-6205,-2057,101,-1199,538,-115,28812,28585,-22252,-14528,931,8947
4958,211185,211195,-6509,-2136,-131,-1071,551,-114,28810,-31718,-22910,-14516,935,8948
4958,211208,211218,-6257,-1845,259,-1215,550,-101,28810,-28761,-25772,-14079,934,8949
4958,211230,211240,-6518,-1928,-668,-399,552,-94,28832,-28348,-31177,-14354,933,8950
4958,211253,211263,-6150,-1698,337,-1311,538,-70,28834,-30755,31401,-14552,931,8951
4958,211276,211286,-6153,-2109,-64,-1135,522,-82,28814,29819,30354,-14665,935,8952
4958,211299,211309,-6272,-1922,-14,-911,523,-100,28810,26191,32293,-14809,932,8953
4958,211322,211332,-6187,-1893,-56,-1135,515,-102,28814,23970,-28238,-14773,931,8954
4958,211350,211360,-6249,-2022,30,-1375,528,-115,28802,25616,-23832,-14372,932,8955
4958,211373,211383,-6374,-2020,-6,-911,541,-114,28804,30453,-22036,-14324,934,8956
4958,211396,211406,-6377,-1913,165,-719,550,-102,28819,-31150,-23521,-14372,935,8957
4958,211419,211428,-6338,-2001,-50,-703,557,-97,28815,-27983,-27837,-14348,934,8958
4958,211441,211451,-6286,-2227,-215,-863,544,-80,28835,-28450,-31656,-14091,932,8959
4958,211464,211474,-6212,-1820,87,-735,536,-76,28824,-32311,30635,-14270,933,8960
4958,211487,211497,-6653,-1911,154,-751,521,-91,28798,27693,31000,-14635,927,8961
4958,211510,211520,-6411,-1981,93,-1375,515,-100,28815,24802,-31638,-14534,933,8962
4958,211533,211543,-6469,-2057,-102,-1039,520,-108,28810,23922,-26682,-14378,934,8963
4958,211556,211565,-6418,-2013,149,-623,533,-113,28806,25903,-23449,-14354,926,8964
4958,211578,211588,-6666,-2155,250,-591,547,-116,28796,30848,-22293,-13983,933,8965
4958,211601,211611,-6111,-1959,118,-1375,553,-98,28815,-30641,-23760,-14025,934,8966
4958,211624,211634,-6728,-2227,-221,-527,546,-93,28835,-28079,-28418,-14121,935,8967
4958,211652,211662,-6472,-2160,109,-831,537,-82,28820,-29587,32269,-14306,932,8968
4958,211675,211685,-6660,-1942,-169,-751,526,-85,28837,31219,30234,-14324,934,8969
4958,211698,211708,-6403,-2236,-115,-623,517,-97,28811,27412,31329,-14246,936,8970
4958,211721,211731,-6353,-2122,-26,-1135,523,-100,28797,24185,-29765,-14372,932,8971
4958,211744,211753,-6357,-1886,89,-447,520,-114,28813,24347,-25945,-14294,933,8972
4958,211766,211776,-6348,-1813,11,-1055,536,-105,28822,27717,-22335,-14486,933,8973
4958,211789,211799,-6292,-1957,-288,-1119,545,-107,28829,31614,-22204,-14378,934,8974
4958,211812,211822,-6346,-2020,-5,-623,555,-108,28798,-29372,-24957,-13785,934,8975
4958,211835,211845,-6083,-2217,246,-719,543,-82,28771,-28133,-30315,-13893,926,8976
4958,211865,211875,-6227,-2590,202,-591,528,-82,28780,-31024,30940,-14462,928,8977
4958,211888,211898,-6422,-2040,47,-191,521,-93,28791,29423,30551,-14282,933,8978
4958,211911,211921,-6067,-1749,-11,-927,519,-90,28805,25652,32581,-14246,936,8979
4958,211934,211944,-6279,-1844,-191,-495,521,-114,28807,24018,-27993,-14540,935,8980
4958,211957,211967,-6242,-2114,-41,-655,534,-116,28804,25083,-24407,-14486,929,8981
4958,211985,211995,-6549,-1766,-163,-719,547,-114,28815,30806,-22126,-14210,934,8982
4958,212008,212018,-6150,-1838,100,-1263,543,-100,28804,-30803,-23934,-14354,932,8983
4958,212031,212041,-6316,-2182,-325,-959,545,-88,28784,-27959,-28340,-14300,932,8984
4958,212054,212063,-6170,-1981,145,-959,539,-78,28811,-28887,-32022,-14097,935,8985
4958,212076,212086,-6570,-1899,-291,-943,520,-91,28805,-32628,30575,-14067,934,8986
4958,212099,212109,-6192,-1925,358,-415,515,-86,28791,27298,31287,-14282,934,8987
4958,212122,212132,-6530,-2037,4,-655,520,-104,28789,24419,-31136,-14438,934,8988
4958,212145,212155,-6091,-2144,131,-1023,528,-107,28776,24030,-26167,-14564,930,8989
4958,212168,212178,-6333,-1853,100,-847,533,-114,28786,26286,-23209,-14270,933,8990
4958,212191,212201,-6480,-1664,-119,-1071,546,-108,28829,31495,-22198,-14031,933,8991
4958,212214,212223,-6151,-1455,157,-607,546,-98,28816,-30371,-24036,-14372,933,8992
4958,212236,212246,-6459,-2057,0,-1007,546,-96,28786,-27989,-28807,-14079,935,8993
4958,212259,212269,-6349,-2155,-32,-1183,533,-82,28799,-29060,-32393,-14312,937,8994
4958,212282,212292,-6261,-2133,480,-767,522,-86,28775,32375,30330,-14198,930,8995
4958,212310,212320,-6259,-1974,120,-1231,519,-98,28789,27125,31503,-14222,929,8996
4958,212333,212343,-6296,-2120,-333,-719,523,-105,28780,24227,-29453,-14133,935,8997
4958,212356,212366,-6491,-1855,-163,-527,537,-109,28796,24377,-25861,-14180,934,8998
4958,212379,212389,-6411,-2040,29,-1167,538,-110,28790,28166,-22527,-13893,927,8999
4958,212402,212412,-6384,-2251,297,-671,545,-101,28784,-32120,-22880,-14037,935,9000
4958,212425,212434,-6298,-1981,319,-1135,543,-90,28789,-29060,-25371,-14121,932,9001
4958,212447,212457,-6252,-1813,31,-1263,541,-96,28794,-28354,-30597,-13935,934,9002
4958,212470,212480,-6306,-1931,428,-719,527,-85,28791,-30234,31587,-14079,934,9003
4958,212493,212503,-6542,-2172,-187,-719,522,-101,28787,30232,30162,-14097,929,9004
4958,212516,212526,-6398,-2246,288,-1007,522,-99,28769,26400,31826,-14306,932,9005
4958,212539,212549,-6048,-2168,55,-927,529,-101,28774,24006,-28974,-14468,931,9006
4958,212562,212571,-6248,-1848,154,-575,536,-109,28816,24592,-25221,-14420,929,9007
4958,212584,212594,-6435,-1795,-59,-895,545,-109,28815,28460,-22258,-14324,936,9008
4958,212607,212617,-6408,-2040,28,-639,549,-106,28799,32746,-22455,-14306,934,9009
4958,212636,212645,-6499,-1972,274,-559,550,-84,28813,-28414,-27328,-13977,937,9010
4958,212658,212668,-6507,-2253,-46,-783,539,-81,28776,-28360,-31399,-14133,932,9011
4958,212681,212691,-6295,-1980,157,-431,530,-88,28756,-31958,30587,-14103,935,9012
4958,212704,212714,-6551,-1958,-368,-783,527,-98,28796,29693,30294,-14701,932,9013
4958,212727,212737,-6244,-1961,278,-975,525,-96,28805,25011,-32219,-14486,935,9014
4958,212750,212760,-6251,-2053,-60,-991,529,-106,28806,23616,-27220,-14354,929,9015
4958,212773,212782,-6438,-1756,-273,-815,536,-102,28786,25496,-23670,-14091,933,9016
4958,212796,212805,-6265,-1892,106,-1295,544,-108,28783,30513,-22096,-14282,930,9017
4958,212818,212828,-6490,-1853,-88,-591,539,-93,28775,-31192,-23533,-13953,931,9018
4958,212841,212851,-6353,-1868,-369,-559,541,-96,28791,-28097,-28011,-14270,932,9019
4958,212864,212874,-6597,-2292,89,-463,534,-89,28800,-28504,-31896,-13881,939,9020
4958,212887,212897,-6250,-2031,-297,-687,523,-94,28795,-32263,30312,-14103,927,9021
4958,212910,212920,-6255,-1754,-111,-1231,526,-97,28784,29118,30360,-14055,934,9022
4958,212933,212943,-6061,-1870,95,-799,530,-101,28796,24844,-31806,-14378,932,9023
4958,212961,212971,-6299,-1840,-21,-959,531,-102,28803,24030,-26460,-14701,934,9024
4958,212984,212993,-6498,-1623,297,-1215,538,-110,28803,27232,-22629,-14109,929,9025
4958,213007,213016,-6283,-1988,-35,-1327,547,-96,28790,31291,-22150,-14246,932,9026
4958,213029,213039,-6392,-2196,-308,-1151,539,-99,28760,-29641,-25029,-14174,936,9027
4958,213052,213062,-6275,-2067,510,-591,536,-88,28768,-28031,-29968,-14115,934,9028
4958,213075,213085,-6418,-1889,-243,-527,529,-97,28800,-29575,32084,-14174,937,9029
4958,213098,213108,-6447,-1886,62,-1423,530,-88,28816,31201,30114,-14204,930,9030
4958,213121,213131,-6333,-2220,-275,-575,531,-102,28792,27101,31186,-14252,936,9031
4958,213144,213153,-6504,-2035,23,-991,528,-100,28776,23868,-29747,-14408,934,9032
4958,213166,213176,-6421,-1546,-398,-751,538,-102,28775,24089,-25969,-14306,933,9033
4958,213189,213199,-6441,-1711,394,-1055,542,-109,28781,27909,-22383,-14180,937,9034
4958,213212,213222,-6193,-1853,-176,-815,546,-99,28783,31800,-22287,-14210,932,9035
4958,213235,213245,-6340,-2229,-137,-367,543,-83,28771,-29126,-25329,-14288,936,9036
4958,213258,213268,-6165,-2418,383,-943,537,-98,28779,-27839,-29094,-14390,931,9037
4958,213286,213296,-6223,-2068,182,-79,531,-86,28773,-31012,31000,-14821,935,9038
4958,213309,213319,-6298,-2238,-23,-1327,525,-106,28775,30585,30048,-14510,934,9039
4958,213332,213341,-6438,-2082,-223,-1119,531,-102,28776,25568,32652,-14498,934,9040
4958,213354,213364,-6438,-1846,439,-1183,530,-109,28786,23730,-29118,-14498,936,9041
4958,213377,213387,-6383,-2100,-113,-799,539,-107,28774,25155,-24353,-14671,936,9042
4958,213400,213410,-6231,-1964,83,-1055,537,-99,28772,29705,-22174,-14324,932,9043
4958,213423,213433,-6366,-1857,-41,-687,543,-92,28757,-31695,-22898,-14288,935,9044
4958,213446,213456,-6116,-2096,179,-815,534,-92,28791,-28133,-27202,-14354,934,9045
4958,213469,213478,-6595,-1837,-242,-319,534,-92,28811,-27983,-31070,-14414,931,9046
4958,213491,213501,-5950,-1878,47,-1151,523,-94,28781,-31335,30641,-14576,935,9047
4958,213514,213524,-6364,-1748,26,-479,526,-94,28751,30004,30144,-14390,930,9048
4958,213537,213547,-6264,-1706,-43,-639,527,-99,28763,25215,-32477,-14653,935,9049
4958,213560,213570,-6281,-1983,-100,-1199,539,-102,28776,23748,-28843,-14510,933,9050
4958,213588,213598,-6230,-2025,386,-1295,535,-99,28791,26364,-23102,-14462,933,9051
4958,213611,213621,-6576,-1644,1,-1007,546,-94,28800,30321,-21922,-14085,935,9052
4958,213634,213644,-6137,-1737,233,-671,536,-99,28766,-30180,-24089,-14037,937,9053
4958,213656,213666,-6327,-2115,-126,-767,533,-89,28752,-27953,-27645,-14294,935,9054
4958,213679,213689,-6405,-1972,-109,-1391,526,-100,28773,-28875,-32680,-14360,928,9055
4958,213702,213712,-6535,-2170,9,-1039,527,-105,28784,-31928,30371,-14288,936,9056
4958,213725,213735,-6509,-1784,394,-879,539,-102,28784,28035,30904,-14306,932,9057
4958,213748,213758,-6455,-2286,-154,-527,535,-99,28760,24311,-30537,-14432,932,9058
4958,213771,213780,-6446,-2219,210,-719,538,-106,28747,23976,-26700,-14390,934,9059
4958,213793,213803,-6274,-1980,241,-703,536,-90,28779,26855,-22683,-14192,935,9060
4958,213816,213826,-6320,-1844,-278,-271,542,-100,28773,30806,-22102,-14228,931,9061
4958,213839,213849,-6461,-1924,198,-1167,542,-86,28769,-29797,-24431,-14306,933,9062
4958,213862,213872,-6156,-1955,139,-911,527,-94,28773,-27947,-28214,-14228,939,9063
4958,213885,213895,-6278,-2165,429,-1167,528,-86,28760,-29318,32383,-14061,932,9064
4958,213913,213923,-6468,-2030,-236,-719,527,-102,28761,31357,30012,-14312,933,9065
4958,213936,213946,-6166,-1976,424,-607,531,-97,28765,26370,32108,-14504,933,9066
4958,213959,213968,-6425,-1854,-52,-911,538,-105,28779,23814,-30094,-14659,932,9067
4958,213981,213991,-6301,-2051,-213,-719,544,-93,28788,24586,-24981,-14246,932,9068
4958,214004,214014,-6346,-2206,-207,-735,543,-99,28771,27460,-22365,-14162,934,9069
4958,214027,214037,-6324,-2059,-67,-991,537,-97,28763,-32694,-22269,-14043,933,9070
4958,214050,214060,-6480,-1826,161,-879,534,-102,28753,-29515,-26586,-14300,934,9071
4958,214073,214083,-6119,-2282,421,-815,521,-88,28775,-27875,-30279,-14480,932,9072
4958,214096,214105,-6366,-1939,-156,-1423,525,-106,28800,-30952,30904,-14588,935,9073
4958,214118,214128,-6395,-1974,257,-655,534,-106,28767,30992,30174,-14516,934,9074
4958,214141,214151,-6279,-1634,-188,-1183,538,-101,28763,25658,32473,-14659,930,9075
4958,214164,214174,-6421,-1922,453,-399,538,-96,28750,23616,-29531,-14348,934,9076
4958,214187,214197,-6272,-1808,-50,-495,538,-93,28784,24604,-24490,-14546,935,9077
4958,214210,214220,-6255,-1852,-147,-719,537,-92,28775,28017,-22090,-14252,938,9078
4958,214238,214248,-6485,-1824,-57,-847,535,-88,28781,-30755,-23539,-14384,930,9079
4958,214261,214270,-6385,-2170,237,-591,526,-106,28744,-28294,-26813,-14402,934,9080
4958,214284,214293,-6248,-2078,-271,-863,526,-104,28759,-28312,-32075,-14564,934,9081
4958,214306,214316,-5986,-1650,308,-1359,529,-109,28771,-31257,30707,-13989,933,9082
4958,214329,214339,-6250,-1865,23,-687,534,-104,28776,28939,30467,-14294,934,9083
4958,214352,214362,-6364,-1961,119,-1231,542,-104,28792,25430,-32572,-14498,933,9084
4958,214375,214385,-6519,-2201,197,-863,542,-105,28766,23664,-27268,-14450,927,9085
4958,214398,214408,-6443,-2418,378,-1103,544,-92,28735,25161,-23233,-14061,933,9086
4958,214431,214441,-6069,-1944,73,-287,534,-78,28773,-32712,-22485,-14342,931,9087
4958,214454,214464,-6161,-2106,56,-767,526,-96,28776,-29306,-24862,-14600,926,9088
4958,214477,214486,-6267,-2085,101,-783,530,-96,28759,-27839,-30004,-14348,936,9089
4958,214499,214509,-6070,-1623,-242,-511,529,-106,28751,-29599,31994,-14246,932,9090
4958,214522,214532,-6215,-2006,-232,-527,535,-101,28776,30848,30168,-14444,932,9091
4958,214545,214555,-6265,-1903,-95,-1087,538,-100,28779,26999,31407,-14749,935,9092
4958,214574,214583,-6135,-1715,130,-895,543,-101,28796,23587,-28160,-14659,933,9093
4958,214596,214606,-6215,-1659,-156,-111,542,-93,28794,24700,-24299,-14659,935,9094
4958,214619,214629,-6255,-2078,475,-1215,537,-82,28751,29310,-21844,-14456,929,9095
4958,214642,214652,-6178,-2301,-195,-959,525,-82,28719,-32090,-22401,-14276,935,9096
4958,214665,214675,-6135,-1925,370,-527,533,-91,28753,-28414,-26550,-14198,935,9097
4958,214695,214705,-6051,-2072,-232,-351,531,-107,28755,-28959,32545,-14294,929,9098
4958,214718,214728,-6196,-1979,368,-1087,530,-102,28737,-32467,30371,-14444,935,9099
4958,214741,214751,-6577,-1744,45,-1055,536,-109,28767,27759,31084,-14522,931,9100
4958,214764,214773,-6107,-1553,605,-959,543,-93,28763,24712,-31243,-14546,931,9101
4958,214786,214796,-6253,-1697,368,-1103,543,-101,28759,24059,-26179,-14600,932,9102
4958,214809,214819,-6105,-2264,-39,-655,534,-85,28723,26035,-22814,-14755,930,9103
4958,214832,214842,-6316,-1732,-47,-735,536,-92,28742,31435,-21689,-14121,935,9104
4958,214855,214865,-6172,-1960,255,-591,529,-90,28779,-30318,-23742,-14186,934,9105
4958,214878,214887,-6411,-1800,-208,-1103,533,-98,28774,-27773,-28448,-14121,934,9106
4958,214906,214916,-6280,-1912,13,-911,529,-101,28757,-29587,32114,-14067,933,9107
4958,214928,214938,-6317,-1986,-76,-431,541,-107,28759,31100,30138,-14091,932,9108
4958,214951,214961,-6307,-2073,-139,-575,546,-106,28733,26951,31329,-14498,933,9109
4958,214974,214984,-6451,-2035,-104,-1039,547,-99,28755,23760,-29663,-14336,925,9110
4958,214997,215007,-6323,-1982,-226,-655,541,-99,28757,24030,-24065,-14186,933,9111
4958,215020,215029,-6254,-1798,100,-831,537,-93,28753,27604,-22186,-14240,935,9112
4958,215042,215052,-6219,-2104,-73,-1119,533,-92,28758,-32317,-22467,-14055,936,9113
4958,215065,215075,-6325,-1964,-149,-575,520,-93,28747,-29102,-25041,-14157,931,9114
4958,215088,215098,-6233,-2094,-136,-751,518,-102,28744,-28019,-30423,-13857,934,9115
4958,215111,215121,-6477,-1918,23,-511,525,-112,28744,-29940,31527,-13917,933,9116
4958,215134,215143,-6481,-1963,405,-1455,538,-108,28753,30172,30078,-14115,934,9117
4958,215156,215166,-6304,-2035,168,-975,541,-110,28749,26412,31742,-14037,939,9118
4958,215179,215189,-6456,-2276,393,-975,541,-89,28736,23664,-29016,-14210,933,9119
4958,215202,215212,-6224,-2021,-23,-943,541,-91,28742,24245,-25221,-14360,932,9120
4958,215230,215240,-6110,-1813,413,-911,536,-84,28725,29986,-21755,-14414,929,9121
4958,215253,215263,-6284,-1963,-201,-703,527,-85,28731,-31569,-23120,-14462,926,9122
4958,215275,215285,-6303,-1966,295,-399,518,-97,28772,-27887,-27125,-14067,932,9123
4958,215298,215308,-6432,-2257,62,-815,523,-112,28748,-28055,-31088,-14061,931,9124
4958,215321,215331,-6542,-1710,395,-847,525,-109,28743,-31653,30348,-14438,936,9125
4958,215344,215354,-6233,-1883,319,-751,537,-110,28745,29579,29964,-14342,936,9126
4958,215367,215376,-6224,-1755,-77,-927,545,-101,28758,24886,-32261,-14294,935,9127
4958,215389,215399,-6227,-2031,78,-1359,543,-96,28760,23377,-28585,-14552,930,9128
4958,215412,215422,-6246,-2114,-206,-639,541,-86,28758,25239,-23557,-14115,935,9129
4958,215435,215445,-6229,-2033,-5,-879,537,-85,28758,30345,-21707,-14336,933,9130
4958,215458,215468,-6431,-1977,-227,-1071,528,-97,28739,-31084,-23150,-14157,936,9131
4958,215481,215491,-6381,-1829,104,-767,522,-89,28758,-27678,-27873,-13815,934,9132
4958,215503,215513,-6455,-2009,64,-1055,527,-102,28771,-28306,-31752,-14025,936,9133
4958,215532,215541,-6391,-2078,193,-847,535,-105,28753,31800,29940,-14079,935,9134
4958,215554,215564,-6405,-1983,36,-1263,543,-114,28742,27627,30707,-14228,928,9135
4958,215577,215587,-6481,-1966,300,-1039,552,-102,28739,23838,-30435,-14139,934,9136
4958,215600,215610,-6513,-2281,404,-799,553,-92,28725,23772,-26382,-14192,936,9137
4958,215623,215632,-6255,-1957,214,-831,536,-80,28745,26921,-22587,-14330,930,9138
4958,215645,215655,-6499,-1948,-24,-1295,529,-88,28784,31100,-21838,-14318,929,9139
4958,215668,215678,-6398,-1924,-208,-1183,522,-99,28751,-29468,-24724,-14121,932,9140
4958,215691,215701,-6250,-1998,-226,-591,522,-98,28742,-27642,-28340,-14168,935,9141
4958,215714,215724,-6415,-2181,17,-735,528,-106,28750,-29138,32066,-14234,932,9142
4958,215737,215746,-6235,-2077,167,-1343,536,-107,28764,-32754,30018,-14192,936,9143
4958,215759,215769,-6272,-2139,-129,-1199,547,-114,28758,27160,31186,-14025,936,9144
4958,215782,215792,-6333,-1831,87,-1135,545,-105,28726,24287,-31417,-14133,933,9145
4958,215805,215815,-6364,-1903,-154,-799,543,-91,28728,23904,-25915,-14270,937,9146
4958,215828,215838,-6216,-1932,387,-1039,537,-94,28759,27568,-22341,-14420,932,9147
4958,215856,215866,-6168,-2114,119,-623,526,-92,28739,-32377,-22587,-13839,933,9148
4958,215879,215889,-6344,-2073,-110,-655,525,-88,28750,-28965,-25119,-13977,936,9149
4958,215901,215911,-6283,-1887,-50,-1231,522,-102,28739,-27773,-30519,-13863,932,9150
4958,215924,215934,-6341,-2190,-174,-975,527,-115,28726,-29791,30814,-13785,935,9151
4958,215947,215957,-6413,-2229,-218,-767,539,-107,28744,30782,29994,-14228,932,9152
4958,215991,216001,-6681,-2130,-79,-1423,557,-101,28775,23694,-29322,-14342,933,9153
4958,216014,216024,-6235,-1929,52,-911,554,-86,28726,24036,-25317,-14252,932,9154
4958,216037,216046,-6411,-2203,-117,-1295,539,-83,28727,28220,-21994,-14318,935,9155
4958,216059,216069,-6509,-2262,-345,-991,530,-88,28736,32483,-22156,-14103,932,9156
4958,216082,216092,-6414,-1986,-272,-1007,521,-94,28747,-28462,-25520,-13833,931,9157
4958,216105,216115,-6444,-2222,152,-943,521,-100,28743,-27893,-31052,-13779,934,9158
4958,216128,216137,-6448,-2190,215,-671,529,-100,28726,-30102,31383,-14067,934,9159
4958,216150,216160,-6419,-1895,-329,-1103,543,-108,28753,29771,29976,-13887,935,9160
4958,216173,216183,-6113,-1726,80,-847,545,-99,28758,26113,31916,-14091,934,9161
4958,216201,216211,-6146,-1683,250,-815,553,-97,28759,23634,-27172,-14151,937,9162
4958,216224,216234,-6322,-1948,298,-527,544,-83,28748,25412,-23521,-14228,935,9163
4958,216247,216256,-6356,-2013,-115,-63,534,-91,28733,30142,-21635,-13911,936,9164
4958,216269,216279,-6291,-1992,23,-799,527,-98,28732,-31198,-22689,-14127,935,9165
4958,216292,216302,-6281,-1961,-186,-543,520,-98,28731,-27941,-27394,-13660,935,9166
4958,216315,216325,-6439,-1889,-75,-879,523,-104,28765,-28025,-31399,-13809,934,9167
4958,216338,216347,-6318,-1854,-89,-959,528,-98,28763,-31988,30360,-13893,934,9168
4958,216360,216370,-6532,-2126,-118,-799,537,-109,28740,29214,30240,-13935,928,9169
4958,216383,216393,-5951,-1761,155,-895,543,-106,28715,24616,-31932,-14234,935,9170
4958,216406,216416,-6355,-2218,-318,-991,543,-104,28720,23311,-27975,-14049,933,9171
4958,216429,216439,-6394,-1780,11,-639,543,-82,28743,25544,-23150,-14133,929,9172
4958,216451,216461,-6455,-2213,-226,-735,538,-85,28756,29346,-21653,-13797,936,9173
4958,216474,216484,-6229,-2166,41,-655,523,-92,28740,-30850,-23126,-13911,931,9174
4958,216497,216507,-5994,-1827,-89,-607,517,-98,28736,-28270,-26616,-13977,933,9175
4958,216525,216535,-6416,-2130,251,-591,522,-114,28726,-29132,32335,-13660,929,9176
4958,216548,216558,-6509,-2113,-545,-879,526,-106,28725,-32598,30180,-13899,926,9177
4958,216570,216580,-6227,-2032,319,-511,539,-105,28743,27250,30898,-13821,937,9178
4958,216593,216603,-6383,-1663,-43,-111,547,-98,28767,24197,-31704,-14162,932,9179
4958,216616,216626,-6336,-1920,161,-1055,545,-99,28745,23688,-26107,-13749,930,9180
4958,216639,216649,-6483,-2010,3,-895,538,-90,28727,25951,-22718,-14013,934,9181
4958,216661,216671,-6464,-2229,-341,-783,534,-85,28726,31345,-21928,-13492,934,9182
4958,216684,216694,-6168,-2075,178,-639,526,-92,28751,-30288,-24802,-13678,933,9183
4958,216707,216717,-6680,-1745,94,-847,521,-105,28750,-27630,-28591,-13761,933,9184
4958,216730,216740,-6203,-1815,437,-1311,521,-105,28737,-29408,31910,-13588,933,9185
4958,216753,216762,-6302,-1559,-152,-783,529,-99,28735,32399,30072,-13636,925,9186
4958,216775,216785,-6344,-2096,72,-607,543,-105,28742,26783,31156,-13863,928,9187
4958,216798,216808,-6351,-1684,54,-799,549,-99,28747,24107,-31136,-13989,931,9188
4958,216821,216831,-6358,-1944,-71,-575,546,-99,28732,24042,-25305,-13558,935,9189
4958,216849,216859,-6348,-1831,132,-1119,537,-80,28742,27909,-22048,-13504,934,9190
4958,216871,216881,-6300,-1983,-61,-447,527,-83,28726,-32072,-22509,-13678,934,9191
4958,216894,216904,-6338,-1598,115,-767,523,-100,28719,-28803,-25317,-13959,933,9192
4958,216917,216927,-6231,-1756,76,-1199,512,-99,28742,-27761,-30459,-13498,934,9193
4958,216940,216950,-6568,-1953,-81,-783,527,-110,28749,-29893,31365,-13534,932,9194
4958,216963,216972,-6132,-2120,100,-1247,537,-102,28709,30303,29970,-13917,931,9195
4958,216985,216995,-6547,-1841,278,-975,541,-105,28724,26286,31736,-13959,935,9196
4958,217008,217018,-6281,-1960,29,-1087,546,-93,28726,23640,-28849,-14073,935,9197
4958,217031,217041,-6407,-2072,-73,-1103,543,-96,28727,24053,-25017,-14312,936,9198
4958,217054,217064,-6209,-1936,156,-1167,537,-82,28740,28424,-21671,-13923,933,9199
4958,217077,217086,-6236,-1983,132,-1135,527,-93,28719,32644,-22126,-14103,938,9200
4958,217099,217109,-6344,-2001,630,-463,522,-94,28709,-28570,-25939,-13875,932,9201
4958,217122,217132,-6649,-1790,171,-1135,522,-102,28742,-27654,-31219,-13917,936,9202
4958,217145,217155,-6404,-1889,367,-655,526,-104,28748,-30138,30964,-13767,931,9203
4958,217173,217183,-6372,-1810,-282,-975,538,-106,28743,29663,30060,-13971,930,9204
4958,217196,217206,-6238,-1987,210,-783,542,-99,28732,24754,-32369,-13887,932,9205
4958,217218,217228,-6460,-2042,-10,-687,552,-96,28732,23563,-28430,-14109,935,9206
4958,217241,217251,-6354,-1920,-156,-1135,547,-93,28731,25311,-23371,-13953,934,9207
4958,217264,217274,-6137,-1743,89,-1247,538,-85,28715,30555,-21815,-13899,935,9208
4958,217287,217297,-6529,-1583,185,-943,521,-81,28745,-30904,-23132,-13737,936,9209
4958,217310,217320,-6615,-1827,-148,-1247,520,-102,28765,-27636,-27795,-13803,933,9210
4958,217333,217342,-6232,-1937,241,-1263,519,-99,28725,-28031,-31770,-13696,932,9211
4958,217355,217365,-6313,-1735,280,-879,530,-112,28708,-32060,30018,-13833,934,9212
4958,217378,217388,-6368,-1998,217,-367,538,-99,28719,29046,30048,-13923,932,9213
4958,217401,217411,-6277,-1887,-206,-1119,543,-102,28725,24544,-31914,-13893,934,9214
4958,217424,217434,-6500,-1989,402,-687,546,-100,28735,23425,-27795,-13995,933,9215
4958,217447,217456,-6240,-2095,70,-1071,539,-92,28715,25760,-23150,-14007,937,9216
4958,217469,217479,-6329,-1953,435,-1087,526,-74,28724,29579,-21437,-13953,935,9217
4958,217491,217501,-6421,-2044,-295,-863,530,-100,28741,-30360,-23341,-13881,933,9218
4958,217514,217523,-6526,-2132,-126,-655,520,-91,28727,-27965,-27143,-13845,932,9219
4958,217544,217554,-6341,-1950,-13,-1007,525,-106,28734,-28917,31994,-13809,934,9220
4958,217567,217576,-6539,-1964,-139,-991,539,-108,28737,31441,29755,-13911,934,9221
4958,217589,217599,-6261,-2133,244,-911,544,-108,28721,27196,30994,-14408,933,9222
4958,217612,217622,-6328,-2212,-84,-719,550,-101,28425,23646,-30058,-13839,932,9223
4958,217635,217645,-6042,-1687,-205,-415,544,-91,28704,23718,-25712,-14097,929,9224
4958,217658,217668,-6277,-1829,-120,-735,546,-88,28732,27208,-22066,-13809,934,9225
4958,217680,217690,-6179,-2038,-119,-399,531,-85,28750,31650,-21743,-13893,932,9226
4958,217703,217713,-6196,-2237,-39,-943,523,-91,28724,-29030,-25005,-13702,933,9227
4958,217726,217736,-6348,-1895,-250,-1007,521,-97,28712,-27534,-28813,-13564,934,9228
4958,217749,217759,-6381,-1704,-69,-783,536,-108,28733,-29497,31611,-13725,935,9229
4958,217772,217781,-6375,-1833,120,-863,544,-108,28759,32345,29922,-13869,935,9230
4958,217800,217810,-6255,-1812,326,-991,547,-98,28729,25448,32575,-13881,933,9231
4958,217822,217832,-6355,-2098,87,-1311,545,-104,28752,23569,-29250,-13785,934,9232
4958,217845,217855,-6396,-2205,-431,-687,544,-90,28729,24610,-23976,-13791,934,9233
4958,217868,217878,-6018,-2010,17,-1087,543,-78,28721,27933,-21689,-13863,935,9234
4958,217891,217900,-6466,-1901,-228,-767,528,-84,28712,-31964,-22263,-13953,934,9235
4958,217913,217923,-6361,-1958,171,-1151,522,-97,28731,-28725,-25365,-13887,938,9236
4958,217936,217946,-6340,-2256,84,-1007,521,-100,28716,-27678,-30794,-13666,937,9237
4958,217959,217969,-6330,-2052,19,-735,528,-107,28718,-29964,31401,-13917,935,9238
4958,217982,217992,-6483,-1875,352,-895,537,-112,28717,30202,29845,-13654,935,9239
4958,218004,218014,-6274,-1886,27,-575,544,-98,28732,24616,-32566,-14013,933,9240
4958,218027,218037,-6292,-2087,50,-1167,545,-98,28755,23533,-28430,-13947,937,9241
4958,218050,218060,-6266,-2128,-89,-799,543,-96,28717,25185,-23425,-14180,936,9242
4958,218073,218083,-6198,-2431,145,-959,539,-78,28703,28693,-21677,-13708,936,9243
4958,218095,218105,-6385,-1776,-208,-463,525,-91,28715,-31030,-22820,-13696,934,9244
4958,218124,218133,-6054,-1736,232,-1135,529,-99,28719,-27761,-27214,-13845,934,9245
4958,218146,218156,-6448,-1954,26,-751,521,-102,28734,-28540,-32530,-14061,933,9246
4958,218169,218179,-6340,-1909,80,-943,531,-101,28733,-31706,30365,-13923,934,9247
4958,218192,218202,-6285,-2033,-130,-991,538,-113,28718,28304,30479,-14079,932,9248
4958,218214,218224,-6362,-2231,217,-639,543,-96,28986,24790,-32261,-14198,933,9249
4958,218237,218247,-6329,-1700,436,-575,541,-83,28694,23473,-26646,-14049,934,9250
4958,218260,218270,-6366,-1796,121,-767,534,-90,28736,25215,-23305,-14228,935,9251
4958,218283,218293,-6170,-2127,468,-911,527,-85,28732,30513,-21659,-13678,934,9252
4958,218306,218315,-6226,-1711,-356,-1055,522,-99,28710,-30844,-23197,-14157,935,9253
4958,218328,218338,-6287,-1639,393,-703,525,-98,28707,-27654,-27771,-13893,933,9254
4958,218351,218361,-6207,-2111,48,-559,530,-108,28725,-27977,-32046,-13815,935,9255
4958,218374,218384,-6488,-2077,300,-847,536,-108,28726,-32281,29988,-14103,935,9256
4958,218396,218406,-6156,-2207,-17,-1007,539,-107,28704,29040,30024,-14055,933,9257
4958,218419,218429,-6389,-2133,-37,-1215,541,-99,28408,24538,-31680,-14019,932,9258
4958,218447,218457,-6417,-2232,171,-1135,546,-99,28724,23670,-26251,-14055,932,9259
4958,218470,218480,-6085,-2379,-93,-399,531,-76,28694,26993,-22168,-14139,935,9260
4958,218493,218503,-6364,-1778,-212,-847,531,-99,28712,31171,-21743,-14025,929,9261
4958,218516,218525,-6497,-2085,-15,-1135,523,-96,28729,-29360,-24538,-13749,932,9262
4958,218538,218548,-6381,-2221,-81,-1391,527,-101,28741,-27737,-28567,-14055,933,9263
4958,218561,218571,-6400,-1549,343,-927,528,-109,28715,-29503,31808,-13779,932,9264
4958,218584,218594,-6172,-1996,154,-927,533,-107,28696,32692,29815,-13869,933,9265
4958,218606,218616,-6094,-1891,-217,-975,545,-100,28718,26993,30916,-13899,932,9266
4958,218629,218639,-6389,-2244,-113,-159,543,-100,28711,23575,-29878,-14085,935,9267
4958,218652,218662,-6140,-1855,38,-911,543,-92,28707,23670,-25855,-14252,935,9268
4958,218675,218685,-6131,-2309,-244,-591,539,-74,28710,27418,-21910,-14103,935,9269
4958,218697,218707,-5925,-2130,-187,-1071,531,-96,28737,31674,-21856,-13678,933,9270
4958,218720,218730,-6550,-1962,-34,-479,525,-83,28709,-29048,-25005,-13749,934,9271
4958,218743,218753,-6046,-1972,283,-447,522,-102,28703,-27636,-29124,-14007,936,9272
4958,218771,218781,-6333,-1970,-72,-847,534,-104,28724,-30814,30677,-14145,934,9273
4958,218794,218804,-6425,-1995,-25,-1023,535,-109,28700,30711,29845,-14264,935,9274
4958,218817,218826,-6208,-1891,-17,-815,543,-107,28713,25215,32329,-13929,936,9275
4958,218839,218849,-6037,-2080,517,-623,543,-101,28712,23407,-29322,-13863,924,9276
4958,218862,218872,-6280,-1919,-100,-1151,541,-94,28713,24724,-24119,-13911,935,9277
4958,218885,218895,-6361,-2116,182,-975,535,-86,28707,28023,-21797,-14151,933,9278
4958,218908,218917,-6766,-2261,-378,-687,529,-93,28697,-31736,-22766,-14025,934,9279
4958,218930,218940,-6107,-1972,-52,-1087,525,-98,28708,-28677,-25688,-14067,934,9280
4958,218953,218963,-6301,-1844,-228,-847,529,-102,28727,-27827,-31016,-14109,930,9281
4958,218976,218986,-6408,-1959,30,-1039,534,-112,28715,-30132,31114,-14342,935,9282
4958,218998,219008,-6079,-2137,141,-639,534,-102,28688,29926,29934,-14151,932,9283
4958,219021,219031,-6364,-2384,-373,-1215,541,-106,28681,25760,31772,-14378,937,9284
4958,219044,219054,-6441,-1696,274,-751,541,-98,28697,23209,-28699,-14372,936,9285
4958,219067,219077,-6274,-1807,104,-863,537,-97,28724,24197,-23197,-14085,933,9286
4958,219094,219104,-6320,-2103,130,-959,530,-89,28708,30064,-21437,-13887,938,9287
4958,219117,219126,-6217,-1885,-282,-511,526,-93,28712,-31257,-22689,-13995,932,9288
4958,219139,219149,-6251,-2319,-80,-703,525,-92,28692,-27743,-27418,-13869,933,9289
4958,219162,219172,-6080,-2469,179,-703,530,-105,28701,-27857,-31638,-13552,935,9290
4958,219185,219195,-6366,-1729,-172,-655,531,-110,28737,-31563,30252,-13941,933,9291
4958,219207,219217,-6366,-1679,15,-639,538,-99,28737,29447,30030,-14312,929,9292
4958,219230,219240,-6150,-1779,-48,-719,542,-98,28713,24544,-32159,-14127,935,9293
4958,219253,219263,-6398,-2101,326,-719,544,-89,28704,23191,-28058,-14234,934,9294
4958,219276,219286,-6309,-1712,35,-703,539,-92,28702,25179,-23173,-14174,933,9295
4958,219298,219308,-6564,-1937,232,-415,528,-90,28715,28980,-21503,-13935,932,9296
4958,219321,219331,-6294,-1683,94,-1119,527,-85,28721,-30713,-23167,-13911,930,9297
4958,219344,219354,-6050,-2011,-233,-1359,525,-96,28699,-27803,-27843,-13971,935,9298
4958,219367,219376,-6073,-1895,200,-1039,529,-101,28689,-28198,-31974,-14073,931,9299
4958,219389,219399,-6497,-2049,-328,-767,530,-112,28713,-32503,30108,-14204,925,9300
4958,219415,219425,-6037,-2364,113,-655,544,-108,28704,27490,30635,-14013,931,9301
4958,219438,219448,-6483,-1948,-273,-191,538,-98,28713,24024,-31722,-13983,933,9302
4958,219461,219471,-6169,-2034,-14,-1215,542,-99,28696,23401,-26101,-14019,929,9303
4958,219484,219493,-6425,-2273,-78,-1055,543,-86,28694,25622,-22730,-14264,935,9304
4958,219506,219516,-6172,-1835,-124,-1119,529,-96,28710,31064,-21539,-13971,934,9305
4958,219529,219539,-6377,-2029,-11,-1167,533,-94,28728,-30425,-23479,-13827,927,9306
4958,219552,219562,-6481,-2048,76,-687,522,-98,28740,-27672,-28454,-13779,934,9307
4958,219575,219585,-6455,-2338,-132,-911,528,-105,28697,-28468,-32483,-14103,925,9308
4958,219597,219607,-6029,-2061,75,-847,531,-98,28663,32728,29911,-13977,933,9309
4958,219620,219630,-6487,-2122,-388,-255,534,-108,28695,28052,30479,-14049,934,9310
4958,219643,219653,-6389,-1881,168,-655,538,-96,28719,23988,-31189,-14534,931,9311
4958,219666,219676,-6179,-1694,69,-703,539,-99,28723,23209,-25724,-14408,933,9312
4958,219689,219698,-6179,-1724,204,-783,534,-85,28703,26101,-22689,-13983,927,9313
4958,219717,219726,-6276,-2127,512,-1007,522,-84,28689,31800,-21677,-14097,933,9314
4958,219739,219749,-6264,-1876,-39,-1135,526,-92,28695,-29042,-25035,-13582,934,9315
4958,219762,219772,-6365,-1765,69,-495,522,-97,28710,-27666,-30531,-13654,937,9316
4958,219785,219795,-6259,-1737,-167,-943,528,-107,28725,-29713,31479,-13558,927,9317
4958,219808,219818,-6142,-1839,30,-1055,534,-102,28712,30531,29605,-14043,934,9318
4958,219831,219841,-6255,-1948,262,-767,539,-110,28704,26292,31257,-14246,935,9319
4958,219854,219864,-6361,-2198,57,-543,545,-99,28681,23437,-29567,-13654,927,9320
4958,219877,219887,-6361,-1964,-163,-927,541,-97,28686,23970,-25203,-13989,938,9321
4958,219900,219910,-6419,-1931,1017,-847,542,-88,28728,28166,-21761,-13624,935,9322
4958,219923,219933,-6599,-1737,-181,-847,528,-101,28732,32363,-21934,-14001,931,9323
4958,219946,219956,-6055,-1784,-48,-879,526,-94,28675,-28462,-25550,-13857,930,9324
4958,219979,219989,-6200,-1794,47,-431,526,-92,28693,-28348,-32225,-13821,932,9325
4958,220002,220012,-6392,-1787,112,-799,536,-102,28720,-32449,29982,-14073,936,9326
4958,220025,220034,-6329,-1903,-317,-1087,536,-101,28715,28627,30168,-13965,932,9327
4958,220053,220063,-6185,-2005,-17,-575,537,-99,28697,23622,-30387,-14103,934,9328
4958,220076,220085,-6394,-2155,16,-1183,537,-98,28687,23311,-26053,-14085,934,9329
4958,220099,220108,-6351,-1861,-137,-863,536,-93,28688,27053,-21982,-13899,933,9330
4958,220121,220131,-6574,-2088,-250,-703,530,-89,28694,31429,-21767,-13935,933,9331
4958,220144,220154,-6318,-1869,78,-751,521,-100,28678,-29060,-24580,-13791,934,9332
4958,220167,220177,-6370,-1928,-269,-943,527,-102,28717,-27576,-28747,-13869,935,9333
4958,220190,220200,-6205,-2044,371,-1135,530,-98,28982,-29426,31796,-13971,929,9334
4958,220213,220223,-6343,-1902,-362,-1279,533,-109,28692,32345,29581,-14192,933,9335
4958,220236,220246,-6435,-1951,-170,-879,541,-104,28678,26723,31102,-14157,935,9336
4958,220259,220269,-6209,-2074,220,-1103,541,-105,28702,23299,-29699,-13827,930,9337
4958,220282,220292,-6383,-1955,498,-591,546,-88,28691,23754,-25544,-14031,937,9338
4958,220305,220315,-6085,-2105,14,-639,537,-89,28680,27759,-21868,-13941,934,9339
4958,220328,220338,-6347,-2444,204,-927,528,-82,28684,31962,-21856,-13474,936,9340
4958,220351,220361,-6228,-2186,-147,-959,523,-92,28671,-28683,-25251,-13875,933,9341
4958,220387,220396,-6230,-1612,302,-671,528,-100,28717,-28174,-31962,-13690,932,9342
4958,220409,220419,-6196,-1700,-75,-1247,536,-105,28708,-32233,29976,-13971,935,9343
4958,220432,220442,-5942,-2051,78,-1007,533,-105,28675,27699,30689,-13887,935,9344
4958,220455,220465,-6323,-1759,499,-431,539,-102,28677,24514,-31872,-13959,932,9345
4958,220478,220488,-6121,-2191,37,-703,542,-98,28718,23551,-26173,-13821,931,9346
4958,220501,220511,-6236,-1892,143,-1167,535,-92,28723,25796,-22730,-13941,934,9347
4958,220524,220534,-6224,-1781,-89,-1087,530,-92,28708,31285,-21503,-14043,935,9348
4958,220547,220556,-6530,-2127,-337,-1119,531,-94,28668,-30354,-23179,-13923,932,9349
4958,220569,220579,-6026,-2005,-188,-1167,528,-93,28668,-27468,-28166,-13803,935,9350
4958,220592,220602,-6357,-2125,193,-895,526,-105,28703,-28456,-32345,-14007,933,9351
4958,220615,220625,-6507,-2051,-92,-799,536,-104,28721,-32575,30282,-14174,930,9352
4958,220638,220648,-6259,-2016,126,-799,543,-98,28696,28346,31222,-13893,936,9353
4958,220661,220671,-6273,-1881,656,-575,541,-101,28691,24173,-31273,-14079,932,9354
4958,220684,220694,-6527,-1818,357,-895,535,-101,28675,23622,-25490,-13947,931,9355
4958,220712,220722,-6651,-1931,91,-831,530,-89,28695,27406,-21988,-13803,933,9356
4958,220735,220745,-6444,-1770,61,-543,522,-96,28701,-32563,-22054,-13749,933,9357
4958,220758,220768,-6461,-2014,-155,-527,530,-99,28703,-29019,-24981,-13923,929,9358
4958,220781,220790,-6383,-1972,-95,-1119,527,-94,28703,-27648,-30387,-14091,928,9359
4958,220803,220813,-6245,-2058,84,-1199,530,-110,28692,-29641,31575,-14019,932,9360
4958,220826,220836,-6366,-1655,274,-703,531,-104,28683,30477,29851,-13965,932,9361
4958,220849,220859,-6409,-1742,-260,-1231,542,-109,28684,26424,31509,-14198,931,9362
4958,220872,220882,-6526,-2096,-206,-767,529,-98,28713,23227,-29627,-14288,934,9363
4958,220895,220905,-6057,-1669,-89,-495,536,-91,28717,23820,-25167,-14049,932,9364
4958,220918,220928,-6399,-1856,-228,-1103,537,-97,28688,28011,-21910,-13959,934,9365
4958,220941,220950,-6411,-2068,43,-1055,528,-96,28694,32207,-22216,-14151,933,9366
4958,220963,220973,-6441,-1979,-252,-703,530,-102,28686,-28719,-25185,-13899,935,9367
4958,220986,220996,-6440,-2028,206,-735,533,-105,28700,-27695,-30842,-13713,937,9368
4958,221009,221019,-6496,-2173,-293,-1135,526,-104,28696,-29994,31252,-14037,938,9369
4958,221037,221047,-6405,-2083,153,-1055,537,-104,28687,28825,30180,-14157,932,9370
4958,221060,221070,-6192,-1994,151,-703,534,-101,28688,24945,-32686,-14180,938,9371
4958,221105,221114,-5918,-1801,-106,-975,539,-93,28700,24814,-23587,-13959,933,9372
4958,221127,221137,-6488,-2227,5,-1391,537,-96,28723,30016,-21228,-13983,932,9373
4958,221150,221160,-6444,-2288,83,-831,530,-97,28677,-31281,-22521,-13815,935,9374
4958,221173,221183,-6252,-1872,-175,-767,529,-98,28671,-27767,-27053,-13564,934,9375
4958,221196,221206,-6476,-1870,-79,-767,533,-106,28701,-27815,-31315,-13761,934,9376
4958,221219,221229,-6087,-2088,145,-1231,531,-100,28718,-31521,30389,-13959,935,9377
4958,221242,221252,-6360,-2009,-39,-879,530,-105,28709,29579,29839,-14025,934,9378
4958,221265,221274,-6161,-1899,436,-223,535,-88,28680,24742,-32387,-14157,936,9379
4958,221287,221297,-6154,-1840,-313,-911,538,-100,28687,23353,-28513,-14198,935,9380
4958,221310,221320,-6302,-2062,-236,-927,538,-97,28689,25233,-23353,-14091,933,9381
4958,221333,221343,-6340,-2068,141,-1263,534,-105,28689,28897,-21449,-14121,934,9382
4958,221356,221366,-6149,-2209,44,-1231,535,-97,28701,-30665,-22886,-13971,934,9383
4958,221384,221394,-6169,-1726,-110,-863,533,-101,28696,-27570,-27580,-14061,937,9384
4958,221407,221417,-6359,-2309,-389,-1151,529,-100,28688,-28396,32401,-14019,935,9385
4958,221430,221440,-6223,-2323,47,-799,530,-106,28680,-32054,30096,-14330,935,9386
4958,221453,221463,-6490,-1771,-115,-623,539,-106,28696,27807,30695,-14013,931,9387
4958,221476,221485,-6126,-1891,426,-799,541,-98,28705,23820,-30387,-14258,934,9388
4958,221498,221508,-6375,-1930,-121,-607,537,-97,28699,23485,-26239,-14222,937,9389
4958,221521,221531,-6069,-2205,-97,-639,536,-91,28668,26885,-22132,-14007,933,9390
4958,221544,221554,-6197,-2168,121,-607,536,-96,28662,31142,-21443,-13893,934,9391
4958,221567,221577,-6401,-1997,454,-687,527,-91,28668,-29342,-24185,-14025,935,9392
4958,221590,221600,-6424,-1936,1,-1423,529,-100,28712,-27145,-28304,-13965,935,9393
4958,221613,221623,-6322,-2051,304,-415,523,-101,28727,-28959,32060,-14139,933,9394
4958,221636,221645,-6533,-1697,-346,-847,533,-98,28689,-32622,30006,-14103,933,9395
4958,221658,221668,-6047,-2000,308,-495,539,-105,28683,27358,30910,-14378,934,9396
4958,221687,221696,-6289,-1889,-71,-815,537,-100,28671,23539,-30082,-14115,927,9397
4958,221709,221719,-6133,-1922,170,-735,545,-92,28407,23994,-24730,-14516,934,9398
4958,221732,221742,-6345,-1805,-1,-1119,535,-100,28703,27208,-21922,-14222,933,9399
4958,221755,221765,-6223,-1663,91,-1215,527,-93,28689,-32742,-21797,-13995,932,9400
4958,221778,221788,-6178,-2113,-118,-959,527,-96,28678,-29078,-25879,-14037,930,9401
4958,221801,221811,-6166,-2064,22,-1055,534,-100,28673,-27576,-29998,-13989,936,9402
4958,221824,221834,-6322,-1958,-221,-975,536,-104,28709,-30306,30707,-13749,935,9403
4958,221847,221856,-6133,-1621,0,-575,536,-98,28716,31004,29791,-13833,935,9404
4958,221869,221879,-6324,-2225,-256,-687,535,-102,28703,25430,32072,-14121,937,9405
4958,221892,221902,-6022,-2048,81,-1087,536,-91,28671,23365,-29597,-14288,936,9406
4958,221915,221925,-6150,-1849,-67,-895,542,-88,28684,24371,-24251,-14282,938,9407
4958,221938,221948,-6211,-2002,156,-1199,530,-93,28707,27783,-21743,-13857,935,9408
4958,221961,221971,-6136,-1910,-174,-879,530,-94,28700,-31970,-22198,-14037,938,9409
4958,221984,221994,-5987,-2046,124,-783,530,-94,28688,-28576,-26717,-14067,935,9410
4958,222012,222022,-6309,-1661,207,-783,531,-98,28708,-28043,-31794,-13887,933,9411
4958,222035,222044,-6382,-2243,24,-895,533,-102,28676,-30904,30641,-14192,931,9412
4958,222058,222067,-6564,-1819,465,-399,541,-100,28669,28939,30389,-14450,933,9413
4958,222080,222090,-6194,-2004,198,-351,536,-102,28684,23718,-31638,-14043,936,9414
4958,222103,222113,-6296,-1798,-138,-863,539,-97,28692,22970,-27556,-14216,934,9415
4958,222126,222136,-6287,-1979,158,-607,539,-93,28688,25586,-22922,-14180,936,9416
4958,222149,222159,-6346,-2090,-251,-799,534,-101,28701,29382,-21210,-14198,929,9417
4958,222172,222182,-6163,-1997,276,-943,535,-92,28683,-30521,-23197,-13893,932,9418
4958,222195,222205,-6453,-1853,-109,-1343,531,-99,28694,-27887,-26783,-13666,934,9419
4958,222218,222228,-6107,-1546,111,-847,529,-98,28716,-28444,-32363,-13702,935,9420
4958,222241,222250,-6405,-2003,-146,-751,529,-100,28679,-31431,30449,-13761,937,9421
4958,222263,222273,-6495,-2157,-18,-1183,537,-104,28664,28190,30084,-14324,932,9422
4958,222286,222296,-6536,-2277,124,-1071,544,-101,28700,24658,-31261,-14025,932,9423
4958,222309,222319,-6345,-1835,113,-687,542,-98,28703,23030,-27041,-14055,936,9424
4958,222337,222347,-6542,-1979,47,-911,537,-97,28673,26035,-22760,-13977,932,9425
4958,222360,222370,-6452,-2141,37,-1039,536,-98,28675,31764,-21449,-14180,934,9426
4958,222383,222393,-6452,-2096,-258,-1151,528,-99,28701,-29013,-24652,-13618,929,9427
4958,222406,222416,-5969,-1863,387,-1183,530,-97,28708,-27480,-28962,-14252,933,9428
4958,222429,222439,-6288,-1926,-169,-607,531,-108,28686,-29360,31665,-13929,935,9429
4958,222452,222462,-6361,-2087,-4,-719,531,-98,28676,32141,29713,-14103,934,9430
4958,222475,222484,-6155,-1978,-461,-1231,541,-107,28683,26526,31257,-14210,933,9431
4958,222498,222507,-6030,-1781,-56,-1311,538,-99,28676,23784,-30806,-14396,935,9432
4958,222520,222530,-6161,-1981,73,-1247,530,-98,28668,23868,-25119,-14228,936,9433
4958,222543,222553,-6166,-2104,-172,-623,544,-97,28649,26340,-22263,-14049,934,9434
4958,222566,222576,-6389,-1931,147,-943,530,-98,28693,32099,-21581,-13929,930,9435
4958,222589,222599,-6209,-1543,382,-927,531,-91,28711,-28635,-25215,-13839,933,9436
4958,222612,222622,-6150,-1687,56,-1103,534,-100,28697,-27348,-29268,-13977,937,9437
4958,222635,222645,-6641,-2174,-124,-1535,531,-99,28654,-29869,31246,-13923,933,9438
4958,222663,222673,-6075,-1942,194,-639,534,-100,28693,30250,29857,-14151,933,9439
4958,222686,222696,-6704,-2132,-23,-943,542,-104,28671,25119,-32704,-14252,933,9440
4958,222709,222719,-6089,-1983,206,-783,541,-101,28677,23197,-29094,-14097,934,9441
4958,222732,222741,-6429,-1885,-76,-1487,537,-101,28684,24616,-23808,-13767,932,9442
4958,222755,222764,-6094,-1946,17,-767,534,-89,28695,28070,-21725,-13785,929,9443
4958,222777,222787,-6366,-2084,261,-767,530,-90,28694,-31545,-22293,-13887,933,9444
4958,222800,222810,-5968,-1739,-19,-687,527,-92,28684,-28144,-25598,-13743,933,9445
4958,222823,222833,-6535,-1848,7,-351,531,-98,28689,-27666,-31231,-14025,933,9446
4958,222846,222856,-6533,-1906,210,-799,534,-93,28675,-30180,31246,-12648,934,9447
4958,222869,222879,-6315,-2251,28,-1119,535,-105,28679,29932,29988,-14055,933,9448
4958,222892,222902,-6246,-2305,35,-1215,534,-101,28686,24700,-32435,-14198,934,9449
4958,222915,222925,-6396,-2314,311,-399,541,-108,28699,23215,-28250,-14252,932,9450
4958,222938,222948,-6194,-2157,10,-591,537,-88,28686,24957,-23353,-14294,934,9451
4958,222961,222970,-6344,-1789,-13,-975,542,-94,28711,28567,-21575,-14198,936,9452
4958,222989,222999,-6495,-1949,-94,-767,535,-102,28693,-29839,-23563,-13935,934,9453
4958,223012,223021,-6459,-2053,2,-1103,525,-98,28717,-27558,-27298,-14121,934,9454
4958,223034,223044,-6074,-2160,-279,-687,526,-98,28689,-28647,32628,-13743,936,9455
4958,223057,223067,-6186,-2012,-184,-847,527,-99,28660,-31952,30096,-14109,934,9456
4958,223080,223090,-6485,-2051,-150,-559,533,-100,28675,27873,30533,-13977,934,9457
4958,223103,223113,-6279,-2251,-282,-1311,539,-99,28685,24419,-32111,-14157,934,9458
4958,223126,223136,-6192,-1955,33,-911,537,-89,28696,23401,-26274,-14127,936,9459
4958,223149,223159,-6166,-2036,-123,-1103,538,-99,28702,25388,-23066,-14288,927,9460
4958,223172,223182,-6305,-2004,60,-1087,530,-83,28679,30758,-21539,-14240,932,9461
4958,223195,223204,-6584,-1767,-286,-351,531,-100,28678,-29228,-24233,-14019,935,9462
4958,223225,223235,-6221,-2144,-248,-527,529,-97,28678,-27444,-29328,-14025,935,9463
4958,223248,223257,-6116,-1956,266,-431,527,-101,28667,-29629,31263,-14145,936,9464
4958,223270,223280,-6264,-1911,-13,-1247,535,-100,28675,31776,29737,-14151,935,9465
4958,223294,223303,-6409,-1983,-31,-623,539,-98,28687,26310,31473,-14198,933,9466
4958,223322,223332,-6017,-1934,71,-1007,536,-98,28699,23305,-28903,-14480,932,9467
4958,223344,223354,-6316,-1833,-6,-1103,537,-97,28702,24987,-23587,-14198,938,9468
4958,223367,223377,-6233,-1985,-2,-735,535,-98,28671,28555,-21360,-14061,932,9469
4958,223390,223400,-6464,-2411,-11,-895,529,-101,28648,-31281,-22407,-13899,931,9470
4958,223413,223423,-6339,-1877,299,-1327,536,-98,28686,-28192,-25598,-13971,935,9471
4958,223436,223446,-6401,-1763,286,-1375,533,-98,28686,-27606,-31333,-14186,935,9472
4958,223459,223468,-6392,-2173,-44,-1055,539,-105,28692,-31401,30330,-14025,933,9473
4958,223481,223491,-6251,-2142,226,-703,528,-101,28672,29645,29875,-14444,936,9474
4958,223504,223514,-6577,-2370,-163,-623,536,-106,28668,24748,-32321,-14486,929,9475
4958,223527,223537,-6534,-1994,14,-879,543,-101,28691,23215,-28112,-14121,937,9476
4958,223550,223560,-6440,-1946,139,-623,530,-98,28692,25215,-23323,-14342,934,9477
4958,223573,223583,-6311,-1953,56,-1071,536,-91,28703,29034,-21348,-14067,934,9478
4958,223596,223605,-6484,-1911,-152,-1295,528,-104,28669,-30814,-22629,-13923,937,9479
4958,223624,223634,-6129,-2141,90,-767,536,-100,28710,-27378,-27346,-13690,929,9480
4958,223647,223656,-6372,-1931,-357,-1071,534,-104,28675,-28558,32604,-14037,932,9481
4958,223669,223679,-6190,-2170,-178,-847,536,-98,28673,-31742,30102,-14055,932,9482
4958,223692,223702,-6198,-1990,102,-1295,534,-99,28689,28041,30641,-14288,934,9483
4958,223715,223725,-6302,-2001,-137,-543,533,-99,28687,24598,-32057,-14390,937,9484
4958,223738,223748,-6205,-2068,80,-1007,539,-88,28692,23545,-26424,-14611,936,9485
4958,223761,223770,-6308,-1917,-177,-815,539,-105,28688,25550,-22862,-14115,934,9486
4958,223783,223793,-6480,-2155,98,-1087,538,-94,28696,30986,-21461,-13731,935,9487
4958,223806,223816,-6533,-2042,66,-927,539,-98,28699,-29192,-24113,-14085,939,9488
4958,223829,223839,-6351,-1771,-144,-991,531,-101,28701,-27276,-28082,-14198,934,9489
4958,223852,223862,-6342,-1900,-326,-719,535,-99,28648,-29007,32066,-13977,932,9490
4958,223875,223885,-6421,-2216,504,-383,529,-98,28654,-32341,29875,-13905,936,9491
4958,223898,223907,-6281,-1898,-86,-735,539,-105,28704,27436,30731,-14109,934,9492
4958,223920,223930,-6487,-1829,48,-1455,552,-98,28711,24107,-31620,-14151,932,9493
4958,223949,223958,-6190,-2036,-145,-1119,531,-99,28676,24161,-24808,-14145,938,9494
4958,223971,223981,-6225,-1992,168,-1199,534,-94,28687,27166,-22078,-14151,935,9495
4958,223994,224004,-6242,-2231,79,-767,534,-96,28680,-32569,-21731,-13977,935,9496
4958,224017,224027,-5967,-1974,195,-719,534,-101,28670,-28863,-24490,-14240,935,9497
4958,224040,224050,-6346,-1711,-22,-991,530,-97,28654,-27264,-29884,-14312,924,9498
4958,224063,224072,-6120,-1833,-108,-1391,535,-101,28696,-28977,31724,-13929,935,9499
4958,224085,224095,-6053,-1710,44,-1471,538,-100,28726,31166,29587,-13977,937,9500
4958,224108,224118,-6381,-2405,-17,-463,536,-102,28673,26676,31114,-14031,934,9501
4958,224131,224141,-6193,-2124,97,-959,533,-99,28672,23347,-29519,-14001,936,9502
4958,224154,224164,-6482,-1894,-104,-1231,539,-101,28679,24538,-24323,-14115,933,9503
4958,224177,224187,-6370,-1872,158,-1199,536,-98,28691,27627,-21874,-14306,931,9504
4958,224200,224209,-6121,-2056,-257,-527,530,-92,28686,-32132,-22060,-14240,934,9505
4958,224222,224232,-6111,-1883,-105,-815,531,-97,28681,-28827,-24999,-13827,935,9506
4958,224245,224255,-6225,-1700,-541,-687,534,-97,28667,-27510,-30609,-13941,937,9507
4958,224273,224283,-6160,-2055,-233,-847,533,-110,28669,-30749,30587,-14228,930,9508
4958,224296,224306,-6158,-1585,-95,-687,529,-101,28675,29220,29994,-14282,935,9509
4958,224319,224329,-6412,-2027,-53,-271,538,-97,28686,25347,32389,-14031,936,9510
4958,224342,224351,-6019,-1965,-87,-1311,538,-105,28675,23161,-27723,-14210,934,9511
4958,224364,224374,-6318,-2255,-204,-831,538,-96,28676,24598,-24053,-14007,937,9512
4958,224387,224397,-6166,-2206,515,-1071,536,-96,28687,29334,-21186,-14037,928,9513
4958,224410,224420,-6283,-1475,-63,-959,530,-96,28679,-31976,-22252,-13887,930,9514
4958,224433,224443,-6519,-1970,282,-623,533,-94,28692,-27821,-26646,-13725,934,9515
4958,224456,224466,-6245,-2200,-332,-815,535,-101,28672,-27456,-30986,-13947,934,9516
4958,224479,224488,-6203,-2131,56,-1119,533,-93,28667,-31030,30539,-14103,934,9517
4958,224501,224511,-6306,-2009,-617,-1199,531,-100,28653,28663,30306,-14115,935,9518
4958,224524,224534,-5977,-1722,230,-1199,534,-99,28701,24706,-32644,-14282,936,9519
4958,224547,224557,-6564,-1955,-252,-719,535,-101,28700,22946,-27466,-14061,936,9520
4958,224570,224580,-6253,-2449,498,-1519,542,-92,28667,24850,-23706,-14246,935,9521
4958,224598,224608,-6423,-2131,67,-815,539,-102,28702,31411,-21569,-14061,937,9522
4958,224621,224630,-5985,-2101,65,-815,534,-91,28680,-29803,-23401,-14180,935,9523
4958,224643,224653,-6168,-1880,-102,-1215,533,-91,28680,-27528,-28681,-13725,934,9524
4958,224666,224676,-6109,-1914,279,-1359,535,-101,28689,-28306,-32746,-14252,927,9525
4958,224689,224699,-6414,-1750,-71,-719,529,-97,28688,32536,29797,-14133,935,9526
4958,224712,224722,-6385,-2072,117,-863,537,-99,28664,28094,30150,-14222,933,9527
4958,224735,224745,-6507,-2652,-303,-863,539,-110,28661,23970,-31148,-14001,935,9528
4958,224758,224768,-6449,-2254,8,-1103,538,-99,28693,23281,-26819,-14139,930,9529
4958,224781,224791,-6108,-2037,130,-943,536,-92,28688,26352,-22317,-13815,929,9530
4958,224804,224813,-6222,-1933,-38,-735,531,-97,28687,30363,-21354,-14067,934,9531
4958,224826,224836,-6330,-1992,95,-1151,538,-97,28673,-29623,-23874,-13947,933,9532
4958,224849,224859,-6124,-1863,48,-1103,534,-97,28670,-27444,-29178,-14043,940,9533
4958,224872,224882,-6596,-1589,210,-831,534,-98,28679,-28558,32329,-13839,937,9534
4958,224895,224905,-6311,-1696,226,-543,530,-96,28681,32171,29863,-13761,933,9535
4958,224923,224933,-6315,-1774,91,-815,534,-99,28683,26436,31072,-14085,936,9536
4958,224946,224956,-6280,-1660,-110,-703,535,-99,28700,23078,-29310,-14216,936,9537
4958,224969,224979,-6366,-1998,56,-927,529,-88,28675,23748,-24987,-14043,934,9538
4958,224992,225001,-6142,-2003,-251,-1151,535,-97,28639,27921,-21653,-14007,935,9539
4958,225014,225024,-5909,-2405,-187,-735,536,-99,28661,32303,-21940,-13887,939,9540
4958,225037,225047,-6240,-2082,73,-863,533,-97,28677,-28324,-25496,-13851,927,9541
4958,225060,225070,-6161,-2085,162,-1119,537,-99,28685,-27498,-29543,-13821,932,9542
4958,225083,225093,-6481,-2127,-195,-1231,531,-98,28679,-30054,31054,-13821,934,9543
4958,225106,225116,-6131,-1877,-26,-927,529,-94,28652,31417,29551,-13929,938,9544
4958,225128,225138,-6308,-1890,-225,-639,535,-102,28662,25688,31557,-14157,934,9545
4958,225151,225161,-6126,-1680,269,-1503,535,-98,28695,23383,-30309,-14013,931,9546
4958,225174,225184,-6437,-1687,-330,-591,538,-102,28708,24173,-24808,-13803,932,9547
4958,225197,225207,-6252,-2177,-411,-1023,535,-99,28665,28418,-21743,-14007,934,9548
4958,225220,225230,-6383,-2047,83,-671,528,-94,28636,-32658,-21988,-13791,932,9549
4958,225248,225258,-6181,-2059,-511,-1151,530,-96,28657,-28264,-27400,-13911,935,9550
4958,225271,225281,-6154,-2122,276,-911,527,-97,28667,-27839,-31626,-13977,928,9551
4958,225294,225303,-6494,-2136,-36,-671,528,-104,28679,-31754,29875,-14085,935,9552
4958,225316,225326,-6377,-2054,-16,-719,535,-102,28677,29663,29713,-14007,934,9553
4958,225339,225349,-6353,-2077,-56,-1391,537,-100,28679,24592,-32602,-14288,935,9554
4958,225362,225372,-6327,-2016,53,-767,531,-94,28663,23245,-28418,-14222,935,9555
4958,225385,225395,-6328,-1844,-65,-815,527,-90,28662,25221,-23347,-13630,938,9556
4958,225408,225418,-6462,-1928,16,-1039,542,-98,28410,28897,-21623,-13648,934,9557
4958,225431,225440,-6385,-2046,-213,-1119,536,-99,28683,-30832,-22958,-13510,931,9558
4958,225453,225463,-6420,-2066,275,-1343,534,-99,28644,-27965,-26233,-13779,931,9559
4958,225476,225486,-6293,-2429,495,-863,534,-88,28660,-28031,-31830,-13917,933,9560
4958,225499,225509,-6368,-1774,-98,-927,536,-101,28703,-30803,29150,-13959,937,9561
4958,225532,225542,-6116,-2000,17,-799,531,-105,28685,26149,31240,-13911,936,9562
4958,225560,225570,-6379,-2002,-11,-383,535,-98,28680,23497,-29190,-13911,931,9563
4958,225583,225593,-6299,-2238,12,-991,535,-97,28670,25472,-24036,-13672,936,9564
4958,225606,225616,-6224,-2397,278,-815,537,-94,28671,28029,-21659,-13809,934,9565
4958,225629,225638,-6149,-1794,57,-863,539,-101,28684,-31724,-22305,-13893,936,9566
4958,225651,225661,-6321,-1944,223,-767,536,-90,28687,-28528,-25472,-13624,935,9567
4958,225674,225684,-6367,-1763,-241,-1135,541,-102,28688,-27606,-31166,-13678,932,9568
4958,225697,225707,-6056,-1896,132,-1263,528,-98,28652,-29952,30994,-13887,934,9569
4958,225720,225730,-6420,-1995,34,-463,528,-99,28656,29836,29575,-14324,933,9570
4958,225743,225753,-6348,-1870,-76,-1039,534,-98,28692,25957,31503,-13995,933,9571
4958,225766,225775,-6482,-2047,-380,-831,537,-96,28695,23150,-28699,-14258,931,9572
4958,225788,225798,-6297,-1545,-406,-1071,537,-102,28676,24119,-24592,-14186,929,9573
4958,225811,225821,-6304,-1729,-39,-591,534,-97,28664,28585,-21431,-13953,935,9574
4958,225834,225844,-6448,-1887,-252,-687,536,-98,28670,-32539,-22802,-13977,935,9575
4958,225857,225867,-6111,-1918,342,-1311,536,-98,28657,-28210,-26023,-14222,934,9576
4958,225885,225895,-6354,-1810,-556,-367,536,-94,28660,-27911,-31477,-14061,931,9577
4958,225908,225918,-6424,-1848,301,-1231,526,-97,28669,-31635,29905,-13839,939,9578
4958,225931,225940,-6266,-1973,-258,-1087,531,-97,28687,29579,31216,-13905,932,9579
4958,225953,225963,-6418,-2151,155,-1263,533,-100,28657,24610,-32459,-13731,933,9580
4958,225976,225986,-6354,-2001,-364,-959,534,-108,28667,23203,-26951,-13941,941,9581
4958,225999,226009,-6461,-2303,52,-703,530,-99,28681,25155,-23389,-14031,934,9582
4958,226022,226032,-6266,-1704,-289,-1583,530,-97,28405,30435,-21443,-13648,934,9583
4958,226052,226062,-6121,-1993,421,-623,529,-94,28676,-29695,-23916,-13582,935,9584
4958,226075,226085,-6220,-1666,314,-927,530,-104,28703,-27252,-29148,-13779,934,9585
4958,226098,226107,-6437,-1855,295,-815,528,-93,28683,-28779,32377,-13737,933,9586
4958,226120,226130,-6392,-2437,64,-495,535,-98,28664,31974,29713,-13863,932,9587
4958,226143,226153,-6279,-2292,49,-911,537,-99,28662,27615,31419,-13965,934,9588
4958,226166,226176,-5885,-1848,163,-591,535,-90,28679,23628,-30513,-14174,935,9589
4958,226189,226199,-6299,-1988,-174,-719,535,-97,28686,23802,-24766,-13755,932,9590
4958,226238,226248,-6346,-2029,-78,-1215,533,-101,28683,32662,-21665,-13785,938,9591
4958,226294,226304,-6411,-1917,-112,-1103,538,-97,28659,-28103,-32447,-13630,932,9592
4958,226350,226360,-6365,-2012,-274,-783,528,-97,28680,25766,31826,-13624,934,9593
4958,226412,226422,-6261,-2044,16,-1007,534,-98,28664,25712,-22455,-13929,933,9594
4958,226435,226445,-6005,-1938,276,-415,534,-86,28671,31507,-21629,-14067,934,9595
4958,226458,226468,-6433,-1977,-44,-591,536,-109,28668,-30096,-23640,-13797,934,9596
4958,226481,226491,-6450,-2053,230,-1231,538,-105,28678,-27468,-28753,-13827,936,9597
4958,226503,226513,-6519,-2329,-321,-623,528,-91,28657,-28342,32569,-13678,927,9598
4958,226526,226536,-6105,-1946,126,-751,539,-96,28670,32321,29725,-13725,933,9599
4958,226549,226559,-6524,-1887,-243,-575,537,-101,28622,26233,31096,-14049,935,9600
4958,226572,226582,-6292,-1923,-262,-879,530,-91,28524,23676,-30962,-13923,932,9601
4958,226594,226604,-5983,-1998,-114,-1135,530,-99,28336,23539,-25377,-14151,935,9602
4958,226617,226627,-6069,-1888,15,-911,523,-93,28087,26095,-22473,-13612,928,9603
4958,226640,226650,-6184,-2083,-553,-1007,525,-100,27810,31591,-21641,-14055,935,9604
4958,226668,226678,-5965,-1973,-375,-991,518,-88,27344,-29019,-24760,-13761,934,9605
4958,226691,226700,-5270,-1806,71,-895,499,-88,26881,-27480,-30196,-13755,932,9606
4958,226713,226723,-5557,-1624,-139,-863,499,-94,26410,-29042,31898,-13582,935,9607
4958,226736,226746,-4975,-1401,198,-1071,478,-82,25857,31854,29527,-13833,935,9608
4958,226759,226769,-4891,-1113,46,-623,473,-88,25235,27681,30395,-13869,926,9609
4958,226782,226791,-4634,-1394,-221,-831,460,-76,24551,23928,-31507,-13731,938,9610
4958,226804,226814,-4361,-987,105,-735,456,-70,23889,22952,-27879,-14097,938,9611
4958,226827,226837,-4091,-1176,158,-783,436,-69,23113,24598,-23527,-13929,937,9612
4958,226850,226860,-3904,-950,-24,-719,427,-61,22303,27424,-21635,-13911,933,9613
4958,226873,226882,-3522,-510,43,-1231,412,-62,21492,32225,-21599,-13666,936,9614
4958,226895,226905,-3307,-894,-115,-687,392,-57,20574,-30312,-23275,-13809,933,9615
4958,226918,226928,-2911,-508,-3,-1103,374,-52,19676,-27654,-26813,-14001,931,9616
4958,226941,226951,-2851,-651,-21,-735,362,-41,18765,-27127,-30100,-13929,936,9617
4958,226964,226973,-2568,-368,-1,-639,348,-41,17823,-28402,31790,-14348,938,9618
4958,226992,227001,-2205,-202,-19,-959,323,-30,16618,-31252,29713,-14139,935,9619
4958,227014,227024,-1885,-268,-32,-799,319,-22,15642,30854,29186,-13989,933,9620
4958,227037,227047,-1668,-160,58,-431,297,-21,14608,28244,29581,-14121,933,9621
4958,227060,227069,-1531,-182,62,-527,273,-19,13603,25359,31293,-14258,937,9622
4958,227082,227092,-1274,-30,-51,-815,258,-8,12626,23790,-32387,-14067,930,9623
4958,227105,227115,-1161,50,32,-1071,234,-3,11642,22862,-29741,-14474,933,9624
4958,227128,227138,-915,-65,6,-863,226,-1,10569,22784,-27681,-14282,934,9625
4958,227151,227160,-739,283,19,-591,209,3,9578,22922,-25748,-14474,934,9626
4958,227173,227183,-624,133,172,-927,194,10,8605,23790,-24251,-14378,939,9627
4958,227196,227206,-522,263,-78,-687,187,18,7591,24868,-22772,-14306,937,9628
4958,227219,227229,-464,226,-90,-943,160,19,6644,26083,-21976,-14157,939,9629
4958,227242,227251,-357,182,134,-1055,141,28,5649,27166,-21491,-14366,938,9630
4958,227264,227274,-349,176,-156,-591,134,29,4706,28448,-21156,-14282,934,9631
4958,227287,227297,-150,294,-4,-687,121,40,3758,29334,-21072,-14270,938,9632
4958,227315,227325,-34,293,-55,-895,102,30,2659,29998,-21012,-14037,936,9633
4958,227338,227348,-2,159,41,-399,90,41,1899,30645,-21072,-13821,930,9634
4958,227360,227370,36,7,2,-687,82,40,1529,30956,-21042,-13839,934,9635
4958,227383,227393,-14,-230,50,-1151,80,27,1641,31465,-21084,-13845,932,9636
4958,227406,227416,71,-117,26,-623,83,42,1553,31752,-21210,-13875,935,9637
4958,227429,227439,13,-109,-53,-1007,86,44,1634,31884,-20994,-13995,936,9638
4958,227452,227461,71,-86,-41,-847,84,41,1575,32465,-21252,-13791,930,9639
4958,227474,227484,15,0,-2,-751,80,40,1616,32465,-21282,-13797,930,9640
4958,227497,227507,81,-24,-17,-1167,82,50,1613,-32533,-21413,-13725,934,9641
4958,227520,227530,71,45,-9,-815,81,40,1585,-32096,-21611,-13708,936,9642
4958,227543,227553,13,-8,-2,-847,74,36,1641,-31790,-21713,-13731,935,9643
4958,227565,227575,4,-25,-8,-655,84,48,1584,-31665,-21946,-14139,929,9644
4958,227588,227598,-23,13,-4,-607,85,38,1641,-31138,-22120,-13785,937,9645
4958,227616,227626,-13,-65,-13,-1055,85,40,1609,-31000,-22222,-13725,929,9646
4958,227639,227649,-32,-29,-17,-463,81,45,1589,-30749,-22431,-13971,931,9647
4958,227662,227672,-47,-27,-2,-975,82,38,1623,-30479,-22587,-13815,934,9648
4958,227685,227694,-68,-10,1,-1055,89,36,1576,-30186,-22736,-13929,931,9649
4958,227707,227717,-69,9,-10,-1183,80,36,1624,-29821,-22826,-13857,933,9650
4958,227730,227740,-32,4,-13,-383,85,37,1591,-29569,-23251,-13917,937,9651
4958,227753,227763,-23,24,-12,-623,76,41,1602,-29414,-23275,-13881,935,9652
4958,227776,227786,-14,-66,-5,-991,83,37,1600,-29354,-23509,-13510,934,9653
4958,227798,227808,-29,-26,-4,-1135,82,37,1579,-28875,-23736,-13606,935,9654
4958,227821,227831,-13,-8,-6,-559,82,38,1610,-28534,-23958,-13875,936,9655
4958,227844,227854,0,-28,-8,-1247,90,41,1578,-28474,-24042,-13528,935,9656
4958,227867,227877,0,-19,-2,-927,85,37,1611,-28312,-24538,-13761,935,9657
4958,227890,227900,-10,-55,-8,-367,83,43,1579,-28150,-24724,-13606,935,9658
4958,227913,227922,-5,-16,-10,-463,90,35,1596,-28007,-24969,-13851,931,9659
4958,227941,227951,11,-10,-6,-1359,86,40,1619,-27887,-25185,-13767,931,9660
4958,227963,227973,37,-15,-8,-495,78,43,1593,-27594,-25502,-13690,934,9661
4958,227986,227996,40,-17,-14,-543,80,44,1618,-27564,-25802,-13851,932,9662
4958,228009,228019,33,-54,-10,-1359,85,41,1599,-27348,-25891,-13504,932,9663
4958,228032,228042,19,-6,0,-1023,83,34,1610,-27151,-26257,-13821,932,9664
4958,228054,228064,31,-16,-18,-735,81,48,1612,-27288,-26520,-13516,937,9665
4958,228077,228087,19,-1,-9,-623,85,43,1599,-26947,-27035,-13917,936,9666
4958,228100,228110,-7,-34,-11,-815,83,40,1621,-26983,-27244,-13935,931,9667
4958,228123,228133,-14,-34,-11,-319,81,44,1601,-26839,-27304,-14031,933,9668
4958,228146,228155,-17,172,-9,-1087,86,44,1625,-26845,-27777,-12708,931,9669
4958,228168,228178,-4,-14,-16,-415,83,37,1607,-26636,-28124,-13881,936,9670
4958,228191,228201,2,-4,-10,-879,83,36,1611,-26684,-28328,-13929,934,9671
4958,228214,228224,-2,-30,-9,-959,82,40,1615,-26636,-28861,-13941,936,9672
4958,228237,228247,-23,-13,-11,-655,83,38,1602,-26696,-28855,-13779,934,9673
4958,228265,228275,-6,-4,-10,-751,82,41,1603,-26762,-29238,-13803,935,9674
4958,228287,228297,2,-15,-6,-1183,84,44,1594,-26624,-29681,-13965,934,9675
4958,228310,228320,2,-4,-19,-1183,85,44,1605,-26684,-29890,-13725,932,9676
4958,228333,228343,-13,-40,-8,-847,84,38,1604,-26732,-30124,-13749,936,9677
4958,228356,228366,-25,-23,-11,-975,83,42,1592,-26606,-30699,-13636,933,9678
4958,228379,228388,-8,-3,-5,-287,82,36,1607,-26875,-30926,-13827,934,9679
4958,228401,228411,6,-23,-7,-1199,82,38,1588,-26833,-31261,-13893,935,9680
4958,228424,228434,7,-30,1,-607,85,36,1611,-26917,-31507,-13672,933,9681
4958,228447,228457,4,-41,-10,-783,83,35,1595,-26899,-31579,-13809,933,9682
4958,228470,228479,6,-13,-10,-799,86,41,1603,-27139,-32099,-13929,936,9683
4958,228492,228502,23,-21,-13,-959,85,36,1605,-27187,-32495,-13929,933,9684
4958,228515,228525,17,-11,-8,-863,90,32,1588,-27294,-32626,-13528,935,9685
4958,228538,228548,14,-36,-5,-1119,90,40,1610,-27342,32533,-13857,937,9686
4958,228561,228570,9,-43,-4,-607,86,45,1597,-27600,32173,-13570,934,9687
4958,228589,228599,-6,-8,-12,-1007,81,37,1608,-27749,32108,-13684,936,9688
4958,228611,228621,3,-18,-4,-623,85,43,1612,-27851,32072,-13636,939,9689
4958,228634,228644,-171,-15,-13,-751,86,42,1608,-28174,31838,-13696,934,9690
4958,228657,228667,-5,-32,-10,-975,83,41,1616,-28306,31431,-13767,934,9691
4958,228680,228689,-12,-13,-13,-959,80,40,1603,-28659,31174,-14001,935,9692
4958,228702,228712,-8,2,-10,-767,86,44,1618,-28707,30970,-13558,938,9693
4958,228725,228735,-1,-10,-13,-719,89,38,1607,-29078,30982,-13965,936,9694
4958,228748,228758,2,-13,-14,-895,83,45,1613,-29126,30623,-13582,934,9695
4958,228771,228780,-5,-17,-9,-815,84,40,1615,-29384,30413,-13779,933,9696
4958,228793,228803,-20,-1,-15,-959,84,37,1599,-29677,30198,-13630,935,9697
4958,228816,228826,-23,-2,-13,-575,86,42,1613,-29851,30030,-13558,938,9698
4958,228839,228849,-174,-10,-12,-751,91,46,1600,-30096,29940,-13737,941,9699
4958,228862,228871,-5,-19,-15,-671,78,42,1613,-30294,29791,-13486,936,9700
4958,228884,228894,-15,-26,-12,-927,83,42,1602,-30623,29761,-13642,933,9701
4958,228912,228922,0,-15,-7,-927,85,41,1595,-31078,29617,-13702,932,9702
4958,228935,228945,6,-13,-8,-767,84,40,1609,-31287,29390,-13606,933,9703
4958,228958,228968,26,-32,0,-1071,89,48,1600,-31796,29336,-13743,934,9704
4958,228988,228998,12,-18,-5,-895,85,41,1611,-31880,29114,-13971,935,9705
4958,229011,229020,-2,-15,-4,-511,84,46,1615,-32179,29048,-13773,936,9706
4958,229033,229043,4,-5,-14,-639,84,51,1603,-32323,29168,-13666,936,9707
4958,229056,229066,4,-20,-8,-799,82,44,1617,32728,29156,-13911,938,9708
4958,229079,229089,4,-27,-12,-1247,89,44,1608,32465,29019,-13773,934,9709
4958,229101,229111,-10,-25,-1,-1215,88,44,1619,32117,29114,-13737,934,9710
4958,229124,229134,-10,-28,-8,-511,89,45,1615,31938,29138,-13923,936,9711
4958,229147,229157,-8,-6,-17,-831,91,43,1610,31447,29072,-13779,936,9712
4958,229170,229179,2,-18,-16,-1071,84,41,1615,31082,29001,-14013,937,9713
4958,229192,229202,-1,-25,-2,-1119,81,50,1604,30932,29318,-13995,933,9714
4958,229215,229225,-6,-21,-8,-367,82,42,1616,30393,29078,-14109,933,9715
4958,229243,229253,-7,-17,-8,-687,86,40,1605,30118,29007,-13743,937,9716
4958,229266,229275,0,-8,-1,-991,84,43,1605,30004,28971,-13923,933,9717
4958,229288,229298,4,-21,-9,-927,88,46,1611,29579,28947,-13809,938,9718
4958,229311,229321,4,-26,0,-847,82,44,1608,29238,29102,-13522,933,9719
4958,229334,229344,-8,-22,-14,-815,82,45,1616,28950,29156,-13749,938,9720
4958,229357,229366,0,-23,-10,-1023,80,44,1603,28484,29372,-13761,935,9721
4958,229379,229389,8,-13,-16,-863,85,41,1607,28388,29491,-14001,936,9722
4958,229402,229412,7,-39,-18,-911,84,42,1609,28076,29833,-13821,936,9723
4958,229425,229435,-1,-23,-9,-927,80,49,1600,27939,29899,-14037,938,9724
4958,229448,229457,1,-22,-15,-1135,81,46,1610,27514,29964,-14133,934,9725
4958,229470,229480,4,-15,-9,-511,86,49,1599,27334,30084,-13989,937,9726
4958,229493,229503,8,-18,-13,-751,82,42,1617,26903,30342,-13690,935,9727
4958,229516,229525,14,-21,-8,-1215,82,41,1602,26777,30575,-13779,934,9728
4958,229538,229548,4,-23,-4,-863,81,36,1604,26400,30653,-13935,935,9729
4958,229559,229569,-1,-32,-11,-751,85,50,1604,26292,30970,-14019,936,9730
4958,229582,229592,4,-13,-8,-879,85,48,1608,26017,31060,-14049,937,9731
4958,229605,229614,5,-19,-12,-799,83,41,1613,25580,31305,-13821,934,9732
4958,229627,229637,9,-28,-13,-1135,85,42,1604,25436,31401,-13684,933,9733
4958,229650,229660,2,-26,-7,-623,80,43,1613,25203,31653,-13977,934,9734
4958,229673,229682,0,-19,-10,-687,76,52,1605,24844,31838,-13911,934,9735
4958,229695,229705,12,-15,-13,-895,81,42,1612,24694,32060,-14031,935,9736
4958,229718,229728,10,-26,-12,-927,78,38,1607,24586,32335,-14210,934,9737
4958,229741,229751,7,-27,-13,-1199,89,37,1610,24323,32700,-14198,935,9738
4958,229763,229773,7,-25,-15,-719,78,40,1615,24149,-32560,-14049,936,9739
4958,229786,229796,3,-21,-6,-767,82,50,1602,23820,-32501,-14067,934,9740
4958,229809,229819,5,-15,-11,-1215,83,44,1615,23652,-32171,-13779,931,9741
4958,229832,229842,7,-17,-19,-447,81,45,1617,23353,-31980,-13809,936,9742
4958,229875,229885,-8,-24,1,-943,81,46,1616,23515,-31345,-14097,936,9743
4958,229898,229908,2,-12,-1,-751,82,46,1611,23209,-31273,-14139,937,9744
4958,229921,229930,12,-19,-6,-1007,77,40,1612,23060,-30896,-14282,934,9745
4958,229943,229953,4,-6,-17,-111,82,43,1605,22988,-30722,-14228,934,9746
4958,229966,229976,2,-26,-22,-511,76,40,1616,22910,-30381,-14079,939,9747
4958,229989,229999,-4,-34,-9,-799,78,40,1605,22659,-29932,-13905,934,9748
4958,230012,230021,-5,-13,-12,-1023,80,43,1612,22641,-29974,-14103,934,9749
4958,230034,230044,1,-15,-15,-1087,82,46,1613,22742,-29459,-14504,933,9750
4958,230057,230067,2,-14,-6,-447,83,45,1617,22491,-29232,-14564,934,9751
4958,230080,230090,0,-30,-15,-1199,82,40,1615,22575,-29046,-14390,933,9752
4958,230103,230112,-13,-19,-16,-847,78,42,1610,22515,-28621,-14396,933,9753
4958,230125,230135,-7,-13,-12,-623,77,41,1613,22677,-28244,-13971,935,9754
4958,230148,230158,2,-18,-8,-879,85,44,1610,22736,-28172,-13905,933,9755
4958,230171,230181,-15,-17,-8,-479,77,41,1613,22683,-27609,-13743,938,9756
4958,230199,230209,-4,-29,-5,-943,80,46,1613,22587,-27328,-14145,936,9757
4958,230222,230232,0,-19,-11,-655,78,44,1607,22683,-27077,-14079,927,9758
4958,230245,230255,4,-8,-6,-735,82,49,1608,22629,-26753,-13672,929,9759
4958,230268,230277,6,-15,-4,-799,76,43,1609,22802,-26538,-13845,935,9760
4958,230291,230300,4,-16,-8,-431,77,41,1605,22820,-26239,-14013,934,9761
4958,230314,230323,8,-36,0,-959,78,42,1610,22635,-25981,-14091,935,9762
4958,230336,230346,2,-17,-7,-719,76,44,1610,23060,-25688,-13971,936,9763
4958,230359,230369,4,-10,-5,-527,85,41,1617,23036,-25371,-14037,939,9764
4958,230382,230392,5,-25,-13,-1023,77,37,1610,23347,-25083,-13923,935,9765
4958,230405,230415,6,-29,-17,-431,81,41,1613,23209,-24993,-14115,934,9766
4958,230428,230438,2,-19,-2,-431,80,42,1612,23587,-24473,-13779,939,9767
4958,230451,230461,7,-19,-11,-1183,81,44,1618,23676,-24419,-13743,935,9768
4958,230474,230484,6,-11,-11,-607,74,36,1615,23778,-24071,-14025,935,9769
4958,230497,230507,2,-23,-2,-655,77,40,1608,24024,-23766,-14049,934,9770
4958,230525,230535,1237,-1439,1703,-4158,-210,62,1632,24275,-23593,-13953,934,9771
4958,230548,230558,-471,30,-487,-431,61,34,1601,24473,-23227,-14001,933,9772
4958,230571,230581,263,-164,981,-399,82,58,1596,24658,-23239,-13935,935,9773
4958,230594,230604,-175,-114,63,-815,80,44,1594,24892,-22892,-13995,935,9774
4958,230617,230627,-41,13,76,-1071,83,41,1595,24933,-22718,-14001,935,9775
4958,230640,230649,26,69,244,-927,124,49,1586,25191,-22371,-13947,935,9776
4958,230663,230672,-54,-87,97,-431,59,36,1595,25382,-22419,-14264,939,9777
4958,230685,230695,22,-13,186,-1119,81,35,1594,25616,-22252,-14073,934,9778
4958,230708,230718,95,-28,118,-991,81,44,1599,25724,-22072,-13971,935,9779
4958,230731,230741,28,-35,56,-719,83,42,1617,26101,-22072,-13935,935,9780
4958,230754,230764,-64,-12,19,-687,73,41,1607,26472,-21809,-14025,926,9781
4958,230777,230787,-598,106,-21,-63,78,64,1620,26682,-21815,-14037,935,9782
4958,230800,230810,-45,-44,78,-991,81,27,1621,27095,-21563,-13755,939,9783
4958,230823,230833,134,-40,346,-1263,78,48,1613,27023,-21312,-13875,934,9784
4958,230851,230861,79,12,88,-815,75,40,1605,27574,-21162,-14025,934,9785
4958,230874,230884,-45,-63,-187,-703,82,40,1613,27783,-21006,-13983,937,9786
4958,230897,230907,-4,-47,-165,-639,80,33,1611,28070,-21012,-13588,937,9787
4958,230920,230930,15,-28,25,-847,78,36,1616,28472,-20970,-13803,933,9788
4958,230943,230953,62,13,2,-1087,81,38,1610,28717,-21180,-13731,936,9789
4958,230966,230976,28,5,-15,-703,78,38,1613,27627,-21126,-13672,936,9790
4958,230989,230999,27,0,1,-559,84,40,1613,29382,-20970,-13935,935,9791
4958,231012,231022,2,-1,-2,-655,82,26,1613,29609,-20994,-13887,933,9792
4958,231035,231044,-11,-21,-10,-1151,83,38,1609,29962,-21060,-13624,936,9793
4958,231057,231067,17,-23,-14,-975,77,40,1608,30303,-21000,-13857,937,9794
4958,231080,231090,-3,-20,-6,-687,77,33,1615,30651,-20911,-13725,940,9795
4958,231103,231113,-5,-30,-17,-1087,83,38,1611,31076,-20970,-13845,933,9796
4958,231126,231136,5,-30,-10,-959,80,38,1611,31405,-20976,-14109,934,9797
4958,231149,231159,-15,-10,-4,-687,76,36,1608,31549,-21246,-13887,934,9798
4958,231177,231187,0,-38,-12,-1071,83,41,1613,31878,-20970,-13833,932,9799
4958,231210,231220,2,0,-13,-639,78,35,1611,32590,-21108,-13690,929,9800
4958,231233,231243,-2,-19,-6,-847,83,33,1613,-32736,-21312,-13827,936,9801
4958,231256,231266,13,-27,-17,-703,85,34,1613,-32341,-21306,-13576,936,9802
4958,231279,231289,4,-18,-14,-943,85,34,1607,-32251,-21725,-14007,930,9803
4958,231302,231312,0,-19,-17,-1039,82,33,1612,-31964,-21773,-13953,936,9804
4958,231325,231335,0,-28,-11,-655,80,35,1611,-31665,-22036,-13713,930,9805
4958,231348,231358,-2,-23,-14,-1279,80,36,1612,-31210,-22258,-13785,933,9806
4958,231371,231380,-8,-17,-6,-607,85,36,1612,-31150,-22108,-14031,933,9807
4958,231393,231403,7,-26,-21,-1167,81,33,1608,-30814,-22497,-13654,936,9808
4958,231416,231426,10,-19,-14,-831,84,36,1608,-30545,-22515,-13558,935,9809
4958,231461,231470,4,-26,-6,-1135,86,34,1611,-30054,-22814,-13462,935,9810
4958,231483,231493,3,-12,-2,-1071,86,38,1615,-29737,-23084,-13504,932,9811
4958,231506,231516,-8,-6,2,-831,85,38,1615,-29593,-23503,-13384,932,9812
4958,231535,231544,10,-15,-8,-831,80,35,1611,-29234,-23287,-13528,935,9813
4958,231557,231567,5,-8,-4,-447,86,40,1611,-29198,-23814,-13731,934,9814
4958,231580,231590,2,-20,-10,-943,83,32,1617,-28959,-23946,-13474,930,9815
4958,231603,231613,2,-19,-7,-703,90,41,1613,-28779,-24269,-13749,933,9816
4958,231626,231636,3,-19,-11,-943,92,38,1613,-28522,-24425,-13546,935,9817
4958,231649,231659,-1,-24,-12,-1295,88,36,1612,-28342,-24766,-13492,935,9818
4958,231672,231681,2,-36,-9,-991,85,35,1610,-28270,-24886,-13588,933,9819
4958,231694,231704,2,-19,-10,-1263,91,34,1615,-28168,-25131,-13672,939,9820
4958,231717,231727,0,-16,-8,-655,86,36,1612,-27989,-25526,-13360,933,9821
4958,231740,231750,1,-29,-8,-559,82,37,1612,-27773,-25790,-13582,934,9822
4958,231763,231773,2,-28,-13,-863,82,35,1613,-27839,-25969,-13881,935,9823
4958,231786,231796,1,-19,-6,-1167,88,32,1607,-27330,-26490,-13755,934,9824
4958,231809,231819,3,-29,-10,-815,90,38,1613,-27576,-26765,-13887,936,9825
4958,231844,231854,-3,-19,-17,-831,90,35,1613,-27049,-27244,-13678,938,9826
4958,231867,231877,3,-21,-8,-799,81,35,1611,-27091,-27532,-13785,935,9827
4958,231890,231900,10,-26,1,-1039,88,38,1617,-26929,-27592,-14019,937,9828
4958,231913,231923,3,-18,-6,-1167,88,37,1613,-26744,-27921,-13672,931,9829
4958,231936,231945,2,-17,-12,-1087,86,40,1608,-26803,-28082,-13253,935,9830
4958,231958,231968,3,-21,-4,-751,85,38,1613,-26768,-28280,-13576,938,9831
4958,231981,231991,-3,-8,-6,-607,86,37,1619,-26768,-28669,-13576,937,9832
4958,232004,232014,4,-8,-4,-575,90,41,1616,-26600,-29058,-13737,933,9833
4958,232027,232036,4,-17,-11,-575,83,45,1612,-26887,-29340,-13965,937,9834
4958,232050,232059,1,-23,-10,-511,82,41,1609,-26732,-29591,-14049,934,9835
4958,232072,232082,2,-16,-12,-687,84,38,1612,-26780,-29771,-14019,945,9836
4958,232095,232105,2,-15,0,-943,90,42,1611,-26869,-30190,-14228,934,9837
4958,232118,232128,0,-18,-6,-1071,88,35,1611,-26803,-30279,-13779,932,9838
4958,232141,232151,2,-23,0,-959,91,36,1615,-27043,-30818,-13965,935,9839
4958,232169,232179,2,-21,-7,-1023,82,43,1612,-27163,-31273,-13989,937,9840
4958,232192,232201,-2,-19,-7,-719,83,42,1613,-27169,-31585,-13773,934,9841
4958,232214,232224,0,-18,-3,-687,83,43,1615,-27121,-31740,-14055,935,9842
4958,232237,232247,2,-15,-4,-1055,91,44,1611,-27366,-32093,-13702,937,9843
4958,232260,232270,1,-17,-4,-831,88,40,1613,-27725,-32207,-13797,935,9844
4958,232283,232293,2,-21,-9,-463,91,38,1605,-27486,-32596,-13731,931,9845
4958,232306,232315,3,-18,166,-1007,92,40,1616,-27779,32569,-13618,936,9846
4958,232328,232338,2,-13,-8,-623,84,43,1613,-27869,32527,-13845,937,9847
4958,232351,232361,2,-13,-9,-799,86,48,1609,-28156,32203,-13725,937,9848
4958,232374,232384,4,-17,-6,-671,88,46,1615,-28186,32024,-13851,938,9849
4958,232397,232407,-8,-27,-11,-1007,84,42,1610,-28528,31856,-14043,940,9850
4958,232420,232429,0,-19,-7,-1103,80,46,1615,-28366,31623,-13887,936,9851
4958,232442,232452,2,-19,-4,-415,92,41,1615,-28785,31347,-13995,936,9852
4958,232465,232475,-3,-16,-4,-463,92,44,1610,-28911,30958,-13995,933,9853
4958,232493,232503,1,-21,-11,-1055,92,48,1613,-29276,31192,-14151,937,9854
4958,232516,232526,0,-18,0,-863,89,40,1620,-29533,30701,-14037,937,9855
4958,232539,232549,-6,-13,-13,-1199,85,48,1612,-29515,30497,-13857,936,9856
4958,232562,232572,2,-26,-10,-495,89,48,1618,-29635,30455,-13977,936,9857
4958,232585,232594,7,-13,-4,-719,92,41,1613,-30006,30288,-13857,938,9858
4958,232608,232617,-172,-18,-5,-1119,89,44,1615,-30419,30108,-13881,937,9859
4958,232630,232640,0,-26,-1,-959,89,49,1611,-30569,29815,-13917,937,9860
4958,232653,232663,-2,-17,-5,-831,85,45,1612,-30749,29857,-14168,935,9861
4958,232676,232686,-6,-21,-19,-815,84,42,1613,-31120,29719,-13935,935,9862
4958,232699,232709,2,-26,-10,-1183,89,48,1616,-31257,29629,-13947,937,9863
4958,232722,232732,2,-19,-9,-799,81,42,1615,-31712,29641,-14049,940,9864
4958,232745,232754,0,-20,-4,-367,86,44,1617,-31982,29569,-13833,934,9865
4958,232767,232777,1,-17,-8,-511,90,45,1609,-32239,29551,-14049,935,9866
4958,232790,232800,-8,-8,-6,-831,91,46,1608,-32455,29509,-14145,932,9867
4958,232818,232828,0,-10,-5,-1119,89,46,1621,32554,29306,-14151,930,9868
4958,232841,232851,6,-17,-10,-815,89,48,1616,32357,29372,-14097,933,9869
4958,232864,232874,-3,-21,-6,-719,89,44,1619,31950,29096,-14258,930,9870
4958,232887,232897,2,-11,-10,-831,86,48,1613,31824,29156,-14162,938,9871
4958,232910,232919,0,-19,-19,-687,84,45,1613,31680,29330,-14127,937,9872
4958,232932,232942,2,-20,-10,-1071,96,42,1611,31345,29168,-14318,936,9873
4958,232955,232965,6,-23,-13,-367,93,46,1618,30974,29521,-14264,936,9874
4958,232978,232988,2,-17,-5,-1375,84,42,1610,30633,29330,-14157,936,9875
4958,233001,233011,2,-23,-6,-511,80,45,1616,30339,29611,-14073,935,9876
4958,233024,233034,3,-10,0,-527,91,43,1616,30010,29539,-14234,938,9877
4958,233047,233056,3,-19,-10,-575,80,42,1611,29651,29695,-14061,934,9878
4958,233069,233079,7,-15,-10,-959,88,40,1613,29280,29653,-14210,936,9879
4958,233092,233102,0,-32,-13,-1135,85,50,1617,29070,29635,-14097,936,9880
4958,233115,233125,3,-22,-8,-1343,85,46,1613,28813,29665,-14103,936,9881
4958,233143,233153,0,-20,-8,-863,81,37,1613,28364,29851,-13989,936,9882
4958,233166,233176,1,-19,-11,-1071,80,48,1612,28148,30132,-13767,935,9883
4958,233189,233199,1,-19,0,-671,82,49,1613,27741,30150,-14085,933,9884
4958,233212,233222,2,-21,-7,-655,84,48,1617,27484,30144,-14025,931,9885
4958,233235,233245,0,-16,-8,-911,83,46,1613,27262,30497,-13929,932,9886
4958,233258,233267,2,-19,-8,-927,81,45,1618,27214,30467,-14043,936,9887
4958,233280,233290,0,-24,0,-703,85,48,1610,26514,30557,-14204,933,9888
4958,233303,233313,0,-15,-6,-863,83,49,1613,26340,30814,-14264,932,9889
4958,233326,233336,1,-19,-2,-831,82,40,1610,26107,30850,-14468,936,9890
4958,233349,233359,0,-22,-17,-655,81,45,1613,25855,31234,-14210,937,9891
4958,233372,233382,0,-21,-4,-767,81,43,1609,25664,31281,-14103,936,9892
4958,233395,233404,3,-10,-8,-1103,82,45,1610,25454,31629,-14228,933,9893
4958,233418,233427,5,-18,-1,-975,80,42,1615,25215,31916,-13977,934,9894
4958,233440,233450,-2,-14,1,-1183,83,45,1612,24945,32108,-14133,934,9895
4958,233469,233478,1,-19,-5,-735,80,48,1610,24724,32251,-14019,936,9896
4958,233491,233501,1,-19,-7,-383,81,48,1612,24586,32652,-14139,933,9897
4958,233514,233524,2,-22,-7,-271,76,45,1615,24389,-32686,-14456,938,9898
4958,233537,233547,2,-21,-12,-591,77,44,1611,24389,-32441,-14186,936,9899
4958,233560,233570,0,-18,-4,-559,73,40,1611,24155,-32399,-14151,937,9900
4958,233583,233592,2,-17,-11,-1103,75,50,1617,23754,-31938,-14240,937,9901
4958,233605,233615,3,-26,-2,-831,81,41,1611,23569,-31549,-14390,936,9902
4958,233628,233638,2,-19,1,-1183,76,45,1610,23461,-31501,-14073,934,9903
4958,233651,233661,2,-17,-8,-559,78,44,1616,23311,-31219,-14318,937,9904
4958,233674,233684,2,-22,-8,-1199,78,43,1611,23485,-30878,-14468,940,9905
4958,233697,233707,0,-15,0,-1135,80,45,1615,23227,-30693,-14264,933,9906
4958,233720,233729,4,-21,-6,-431,78,42,1613,23102,-30262,-14151,934,9907
4958,233742,233752,0,-14,-6,-575,80,45,1612,23144,-29860,-14390,937,9908
4958,233771,233780,2,-23,-1,-671,76,41,1617,23138,-29561,-14246,933,9909
4958,233793,233803,2,-26,-4,-431,75,46,1609,22611,-29370,-14264,933,9910
4958,233816,233826,-9,-20,-2,-863,76,42,1613,22551,-29118,-13917,936,9911
4958,233839,233849,-2,-18,-8,-719,77,43,1612,22730,-28621,-14210,937,9912
4958,233862,233872,8,-23,-5,-863,75,44,1609,22533,-28501,-14019,936,9913
4958,233885,233895,-172,-17,-7,-815,80,41,1613,22539,-28088,-13983,932,9914
4958,233908,233918,3,-15,-13,-1039,88,45,1608,22485,-27975,-14049,935,9915
4958,233931,233940,2,-13,-11,-671,78,41,1616,22629,-27538,-13887,936,9916
4958,233953,233963,0,-14,-1,-735,78,43,1613,22772,-27166,-14025,933,9917
4958,233976,233986,0,-17,-2,-783,77,44,1612,22599,-27113,-13935,936,9918
4958,233999,234009,2,-15,0,-671,76,41,1612,22760,-26771,-14043,937,9919
4958,234022,234032,2,-21,-13,-1023,81,36,1613,22760,-26394,-14067,934,9920
4958,234045,234055,4,-23,-5,-559,80,43,1617,22736,-26035,-13666,936,9921
4958,234068,234077,0,-14,-8,-975,81,48,1613,22946,-25796,-13905,934,9922
4958,234096,234106,0,-17,-12,-367,80,44,1617,23030,-25442,-13923,934,9923
4958,234119,234128,3,-17,-14,-463,82,41,1611,23239,-25281,-13917,935,9924
4958,234141,234151,6,-18,-7,-847,81,36,1611,23173,-24826,-14025,937,9925
4958,234164,234174,0,-19,-7,-527,80,43,1610,23455,-24748,-13911,939,9926
4958,234187,234197,2,-16,-5,-767,73,38,1609,23616,-24646,-13959,933,9927
4958,234210,234220,6,-12,-5,-687,82,40,1611,23634,-24425,-14270,937,9928
4958,234233,234243,0,-19,-4,-1023,77,38,1613,23802,-24215,-14085,934,9929
4958,234256,234265,2,-18,174,-479,76,40,1609,23862,-23778,-14115,939,9930
4958,234278,234288,6,-23,0,-399,76,36,1611,24281,-23754,-13899,933,9931
4958,234301,234311,0,-14,-4,-975,76,40,1613,24167,-23371,-13815,934,9932
4958,234324,234334,0,-19,-11,-959,80,43,1616,24269,-23299,-13869,935,9933
4958,234347,234357,2,-16,-8,-799,75,41,1611,24694,-22952,-14174,935,9934
4958,234370,234380,-2,-26,-4,-671,82,38,1613,24652,-22874,-14067,929,9935
4958,234393,234402,-2,-8,-3,-911,77,44,1616,25011,-22868,-13929,937,9936
4958,234421,234431,-3,-18,-7,-591,74,41,1612,25317,-22497,-13666,937,9937
4958,234444,234453,1,-15,-4,-927,77,38,1612,25616,-22192,-13708,936,9938
4958,234466,234476,3,-21,-6,-607,78,38,1610,25933,-22353,-13600,932,9939
4958,234489,234499,0,-19,-13,-1135,82,40,1617,26101,-21934,-13725,936,9940
4958,234512,234522,3,-21,-6,-735,81,43,1616,26257,-21934,-13678,938,9941
4958,234535,234545,4720,-1395,-739,-351,-130,81,1612,26717,-21743,-13923,933,9942
4958,234558,234567,-172,-12,166,-751,78,27,1619,26945,-21659,-13767,937,9943
4958,234580,234590,-43,57,393,-767,75,41,1620,26759,-21695,-13330,933,9944
4958,234603,234613,-184,67,76,-111,78,42,1621,26556,-21348,-14067,932,9945
4958,234626,234636,-109,-26,126,-1087,110,38,1626,26029,-21204,-14755,933,9946
4958,234649,234659,36,-24,43,-1055,78,38,1616,25867,-21114,-16360,933,9947
4958,234679,234689,10,-14,-43,-463,82,40,1626,26688,-21623,-18114,928,9948
4958,234702,234712,17,-35,11,-927,85,44,1616,28340,-22114,-18263,934,9949
4958,234725,234735,-10,-19,-8,-511,81,41,1619,29268,-22515,-17299,933,9950
4958,234753,234763,6,-19,-14,-383,83,37,1627,30160,-21665,-15025,937,9951
4958,234776,234785,25,-18,-2,-943,83,36,1617,29974,-21473,-14809,935,9952
4958,234798,234808,10,-24,-19,-719,82,36,1624,30106,-21503,-14450,936,9953
4958,234821,234831,13,-24,-17,-895,81,42,1619,30285,-21377,-14444,934,9954
4958,234844,234854,5,-39,-14,-655,82,41,1618,30573,-21461,-14605,932,9955
4958,234867,234877,19,-26,-4,-1167,74,33,1621,30740,-21563,-15102,933,9956
4958,234890,234899,13,-10,-2,-255,84,40,1617,31297,-21473,-15210,939,9957
4958,234912,234922,5,-16,-9,-927,77,43,1620,31573,-21617,-14965,938,9958
4958,234935,234945,-5,-36,-14,-703,73,36,1616,31914,-21485,-14917,937,9959
4958,234958,234968,6,-25,-1,-783,80,43,1617,32357,-21551,-15132,936,9960
4958,234981,234991,4,-20,-9,-879,80,41,1618,32506,-21749,-15282,936,9961
4958,235004,235013,0,-26,-19,-447,84,35,1616,-32742,-22018,-15066,935,9962
4958,235026,235036,-6,-21,-12,-559,78,37,1621,-32539,-22054,-15150,933,9963
4958,235049,235059,3,-31,-5,-623,81,36,1621,-32072,-22413,-15162,934,9964
4958,235077,235087,4,-13,-10,-831,88,41,1620,-31593,-22275,-15300,933,9965
4958,235100,235110,2,-8,-11,-559,85,34,1618,-31371,-22557,-15246,939,9966
4958,235123,235133,0,-12,-13,-847,77,36,1611,-31018,-22766,-15222,937,9967
4958,235146,235156,-2,-19,-10,-543,82,40,1623,-30767,-22772,-15210,933,9968
4958,235169,235178,5,-22,-13,-511,85,34,1621,-30641,-22922,-15180,933,9969
4958,235191,235201,3,-15,-7,-799,83,37,1619,-30431,-23120,-15222,939,9970
4958,235214,235224,-2,-19,-12,-1055,80,35,1619,-30114,-23287,-15096,933,9971
4958,235237,235247,0,-24,-5,-623,90,36,1616,-30144,-23640,-15102,933,9972
4958,235260,235270,2,-21,-15,-1119,82,40,1620,-29743,-23748,-15168,934,9973
4958,235283,235293,-9,-17,-3,-991,76,34,1621,-29659,-23868,-15228,933,9974
4958,235306,235315,-2,-20,-4,-927,84,30,1615,-29258,-24287,-15114,936,9975
4958,235328,235338,2,-23,-2,-415,85,38,1621,-29036,-24395,-15126,934,9976
4958,235351,235361,2,-15,-4,-799,86,38,1619,-28947,-24658,-15246,935,9977
4958,235374,235384,2,-7,-6,-1071,81,38,1618,-28677,-24922,-15180,935,9978
4958,235402,235412,0,-13,-2,-655,86,35,1621,-28546,-25209,-15234,939,9979
4958,235425,235435,-8,-15,-15,-1199,80,35,1613,-28474,-25478,-15264,934,9980
4958,235448,235458,1,-12,-15,-447,83,40,1617,-28240,-25658,-14929,936,9981
4958,235471,235481,0,-19,-5,-703,82,41,1618,-28013,-25843,-15246,933,9982
4958,235494,235503,-10,-10,-18,-911,82,40,1621,-27821,-26095,-15318,931,9983
4958,235516,235526,5,-17,-6,-1183,83,42,1625,-27731,-26388,-15168,937,9984
4958,235539,235549,-1,-19,-4,-1055,82,32,1619,-27809,-26616,-14893,930,9985
4958,235562,235572,-3,-10,-18,-1183,85,33,1612,-27725,-26963,-15252,939,9986
4958,235585,235595,2,-19,-3,-431,83,40,1617,-27336,-27418,-15192,936,9987
4958,235608,235618,171,-15,-8,-511,85,36,1612,-27456,-27568,-15515,934,9988
4958,235631,235640,0,-15,-4,-767,82,41,1617,-27163,-27693,-15372,935,9989
4958,235653,235663,6,-17,-12,-879,83,34,1612,-27103,-28106,-15174,933,9990
4958,235676,235686,-6,-13,-14,-607,83,36,1621,-27300,-28436,-15138,939,9991
4958,235704,235714,-1,-18,-172,-783,88,38,1621,-27019,-28711,-15156,931,9992
4958,235727,235737,5,-18,-15,-767,88,42,1619,-27264,-29022,-15366,933,9993
4958,235750,235760,0,-20,-12,-799,83,41,1623,-27049,-29501,-15695,938,9994
4958,235773,235783,3,-15,-8,-815,85,40,1618,-27258,-29507,-15569,937,9995
4958,235796,235805,2,-23,-18,-911,85,37,1617,-27217,-29872,-15096,934,9996
4958,235818,235828,2,-11,-4,-719,85,42,1613,-27169,-30142,-15497,933,9997
4958,235841,235851,-6,-15,-8,-735,88,35,1619,-27121,-30495,-15396,935,9998
4958,235864,235874,1,-14,-4,-991,86,38,1618,-27187,-30591,-15234,937,9999
4958,235887,235897,2,-25,-6,-815,86,42,1619,-27336,-30920,-15318,935,10000
4958,235910,235920,2,-19,-6,-511,85,37,1619,-27444,-31273,-15312,939,10001
4958,235932,235942,0,-23,-2,-527,82,38,1626,-27510,-31692,-15282,936,10002
4958,235955,235965,0,-20,-14,-751,88,36,1616,-27648,-31806,-15605,935,10003
4958,235978,235988,1,-18,-2,-591,86,40,1620,-27767,-32141,-15390,935,10004
4958,236001,236011,0,-19,-9,-399,89,41,1616,-27666,-32632,-15444,938,10005
4958,236029,236039,-7,-18,0,-799,84,43,1626,-27791,32682,-15611,936,10006
4958,236052,236062,3,-14,0,-863,86,37,1621,-28061,32461,-15533,935,10007
4958,236075,236085,-2,-8,-6,-895,83,41,1620,-28360,32191,-15677,937,10008
4958,236098,236107,4,-17,-8,-751,86,40,1623,-28432,31988,-15503,937,10009
4958,236120,236130,4,-11,-7,-895,85,37,1613,-28623,31820,-15372,936,10010
4958,236143,236153,3,-19,-12,-719,88,41,1623,-28641,31473,-15246,935,10011
4958,236166,236176,4,-26,-9,-1007,81,46,1620,-28797,31419,-15390,936,10012
4958,236189,236199,0,-23,-9,-575,85,46,1613,-29204,31263,-15509,937,10013
4958,236212,236221,-2,-23,0,-655,83,44,1620,-29228,31144,-15462,936,10014
4958,236234,236244,-1,-17,-10,-687,90,41,1620,-29611,31018,-15312,934,10015
4958,236257,236267,2,-15,-14,-847,85,49,1620,-29755,30779,-15330,935,10016
4958,236280,236290,2,-22,-3,-703,82,40,1620,-29857,30539,-15492,936,10017
4958,236303,236313,2,-17,-5,-767,86,40,1618,-30300,30383,-15372,941,10018
4958,236326,236336,2,-20,-2,-319,88,46,1623,-30431,30300,-15450,937,10019
4958,236354,236364,-6,-15,-13,-703,89,42,1620,-30689,30084,-15605,937,10020
4958,236377,236386,1,-15,0,-879,86,42,1615,-31006,29964,-15246,936,10021
4958,236399,236409,7,-20,-4,-527,86,43,1616,-31186,29647,-15450,934,10022
4958,236422,236432,172,-9,-12,-1103,89,40,1620,-31635,29485,-15366,938,10023
4958,236445,236455,3,-17,1,-815,89,48,1625,-31677,29677,-15288,936,10024
4958,236468,236478,3,-23,-9,-671,88,41,1619,-31892,29527,-15276,934,10025
4958,236491,236501,0,-8,-3,-655,91,42,1621,-32359,29623,-15557,937,10026
4958,236514,236523,-32,13,-47,-847,82,37,1615,-32598,29318,-15605,938,10027
4958,236536,236546,-103,198,-78,-575,88,46,1619,32477,29288,-15929,937,10028
4958,236733,236743,23,-13,-71,-783,82,42,1621,30034,29468,-15569,929,10030
4958,236910,236920,-15,-38,30,-831,83,43,1618,27729,29779,-15336,932,10032
4958,237083,237092,15,-25,-60,-1183,80,50,1621,25508,31275,-15384,907,10034
4958,237258,237268,14,125,-98,-591,83,43,1616,24305,-32303,-15492,907,10036
4958,237435,237445,-52,-15,-117,-719,77,44,1623,23012,-30561,-15216,903,10038
4958,237621,237631,38,-5,-33,-735,80,43,1620,22467,-28214,-15234,907,10040
4958,237796,237806,53,-19,45,-1343,74,37,1619,22940,-26095,-15497,911,10042
4958,237971,237981,26,0,-82,-895,82,41,1624,24042,-24000,-15497,903,10044
4958,238148,238158,28,-10,-91,-719,77,33,1620,25406,-22575,-15533,926,10046
4958,238322,238332,31,-13,-104,-1007,77,36,1621,27346,-21659,-15653,912,10048
4958,238503,238513,94,-64,-20,-367,80,36,1615,29771,-21150,-15521,912,10050
4958,238679,238689,-6,2,8,-623,81,42,1618,31974,-21407,-15246,916,10052
4958,238858,238867,11,13,-189,-767,80,35,1612,-31443,-22084,-15444,913,10054
4958,239033,239043,17,2,129,-895,80,40,1623,-29408,-24042,-14989,903,10056
4958,239208,239218,-8,-5,110,-559,82,36,1621,-28115,-25622,-15354,914,10058
4958,239393,239403,4,-13,-173,-351,91,40,1621,-27426,-27747,-15072,902,10060
4958,239568,239578,28,-71,-171,-655,89,38,1617,-27294,-29759,-15468,912,10062
4958,239740,239750,-117,0,-263,-511,84,41,1620,-28133,-31962,-15509,915,10064
4958,239923,239933,-175,-21,-7,-815,91,42,1612,-28941,31431,-15462,914,10066
4958,240102,240112,-2,-13,-1,-879,84,43,1623,-30743,30318,-15695,904,10068
4958,240277,240287,-45,20,-39,-799,85,46,1627,32698,29497,-15414,902,10070
4958,240452,240462,-4,-13,-7,-863,83,41,1619,30549,29587,-15545,900,10072
4958,240629,240639,2,-13,-10,-719,83,45,1623,28100,29958,-15731,912,10074
4958,240804,240814,-2,-19,-7,-447,84,41,1621,26143,31222,-15533,910,10076
4958,240978,240987,0,-9,-6,-255,82,46,1624,24556,32634,-15629,917,10078
4958,241159,241169,-1,-20,-9,-639,78,37,1623,23467,-30519,-15665,909,10080
4958,241336,241346,2,-20,2,-895,81,43,1624,23078,-28519,-15384,928,10082
4958,241511,241521,0,-18,-19,-1183,82,35,1625,23191,-26191,-15623,925,10084
4958,241686,241696,0,-14,-1,-1039,80,37,1621,24024,-24520,-15641,920,10086
4958,241864,241873,-2,-19,-10,-591,80,40,1620,25520,-23072,-15875,920,10088
4958,242039,242048,0,-20,-2,-879,81,36,1619,27190,-21994,-15306,915,10090
4958,242213,242223,2,-20,-7,-1055,80,37,1617,29298,-21491,-15743,907,10092
4958,242386,242395,4,-18,-1,-1215,83,36,1620,31638,-21539,-15450,922,10094
4958,242563,242573,0,-10,-6,-911,88,35,1620,-31790,-22545,-15156,920,10096
4958,242738,242748,-171,-20,-4,-799,86,40,1616,-29875,-23766,-15587,922,10098
4958,242913,242923,-3,-17,-8,-799,84,42,1619,-28474,-25311,-15396,911,10100
4958,243091,243100,-1,-46,0,-511,85,35,1621,-27678,-27621,-15204,906,10102
4958,243266,243275,-60,-1,-6,-911,83,41,1615,-27247,-29555,-15372,902,10104
4958,243441,243451,2,0,-11,-1071,86,42,1612,-27755,-31704,-15426,924,10106
4958,243615,243625,15,-32,-6,-1279,88,36,1621,-28845,32060,-15312,913,10108
4958,243800,243809,4,-21,-11,-975,82,45,1617,-30389,30593,-15156,904,10110
4958,243975,243985,-8,-6,-36,-799,89,43,1610,-32353,29845,-15438,926,10112
4958,244150,244160,2,-9,-13,-399,80,45,1608,31136,29575,-15312,909,10114
4958,244325,244335,3,-22,-6,-751,83,49,1608,28693,30036,-15222,903,10116
4958,244504,244514,-4,-14,-19,-399,80,44,1610,26735,30892,-15252,919,10118
4958,244679,244689,1,-21,-8,-831,82,44,1613,24832,32329,-15659,905,10120
4958,244854,244864,6,-26,-6,-847,75,43,1612,23610,-31249,-15414,922,10122
4958,245030,245040,2,-16,-8,-895,78,46,1605,23161,-29142,-15408,905,10124
4958,245205,245215,4,-17,-14,-687,76,40,1613,23215,-27053,-15342,903,10126
4958,245381,245390,2,-16,1,-863,76,41,1617,23898,-25095,-15438,929,10128
4958,245563,245573,-174,-19,-10,-1263,82,40,1605,24862,-23275,-15444,906,10130
4958,245742,245752,-3,-28,-6,-639,81,40,1613,26652,-22240,-15060,925,10132
4958,245917,245927,4,-17,-17,-623,75,36,1617,28657,-21611,-15438,912,10134
4958,246092,246102,-4,-21,-11,-511,83,38,1610,30818,-21527,-15210,906,10136
4958,246279,246288,2,-19,-15,-863,76,30,1605,-32425,-22263,-15240,907,10138
4958,246454,246463,2,-15,0,-815,80,36,1611,-30395,-23479,-14839,915,10140
4958,246629,246639,4,-23,-2,-623,88,45,1616,-28959,-25263,-15162,910,10142
4958,246804,246814,-2,-16,-8,-751,86,42,1610,-28031,-26801,-15192,910,10144
4958,246981,246991,1,-28,-5,-719,89,37,1609,-27612,-28909,-15019,908,10146
4958,247156,247166,0,-21,-5,-911,88,40,1613,-27642,-30950,-15240,904,10148
4958,247331,247341,3,-15,-19,-719,83,44,1617,-28432,32616,-15072,907,10150
4958,247516,247526,1,-21,2,-783,85,48,1608,-30210,31275,-15138,906,10152
4958,247689,247698,-3,-9,-2,-607,88,41,1608,-31886,30048,-15306,905,10154
4958,247864,247874,2,-19,-12,-575,88,45,1609,31369,29785,-15474,915,10156
4958,248039,248049,-1,-21,-10,-783,84,49,1609,29304,29899,-15623,906,10158
4958,248216,248226,-4,-19,-8,-463,78,48,1608,27208,30527,-15677,929,10160
4958,248391,248401,4,-21,-6,-431,82,44,1615,25604,31844,-15623,921,10162
4958,248566,248576,4,-14,-13,-815,82,41,1611,23970,-31962,-15731,905,10164
4958,248743,248753,2,-23,-2,-751,78,44,1610,23012,-29938,-15426,934,10166
4958,248926,248936,2,-25,-13,-431,84,42,1608,23209,-27478,-15982,909,10168
4958,249101,249111,2,-24,-9,-943,78,35,1608,23383,-25778,-15773,912,10170
4958,249276,249286,-3,-15,2,-943,78,34,1610,24550,-24149,-15521,907,10172
4958,249453,249463,3,-25,-8,-735,77,40,1615,25861,-22850,-15318,933,10174
4958,249628,249638,-10,-18,163,-495,76,37,1619,27837,-21820,-15013,912,10176
4958,249804,249813,12,-19,0,-687,84,33,1612,29992,-21701,-15126,927,10178
4958,249988,249998,3,-15,0,-511,83,35,1610,32393,-22054,-15216,915,10180
4958,250167,250177,0,-14,-9,-831,90,41,1611,-31186,-23138,-15551,905,10182
4958,250340,250350,2,-14,-8,-575,86,38,1617,-29521,-24688,-14917,904,10184
4958,250515,250525,-10,-21,-10,-783,85,42,1612,-28306,-26442,-15072,917,10186
4958,250692,250702,0,-17,-4,-1151,82,37,1609,-27785,-28196,-14809,912,10188
4958,250867,250877,1,-18,-3,-879,85,45,1610,-27941,-30555,-14881,921,10190
4958,251042,251052,11,-39,-23,-607,88,41,1605,-28366,-32393,-15054,911,10192
4958,251217,251227,-170,-54,17,-1087,93,34,1588,-29533,31605,-15096,904,10194
4958,251396,251406,-30,22,6,-175,97,46,1578,-31455,30443,-15426,932,10196
4958,251579,251588,-4,-7,-38,-703,94,57,1572,32201,30012,-15198,904,10198
4958,251753,251763,167,-4,0,-639,94,57,1579,30202,29677,-15366,907,10200
4958,251931,251941,-4,-16,-13,-1167,85,56,1572,28058,30186,-15306,906,10202
4958,252106,252116,1,-1,-9,-559,83,57,1577,26233,31281,-15462,905,10204
4958,252281,252291,-10,-13,0,-815,74,53,1577,24951,-32512,-15360,922,10206
4958,252456,252466,1,-35,0,-575,76,57,1577,23832,-30890,-15198,904,10208
4958,252633,252643,-1,-19,0,-767,72,53,1579,23347,-29094,-15486,921,10210
4958,252808,252818,8,-22,-7,-943,65,51,1567,23634,-27107,-14983,917,10212
4958,252981,252991,3,-17,20,-1071,72,45,1572,23988,-25323,-15162,911,10214
4958,253159,253169,0,-14,-17,-383,68,45,1570,24886,-23994,-15294,908,10216
4958,253334,253344,71,-10,-54,-847,67,36,1572,26245,-22832,-15090,914,10218
4958,253509,253519,-9,-41,154,-719,69,30,1577,28058,-22162,-15444,914,10220
4958,253684,253694,-1,-15,-5,-655,70,22,1568,29801,-22072,-14863,923,10222
4958,253861,253871,-32,-28,-17,-991,75,30,1575,32159,-22569,-15138,908,10224
4958,254036,254046,4,-21,0,-1295,80,18,1575,-31784,-23185,-15366,922,10226
4958,254219,254229,0,-13,-20,-495,85,24,1578,-30294,-24215,-15025,925,10228
4958,254396,254406,-1,-17,-4,-623,85,28,1576,-29318,-25921,-15234,928,10230
4958,254572,254581,2,-34,-39,-719,98,32,1577,-28863,-27741,-15198,908,10232
4958,254747,254757,-6,-19,-9,-527,98,35,1575,-28695,-29591,-15372,921,10234
4958,254922,254932,-128,-82,-11,-1311,100,36,1575,-29132,-31363,-15264,907,10236
4958,255107,255117,6,-8,-2,-1023,101,43,1577,-30144,-32620,-15288,905,10238
4958,255282,255292,2,-14,0,-671,102,50,1571,-31150,31916,-15617,923,10240
4958,255457,255467,-2,-14,165,-511,94,51,1569,32435,31252,-15204,916,10242
4958,255630,255640,4,-15,-8,-575,93,57,1575,30597,31036,-15114,902,10244
4958,255816,255826,0,-16,171,-623,81,60,1563,28633,31210,-15821,925,10246
4958,256013,256023,108,120,-133,-943,81,59,1577,26999,32251,-15336,915,10248
4958,256188,256198,-22,-65,47,-591,74,62,1578,25766,-32052,-15659,906,10250
4958,256365,256375,-8,-110,-22,-767,76,54,1578,24628,-30585,-15420,930,10252
4958,256540,256550,65,19,-173,-703,65,59,1561,24179,-28879,-15426,930,10254
4958,256715,256725,-13,-6,23,-815,62,45,1572,24095,-27166,-15228,911,10256
4958,256898,256908,19,-27,-15,-735,65,50,1570,24598,-25574,-15533,906,10258
4958,257077,257086,24,14,51,-783,64,43,1575,25382,-24329,-15414,926,10260
4958,257252,257262,8,-35,15,-783,54,34,1567,26628,-23551,-15551,913,10262
4958,257427,257437,14,-12,-167,-575,67,28,1561,28214,-22623,-15240,913,10264
4958,257604,257614,-21,-173,-21,-623,66,22,1564,29854,-22491,-15102,914,10266
4958,257779,257789,-168,-17,0,-351,75,24,1568,31632,-22826,-15174,928,10268
4958,257954,257964,-18,-50,-4,-1183,81,25,1572,-32401,-23694,-15456,929,10270
4958,258129,258139,-6,4,0,-1295,84,24,1573,-31066,-26053,-15204,924,10272
4958,258306,258316,10,-4,27,-783,90,22,1575,-29815,-26017,-15480,915,10274
4958,258481,258491,-28,-23,-22,-959,91,33,1570,-29300,-27657,-15647,916,10276
4958,258656,258666,44,69,-17,-1055,92,37,1562,-29156,-28891,-15216,907,10278
4958,258833,258843,0,32,4,-799,102,36,1569,-29479,-30830,-15054,907,10280
4958,259009,259018,20,-25,-11,-847,98,46,1569,-30300,-31824,-15258,910,10282
4958,259184,259193,-3,-22,-12,-639,100,49,1571,-31323,32610,-15450,925,10284
4958,259359,259368,15,38,13,-1247,94,52,1568,-32455,31742,-15420,909,10286
4958,259575,259585,14,-9,-48,-911,92,51,1563,31058,31515,-15779,924,10288
4958,259840,259850,-8,-6,-5,-383,80,61,1570,28711,31916,-15468,909,10290
4958,260015,260025,-15,-33,-2,-879,78,64,1563,27406,-32620,-15629,911,10292
4958,260192,260202,-14,6,-60,-687,78,53,1568,26047,-31567,-15779,907,10294
4958,260367,260377,-42,-56,47,-895,68,54,1577,25233,-30088,-15701,914,10296
4958,260543,260552,3,-53,-8,-767,64,52,1560,24814,-28717,-15264,907,10298
4958,260717,260727,-5,-6,-130,-1119,64,49,1562,25005,-27280,-15234,934,10300
4958,260894,260904,-1,33,5,-543,60,45,1563,25532,-25843,-15240,910,10302
4958,261078,261088,2,0,3,-767,64,36,1564,26167,-24538,-15234,925,10304
4958,261253,261263,28,-19,-8,-1055,70,32,1569,27382,-23892,-15174,911,10306
4958,261428,261438,-2,-58,-15,-735,62,29,1565,28735,-23359,-15306,915,10308
4958,261607,261617,-8,-42,-5,-591,74,21,1570,30214,-23419,-15258,907,10310
4958,261782,261792,-17,6,2,-543,74,30,1564,32034,-23604,-15240,909,10312
4958,261957,261967,11,28,5,-751,85,25,1570,-32329,-24203,-15396,924,10314
4958,262134,262144,17,-1,-22,-1007,90,20,1572,-31299,-25107,-15378,920,10316
4958,262317,262327,10,-10,-14,-1007,96,21,1571,-30437,-26520,-15324,918,10318
4958,262492,262502,-2,-59,19,-687,99,32,1571,-30168,-27651,-15509,907,10320
4958,262667,262677,-9,-9,-7,-719,97,43,1563,-29845,-29064,-15336,926,10322
4958,262846,262856,7,15,-41,-719,100,40,1569,-30174,-30375,-15288,923,10324
4958,263021,263031,-8,-34,-1,-975,92,40,1564,-30832,-31650,-15216,904,10326
4958,263196,263206,-16,-44,-167,-607,96,51,1569,-31790,-32710,-15581,919,10328
4958,263373,263383,-12,-42,-43,-959,89,52,1568,32518,32132,-15539,908,10330
4958,263548,263558,39,2,0,-895,90,61,1568,31082,32144,-15348,913,10332
4958,263719,263729,-34,-28,-45,-1039,81,58,1569,29465,32305,-15629,927,10334
4958,263902,263912,13,-24,0,-1471,82,59,1569,28394,-32560,-15515,906,10336
4958,264079,264089,-5,-14,6,-1215,74,65,1567,27155,-31770,-15731,923,10338
4958,264254,264264,-4,-21,15,-1263,72,53,1564,25963,-30585,-15126,926,10340
4958,264429,264439,2,25,-18,-815,66,52,1573,25556,-29393,-15539,913,10342
4958,264607,264616,14,2,-24,-847,64,48,1568,25257,-28160,-15593,907,10344
4958,264789,264799,3,20,53,-495,62,48,1563,25353,-26807,-15749,929,10346
4958,264972,264982,-103,-89,-98,-463,60,40,1571,26227,-25628,-15533,908,10348
4958,265147,265157,78,-1,22,-559,66,33,1564,26975,-24664,-15677,930,10350
4958,265325,265334,28,-52,-57,-1167,72,27,1560,28160,-24083,-15240,905,10352
4958,265500,265510,34,100,143,-703,74,21,1569,29393,-23682,-15599,935,10354
4958,265675,265685,57,-58,-165,-559,83,30,1571,30555,-23622,-15324,905,10356
4958,265852,265862,65,12,148,-639,81,28,1563,31938,-24281,-15414,907,10358
4958,266027,266037,-100,-245,-139,-1279,90,22,1562,-32407,-25023,-15186,910,10360
4958,266202,266211,-47,-104,-52,-863,93,28,1572,-31347,-25484,-15533,927,10362
4958,266373,266383,120,121,8,-399,97,29,1562,-30539,-26825,-15222,924,10364
4958,266550,266560,56,124,161,-703,101,40,1564,-30509,-27945,-15384,927,10366
4958,266725,266735,-172,17,88,-895,100,40,1571,-30407,-29172,-15360,908,10368
4958,266901,266910,-30,110,-136,-607,94,46,1565,-30683,-30782,-15438,932,10370
4958,267076,267085,147,186,-115,-591,97,52,1563,-31371,-31573,-15084,904,10372
4958,267254,267264,-113,157,-38,-1199,93,56,1571,-32233,-32028,-15246,907,10374
4958,267429,267439,64,143,-10,-799,88,57,1570,32165,-32674,-15545,910,10376
4958,267612,267622,-88,-127,130,-575,83,62,1568,30722,32497,-15348,924,10378
4958,267790,267799,-8,53,42,-1423,80,60,1572,29651,32718,-15605,933,10380
4958,267965,267974,91,-147,-120,-575,80,59,1564,28382,-32243,-15982,932,10382
4958,268140,268150,57,-97,-5,-671,68,60,1569,27238,-31465,-15581,916,10384
4958,268315,268325,-26,-117,-29,-959,67,49,1571,26448,-30297,-15821,934,10386
4958,268493,268503,-13,-95,52,-1023,66,52,1573,25903,-29076,-15749,932,10388
4958,268668,268678,13,-104,69,-895,58,41,1561,25604,-27837,-15923,934,10390
4958,268843,268853,-43,-103,88,-783,67,30,1567,25742,-26712,-16012,932,10392
4958,269037,269046,55,-93,-23,-399,57,30,1567,26418,-25622,-15611,931,10394
4958,269212,269222,52,-34,-58,-495,65,28,1569,27155,-24796,-15917,928,10396
4958,269387,269397,71,126,17,-511,73,25,1564,28220,-24251,-15456,927,10398
4958,269562,269572,84,102,-29,-783,80,25,1562,29387,-23928,-15599,932,10400
4958,269739,269749,87,-143,81,-319,83,19,1561,30597,-24137,-15605,934,10402
4958,269914,269924,-172,21,147,-751,85,30,1569,31998,-24449,-15533,911,10404
4958,270089,270099,6,69,-36,-447,92,30,1559,-32503,-25125,-15497,926,10406
4958,270276,270286,-93,-20,73,-895,94,33,1571,-31371,-25927,-15689,906,10408
4958,270451,270461,-149,-175,-49,-655,94,33,1568,-30713,-27250,-15731,912,10410
4958,270626,270636,49,-8,-18,-607,99,43,1562,-30503,-28292,-15360,918,10412
4958,270801,270811,-141,117,200,-1167,98,46,1563,-30641,-29723,-15474,914,10414
4958,270979,270988,35,25,36,-623,100,46,1572,-30928,-30555,-15617,912,10416
4958,271154,271163,-10,-77,-128,-831,93,51,1572,-31515,-31842,-15629,925,10418
4958,271329,271339,56,-114,-137,-255,88,54,1557,-32497,-32578,-15432,907,10420
4958,271505,271515,-82,-223,-99,-575,83,56,1564,31866,32509,-15725,908,10422
4958,271680,271690,-27,-99,248,-991,81,65,1565,30525,32413,-15857,926,10424
4958,271856,271865,0,-48,-103,-815,74,56,1561,29274,32604,-15390,922,10426
4958,272038,272048,-139,-15,198,-799,68,59,1571,28041,-32339,-15671,906,10428
4958,272216,272225,114,59,26,-719,66,56,1560,26891,-31603,-15545,931,10430
4958,272391,272401,68,-49,-151,-655,66,48,1564,26251,-30321,-16030,907,10432
4958,272566,272576,-156,-156,124,-1087,60,38,1576,25592,-28909,-15707,919,10434
4958,272741,272751,-114,-144,-19,-831,64,42,1570,25490,-27891,-15342,914,10436
4958,272927,272937,7,93,57,-1023,68,34,1571,25706,-26795,-15497,920,10438
4958,273103,273113,77,8,-26,-799,76,36,1575,26340,-25544,-15635,925,10440
4958,273278,273288,-72,-152,41,-1023,67,26,1565,27107,-24712,-15773,931,10442
4958,273455,273465,8,25,-80,-1055,69,18,1561,28238,-24071,-15647,923,10444
4958,273630,273640,54,226,-76,-687,82,19,1567,29621,-23880,-15378,917,10446
4958,273805,273815,-8,87,78,-559,85,25,1569,30800,-24042,-15420,906,10448
4958,273980,273990,63,7,67,-799,96,28,1563,32165,-24413,-15563,912,10450
4958,274157,274167,17,53,163,-783,96,34,1568,-32090,-24802,-15875,907,10452
4958,274340,274349,-20,16,-68,-607,99,34,1565,-31293,-26047,-15497,925,10454
4958,274515,274525,-133,-245,-36,-1151,101,37,1571,-30665,-27065,-15815,918,10456
4958,274692,274702,-184,-247,128,-847,93,42,1568,-30270,-28543,-15509,902,10458
4958,274867,274877,-94,-108,-102,-559,93,50,1567,-30360,-29681,-15881,908,10460
4958,275042,275052,-58,-80,51,-735,93,50,1557,-30797,-31249,-15845,920,10462
4958,275217,275227,-146,36,-126,-1119,91,57,1565,-31629,-32129,-15486,917,10464
4958,275395,275404,37,-102,-93,-895,81,66,1570,-32371,-32764,-15881,931,10466
4958,275599,275609,74,127,-54,-511,77,60,1564,31501,32245,-15569,909,10468
4958,275774,275784,-83,-126,2,-1183,74,62,1565,30208,32377,-15791,929,10470
4958,275951,275961,6,-22,8,-351,72,51,1565,28891,32706,-15863,930,10472
4958,276127,276136,50,54,84,-751,68,53,1576,27855,-32105,-15929,930,10474
4958,276302,276311,87,32,128,-1199,66,46,1561,26502,-31231,-15970,918,10476
4958,276477,276486,0,-60,-9,-815,66,44,1561,25736,-29998,-15677,936,10478
4958,276654,276663,-140,-66,-59,-335,57,34,1572,25329,-28675,-15683,931,10480
4958,276827,276836,-20,-171,81,-1327,65,27,1565,25299,-27310,-15420,934,10482
4958,277002,277011,44,156,197,-687,62,26,1568,25484,-26346,-15665,921,10484
4958,277179,277189,139,21,-38,-591,70,22,1567,26203,-25017,-15533,909,10486
4958,277354,277364,72,-159,-103,-959,78,25,1567,27196,-24077,-15671,924,10488
4958,277529,277539,-108,-106,129,-927,82,29,1565,28669,-23808,-15294,919,10490
4958,277704,277714,-36,-4,-145,-655,86,12,1564,30040,-23670,-15450,926,10492
4958,277882,277892,16,-112,-75,-383,89,24,1561,31381,-23610,-15360,924,10494
4958,278057,278067,19,-193,-18,-735,91,30,1556,-32700,-24197,-15420,921,10496
4958,278259,278269,-139,-118,132,-671,100,37,1567,-31174,-25221,-15336,918,10498
4958,278435,278445,-93,-23,78,-1359,96,43,1570,-30395,-26310,-15497,915,10500
4958,278613,278623,93,70,-69,-703,97,48,1571,-29647,-27921,-15240,918,10502
4958,278788,278798,183,43,122,-767,94,45,1561,-29689,-29130,-15288,936,10504
4958,278963,278973,49,-26,34,-879,96,50,1567,-29851,-30327,-15198,910,10506
4958,279141,279150,27,67,7,-1487,86,56,1567,-30395,-31710,-15228,934,10508
4958,279316,279325,-19,-120,51,-783,83,57,1559,-31617,-32626,-15354,932,10510
4958,279489,279498,-75,-111,-119,-959,82,61,1562,32758,32012,-15366,930,10512
4958,279664,279673,102,87,-63,-623,82,57,1569,31441,31653,-15456,926,10514
4958,279842,279852,-68,9,19,-639,66,57,1564,29453,31946,-15581,934,10516
4958,280018,280027,0,84,41,-831,64,58,1562,28220,32353,-15743,935,10518
4958,280200,280210,-116,-154,91,-751,68,50,1569,26831,-32093,-15456,930,10520
4958,280377,280387,-102,-119,-21,-1071,67,41,1562,25676,-31034,-15737,930,10522
4958,280552,280562,-80,-119,-144,-431,67,30,1568,24963,-29705,-15599,930,10524
4958,280727,280737,146,61,-121,-1087,64,33,1568,24610,-28274,-15456,910,10526
4958,280910,280919,-75,6,-57,-1167,70,26,1562,24670,-26903,-15611,920,10528
4958,281087,281097,-18,-80,-73,-431,67,30,1571,25400,-25197,-15366,929,10530
4958,281262,281272,-71,-41,-154,-799,80,25,1572,26257,-24341,-15270,936,10532
4958,281437,281447,32,-87,32,-1023,80,22,1560,27394,-23257,-15234,926,10534
4958,281614,281624,-50,-83,-95,-575,82,25,1559,29100,-23042,-15025,905,10536
4958,281789,281799,86,-41,-68,-1167,86,29,1560,30980,-23018,-15043,936,10538
4958,281964,281974,99,-94,10,-847,97,30,1570,32554,-23539,-14875,926,10540
4958,282137,282147,70,-69,-70,-575,91,29,1560,-31497,-24251,-15204,924,10542
4958,282313,282323,41,6,36,-607,96,44,1564,-30485,-25329,-15132,926,10544
4958,282489,282498,-32,45,210,-1023,99,43,1563,-29719,-26382,-15013,930,10546
4958,282664,282674,13,-115,-36,-943,96,40,1557,-28947,-28208,-15168,913,10548
4958,282841,282851,28,136,5,-655,100,57,1569,-29084,-29771,-15168,909,10550
4958,283016,283026,-124,-26,-274,-607,94,58,1561,-29581,-31543,-15336,915,10552
4958,283191,283201,-8,119,-27,-591,84,57,1568,-30377,32700,-15288,928,10554
4958,283366,283376,-114,-10,-7,-639,80,62,1560,-31856,31874,-15204,909,10556
4958,283552,283562,63,56,70,-223,74,58,1565,32333,31246,-15366,930,10558
4958,283735,283745,117,-21,76,-943,75,58,1559,30256,31192,-15270,930,10560
4958,283926,283936,-45,-31,8,-687,74,54,1575,28495,31419,-15366,907,10562
4958,284101,284111,-97,3,49,-703,65,50,1561,26867,32269,-15114,935,10564
4958,284280,284290,41,73,160,-399,58,38,1562,25562,-32237,-15366,933,10566
4958,284455,284465,-93,-123,-16,-975,64,37,1564,24413,-30639,-15306,934,10568
4958,284630,284640,-120,19,-184,-815,65,32,1560,24107,-29184,-15049,932,10570
4958,284807,284817,28,-19,17,-591,73,26,1563,23874,-27268,-14941,920,10572
4958,284982,284992,32,-17,220,-623,75,21,1567,24191,-25772,-14833,931,10574
4958,285157,285167,-5,26,304,-591,83,28,1559,25317,-24024,-14540,909,10576
4958,285333,285343,56,-74,-122,-591,83,20,1560,26502,-23090,-14695,927,10578
4958,285511,285521,25,-64,4,-687,92,25,1564,28244,-22269,-14953,924,10580
4958,285686,285696,-13,-52,97,-735,92,20,1569,30046,-22006,-14629,908,10582
4958,285861,285871,-87,-133,-106,-1183,100,26,1570,31782,-22497,-14755,929,10584
4958,286038,286048,-63,82,45,-495,96,35,1559,-31850,-23191,-14420,914,10586
4958,286220,286230,-91,6,102,-1231,99,37,1559,-30443,-24544,-14480,926,10588
4958,286395,286405,-77,-56,-36,-671,101,40,1564,-29096,-25951,-14665,936,10590
4958,286570,286580,-18,294,430,-767,97,46,1573,-28534,-27490,-14791,930,10592
4958,286747,286757,108,-208,-5,-975,92,45,1572,-28210,-29238,-14336,938,10594
4958,286923,286932,43,53,-44,-783,86,51,1570,-28641,-31237,-14953,937,10596
4958,287121,287131,24,-67,76,-607,83,52,1571,-29659,32581,-14629,929,10598
4958,287298,287308,30,63,-114,-943,76,59,1564,-30976,31419,-15144,931,10600
4958,287471,287481,-138,-59,-189,-799,80,53,1573,-32688,30695,-14408,930,10602
4958,287647,287656,-27,-29,-101,-607,72,54,1567,31058,30491,-14677,935,10604
4958,287822,287832,121,92,-62,-735,67,54,1559,29124,30785,-15013,925,10606
4958,287999,288009,76,67,88,-1119,67,52,1564,26975,31419,-15180,912,10608
4958,288174,288184,102,-169,48,-767,60,44,1567,25317,32401,-14977,932,10610
4958,288357,288367,133,-50,-96,-687,67,38,1564,23916,-31303,-14977,927,10612
4958,288534,288544,-199,27,47,-1135,64,34,1569,23281,-29417,-14935,920,10614
4958,288709,288719,-73,-145,-69,-879,64,24,1565,22916,-27484,-14779,920,10616
4958,288890,288900,-17,-65,33,-1071,66,27,1567,23563,-25867,-14881,925,10618
4958,289065,289075,81,-39,-68,-623,74,27,1564,24419,-24125,-14929,925,10620
4958,289243,289253,-63,-53,-70,-1039,84,21,1556,25879,-22784,-14785,926,10622
4958,289418,289428,2,222,4,-511,86,22,1572,27448,-21862,-14486,919,10624
4958,289593,289603,4,2,-160,-591,90,32,1569,29489,-21437,-14258,911,10626
4958,289768,289778,-178,225,156,-575,94,28,1560,31519,-21779,-14378,925,10628
4958,289947,289957,-205,-333,-96,-591,104,32,1567,-31820,-22269,-14097,921,10630
4958,290120,290130,-93,-139,-102,-735,93,38,1562,-30114,-23557,-14384,917,10632
4958,290295,290305,50,-68,-82,-655,100,49,1570,-28677,-25017,-14665,933,10634
4958,290473,290483,-14,-78,-69,-719,98,53,1563,-27809,-27005,-14564,918,10636
4958,290648,290658,-28,56,42,-1311,92,56,1571,-27486,-28915,-14773,930,10638
4958,290823,290833,80,139,-42,-959,85,59,1564,-27791,-30974,-14456,932,10640
4958,290998,291008,163,250,128,-623,81,68,1554,-28719,32425,-14707,932,10642
4958,291177,291187,166,155,30,-591,78,52,1560,-30072,30970,-14534,933,10644
4958,291352,291362,89,312,173,-479,72,57,1565,-32024,30060,-14504,935,10646
4958,291533,291543,2,30,-14,-591,74,54,1561,31591,29659,-14498,929,10648
4958,291711,291720,-176,-35,1,-623,67,52,1570,29441,29551,-14336,918,10650
4958,291886,291896,101,172,20,-895,67,46,1560,27232,30132,-14348,930,10652
4958,292061,292071,119,217,145,-767,62,51,1559,25173,31587,-14306,931,10654
4958,292236,292246,-142,-304,35,-1023,62,42,1569,23593,-32267,-14456,913,10656
4958,292414,292424,-52,-258,-163,-639,59,30,1563,22790,-30309,-14480,934,10658
4958,292589,292599,-120,46,342,-815,59,33,1552,22305,-28005,-14366,932,10660
4958,292762,292772,189,-247,-217,-1167,68,18,1572,22473,-25981,-14480,938,10662
4958,292940,292950,38,-304,-21,-671,70,27,1564,23515,-24131,-14486,921,10664
4958,293115,293125,82,15,113,-175,82,33,1564,24598,-22605,-14396,912,10666
4958,293290,293300,253,-179,-37,-287,86,27,1572,26532,-21210,-14091,911,10668
4958,293473,293483,-63,8,-166,-719,84,28,1564,28909,-20611,-14384,909,10670
4958,293650,293660,-99,-152,184,-639,86,28,1575,31154,-20599,-14300,908,10672
4958,293825,293835,-46,53,-199,-543,92,36,1561,-32030,-21395,-14103,911,10674
4958,294000,294010,-47,-117,-352,-495,91,32,1571,-30084,-22479,-13827,908,10676
4958,294185,294195,-139,-314,273,-687,93,42,1563,-28342,-24269,-14013,914,10678
4958,294361,294370,-1,-430,269,-623,96,45,1560,-27001,-26454,-14049,933,10680
4958,294536,294546,73,-145,184,-511,90,58,1560,-26474,-28681,-13971,929,10682
4958,294711,294721,23,-240,71,-927,97,62,1567,-26660,-30675,-14007,929,10684
4958,294910,294920,132,111,-13,-671,84,52,1564,-27582,32467,-13911,911,10686
4958,295086,295095,-211,-90,-158,-1231,82,53,1564,-29162,30563,-13708,927,10688
4958,295261,295271,-104,181,-63,-319,75,60,1562,-30970,29545,-13977,906,10690
4958,295434,295444,116,-225,-119,-1055,68,53,1569,32524,28875,-14103,931,10692
4958,295613,295623,108,-116,-130,-943,74,58,1559,29854,28887,-13803,936,10694
4958,295815,295825,-250,-63,204,-911,65,36,1571,27041,29671,-14013,931,10696
4958,295990,296000,-59,-291,-61,-1167,62,36,1564,24826,31060,-14216,911,10698
4958,296167,296177,154,290,47,-623,60,44,1570,23167,-32692,-14162,927,10700
4958,296342,296352,137,-102,332,0,62,43,1565,22036,-30609,-14049,931,10702
4958,296517,296527,54,-194,123,-1135,68,41,1570,21431,-28017,-14222,932,10704
4958,296805,296815,-103,-45,-17,-591,74,22,1562,22240,-24383,-13636,930,10706
4958,296992,297002,232,-20,-205,-1087,81,26,1569,23563,-22365,-13779,930,10708
4958,297167,297177,49,106,164,-751,85,29,1568,25514,-20857,-13785,928,10710
4958,297342,297352,0,-74,284,-927,93,19,1565,27801,-19863,-13480,911,10712
4958,297519,297529,-45,247,-41,-607,98,26,1576,30172,-19647,-13193,928,10714
4958,297694,297704,62,130,-52,-479,98,30,1575,-32545,-20204,-13366,941,10716
4958,297869,297879,78,216,176,-975,89,48,1560,-30419,-21491,-13426,913,10718
4958,298044,298054,89,273,345,-511,96,40,1561,-28133,-23018,-13582,927,10720
4958,298221,298231,136,-211,68,-895,101,53,1567,-26827,-25113,-13486,911,10722
4958,298396,298406,93,-217,47,-1231,93,52,1557,-25798,-27789,-13731,928,10724
4958,298571,298581,-26,-99,79,-799,98,52,1567,-25876,-30202,-13384,932,10726
4958,298748,298758,-166,-43,-390,-527,85,60,1568,-26420,-32680,-13187,923,10728
4958,298923,298933,110,180,-161,-751,84,57,1567,-27785,30886,-13354,928,10730
4958,299098,299108,10,-254,-134,-511,80,57,1573,-29749,29090,-13217,925,10732
4958,299273,299283,177,20,-104,-719,72,57,1565,-32305,28121,-13564,937,10734
4958,299460,299470,19,102,246,-1087,68,58,1565,30537,27851,-13199,936,10736
4958,299635,299645,94,80,7,-719,65,44,1565,28052,28396,-13612,935,10738
4958,299810,299820,59,-133,-31,-543,62,37,1563,25508,29677,-13540,934,10740
4958,299987,299997,-103,-207,36,-911,62,41,1565,23096,31311,-13534,922,10742
4958,300162,300172,193,0,7,-751,61,40,1559,21701,-32165,-13708,934,10744
4958,300338,300347,-250,-214,134,-543,73,36,1556,20707,-29477,-13887,936,10746
4958,300512,300522,31,21,10,-943,62,28,1563,20623,-27071,-13259,934,10748
4958,300690,300699,-19,-38,-191,-479,76,32,1571,21294,-24389,-13462,927,10750
4958,300863,300872,-78,215,-405,-767,81,22,1563,22389,-22281,-13468,912,10752
4958,301038,301048,128,252,-169,-911,85,25,1569,24556,-20509,-12935,933,10754
4958,301213,301223,47,233,282,-735,91,19,1569,26783,-19528,-13348,913,10756
4958,301392,301402,-7,293,220,-1183,90,26,1560,29711,-18887,-13043,929,10758
4958,301567,301577,8,-79,-88,-831,93,22,1564,32656,-19486,-13025,934,10760
4958,301742,301752,-88,-124,-142,-783,89,32,1570,-30222,-20533,-13175,931,10762
4958,301919,301929,-163,-521,-263,-895,94,46,1564,-28133,-22539,-13133,926,10764
4958,302102,302112,21,-54,91,-831,96,44,1560,-25888,-24802,-13049,910,10766
4958,302277,302287,-54,-683,-195,-495,96,51,1561,-25025,-27190,-13085,935,10768
4958,302452,302462,-16,-180,-143,-975,97,56,1559,-24666,-29866,-13282,914,10770
4958,302631,302641,81,-65,-378,-703,85,56,1561,-25361,-32764,-13055,930,10772
4958,302806,302816,-86,69,-67,-543,86,59,1565,-26917,30569,-13115,932,10774
4958,302982,302991,-10,215,195,-1375,77,59,1577,-28983,28623,-12977,922,10776
4958,303166,303176,-68,-319,-265,-303,74,60,1559,-31503,27695,-13013,913,10778
4958,303341,303351,-269,-273,-253,-399,72,50,1573,31213,27264,-13049,908,10780
4958,303514,303524,44,-83,65,-847,62,49,1556,28310,27396,-13037,933,10782
4958,303689,303699,242,-200,-90,-863,66,54,1569,25502,28629,-13288,915,10784
4958,303866,303876,-268,-241,-158,-815,61,36,1565,23239,30503,-13336,927,10786
4958,304042,304051,22,73,97,-831,65,38,1575,21425,32682,-13456,927,10788
4958,304319,304329,104,-75,-125,-1055,65,30,1564,19857,-28531,-13755,938,10790
4958,304541,304551,55,-116,-29,-623,74,24,1567,20300,-24838,-13265,931,10792
4958,304720,304729,60,14,-145,-927,76,28,1560,21491,-22347,-13055,914,10794
4958,304900,304910,52,126,-234,-639,83,17,1569,23491,-20264,-12995,921,10796
4958,305089,305098,153,-79,30,-447,84,22,1565,26352,-18743,-12839,928,10798
4958,305263,305273,-97,448,-84,-895,89,21,1569,29100,-18073,-12726,928,10800
4958,305434,305444,-93,-273,-308,-687,94,28,1562,32075,-18384,-12564,935,10802
4958,305614,305624,21,-73,-168,-783,98,35,1555,-30324,-19629,-12774,910,10804
4958,305791,305801,45,289,205,-591,97,36,1564,-27869,-21443,-12349,910,10806
4958,305966,305976,213,172,-113,-751,100,41,1564,-25654,-23712,-12001,918,10808
4958,306141,306150,76,-96,60,-1103,91,50,1567,-24553,-26268,-12432,929,10810
4958,306320,306330,142,-63,-65,-655,102,54,1565,-24217,-29483,-12576,929,10812
4958,306497,306507,-28,-28,221,-559,86,53,1552,-24576,-32465,-12528,930,10814
4958,306672,306682,-84,207,50,-415,83,56,1568,-25451,30467,-12552,923,10816
4958,306847,306857,-87,230,-127,-895,82,60,1565,-27797,28480,-12396,929,10818
4958,307022,307032,1,-4,-78,-847,80,57,1557,-30162,26887,-12552,907,10820
4958,307201,307211,-6,226,128,-575,60,56,1559,32183,26576,-12690,913,10822
4958,307376,307386,-33,34,63,-463,65,49,1567,29148,26498,-12576,927,10824
4958,307558,307568,-131,-311,-2,-367,67,48,1571,25670,27690,-12839,918,10826
4958,307734,307744,-246,-501,-69,-1087,64,37,1560,23167,29701,-12750,933,10828
4958,307909,307919,3,-110,-114,-607,61,30,1564,21084,32060,-12408,923,10830
4958,308085,308094,15,215,40,-943,60,27,1562,19456,-30830,-12810,912,10832
4958,308260,308269,21,131,-45,-479,69,33,1569,18947,-27855,-12594,932,10834
4958,308438,308448,-76,190,-119,-719,67,22,1571,19198,-24634,-12450,914,10836
4958,308613,308623,68,-128,-430,-799,81,21,1556,20503,-22018,-12187,936,10838
4958,308788,308798,-67,340,13,-863,84,20,1561,22545,-20108,-12582,930,10840
4958,308964,308974,-329,-241,-7,-335,88,16,1568,25107,-18390,-12019,931,10842
4958,309139,309149,-3,-71,-121,-719,86,28,1563,28196,-17372,-11918,914,10844
4958,309314,309324,-284,43,-8,-1071,90,21,1562,31620,-17366,-12205,909,10846
4958,309489,309499,-6,21,104,-511,98,29,1571,-30677,-18498,-11606,912,10848
4958,309666,309676,-158,-137,348,-719,97,29,1561,-27725,-20539,-11834,935,10850
4958,309841,309851,61,-21,-123,-1199,104,52,1563,-25433,-22952,-12181,934,10852
4958,310016,310026,36,-537,154,-831,104,53,1565,-23888,-25778,-12031,936,10854
4958,310202,310212,-16,232,2,-511,90,51,1560,-23128,-29040,-11588,925,10856
4958,310378,310388,109,-28,142,-767,85,64,1564,-23475,-32129,-12037,909,10858
4958,310553,310563,-127,-171,289,-591,86,62,1577,-24810,30407,-12145,932,10860
4958,310728,310738,19,37,36,-847,78,54,1564,-26821,28198,-11971,921,10862
4958,310906,310915,123,-147,-25,-287,78,50,1555,-29605,26636,-12085,928,10864
4958,311081,311091,8,278,-107,-815,75,64,1573,-32598,25816,-12408,940,10866
4958,311255,311265,237,-14,-183,-943,72,54,1564,29286,25654,-11894,932,10868
4958,311432,311442,63,181,-80,-159,67,53,1563,26065,26887,-12307,922,10870
4958,311604,311614,54,402,112,-655,54,50,1567,22970,28474,-12181,923,10872
4958,311779,311789,-9,106,95,-1375,61,36,1555,20456,31060,-11983,935,10874
4958,311954,311964,211,-17,-82,-527,59,35,1563,19300,-31447,-12235,938,10876
4958,312131,312141,-73,-195,44,-1039,73,29,1560,18294,-28136,-12277,931,10878
4958,312314,312324,-31,-286,-174,-879,68,28,1570,18612,-24742,-12187,928,10880
4958,312489,312499,139,93,-217,-911,80,24,1573,19791,-21916,-12390,930,10882
4958,312664,312674,-39,417,124,-719,81,24,1562,21719,-19749,-12103,923,10884
4958,312851,312860,140,148,116,-911,83,30,1562,24604,-17522,-11654,926,10886
4958,313026,313036,52,-386,142,-927,90,27,1567,27885,-16876,-11708,916,10888
4958,313201,313211,-144,-267,-331,-463,93,25,1569,31507,-16941,-11510,933,10890
4958,313378,313388,106,-236,105,-1103,89,32,1557,-30437,-18193,-11498,928,10892
4958,313553,313563,60,355,62,-479,93,35,1564,-27420,-19761,-11187,913,10894
4958,313728,313738,82,254,132,-575,104,32,1570,-25014,-22437,-11522,913,10896
4958,313903,313912,82,-246,87,-335,97,40,1561,-23176,-25412,-11355,932,10898
4958,314089,314098,112,-219,30,-367,100,51,1568,-22445,-29034,-11253,933,10900
4958,314260,314270,47,-45,-31,-959,90,57,1562,-22834,-32159,-11277,922,10902
4958,314435,314445,63,-199,-108,-959,88,59,1572,-23864,30264,-11421,934,10904
4958,314634,314644,-14,84,-185,-191,76,65,1567,-26672,27504,-11564,936,10906
4958,314809,314818,-59,-238,15,-751,72,56,1564,-29527,25642,-11552,926,10908
4958,314984,314994,-256,-356,-112,-783,80,57,1573,-32730,24990,-11475,935,10910
4958,315159,315168,42,-159,-152,-751,70,44,1559,29352,25229,-11648,931,10912
4958,315336,315346,143,-146,-58,-799,64,50,1559,25658,25774,-11924,931,10914
4958,315518,315528,29,-64,128,-767,65,54,1561,22305,27911,-11492,933,10916
4958,315705,315715,29,261,-163,-911,64,37,1570,19869,31024,-11660,931,10918
4958,315882,315892,130,-326,67,-607,62,37,1567,17947,-31160,-11690,926,10920
4958,316057,316067,48,-588,-164,-591,73,28,1567,17486,-27568,-11768,932,10922
4958,316232,316242,-74,-84,-23,-975,65,21,1562,17959,-24257,-11367,929,10924
4958,316407,316417,-58,196,-120,-991,76,28,1564,19474,-21090,-11540,925,10926
4958,316584,316594,312,311,-155,-799,75,21,1567,21701,-18743,-11492,909,10928
4958,316759,316769,-4,-229,22,-1119,84,19,1562,24760,-17097,-10984,916,10930
4958,316930,316940,-84,-227,-91,-751,89,22,1563,27945,-16181,-11271,920,10932
4958,317108,317117,99,-360,-257,-639,94,28,1568,31668,-16127,-10960,932,10934
4958,317283,317293,-97,34,-252,-1055,91,28,1565,-30186,-17414,-10678,924,10936
4958,317458,317468,137,-303,-134,-815,101,44,1569,-27031,-19582,-11079,919,10938
4958,317633,317643,-23,-406,28,-143,104,41,1569,-24253,-22353,-10361,936,10940
4958,317810,317820,-152,-87,-404,-815,92,48,1563,-22553,-25377,-10804,936,10942
4958,317985,317995,-141,-146,-81,-607,97,49,1567,-21787,-29166,-10702,931,10944
4958,318168,318178,-128,-171,105,-1087,91,53,1562,-22218,32766,-10529,910,10946
4958,318343,318353,65,83,63,-463,89,58,1576,-23493,29599,-10547,933,10948
4958,318522,318532,0,222,97,-863,88,59,1562,-25852,26875,-10648,930,10950
4958,318697,318707,53,346,91,-591,75,52,1571,-29019,24930,-10828,912,10952
4958,318872,318882,32,-71,-41,-1183,73,61,1561,-32395,24241,-10666,934,10954
4958,319049,319059,124,77,-111,-703,66,56,1562,29178,24439,-10684,929,10956
4958,319224,319234,-71,-68,336,-831,64,54,1573,25394,25522,-10882,922,10958
4958,319399,319409,8,124,-119,-511,67,44,1563,22084,27755,-10984,936,10960
4958,319570,319580,233,415,46,-703,51,42,1560,19695,30342,-10942,936,10962
4958,319749,319759,-206,398,-88,-1151,62,32,1567,17612,-31812,-11187,936,10964
4958,319924,319934,25,265,58,-735,64,28,1562,17079,-28178,-10942,924,10966
4958,320099,320109,142,17,-146,-927,65,26,1556,17001,-24604,-11241,924,10968
4958,320276,320286,39,-256,11,-847,73,30,1567,18474,-21449,-10930,930,10970
4958,320459,320469,134,-103,-219,-511,78,22,1561,20893,-18749,-10822,918,10972
4958,320634,320644,-119,-352,-19,-1151,81,21,1559,23946,-16870,-10696,935,10974
4958,320817,320826,68,130,106,-943,85,33,1555,27801,-15726,-10457,935,10976
4958,320994,321004,111,-132,-150,-879,96,26,1564,31728,-15648,-10289,936,10978
4958,321169,321179,-84,34,-54,-767,97,27,1568,-30042,-16660,-10511,929,10980
4958,321344,321354,-50,-324,142,-1135,92,38,1563,-26714,-18803,-10445,936,10982
4958,321522,321531,144,-32,281,-703,94,37,1556,-23870,-21749,-10349,936,10984
4958,321697,321706,-9,499,295,-1263,98,54,1565,-22212,-25185,-10152,941,10986
4958,321872,321882,-10,-406,-69,-527,94,52,1570,-21296,-28807,-9882,928,10988
4958,322046,322056,98,-47,32,-559,92,56,1561,-21649,-32512,-10355,938,10990
4958,322223,322233,23,-228,72,-991,89,54,1569,-22960,29593,-10391,920,10992
4958,322398,322408,9,209,121,-1135,83,61,1569,-25061,26738,-10313,934,10994
4958,322574,322583,67,-187,-65,-975,80,57,1556,-28372,24750,-10559,937,10996
4958,322751,322761,7,-16,64,-831,70,61,1559,-32120,23894,-10768,927,10998
4958,322926,322936,76,-202,293,-623,66,65,1570,29663,23786,-10882,933,11000
4958,323101,323111,-16,-157,-56,-1215,67,48,1557,25550,24906,-10481,930,11002
4958,323276,323286,-1,-51,113,-303,58,50,1556,22036,27031,-10241,939,11004
4958,323463,323473,-232,-468,82,-1103,64,42,1563,19133,30186,-10451,930,11006
4958,323646,323656,-35,-83,20,-991,65,43,1559,17247,-31728,-10433,911,11008
4958,323821,323831,-8,-485,23,-719,70,30,1560,16313,-27981,-10487,911,11010
4958,323996,324006,65,-179,34,-575,68,27,1561,16666,-24371,-10439,933,11012
4958,324175,324185,-34,-204,13,-799,72,26,1553,18127,-20994,-9996,914,11014
4958,324350,324360,-79,201,46,-975,80,21,1561,20360,-17953,-9816,923,11016
4958,324525,324535,-80,358,4,-799,78,19,1563,23622,-16008,-9984,918,11018
4958,324701,324711,141,326,182,-239,83,29,1565,27508,-15032,-9762,935,11020
4958,324877,324886,52,104,-25,-975,94,30,1563,31333,-15098,-9607,935,11022
4958,325052,325062,-195,156,237,-175,89,36,1568,-30174,-16439,-9499,926,11024
4958,325227,325237,82,-6,-72,-783,104,34,1561,-26570,-18235,-9948,930,11026
4958,325420,325429,-109,-336,138,-319,94,44,1561,-23547,-21791,-9792,917,11028
4958,325612,325622,86,-257,-59,-847,98,52,1567,-21475,-25502,-9792,932,11030
4958,325787,325797,-141,-110,114,-815,94,50,1560,-20847,-29364,-9283,931,11032
4958,325964,325974,-37,127,-52,-895,90,52,1565,-21152,32371,-9685,930,11034
4958,326147,326157,-36,-156,139,-511,92,54,1564,-22900,28647,-9846,927,11036
4958,326322,326332,-87,307,15,-1359,83,58,1570,-25486,25941,-9774,935,11038
4958,326497,326507,183,407,30,-767,80,54,1562,-28911,23942,-9685,936,11040
4958,326675,326685,-74,-434,-369,-1551,76,53,1560,32578,23230,-10116,933,11042
4958,326850,326859,-47,-15,-138,-863,70,56,1564,28519,23505,-10014,935,11044
4958,327025,327034,71,-57,257,-1007,68,50,1564,24574,24846,-10134,933,11046
4958,327202,327211,236,226,-191,-831,61,42,1569,21108,27264,-10636,911,11048
4958,327375,327385,226,-111,176,-1151,69,44,1560,18127,30306,-10373,912,11050
4958,327550,327560,195,371,-144,-239,59,37,1546,16451,-31561,-10074,911,11052
4958,327725,327735,-90,-378,-374,-927,69,29,1556,15696,-27598,-9990,923,11054
4958,327902,327912,16,-117,-363,-591,74,22,1559,15990,-23760,-9667,918,11056
4958,328077,328087,-143,133,-86,-415,75,28,1560,17648,-20324,-9720,930,11058
4958,328252,328262,145,-272,73,-511,75,22,1567,20174,-17534,-9691,937,11060
4958,328430,328439,-52,-268,-61,-783,84,13,1557,23814,-15379,-9367,910,11062
4958,328612,328622,23,417,-133,-671,88,30,1563,27927,-14415,-9230,921,11064
4958,328795,328805,-201,-239,157,-767,89,24,1561,32560,-14691,-9265,923,11066
4958,328970,328980,-4,-76,-110,-591,93,30,1564,-29240,-16002,-8924,924,11068
4958,329147,329157,186,-75,-195,-1039,90,44,1563,-25702,-19905,-9134,936,11070
4958,329323,329332,-163,-4,-165,-415,97,38,1563,-22822,-21683,-8739,937,11072
4958,329498,329507,0,-435,176,-1199,99,44,1565,-20775,-25281,-9122,931,11074
4958,329672,329682,-65,-411,234,-911,99,57,1565,-20356,-29094,-8972,938,11076
4958,329851,329861,129,-249,-152,-543,98,60,1572,-20500,32329,-9080,932,11078
4958,330024,330034,-314,52,-79,-383,90,54,1567,-22361,28899,-8852,936,11080
4958,330199,330209,68,219,-185,-863,83,54,1572,-24990,26013,-9248,930,11082
4958,330376,330386,10,176,-147,-655,78,56,1560,-28318,23972,-8930,930,11084
4958,330551,330561,-68,-213,184,-655,72,61,1562,-32341,23062,-9277,929,11086
4958,330726,330736,238,-269,62,-1119,62,57,1565,28549,23301,-9098,936,11088
4958,330901,330911,-69,-440,-395,-735,62,48,1556,24880,24559,-9265,935,11090
4958,331080,331090,-266,41,-30,-575,70,49,1559,21000,26899,-9613,933,11092
4958,331255,331265,-45,2,95,-767,66,40,1563,18031,29970,-9475,938,11094
4958,331438,331447,-25,-106,-168,-1071,66,38,1564,16097,-31585,-9882,934,11096
4958,331615,331625,-65,-8,163,-927,62,29,1559,15307,-27574,-9218,923,11098
4958,331790,331800,85,217,-153,-655,74,29,1563,15744,-23670,-8984,934,11100
4958,331965,331975,121,-17,-304,-1071,72,21,1571,17384,-19923,-9355,936,11102
4958,332140,332150,-94,159,-144,-367,73,21,1557,19941,-16953,-9182,934,11104
4958,332317,332327,-139,-265,-26,15,77,20,1551,23563,-14828,-8721,935,11106
4958,332492,332502,-137,-480,-257,-1071,85,27,1567,27705,-13834,-9194,938,11108
4958,332665,332675,-117,-6,-71,-447,85,22,1553,31932,-14140,-8828,939,11110
4958,332842,332852,-185,-26,93,-415,92,20,1552,-29468,-15403,-8912,935,11112
4958,333017,333027,-54,-54,134,-463,97,34,1563,-25744,-17798,-8763,936,11114
4958,333200,333210,-135,208,28,-863,93,29,1559,-22409,-21000,-8990,934,11116
4958,333375,333385,20,315,-208,-463,98,36,1563,-20625,-25017,-8787,935,11118
4958,333552,333562,132,140,-7,-735,90,45,1554,-19584,-29118,-8924,937,11120
4958,333727,333737,44,150,-133,-703,96,57,1560,-19955,32221,-8661,916,11122
4958,333923,333933,231,143,-63,-1071,91,65,1563,-22032,28246,-8852,925,11124
4958,334215,334225,-10,49,20,-1007,80,59,1561,-27139,24086,-8828,936,11126
4958,334390,334400,-36,-629,100,-447,76,57,1568,-30958,22745,-9188,935,11128
4958,334565,334575,-206,386,148,-1295,72,58,1559,30190,22433,-9050,933,11130
4958,334758,334768,-28,35,495,-911,67,56,1562,25496,23768,-9026,936,11132
4958,334935,334945,16,65,117,-1087,72,54,1563,21761,25744,-9307,940,11134
4958,335110,335120,-122,-60,326,-719,67,53,1553,18504,28977,-9265,933,11136
4958,335285,335295,-150,-381,126,-687,66,48,1564,16265,-32608,-9212,932,11138
4958,335458,335467,53,-172,0,-815,68,40,1560,14966,-28687,-8775,918,11140
4958,335636,335646,-136,-141,-273,-687,64,28,1563,15421,-24496,-9068,933,11142
4958,335811,335821,8,-229,156,-1039,68,29,1562,16726,-20887,-8870,937,11144
4958,335986,335996,-39,-254,-56,-767,77,27,1565,19174,-17588,-8834,925,11146
4958,336164,336173,161,13,-295,-959,83,17,1567,22635,-15092,-8649,912,11148
4958,336339,336348,-26,-307,221,-847,83,16,1563,26352,-13679,-8769,931,11150
4958,336513,336523,-356,-447,-35,-1039,85,24,1564,30956,-13463,-8487,933,11152
4958,336688,336698,-46,-52,-10,-735,94,21,1561,-30497,-14631,-8397,932,11154
4958,336882,336892,137,-205,218,-511,96,34,1560,-25900,-17037,-8320,935,11156
4958,337057,337067,150,47,176,-1199,97,40,1561,-22655,-20150,-8092,922,11158
4958,337232,337242,84,605,-574,-463,91,40,1562,-20488,-23934,-8002,936,11160
4958,337409,337419,86,485,469,-1055,96,46,1556,-19488,-28226,-7847,924,11162
4958,337585,337594,58,60,-164,-575,93,45,1553,-19608,-32435,-8032,935,11164
4958,337760,337769,95,88,-325,-559,92,57,1564,-21068,29300,-8044,931,11166
4958,337934,337944,-12,169,-83,-623,88,56,1557,-23295,26145,-8194,927,11168
4958,338111,338121,-87,-22,-206,-831,80,62,1560,-26977,23493,-8272,934,11170
4958,338286,338296,-217,103,43,-879,75,61,1559,-30868,22625,-8685,930,11172
4958,338461,338471,179,398,239,-527,76,54,1560,29944,22487,-8481,937,11174
4958,338639,338649,103,205,197,-479,73,56,1562,25532,23247,-8248,939,11176
4958,338814,338824,40,52,132,-1119,69,46,1561,21820,25618,-8655,932,11178
4958,338989,338999,55,-188,-222,-655,56,44,1564,18264,28665,-8481,924,11180
4958,339164,339173,-36,-381,-67,-1167,60,45,1559,16026,32461,-8445,934,11182
4958,339340,339350,-30,2,669,-895,57,38,1564,14870,-28873,-8188,917,11184
4958,339522,339532,-189,-511,531,-847,68,36,1564,14846,-24628,-8397,919,11186
4958,339697,339707,-155,10,-73,-847,72,29,1564,16582,-20569,-8619,932,11188
4958,339874,339884,117,-91,-18,-751,75,26,1557,18977,-17085,-8613,917,11190
4958,340049,340059,-227,-543,-126,-623,77,27,1563,22371,-14828,-8379,933,11192
4958,340224,340234,-149,-154,-178,-943,78,22,1557,26107,-13517,-8391,940,11194
4958,340399,340409,-187,-220,34,-767,85,21,1559,30651,-13332,-7853,917,11196
4958,340576,340586,99,70,-146,-303,86,28,1556,-30371,-14487,-7739,938,11198
4958,340749,340759,108,129,39,-991,85,27,1555,-26283,-16427,-7553,935,11200
4958,340925,340934,-138,-163,-63,-687,97,36,1559,-23074,-19623,-7631,932,11202
4958,341100,341110,-264,-540,-143,-591,98,42,1557,-20458,-23485,-7799,929,11204
4958,341279,341288,-195,-595,-150,-287,96,46,1568,-19207,-27532,-7481,935,11206
4958,341454,341463,-14,-143,44,-1151,93,56,1560,-19087,-31902,-8086,915,11208
4958,341629,341639,-102,61,-18,-815,91,54,1554,-20470,29468,-7799,932,11210
4958,341806,341815,50,-16,47,-639,85,51,1559,-22828,26139,-7925,932,11212
4958,341980,341990,60,-6,-6,-95,84,56,1563,-26235,23505,-7942,929,11214
4958,342162,342172,232,-298,-116,-735,81,48,1565,-30467,21895,-8391,933,11216
4958,342337,342347,-90,-172,139,-735,78,59,1563,30549,21769,-8086,930,11218
4958,342516,342525,152,-49,-10,-1183,69,53,1559,25682,22882,-8248,925,11220
4958,342691,342701,-104,124,-13,-367,65,53,1561,21820,24978,-8595,935,11222
4958,342874,342883,11,-295,-120,-1071,70,46,1562,17929,28013,-7960,934,11224
4958,343051,343061,-71,-165,232,-1039,61,41,1555,15702,31898,-8194,935,11226
4958,343226,343236,-312,352,-6,-543,62,38,1567,14307,-29082,-8308,911,11228
4958,343399,343409,80,114,-86,-799,68,36,1564,14451,-24993,-8080,937,11230
4958,343574,343584,10,221,-163,-783,65,27,1568,15900,-20946,-8302,936,11232
4958,343785,343795,126,233,-7,-1215,72,26,1563,18684,-17139,-8104,931,11234
4958,343960,343970,83,-128,-289,-591,76,25,1557,22641,-14505,-7901,914,11236
4958,344135,344145,-46,-384,-9,-703,86,27,1568,26903,-13146,-7877,933,11238
4958,344312,344322,-169,356,250,-591,97,19,1563,31130,-13320,-7242,930,11240
4958,344487,344497,-42,95,-132,-303,96,24,1559,-29905,-14391,-7392,920,11242
4958,344662,344671,-17,-155,123,-879,94,35,1557,-25648,-16959,-7302,938,11244
4958,344843,344853,-243,209,-202,-1343,97,30,1562,-22188,-20318,-7218,937,11246
4958,345020,345030,152,-431,156,-687,98,40,1560,-19943,-23988,-7242,935,11248
4958,345203,345213,100,304,227,-767,93,52,1560,-18829,-28795,-7176,935,11250
4958,345378,345388,0,232,-28,-815,92,53,1557,-19123,32539,-7284,915,11252
4958,345555,345565,93,65,133,-959,97,52,1567,-20619,28827,-7422,919,11254
4958,345730,345740,89,-58,-147,-1071,94,59,1562,-23283,25451,-7595,937,11256
4958,345905,345915,77,-333,-226,-767,86,56,1559,-27205,22804,-7464,930,11258
4958,346078,346088,-78,-132,398,-527,75,60,1561,-30964,21595,-7637,931,11260
4958,346255,346265,116,210,-98,-447,77,59,1562,29944,21589,-7739,938,11262
4958,346430,346440,219,50,-116,-463,73,48,1562,25167,22990,-7775,936,11264
4958,346605,346615,195,67,121,-927,75,46,1565,21306,25043,-7907,924,11266
4958,346780,346790,83,-235,-41,-1055,72,49,1569,17690,28366,-7709,917,11268
4958,346959,346969,-8,-323,160,-927,66,44,1562,15391,32425,-7859,917,11270
4958,347134,347143,93,-365,243,-751,66,43,1565,14301,-28974,-7853,939,11272
4958,347308,347318,121,-520,-156,-383,69,33,1567,14661,-24215,-7643,929,11274
4958,347493,347503,180,32,-222,-623,77,22,1570,16079,-20150,-7320,934,11276
4958,347668,347678,60,-217,-88,-479,69,32,1567,18594,-16570,-7942,925,11278
4958,347844,347854,55,0,-123,-799,86,25,1562,22353,-14421,-7422,910,11280
4958,348037,348046,-82,-44,-87,-943,88,16,1563,27160,-12984,-7398,920,11282
4958,348215,348225,119,63,-135,-703,90,27,1563,31507,-13020,-7296,940,11284
4958,348390,348400,103,63,-87,-479,96,25,1572,-29479,-14403,-7278,922,11286
4958,348565,348575,-91,29,-234,-383,99,34,1563,-25127,-16929,-7044,933,11288
4958,348742,348752,26,56,-206,-559,99,36,1559,-21960,-20192,-6907,918,11290
4958,348917,348927,23,200,105,-831,97,40,1565,-19775,-24095,-6775,922,11292
4958,349092,349102,-24,-274,8,-719,93,52,1561,-18662,-28507,-6793,913,11294
4958,349268,349277,67,-178,-386,-671,100,50,1572,-19069,32652,-6781,922,11296
4958,349445,349454,-107,-8,132,-687,92,54,1569,-20643,28707,-7182,922,11298
4958,349620,349630,-78,342,119,-927,91,52,1570,-23277,25127,-7386,933,11300
4958,349795,349805,89,191,-71,-959,78,50,1556,-26947,22840,-7038,941,11302
4958,349981,349991,-145,19,-113,-959,81,53,1570,-31611,21577,-7272,934,11304
4958,350156,350166,-202,-331,137,-1167,80,50,1567,29226,21781,-7655,929,11306
4958,350332,350341,-104,-205,-50,-703,75,53,1556,24742,23080,-7703,917,11308
4958,350507,350517,-180,75,-93,-895,66,45,1565,20671,25558,-7751,931,11310
4958,350684,350694,50,65,-164,-511,68,50,1568,17199,28881,-7589,930,11312
4958,350859,350869,230,367,-200,-575,62,35,1553,15157,-32656,-7727,937,11314
4958,351034,351044,119,217,-6,-575,62,38,1569,14020,-28286,-7679,917,11316
4958,351211,351221,-124,268,241,-495,65,36,1561,14481,-23910,-7811,938,11318
4958,351384,351394,-232,-215,84,-655,74,37,1575,15822,-19588,-7392,941,11320
4958,351560,351569,-113,-222,13,-655,70,22,1559,18725,-16325,-7476,928,11322
4958,351735,351745,70,-96,9,-575,81,29,1560,22389,-13990,-7308,940,11324
4958,351912,351922,104,62,-36,-1119,73,19,1563,26406,-12464,-7200,938,11326
4958,352087,352097,-100,-205,-184,-831,83,18,1561,31387,-12565,-7206,923,11328
4958,352262,352272,-113,-302,-92,-703,85,22,1561,-29521,-13775,-6781,915,11330
4958,352445,352455,-160,-28,-126,-719,96,27,1564,-25474,-16265,-6524,937,11332
4958,352655,352665,344,204,-51,-303,92,37,1555,-21344,-20617,-6572,921,11334
4958,352830,352840,-84,-29,-117,-1327,85,36,1570,-19314,-24718,-6817,939,11336
4958,353005,353015,-78,-190,-158,-559,102,51,1556,-18470,-29100,-6907,940,11338
4958,353183,353192,-108,-264,55,-863,91,49,1556,-18805,32060,-7015,917,11340
4958,353365,353375,14,354,32,-719,97,52,1559,-20859,27713,-7074,941,11342
4958,353561,353571,-8,130,-89,-511,86,59,1564,-24253,24325,-7009,937,11344
4958,353736,353746,33,81,-60,-671,83,56,1568,-28133,22200,-7134,935,11346
4958,353914,353924,87,136,-39,-735,74,56,1562,32698,21619,-7200,935,11348
4958,354087,354097,-143,-302,-111,-863,75,52,1567,28058,21811,-7446,935,11350
4958,354262,354272,83,355,143,-351,75,52,1565,23640,23247,-7422,937,11352
4958,354439,354449,173,-109,71,-783,68,57,1572,19701,26325,-7440,920,11354
4958,354614,354624,128,-9,-4,-767,67,45,1562,16624,29797,-7344,913,11356
4958,354789,354799,142,280,0,-1055,60,28,1565,14421,-31674,-7470,923,11358
4958,354964,354974,69,-57,306,-335,62,40,1554,13709,-27274,-7523,937,11360
4958,355141,355151,-49,-232,-351,-671,61,26,1547,14152,-22724,-7374,931,11362
4958,355334,355344,-141,78,297,-655,70,29,1565,16714,-18348,-7098,930,11364
4958,355509,355519,94,-200,-95,-415,70,24,1557,19582,-15325,-6907,922,11366
4958,355687,355696,-91,-287,-97,-559,74,21,1547,23820,-13320,-7152,926,11368
4958,355862,355872,-86,204,-148,-639,84,18,1560,28424,-12631,-7134,938,11370
4958,356037,356047,-70,-359,167,-911,88,26,1571,-32712,-12907,-6751,935,11372
4958,356212,356222,25,-242,-32,-735,88,21,1551,-28168,-14475,-7050,930,11374
4958,356389,356399,-166,30,19,-1071,94,26,1557,-24325,-17307,-6404,936,11376
4958,356564,356574,-112,-202,-76,-911,100,30,1578,-20913,-20958,-6943,921,11378
4958,356736,356746,-105,10,91,-911,99,34,1553,-19111,-25095,-6703,941,11380
4958,356914,356924,11,87,-328,-127,99,51,1552,-18249,-29866,-6566,939,11382
4958,357089,357099,-215,163,-74,-127,96,53,1584,-18967,31329,-6464,938,11384
4958,357264,357274,197,250,2,-1039,93,57,1553,-21284,27330,-6751,931,11386
4958,357439,357449,-193,139,-152,-847,84,57,1562,-23822,24241,-6781,939,11388
4958,357616,357626,120,49,34,-895,89,60,1568,-27684,22056,-6961,934,11390
4958,357791,357801,57,-124,86,-1039,90,66,1573,-32479,21194,-6943,927,11392
4958,357974,357984,-36,-134,195,-895,80,65,1568,27873,21583,-7194,930,11394
4958,358149,358159,125,-339,203,-879,74,52,1567,23341,23421,-7248,938,11396
4958,358328,358338,-215,-60,57,-847,65,50,1569,19486,26085,-7452,914,11398
4958,358503,358513,108,103,-130,-927,60,41,1569,16271,29539,-7481,920,11400
4958,358678,358688,188,-239,-295,-127,68,41,1569,14247,-31656,-7056,933,11402
4958,358855,358865,111,-139,-48,-719,62,28,1571,13475,-27017,-7170,918,11404
4958,359030,359040,-216,45,-437,-1343,72,34,1569,14307,-22629,-7242,937,11406
4958,359205,359215,-226,105,-94,-879,72,21,1560,16433,-18797,-7212,926,11408
4958,359378,359388,126,-29,366,-863,68,18,1565,19360,-15816,-7015,939,11410
4958,359557,359567,203,15,-40,-463,73,22,1571,23509,-13308,-6787,930,11412
4958,359732,359742,-73,-163,95,-847,82,19,1571,28029,-12493,-6512,933,11414
4958,359907,359917,-167,191,-387,-879,90,14,1564,-32664,-12637,-6404,931,11416
4958,360084,360094,-50,-97,-288,-607,94,19,1553,-28246,-14230,-5985,939,11418
4958,360259,360269,38,-220,87,-191,94,34,1567,-24319,-16995,-6649,938,11420
4958,360434,360444,-91,-3,204,-1007,92,35,1560,-21062,-20617,-6578,942,11422
4958,360617,360627,-88,-90,-64,-687,100,36,1564,-18961,-25005,-6152,935,11424
4958,360794,360804,-39,-333,-56,-847,97,35,1555,-18261,-29675,-6057,929,11426
4958,360969,360979,38,181,-2,-767,89,48,1557,-18925,31287,-6141,915,11428
4958,361145,361155,162,13,323,-1023,90,52,1573,-20721,27354,-6314,935,11430
4958,361349,361359,52,52,195,-655,88,54,1564,-24277,23852,-6356,931,11432
4958,361532,361541,-30,-45,-274,-959,83,49,1561,-28731,21978,-6643,925,11434
4958,361707,361716,-88,233,-68,-927,81,53,1576,32183,21284,-6757,928,11436
4958,361889,361899,-10,117,-117,-1231,74,57,1568,26981,21697,-6500,940,11438
4958,362065,362075,83,-115,-141,-991,69,49,1573,22521,23631,-6847,919,11440
4958,362241,362250,16,-65,-232,-879,73,57,1559,18606,26408,-6613,941,11442
4958,362416,362425,-253,-210,-176,-1135,59,44,1560,15720,30300,-6931,934,11444
4958,362593,362603,-102,-4,125,-1119,62,42,1561,14152,-30693,-7021,924,11446
4958,362768,362778,7,-227,-43,-735,67,38,1569,13493,-26155,-6859,939,11448
4958,362943,362953,-167,-273,-188,-1135,68,33,1560,14577,-21874,-7092,942,11450
4958,363118,363128,119,-64,-159,-687,73,26,1560,16642,-18241,-6661,936,11452
4958,363304,363314,-101,115,21,-847,70,28,1554,20174,-14918,-6901,931,11454
4958,363479,363489,21,295,-109,-655,75,24,1559,24281,-12859,-6841,938,11456
4958,363654,363664,-11,-145,-223,-815,86,22,1568,29046,-12050,-6685,923,11458
4958,363830,363840,159,-50,194,-431,91,28,1569,-31766,-12745,-6063,937,11460
4958,364008,364018,-51,-78,-268,-783,91,29,1555,-27229,-14780,-6464,934,11462
4958,364183,364193,-111,-52,261,-687,98,28,1565,-23307,-17714,-6667,936,11464
4958,364358,364368,-134,141,-8,-479,92,36,1570,-20458,-21461,-6224,932,11466
4958,364535,364545,-89,-105,-122,-495,100,32,1565,-18799,-25790,-6290,944,11468
4958,364707,364716,223,0,84,-943,102,40,1559,-18285,-30303,-6141,936,11470
4958,364882,364892,-62,10,230,-975,93,49,1543,-19195,30719,-6308,937,11472
4958,365057,365067,142,120,58,-703,94,54,1565,-21146,26833,-6248,940,11474
4958,365236,365246,34,-80,272,-927,84,59,1562,-24481,23786,-6170,938,11476
4958,365411,365421,150,-156,40,-1071,84,54,1561,-28821,21799,-6613,934,11478
4958,365586,365596,252,-247,121,-879,89,64,1571,32004,20967,-6464,924,11480
4958,365763,365773,-93,310,112,-687,76,53,1565,27508,21637,-6643,939,11482
4958,365946,365955,0,58,-134,-1183,70,51,1559,22659,23188,-6781,948,11484
4958,366121,366131,-92,21,32,-255,68,52,1564,18929,26450,-7170,927,11486
4958,366296,366306,113,19,135,-239,69,50,1565,15732,30222,-7134,930,11488
4958,366474,366483,13,17,-148,-223,70,40,1567,13757,-30872,-7296,940,11490
4958,366649,366659,-186,104,130,-671,70,40,1564,13218,-26274,-6859,938,11492
4958,366824,366834,80,-11,66,-591,64,32,1560,14409,-21976,-6775,933,11494
4958,367001,367011,-99,-8,291,-559,65,19,1567,16558,-18019,-6877,933,11496
4958,367176,367186,56,50,-29,-863,66,22,1559,19671,-14816,-6811,938,11498
4958,367347,367357,-91,-176,184,-1295,82,16,1557,23982,-12924,-6685,939,11500
4958,367523,367532,25,5,72,-1183,72,22,1559,28376,-12284,-6739,941,11502
4958,367700,367710,-40,-160,-141,-991,90,22,1559,-32359,-12990,-6589,930,11504
4958,367875,367885,125,-88,62,-767,90,21,1564,-27875,-14397,-6146,925,11506
4958,368050,368060,-4,-13,-49,-543,86,24,1563,-23798,-17570,-6158,942,11508
4958,368228,368237,31,6,-60,-719,100,30,1562,-20811,-21491,-5727,937,11510
4958,368403,368412,128,-143,-63,-815,97,41,1567,-19033,-25490,-6164,935,11512
4958,368586,368595,36,11,263,-847,98,46,1560,-18297,-30040,-6266,929,11514
4958,368761,368771,276,-60,145,-447,91,51,1559,-20937,30761,-6314,928,11516
4958,368938,368948,-69,-24,245,-895,88,45,1555,-21416,26869,-6296,930,11518
4958,369114,369123,-93,-66,225,-1055,93,48,1562,-24660,23942,-6781,940,11520
4958,369289,369298,53,-28,93,-463,84,62,1555,-28558,21895,-6829,946,11522
4958,369519,369529,-278,-14,222,-895,84,56,1555,30818,21284,-6853,940,11524
4958,369877,369887,-35,-300,-43,-527,64,58,1548,21348,24074,-7074,934,11526
4958,370086,370096,-98,132,-211,-463,75,51,1562,17253,28192,-7038,935,11528
4958,370257,370267,133,28,-137,-1055,61,49,1565,14625,32096,-7194,941,11530
4958,370431,370441,-30,-34,102,-911,61,38,1551,13409,-28939,-7092,938,11532
4958,370602,370612,-64,159,-394,-895,66,24,1569,13391,-24736,-7050,934,11534
4958,370773,370783,0,143,-2,-351,65,34,1552,14876,-20611,-6452,946,11536
4958,370944,370953,-13,176,41,-991,67,22,1557,17241,-16864,-6913,938,11538
4958,371127,371137,-145,-113,-86,-655,68,22,1575,21144,-14110,-6619,933,11540
4958,371302,371311,0,-32,-158,-1087,77,22,1570,25311,-12565,-6619,931,11542
4958,371492,371502,-15,129,120,-479,77,24,1562,30315,-12362,-6272,944,11544
4958,371669,371679,66,65,-85,-1087,89,26,1562,-30264,-13553,-6554,938,11546
4958,371844,371854,39,-150,129,-1119,94,29,1563,-25870,-15894,-6272,939,11548
4958,372019,372029,113,-60,339,-447,100,33,1555,-22565,-19055,-6314,929,11550
4958,372194,372204,97,104,111,-1199,99,36,1575,-20033,-23305,-5901,936,11552
4958,372371,372381,194,273,-152,-623,96,44,1567,-18638,-27699,-6146,939,11554
4958,372546,372556,159,23,-302,-959,92,37,1561,-18674,-32189,-6242,942,11556
4958,372720,372730,-176,-187,45,-1055,98,44,1563,-20081,29048,-6320,936,11558
4958,372896,372906,-137,371,-95,-623,93,46,1577,-22793,25528,-6278,943,11560
4958,373101,373110,-182,-190,-189,-895,91,54,1570,-26965,22433,-6236,939,11562
4958,373276,373286,6,-345,-136,-799,85,53,1564,-31461,21266,-6679,917,11564
4958,373451,373461,-92,-137,21,-415,78,66,1553,29028,21350,-6572,923,11566
4958,373628,373638,209,250,217,-767,82,59,1563,24586,22739,-6775,916,11568
4958,373803,373813,23,294,216,-607,69,57,1570,20462,24786,-6733,943,11570
4958,373978,373988,-110,-217,344,-703,69,44,1552,17007,28091,-7050,938,11572
4958,374164,374174,-216,-5,-219,-767,68,45,1557,14553,32688,-7134,942,11574
4958,374339,374349,48,32,-37,-639,58,40,1560,13367,-28208,-7009,941,11576
4958,374514,374524,-39,-258,52,-1055,66,32,1565,13745,-24089,-6709,936,11578
4958,374690,374699,-8,155,-50,-895,72,33,1559,15265,-19773,-6829,945,11580
4958,374867,374876,216,-79,-40,-1199,73,32,1570,18115,-16133,-6985,922,11582
4958,375042,375051,-71,32,6,-1103,70,20,1553,21946,-13703,-6584,939,11584
4958,375216,375226,167,56,-130,-1151,78,28,1565,26233,-12380,-6452,941,11586
4958,375391,375401,-18,-43,-67,-623,80,17,1569,30884,-12452,-6446,939,11588
4958,375568,375578,289,-186,-139,-559,82,27,1564,-30210,-13511,-6494,938,11590
4958,375743,375753,-317,45,-246,-623,97,16,1560,-25624,-16229,-6440,930,11592
4958,375918,375928,97,282,-134,-863,88,28,1571,-21960,-19384,-6428,937,11594
4958,376095,376105,50,-83,546,-687,92,37,1563,-19685,-23485,-6542,944,11596
4958,376270,376280,-55,-125,48,-175,99,30,1564,-18362,-28088,-6194,943,11598
4958,376445,376455,0,91,-226,-719,98,40,1549,-18650,32742,-6452,927,11600
4958,376620,376630,95,178,-94,-351,100,51,1560,-20236,28761,-6350,914,11602
4958,376807,376816,-91,17,74,-1215,89,51,1568,-23158,25085,-6410,945,11604
4958,376982,376992,165,4,-41,-687,93,56,1568,-26720,22505,-6320,937,11606
4958,377164,377174,110,-322,-56,-1071,88,53,1560,-31335,21356,-6524,938,11608
4958,377341,377351,-297,20,-125,-751,83,54,1571,29136,21332,-6518,938,11610
4958,377516,377526,-235,-140,-430,-927,81,49,1561,24485,22499,-6781,944,11612
4958,377691,377701,163,-73,-65,-607,73,58,1573,20228,25121,-6667,935,11614
4958,377866,377876,-232,-22,-335,-479,73,50,1569,16941,28456,-6931,918,11616
4958,378043,378053,233,-85,301,-1167,68,51,1549,14589,-32764,-6470,919,11618
4958,378218,378228,-218,-221,22,-639,64,36,1572,13361,-28460,-6943,938,11620
4958,378393,378403,-185,-154,-119,-607,68,35,1583,13655,-23700,-6578,937,11622
4958,378570,378580,-176,-215,-254,-719,65,33,1553,15295,-19863,-6452,923,11624
4958,378745,378755,-33,-21,-180,-143,64,27,1556,17971,-16421,-6494,943,11626
4958,378920,378930,187,-75,4,-783,73,17,1551,21695,-13595,-6745,943,11628
4958,379095,379105,-231,-132,-146,-863,76,21,1565,26131,-12362,-6865,934,11630
4958,379273,379282,29,-204,244,-991,76,30,1549,30872,-12338,-6667,938,11632
4958,379455,379465,50,-6,-104,-591,83,13,1583,-29881,-13607,-6260,939,11634
4958,379631,379640,-2,-182,326,-671,88,27,1548,-25480,-16020,-6584,927,11636
4958,379808,379818,2,-227,-79,-591,96,24,1563,-22074,-19510,-6344,944,11638
4958,379983,379993,10,-50,60,-703,94,36,1567,-19668,-23658,-6146,943,11640
4958,380158,380168,104,-33,-191,-431,85,40,1572,-18674,-28268,-6524,943,11642
4958,380333,380343,-234,4,-216,-735,91,41,1551,-18764,-32453,-6374,927,11644
4958,380510,380520,-161,-30,175,-687,97,40,1575,-20290,28725,-6548,937,11646
4958,380683,380693,-29,-293,-200,-927,86,51,1546,-23188,25175,-6853,938,11648
4958,380858,380868,-28,289,228,-863,86,62,1560,-26875,22846,-6673,940,11650
4958,381033,381043,-36,99,-153,-783,86,51,1552,-31539,21446,-6871,930,11652
4958,381223,381233,73,-92,191,-543,81,59,1587,29160,21146,-6943,936,11654
4958,381398,381408,-84,-80,-41,-687,76,52,1545,24437,22864,-7326,932,11656
4958,381573,381583,7,91,278,-175,75,53,1559,20270,25457,-7308,925,11658
4958,381750,381760,117,-67,234,-431,68,57,1567,16929,28641,-7446,932,11660
4958,381925,381935,39,34,-24,-847,62,48,1562,14409,32706,-7320,941,11662
4958,382108,382118,-9,-244,-79,-735,59,37,1564,13391,-28070,-7158,942,11664
4958,382283,382293,-32,-123,-273,-159,66,28,1552,13631,-23862,-7056,941,11666
4958,382462,382472,10,-408,24,-783,64,35,1562,15469,-19605,-7308,940,11668
4958,382645,382655,-220,-82,206,-911,69,28,1554,18199,-16253,-7266,943,11670
4958,382820,382830,23,-173,-71,-655,66,29,1569,22024,-13553,-7176,943,11672
4958,382997,383007,29,182,-31,-831,74,26,1573,26652,-12523,-6877,937,11674
4958,383172,383182,109,-81,-131,-783,77,20,1564,31046,-12613,-6589,926,11676
4958,383345,383354,41,-207,125,-527,89,17,1557,-29785,-13583,-7003,942,11678
4958,383520,383530,1,250,178,-863,91,24,1569,-25552,-16127,-6859,924,11680
4958,383697,383707,47,36,-182,-271,100,18,1579,-22104,-19779,-6254,940,11682
4958,383872,383882,17,172,-20,-1103,96,34,1571,-19763,-23844,-6272,942,11684
4958,384047,384057,-46,-299,-260,-495,101,37,1562,-18686,-28130,-6595,942,11686
4958,384224,384234,-1,43,-172,-399,101,44,1575,-19015,32676,-6404,942,11688
4958,384399,384409,82,151,-10,-911,94,44,1556,-20769,28749,-6673,932,11690
4958,384574,384584,-101,-54,63,-671,96,51,1545,-23188,25217,-6745,938,11692
4958,384757,384767,7,37,-9,-399,92,51,1564,-27019,22703,-7098,944,11694
4958,384934,384944,261,100,80,-1039,90,56,1559,-31533,21565,-6811,926,11696
4958,385109,385119,191,-185,-158,-831,77,52,1570,29196,21631,-7296,928,11698
4958,385292,385302,143,-330,321,-671,83,58,1571,24562,23146,-7170,946,11700
4958,385469,385479,-441,140,416,-639,73,57,1557,20390,25786,-7266,934,11702
4958,385644,385654,-94,-50,101,-319,61,57,1565,16780,28935,-7278,934,11704
4958,385819,385828,-151,220,48,-991,65,38,1547,14828,-32524,-7224,930,11706
4958,385991,386001,16,-134,13,-735,66,50,1544,13858,-28124,-7200,923,11708
4958,386168,386178,46,132,-330,-735,64,46,1573,13858,-23712,-7116,920,11710
4958,386343,386353,107,-174,-73,-591,62,32,1556,15612,-19372,-6871,945,11712
4958,386518,386528,-18,72,289,-527,66,26,1567,18402,-16139,-6937,944,11714
4958,386693,386703,-34,-176,-23,-943,73,17,1564,22048,-13667,-6931,937,11716
4958,386871,386881,121,10,19,-767,74,25,1557,26574,-12368,-7134,939,11718
4958,387046,387056,138,124,36,-703,75,25,1564,31183,-12529,-7218,937,11720
4958,387221,387231,126,-17,-28,-575,78,21,1557,-29976,-13637,-7200,942,11722
4958,387407,387417,18,167,-78,-815,92,25,1568,-25397,-16439,-7056,942,11724
4958,387582,387592,-52,84,-334,-495,93,17,1567,-22194,-19665,-7104,939,11726
4958,387757,387767,-82,-221,-140,-351,96,30,1554,-19865,-23587,-6679,937,11728
4958,387932,387942,-20,-156,-55,-943,99,30,1565,-18835,-28328,-7218,939,11730
4958,388111,388121,-150,-110,-254,-527,99,38,1561,-19171,-32626,-7182,942,11732
4958,388286,388296,-52,41,47,-415,100,41,1555,-20685,28833,-6985,945,11734
4958,388461,388471,-158,-269,137,-783,96,48,1557,-23313,25576,-7182,942,11736
4958,388637,388647,4,-219,132,-767,94,52,1567,-26887,23128,-7062,941,11738
4958,388813,388822,-60,-82,-21,-719,84,52,1565,-31443,21763,-7170,920,11740
4958,388988,388998,-106,230,159,-783,82,57,1565,29447,21757,-7565,936,11742
4958,389163,389173,99,23,137,-655,77,56,1559,24754,23247,-7637,945,11744
4958,389357,389367,-60,-104,126,-927,78,64,1557,20354,25750,-7685,938,11746
4958,389532,389542,-83,-335,-132,-639,73,54,1567,17079,29282,-7398,936,11748
4958,389707,389717,115,-109,-302,-1039,66,49,1562,14637,-32506,-7619,940,11750
4958,389884,389894,32,-32,10,-335,73,43,1559,13607,-28106,-7481,938,11752
4958,390065,390075,32,4,95,-703,67,46,1561,14277,-23718,-7571,944,11754
4958,390241,390250,-88,-169,-75,-1231,68,37,1561,15744,-19611,-7571,918,11756
4958,390416,390426,45,-123,16,-1055,65,27,1565,18719,-16325,-7146,923,11758
4958,390593,390603,17,-82,-2,-975,73,25,1567,22371,-14026,-7452,935,11760
4958,390783,390793,10,-46,-85,-751,74,22,1563,27053,-12769,-7302,944,11762
4958,390958,390968,23,-7,-52,-543,83,19,1553,31369,-12793,-7344,944,11764
4958,391135,391145,144,-1,90,-783,77,19,1565,-29426,-14295,-7152,939,11766
4958,391308,391318,-47,-65,-6,-1151,89,22,1557,-25217,-16720,-6901,941,11768
4958,391483,391493,32,-24,-50,-1119,100,20,1555,-22140,-20132,-6661,920,11770
4958,391658,391668,-54,0,-136,-687,94,34,1576,-20087,-24131,-6697,947,11772
4958,391836,391845,-31,-60,-17,-799,94,33,1568,-19117,-28651,-7056,947,11774
4958,392011,392020,100,-31,-66,-1103,91,41,1559,-19368,32670,-7242,944,11776
4958,392193,392203,169,-113,-8,-831,99,43,1559,-20919,28384,-6823,941,11778
4958,392368,392378,52,-125,-8,-191,94,46,1562,-23499,25271,-7332,925,11780
4958,392568,392578,33,101,113,-639,88,50,1563,-27905,22547,-7188,928,11782
4958,392749,392759,-32,-10,-96,-351,85,56,1562,-32736,21739,-7517,936,11784
4958,392924,392934,-136,-50,-20,-751,77,58,1564,28226,21966,-7278,943,11786
4958,393102,393111,-106,157,51,-623,83,64,1562,23634,23457,-7954,937,11788
4958,393277,393287,105,-21,-68,-1135,77,51,1557,19695,26121,-7470,943,11790
4958,393459,393469,30,36,-76,-751,75,54,1564,16672,29743,-7350,935,11792
4958,393634,393644,25,314,-92,-639,62,41,1556,14535,-31489,-7601,918,11794
4958,393813,393822,-31,-242,-46,-639,62,45,1567,14014,-27029,-7715,928,11796
4958,393985,393995,-108,-44,94,-575,64,44,1555,14457,-23018,-7745,941,11798
4958,394161,394171,-19,-87,-19,-815,68,36,1562,16157,-19306,-7913,935,11800
4958,394338,394348,-81,-53,-152,-463,67,34,1565,19103,-16379,-7799,919,11802
4958,394513,394523,-113,-119,-33,-1119,62,19,1564,23066,-13918,-7679,944,11804
4958,394688,394698,-97,343,4,-655,72,24,1555,27412,-13134,-7386,944,11806
4958,394863,394873,-63,219,-4,-511,76,21,1563,32195,-13170,-7571,938,11808
4958,395040,395050,9,14,76,-623,82,19,1563,-29306,-14774,-6997,942,11810
4958,395215,395225,-54,-2,-34,-431,89,17,1551,-25283,-17205,-7104,940,11812
4958,395396,395406,107,-113,6,-879,90,25,1556,-22134,-20779,-7003,943,11814
4958,395573,395583,-113,-213,134,-415,100,27,1556,-20164,-24401,-7362,941,11816
4958,395749,395759,-82,-54,293,-943,98,28,1561,-19302,-29178,-7434,939,11818
4958,395924,395934,2,-152,10,-943,99,34,1564,-19835,32102,-7254,947,11820
4958,396099,396109,-49,-176,-98,-639,88,42,1556,-21481,28192,-7577,942,11822
4958,396276,396286,-85,-196,-91,-719,101,46,1561,-25600,25031,-7655,929,11824
4958,396451,396461,-59,-247,-28,-559,93,51,1564,-28198,22978,-7745,945,11826
4958,396624,396634,-154,-212,119,-591,89,51,1563,-32610,22038,-7793,941,11828
4958,396801,396811,-71,44,19,-431,83,60,1552,28717,22200,-7871,939,11830
4958,396977,396986,232,363,58,-559,74,56,1549,24299,23643,-8200,939,11832
4958,397152,397162,-205,-95,-75,-815,77,52,1552,20120,26498,-8308,939,11834
4958,397327,397336,238,424,-76,-799,76,48,1567,16929,29497,-7966,921,11836
4958,397504,397514,8,-148,-63,-703,65,50,1567,14960,-32093,-8242,930,11838
4958,397679,397688,39,106,95,-575,69,45,1557,14044,-27801,-8008,945,11840
4958,397853,397863,-100,-76,-41,-767,59,46,1563,14319,-23449,-8176,943,11842
4958,398035,398045,7,-180,50,-607,69,32,1564,16283,-19653,-8044,940,11844
4958,398213,398223,39,-178,15,-495,66,26,1562,18731,-16451,-7996,933,11846
4958,398389,398398,-3,-67,45,-1007,67,22,1560,22491,-14463,-8044,940,11848
4958,398564,398574,36,-88,-26,-543,68,26,1555,26538,-13230,-8368,943,11850
4958,398741,398751,20,-30,-118,-1103,70,19,1556,31405,-13146,-8014,946,11852
4958,398916,398926,-108,-126,-224,-463,85,22,1568,-29821,-14708,-7751,942,11854
4958,399091,399101,-33,-222,-111,-959,88,21,1556,-25852,-16989,-7775,937,11856
4958,399264,399274,-44,-48,-80,-1023,92,27,1568,-22775,-20198,-7913,944,11858
4958,399443,399453,-27,99,102,-703,89,26,1556,-20548,-24191,-7613,946,11860
4958,399618,399628,15,-134,39,-591,92,30,1561,-19596,-28591,-7679,926,11862
4958,399793,399803,-60,-127,-6,-639,98,30,1557,-19859,32712,-7571,942,11864
4958,399988,399998,14,167,-29,-511,98,43,1569,-21607,28641,-7398,933,11866
4958,400164,400173,72,89,-53,-399,96,43,1563,-24301,25732,-7613,932,11868
4958,400339,400348,178,4,128,-687,93,52,1562,-28174,23367,-7649,938,11870
4958,400513,400523,-29,-47,-108,-463,92,58,1564,-32467,22032,-7966,920,11872
4958,400698,400708,34,-121,15,-815,83,58,1556,28154,22164,-8553,942,11874
4958,400874,400883,-63,-87,-43,-847,82,53,1561,24089,23834,-8535,925,11876
4958,401049,401059,-96,-240,-24,-911,74,61,1556,20102,26343,-8260,926,11878
4958,401226,401236,-69,150,80,-639,75,56,1557,17145,29593,-8409,939,11880
4958,401401,401411,-30,-65,60,-991,66,53,1563,15199,-32010,-8302,938,11882
4958,401584,401594,41,46,-138,-575,64,41,1559,14277,-27843,-8523,949,11884
4958,401800,401810,4,-138,-82,-959,70,37,1562,14918,-22479,-8236,941,11886
4958,402049,402058,20,95,47,-655,60,37,1557,18187,-17702,-8403,943,11888
4958,402224,402234,65,-100,4,-847,73,22,1559,21647,-15092,-8140,940,11890
4958,402399,402409,29,149,-102,-687,69,28,1570,25574,-13541,-7793,939,11892
4958,402576,402586,80,117,-130,-31,70,24,1567,29729,-13415,-7925,935,11894
4958,402751,402761,-34,104,71,-815,78,17,1560,-31521,-14361,-8200,944,11896
4958,402926,402935,59,81,88,-975,85,18,1560,-27288,-16474,-7703,938,11898
4958,403100,403110,-45,-57,-41,-831,82,20,1564,-23918,-19426,-8260,944,11900
4958,403287,403297,6,-82,42,-1279,94,25,1559,-21242,-23341,-8230,946,11902
4958,403462,403472,-109,-75,162,-527,98,30,1565,-20081,-27609,-8014,944,11904
4958,403637,403647,109,180,13,-1135,96,36,1559,-19925,-31638,-8194,929,11906
4958,403812,403822,-28,-48,17,-495,97,36,1557,-21098,29821,-8122,940,11908
4958,403991,404000,-74,59,-143,-703,97,35,1555,-23601,26384,-8002,941,11910
4958,404166,404175,14,-126,-126,-1231,91,45,1569,-26666,23972,-8068,931,11912
4958,404340,404350,20,-189,-54,-1087,85,50,1561,-30779,22822,-8344,921,11914
4958,404517,404527,-15,-39,67,-655,90,54,1563,30435,22338,-8373,945,11916
4958,404690,404700,-108,-12,104,-863,84,53,1560,25802,23355,-8906,924,11918
4958,404865,404875,-30,-84,85,-399,84,66,1532,22102,25211,-8667,944,11920
4958,405040,405050,184,91,21,-639,76,59,1557,18492,28240,-8966,939,11922
4958,405219,405229,51,44,65,-639,72,49,1572,15936,32048,-8787,941,11924
4958,405394,405404,85,-8,384,-575,69,53,1559,14834,-29639,-9092,929,11926
4958,405569,405578,67,-129,-123,-607,67,43,1567,14565,-25406,-9098,932,11928
4958,405746,405755,56,-346,-21,-911,62,41,1557,15804,-21539,-8697,937,11930
4958,405929,405938,-10,-205,-8,-751,62,33,1559,18175,-18223,-8445,931,11932
4958,406104,406113,32,95,-34,-607,67,33,1561,21401,-15600,-8870,943,11934
4958,406279,406289,131,-319,-49,-639,77,28,1564,25059,-13960,-8607,947,11936
4958,406456,406466,39,-211,28,-639,66,24,1560,29370,-13834,-8463,929,11938
4958,406631,406641,36,207,-174,-655,76,21,1567,-31790,-14559,-8188,941,11940
4958,406806,406816,178,-184,95,-591,86,24,1563,-27725,-16546,-8014,934,11942
4958,406984,406993,-161,-270,-29,-895,94,19,1557,-24463,-19378,-8182,946,11944
4958,407159,407168,-8,125,-96,-671,94,20,1560,-21643,-23042,-7859,936,11946
4958,407331,407341,-6,-33,166,-783,93,33,1563,-20530,-26646,-8134,947,11948
4958,407507,407516,38,-277,88,-639,94,38,1565,-20296,-30657,-8206,930,11950
4958,407684,407694,-6,-42,200,-863,98,43,1559,-21290,30635,-8242,932,11952
4958,407859,407869,-50,-267,65,-495,97,48,1563,-23427,27348,-8248,948,11954
4958,408034,408044,-129,-300,-53,-799,92,42,1556,-26612,24762,-8667,944,11956
4958,408211,408221,-17,34,-107,-703,89,57,1562,-30605,23194,-8613,943,11958
4958,408386,408396,65,223,152,-815,92,54,1563,30794,22793,-8918,926,11960
4958,408569,408579,8,-221,122,-1119,81,54,1560,26532,23702,-8876,937,11962
4958,408744,408754,123,242,-60,-879,83,51,1562,22431,25480,-9044,929,11964
4958,408922,408932,14,315,36,-399,73,52,1565,19264,28186,-8834,923,11966
4958,409118,409128,36,80,-96,-767,68,52,1555,16331,32281,-8990,946,11968
4958,409294,409303,-126,-65,-98,-543,69,45,1561,15283,-29340,-8799,945,11970
4958,409469,409478,-101,-317,13,-735,65,36,1563,15050,-25454,-9074,919,11972
4958,409647,409657,91,-117,-17,-527,67,40,1569,16229,-21665,-9110,943,11974
4958,409830,409839,-65,-251,-10,-879,67,37,1559,18552,-18282,-9008,943,11976
4958,410002,410012,28,-16,54,-1311,66,26,1570,21815,-15714,-8625,945,11978
4958,410180,410189,109,184,-208,-527,64,26,1571,25586,-14367,-8972,939,11980
4958,410355,410365,-30,39,150,-335,69,27,1563,29920,-14050,-8822,945,11982
4958,410530,410539,-139,129,-188,-623,76,21,1562,-31383,-15092,-8900,943,11984
4958,410705,410714,11,17,-138,-1167,83,24,1562,-27695,-16858,-8840,939,11986
4958,410883,410893,71,34,-255,-927,86,26,1559,-24600,-19779,-8445,946,11988
4958,411058,411068,99,-197,-53,-815,84,16,1564,-22224,-23000,-8260,939,11990
4958,411241,411251,51,119,-30,-703,92,24,1561,-21044,-26915,-8679,923,11992
4958,411425,411435,2,296,54,-655,94,28,1562,-20566,-31393,-8811,941,11994
4958,411601,411611,17,-2,-123,-623,99,41,1567,-21930,30599,-8900,944,11996
4958,411793,411803,52,-250,145,-623,99,42,1563,-24469,26953,-9140,935,11998
4958,411990,412000,175,116,-265,-703,92,53,1562,-28150,24487,-8966,942,12000
4958,412167,412177,4,-81,-32,-575,92,46,1568,-31946,23349,-9236,954,12002
4958,412342,412352,34,-47,-312,-959,84,56,1563,29346,23349,-9379,926,12004
4958,412517,412527,16,-106,-165,-463,86,60,1563,25275,24211,-9619,942,12006
4958,412693,412703,23,22,-30,-735,80,61,1556,21437,26384,-9397,931,12008
4958,412869,412878,18,185,55,-735,70,59,1561,18648,29264,-9667,927,12010
4958,413044,413053,94,-104,-7,-495,70,51,1564,16570,-32542,-9613,946,12012
4958,413219,413228,-178,128,141,-527,69,41,1556,15583,-28651,-9816,920,12014
4958,413396,413406,291,256,-106,-751,61,48,1567,15678,-24838,-9697,934,12016
4958,413571,413581,-91,12,56,-1087,64,41,1563,16965,-21222,-9565,944,12018
4958,413746,413756,23,-295,67,-655,64,33,1567,18947,-18169,-9469,942,12020
4958,413932,413942,-43,-195,0,-399,67,32,1563,22659,-15636,-9523,937,12022
4958,414107,414117,3,36,-91,-511,66,30,1557,26203,-14409,-9768,944,12024
4958,414283,414292,27,-69,149,-991,75,24,1559,30525,-14577,-9649,941,12026
4958,414458,414468,-113,-267,211,-863,80,20,1557,-31060,-15463,-9385,944,12028
4958,414635,414645,-17,-110,-130,-783,83,27,1561,-27420,-17301,-9254,939,12030
4958,414810,414820,6,196,6,-239,89,20,1562,-24271,-20300,-9313,927,12032
4958,414985,414995,221,154,-110,-639,93,26,1560,-22242,-23700,-9331,946,12034
4958,415160,415170,-75,-22,-67,-319,88,30,1556,-21260,-27609,-9469,940,12036
4958,415337,415346,6,-183,-123,-415,96,30,1564,-21170,-31716,-9679,921,12038
4958,415512,415522,-75,0,-306,-1007,96,37,1559,-22727,30156,-9607,942,12040
4958,415687,415697,121,-281,-4,-511,99,40,1564,-24792,27151,-9481,946,12042
4958,415864,415874,-6,-39,86,-911,98,45,1563,-27827,25169,-9942,940,12044
4958,416039,416049,-21,-165,-195,-1119,97,51,1564,-31467,24086,-9655,939,12046
4958,416214,416224,5,215,195,-959,86,57,1568,30016,23762,-9804,950,12048
4958,416389,416399,-8,-10,-2,-831,88,54,1564,25867,24600,-9978,941,12050
4958,416576,416586,26,132,-118,-751,76,60,1562,22180,26780,-9912,922,12052
4958,416751,416761,82,-23,-280,-575,76,52,1562,19055,29665,-9607,947,12054
4958,416926,416936,17,125,210,-735,78,56,1563,17067,-32746,-9738,922,12056
4958,417104,417114,-74,-204,-34,-607,68,48,1562,16175,-28813,-10050,941,12058
4958,417279,417289,-176,-175,58,-623,67,46,1563,16008,-25119,-9918,938,12060
4958,417454,417464,89,42,-56,-639,62,37,1562,17181,-21605,-10211,939,12062
4958,417629,417639,-85,-10,-153,-783,65,34,1568,19372,-18690,-10092,942,12064
4958,417806,417816,82,43,132,-1071,66,33,1563,22533,-16265,-10086,943,12066
4958,418010,418019,25,-97,-89,-975,68,28,1562,26574,-15056,-9972,934,12068
4958,418185,418194,61,32,-18,-1215,75,33,1562,30459,-14960,-9852,939,12070
4958,418362,418372,-114,27,-17,-655,80,20,1572,-31198,-15876,-9619,935,12072
4958,418537,418547,48,-24,-244,-655,80,21,1557,-27618,-18079,-9870,929,12074
4958,418712,418721,75,206,50,-751,85,20,1563,-24541,-21228,-9912,940,12076
4958,418887,418896,-15,-465,-102,-191,90,32,1573,-22631,-24155,-9708,927,12078
4958,419064,419073,-204,-63,-54,-559,93,27,1559,-21763,-28076,-9804,945,12080
4958,419246,419256,41,-321,22,-1183,101,35,1562,-21906,-32046,-9930,931,12082
4958,419421,419431,-13,207,150,-975,93,41,1560,-23044,30318,-9888,948,12084
4958,419599,419609,82,73,-110,-591,98,43,1560,-25421,27528,-10163,935,12086
4958,419774,419784,-117,-170,-91,-575,94,52,1563,-28150,25229,-10229,924,12088
4958,419949,419958,-52,37,-152,-1119,93,52,1562,-32215,24038,-10337,938,12090
4958,420124,420134,18,154,-255,-783,89,53,1569,29453,24331,-10612,938,12092
4958,420301,420311,193,214,-21,-431,83,64,1561,25993,25169,-10726,926,12094
4958,420475,420485,172,60,16,-1087,81,65,1565,22539,26953,-10457,930,12096
4958,420647,420656,261,-271,26,-575,77,64,1556,19731,29575,-10948,924,12098
4958,420822,420832,-71,-21,212,-751,73,57,1563,17408,-32680,-10888,940,12100
4958,421008,421018,19,-45,63,-591,67,49,1554,16181,-29004,-11103,944,12102
4958,421183,421193,-160,-145,-58,-1295,72,44,1559,16516,-25215,-10870,946,12104
4958,421358,421368,56,-58,-200,-655,67,41,1560,17558,-22102,-10780,952,12106
4958,421535,421545,-223,-106,60,-943,68,38,1571,19779,-18965,-10415,945,12108
4958,421710,421720,-9,-366,117,-623,66,29,1561,22760,-16702,-10445,948,12110
4958,421893,421903,66,42,52,-575,64,36,1565,26388,-15690,-10457,941,12112
4958,422068,422078,-110,-31,307,-351,73,33,1554,30076,-15577,-10337,951,12114
4958,422247,422257,-127,-119,34,-735,74,29,1554,-31814,-16211,-10319,946,12116
4958,422422,422432,18,74,31,-511,82,22,1568,-28240,-18187,-10547,942,12118
4958,422597,422607,0,-21,-10,-671,88,18,1562,-25253,-20821,-10469,933,12120
4958,422774,422784,2,-15,-25,-431,88,24,1564,-23295,-24179,-10445,940,12122
4958,422949,422959,1,-10,0,-623,85,25,1562,-22218,-27424,-10373,947,12124
4958,423124,423133,174,-19,-13,-799,98,30,1564,-22146,-31333,-10331,947,12126
4958,423295,423305,0,-13,-1,-991,99,41,1562,-23367,31287,-10505,927,12128
4958,423472,423482,2,-19,-8,-431,97,46,1568,-25355,27803,-10828,936,12130
4958,423648,423657,4,-11,-10,-543,96,48,1561,-28162,26061,-10948,939,12132
4958,423823,423832,-15,-60,-18,-399,94,43,1567,-31281,24882,-10984,926,12134
4958,424000,424010,4,-26,-11,-719,94,56,1561,30519,24517,-11283,933,12136
4958,424175,424185,1,-19,-13,-431,89,59,1563,26712,25373,-11241,934,12138
4958,424350,424360,0,-21,-9,-495,80,57,1557,23365,26935,-11253,935,12140
4958,424533,424543,0,-29,-11,-639,80,57,1564,20270,29474,-11313,933,12142
4958,424710,424720,169,-30,-19,-703,75,50,1561,18372,32700,-11319,922,12144
4958,424885,424895,-6,-28,-7,-383,70,54,1563,17301,-29417,-11397,926,12146
4958,425060,425070,0,-23,-7,-671,69,53,1562,17175,-25927,-11127,926,12148
4958,425237,425247,1,-24,-6,-943,61,45,1562,18199,-22419,-11576,940,12150
4958,425412,425422,0,-12,-5,-719,69,40,1563,20066,-19701,-11403,939,12152
4958,425587,425597,-4,-13,-13,-1359,69,35,1562,22635,-17534,-11103,944,12154
4958,425762,425772,8,-32,-19,-767,68,28,1562,25915,-16451,-11055,936,12156
4958,425939,425948,2,-17,-4,-335,70,29,1570,29382,-16079,-10900,943,12158
4958,426114,426124,-2,-17,0,-655,73,22,1563,-32245,-16492,-11038,939,12160
4958,426297,426307,0,-13,-10,-607,76,21,1564,-29162,-18330,-11259,949,12162
4958,426500,426509,4,-21,-2,-559,82,22,1560,-25852,-21096,-11079,953,12164
4958,426678,426688,10,-25,0,-911,88,25,1561,-23798,-24359,-10738,938,12166
4958,426853,426863,-5,-13,-10,-335,88,28,1564,-22948,-27747,-10978,942,12168
4958,427028,427038,7,-17,-9,-543,97,26,1561,-22828,-31154,-10942,939,12170
4958,427215,427225,-8,-12,-103,-639,94,35,1565,-24026,31210,-11289,945,12172
4958,427390,427400,11,-12,-4,-479,88,38,1564,-25912,28306,-11259,931,12174
4958,427565,427575,8,-9,-3,-463,97,45,1563,-28623,26402,-11205,949,12176
4958,427741,427750,4,-19,-11,-447,98,48,1562,-31922,25415,-11295,925,12178
4958,427919,427929,2,-17,-4,-879,88,56,1568,29866,25097,-11337,947,12180
4958,428094,428104,11,-22,-15,-959,93,62,1563,26227,26037,-11439,930,12182
4958,428269,428279,-21,-31,0,-639,78,57,1557,23479,27869,-11678,930,12184
4958,428446,428456,-167,-17,-12,-671,75,53,1562,20671,30084,-11744,935,12186
4958,428621,428631,2,-13,-12,-1263,75,57,1565,18696,-32225,-11804,936,12188
4958,428796,428806,2,-23,-8,-671,72,50,1556,17546,-29052,-11570,931,12190
4958,428972,428981,2,-15,-8,-815,69,49,1562,17708,-25820,-11774,944,12192
4958,429149,429159,-2,-13,-14,-895,62,44,1561,18648,-22389,-11822,943,12194
4958,429324,429334,-7,-25,-1,-639,61,36,1564,20527,-19941,-11481,950,12196
4958,429499,429509,15,-19,-5,-1135,64,34,1557,23102,-17929,-11522,950,12198
4958,429676,429686,6,-22,-175,-735,69,30,1565,26316,-16678,-11600,927,12200
4958,429859,429869,0,-16,-5,-719,70,25,1562,29801,-16433,-11654,943,12202
4958,430034,430044,-7,-14,-6,-703,76,17,1562,-32269,-17133,-11504,952,12204
4958,430209,430219,3,-18,-4,-783,80,25,1563,-29174,-18755,-11259,948,12206
4958,430387,430397,5,-12,-3,-639,91,16,1564,-26708,-21156,-11319,948,12208
4958,430569,430579,0,-16,-9,-1183,85,26,1557,-24523,-24161,-11079,934,12210
4958,430744,430754,5,-8,-11,-719,92,30,1562,-23643,-27214,-11457,945,12212
4958,430921,430931,8,-48,2,-991,93,33,1565,-23415,-30268,-11343,948,12214
4958,431094,431104,4,-27,-12,-719,93,29,1561,-24361,32000,-11714,925,12216
4958,431269,431279,0,-17,-9,-703,94,37,1564,-25953,29432,-11774,949,12218
4958,431466,431476,2,-22,-7,-623,97,43,1565,-28941,27276,-12157,942,12220
4958,431643,431653,-16,-50,-17,-751,93,49,1561,32207,25870,-11750,932,12222
4958,431818,431828,3,-16,-3,-207,86,53,1562,30190,25941,-12337,952,12224
4958,431994,432003,3,-18,1,-927,86,54,1561,26741,26714,-12025,944,12226
4958,432169,432178,3,-15,-21,-895,83,60,1564,23491,28288,-12295,938,12228
4958,432347,432357,1,-19,-1,-799,78,56,1562,21222,30701,-12373,928,12230
4958,432530,432540,-17,-43,0,-879,75,58,1561,19282,-32093,-12349,953,12232
4958,432705,432715,2,-38,-25,-527,72,49,1562,18193,-28921,-12432,945,12234
4958,432883,432892,1,-27,-4,-447,62,46,1561,18330,-25724,-12744,942,12236
4958,433058,433067,-4,-15,-5,-1055,62,46,1564,19294,-22982,-12378,944,12238
4958,433233,433242,2,-19,-13,-895,65,40,1562,20923,-20474,-12277,944,12240
4958,433408,433418,-15,-21,-84,-863,69,32,1557,23598,-18696,-12408,937,12242
4958,433586,433596,12,-21,-1,-895,68,27,1557,26370,-17606,-12624,948,12244
4958,433759,433769,1,-23,-9,-815,68,21,1560,29621,-17139,-12127,940,12246
4958,433935,433944,5,-13,-16,-1055,76,20,1564,32752,-17684,-11995,945,12248
4958,434129,434139,6,-12,-4,-399,80,17,1563,-29312,-19749,-12217,943,12250
4958,434312,434322,4,-19,19,-623,81,24,1557,-26594,-22018,-12133,944,12252
4958,434487,434497,4,-26,-10,-847,88,21,1560,-25079,-24479,-11744,945,12254
4958,434662,434672,-2,-18,-2,-943,92,22,1559,-24259,-27466,-11959,945,12256
4958,434985,434995,2,-17,-8,-495,98,32,1565,-24864,32509,-12277,927,12258
4958,435156,435166,2,-17,-7,-927,98,38,1567,-26337,29922,-12313,944,12260
4958,435337,435346,17,-4,-175,-703,98,43,1565,-28779,28150,-12570,932,12262
4958,435511,435521,3,-17,-5,-655,100,45,1563,-31467,26923,-12528,927,12264
4958,435682,435692,3,-17,-20,-655,86,51,1561,30902,26696,-12774,927,12266
4958,435853,435863,3,-16,-2,-495,90,54,1560,27843,27151,-12654,946,12268
4958,436024,436034,-1,-6,-5,-623,83,56,1563,24969,28408,-12636,946,12270
4958,436198,436208,-6,-16,-7,-671,83,56,1563,22515,30132,-12648,922,12272
4958,436380,436390,7,-19,-19,-191,77,58,1564,20474,32545,-12732,942,12274
4958,436627,436637,5,-12,-6,-559,68,49,1560,19156,-28765,-12738,956,12276
4958,436843,436853,-4,-8,-8,-975,66,46,1560,19294,-25161,-12947,942,12278
4958,437018,437028,0,-18,-1,-1023,62,42,1564,20611,-22443,-12666,943,12280
4958,437193,437203,-1,-20,0,-799,65,37,1563,22090,-20300,-12630,932,12282
4958,437368,437378,4,-22,-8,-607,67,37,1563,24485,-18534,-12594,944,12284
4958,437545,437555,-4,-17,6,-943,68,30,1562,27532,-17774,-12822,948,12286
4958,437720,437730,4,-18,-8,-655,74,27,1570,30711,-18097,-12498,947,12288
4958,437895,437905,9,-13,-4,-671,76,20,1565,-32114,-18672,-12199,946,12290
4958,438077,438087,-3,-26,-4,-751,75,27,1562,-29348,-20390,-12648,945,12292
4958,438256,438266,5,-8,0,-335,81,24,1561,-26893,-22599,-12606,949,12294
4958,438431,438441,4,-13,-16,-751,82,25,1562,-25720,-24951,-12516,947,12296
4958,438606,438616,10,-15,-8,-463,93,25,1559,-24894,-28106,-12570,946,12298
4958,438783,438792,-2,-18,-21,-943,96,35,1565,-25020,-30866,-12833,932,12300
4958,438958,438967,2,-19,-5,-527,96,33,1560,-25959,31802,-13025,947,12302
4958,439133,439142,0,-28,-16,-719,94,38,1569,-27749,29857,-13175,933,12304
4958,439305,439315,6,-1,12,-495,97,44,1563,-29803,28426,-13145,951,12306
4958,439483,439493,7,-14,-13,-975,99,48,1560,-32658,27366,-12887,950,12308
4958,439659,439669,-2,-15,-15,-895,94,56,1562,29729,27444,-12905,941,12310
4958,439834,439844,2,-24,2,-1087,92,57,1562,26927,27911,-13079,951,12312
4958,440011,440021,0,-18,-19,-799,85,64,1563,24347,29479,-13115,925,12314
4958,440186,440196,-4,-15,-21,-511,82,58,1562,22024,31653,-13486,928,12316
4958,440361,440371,-14,-11,-1,-447,73,59,1565,20617,-31459,-13456,948,12318
4958,440536,440546,1,-16,-4,-671,72,54,1565,19677,-28699,-13450,952,12320
4958,440722,440731,0,-20,-6,-831,65,48,1562,19647,-25915,-13223,949,12322
4958,440897,440906,0,-18,-10,-847,67,42,1568,20659,-23479,-13558,944,12324
4958,441072,441081,19,-34,6,-879,70,40,1563,22210,-21276,-13408,951,12326
4958,441249,441259,17,-59,-32,-911,60,36,1559,24455,-19402,-13330,945,12328
4958,441424,441434,5,-26,0,-767,65,28,1559,26837,-18606,-13097,948,12330
4958,441599,441609,-6,-19,-6,-655,68,26,1561,29729,-18600,-13091,946,12332
4958,441781,441791,2,-17,-13,-847,74,27,1557,32656,-19336,-12887,945,12334
4958,441965,441975,-7,-8,-172,-831,74,17,1560,-30294,-20647,-12408,949,12336
4958,442140,442150,-2,-15,-10,-607,78,25,1560,-27911,-22563,-12768,944,12338
4958,442315,442325,0,-26,-8,-1151,91,16,1565,-26540,-25155,-12768,941,12340
4958,442492,442502,-7,-21,-10,-751,92,25,1557,-25672,-27933,-12738,938,12342
4958,442667,442677,8,-23,-15,-943,100,28,1559,-25870,-30375,-13199,941,12344
4958,442842,442852,4,-5,16,-735,93,30,1561,-26426,32521,-13127,946,12346
4958,443017,443027,-37,-19,-4,-495,101,40,1561,-27989,30814,-13205,947,12348
4958,443194,443204,7,-14,2,-1231,98,46,1563,-30036,29102,-13133,930,12350
4958,443375,443385,0,-10,-8,-895,101,53,1563,-32479,28402,-13420,923,12352
4958,443550,443560,-7,-17,-2,-1023,94,56,1569,30208,28079,-13324,925,12354
4958,443725,443735,-2,-23,0,-527,90,51,1560,27651,28701,-13366,949,12356
4958,443904,443914,1,-25,-17,-831,82,51,1564,25023,30192,-13378,925,12358
4958,444079,444089,6,-19,0,-911,78,57,1562,22808,31760,-13408,928,12360
4958,444254,444264,4,-23,-8,-975,72,56,1555,21282,-31525,-13438,945,12362
4958,444431,444441,2,-15,1,-655,72,53,1561,20509,-28986,-13630,934,12364
4958,444604,444614,1,-15,-17,-655,70,46,1562,20635,-26203,-13444,947,12366
4958,444779,444789,4,-35,-8,-895,67,48,1560,21234,-24101,-13642,945,12368
4958,444954,444964,2,-24,-16,-655,67,36,1561,22539,-22114,-13522,941,12370
4958,445133,445143,-1,-16,-12,-687,67,30,1559,24461,-20300,-13396,936,12372
4958,445308,445318,2,-22,-2,-1039,65,27,1562,26412,-19384,-13109,936,12374
4958,445483,445493,1,-22,-4,-687,70,29,1564,29100,-19061,-13247,948,12376
4958,445660,445670,-8,-27,3,-447,76,27,1564,32105,-19276,-13001,947,12378
4958,445835,445845,0,-27,1,-447,81,25,1564,-31329,-20653,-12941,953,12380
4958,446016,446026,2,-21,-5,-655,82,21,1562,-29030,-22299,-13073,942,12382
4958,446191,446201,1,-10,-4,-655,92,21,1563,-27552,-24508,-13019,943,12384
4958,446369,446379,1,-21,-8,-1327,93,24,1561,-26696,-26688,-13576,952,12386
4958,446554,446564,10,-24,16,-671,90,28,1561,-26522,-29627,-13360,952,12388
4958,446729,446739,0,-14,-7,-831,98,30,1564,-27223,-31872,-13229,947,12390
4958,446906,446916,2,-20,0,-943,98,37,1562,-28348,31724,-13564,947,12392
4958,447081,447091,-5,-11,-13,-463,101,41,1563,-30216,30102,-13833,928,12394
4958,447254,447264,6,-17,-2,-831,96,49,1561,-32132,29228,-13785,937,12396
4958,447430,447439,171,-27,-13,-767,97,48,1564,30854,28707,-13624,932,12398
4958,447607,447617,3,-19,-4,-223,86,58,1563,28310,28971,-13510,926,12400
4958,447782,447792,-1,-17,-15,-735,88,54,1565,25921,30006,-13684,942,12402
4958,447957,447967,-169,-19,-8,-559,76,53,1567,23682,31724,-13468,940,12404
4958,448135,448144,2,-16,-5,-1183,75,50,1561,22431,-32004,-13911,954,12406
4958,448310,448319,9,-6,-39,-607,74,52,1563,21455,-29483,-14025,949,12408
4958,448484,448494,-2,-11,3,-1007,70,46,1561,21174,-27304,-13809,935,12410
4958,448666,448676,0,-29,-10,-415,64,43,1561,21545,-24880,-13396,942,12412
4958,448843,448853,-7,-20,-13,-767,60,43,1560,22701,-22976,-13594,950,12414
4958,449019,449028,6,-13,0,-975,59,38,1556,24359,-21557,-13929,946,12416
4958,449194,449203,-19,-11,-26,-815,64,30,1561,26304,-20354,-13815,939,12418
4958,449369,449379,-5,-30,-15,-591,73,24,1559,28681,-19893,-13582,952,12420
4958,449547,449557,-6,-24,-4,-975,72,26,1563,31183,-20342,-13456,943,12422
4958,449722,449732,0,-20,-15,-975,80,18,1560,-32281,-21258,-13115,955,12424
4958,449895,449905,2,-25,-13,-639,86,19,1561,-30330,-22695,-13480,928,12426
4958,450080,450090,6,7,-5,-1247,83,26,1568,-28408,-24550,-13432,948,12428
4958,450255,450265,-14,-13,-7,-943,91,26,1562,-27546,-26370,-13378,934,12430
4958,450431,450440,1,-14,2,-703,92,25,1557,-27264,-28879,-13270,950,12432
4958,450605,450615,-2,-21,-6,-1087,100,29,1561,-27462,-31100,-13522,943,12434
4958,450784,450794,-2,-16,-21,-831,102,43,1564,-28444,32581,-13576,944,12436
4958,450981,450991,0,-16,-30,-447,96,37,1563,-30114,30749,-13953,921,12438
4958,451155,451165,0,-20,-9,-543,100,49,1564,-32203,30054,-13696,933,12440
4958,451341,451350,6,-11,-4,-655,93,52,1564,30848,29503,-13803,949,12442
4958,451523,451533,2,-15,-2,-607,90,51,1561,28681,29976,-13833,947,12444
4958,451698,451708,0,-50,-73,-223,86,59,1569,26508,30599,-13929,948,12446
4958,451873,451883,13,-21,-8,-463,81,58,1564,24490,31946,-14157,943,12448
4958,452050,452060,-2,-15,-5,-687,77,58,1562,23203,-31932,-13863,940,12450
4958,452225,452235,2,-15,-18,-751,80,56,1563,22162,-29657,-13941,947,12452
4958,452400,452410,2,-15,-8,-1007,69,51,1563,21862,-27621,-13893,948,12454
4958,452577,452586,0,-19,-1,-671,66,46,1569,22240,-25388,-14198,949,12456
4958,452752,452762,-6,-17,-1,-463,64,41,1560,23006,-23790,-13971,946,12458
4958,452944,452954,-8,-15,-9,-479,66,34,1560,24628,-22174,-14019,943,12460
4958,453119,453129,-2,-12,-11,-991,65,29,1565,26544,-21222,-13761,945,12462
4958,453296,453306,-25,-21,-5,-575,68,32,1567,28513,-20749,-13857,931,12464
4958,453471,453481,-2,-43,-21,-895,69,26,1567,30722,-20958,-14037,942,12466
4958,453646,453656,2,-22,2,-655,76,25,1563,-32736,-21647,-13480,945,12468
4958,453832,453842,4,-22,2,-1103,84,14,1562,-30671,-23084,-13241,948,12470
4958,454007,454017,7,-16,-8,-511,93,21,1563,-29348,-24616,-13911,937,12472
4958,454182,454192,3,-25,-3,-1055,89,22,1561,-28510,-26406,-13708,951,12474
4958,454358,454367,2,-14,-4,-799,93,29,1557,-28186,-28442,-13821,950,12476
4958,454535,454545,174,-21,-2,-815,100,35,1560,-28384,-30441,-13660,944,12478
4958,454710,454720,0,-13,-13,-1151,98,33,1561,-29168,-32177,-13761,948,12480
4958,454885,454895,0,-17,0,-1039,100,42,1561,-30336,31748,-13827,954,12482
4958,455060,455070,0,-21,-15,-559,94,48,1565,-32024,30641,-14252,953,12484
4958,455236,455246,-93,58,-74,-943,94,53,1568,31381,30300,-14414,929,12486
4958,455411,455421,-1,-18,-16,-463,96,50,1562,29280,30371,-14276,933,12488
4958,455586,455596,2,-17,-6,-863,85,50,1564,27131,31072,-14432,936,12490
4958,455764,455773,4,-17,-8,-863,85,56,1559,25365,32144,-14360,955,12492
4958,455939,455948,0,-13,-2,-1055,77,58,1562,24263,-31920,-14492,948,12494
4958,456114,456123,0,-21,-16,-671,77,60,1562,23126,-30333,-14821,948,12496
4958,456302,456312,1,-16,-1,-799,66,49,1563,22599,-28112,-14869,949,12498
4958,456488,456498,0,-14,-10,-623,65,50,1563,22748,-26011,-14641,944,12500
4958,456663,456673,7,-16,-17,-1119,61,42,1562,23419,-24407,-14713,950,12502
4958,456838,456848,4,-45,-13,-975,62,35,1569,24538,-23066,-14761,953,12504
4958,457016,457025,-12,-30,-169,-399,64,35,1564,26137,-22144,-14468,949,12506
4958,457191,457200,3,-8,3,-863,68,25,1557,27981,-21557,-14683,955,12508
4958,457366,457376,0,-20,-10,-831,69,22,1567,29932,-21593,-14623,948,12510
4958,457541,457551,-1,-15,-4,-1023,74,16,1561,31782,-22192,-14504,947,12512
4958,457718,457728,19,-38,-18,-671,80,20,1563,-31946,-23114,-14318,937,12514
4958,457891,457900,14,-12,-10,-639,85,20,1562,-30455,-24377,-14157,947,12516
4958,458074,458083,169,-21,-14,-863,85,22,1565,-29653,-25879,-14043,947,12518
4958,458251,458261,2,-20,0,-223,91,25,1563,-28923,-27759,-14516,952,12520
4958,458426,458436,2,-14,-6,-719,92,33,1565,-28953,-29328,-14528,953,12522
4958,458601,458611,-6,-28,-20,-959,99,35,1557,-29509,-31207,-14151,956,12524
4958,458776,458786,-16,-59,-40,-815,98,37,1559,-30443,-32483,-14474,946,12526
4958,458953,458963,1,-17,-18,-975,93,40,1560,-31760,31695,-14552,941,12528
4958,459136,459145,-1,-25,-6,-399,97,46,1564,31968,31455,-14390,950,12530
4958,459310,459320,4,-24,-13,-751,90,49,1564,30178,31174,-14953,927,12532
4958,459488,459498,-6,-39,-21,-895,92,57,1563,28358,31629,-14653,947,12534
4958,459663,459673,-4,-34,2,-831,81,59,1565,26484,32293,-15019,949,12536
4958,459838,459848,-172,-20,-1,-1183,80,54,1564,24987,-31824,-14773,947,12538
4958,460013,460023,7,-10,-1,-1071,68,56,1555,24209,-30471,-14947,950,12540
4958,460190,460200,1,-18,-7,-671,72,54,1562,23521,-28765,-14857,952,12542
4958,460365,460375,13,-11,-15,-975,68,43,1565,23323,-27077,-14779,948,12544
4958,460538,460548,27,-35,-46,-431,64,46,1564,23796,-25359,-14977,949,12546
4958,460713,460723,-3,-17,-9,-783,65,36,1560,24886,-24263,-14989,947,12548
4958,460892,460902,2,-16,-8,-399,66,33,1564,25885,-22958,-14935,935,12550
4958,461074,461084,1,-16,-6,-831,68,33,1562,27466,-22204,-14983,947,12552
4958,461249,461259,-6,-10,0,-687,77,26,1561,29106,-21988,-14851,951,12554
4958,461426,461436,4,-17,-174,-559,78,26,1562,30920,-22335,-14959,946,12556
4958,461601,461611,4,-13,154,-911,78,14,1560,32495,-22988,-14576,948,12558
4958,461784,461794,5,-17,0,-1247,89,27,1563,-31587,-24281,-15168,953,12560
4958,461959,461969,2,-18,-4,-831,84,27,1564,-30348,-25508,-14737,954,12562
4958,462138,462148,171,0,-28,-591,89,26,1560,-29743,-27035,-14899,953,12564
4958,462313,462323,3,-39,6,-879,98,33,1565,-29569,-28436,-14887,953,12566
4958,462488,462498,-9,-10,-17,-1167,98,37,1564,-29701,-30238,-14989,954,12568
4958,462665,462675,2,-11,0,-751,94,41,1567,-30360,-31734,-15102,952,12570
4958,462840,462850,-6,-23,-4,-735,97,45,1563,-31647,-32716,-15084,929,12572
4958,463015,463025,3,-22,-4,-559,91,49,1561,32596,32030,-14977,926,12574
4958,463188,463197,-2,-26,-18,-655,93,54,1560,30764,31994,-15043,950,12576
4958,463365,463375,3,-21,-11,-1231,93,50,1563,29184,31940,-14935,950,12578
4958,463540,463550,8,-17,-5,-687,82,58,1559,27633,32443,-15312,941,12580
4958,463715,463725,-6,-19,2,-687,77,60,1559,26221,-32477,-15426,947,12582
4958,463892,463902,0,-17,-8,-879,70,56,1563,25191,-31255,-15210,946,12584
4958,464067,464077,-4,-5,-19,-367,65,54,1564,24371,-29765,-15210,950,12586
4958,464242,464252,-5,-13,0,-783,67,50,1564,24083,-28274,-15150,952,12588
4958,464425,464435,2,-22,0,-895,65,43,1561,24125,-26789,-15240,955,12590
4958,464602,464612,0,-24,-4,-527,62,37,1563,24802,-25233,-15486,951,12592
4958,464777,464787,3,-22,-11,-735,59,30,1563,25670,-24191,-14989,953,12594
4958,464952,464962,-8,-17,-8,-1199,69,28,1559,26604,-23233,-14833,954,12596
4958,465129,465139,4,-12,-10,-1151,68,22,1562,28226,-22790,-14953,951,12598
4958,465304,465314,-2,-10,-15,-687,76,24,1560,29573,-22958,-15078,943,12600
4958,465479,465489,-8,-23,-13,-799,77,24,1562,31489,-23096,-14731,950,12602
4958,465671,465681,-172,-21,-13,-767,81,18,1568,-32587,-23988,-14689,953,12604
4958,465848,465858,6,-5,-17,-783,90,24,1568,-31449,-25107,-14827,952,12606
4958,466023,466033,0,-28,-8,-1071,93,27,1561,-30665,-26346,-14935,951,12608
4958,466198,466208,4,-14,-8,-1231,102,30,1567,-30234,-27544,-15132,953,12610
4958,466381,466390,2,-19,-4,-751,96,36,1567,-30174,-29262,-14917,947,12612
4958,466559,466569,4,-31,-9,-943,94,42,1563,-30479,-30663,-15120,922,12614
4958,466734,466744,-3,-30,-9,-831,100,46,1567,-31162,-31728,-15276,949,12616
4958,466909,466919,2,-29,-6,-831,92,46,1563,-32676,-32662,-14983,952,12618
4958,467095,467105,2,-19,-2,-527,91,50,1564,31704,32335,-15138,951,12620
4958,467271,467280,4,-14,0,-559,90,53,1560,30034,32078,-15132,955,12622
4958,467446,467456,2,-59,-5,-559,85,60,1561,28466,32281,-15486,953,12624
4958,467621,467631,0,-39,-23,-591,76,54,1565,27358,32712,-15396,951,12626
4958,467800,467809,4,-10,-4,-607,73,52,1563,26364,-31644,-15755,938,12628
4958,467975,467985,-2,-22,-15,-623,70,53,1565,25371,-30387,-15767,948,12630
4958,468150,468159,2,-17,-15,-1039,73,49,1557,24622,-29148,-15551,947,12632
4958,468326,468336,28,-21,-15,-623,72,45,1563,24520,-27915,-15384,958,12634
4958,468498,468508,-3,-36,-12,-383,62,43,1563,24634,-26610,-15743,933,12636
4958,468673,468683,4,-32,-7,-463,61,33,1567,25209,-25311,-15408,942,12638
4958,468848,468858,-6,-17,-11,-1087,68,34,1565,26191,-24347,-15432,944,12640
4958,469026,469035,12,-14,-7,-767,73,25,1561,27556,-23742,-15611,944,12642
4958,469201,469210,-17,-53,-44,-783,68,28,1565,28843,-23754,-15426,949,12644
4958,469376,469386,-3,-6,-34,-783,76,25,1568,30196,-23341,-15198,937,12646
4958,469553,469563,0,-4,-14,-799,81,21,1563,31884,-23874,-15216,951,12648
4958,469736,469745,2,-14,-12,-383,93,21,1556,32746,-24622,-15468,946,12650
4958,469911,469921,4,-12,-6,-767,94,32,1562,-31748,-25598,-15324,952,12652
4958,470086,470096,4,-8,-6,-719,97,28,1567,-30976,-26873,-15066,951,12654
4958,470263,470273,6,-23,-11,-351,94,30,1561,-30593,-28184,-15102,941,12656
4958,470467,470477,2,-7,-9,-943,101,37,1564,-30659,-29819,-15557,951,12658
4958,470642,470652,-1,-20,-1,-1215,94,43,1567,-31126,-30968,-15509,950,12660
4958,470819,470829,-19,-21,-15,-991,91,46,1564,-32060,-31962,-15216,949,12662
4958,470994,471004,-11,-7,-7,-943,91,54,1567,32417,-32405,-15845,953,12664
4958,471165,471175,2,-29,-8,-607,90,57,1563,31171,32646,-15372,948,12666
4958,471340,471350,4,-22,-6,-559,83,61,1564,29807,32365,-15474,953,12668
4958,471517,471527,3,-15,-15,-959,80,54,1562,28466,32742,-15240,950,12670
4958,471692,471702,-4,-21,-13,-559,75,57,1568,27430,-31980,-15450,949,12672
4958,471867,471877,0,-42,-19,-991,74,58,1565,25999,-31070,-15288,950,12674
4958,472042,472052,-7,-17,-4,-719,67,46,1560,25448,-30022,-15336,952,12676
4958,472221,472231,2,-13,-2,-1055,59,45,1562,25143,-28579,-15354,950,12678
4958,472404,472413,1,-13,-8,-1039,68,41,1564,24826,-27460,-15252,953,12680
4958,472579,472589,0,-17,-7,-1151,64,35,1565,25251,-25981,-15390,939,12682
4958,472756,472766,3,-173,-39,-543,69,30,1564,25706,-24951,-15216,955,12684
4958,472931,472941,2,-17,-10,-671,69,25,1563,26628,-24329,-15462,958,12686
4958,473106,473116,2,-15,-5,-1039,75,30,1565,27963,-23640,-15348,944,12688
4958,473281,473291,-3,-15,-17,-463,81,20,1554,29298,-23593,-15629,944,12690
4958,473460,473470,4,-16,-8,-319,82,25,1564,30842,-23694,-15366,953,12692
4958,473634,473644,4,-33,4,-799,80,25,1557,31920,-24233,-15240,934,12694
4958,473806,473815,0,-19,5,-639,86,19,1567,-32401,-24838,-15078,947,12696
4958,473983,473993,2,-15,-17,-943,93,27,1562,-31581,-26173,-15234,948,12698
4958,474158,474168,5,-24,-3,-495,92,34,1564,-31132,-27304,-15605,941,12700
4958,474333,474343,0,-15,-9,-623,98,33,1565,-30503,-28400,-15474,927,12702
4958,474516,474526,-10,-15,-19,-911,99,40,1559,-30874,-29872,-15204,952,12704
4958,474693,474703,3,-3,-8,-655,97,42,1563,-31605,-31046,-15216,935,12706
4958,474888,474898,0,-20,-10,-511,94,53,1565,-32323,-32040,-15366,948,12708
4958,475071,475080,-11,-20,-6,-735,89,56,1567,32034,-32375,-15551,957,12710
4958,475248,475258,171,14,6,-687,82,57,1564,30980,32551,-15240,949,12712
4958,475546,475556,-7,-37,-12,-927,83,57,1561,28454,-32638,-15629,953,12714
4958,475721,475731,2,-12,-12,-767,73,48,1562,27286,-32147,-15438,950,12716
4958,475896,475906,-4,-16,-13,-799,72,50,1564,26316,-31118,-15539,933,12718
4958,476073,476083,2,-24,0,-1087,68,46,1564,25311,-29950,-15480,950,12720
4958,476248,476258,0,-28,-17,-895,61,43,1561,25005,-28855,-15210,951,12722
4958,476422,476432,4,-24,-1,-687,66,33,1563,24880,-27472,-15216,937,12724
4958,476599,476609,8,-6,-16,-383,67,24,1560,25412,-26161,-15480,958,12726
4958,476774,476784,4,-21,4,-607,73,29,1564,25802,-25029,-15102,946,12728
4958,476949,476959,4,-21,167,-527,69,20,1564,27017,-24305,-15228,952,12730
4958,477124,477134,-1,-18,0,-447,80,24,1565,27843,-23898,-15192,956,12732
4958,477301,477311,21,-8,-16,-991,76,21,1564,29070,-23808,-15060,953,12734
4958,477476,477486,3,-15,-6,-703,85,17,1560,30441,-23784,-15108,953,12736
4958,477651,477661,2,-14,-3,-1071,83,19,1567,31680,-23946,-14911,930,12738
4958,477834,477844,2,-14,-13,-895,98,26,1562,-32640,-24862,-14935,942,12740
4958,478013,478023,4,-21,-7,-815,100,28,1560,-31581,-25975,-15078,948,12742
4958,478188,478198,-15,0,-82,-671,97,43,1563,-30797,-27017,-15156,950,12744
4958,478363,478373,-25,8,-33,-703,101,37,1562,-30934,-28178,-15144,948,12746
4958,478540,478550,-3,-22,-15,-831,92,41,1563,-30743,-29435,-15210,952,12748
4958,478715,478725,174,-12,-7,-1167,101,52,1562,-31180,-30675,-15731,953,12750
4958,478890,478900,3,-7,-16,-511,94,57,1568,-32072,-31656,-15066,954,12752
4958,479065,479075,4,10,-34,-879,91,54,1563,32351,-32584,-15078,953,12754
4958,479242,479251,4,-19,-3,-911,84,53,1561,31154,32676,-15468,951,12756
4958,479417,479427,4,-22,-13,-463,83,53,1565,29627,32551,-15300,951,12758
4958,479592,479602,2,-19,-6,-1167,76,57,1565,28166,-32674,-15414,954,12760
4958,479769,479779,0,-19,-13,-943,67,46,1560,26939,-31890,-15372,954,12762
4958,479944,479954,-1,-25,-8,-1007,62,51,1556,26340,-31237,-15845,949,12764
4958,480120,480129,5,-5,-9,-447,64,38,1565,25329,-30100,-15629,943,12766
4958,480302,480312,8,-14,-10,-783,67,41,1564,24856,-28561,-15647,949,12768
4958,480488,480498,2,-21,-4,-655,59,34,1560,24754,-27101,-15174,953,12770
4958,480664,480674,0,-18,-7,-607,69,36,1559,25155,-25861,-15611,953,12772
4958,480839,480849,2,-17,-6,-959,70,27,1571,25646,-25041,-15366,955,12774
4958,481016,481026,-4,-23,-25,-767,75,21,1563,26628,-24107,-15384,942,12776
4958,481191,481201,4,-17,-14,-575,78,22,1567,27897,-23467,-15509,957,12778
4958,481366,481376,7,-25,0,-1231,83,21,1556,29160,-23150,-15222,946,12780
4958,481541,481551,-27,-17,-60,-783,88,25,1561,30836,-23401,-15025,950,12782
4958,481718,481728,168,-23,16,-815,93,27,1563,31908,-23820,-15108,948,12784
4958,481893,481902,8,-21,-9,-1071,100,30,1567,-32233,-24838,-15480,946,12786
4958,482068,482078,2,-19,-8,-1119,97,30,1567,-31240,-25724,-14929,951,12788
4958,482245,482255,8,-17,-5,-751,98,37,1567,-30701,-27101,-15114,953,12790
4958,482420,482430,1,-16,-8,-1007,96,42,1564,-30617,-28340,-15300,952,12792
4958,482596,482605,7,-8,-21,-815,94,52,1560,-30581,-29848,-15294,954,12794
4958,482778,482788,4,-19,-10,-431,93,54,1564,-31102,-31130,-14911,950,12796
4958,482955,482965,-1,-21,0,-239,90,56,1564,-32203,-31944,-14857,946,12798
4958,483138,483148,3,-21,-7,-399,89,53,1563,32201,32730,-15114,946,12800
4958,483313,483323,9,-13,10,-879,78,56,1564,31022,32251,-15456,949,12802
4958,483488,483498,0,-13,-2,-559,70,51,1563,29513,32521,-15330,955,12804
4958,483667,483677,-1,-35,-3,-383,70,50,1563,27987,-32758,-14875,951,12806
4958,483865,483875,2,-18,-8,-943,68,45,1560,26502,-31944,-15007,950,12808
4958,484040,484050,0,-13,-8,-591,65,40,1561,25490,-30782,-15222,949,12810
4958,484217,484227,0,-31,-2,-735,66,40,1562,24754,-29382,-15390,931,12812
4958,484390,484400,6,-15,-15,-527,70,30,1565,24467,-28310,-15156,945,12814
4958,484565,484575,-2,-23,-8,-719,67,27,1561,24293,-26735,-15480,947,12816
4958,484740,484750,-2,-16,-15,-767,72,25,1562,24904,-25371,-15456,952,12818
4958,484919,484929,4,-21,-18,-1151,76,22,1565,25820,-24461,-15312,943,12820
4958,485094,485104,-16,-26,-174,-495,84,18,1562,26700,-23730,-15234,940,12822
4958,485269,485279,3,-18,0,-655,84,27,1564,28130,-23030,-15210,951,12824
4958,485446,485456,1,-21,0,-991,89,21,1562,29567,-22940,-14995,946,12826
4958,485621,485631,0,-18,-3,-687,92,18,1560,31106,-23179,-15336,951,12828
4958,485804,485814,2,-12,0,-799,97,27,1563,-32724,-23862,-15007,956,12830
4958,485979,485989,5,-17,-10,-767,92,36,1568,-31653,-25131,-15150,948,12832
4958,486156,486166,5,-24,-2,-991,93,38,1567,-30581,-26221,-15001,947,12834
4958,486332,486341,-1,-19,-7,-447,99,41,1564,-30066,-27406,-15120,952,12836
4958,486507,486516,-2,-14,-19,-623,98,45,1561,-29934,-29166,-15318,928,12838
4958,486684,486693,-26,-15,-34,-1055,94,54,1564,-30264,-30537,-14797,943,12840
4958,486859,486869,5,-9,-13,-847,83,54,1567,-31006,-31842,-15306,948,12842
4958,487032,487042,2,-16,-4,-719,84,52,1561,-32167,-32662,-15450,946,12844
4958,487207,487217,-6,-17,-8,-607,78,54,1565,31824,32060,-15288,938,12846
4958,487384,487394,2,-16,-8,-623,78,49,1563,30315,31970,-15084,957,12848
4958,487559,487569,10,-20,-6,-815,74,52,1563,28891,32126,-15174,953,12850
4958,487735,487744,-3,-10,-11,-847,68,57,1572,27244,32694,-14995,950,12852
4958,487912,487922,0,-13,-23,-783,66,41,1560,25706,-31818,-15599,956,12854
4958,488087,488097,4,-6,-20,-751,69,38,1565,24778,-30519,-15354,935,12856
4958,488262,488272,1,-15,0,-767,65,32,1565,24395,-29106,-15390,949,12858
4958,488445,488455,3,-10,-6,-831,72,34,1569,23658,-27550,-15072,949,12860
4958,488622,488632,16,-19,-26,-751,70,22,1560,24131,-25993,-15174,952,12862
4958,488798,488807,2,-23,-21,-495,76,29,1561,24461,-24550,-15330,945,12864
4958,488973,488983,0,-23,-4,-591,83,19,1564,25628,-23209,-15019,952,12866
4958,489148,489158,-2,-19,-11,-1119,78,24,1560,27017,-22533,-15114,942,12868
4958,489327,489336,-6,-14,-4,-623,90,21,1567,28747,-22096,-14893,950,12870
4958,489502,489512,-5,-39,-10,-719,93,28,1563,30190,-21958,-14941,954,12872
4958,489683,489692,0,-17,-15,-1215,90,28,1561,32075,-22844,-14827,954,12874
4958,489881,489891,3,-12,-6,-623,99,35,1562,-31970,-23778,-14869,940,12876
4958,490056,490066,0,-15,-10,-623,98,42,1563,-30515,-25035,-14929,932,12878
4958,490232,490242,0,-28,-7,-479,94,41,1567,-29731,-26670,-14713,948,12880
4958,490407,490417,-3,-17,-6,-927,97,50,1564,-29348,-28537,-14899,941,12882
4958,490586,490596,11,-10,0,-591,97,51,1564,-29833,-29854,-14540,948,12884
4958,490768,490778,3,-25,-21,-1039,96,45,1559,-30234,-31525,-14695,946,12886
4958,490943,490953,-2,-19,-13,-623,88,56,1565,-31395,-32668,-14941,955,12888
4958,491130,491140,2,-16,0,-495,84,56,1568,-32700,31706,-15288,950,12890
4958,491305,491315,1,-19,0,-1007,73,56,1561,30986,31198,-14983,951,12892
4958,491480,491490,0,-12,-8,-447,74,57,1569,29250,31114,-15390,948,12894
4958,491655,491665,2,-19,-5,-911,68,53,1569,27460,31790,-15066,938,12896
4958,491832,491842,24,-4,0,-959,73,50,1560,26035,32634,-15054,949,12898
4958,492007,492017,2,-20,-6,-719,61,40,1561,24502,-31525,-14863,928,12900
4958,492182,492192,-1,-26,-5,-783,60,38,1562,23365,-29854,-15240,957,12902
4958,492386,492395,1,-10,-8,-959,68,32,1561,22958,-27711,-15049,935,12904
4958,492561,492571,2,-23,-6,-687,78,26,1563,23048,-26268,-15294,943,12906
4958,492736,492746,17,-19,-19,-415,75,24,1560,23401,-24658,-15007,950,12908
4958,492911,492921,3,-19,-5,-1167,80,17,1559,25041,-23275,-15019,934,12910
4958,493089,493098,2,-21,-16,-815,83,24,1562,26245,-22240,-14707,942,12912
4958,493264,493274,-3,-19,-10,-943,88,22,1562,27957,-21761,-14821,955,12914
4958,493439,493449,6,-23,-15,-383,94,27,1554,29968,-21671,-14983,932,12916
4958,493616,493626,-9,-9,-6,-863,98,33,1565,31860,-22192,-14641,955,12918
4958,493797,493807,2,-24,-27,-943,96,28,1562,-31629,-23126,-14761,932,12920
4958,493972,493982,3,-19,-174,-719,100,40,1563,-30342,-24568,-14605,930,12922
4958,494148,494157,8,-14,-5,-751,102,42,1564,-29138,-26053,-14743,938,12924
4958,494325,494335,-2,-13,-2,-895,100,50,1563,-28731,-27759,-14582,947,12926
4958,494500,494510,6,-15,-9,-975,94,54,1567,-28665,-29717,-14869,941,12928
4958,494675,494685,1,-25,-6,-719,96,53,1564,-29180,-31399,-14540,952,12930
4958,494850,494860,1,-21,-9,-1023,83,56,1563,-30234,32443,-14911,952,12932
4958,495027,495037,3,-14,-11,-991,77,48,1562,-31665,31329,-14821,955,12934
4958,495202,495212,-5,-23,-20,-783,73,56,1562,32093,30551,-14971,940,12936
4958,495378,495387,15,-5,1,-415,72,51,1557,29974,30300,-14683,951,12938
4958,495555,495565,3,-22,0,-511,68,53,1564,27873,30880,-15204,943,12940
4958,495730,495740,2,-12,-3,-719,65,43,1567,25802,31497,-15198,942,12942
4958,495905,495915,0,-28,-17,-511,67,38,1562,24437,-32572,-15168,952,12944
4958,496080,496090,-3,-26,-17,-927,72,35,1564,23233,-30998,-15019,949,12946
4958,496259,496269,3,-9,-9,-703,66,33,1562,22437,-28867,-14707,932,12948
4958,496440,496450,4,-16,-10,-623,73,33,1565,22419,-26723,-14851,950,12950
4958,496616,496625,0,-18,-5,-863,76,26,1567,22611,-24814,-14875,933,12952
4958,496793,496803,1,-20,-2,-1039,75,16,1560,23832,-23161,-14869,942,12954
4958,496968,496978,12,-17,-2,-831,85,20,1562,25239,-21934,-14725,938,12956
4958,497143,497153,2,-21,2,-927,91,28,1569,27119,-20934,-14570,955,12958
4958,497319,497328,0,-13,-18,-687,92,24,1564,29196,-20767,-14617,934,12960
4958,497496,497506,-4,-30,-13,-351,90,27,1559,31327,-20946,-14689,934,12962
4958,497686,497696,0,-21,-8,-447,94,40,1565,-31874,-21910,-14629,936,12964
4958,497862,497872,2,-24,-13,-591,99,41,1556,-30060,-23287,-14498,952,12966
4958,498039,498049,2,-24,-4,-591,93,43,1564,-29007,-24712,-14330,957,12968
4958,498214,498224,4,-15,-16,-623,98,49,1565,-28019,-26765,-14324,952,12970
4958,498389,498399,3,-14,-3,-751,94,53,1568,-27666,-29022,-14198,958,12972
4958,498565,498575,1,-30,-10,-479,86,52,1563,-28210,-31046,-14707,950,12974
4958,498742,498752,13,-35,-13,-623,88,52,1562,-29060,32598,-14504,954,12976
4958,498917,498927,-174,-5,-7,-655,86,58,1556,-30803,31078,-14204,944,12978
4958,499106,499115,0,-14,-14,-719,78,60,1570,-32718,30431,-14510,955,12980
4958,499290,499300,-4,-18,-19,-831,77,53,1561,30274,29773,-14863,956,12982
4958,499466,499475,7,-22,-45,-1087,67,51,1563,28005,30060,-14683,935,12984
4958,499640,499650,-9,-6,-7,-719,64,44,1559,25897,30940,-14929,926,12986
4958,499816,499825,2,-13,-6,-751,67,38,1560,23922,32132,-15019,944,12988
4958,499993,500002,2,-9,-24,-495,69,34,1567,22647,-31369,-15019,944,12990
4958,500168,500177,1,-21,0,-495,67,29,1560,21527,-29160,-14366,939,12992
4958,500340,500350,2,-26,-10,-911,76,33,1561,21216,-27113,-14474,929,12994
4958,500516,500525,3,-7,-7,-767,72,21,1569,21623,-24754,-14899,958,12996
4958,500750,500760,3,-15,-12,-367,78,21,1567,23179,-22323,-14869,950,12998
4958,501011,501021,7,-17,-17,-671,89,24,1560,25897,-20515,-14647,936,13000
4958,501182,501192,0,-17,-2,-415,92,21,1561,27921,-19773,-14204,941,13002
4958,501357,501366,7,-24,-11,-879,93,27,1563,30381,-20120,-14294,956,13004
4958,501527,501537,10,-17,-28,-767,98,30,1560,-32670,-20527,-14540,951,13006
4958,501698,501708,-3,-21,-2,-1183,99,33,1559,-30683,-21719,-14216,963,13008
4958,501879,501888,0,-25,-11,-591,99,41,1562,-29036,-23676,-14474,959,13010
4958,502053,502063,2,-18,-12,-591,99,43,1562,-27558,-25682,-14330,954,13012
4958,502224,502234,171,-12,-6,-639,99,51,1562,-27013,-27867,-14582,958,13014
4958,502395,502405,12,-10,32,-319,93,51,1559,-27175,-30034,-14348,955,13016
4958,502579,502588,-4,-23,-15,-1119,85,58,1562,-27767,-32321,-14360,958,13018
4958,502754,502763,1,-23,-12,-719,81,56,1563,-29354,31311,-14157,949,13020
4958,502929,502938,3,-15,-8,-831,76,56,1562,-31042,29809,-14168,962,13022
4958,503111,503121,167,-25,-17,-415,73,54,1568,32129,29174,-14755,940,13024
4958,503288,503298,-15,-19,2,-351,76,50,1559,29417,28947,-14378,936,13026
4958,503463,503473,6,-16,-10,-1039,72,54,1568,27166,29623,-14659,953,13028
4958,503638,503648,7,-10,-21,-943,68,45,1561,24987,30599,-14252,967,13030
4958,503816,503825,1,-22,-10,-479,67,34,1567,22808,32664,-14408,937,13032
4958,503991,504000,4,-17,-5,-767,72,35,1564,21228,-31106,-14528,946,13034
4958,504165,504175,9,-171,4,-847,62,30,1563,20545,-28801,-14611,930,13036
4958,504340,504349,2,-25,-4,-511,74,28,1565,20485,-26185,-14258,958,13038
4958,504525,504534,6,-13,1,-623,78,28,1563,21383,-23628,-14306,952,13040
4958,504700,504710,0,-26,0,-975,75,18,1563,22689,-21850,-14246,935,13042
4958,504875,504885,2,-19,-4,-127,81,16,1560,24550,-20294,-14246,956,13044
4958,505052,505062,5,-18,4,-575,86,22,1565,27023,-19324,-14037,945,13046
4958,505227,505237,2,-23,-10,-1199,93,29,1562,29723,-19139,-14162,956,13048
4958,505402,505412,9,-15,-2,-959,98,29,1563,32201,-19486,-13839,946,13050
4958,505577,505587,4,-15,-12,-799,101,29,1562,-31126,-20396,-14061,959,13052
4958,505753,505763,-2,-19,-13,-927,98,41,1563,-28749,-22533,-13696,956,13054
4958,505929,505939,23,0,-24,-271,100,44,1560,-27294,-24586,-13666,935,13056
4958,506104,506114,4,-9,-8,-847,94,46,1563,-26283,-26999,-14139,955,13058
4958,506279,506289,5,-30,0,-911,94,52,1559,-26301,-29609,-13779,946,13060
4958,506465,506475,4,-14,-9,-1055,88,56,1563,-26744,-32034,-13869,943,13062
4958,506640,506650,0,-12,-16,-975,88,60,1564,-28144,31317,-13827,958,13064
4958,506815,506825,-4,-34,-19,-1215,83,50,1560,-30084,29599,-13899,940,13066
4958,507001,507011,8,-19,171,-655,72,52,1562,-32587,28593,-14007,942,13068
4958,507176,507186,2,-17,-6,-863,80,58,1564,30106,28156,-13791,936,13070
4958,507351,507361,-1,-19,-4,-495,65,48,1561,27520,28450,-14234,959,13072
4958,507526,507536,4,-18,-15,-1055,67,41,1565,24993,29647,-14007,950,13074
4958,507705,507715,3,-8,-4,-1103,62,34,1560,22659,31641,-14186,934,13076
4958,507880,507890,1,-23,-10,-815,67,33,1564,21042,-31674,-13743,940,13078
4958,508055,508064,0,-15,-10,-879,67,34,1564,20054,-29328,-14025,935,13080
4958,508232,508242,0,-19,-19,-735,65,27,1563,19761,-26550,-14073,945,13082
4958,508405,508414,3,-21,-15,-735,74,21,1561,20240,-24083,-14031,946,13084
4958,508580,508590,0,-32,-13,-575,76,21,1557,21611,-21862,-13803,958,13086
4958,508755,508765,2,-13,-17,-1007,78,22,1564,23491,-19965,-13863,956,13088
4958,508932,508942,-3,-19,-19,-719,89,19,1562,25814,-18713,-13474,959,13090
4958,509107,509117,7,-19,-2,-591,89,24,1560,28460,-18498,-13486,958,13092
4958,509282,509292,-6,-22,-16,-671,101,30,1565,31680,-18588,-13259,955,13094
4958,509480,509490,8,-26,-13,-735,96,29,1561,-30809,-19827,-13300,946,13096
4958,509673,509683,2,-21,-9,-655,97,38,1560,-28180,-21832,-13223,957,13098
4958,509848,509858,5,-16,-7,-575,97,45,1561,-26432,-24329,-13684,946,13100
4958,510024,510033,4,-4,-29,-687,96,44,1557,-25391,-26831,-13229,953,13102
4958,510201,510211,-5,-13,2,-959,93,50,1565,-25259,-29627,-13678,954,13104
4958,510376,510386,2,-20,0,-479,91,52,1562,-25989,-32339,-13288,957,13106
4958,510625,510635,2,-23,-15,-607,88,59,1557,-28144,30078,-13678,963,13108
4958,510842,510851,1,-16,-8,-799,76,57,1562,-31024,28133,-13534,943,13110
4958,511017,511027,3,-19,-15,-847,75,58,1564,31758,27372,-13498,956,13112
4958,511189,511199,-16,-19,-13,-447,69,52,1565,28915,27582,-13636,945,13114
4958,511365,511374,-165,-22,-10,-1199,65,48,1562,25861,28228,-13983,944,13116
4958,511542,511552,12,-7,2,-735,61,44,1562,23209,29952,-14127,935,13118
4958,511717,511727,2,-12,2,-751,65,33,1565,21294,32078,-14031,939,13120
4958,511892,511902,-1,-14,0,-1103,66,32,1560,19647,-30806,-14306,939,13122
4958,512067,512077,0,-13,-15,-1087,67,25,1555,19037,-27969,-13929,938,13124
4958,512245,512255,0,-27,-1,-687,61,22,1552,19378,-25041,-13971,941,13126
4958,512428,512438,2,-23,-11,-831,82,20,1568,20342,-22341,-13755,932,13128
4958,512614,512624,-10,-16,-13,-799,82,13,1559,22317,-19995,-13731,949,13130
4958,512792,512801,4,-8,-12,-735,88,17,1561,24832,-18360,-13558,955,13132
4958,512967,512977,4,-9,18,-879,96,26,1560,27837,-17546,-13498,956,13134
4958,513142,513152,0,-25,-14,-1119,93,33,1567,30782,-17821,-13450,949,13136
4958,513317,513327,-2,-15,1,-319,92,29,1564,-31802,-18552,-13199,952,13138
4958,513495,513505,6,-23,-6,-1023,96,33,1568,-28881,-20192,-13372,963,13140
4958,513670,513680,2,-10,-4,-703,99,36,1565,-26486,-22437,-12714,955,13142
4958,513843,513853,2,-11,2,-767,96,38,1563,-25325,-25263,-13151,950,13144
4958,514020,514030,2,-21,-5,-927,88,45,1557,-24361,-28172,-12881,954,13146
4958,514195,514205,2,-27,-8,-511,91,46,1567,-24768,-31261,-13157,956,13148
4958,514370,514380,-1,-26,-18,-959,88,57,1562,-25965,31599,-12875,957,13150
4958,514545,514555,2,-10,-2,-655,85,51,1563,-27672,29414,-13091,959,13152
4958,514730,514739,2,-28,-10,-1039,81,53,1564,-30012,27630,-13193,936,13154
4958,514905,514914,0,-20,2,-447,72,56,1567,32644,26851,-13300,954,13156
4958,515087,515097,4,-29,-10,-719,69,53,1567,29160,26863,-13366,933,13158
4958,515264,515274,0,-14,-2,-959,66,41,1559,26065,27797,-13690,945,13160
4958,515439,515449,0,-32,42,-703,61,48,1568,23275,29324,-13354,959,13162
4958,515615,515624,4,-24,-20,-911,62,42,1562,20761,31706,-13702,942,13164
4958,515790,515799,-3,-16,-9,-847,67,35,1563,19150,-31567,-13600,947,13166
4958,515967,515977,4,-15,-3,-927,65,32,1563,18456,-28124,-13468,936,13168
4958,516142,516151,2,-16,-6,-783,69,24,1560,18600,-25113,-13306,960,13170
4958,516334,516344,0,-10,5,-671,77,20,1559,19713,-21826,-13163,945,13172
4958,516511,516520,1,-14,-17,-815,80,24,1563,21467,-19857,-13187,958,13174
4958,516686,516695,-4,-18,-8,-1071,85,20,1568,24257,-17875,-12810,952,13176
4958,516861,516870,-3,-15,-9,-639,89,21,1567,27406,-16995,-12863,951,13178
4958,517036,517045,2,-26,-21,-863,96,22,1567,30543,-17151,-12636,952,13180
4958,517213,517223,-10,-24,-4,-879,97,32,1571,-31677,-17815,-12588,955,13182
4958,517388,517397,5,-27,4,-1055,97,34,1560,-28683,-19588,-12534,955,13184
4958,517563,517573,-4,-15,0,-703,102,37,1562,-26205,-21791,-12660,953,13186
4958,517746,517755,0,-16,0,-527,100,42,1563,-24792,-24898,-12618,960,13188
4958,517924,517934,2,-10,-56,-335,98,50,1561,-23762,-28023,-12474,957,13190
4958,518100,518109,0,-26,-9,-767,89,48,1563,-23984,-31339,-12492,963,13192
4958,518275,518285,168,-21,-10,-527,91,58,1563,-24906,31222,-12492,955,13194
4958,518452,518462,2,-21,-4,-767,85,52,1561,-26815,28863,-12456,955,13196
4958,518627,518637,-2,-16,-15,-575,81,49,1559,-29264,27067,-12648,946,13198
4958,518802,518812,13,-30,-24,-815,73,53,1567,-32622,26043,-12612,944,13200
4958,518977,518987,2,-19,-4,-975,70,49,1561,29615,25959,-12810,950,13202
4958,519153,519163,6,-24,-8,-815,68,46,1563,26089,26965,-12851,932,13204
4958,519328,519338,2,-23,-15,-719,64,41,1557,22832,28258,-12911,949,13206
4958,519503,519513,-1,-19,0,-559,66,33,1560,20527,30970,-12756,944,13208
4958,519681,519690,4,-15,-76,-559,66,34,1562,18510,-31812,-12911,935,13210
4958,519856,519866,-1,-15,-26,-799,70,33,1562,17558,-28717,-12899,961,13212
4958,520031,520041,4,-12,-8,-1023,73,25,1569,17606,-25353,-12630,954,13214
4958,520214,520223,2,-15,-17,-703,78,26,1564,18582,-22168,-12534,955,13216
4958,520400,520410,4,-23,-14,-1055,81,22,1562,20575,-19444,-12839,955,13218
4958,520575,520585,-4,-23,-171,-847,81,17,1563,23359,-17402,-12606,940,13220
4958,520751,520760,2,-17,-5,-607,94,27,1563,26544,-16540,-12402,935,13222
4958,520928,520938,0,-17,0,-479,93,27,1568,30016,-16361,-12582,958,13224
4958,521103,521113,2,-17,-7,-767,94,29,1568,-32078,-17073,-12247,950,13226
4958,521278,521288,1,-23,-5,-559,100,35,1562,-28761,-18857,-12073,957,13228
4958,521453,521462,1,-7,-2,-1151,93,34,1560,-26133,-21276,-12175,946,13230
4958,521630,521639,-2,-28,-8,-959,98,42,1568,-24062,-24143,-12055,955,13232
4958,521801,521811,-1,-13,-24,-895,90,52,1567,-23194,-27472,-12007,955,13234
4958,521976,521986,2,-15,0,-911,94,58,1564,-23176,-30782,-12103,963,13236
4958,522168,522178,-8,-22,-14,-991,88,52,1563,-24259,31210,-12001,940,13238
4958,522343,522353,7,-17,-4,-815,86,56,1565,-26187,28755,-12109,961,13240
4958,522518,522528,2,-15,-14,-879,84,57,1563,-28701,26660,-12259,942,13242
4958,522693,522703,3,-23,-4,-815,75,56,1561,-32096,25409,-12043,956,13244
4958,522878,522888,0,-13,-20,-543,70,45,1559,29663,25301,-11870,955,13246
4958,523060,523070,-12,-18,-5,-1071,68,45,1564,25688,26259,-12468,937,13248
4958,523236,523246,5,-7,-13,-975,66,36,1565,22533,27875,-12480,948,13250
4958,523411,523421,4,-13,-4,-783,60,42,1564,20078,30455,-12768,963,13252
4958,523590,523599,2,-13,-6,-959,69,37,1561,17947,-31914,-12558,949,13254
4958,523765,523774,8,-18,-35,-623,60,32,1562,17013,-28525,-12349,938,13256
4958,523940,523950,-14,-46,-34,-1247,66,24,1564,16995,-25197,-12319,941,13258
4958,524117,524127,0,-16,-21,-655,72,14,1561,17953,-21809,-12504,952,13260
4958,524291,524301,0,-17,-5,-1087,77,16,1560,20180,-19073,-11947,944,13262
4958,524463,524473,-5,-26,-5,-639,80,21,1560,22832,-17127,-12139,935,13264
4958,524638,524648,2,-19,-22,-623,84,22,1562,27544,-15684,-11953,948,13266
4958,524816,524826,-5,-24,-19,-719,93,26,1562,29842,-15750,-12055,934,13268
4958,524991,525001,-6,-19,-14,-815,100,26,1561,-32245,-16474,-11510,940,13270
4958,525167,525176,-4,-26,-4,-815,98,36,1561,-28755,-18121,-11457,946,13272
4958,525344,525353,2,-13,-13,-767,96,40,1555,-25768,-20605,-11427,941,13274
4958,525519,525528,-167,-56,3,-1071,94,41,1557,-23888,-23581,-11816,940,13276
4958,525701,525711,0,-15,-27,-767,93,43,1564,-22667,-27280,-11744,936,13278
4958,525877,525886,8,-13,-4,-671,94,43,1557,-22373,-30603,-11510,934,13280
4958,526054,526064,-175,-10,-8,-943,91,50,1561,-23535,31341,-11953,938,13282
4958,526229,526239,2,-20,-10,-495,82,50,1562,-25307,28450,-11678,945,13284
4958,526404,526414,30,-10,2,-543,84,51,1564,-28282,26319,-11516,956,13286
4958,526581,526591,0,-6,-19,-799,80,51,1559,-31689,24822,-11828,949,13288
4958,526756,526766,2,-22,-17,-767,70,54,1557,30022,24720,-12025,958,13290
4958,526931,526940,2,-10,-9,-623,73,45,1563,26107,25283,-12175,934,13292
4958,527102,527112,2,-17,0,-447,68,36,1564,23024,26923,-11834,942,13294
4958,527279,527289,0,4,2,-751,68,41,1562,19881,29533,-11930,936,13296
4958,527455,527464,0,-15,-4,-879,74,38,1567,17845,32509,-12157,958,13298
4958,527630,527639,3,-19,-6,-1071,69,35,1564,16642,-29304,-11983,935,13300
4958,527807,527817,1,-14,-7,-751,75,27,1568,16445,-25808,-12091,957,13302
4958,527982,527992,-11,-12,-5,-495,72,26,1564,17235,-22072,-11666,940,13304
4958,528157,528167,-4,-12,-15,-1103,80,27,1569,19186,-19300,-11924,935,13306
4958,528340,528349,2,-23,-10,-687,73,25,1563,21988,-16774,-11834,938,13308
4958,528517,528527,0,-21,-17,-767,75,22,1561,25574,-15618,-11738,957,13310
4958,528692,528702,5,-17,0,-1279,84,27,1569,29064,-15307,-11828,936,13312
4958,528889,528899,7,-12,2,-1055,91,28,1556,-31994,-16139,-11660,941,13314
4958,529064,529074,4,-13,-15,-1055,93,26,1556,-28593,-17959,-11307,934,13316
4958,529243,529253,0,-28,-4,-911,91,30,1557,-25696,-20450,-11481,938,13318
4958,529418,529428,6,-30,-8,-463,88,33,1549,-23535,-24012,-11642,951,13320
4958,529592,529602,9,-23,-9,-703,91,41,1551,-22188,-27035,-11648,955,13322
4958,529776,529786,8,-12,-13,-431,88,45,1552,-22242,-31010,-11576,943,13324
4958,529952,529962,6,-13,-5,-399,86,42,1547,-23224,31126,-11157,934,13326
4958,530127,530137,5,-15,-3,-111,89,48,1549,-25199,28426,-11475,938,13328
4958,530302,530312,8,-16,-8,-751,86,46,1552,-27857,26175,-11666,943,13330
4958,530480,530490,8,-13,-3,-495,89,46,1564,-31647,24810,-11540,941,13332
4958,530655,530665,4,-10,-19,-847,82,52,1562,30501,24535,-11894,933,13334
4958,530830,530840,2,-15,-6,-751,82,50,1564,26664,25343,-11947,937,13336
4958,531037,531047,-2,-8,-10,-447,70,49,1575,22317,27294,-11995,934,13338
4958,531212,531222,-32,-6,-16,-863,76,46,1577,19390,29964,-12007,962,13340
4958,531387,531397,1,-10,-16,-399,70,43,1576,17390,-32219,-12133,941,13342
4958,531562,531572,-4,-19,-6,-671,73,45,1568,16229,-28591,-12378,937,13344
4958,531756,531766,0,-13,-7,-831,74,40,1578,16612,-24676,-12103,950,13346
4958,531931,531941,-8,-21,-13,-687,73,38,1571,17684,-21114,-12151,934,13348
4958,532106,532116,-15,-26,4,-511,70,42,1575,19917,-18432,-11852,961,13350
4958,532282,532292,-21,-22,-13,-1247,75,34,1564,23239,-16277,-11732,948,13352
4958,532457,532467,0,-25,-7,-847,72,37,1560,26616,-15481,-11822,931,13354
4958,532632,532642,-4,-32,-17,-703,70,33,1555,30279,-15397,-11959,940,13356
4958,532807,532817,172,-30,-16,-655,77,37,1559,-31305,-16349,-11918,946,13358
4958,532984,532994,1,-35,-10,-719,74,26,1546,-27929,-18414,-11935,936,13360
4958,533159,533169,0,-31,-7,-591,78,24,1538,-25067,-21012,-11864,945,13362
4958,533334,533344,10,-26,0,-767,77,20,1533,-23439,-24173,-11900,942,13364
4958,533511,533521,9,-24,-14,-591,81,27,1535,-22493,-27657,-11768,952,13366
4958,533694,533704,24,5,19,-575,86,22,1549,-22930,-31417,-12193,936,13368
4958,533869,533879,11,-15,-170,-575,91,12,1536,-23906,30922,-12474,935,13370
4958,534044,534054,36,-4,-63,-879,94,26,1540,-25917,28288,-12373,934,13372
4958,534221,534231,48,17,-34,-671,98,26,1543,-28935,26085,-12774,937,13374
4958,534396,534406,49,-42,-161,-719,101,27,1556,-32293,25199,-12899,934,13376
4958,534571,534581,53,6,-10,-1119,105,36,1565,29268,25169,-12947,934,13378
4958,534746,534756,19,5,-115,-927,109,46,1585,25676,25876,-13103,942,13380
4958,534922,534932,33,-67,-231,-255,113,50,1588,22084,27594,-13253,933,13382
4958,535097,535107,-3,-20,-40,-943,101,59,1589,19599,30473,-13456,939,13384
4958,535272,535282,-21,-26,-163,-1215,102,67,1583,17804,-32057,-13294,957,13386
4958,535450,535460,-50,-39,-53,-335,92,67,1592,16864,-28687,-13121,944,13388
4958,535625,535635,-44,6,-25,-735,82,70,1602,17073,-25017,-13396,943,13390
4958,535800,535810,-72,-12,-134,-1071,74,81,1596,18552,-22024,-13384,943,13392
4958,535975,535985,-47,2,-100,-495,61,80,1594,20755,-19318,-13342,946,13394
4958,536153,536163,-74,-34,17,-879,51,69,1580,23658,-17540,-13259,938,13396
4958,536336,536346,22,-38,-25,-927,36,67,1563,27119,-16780,-13031,963,13398
4958,536506,536516,-4,-51,-44,-1247,32,48,1562,30531,-17073,-13037,948,13400
4958,536680,536690,-16,36,-108,-879,28,36,1545,-31808,-18300,-13270,961,13402
4958,536851,536861,-4,-43,-3,-1423,33,17,1533,-28899,-20066,-13259,937,13404
4958,537022,537031,5,-42,-6,-639,33,4,1511,-26887,-22533,-13306,951,13406
4958,537192,537202,11,-27,-3,-975,36,-14,1497,-25397,-25191,-13282,939,13408
4958,537366,537376,26,-36,-12,-735,50,-19,1503,-24912,-28154,-13696,942,13410
4958,537536,537546,21,-20,0,-847,60,-30,1500,-25055,-31106,-13713,941,13412
4958,537707,537717,37,-18,-5,-1103,80,-37,1507,-26283,31772,-13851,942,13414
4958,537889,537899,45,-13,-5,-863,99,-44,1509,-28378,30012,-14360,949,13416
4958,538064,538074,28,-6,0,-1167,120,-33,1519,-30958,28372,-14438,947,13418
4958,538247,538257,17,5,0,-607,142,-25,1530,31902,27833,-14641,938,13420
4958,538422,538432,6,-2,2,-799,150,-6,1555,28986,27953,-14629,957,13422
4958,538599,538608,4,5,4,-751,172,19,1591,26011,28881,-15180,950,13424
4958,538774,538783,-1,3,-170,-703,176,48,1612,23718,30982,-14965,940,13426
4958,538962,538972,-15,12,-3,-767,169,82,1633,21791,-32291,-15312,949,13428
4958,539139,539149,-29,4,2,-911,158,102,1624,21192,-29645,-15420,944,13430
4958,539314,539324,-30,-3,4,-799,140,130,1631,21144,-26843,-15599,946,13432
4958,539489,539499,-32,-3,18,-383,117,147,1640,22012,-24610,-15737,940,13434
4958,539664,539674,-41,-16,4,-687,80,156,1639,23778,-23000,-15396,950,13436
4958,539841,539851,-35,-23,6,-751,48,153,1632,25622,-21761,-15815,946,13438
4958,540016,540026,-33,-41,6,-815,20,145,1611,28202,-21701,-15725,957,13440
4958,540188,540198,-33,-42,13,-879,-6,117,1583,30471,-21952,-15665,940,13442
4958,540363,540373,-10,-61,8,-799,-30,77,1555,32489,-23072,-15887,942,13444
4958,540542,540552,-10,-57,21,-1119,-41,54,1539,-31515,-24580,-16000,944,13446
4958,540717,540727,0,-60,21,-367,-51,13,1509,-30557,-26759,-16060,958,13448
4958,540900,540910,9,-48,16,-447,-41,-26,1481,-30533,-28831,-16138,958,13450
4958,541077,541087,24,-47,7,-1103,-28,-56,1452,-30928,-30627,-16479,949,13452
4958,541252,541262,35,-37,26,-1135,-1,-91,1444,-32108,-32159,-16485,953,13454
4958,541427,541437,26,-26,19,-351,24,-106,1442,31938,32443,-16653,949,13456
4958,541618,541628,35,-19,19,-671,70,-115,1459,29531,32203,-16617,946,13458
4958,541797,541807,32,-7,27,-447,107,-116,1466,27633,32305,-16605,949,13460
4958,541972,541982,23,-10,15,-815,150,-108,1491,25664,-32177,-16701,942,13462
4958,542147,542157,14,-2,31,-735,191,-93,1516,24239,-30585,-16354,945,13464
4958,542324,542334,61,-103,2,-223,226,-61,1546,23293,-28693,-16647,949,13466
4958,542499,542509,6,9,31,-575,243,-20,1577,22886,-26257,-16366,953,13468
4958,542674,542683,-8,-2,28,-1023,260,32,1605,23634,-24131,-16180,954,13470
4958,542846,542855,-6,-3,27,-527,250,81,1609,25035,-22563,-16144,944,13472
4958,543022,543032,-9,-10,21,-1135,231,130,1619,27214,-21288,-15462,958,13474
4958,543197,543207,-19,-9,12,-719,199,180,1624,29920,-20839,-15659,970,13476
4958,543373,543382,-15,-11,10,-575,163,209,1624,-32646,-21455,-15533,950,13478
