count,tInitial,tFinal,step,v_ref,adc_A,adc_B
0,14151,14271,0,2198,2196,3524
0,14151,14271,1,2164,1993,3422
0,14151,14271,2,2157,1984,3093
0,14151,14271,3,2120,1983,2853
0,14151,14271,4,2095,1982,2695
0,14151,14271,5,2074,1984,2593
0,14151,14271,6,2063,1985,2564
0,14151,14271,7,2059,1981,2518
0,14151,14271,8,2057,1984,2516
0,14151,14271,9,2057,1986,2556
0,14151,14271,10,2065,1981,2601
0,14151,14271,11,2073,1985,2669
0,14151,14271,12,2082,1987,2762
0,14151,14271,13,2097,1982,2850
0,14151,14271,14,2108,1986,2950
0,14151,14271,15,2119,1988,3090
0,14151,14271,16,2143,1982,3185
0,14151,14271,17,2159,1987,3326
0,14151,14271,18,2174,1989,3456
0,14151,14271,19,2186,1982,3498
0,14151,14271,20,2188,1986,3483
0,14151,14271,21,2185,1988,3472
0,14151,14271,22,2182,1982,3473
0,14151,14271,23,2184,1986,3476
0,14151,14271,24,2184,1988,3464
0,14151,14271,25,2177,1982,3456
0,14151,14271,26,2180,1986,3433
0,14151,14271,27,2180,1987,3424
0,14151,14271,28,2171,1982,3416
0,14151,14271,29,2174,1986,3392
0,14151,14271,30,2174,1987,3383
0,14151,14271,31,2165,1982,3371
0,14151,14271,32,2168,1987,3355
0,14151,14271,33,2168,1987,3343
0,14151,14271,34,2159,1982,3324
0,14151,14271,35,2164,1986,3308
0,14151,14271,36,2166,1987,3300
0,14151,14271,37,2153,1982,3284
0,14151,14271,38,2159,1986,3266
0,14151,14271,39,2155,1987,3256
0,14151,14271,40,2147,1982,3239
0,14151,14271,41,2152,1986,3227
0,14151,14271,42,2150,1986,3212
0,14151,14271,43,2141,1983,3194
0,14151,14271,44,2146,1985,3184
0,14151,14271,45,2144,1986,3167
0,14151,14271,46,2135,1983,3156
0,14151,14271,47,2140,1986,3135
0,14151,14271,48,2138,1986,3125
0,14151,14271,49,2129,1983,3111
0,14151,14271,50,2134,1985,3096
0,14151,14271,51,2132,1986,3085
0,14151,14271,52,2123,1983,3069
0,14151,14271,53,2129,1985,3056
0,14151,14271,54,2126,1985,3041
0,14151,14271,55,2118,1984,3027
0,14151,14271,56,2122,1985,3011
0,14151,14271,57,2119,1985,3013
0,14151,14271,58,2112,1984,2981
0,14151,14271,59,2117,1985,2968
0,14151,14271,60,2114,1985,2956
0,14151,14271,61,2106,1984,2940
0,14151,14271,62,2110,1984,2928
0,14151,14271,63,2109,1984,2912
0,14151,14271,64,2100,1984,2895
0,14151,14271,65,2104,1984,2882
0,14151,14271,66,2103,1984,2872
0,14151,14271,67,2096,1984,2854
0,14151,14271,68,2097,1984,2842
0,14151,14271,69,2097,1984,2829
0,14151,14271,70,2090,1985,2813
0,14151,14271,71,2091,1984,2798
0,14151,14271,72,2090,1983,2787
0,14151,14271,73,2083,1984,2773
0,14151,14271,74,2086,1984,2757
0,14151,14271,75,2084,1983,2745
0,14151,14271,76,2079,1984,2728
0,14151,14271,77,2079,1984,2714
0,14151,14271,78,2078,1982,2697
0,14151,14271,79,2074,1984,2684
0,14151,14271,80,2073,1985,2678
0,14151,14271,81,2071,1982,2655
0,14151,14271,82,2069,1985,2645
0,14151,14271,83,2067,1985,2629
0,14151,14271,84,2066,1981,2617
0,14151,14271,85,2063,1985,2601
0,14151,14271,86,2061,1986,2586
0,14151,14271,87,2060,1981,2575
0,14151,14271,88,2057,1985,2559
0,14151,14271,89,2057,1986,2556
0,14151,14271,90,2061,1981,2575
0,14151,14271,91,2061,1985,2586
0,14151,14271,92,2065,1987,2600
0,14151,14271,93,2064,1981,2614
0,14151,14271,94,2067,1985,2629
0,14151,14271,95,2069,1986,2644
0,14151,14271,96,2069,1981,2660
0,14151,14271,97,2071,1986,2671
0,14151,14271,98,2076,1987,2681
0,14151,14271,99,2075,1981,2700
0,14151,14271,100,2081,1986,2712
0,14151,14271,101,2083,1987,2722
0,14151,14271,102,2080,1981,2736
0,14151,14271,103,2086,1986,2757
0,14151,14271,104,2090,1986,2770
0,14151,14271,105,2085,1981,2785
0,14151,14271,106,2093,1986,2799
0,14151,14271,107,2095,1986,2816
0,14151,14271,108,2091,1981,2826
0,14151,14271,109,2098,1986,2842
0,14151,14271,110,2101,1986,2850
0,14151,14271,111,2096,1981,2867
0,14151,14271,112,2104,1985,2885
0,14151,14271,113,2108,1986,2899
0,14151,14271,114,2102,1982,2912
0,14151,14271,115,2110,1986,2927
0,14151,14271,116,2112,1986,2941
0,14151,14271,117,2109,1982,2957
0,14151,14271,118,2117,1986,2968
0,14151,14271,119,2118,1986,2985
0,14151,14271,120,2113,1982,2997
0,14151,14271,121,2121,1985,3013
0,14151,14271,122,2125,1986,3025
0,14151,14271,123,2119,1983,3037
0,14151,14271,124,2127,1985,3070
0,14151,14271,125,2130,1985,3065
0,14151,14271,126,2125,1983,3082
0,14151,14271,127,2134,1985,3098
0,14151,14271,128,2136,1986,3112
0,14151,14271,129,2131,1983,3127
0,14151,14271,130,2140,1985,3137
0,14151,14271,131,2142,1986,3164
0,14151,14271,132,2137,1984,3167
0,14151,14271,133,2146,1985,3183
0,14151,14271,134,2148,1986,3199
0,14151,14271,135,2142,1984,3209
0,14151,14271,136,2151,1985,3227
0,14151,14271,137,2153,1986,3238
0,14151,14271,138,2149,1984,3253
0,14151,14271,139,2157,1985,3266
0,14151,14271,140,2159,1986,3284
0,14151,14271,141,2155,1985,3296
0,14151,14271,142,2164,1985,3310
0,14151,14271,143,2166,1985,3326
0,14151,14271,144,2162,1985,3343
0,14151,14271,145,2168,1986,3351
0,14151,14271,146,2171,1985,3370
0,14151,14271,147,2169,1986,3380
0,14151,14271,148,2173,1985,3396
0,14151,14271,149,2176,1985,3413
0,14151,14271,150,2175,1986,3423
0,14151,14271,151,2180,1985,3438
0,14151,14271,152,2182,1984,3452
0,14151,14271,153,2181,1986,3467
0,14151,14271,154,2184,1986,3475
0,14151,14271,155,2185,1984,3473
0,14151,14271,156,2182,1986,3471
0,14151,14271,157,2186,1987,3486
0,14151,14271,158,2191,1983,3516
0,14151,14271,159,2190,1987,3518
0,14151,14271,160,2189,1988,3516
0,14151,14271,161,2191,1983,3517
0,14151,14271,162,2188,1986,3467
0,14151,14271,163,2173,1987,3386
0,14151,14271,164,2163,1982,3288
0,14151,14271,165,2149,1985,3165
0,14151,14271,166,2134,1986,3069
0,14151,14271,167,2118,1980,2957
0,14151,14271,168,2099,1984,2793
0,14151,14271,169,2081,1986,2676
0,14151,14271,170,2057,1979,2508
0,14151,14271,171,2036,1983,2342
0,14151,14271,172,2015,1984,2201
0,14151,14271,173,1993,1978,2044
0,14151,14271,174,1976,1982,1888
0,14151,14271,175,1954,1983,1756
0,14151,14271,176,1933,1978,1616
0,14151,14271,177,1915,1982,1481
0,14151,14271,178,1908,1983,1422
0,14151,14271,179,1887,1977,1297
0,14151,14271,180,1880,1982,1193
0,14151,14271,181,1865,1982,1080
0,14151,14271,182,1843,1976,940
0,14151,14271,183,1835,1980,809
0,14151,14271,184,1820,1980,694
0,14151,14271,185,1799,1974,554
0,14151,14271,186,1789,1976,404
0,14151,14271,187,1776,1976,290
0,14151,14271,188,1753,1971,214
0,14151,14271,189,1762,1976,227
0,14151,14271,190,1763,1976,242
0,14151,14271,191,1758,1972,256
0,14151,14271,192,1766,1975,264
0,14151,14271,193,1769,1976,283
0,14151,14271,194,1763,1973,297
0,14151,14271,195,1772,1976,314
0,14151,14271,196,1774,1977,329
0,14151,14271,197,1768,1974,341
0,14151,14271,198,1776,1976,354
0,14151,14271,199,1779,1977,368
0,14151,14271,200,1773,1974,382
0,14151,14271,201,1781,1977,397
0,14151,14271,202,1782,1977,414
0,14151,14271,203,1777,1975,420
0,14151,14271,204,1786,1977,441
0,14151,14271,205,1787,1978,458
0,14151,14271,206,1782,1975,468
0,14151,14271,207,1790,1977,485
0,14151,14271,208,1793,1977,498
0,14151,14271,209,1788,1977,510
0,14151,14271,210,1794,1977,525
0,14151,14271,211,1798,1978,535
0,14151,14271,212,1792,1977,555
0,14151,14271,213,1801,1978,569
0,14151,14271,214,1803,1978,581
0,14151,14271,215,1798,1978,593
0,14151,14271,216,1804,1978,615
0,14151,14271,217,1807,1978,628
0,14151,14271,218,1803,1978,638
0,14151,14271,219,1809,1978,653
0,14151,14271,220,1811,1978,669
0,14151,14271,221,1809,1979,678
0,14151,14271,222,1813,1978,703
0,14151,14271,223,1816,1978,715
0,14151,14271,224,1815,1979,722
0,14151,14271,225,1818,1979,736
0,14151,14271,226,1821,1978,753
0,14151,14271,227,1819,1979,765
0,14151,14271,228,1822,1979,778
0,14151,14271,229,1826,1977,796
0,14151,14271,230,1825,1980,806
0,14151,14271,231,1828,1981,820
0,14151,14271,232,1831,1977,840
0,14151,14271,233,1831,1980,854
0,14151,14271,234,1833,1981,866
0,14151,14271,235,1835,1977,883
0,14151,14271,236,1836,1981,891
0,14151,14271,237,1839,1982,909
0,14151,14271,238,1840,1977,924
0,14151,14271,239,1842,1981,937
0,14151,14271,240,1843,1982,951
0,14151,14271,241,1845,1977,961
0,14151,14271,242,1848,1981,982
0,14151,14271,243,1848,1983,995
0,14151,14271,244,1849,1977,1009
0,14151,14271,245,1853,1981,1022
0,14151,14271,246,1855,1983,1035
0,14151,14271,247,1853,1978,1050
0,14151,14271,248,1858,1982,1065
0,14151,14271,249,1861,1983,1078
0,14151,14271,250,1858,1977,1090
0,14151,14271,251,1862,1982,1108
0,14151,14271,252,1866,1983,1121
0,14151,14271,253,1863,1977,1130
0,14151,14271,254,1870,1982,1152
0,14151,14271,255,1873,1982,1165
0,14151,14271,256,1868,1977,1178
0,14151,14271,257,1875,1982,1195
0,14151,14271,258,1879,1983,1209
0,14151,14271,259,1873,1978,1221
0,14151,14271,260,1881,1982,1234
0,14151,14271,261,1883,1982,1249
0,14151,14271,262,1877,1978,1266
0,14151,14271,263,1886,1982,1278
0,14151,14271,264,1888,1982,1294
0,14151,14271,265,1883,1978,1306
0,14151,14271,266,1892,1982,1321
0,14151,14271,267,1892,1982,1318
0,14151,14271,268,1882,1978,1307
0,14151,14271,269,1888,1981,1290
0,14151,14271,270,1885,1982,1280
0,14151,14271,271,1878,1978,1260
0,14151,14271,272,1882,1982,1249
0,14151,14271,273,1881,1981,1237
0,14151,14271,274,1872,1979,1217
0,14151,14271,275,1878,1981,1210
0,14151,14271,276,1875,1981,1195
0,14151,14271,277,1867,1979,1176
0,14151,14271,278,1872,1981,1171
0,14151,14271,279,1870,1981,1151
0,14151,14271,280,1861,1980,1133
0,14151,14271,281,1867,1981,1124
0,14151,14271,282,1864,1981,1110
0,14151,14271,283,1856,1979,1094
0,14151,14271,284,1861,1980,1080
0,14151,14271,285,1860,1981,1065
0,14151,14271,286,1852,1980,1051
0,14151,14271,287,1855,1980,1034
0,14151,14271,288,1854,1980,1024
0,14151,14271,289,1847,1980,1003
0,14151,14271,290,1849,1980,992
0,14151,14271,291,1850,1980,979
0,14151,14271,292,1843,1980,963
0,14151,14271,293,1844,1979,951
0,14151,14271,294,1844,1980,940
0,14151,14271,295,1837,1980,923
0,14151,14271,296,1839,1979,910
0,14151,14271,297,1838,1979,894
0,14151,14271,298,1832,1980,879
0,14151,14271,299,1834,1979,870
0,14151,14271,300,1833,1979,851
0,14151,14271,301,1829,1980,832
0,14151,14271,302,1828,1980,822
0,14151,14271,303,1827,1977,812
0,14151,14271,304,1823,1980,795
0,14151,14271,305,1822,1980,778
0,14151,14271,306,1822,1977,769
0,14151,14271,307,1819,1980,753
0,14151,14271,308,1818,1980,736
0,14151,14271,309,1816,1976,732
0,14151,14271,310,1814,1979,709
0,14151,14271,311,1813,1981,696
0,14151,14271,312,1812,1976,681
0,14151,14271,313,1810,1979,668
0,14151,14271,314,1808,1981,652
0,14151,14271,315,1806,1975,638
0,14151,14271,316,1805,1979,624
0,14151,14271,317,1803,1980,609
0,14151,14271,318,1800,1975,596
0,14151,14271,319,1801,1978,583
0,14151,14271,320,1799,1980,563
0,14151,14271,321,1794,1974,556
0,14151,14271,322,1796,1978,539
0,14151,14271,323,1795,1980,525
0,14151,14271,324,1789,1974,513
0,14151,14271,325,1792,1978,498
0,14151,14271,326,1791,1979,483
0,14151,14271,327,1784,1974,466
0,14151,14271,328,1787,1978,452
0,14151,14271,329,1786,1979,440
0,14151,14271,330,1778,1973,426
0,14151,14271,331,1783,1977,413
0,14151,14271,332,1782,1978,397
0,14151,14271,333,1774,1972,385
0,14151,14271,334,1778,1977,371
0,14151,14271,335,1777,1977,356
0,14151,14271,336,1768,1972,339
0,14151,14271,337,1774,1976,327
0,14151,14271,338,1773,1977,314
0,14151,14271,339,1763,1972,298
0,14151,14271,340,1768,1976,285
0,14151,14271,341,1768,1976,270
0,14151,14271,342,1759,1972,253
0,14151,14271,343,1764,1975,244
0,14151,14271,344,1762,1975,227
0,14151,14271,345,1754,1971,215
0,14151,14271,346,1759,1975,197
0,14151,14271,347,1760,1975,206
0,14151,14271,348,1758,1972,258
0,14151,14271,349,1772,1976,328
0,14151,14271,350,1782,1978,420
0,14151,14271,351,1785,1976,499
0,14151,14271,352,1799,1979,624
0,14151,14271,353,1814,1979,703
0,14151,14271,354,1820,1978,811
0,14151,14271,355,1841,1980,925
1,14325,14446,0,1978,2024,1164
1,14325,14446,1,1873,1982,1213
1,14325,14446,2,1885,1982,1278
1,14325,14446,3,1891,1982,1351
1,14325,14446,4,1904,1981,1462
1,14325,14446,5,1919,1982,1572
1,14325,14446,6,1931,1983,1680
1,14325,14446,7,1946,1983,1812
1,14325,14446,8,1967,1982,1944
1,14325,14446,9,1982,1984,2084
1,14325,14446,10,2002,1985,2229
1,14325,14446,11,2027,1983,2382
1,14325,14446,12,2044,1986,2523
1,14325,14446,13,2066,1986,2670
1,14325,14446,14,2092,1983,2841
1,14325,14446,15,2106,1986,2966
1,14325,14446,16,2126,1987,3110
1,14325,14446,17,2145,1983,3261
1,14325,14446,18,2165,1987,3394
1,14325,14446,19,2183,1989,3494
1,14325,14446,20,2187,1982,3483
1,14325,14446,21,2184,1986,3472
1,14325,14446,22,2184,1988,3477
1,14325,14446,23,2184,1982,3476
1,14325,14446,24,2183,1987,3474
1,14325,14446,25,2182,1988,3449
1,14325,14446,26,2177,1982,3441
1,14325,14446,27,2177,1987,3423
1,14325,14446,28,2176,1988,3409
1,14325,14446,29,2171,1982,3397
1,14325,14446,30,2172,1986,3383
1,14325,14446,31,2170,1987,3363
1,14325,14446,32,2166,1982,3355
1,14325,14446,33,2166,1986,3340
1,14325,14446,34,2165,1987,3326
1,14325,14446,35,2158,1982,3313
1,14325,14446,36,2161,1987,3297
1,14325,14446,37,2159,1987,3282
1,14325,14446,38,2151,1982,3268
1,14325,14446,39,2154,1986,3254
1,14325,14446,40,2154,1987,3238
1,14325,14446,41,2145,1982,3225
1,14325,14446,42,2150,1986,3213
1,14325,14446,43,2148,1987,3197
1,14325,14446,44,2139,1982,3180
1,14325,14446,45,2144,1987,3170
1,14325,14446,46,2142,1986,3154
1,14325,14446,47,2133,1982,3138
1,14325,14446,48,2138,1986,3125
1,14325,14446,49,2135,1986,3113
1,14325,14446,50,2126,1982,3095
1,14325,14446,51,2132,1985,3083
1,14325,14446,52,2130,1986,3068
1,14325,14446,53,2121,1982,3054
1,14325,14446,54,2126,1985,3041
1,14325,14446,55,2124,1986,3023
1,14325,14446,56,2115,1982,3014
1,14325,14446,57,2120,1985,2999
1,14325,14446,58,2118,1985,2984
1,14325,14446,59,2109,1982,2968
1,14325,14446,60,2114,1985,2958
1,14325,14446,61,2112,1985,2941
1,14325,14446,62,2104,1983,2928
1,14325,14446,63,2109,1985,2913
1,14325,14446,64,2107,1985,2899
1,14325,14446,65,2097,1983,2880
1,14325,14446,66,2103,1984,2871
1,14325,14446,67,2100,1985,2858
1,14325,14446,68,2092,1984,2839
1,14325,14446,69,2096,1984,2828
1,14325,14446,70,2095,1985,2814
1,14325,14446,71,2086,1984,2798
1,14325,14446,72,2090,1984,2786
1,14325,14446,73,2089,1984,2771
1,14325,14446,74,2082,1984,2756
1,14325,14446,75,2084,1984,2743
1,14325,14446,76,2082,1984,2727
1,14325,14446,77,2076,1985,2713
1,14325,14446,78,2078,1984,2698
1,14325,14446,79,2077,1984,2688
1,14325,14446,80,2070,1984,2670
1,14325,14446,81,2073,1984,2656
1,14325,14446,82,2070,1983,2638
1,14325,14446,83,2065,1984,2629
1,14325,14446,84,2066,1984,2615
1,14325,14446,85,2064,1982,2602
1,14325,14446,86,2060,1984,2585
1,14325,14446,87,2059,1985,2571
1,14325,14446,88,2056,1981,2561
1,14325,14446,89,2056,1984,2559
1,14325,14446,90,2060,1985,2572
1,14325,14446,91,2061,1981,2589
1,14325,14446,92,2062,1985,2600
1,14325,14446,93,2065,1986,2614
1,14325,14446,94,2067,1981,2626
1,14325,14446,95,2069,1985,2641
1,14325,14446,96,2072,1986,2656
1,14325,14446,97,2073,1981,2671
1,14325,14446,98,2076,1985,2682
1,14325,14446,99,2076,1986,2704
1,14325,14446,100,2078,1980,2720
1,14325,14446,101,2082,1985,2724
1,14325,14446,102,2083,1987,2742
1,14325,14446,103,2083,1981,2756
1,14325,14446,104,2087,1986,2773
1,14325,14446,105,2089,1986,2783
1,14325,14446,106,2088,1981,2800
1,14325,14446,107,2093,1986,2814
1,14325,14446,108,2096,1987,2831
1,14325,14446,109,2092,1981,2841
1,14325,14446,110,2100,1986,2855
1,14325,14446,111,2103,1986,2868
1,14325,14446,112,2099,1981,2885
1,14325,14446,113,2106,1986,2897
1,14325,14446,114,2109,1987,2912
1,14325,14446,115,2104,1982,2926
1,14325,14446,116,2112,1986,2943
1,14325,14446,117,2115,1986,2956
1,14325,14446,118,2108,1982,2967
1,14325,14446,119,2117,1986,2985
1,14325,14446,120,2120,1986,2998
1,14325,14446,121,2116,1982,3010
1,14325,14446,122,2123,1986,3026
1,14325,14446,123,2128,1986,3033
1,14325,14446,124,2121,1983,3055
1,14325,14446,125,2130,1986,3074
1,14325,14446,126,2131,1986,3095
1,14325,14446,127,2127,1983,3096
1,14325,14446,128,2135,1986,3106
1,14325,14446,129,2138,1986,3127
1,14325,14446,130,2133,1983,3139
1,14325,14446,131,2142,1986,3150
1,14325,14446,132,2143,1986,3167
1,14325,14446,133,2138,1983,3180
1,14325,14446,134,2148,1985,3195
1,14325,14446,135,2149,1986,3210
1,14325,14446,136,2144,1984,3218
1,14325,14446,137,2154,1986,3239
1,14325,14446,138,2155,1986,3255
1,14325,14446,139,2150,1984,3269
1,14325,14446,140,2159,1985,3284
1,14325,14446,141,2161,1986,3289
1,14325,14446,142,2157,1984,3307
1,14325,14446,143,2166,1986,3323
1,14325,14446,144,2167,1986,3338
1,14325,14446,145,2163,1985,3355
1,14325,14446,146,2170,1986,3368
1,14325,14446,147,2173,1986,3383
1,14325,14446,148,2169,1985,3397
1,14325,14446,149,2176,1985,3408
1,14325,14446,150,2179,1985,3425
1,14325,14446,151,2176,1986,3440
1,14325,14446,152,2182,1986,3451
1,14325,14446,153,2185,1986,3466
1,14325,14446,154,2181,1986,3478
1,14325,14446,155,2185,1985,3473
1,14325,14446,156,2185,1985,3487
1,14325,14446,157,2185,1986,3482
1,14325,14446,158,2190,1986,3508
1,14325,14446,159,2191,1985,3513
1,14325,14446,160,2189,1987,3516
1,14325,14446,161,2191,1986,3513
1,14325,14446,162,2189,1984,3471
1,14325,14446,163,2172,1985,3363
1,14325,14446,164,2160,1986,3274
1,14325,14446,165,2152,1982,3161
1,14325,14446,166,2129,1985,3043
1,14325,14446,167,2115,1986,2928
1,14325,14446,168,2097,1981,2798
1,14325,14446,169,2079,1984,2657
1,14325,14446,170,2061,1985,2534
1,14325,14446,171,2043,1980,2434
1,14325,14446,172,2033,1984,2343
1,14325,14446,173,2015,1985,2207
1,14325,14446,174,1998,1978,2042
1,14325,14446,175,1982,1983,1949
1,14325,14446,176,1963,1984,1815
1,14325,14446,177,1943,1978,1669
1,14325,14446,178,1930,1982,1590
1,14325,14446,179,1914,1983,1480
1,14325,14446,180,1896,1977,1326
1,14325,14446,181,1879,1980,1152
1,14325,14446,182,1861,1981,1035
1,14325,14446,183,1837,1976,883
1,14325,14446,184,1827,1979,737
1,14325,14446,185,1809,1979,599
1,14325,14446,186,1787,1972,449
1,14325,14446,187,1776,1975,302
1,14325,14446,188,1761,1975,213
1,14325,14446,189,1756,1971,226
1,14325,14446,190,1763,1976,242
1,14325,14446,191,1765,1976,261
1,14325,14446,192,1760,1972,271
1,14325,14446,193,1769,1976,284
1,14325,14446,194,1771,1977,301
1,14325,14446,195,1765,1972,313
1,14325,14446,196,1773,1976,325
1,14325,14446,197,1776,1977,342
1,14325,14446,198,1769,1973,359
1,14325,14446,199,1779,1977,369
1,14325,14446,200,1778,1977,384
1,14325,14446,201,1774,1973,397
1,14325,14446,202,1783,1977,411
1,14325,14446,203,1786,1978,428
1,14325,14446,204,1780,1974,440
1,14325,14446,205,1787,1977,454
1,14325,14446,206,1790,1978,470
1,14325,14446,207,1784,1975,483
1,14325,14446,208,1792,1978,495
1,14325,14446,209,1794,1978,513
1,14325,14446,210,1788,1976,525
1,14325,14446,211,1797,1977,539
1,14325,14446,212,1799,1979,555
1,14325,14446,213,1793,1976,567
1,14325,14446,214,1803,1978,582
1,14325,14446,215,1804,1978,601
1,14325,14446,216,1799,1977,609
1,14325,14446,217,1807,1978,625
1,14325,14446,218,1807,1978,644
1,14325,14446,219,1804,1977,654
1,14325,14446,220,1811,1978,668
1,14325,14446,221,1813,1979,681
1,14325,14446,222,1809,1978,700
1,14325,14446,223,1816,1979,710
1,14325,14446,224,1818,1979,725
1,14325,14446,225,1814,1979,738
1,14325,14446,226,1822,1978,753
1,14325,14446,227,1823,1979,770
1,14325,14446,228,1821,1979,782
1,14325,14446,229,1826,1979,792
1,14325,14446,230,1827,1979,809
1,14325,14446,231,1826,1979,822
1,14325,14446,232,1831,1980,838
1,14325,14446,233,1832,1978,855
1,14325,14446,234,1830,1980,868
1,14325,14446,235,1836,1980,885
1,14325,14446,236,1838,1978,895
1,14325,14446,237,1837,1980,911
1,14325,14446,238,1841,1981,923
1,14325,14446,239,1842,1978,938
1,14325,14446,240,1843,1981,954
1,14325,14446,241,1846,1982,963
1,14325,14446,242,1847,1977,978
1,14325,14446,243,1848,1981,994
1,14325,14446,244,1850,1982,1006
1,14325,14446,245,1852,1977,1014
1,14325,14446,246,1854,1981,1034
1,14325,14446,247,1855,1983,1052
1,14325,14446,248,1857,1977,1066
1,14325,14446,249,1860,1981,1075
1,14325,14446,250,1861,1983,1091
1,14325,14446,251,1861,1977,1110
1,14325,14446,252,1865,1982,1124
1,14325,14446,253,1866,1983,1135
1,14325,14446,254,1865,1977,1153
1,14325,14446,255,1871,1982,1165
1,14325,14446,256,1873,1982,1180
1,14325,14446,257,1868,1977,1193
1,14325,14446,258,1876,1982,1210
1,14325,14446,259,1879,1983,1224
1,14325,14446,260,1875,1977,1237
1,14325,14446,261,1882,1982,1251
1,14325,14446,262,1884,1983,1264
1,14325,14446,263,1880,1978,1280
1,14325,14446,264,1887,1982,1294
1,14325,14446,265,1891,1983,1308
1,14325,14446,266,1886,1978,1321
1,14325,14446,267,1892,1982,1321
1,14325,14446,268,1889,1982,1306
1,14325,14446,269,1882,1978,1293
1,14325,14446,270,1887,1983,1278
1,14325,14446,271,1885,1982,1264
1,14325,14446,272,1876,1978,1261
1,14325,14446,273,1881,1982,1235
1,14325,14446,274,1880,1983,1222
1,14325,14446,275,1871,1978,1208
1,14325,14446,276,1876,1981,1193
1,14325,14446,277,1874,1982,1181
1,14325,14446,278,1864,1978,1168
1,14325,14446,279,1870,1982,1150
1,14325,14446,280,1868,1982,1138
1,14325,14446,281,1859,1978,1122
1,14325,14446,282,1865,1981,1107
1,14325,14446,283,1863,1981,1095
1,14325,14446,284,1854,1978,1077
1,14325,14446,285,1860,1981,1064
1,14325,14446,286,1859,1981,1057
1,14325,14446,287,1849,1979,1036
1,14325,14446,288,1854,1980,1023
1,14325,14446,289,1853,1981,1013
1,14325,14446,290,1845,1979,993
1,14325,14446,291,1849,1980,979
1,14325,14446,292,1849,1981,964
1,14325,14446,293,1839,1979,950
1,14325,14446,294,1844,1979,934
1,14325,14446,295,1842,1980,924
1,14325,14446,296,1834,1979,906
1,14325,14446,297,1838,1979,898
1,14325,14446,298,1837,1980,881
1,14325,14446,299,1830,1979,866
1,14325,14446,300,1833,1979,849
1,14325,14446,301,1831,1979,840
1,14325,14446,302,1824,1979,821
1,14325,14446,303,1826,1979,808
1,14325,14446,304,1826,1979,796
1,14325,14446,305,1819,1979,781
1,14325,14446,306,1822,1978,765
1,14325,14446,307,1821,1978,755
1,14325,14446,308,1816,1979,737
1,14325,14446,309,1817,1979,723
1,14325,14446,310,1816,1977,713
1,14325,14446,311,1811,1979,698
1,14325,14446,312,1812,1979,682
1,14325,14446,313,1811,1976,668
1,14325,14446,314,1807,1979,653
1,14325,14446,315,1807,1979,639
1,14325,14446,316,1805,1975,626
1,14325,14446,317,1802,1979,611
1,14325,14446,318,1802,1980,595
1,14325,14446,319,1800,1975,585
1,14325,14446,320,1798,1978,565
1,14325,14446,321,1797,1980,553
1,14325,14446,322,1795,1974,538
1,14325,14446,323,1794,1978,523
1,14325,14446,324,1792,1980,511
1,14325,14446,325,1789,1974,497
1,14325,14446,326,1789,1978,488
1,14325,14446,327,1788,1978,469
1,14325,14446,328,1784,1973,453
1,14325,14446,329,1785,1978,437
1,14325,14446,330,1784,1978,431
1,14325,14446,331,1778,1973,413
1,14325,14446,332,1775,1977,396
1,14325,14446,333,1779,1978,382
1,14325,14446,334,1772,1972,369
1,14325,14446,335,1776,1976,355
1,14325,14446,336,1774,1977,343
1,14325,14446,337,1767,1972,328
1,14325,14446,338,1771,1976,313
1,14325,14446,339,1771,1976,299
1,14325,14446,340,1763,1971,286
1,14325,14446,341,1766,1976,271
1,14325,14446,342,1766,1976,256
1,14325,14446,343,1757,1971,244
1,14325,14446,344,1762,1975,229
1,14325,14446,345,1761,1975,215
1,14325,14446,346,1752,1971,191
1,14325,14446,347,1757,1974,184
1,14325,14446,348,1756,1974,180
1,14325,14446,349,1754,1971,183
1,14325,14446,350,1765,1976,261
1,14325,14446,351,1776,1978,373
1,14325,14446,352,1778,1974,472
1,14325,14446,353,1803,1979,597
1,14325,14446,354,1816,1981,758
1,14325,14446,355,1824,1977,869
2,14499,14620,0,1992,2027,1199
2,14499,14620,1,1875,1980,1291
2,14499,14620,2,1900,1984,1411
2,14499,14620,3,1916,1984,1518
2,14499,14620,4,1922,1979,1630
2,14499,14620,5,1945,1984,1760
2,14499,14620,6,1964,1985,1888
2,14499,14620,7,1981,1981,2026
2,14499,14620,8,1997,1985,2149
2,14499,14620,9,2014,1985,2273
2,14499,14620,10,2025,1982,2383
2,14499,14620,11,2046,1985,2490
2,14499,14620,12,2065,1986,2631
2,14499,14620,13,2072,1982,2758
2,14499,14620,14,2099,1986,2866
2,14499,14620,15,2116,1986,3002
2,14499,14620,16,2125,1983,3171
2,14499,14620,17,2153,1987,3262
2,14499,14620,18,2171,1987,3408
2,14499,14620,19,2179,1984,3493
2,14499,14620,20,2190,1986,3491
2,14499,14620,21,2186,1986,3472
2,14499,14620,22,2179,1984,3473
2,14499,14620,23,2186,1986,3477
2,14499,14620,24,2185,1986,3467
2,14499,14620,25,2177,1984,3448
2,14499,14620,26,2181,1986,3439
2,14499,14620,27,2179,1986,3427
2,14499,14620,28,2171,1984,3410
2,14499,14620,29,2175,1984,3397
2,14499,14620,30,2174,1985,3379
2,14499,14620,31,2165,1985,3364
2,14499,14620,32,2168,1985,3351
2,14499,14620,33,2167,1986,3336
2,14499,14620,34,2161,1985,3323
2,14499,14620,35,2162,1985,3309
2,14499,14620,36,2161,1985,3299
2,14499,14620,37,2154,1985,3285
2,14499,14620,38,2157,1984,3269
2,14499,14620,39,2155,1985,3251
2,14499,14620,40,2149,1985,3236
2,14499,14620,41,2151,1985,3222
2,14499,14620,42,2149,1984,3214
2,14499,14620,43,2143,1985,3196
2,14499,14620,44,2143,1985,3184
2,14499,14620,45,2143,1983,3171
2,14499,14620,46,2139,1985,3153
2,14499,14620,47,2137,1985,3140
2,14499,14620,48,2137,1983,3122
2,14499,14620,49,2132,1986,3113
2,14499,14620,50,2132,1986,3098
2,14499,14620,51,2130,1982,3088
2,14499,14620,52,2127,1986,3071
2,14499,14620,53,2126,1987,3039
2,14499,14620,54,2125,1982,3042
2,14499,14620,55,2122,1985,3028
2,14499,14620,56,2120,1987,3011
2,14499,14620,57,2118,1981,2996
2,14499,14620,58,2116,1986,2982
2,14499,14620,59,2114,1987,2967
2,14499,14620,60,2111,1981,2956
2,14499,14620,61,2111,1986,2936
2,14499,14620,62,2108,1987,2927
2,14499,14620,63,2104,1981,2913
2,14499,14620,64,2104,1986,2898
2,14499,14620,65,2104,1986,2884
2,14499,14620,66,2098,1981,2873
2,14499,14620,67,2100,1985,2856
2,14499,14620,68,2099,1986,2841
2,14499,14620,69,2090,1981,2830
2,14499,14620,70,2093,1986,2813
2,14499,14620,71,2093,1986,2800
2,14499,14620,72,2085,1981,2784
2,14499,14620,73,2088,1986,2770
2,14499,14620,74,2087,1986,2754
2,14499,14620,75,2079,1980,2743
2,14499,14620,76,2083,1986,2731
2,14499,14620,77,2081,1985,2708
2,14499,14620,78,2073,1981,2700
2,14499,14620,79,2077,1985,2683
2,14499,14620,80,2076,1986,2672
2,14499,14620,81,2066,1981,2656
2,14499,14620,82,2071,1985,2643
2,14499,14620,83,2068,1985,2625
2,14499,14620,84,2061,1981,2617
2,14499,14620,85,2066,1985,2601
2,14499,14620,86,2064,1985,2588
2,14499,14620,87,2054,1981,2579
2,14499,14620,88,2060,1985,2559
2,14499,14620,89,2060,1985,2556
2,14499,14620,90,2055,1982,2568
2,14499,14620,91,2063,1984,2585
2,14499,14620,92,2065,1985,2599
2,14499,14620,93,2061,1982,2613
2,14499,14620,94,2069,1985,2627
2,14499,14620,95,2071,1985,2633
2,14499,14620,96,2066,1983,2657
2,14499,14620,97,2075,1984,2664
2,14499,14620,98,2077,1985,2685
2,14499,14620,99,2073,1983,2707
2,14499,14620,100,2082,1985,2717
2,14499,14620,101,2083,1985,2729
2,14499,14620,102,2077,1984,2742
2,14499,14620,103,2087,1984,2757
2,14499,14620,104,2089,1985,2776
2,14499,14620,105,2085,1984,2784
2,14499,14620,106,2092,1984,2800
2,14499,14620,107,2095,1985,2815
2,14499,14620,108,2090,1984,2824
2,14499,14620,109,2098,1984,2841
2,14499,14620,110,2101,1985,2856
2,14499,14620,111,2098,1984,2870
2,14499,14620,112,2102,1984,2881
2,14499,14620,113,2107,1984,2899
2,14499,14620,114,2103,1985,2912
2,14499,14620,115,2109,1984,2928
2,14499,14620,116,2112,1984,2939
2,14499,14620,117,2109,1985,2955
2,14499,14620,118,2114,1985,2969
2,14499,14620,119,2118,1983,2983
2,14499,14620,120,2116,1985,2998
2,14499,14620,121,2120,1985,3012
2,14499,14620,122,2123,1983,3027
2,14499,14620,123,2122,1986,3042
2,14499,14620,124,2126,1986,3054
2,14499,14620,125,2128,1982,3067
2,14499,14620,126,2129,1985,3081
2,14499,14620,127,2131,1986,3097
2,14499,14620,128,2134,1982,3114
2,14499,14620,129,2135,1985,3126
2,14499,14620,130,2137,1987,3140
2,14499,14620,131,2139,1982,3156
2,14499,14620,132,2141,1986,3168
2,14499,14620,133,2143,1987,3182
2,14499,14620,134,2145,1982,3197
2,14499,14620,135,2148,1986,3213
2,14499,14620,136,2150,1988,3224
2,14499,14620,137,2149,1982,3241
2,14499,14620,138,2153,1986,3253
2,14499,14620,139,2156,1988,3269
2,14499,14620,140,2155,1982,3281
2,14499,14620,141,2161,1986,3295
2,14499,14620,142,2162,1988,3311
2,14499,14620,143,2159,1982,3323
2,14499,14620,144,2166,1987,3336
2,14499,14620,145,2169,1988,3355
2,14499,14620,146,2165,1982,3361
2,14499,14620,147,2172,1987,3379
2,14499,14620,148,2175,1987,3394
2,14499,14620,149,2172,1982,3406
2,14499,14620,150,2178,1987,3425
2,14499,14620,151,2181,1988,3438
2,14499,14620,152,2177,1983,3452
2,14499,14620,153,2184,1987,3469
2,14499,14620,154,2188,1987,3477
2,14499,14620,155,2179,1983,3473
2,14499,14620,156,2186,1987,3472
2,14499,14620,157,2188,1988,3499
2,14499,14620,158,2183,1983,3493
2,14499,14620,159,2191,1987,3512
2,14499,14620,160,2193,1987,3516
2,14499,14620,161,2186,1983,3514
2,14499,14620,162,2188,1986,3474
2,14499,14620,163,2177,1986,3381
2,14499,14620,164,2157,1983,3272
2,14499,14620,165,2148,1984,3158
2,14499,14620,166,2133,1985,3046
2,14499,14620,167,2109,1982,2916
2,14499,14620,168,2097,1984,2796
2,14499,14620,169,2081,1984,2673
2,14499,14620,170,2057,1981,2535
2,14499,14620,171,2046,1983,2406
2,14499,14620,172,2029,1983,2285
2,14499,14620,173,1995,1980,2094
2,14499,14620,174,1982,1980,1906
2,14499,14620,175,1961,1982,1770
2,14499,14620,176,1933,1980,1616
2,14499,14620,177,1919,1980,1467
2,14499,14620,178,1908,1981,1395
2,14499,14620,179,1884,1979,1268
2,14499,14620,180,1874,1980,1140
2,14499,14620,181,1858,1980,1030
2,14499,14620,182,1840,1979,897
2,14499,14620,183,1828,1978,766
2,14499,14620,184,1815,1978,644
2,14499,14620,185,1793,1977,518
2,14499,14620,186,1785,1975,399
2,14499,14620,187,1771,1974,269
2,14499,14620,188,1756,1973,213
2,14499,14620,189,1760,1974,222
2,14499,14620,190,1763,1974,244
2,14499,14620,191,1760,1975,250
2,14499,14620,192,1765,1975,270
2,14499,14620,193,1767,1973,285
2,14499,14620,194,1766,1975,297
2,14499,14620,195,1769,1976,312
2,14499,14620,196,1772,1974,329
2,14499,14620,197,1772,1976,342
2,14499,14620,198,1775,1977,361
2,14499,14620,199,1777,1973,369
2,14499,14620,200,1777,1977,382
2,14499,14620,201,1779,1977,397
2,14499,14620,202,1781,1974,411
2,14499,14620,203,1782,1977,427
2,14499,14620,204,1784,1978,439
2,14499,14620,205,1785,1973,454
2,14499,14620,206,1788,1977,468
2,14499,14620,207,1788,1979,481
2,14499,14620,208,1790,1974,495
2,14499,14620,209,1792,1978,510
2,14499,14620,210,1793,1980,526
2,14499,14620,211,1794,1974,532
2,14499,14620,212,1797,1978,549
2,14499,14620,213,1799,1980,568
2,14499,14620,214,1798,1975,581
2,14499,14620,215,1803,1979,592
2,14499,14620,216,1805,1980,611
2,14499,14620,217,1802,1975,625
2,14499,14620,218,1808,1979,636
2,14499,14620,219,1810,1981,660
2,14499,14620,220,1806,1975,670
2,14499,14620,221,1812,1980,682
2,14499,14620,222,1815,1981,698
2,14499,14620,223,1811,1975,711
2,14499,14620,224,1818,1979,722
2,14499,14620,225,1820,1980,740
2,14499,14620,226,1816,1976,754
2,14499,14620,227,1823,1980,768
2,14499,14620,228,1825,1980,782
2,14499,14620,229,1820,1976,796
2,14499,14620,230,1829,1980,812
2,14499,14620,231,1831,1981,826
2,14499,14620,232,1825,1976,839
2,14499,14620,233,1833,1980,856
2,14499,14620,234,1835,1981,866
2,14499,14620,235,1830,1977,879
2,14499,14620,236,1839,1980,895
2,14499,14620,237,1841,1981,908
2,14499,14620,238,1836,1977,928
2,14499,14620,239,1842,1981,931
2,14499,14620,240,1846,1981,947
2,14499,14620,241,1841,1978,965
2,14499,14620,242,1850,1980,980
2,14499,14620,243,1851,1981,992
2,14499,14620,244,1846,1979,1007
2,14499,14620,245,1854,1981,1022
2,14499,14620,246,1856,1981,1042
2,14499,14620,247,1852,1980,1053
2,14499,14620,248,1859,1980,1067
2,14499,14620,249,1862,1981,1080
2,14499,14620,250,1857,1980,1093
2,14499,14620,251,1865,1981,1111
2,14499,14620,252,1866,1981,1121
2,14499,14620,253,1862,1980,1137
2,14499,14620,254,1870,1981,1152
2,14499,14620,255,1871,1981,1165
2,14499,14620,256,1868,1981,1180
2,14499,14620,257,1875,1980,1199
2,14499,14620,258,1876,1981,1210
2,14499,14620,259,1874,1981,1221
2,14499,14620,260,1879,1980,1237
2,14499,14620,261,1883,1981,1250
2,14499,14620,262,1879,1981,1268
2,14499,14620,263,1885,1981,1288
2,14499,14620,264,1888,1981,1292
2,14499,14620,265,1886,1981,1315
2,14499,14620,266,1889,1981,1319
2,14499,14620,267,1891,1980,1323
2,14499,14620,268,1886,1981,1307
2,14499,14620,269,1887,1981,1290
2,14499,14620,270,1885,1979,1278
2,14499,14620,271,1881,1981,1265
2,14499,14620,272,1880,1981,1251
2,14499,14620,273,1879,1978,1235
2,14499,14620,274,1876,1981,1222
2,14499,14620,275,1875,1982,1210
2,14499,14620,276,1874,1978,1194
2,14499,14620,277,1871,1981,1177
2,14499,14620,278,1869,1982,1162
2,14499,14620,279,1869,1977,1151
2,14499,14620,280,1867,1981,1137
2,14499,14620,281,1864,1983,1121
2,14499,14620,282,1864,1977,1108
2,14499,14620,283,1861,1981,1088
2,14499,14620,284,1859,1983,1081
2,14499,14620,285,1857,1977,1066
2,14499,14620,286,1857,1981,1053
2,14499,14620,287,1855,1982,1037
2,14499,14620,288,1850,1977,1024
2,14499,14620,289,1851,1981,1008
2,14499,14620,290,1849,1982,995
2,14499,14620,291,1844,1976,980
2,14499,14620,292,1846,1981,965
2,14499,14620,293,1845,1982,950
2,14499,14620,294,1838,1976,936
2,14499,14620,295,1841,1981,926
2,14499,14620,296,1841,1982,911
2,14499,14620,297,1833,1976,895
2,14499,14620,298,1837,1981,884
2,14499,14620,299,1836,1981,867
2,14499,14620,300,1828,1976,854
2,14499,14620,301,1831,1980,836
2,14499,14620,302,1830,1981,823
2,14499,14620,303,1822,1976,809
2,14499,14620,304,1827,1980,796
2,14499,14620,305,1826,1981,780
2,14499,14620,306,1817,1976,766
2,14499,14620,307,1821,1979,752
2,14499,14620,308,1820,1979,739
2,14499,14620,309,1812,1976,725
2,14499,14620,310,1816,1979,712
2,14499,14620,311,1815,1979,697
2,14499,14620,312,1807,1976,679
2,14499,14620,313,1812,1979,670
2,14499,14620,314,1811,1979,655
2,14499,14620,315,1802,1976,639
2,14499,14620,316,1806,1978,626
2,14499,14620,317,1806,1979,610
2,14499,14620,318,1797,1976,597
2,14499,14620,319,1803,1978,582
2,14499,14620,320,1801,1978,569
2,14499,14620,321,1792,1975,555
2,14499,14620,322,1797,1978,543
2,14499,14620,323,1795,1978,524
2,14499,14620,324,1787,1976,508
2,14499,14620,325,1793,1977,498
2,14499,14620,326,1791,1977,485
2,14499,14620,327,1783,1976,467
2,14499,14620,328,1787,1976,454
2,14499,14620,329,1787,1977,443
2,14499,14620,330,1779,1976,426
2,14499,14620,331,1781,1976,413
2,14499,14620,332,1781,1976,395
2,14499,14620,333,1774,1976,384
2,14499,14620,334,1777,1976,369
2,14499,14620,335,1776,1976,357
2,14499,14620,336,1769,1975,341
2,14499,14620,337,1772,1975,327
2,14499,14620,338,1772,1975,316
2,14499,14620,339,1765,1975,301
2,14499,14620,340,1767,1974,282
2,14499,14620,341,1766,1973,269
2,14499,14620,342,1762,1975,253
2,14499,14620,343,1762,1974,240
2,14499,14620,344,1761,1972,229
2,14499,14620,345,1758,1975,216
2,14499,14620,346,1757,1975,200
2,14499,14620,347,1756,1971,185
2,14499,14620,348,1760,1975,250
2,14499,14620,349,1768,1977,331
2,14499,14620,350,1780,1974,425
2,14499,14620,351,1791,1978,517
2,14499,14620,352,1801,1980,632
2,14499,14620,353,1816,1976,752
2,14499,14620,354,1829,1980,859
2,14499,14620,355,1840,1983,970
3,14676,14797,0,1987,2021,1109
3,14676,14797,1,1868,1983,1174
3,14676,14797,2,1883,1983,1264
3,14676,14797,3,1886,1980,1362
3,14676,14797,4,1904,1982,1450
3,14676,14797,5,1920,1983,1567
3,14676,14797,6,1932,1982,1701
3,14676,14797,7,1953,1983,1833
3,14676,14797,8,1970,1984,1969
3,14676,14797,9,1984,1983,2105
3,14676,14797,10,2010,1985,2251
3,14676,14797,11,2029,1985,2409
3,14676,14797,12,2044,1984,2546
3,14676,14797,13,2069,1985,2669
3,14676,14797,14,2089,1985,2820
3,14676,14797,15,2104,1985,2959
3,14676,14797,16,2127,1985,3109
3,14676,14797,17,2147,1986,3247
3,14676,14797,18,2161,1986,3376
3,14676,14797,19,2185,1986,3488
3,14676,14797,20,2187,1985,3484
3,14676,14797,21,2181,1985,3471
3,14676,14797,22,2185,1985,3472
3,14676,14797,23,2187,1985,3476
3,14676,14797,24,2182,1986,3466
3,14676,14797,25,2181,1986,3447
3,14676,14797,26,2180,1984,3447
3,14676,14797,27,2177,1986,3420
3,14676,14797,28,2176,1986,3406
3,14676,14797,29,2174,1983,3398
3,14676,14797,30,2170,1986,3381
3,14676,14797,31,2169,1987,3365
3,14676,14797,32,2168,1983,3353
3,14676,14797,33,2164,1986,3336
3,14676,14797,34,2163,1987,3325
3,14676,14797,35,2162,1982,3314
3,14676,14797,36,2161,1986,3298
3,14676,14797,37,2157,1987,3281
3,14676,14797,38,2155,1982,3274
3,14676,14797,39,2154,1986,3250
3,14676,14797,40,2152,1988,3238
3,14676,14797,41,2148,1982,3226
3,14676,14797,42,2147,1986,3209
3,14676,14797,43,2146,1987,3198
3,14676,14797,44,2141,1982,3189
3,14676,14797,45,2143,1986,3168
3,14676,14797,46,2142,1988,3153
3,14676,14797,47,2134,1981,3141
3,14676,14797,48,2137,1986,3119
3,14676,14797,49,2136,1987,3113
3,14676,14797,50,2128,1982,3098
3,14676,14797,51,2131,1986,3083
3,14676,14797,52,2130,1986,3069
3,14676,14797,53,2122,1982,3052
3,14676,14797,54,2125,1986,3041
3,14676,14797,55,2125,1987,3013
3,14676,14797,56,2116,1982,3018
3,14676,14797,57,2120,1986,2999
3,14676,14797,58,2119,1986,2984
3,14676,14797,59,2110,1982,2972
3,14676,14797,60,2114,1986,2954
3,14676,14797,61,2112,1986,2944
3,14676,14797,62,2104,1982,2928
3,14676,14797,63,2108,1985,2905
3,14676,14797,64,2107,1986,2899
3,14676,14797,65,2097,1982,2885
3,14676,14797,66,2103,1986,2868
3,14676,14797,67,2100,1986,2857
3,14676,14797,68,2091,1981,2840
3,14676,14797,69,2097,1985,2830
3,14676,14797,70,2095,1985,2806
3,14676,14797,71,2086,1983,2796
3,14676,14797,72,2091,1984,2782
3,14676,14797,73,2089,1985,2770
3,14676,14797,74,2080,1982,2754
3,14676,14797,75,2085,1985,2743
3,14676,14797,76,2083,1985,2730
3,14676,14797,77,2074,1983,2715
3,14676,14797,78,2078,1984,2698
3,14676,14797,79,2077,1985,2683
3,14676,14797,80,2069,1982,2677
3,14676,14797,81,2071,1984,2661
3,14676,14797,82,2071,1984,2649
3,14676,14797,83,2063,1983,2632
3,14676,14797,84,2066,1984,2617
3,14676,14797,85,2065,1984,2602
3,14676,14797,86,2057,1983,2587
3,14676,14797,87,2062,1984,2576
3,14676,14797,88,2059,1984,2558
3,14676,14797,89,2054,1984,2558
3,14676,14797,90,2061,1984,2570
3,14676,14797,91,2063,1984,2593
3,14676,14797,92,2060,1984,2601
3,14676,14797,93,2067,1984,2612
3,14676,14797,94,2068,1984,2629
3,14676,14797,95,2067,1985,2647
3,14676,14797,96,2072,1984,2655
3,14676,14797,97,2075,1983,2669
3,14676,14797,98,2073,1985,2686
3,14676,14797,99,2078,1985,2700
3,14676,14797,100,2081,1983,2711
3,14676,14797,101,2080,1985,2727
3,14676,14797,102,2083,1985,2741
3,14676,14797,103,2086,1982,2756
3,14676,14797,104,2086,1985,2771
3,14676,14797,105,2089,1986,2782
3,14676,14797,106,2091,1982,2799
3,14676,14797,107,2092,1985,2814
3,14676,14797,108,2095,1986,2826
3,14676,14797,109,2097,1982,2850
3,14676,14797,110,2098,1985,2861
3,14676,14797,111,2100,1986,2870
3,14676,14797,112,2103,1981,2887
3,14676,14797,113,2105,1986,2898
3,14676,14797,114,2106,1987,2914
3,14676,14797,115,2107,1981,2924
3,14676,14797,116,2111,1986,2940
3,14676,14797,117,2113,1987,2955
3,14676,14797,118,2112,1982,2981
3,14676,14797,119,2116,1985,2985
3,14676,14797,120,2119,1987,2998
3,14676,14797,121,2117,1982,3012
3,14676,14797,122,2122,1986,3025
3,14676,14797,123,2125,1987,3036
3,14676,14797,124,2122,1982,3054
3,14676,14797,125,2129,1986,3066
3,14676,14797,126,2132,1987,3085
3,14676,14797,127,2128,1982,3099
3,14676,14797,128,2136,1986,3111
3,14676,14797,129,2137,1986,3125
3,14676,14797,130,2133,1982,3139
3,14676,14797,131,2141,1986,3155
3,14676,14797,132,2143,1987,3165
3,14676,14797,133,2139,1982,3183
3,14676,14797,134,2148,1986,3197
3,14676,14797,135,2149,1987,3214
3,14676,14797,136,2145,1983,3226
3,14676,14797,137,2153,1987,3239
3,14676,14797,138,2156,1986,3256
3,14676,14797,139,2150,1983,3266
3,14676,14797,140,2160,1986,3282
3,14676,14797,141,2162,1986,3297
3,14676,14797,142,2156,1983,3308
3,14676,14797,143,2166,1986,3328
3,14676,14797,144,2167,1986,3337
3,14676,14797,145,2163,1983,3359
3,14676,14797,146,2170,1986,3367
3,14676,14797,147,2173,1987,3382
3,14676,14797,148,2168,1984,3396
3,14676,14797,149,2177,1986,3409
3,14676,14797,150,2179,1986,3425
3,14676,14797,151,2175,1984,3435
3,14676,14797,152,2183,1986,3457
3,14676,14797,153,2185,1986,3469
3,14676,14797,154,2180,1985,3477
3,14676,14797,155,2186,1985,3473
3,14676,14797,156,2186,1986,3473
3,14676,14797,157,2182,1985,3485
3,14676,14797,158,2189,1986,3500
3,14676,14797,159,2191,1986,3510
3,14676,14797,160,2186,1985,3516
3,14676,14797,161,2193,1986,3513
3,14676,14797,162,2191,1986,3482
3,14676,14797,163,2171,1984,3374
3,14676,14797,164,2161,1984,3268
3,14676,14797,165,2147,1984,3127
3,14676,14797,166,2127,1984,3038
3,14676,14797,167,2114,1983,2925
3,14676,14797,168,2097,1983,2793
3,14676,14797,169,2076,1984,2696
3,14676,14797,170,2066,1983,2619
3,14676,14797,171,2054,1982,2478
3,14676,14797,172,2034,1983,2389
3,14676,14797,173,2021,1983,2239
3,14676,14797,174,2002,1980,2103
3,14676,14797,175,1978,1982,1962
3,14676,14797,176,1963,1982,1823
3,14676,14797,177,1944,1978,1661
3,14676,14797,178,1921,1982,1575
3,14676,14797,179,1912,1981,1445
3,14676,14797,180,1894,1978,1292
3,14676,14797,181,1873,1981,1152
3,14676,14797,182,1856,1981,1013
3,14676,14797,183,1840,1976,886
3,14676,14797,184,1821,1979,725
3,14676,14797,185,1804,1979,599
3,14676,14797,186,1790,1972,433
3,14676,14797,187,1775,1976,299
3,14676,14797,188,1757,1976,212
3,14676,14797,189,1759,1971,231
3,14676,14797,190,1761,1975,241
3,14676,14797,191,1764,1977,257
3,14676,14797,192,1763,1972,267
3,14676,14797,193,1767,1976,284
3,14676,14797,194,1768,1977,297
3,14676,14797,195,1766,1972,316
3,14676,14797,196,1772,1976,323
3,14676,14797,197,1774,1978,344
3,14676,14797,198,1771,1972,356
3,14676,14797,199,1778,1977,369
3,14676,14797,200,1781,1978,392
3,14676,14797,201,1775,1973,400
3,14676,14797,202,1782,1977,417
3,14676,14797,203,1785,1978,422
3,14676,14797,204,1780,1973,443
3,14676,14797,205,1788,1978,454
3,14676,14797,206,1790,1979,472
3,14676,14797,207,1784,1974,482
3,14676,14797,208,1793,1978,497
3,14676,14797,209,1794,1979,516
3,14676,14797,210,1789,1974,523
3,14676,14797,211,1797,1978,539
3,14676,14797,212,1799,1979,558
3,14676,14797,213,1794,1975,565
3,14676,14797,214,1802,1978,583
3,14676,14797,215,1804,1980,598
3,14676,14797,216,1798,1975,612
3,14676,14797,217,1807,1979,624
3,14676,14797,218,1807,1980,646
3,14676,14797,219,1804,1976,654
3,14676,14797,220,1812,1979,667
3,14676,14797,221,1814,1979,683
3,14676,14797,222,1808,1977,694
3,14676,14797,223,1817,1979,713
3,14676,14797,224,1819,1980,724
3,14676,14797,225,1813,1977,739
3,14676,14797,226,1822,1979,750
3,14676,14797,227,1824,1980,769
3,14676,14797,228,1818,1978,779
3,14676,14797,229,1827,1979,797
3,14676,14797,230,1828,1980,808
3,14676,14797,231,1823,1978,823
3,14676,14797,232,1832,1979,843
3,14676,14797,233,1833,1980,847
3,14676,14797,234,1829,1979,868
3,14676,14797,235,1837,1979,879
3,14676,14797,236,1839,1980,896
3,14676,14797,237,1835,1979,910
3,14676,14797,238,1841,1980,922
3,14676,14797,239,1844,1979,939
3,14676,14797,240,1840,1980,952
3,14676,14797,241,1847,1979,964
3,14676,14797,242,1849,1980,982
3,14676,14797,243,1845,1980,995
3,14676,14797,244,1851,1980,1005
3,14676,14797,245,1853,1980,1022
3,14676,14797,246,1851,1980,1039
3,14676,14797,247,1857,1980,1050
3,14676,14797,248,1858,1978,1067
3,14676,14797,249,1857,1981,1080
3,14676,14797,250,1862,1981,1098
3,14676,14797,251,1864,1978,1107
3,14676,14797,252,1863,1981,1121
3,14676,14797,253,1868,1982,1134
3,14676,14797,254,1868,1978,1167
3,14676,14797,255,1869,1981,1168
3,14676,14797,256,1872,1982,1178
3,14676,14797,257,1873,1978,1194
3,14676,14797,258,1875,1982,1207
3,14676,14797,259,1877,1983,1224
3,14676,14797,260,1879,1978,1234
3,14676,14797,261,1881,1982,1250
3,14676,14797,262,1881,1983,1266
3,14676,14797,263,1884,1977,1281
3,14676,14797,264,1885,1982,1293
3,14676,14797,265,1886,1984,1306
3,14676,14797,266,1888,1978,1327
3,14676,14797,267,1889,1982,1327
3,14676,14797,268,1890,1983,1307
3,14676,14797,269,1884,1978,1297
3,14676,14797,270,1885,1983,1279
3,14676,14797,271,1884,1983,1263
3,14676,14797,272,1878,1977,1252
3,14676,14797,273,1880,1982,1235
3,14676,14797,274,1879,1982,1224
3,14676,14797,275,1872,1977,1207
3,14676,14797,276,1875,1981,1194
3,14676,14797,277,1873,1982,1179
3,14676,14797,278,1866,1977,1167
3,14676,14797,279,1869,1982,1148
3,14676,14797,280,1869,1982,1136
3,14676,14797,281,1860,1977,1122
3,14676,14797,282,1865,1982,1108
3,14676,14797,283,1863,1982,1092
3,14676,14797,284,1855,1977,1078
3,14676,14797,285,1860,1981,1063
3,14676,14797,286,1858,1981,1052
3,14676,14797,287,1849,1978,1036
3,14676,14797,288,1854,1981,1019
3,14676,14797,289,1853,1981,1007
3,14676,14797,290,1844,1977,993
3,14676,14797,291,1848,1980,977
3,14676,14797,292,1847,1981,967
3,14676,14797,293,1838,1977,952
3,14676,14797,294,1844,1981,937
3,14676,14797,295,1842,1980,924
3,14676,14797,296,1834,1978,907
3,14676,14797,297,1839,1979,895
3,14676,14797,298,1838,1980,882
3,14676,14797,299,1829,1978,860
3,14676,14797,300,1833,1980,851
3,14676,14797,301,1833,1980,841
3,14676,14797,302,1822,1978,829
3,14676,14797,303,1829,1979,818
3,14676,14797,304,1827,1980,795
3,14676,14797,305,1817,1978,781
3,14676,14797,306,1824,1979,769
3,14676,14797,307,1822,1979,759
3,14676,14797,308,1814,1979,737
3,14676,14797,309,1817,1979,723
3,14676,14797,310,1817,1978,713
3,14676,14797,311,1809,1978,697
3,14676,14797,312,1814,1978,688
3,14676,14797,313,1812,1978,669
3,14676,14797,314,1804,1978,653
3,14676,14797,315,1807,1978,640
3,14676,14797,316,1807,1978,624
3,14676,14797,317,1800,1978,610
3,14676,14797,318,1803,1978,583
3,14676,14797,319,1802,1978,587
3,14676,14797,320,1796,1978,569
3,14676,14797,321,1797,1977,553
3,14676,14797,322,1795,1976,539
3,14676,14797,323,1792,1978,524
3,14676,14797,324,1792,1977,510
3,14676,14797,325,1791,1975,497
3,14676,14797,326,1788,1977,483
3,14676,14797,327,1786,1978,465
3,14676,14797,328,1786,1974,458
3,14676,14797,329,1783,1977,441
3,14676,14797,330,1781,1977,427
3,14676,14797,331,1782,1974,417
3,14676,14797,332,1778,1977,397
3,14676,14797,333,1777,1978,381
3,14676,14797,334,1776,1973,370
3,14676,14797,335,1774,1977,356
3,14676,14797,336,1772,1977,341
3,14676,14797,337,1770,1972,329
3,14676,14797,338,1770,1976,314
3,14676,14797,339,1768,1978,321
3,14676,14797,340,1765,1971,287
3,14676,14797,341,1765,1975,269
3,14676,14797,342,1764,1976,255
3,14676,14797,343,1761,1971,244
3,14676,14797,344,1761,1975,227
3,14676,14797,345,1760,1976,212
3,14676,14797,346,1754,1970,197
3,14676,14797,347,1756,1974,183
3,14676,14797,348,1756,1975,171
3,14676,14797,349,1751,1970,192
3,14676,14797,350,1764,1976,272
3,14676,14797,351,1778,1978,371
3,14676,14797,352,1781,1974,492
3,14676,14797,353,1801,1980,603
3,14676,14797,354,1816,1982,748
3,14676,14797,355,1824,1977,873
4,14850,14971,0,1993,2026,1252
4,14850,14971,1,1888,1983,1336
4,14850,14971,2,1897,1982,1429
4,14850,14971,3,1917,1982,1543
4,14850,14971,4,1931,1982,1655
4,14850,14971,5,1942,1983,1749
4,14850,14971,6,1960,1983,1891
4,14850,14971,7,1976,1982,1992
4,14850,14971,8,1987,1984,2110
4,14850,14971,9,2020,1985,2254
4,14850,14971,10,2028,1982,2339
4,14850,14971,11,2040,1985,2478
4,14850,14971,12,2059,1986,2598
4,14850,14971,13,2076,1983,2723
4,14850,14971,14,2092,1985,2847
4,14850,14971,15,2112,1987,2989
4,14850,14971,16,2131,1983,3125
4,14850,14971,17,2145,1987,3250
4,14850,14971,18,2167,1988,3402
4,14850,14971,19,2186,1983,3496
4,14850,14971,20,2187,1986,3486
4,14850,14971,21,2186,1987,3472
4,14850,14971,22,2184,1982,3473
4,14850,14971,23,2184,1987,3477
4,14850,14971,24,2184,1988,3465
4,14850,14971,25,2179,1982,3455
4,14850,14971,26,2179,1986,3439
4,14850,14971,27,2178,1987,3425
4,14850,14971,28,2173,1982,3410
4,14850,14971,29,2174,1987,3395
4,14850,14971,30,2173,1988,3379
4,14850,14971,31,2167,1982,3369
4,14850,14971,32,2169,1986,3354
4,14850,14971,33,2167,1987,3345
4,14850,14971,34,2160,1982,3326
4,14850,14971,35,2163,1987,3308
4,14850,14971,36,2162,1987,3298
4,14850,14971,37,2154,1982,3287
4,14850,14971,38,2157,1987,3268
4,14850,14971,39,2156,1986,3256
4,14850,14971,40,2148,1982,3242
4,14850,14971,41,2151,1986,3230
4,14850,14971,42,2150,1987,3212
4,14850,14971,43,2139,1982,3196
4,14850,14971,44,2146,1986,3183
4,14850,14971,45,2144,1986,3165
4,14850,14971,46,2135,1982,3155
4,14850,14971,47,2140,1986,3141
4,14850,14971,48,2138,1986,3125
4,14850,14971,49,2129,1982,3112
4,14850,14971,50,2134,1986,3097
4,14850,14971,51,2132,1986,3082
4,14850,14971,52,2123,1982,3070
4,14850,14971,53,2128,1986,3053
4,14850,14971,54,2127,1986,3036
4,14850,14971,55,2117,1983,3023
4,14850,14971,56,2122,1985,3010
4,14850,14971,57,2120,1985,2998
4,14850,14971,58,2112,1983,2986
4,14850,14971,59,2116,1985,2969
4,14850,14971,60,2115,1985,2957
4,14850,14971,61,2105,1983,2939
4,14850,14971,62,2111,1985,2926
4,14850,14971,63,2109,1985,2912
4,14850,14971,64,2099,1984,2897
4,14850,14971,65,2105,1985,2886
4,14850,14971,66,2103,1985,2872
4,14850,14971,67,2097,1984,2858
4,14850,14971,68,2098,1984,2840
4,14850,14971,69,2097,1985,2828
4,14850,14971,70,2088,1984,2813
4,14850,14971,71,2093,1984,2800
4,14850,14971,72,2091,1984,2787
4,14850,14971,73,2083,1984,2765
4,14850,14971,74,2086,1984,2756
4,14850,14971,75,2085,1984,2739
4,14850,14971,76,2078,1984,2728
4,14850,14971,77,2081,1983,2713
4,14850,14971,78,2079,1984,2700
4,14850,14971,79,2072,1985,2686
4,14850,14971,80,2074,1984,2671
4,14850,14971,81,2072,1983,2660
4,14850,14971,82,2067,1984,2642
4,14850,14971,83,2068,1984,2629
4,14850,14971,84,2065,1982,2615
4,14850,14971,85,2063,1985,2599
4,14850,14971,86,2060,1985,2586
4,14850,14971,87,2060,1982,2570
4,14850,14971,88,2057,1985,2557
4,14850,14971,89,2058,1985,2556
4,14850,14971,90,2059,1981,2574
4,14850,14971,91,2061,1985,2585
4,14850,14971,92,2063,1986,2599
4,14850,14971,93,2066,1981,2617
4,14850,14971,94,2067,1985,2628
4,14850,14971,95,2069,1986,2643
4,14850,14971,96,2071,1981,2661
4,14850,14971,97,2073,1985,2671
4,14850,14971,98,2075,1987,2686
4,14850,14971,99,2076,1981,2701
4,14850,14971,100,2079,1985,2713
4,14850,14971,101,2082,1987,2728
4,14850,14971,102,2081,1981,2750
4,14850,14971,103,2085,1986,2757
4,14850,14971,104,2088,1987,2770
4,14850,14971,105,2086,1981,2787
4,14850,14971,106,2091,1986,2800
4,14850,14971,107,2094,1987,2812
4,14850,14971,108,2091,1981,2827
4,14850,14971,109,2098,1986,2839
4,14850,14971,110,2100,1987,2857
4,14850,14971,111,2096,1981,2867
4,14850,14971,112,2104,1986,2885
4,14850,14971,113,2108,1986,2902
4,14850,14971,114,2102,1982,2911
4,14850,14971,115,2110,1986,2927
4,14850,14971,116,2113,1987,2940
4,14850,14971,117,2107,1982,2959
4,14850,14971,118,2116,1986,2973
4,14850,14971,119,2119,1986,2984
4,14850,14971,120,2113,1982,2999
4,14850,14971,121,2121,1986,3011
4,14850,14971,122,2124,1986,3025
4,14850,14971,123,2119,1982,3041
4,14850,14971,124,2128,1986,3057
4,14850,14971,125,2130,1986,3069
4,14850,14971,126,2125,1983,3079
4,14850,14971,127,2134,1985,3098
4,14850,14971,128,2136,1986,3115
4,14850,14971,129,2131,1983,3129
4,14850,14971,130,2140,1986,3141
4,14850,14971,131,2141,1986,3154
4,14850,14971,132,2136,1983,3165
4,14850,14971,133,2146,1985,3182
4,14850,14971,134,2148,1986,3197
4,14850,14971,135,2143,1984,3209
4,14850,14971,136,2152,1985,3226
4,14850,14971,137,2154,1986,3241
4,14850,14971,138,2149,1984,3253
4,14850,14971,139,2157,1985,3270
4,14850,14971,140,2159,1985,3282
4,14850,14971,141,2155,1985,3298
4,14850,14971,142,2164,1986,3310
4,14850,14971,143,2165,1986,3325
4,14850,14971,144,2162,1985,3340
4,14850,14971,145,2169,1986,3354
4,14850,14971,146,2171,1986,3370
4,14850,14971,147,2168,1986,3382
4,14850,14971,148,2174,1986,3392
4,14850,14971,149,2178,1986,3413
4,14850,14971,150,2174,1986,3422
4,14850,14971,151,2179,1985,3436
4,14850,14971,152,2183,1985,3457
4,14850,14971,153,2181,1986,3464
4,14850,14971,154,2186,1986,3476
4,14850,14971,155,2186,1985,3473
4,14850,14971,156,2182,1986,3472
4,14850,14971,157,2187,1986,3489
4,14850,14971,158,2189,1984,3500
4,14850,14971,159,2188,1986,3512
4,14850,14971,160,2191,1987,3514
4,14850,14971,161,2192,1984,3512
4,14850,14971,162,2188,1986,3464
4,14850,14971,163,2174,1987,3380
4,14850,14971,164,2159,1982,3305
4,14850,14971,165,2146,1985,3168
4,14850,14971,166,2131,1986,3054
4,14850,14971,167,2113,1981,2934
4,14850,14971,168,2097,1984,2802
4,14850,14971,169,2079,1985,2675
4,14850,14971,170,2063,1980,2553
4,14850,14971,171,2043,1984,2394
4,14850,14971,172,2021,1984,2231
4,14850,14971,173,1998,1979,2073
4,14850,14971,174,1979,1982,1911
4,14850,14971,175,1956,1984,1767
4,14850,14971,176,1934,1977,1612
4,14850,14971,177,1918,1982,1469
4,14850,14971,178,1907,1983,1401
4,14850,14971,179,1886,1977,1280
4,14850,14971,180,1874,1980,1098
4,14850,14971,181,1859,1982,1029
4,14850,14971,182,1840,1976,900
4,14850,14971,183,1830,1980,804
4,14850,14971,184,1818,1980,666
4,14850,14971,185,1796,1973,508
4,14850,14971,186,1786,1977,395
4,14850,14971,187,1771,1976,271
4,14850,14971,188,1754,1970,213
4,14850,14971,189,1762,1975,227
4,14850,14971,190,1764,1976,241
4,14850,14971,191,1759,1972,257
4,14850,14971,192,1767,1976,270
4,14850,14971,193,1769,1976,285
4,14850,14971,194,1764,1972,296
4,14850,14971,195,1772,1977,310
4,14850,14971,196,1774,1977,331
4,14850,14971,197,1768,1973,340
4,14850,14971,198,1777,1977,356
4,14850,14971,199,1779,1978,372
4,14850,14971,200,1773,1974,384
4,14850,14971,201,1782,1977,400
4,14850,14971,202,1783,1978,411
4,14850,14971,203,1778,1974,427
4,14850,14971,204,1786,1977,447
4,14850,14971,205,1788,1977,455
4,14850,14971,206,1782,1975,475
4,14850,14971,207,1791,1977,484
4,14850,14971,208,1792,1978,499
4,14850,14971,209,1787,1976,511
4,14850,14971,210,1796,1977,528
4,14850,14971,211,1798,1978,539
4,14850,14971,212,1792,1976,554
4,14850,14971,213,1801,1978,569
4,14850,14971,214,1803,1979,584
4,14850,14971,215,1797,1977,594
4,14850,14971,216,1805,1978,611
4,14850,14971,217,1808,1978,625
4,14850,14971,218,1803,1978,641
4,14850,14971,219,1810,1978,655
4,14850,14971,220,1812,1979,669
4,14850,14971,221,1808,1978,683
4,14850,14971,222,1814,1978,696
4,14850,14971,223,1816,1979,713
4,14850,14971,224,1813,1979,724
4,14850,14971,225,1819,1978,735
4,14850,14971,226,1822,1979,753
4,14850,14971,227,1819,1979,769
4,14850,14971,228,1824,1979,782
4,14850,14971,229,1825,1978,783
4,14850,14971,230,1824,1980,809
4,14850,14971,231,1829,1979,822
4,14850,14971,232,1831,1978,836
4,14850,14971,233,1830,1980,850
4,14850,14971,234,1833,1980,866
4,14850,14971,235,1836,1978,885
4,14850,14971,236,1836,1980,892
4,14850,14971,237,1839,1981,908
4,14850,14971,238,1841,1977,922
4,14850,14971,239,1841,1981,936
4,14850,14971,240,1844,1982,952
4,14850,14971,241,1846,1977,966
4,14850,14971,242,1847,1981,980
4,14850,14971,243,1849,1982,992
4,14850,14971,244,1851,1977,1007
4,14850,14971,245,1853,1982,1023
4,14850,14971,246,1854,1983,1040
4,14850,14971,247,1856,1977,1056
4,14850,14971,248,1858,1981,1065
4,14850,14971,249,1859,1983,1080
4,14850,14971,250,1859,1977,1093
4,14850,14971,251,1863,1982,1113
4,14850,14971,252,1866,1983,1123
4,14850,14971,253,1864,1977,1138
4,14850,14971,254,1869,1982,1150
4,14850,14971,255,1871,1983,1165
4,14850,14971,256,1868,1977,1180
4,14850,14971,257,1874,1982,1193
4,14850,14971,258,1876,1983,1210
4,14850,14971,259,1873,1978,1220
4,14850,14971,260,1880,1982,1238
4,14850,14971,261,1883,1982,1250
4,14850,14971,262,1878,1978,1266
4,14850,14971,263,1886,1982,1280
4,14850,14971,264,1888,1983,1285
4,14850,14971,265,1884,1978,1305
4,14850,14971,266,1891,1982,1320
4,14850,14971,267,1892,1982,1324
4,14850,14971,268,1883,1978,1305
4,14850,14971,269,1888,1982,1292
4,14850,14971,270,1886,1982,1275
4,14850,14971,271,1878,1978,1265
4,14850,14971,272,1883,1981,1255
4,14850,14971,273,1880,1982,1237
4,14850,14971,274,1872,1978,1223
4,14850,14971,275,1877,1981,1209
4,14850,14971,276,1876,1982,1193
4,14850,14971,277,1868,1978,1177
4,14850,14971,278,1872,1981,1166
4,14850,14971,279,1872,1981,1158
4,14850,14971,280,1862,1979,1134
4,14850,14971,281,1866,1981,1123
4,14850,14971,282,1865,1981,1105
4,14850,14971,283,1855,1978,1097
4,14850,14971,284,1861,1980,1080
4,14850,14971,285,1860,1981,1067
4,14850,14971,286,1851,1979,1053
4,14850,14971,287,1857,1980,1041
4,14850,14971,288,1854,1981,1024
4,14850,14971,289,1846,1979,1008
4,14850,14971,290,1851,1980,991
4,14850,14971,291,1849,1980,986
4,14850,14971,292,1841,1979,968
4,14850,14971,293,1845,1980,952
4,14850,14971,294,1844,1980,943
4,14850,14971,295,1836,1979,924
4,14850,14971,296,1841,1979,908
4,14850,14971,297,1839,1979,893
4,14850,14971,298,1832,1979,882
4,14850,14971,299,1835,1979,868
4,14850,14971,300,1833,1979,851
4,14850,14971,301,1828,1979,839
4,14850,14971,302,1829,1979,823
4,14850,14971,303,1827,1979,816
4,14850,14971,304,1823,1979,810
4,14850,14971,305,1823,1978,780
4,14850,14971,306,1823,1978,770
4,14850,14971,307,1818,1979,753
4,14850,14971,308,1819,1979,737
4,14850,14971,309,1817,1977,720
4,14850,14971,310,1813,1979,699
4,14850,14971,311,1813,1979,695
4,14850,14971,312,1812,1976,682
4,14850,14971,313,1809,1979,671
4,14850,14971,314,1808,1980,653
4,14850,14971,315,1807,1975,625
4,14850,14971,316,1805,1979,626
4,14850,14971,317,1803,1980,609
4,14850,14971,318,1802,1975,593
4,14850,14971,319,1800,1978,584
4,14850,14971,320,1798,1980,567
4,14850,14971,321,1796,1974,555
4,14850,14971,322,1796,1978,540
4,14850,14971,323,1793,1980,525
4,14850,14971,324,1791,1974,512
4,14850,14971,325,1790,1978,496
4,14850,14971,326,1790,1979,485
4,14850,14971,327,1785,1973,480
4,14850,14971,328,1786,1977,446
4,14850,14971,329,1785,1979,441
4,14850,14971,330,1780,1973,426
4,14850,14971,331,1782,1977,413
4,14850,14971,332,1782,1978,399
4,14850,14971,333,1774,1972,383
4,14850,14971,334,1778,1977,370
4,14850,14971,335,1777,1977,355
4,14850,14971,336,1768,1973,341
4,14850,14971,337,1772,1977,327
4,14850,14971,338,1772,1977,317
4,14850,14971,339,1763,1972,301
4,14850,14971,340,1768,1976,289
4,14850,14971,341,1767,1976,265
4,14850,14971,342,1758,1972,251
4,14850,14971,343,1764,1976,242
4,14850,14971,344,1763,1976,229
4,14850,14971,345,1754,1971,215
4,14850,14971,346,1759,1975,199
4,14850,14971,347,1758,1975,189
4,14850,14971,348,1758,1972,249
4,14850,14971,349,1772,1977,328
4,14850,14971,350,1781,1978,439
4,14850,14971,351,1785,1975,513
4,14850,14971,352,1803,1979,637
4,14850,14971,353,1818,1980,721
4,14850,14971,354,1821,1977,821
4,14850,14971,355,1842,1982,939
5,15024,15145,0,1990,2022,1217
5,15024,15145,1,1883,1983,1261
5,15024,15145,2,1891,1982,1316
5,15024,15145,3,1893,1979,1393
5,15024,15145,4,1910,1982,1464
5,15024,15145,5,1922,1984,1583
5,15024,15145,6,1932,1980,1673
5,15024,15145,7,1952,1985,1810
5,15024,15145,8,1968,1984,1943
5,15024,15145,9,1980,1982,2071
5,15024,15145,10,2005,1985,2209
5,15024,15145,11,2026,1986,2407
5,15024,15145,12,2039,1983,2503
5,15024,15145,13,2066,1986,2672
5,15024,15145,14,2088,1986,2807
5,15024,15145,15,2102,1984,2959
5,15024,15145,16,2126,1985,3096
5,15024,15145,17,2148,1987,3241
5,15024,15145,18,2161,1985,3367
5,15024,15145,19,2185,1986,3485
5,15024,15145,20,2188,1986,3499
5,15024,15145,21,2180,1984,3472
5,15024,15145,22,2186,1985,3472
5,15024,15145,23,2187,1985,3477
5,15024,15145,24,2179,1985,3465
5,15024,15145,25,2182,1985,3440
5,15024,15145,26,2180,1985,3439
5,15024,15145,27,2174,1986,3421
5,15024,15145,28,2176,1985,3409
5,15024,15145,29,2174,1986,3398
5,15024,15145,30,2169,1985,3378
5,15024,15145,31,2171,1985,3366
5,15024,15145,32,2168,1985,3351
5,15024,15145,33,2162,1985,3340
5,15024,15145,34,2163,1984,3325
5,15024,15145,35,2163,1984,3316
5,15024,15145,36,2157,1985,3295
5,15024,15145,37,2158,1986,3278
5,15024,15145,38,2156,1983,3268
5,15024,15145,39,2152,1986,3253
5,15024,15145,40,2151,1986,3240
5,15024,15145,41,2150,1983,3227
5,15024,15145,42,2147,1985,3210
5,15024,15145,43,2145,1986,3196
5,15024,15145,44,2144,1982,3181
5,15024,15145,45,2140,1986,3171
5,15024,15145,46,2138,1987,3152
5,15024,15145,47,2138,1982,3140
5,15024,15145,48,2135,1985,3125
5,15024,15145,49,2133,1987,3113
5,15024,15145,50,2132,1981,3098
5,15024,15145,51,2130,1985,3082
5,15024,15145,52,2126,1987,3069
5,15024,15145,53,2125,1982,3057
5,15024,15145,54,2124,1986,3042
5,15024,15145,55,2123,1987,3028
5,15024,15145,56,2117,1981,3010
5,15024,15145,57,2117,1985,3004
5,15024,15145,58,2117,1986,2983
5,15024,15145,59,2111,1981,2971
5,15024,15145,60,2113,1986,2955
5,15024,15145,61,2112,1986,2943
5,15024,15145,62,2104,1981,2926
5,15024,15145,63,2108,1986,2920
5,15024,15145,64,2107,1986,2898
5,15024,15145,65,2099,1981,2885
5,15024,15145,66,2102,1985,2869
5,15024,15145,67,2102,1986,2861
5,15024,15145,68,2092,1981,2843
5,15024,15145,69,2096,1985,2828
5,15024,15145,70,2096,1986,2813
5,15024,15145,71,2086,1981,2799
5,15024,15145,72,2090,1985,2786
5,15024,15145,73,2089,1986,2771
5,15024,15145,74,2080,1982,2755
5,15024,15145,75,2084,1985,2741
5,15024,15145,76,2083,1986,2731
5,15024,15145,77,2075,1981,2711
5,15024,15145,78,2079,1985,2698
5,15024,15145,79,2077,1985,2690
5,15024,15145,80,2068,1981,2671
5,15024,15145,81,2073,1985,2658
5,15024,15145,82,2072,1985,2643
5,15024,15145,83,2062,1981,2630
5,15024,15145,84,2067,1984,2614
5,15024,15145,85,2066,1985,2603
5,15024,15145,86,2056,1982,2586
5,15024,15145,87,2061,1984,2573
5,15024,15145,88,2059,1984,2558
5,15024,15145,89,2053,1982,2558
5,15024,15145,90,2062,1984,2573
5,15024,15145,91,2063,1984,2585
5,15024,15145,92,2059,1983,2600
5,15024,15145,93,2063,1984,2613
5,15024,15145,94,2070,1984,2628
5,15024,15145,95,2063,1983,2643
5,15024,15145,96,2072,1984,2656
5,15024,15145,97,2076,1984,2672
5,15024,15145,98,2071,1984,2686
5,15024,15145,99,2077,1984,2698
5,15024,15145,100,2081,1984,2714
5,15024,15145,101,2077,1984,2726
5,15024,15145,102,2084,1984,2749
5,15024,15145,103,2087,1984,2757
5,15024,15145,104,2083,1984,2767
5,15024,15145,105,2090,1984,2788
5,15024,15145,106,2092,1984,2799
5,15024,15145,107,2090,1984,2812
5,15024,15145,108,2095,1984,2827
5,15024,15145,109,2099,1984,2845
5,15024,15145,110,2097,1985,2857
5,15024,15145,111,2100,1985,2865
5,15024,15145,112,2103,1983,2885
5,15024,15145,113,2102,1985,2893
5,15024,15145,114,2107,1985,2913
5,15024,15145,115,2109,1983,2925
5,15024,15145,116,2108,1985,2942
5,15024,15145,117,2112,1986,2950
5,15024,15145,118,2114,1982,2966
5,15024,15145,119,2115,1986,2991
5,15024,15145,120,2117,1986,3003
5,15024,15145,121,2119,1981,3012
5,15024,15145,122,2122,1985,3025
5,15024,15145,123,2122,1987,3042
5,15024,15145,124,2126,1982,3059
5,15024,15145,125,2128,1986,3068
5,15024,15145,126,2131,1987,3082
5,15024,15145,127,2131,1982,3097
5,15024,15145,128,2134,1986,3109
5,15024,15145,129,2136,1988,3126
5,15024,15145,130,2135,1982,3139
5,15024,15145,131,2140,1986,3154
5,15024,15145,132,2143,1987,3169
5,15024,15145,133,2141,1982,3183
5,15024,15145,134,2147,1986,3196
5,15024,15145,135,2149,1987,3210
5,15024,15145,136,2146,1982,3225
5,15024,15145,137,2153,1987,3237
5,15024,15145,138,2156,1987,3255
5,15024,15145,139,2151,1982,3272
5,15024,15145,140,2159,1987,3282
5,15024,15145,141,2162,1987,3298
5,15024,15145,142,2157,1982,3314
5,15024,15145,143,2164,1987,3327
5,15024,15145,144,2167,1987,3343
5,15024,15145,145,2163,1983,3354
5,15024,15145,146,2171,1987,3374
5,15024,15145,147,2174,1987,3381
5,15024,15145,148,2169,1983,3394
5,15024,15145,149,2176,1986,3412
5,15024,15145,150,2179,1987,3431
5,15024,15145,151,2174,1983,3436
5,15024,15145,152,2181,1987,3453
5,15024,15145,153,2185,1987,3469
5,15024,15145,154,2180,1983,3478
5,15024,15145,155,2186,1986,3473
5,15024,15145,156,2187,1987,3472
5,15024,15145,157,2181,1984,3490
5,15024,15145,158,2190,1986,3501
5,15024,15145,159,2192,1987,3512
5,15024,15145,160,2186,1985,3516
5,15024,15145,161,2192,1986,3509
5,15024,15145,162,2191,1987,3452
5,15024,15145,163,2168,1983,3342
5,15024,15145,164,2161,1986,3246
5,15024,15145,165,2147,1985,3153
5,15024,15145,166,2124,1983,3039
5,15024,15145,167,2115,1984,2912
5,15024,15145,168,2100,1984,2792
5,15024,15145,169,2073,1982,2650
5,15024,15145,170,2063,1983,2520
5,15024,15145,171,2045,1983,2389
5,15024,15145,172,2019,1982,2284
5,15024,15145,173,2007,1982,2192
5,15024,15145,174,1994,1982,2052
5,15024,15145,175,1972,1981,1920
5,15024,15145,176,1962,1982,1813
5,15024,15145,177,1942,1982,1669
5,15024,15145,178,1930,1981,1592
5,15024,15145,179,1916,1981,1481
5,15024,15145,180,1902,1980,1336
5,15024,15145,181,1880,1980,1201
5,15024,15145,182,1863,1980,1072
5,15024,15145,183,1848,1978,922
5,15024,15145,184,1827,1978,748
5,15024,15145,185,1811,1977,633
5,15024,15145,186,1795,1974,466
5,15024,15145,187,1773,1975,314
5,15024,15145,188,1760,1974,214
5,15024,15145,189,1761,1973,227
5,15024,15145,190,1761,1976,241
5,15024,15145,191,1763,1976,265
5,15024,15145,192,1766,1972,272
5,15024,15145,193,1766,1976,285
5,15024,15145,194,1768,1977,295
5,15024,15145,195,1771,1973,312
5,15024,15145,196,1771,1976,328
5,15024,15145,197,1773,1978,343
5,15024,15145,198,1774,1973,355
5,15024,15145,199,1776,1977,369
5,15024,15145,200,1777,1978,383
5,15024,15145,201,1780,1973,398
5,15024,15145,202,1781,1978,413
5,15024,15145,203,1782,1979,429
5,15024,15145,204,1783,1974,443
5,15024,15145,205,1787,1978,457
5,15024,15145,206,1788,1979,471
5,15024,15145,207,1787,1974,482
5,15024,15145,208,1792,1978,499
5,15024,15145,209,1794,1980,513
5,15024,15145,210,1790,1974,529
5,15024,15145,211,1797,1979,538
5,15024,15145,212,1799,1980,556
5,15024,15145,213,1796,1975,570
5,15024,15145,214,1801,1979,580
5,15024,15145,215,1805,1980,594
5,15024,15145,216,1799,1975,611
5,15024,15145,217,1805,1979,627
5,15024,15145,218,1811,1980,640
5,15024,15145,219,1804,1975,652
5,15024,15145,220,1812,1980,667
5,15024,15145,221,1814,1980,682
5,15024,15145,222,1808,1976,697
5,15024,15145,223,1818,1980,710
5,15024,15145,224,1819,1981,727
5,15024,15145,225,1813,1976,738
5,15024,15145,226,1823,1980,749
5,15024,15145,227,1824,1980,766
5,15024,15145,228,1818,1977,779
5,15024,15145,229,1827,1980,793
5,15024,15145,230,1829,1981,809
5,15024,15145,231,1823,1977,819
5,15024,15145,232,1832,1981,837
5,15024,15145,233,1834,1980,855
5,15024,15145,234,1828,1978,866
5,15024,15145,235,1838,1980,879
5,15024,15145,236,1839,1981,894
5,15024,15145,237,1833,1978,908
5,15024,15145,238,1842,1981,928
5,15024,15145,239,1844,1980,937
5,15024,15145,240,1839,1979,952
5,15024,15145,241,1847,1980,959
5,15024,15145,242,1849,1981,980
5,15024,15145,243,1844,1979,1003
5,15024,15145,244,1853,1981,1016
5,15024,15145,245,1854,1981,1022
5,15024,15145,246,1849,1980,1037
5,15024,15145,247,1856,1981,1051
5,15024,15145,248,1859,1981,1066
5,15024,15145,249,1855,1980,1078
5,15024,15145,250,1863,1980,1095
5,15024,15145,251,1865,1981,1109
5,15024,15145,252,1862,1981,1122
5,15024,15145,253,1867,1981,1137
5,15024,15145,254,1870,1981,1151
5,15024,15145,255,1866,1981,1168
5,15024,15145,256,1873,1980,1178
5,15024,15145,257,1875,1981,1203
5,15024,15145,258,1873,1981,1205
5,15024,15145,259,1878,1981,1220
5,15024,15145,260,1880,1980,1238
5,15024,15145,261,1879,1981,1250
5,15024,15145,262,1883,1981,1263
5,15024,15145,263,1886,1979,1281
5,15024,15145,264,1884,1982,1291
5,15024,15145,265,1888,1982,1307
5,15024,15145,266,1891,1979,1323
5,15024,15145,267,1889,1981,1321
5,15024,15145,268,1889,1982,1304
5,15024,15145,269,1887,1978,1290
5,15024,15145,270,1884,1982,1280
5,15024,15145,271,1882,1982,1268
5,15024,15145,272,1881,1978,1252
5,15024,15145,273,1879,1982,1232
5,15024,15145,274,1877,1983,1219
5,15024,15145,275,1876,1977,1210
5,15024,15145,276,1874,1982,1196
5,15024,15145,277,1872,1983,1180
5,15024,15145,278,1869,1977,1167
5,15024,15145,279,1869,1982,1150
5,15024,15145,280,1866,1983,1140
5,15024,15145,281,1862,1977,1122
5,15024,15145,282,1864,1982,1105
5,15024,15145,283,1863,1982,1092
5,15024,15145,284,1856,1977,1082
5,15024,15145,285,1859,1981,1067
5,15024,15145,286,1858,1982,1049
5,15024,15145,287,1850,1977,1038
5,15024,15145,288,1854,1981,1023
5,15024,15145,289,1854,1982,1009
5,15024,15145,290,1845,1977,1001
5,15024,15145,291,1849,1981,982
5,15024,15145,292,1848,1981,967
5,15024,15145,293,1839,1977,951
5,15024,15145,294,1843,1981,939
5,15024,15145,295,1843,1981,922
5,15024,15145,296,1834,1976,907
5,15024,15145,297,1838,1981,895
5,15024,15145,298,1837,1981,882
5,15024,15145,299,1828,1976,867
5,15024,15145,300,1833,1980,845
5,15024,15145,301,1831,1980,839
5,15024,15145,302,1825,1976,819
5,15024,15145,303,1829,1980,809
5,15024,15145,304,1828,1981,796
5,15024,15145,305,1818,1976,780
5,15024,15145,306,1824,1980,762
5,15024,15145,307,1822,1980,755
5,15024,15145,308,1813,1977,738
5,15024,15145,309,1819,1980,724
5,15024,15145,310,1817,1979,711
5,15024,15145,311,1809,1977,693
5,15024,15145,312,1813,1978,683
5,15024,15145,313,1812,1979,666
5,15024,15145,314,1804,1977,654
5,15024,15145,315,1809,1978,638
5,15024,15145,316,1807,1979,628
5,15024,15145,317,1799,1977,608
5,15024,15145,318,1804,1978,598
5,15024,15145,319,1802,1978,585
5,15024,15145,320,1795,1977,567
5,15024,15145,321,1800,1978,552
5,15024,15145,322,1797,1978,543
5,15024,15145,323,1790,1977,526
5,15024,15145,324,1794,1977,508
5,15024,15145,325,1792,1977,500
5,15024,15145,326,1782,1977,478
5,15024,15145,327,1788,1976,470
5,15024,15145,328,1788,1977,456
5,15024,15145,329,1780,1977,444
5,15024,15145,330,1781,1976,425
5,15024,15145,331,1782,1976,414
5,15024,15145,332,1776,1976,392
5,15024,15145,333,1783,1976,384
5,15024,15145,334,1777,1975,366
5,15024,15145,335,1772,1976,355
5,15024,15145,336,1773,1975,340
5,15024,15145,337,1773,1974,329
5,15024,15145,338,1768,1975,311
5,15024,15145,339,1768,1975,301
5,15024,15145,340,1767,1973,286
5,15024,15145,341,1764,1975,263
5,15024,15145,342,1763,1975,258
5,15024,15145,343,1762,1972,243
5,15024,15145,344,1760,1975,228
5,15024,15145,345,1759,1975,214
5,15024,15145,346,1757,1971,206
5,15024,15145,347,1755,1974,180
5,15024,15145,348,1754,1975,171
5,15024,15145,349,1752,1969,169
5,15024,15145,350,1765,1976,245
5,15024,15145,351,1769,1978,355
5,15024,15145,352,1781,1974,448
5,15024,15145,353,1794,1979,579
5,15024,15145,354,1809,1982,709
5,15024,15145,355,1822,1976,817
6,15205,15326,0,2002,2030,1199
6,15205,15326,1,1880,1983,1281
6,15205,15326,2,1893,1980,1358
6,15205,15326,3,1903,1983,1449
6,15205,15326,4,1917,1983,1567
6,15205,15326,5,1932,1980,1667
6,15205,15326,6,1945,1984,1794
6,15205,15326,7,1963,1985,1911
6,15205,15326,8,1984,1980,2002
6,15205,15326,9,1991,1984,2110
6,15205,15326,10,2005,1986,2226
6,15205,15326,11,2025,1981,2339
6,15205,15326,12,2040,1985,2469
6,15205,15326,13,2060,1987,2615
6,15205,15326,14,2075,1981,2737
6,15205,15326,15,2094,1986,2879
6,15205,15326,16,2118,1988,3014
6,15205,15326,17,2133,1983,3169
6,15205,15326,18,2154,1987,3315
6,15205,15326,19,2179,1989,3466
6,15205,15326,20,2184,1982,3490
6,15205,15326,21,2184,1987,3478
6,15205,15326,22,2186,1988,3472
6,15205,15326,23,2183,1982,3476
6,15205,15326,24,2184,1987,3465
6,15205,15326,25,2183,1988,3449
6,15205,15326,26,2175,1983,3436
6,15205,15326,27,2179,1987,3422
6,15205,15326,28,2178,1987,3408
6,15205,15326,29,2169,1982,3402
6,15205,15326,30,2172,1986,3382
6,15205,15326,31,2172,1987,3369
6,15205,15326,32,2163,1982,3356
6,15205,15326,33,2167,1987,3340
6,15205,15326,34,2167,1987,3314
6,15205,15326,35,2157,1982,3315
6,15205,15326,36,2160,1986,3295
6,15205,15326,37,2161,1987,3281
6,15205,15326,38,2151,1982,3267
6,15205,15326,39,2156,1986,3257
6,15205,15326,40,2154,1986,3237
6,15205,15326,41,2145,1983,3224
6,15205,15326,42,2150,1986,3211
6,15205,15326,43,2148,1986,3198
6,15205,15326,44,2139,1982,3181
6,15205,15326,45,2145,1986,3167
6,15205,15326,46,2142,1986,3158
6,15205,15326,47,2133,1982,3138
6,15205,15326,48,2139,1986,3124
6,15205,15326,49,2135,1986,3114
6,15205,15326,50,2127,1983,3097
6,15205,15326,51,2132,1985,3087
6,15205,15326,52,2130,1985,3069
6,15205,15326,53,2121,1983,3055
6,15205,15326,54,2126,1985,3039
6,15205,15326,55,2124,1985,3028
6,15205,15326,56,2116,1983,3010
6,15205,15326,57,2120,1985,2996
6,15205,15326,58,2117,1985,2986
6,15205,15326,59,2109,1984,2966
6,15205,15326,60,2114,1985,2954
6,15205,15326,61,2113,1985,2940
6,15205,15326,62,2104,1985,2928
6,15205,15326,63,2108,1985,2912
6,15205,15326,64,2106,1985,2900
6,15205,15326,65,2098,1984,2884
6,15205,15326,66,2102,1984,2871
6,15205,15326,67,2101,1984,2857
6,15205,15326,68,2095,1984,2838
6,15205,15326,69,2096,1984,2824
6,15205,15326,70,2095,1984,2813
6,15205,15326,71,2088,1984,2800
6,15205,15326,72,2090,1984,2785
6,15205,15326,73,2089,1983,2768
6,15205,15326,74,2083,1985,2755
6,15205,15326,75,2084,1985,2743
6,15205,15326,76,2083,1983,2729
6,15205,15326,77,2077,1985,2713
6,15205,15326,78,2078,1985,2698
6,15205,15326,79,2075,1982,2686
6,15205,15326,80,2072,1985,2669
6,15205,15326,81,2072,1985,2658
6,15205,15326,82,2069,1981,2650
6,15205,15326,83,2068,1984,2626
6,15205,15326,84,2065,1986,2613
6,15205,15326,85,2064,1981,2598
6,15205,15326,86,2060,1985,2586
6,15205,15326,87,2060,1986,2567
6,15205,15326,88,2057,1981,2559
6,15205,15326,89,2057,1985,2557
6,15205,15326,90,2060,1986,2572
6,15205,15326,91,2060,1981,2586
6,15205,15326,92,2064,1985,2599
6,15205,15326,93,2064,1987,2613
6,15205,15326,94,2065,1981,2627
6,15205,15326,95,2071,1985,2643
6,15205,15326,96,2073,1987,2658
6,15205,15326,97,2070,1981,2673
6,15205,15326,98,2076,1985,2686
6,15205,15326,99,2079,1986,2701
6,15205,15326,100,2075,1981,2717
6,15205,15326,101,2081,1985,2719
6,15205,15326,102,2085,1986,2741
6,15205,15326,103,2081,1981,2758
6,15205,15326,104,2088,1985,2768
6,15205,15326,105,2092,1986,2786
6,15205,15326,106,2086,1981,2807
6,15205,15326,107,2095,1985,2814
6,15205,15326,108,2097,1986,2828
6,15205,15326,109,2090,1981,2838
6,15205,15326,110,2101,1986,2856
6,15205,15326,111,2103,1986,2873
6,15205,15326,112,2097,1982,2884
6,15205,15326,113,2107,1986,2898
6,15205,15326,114,2109,1986,2913
6,15205,15326,115,2104,1982,2928
6,15205,15326,116,2112,1986,2944
6,15205,15326,117,2115,1986,2953
6,15205,15326,118,2110,1982,2972
6,15205,15326,119,2119,1986,2982
6,15205,15326,120,2120,1986,2996
6,15205,15326,121,2115,1982,3011
6,15205,15326,122,2124,1986,3032
6,15205,15326,123,2126,1986,3041
6,15205,15326,124,2119,1983,3054
6,15205,15326,125,2129,1986,3067
6,15205,15326,126,2132,1986,3083
6,15205,15326,127,2127,1984,3095
6,15205,15326,128,2136,1985,3111
6,15205,15326,129,2138,1986,3127
6,15205,15326,130,2133,1984,3145
6,15205,15326,131,2142,1985,3153
6,15205,15326,132,2144,1986,3169
6,15205,15326,133,2140,1985,3188
6,15205,15326,134,2147,1985,3197
6,15205,15326,135,2150,1986,3214
6,15205,15326,136,2146,1984,3221
6,15205,15326,137,2154,1985,3239
6,15205,15326,138,2155,1985,3254
6,15205,15326,139,2152,1985,3266
6,15205,15326,140,2158,1985,3283
6,15205,15326,141,2161,1985,3296
6,15205,15326,142,2159,1985,3310
6,15205,15326,143,2164,1985,3321
6,15205,15326,144,2167,1985,3342
6,15205,15326,145,2165,1986,3352
6,15205,15326,146,2169,1985,3367
6,15205,15326,147,2173,1984,3376
6,15205,15326,148,2170,1986,3394
6,15205,15326,149,2176,1986,3406
6,15205,15326,150,2178,1984,3424
6,15205,15326,151,2177,1986,3436
6,15205,15326,152,2182,1987,3453
6,15205,15326,153,2184,1984,3473
6,15205,15326,154,2184,1986,3479
6,15205,15326,155,2185,1987,3472
6,15205,15326,156,2184,1982,3471
6,15205,15326,157,2186,1987,3497
6,15205,15326,158,2188,1987,3501
6,15205,15326,159,2190,1983,3511
6,15205,15326,160,2190,1987,3512
6,15205,15326,161,2187,1987,3443
6,15205,15326,162,2174,1982,3398
6,15205,15326,163,2162,1986,3287
6,15205,15326,164,2148,1987,3204
6,15205,15326,165,2134,1981,3078
6,15205,15326,166,2120,1986,2975
6,15205,15326,167,2106,1986,2879
6,15205,15326,168,2088,1979,2738
6,15205,15326,169,2075,1984,2626
6,15205,15326,170,2057,1985,2517
6,15205,15326,171,2038,1979,2365
6,15205,15326,172,2021,1983,2245
6,15205,15326,173,2004,1985,2122
6,15205,15326,174,1981,1978,1976
6,15205,15326,175,1965,1983,1826
6,15205,15326,176,1949,1983,1699
6,15205,15326,177,1925,1978,1569
6,15205,15326,178,1917,1982,1483
6,15205,15326,179,1903,1982,1372
6,15205,15326,180,1884,1978,1283
6,15205,15326,181,1878,1981,1181
6,15205,15326,182,1867,1981,1072
6,15205,15326,183,1846,1977,946
6,15205,15326,184,1836,1980,803
6,15205,15326,185,1820,1979,673
6,15205,15326,186,1793,1974,532
6,15205,15326,187,1787,1977,385
6,15205,15326,188,1772,1975,249
6,15205,15326,189,1755,1972,227
6,15205,15326,190,1765,1975,243
6,15205,15326,191,1765,1976,258
6,15205,15326,192,1760,1972,273
6,15205,15326,193,1768,1975,285
6,15205,15326,194,1770,1976,300
6,15205,15326,195,1765,1973,311
6,15205,15326,196,1773,1977,325
6,15205,15326,197,1775,1976,343
6,15205,15326,198,1770,1974,354
6,15205,15326,199,1779,1976,369
6,15205,15326,200,1780,1977,383
6,15205,15326,201,1774,1975,397
6,15205,15326,202,1783,1977,410
6,15205,15326,203,1785,1977,425
6,15205,15326,204,1780,1976,440
6,15205,15326,205,1788,1977,451
6,15205,15326,206,1789,1977,475
6,15205,15326,207,1785,1976,482
6,15205,15326,208,1792,1977,495
6,15205,15326,209,1794,1977,511
6,15205,15326,210,1790,1977,525
6,15205,15326,211,1797,1977,540
6,15205,15326,212,1798,1978,556
6,15205,15326,213,1794,1978,568
6,15205,15326,214,1801,1978,581
6,15205,15326,215,1804,1978,598
6,15205,15326,216,1801,1978,609
6,15205,15326,217,1806,1977,626
6,15205,15326,218,1808,1978,643
6,15205,15326,219,1806,1979,654
6,15205,15326,220,1811,1978,667
6,15205,15326,221,1813,1978,682
6,15205,15326,222,1811,1979,694
6,15205,15326,223,1816,1978,709
6,15205,15326,224,1819,1977,725
6,15205,15326,225,1816,1979,739
6,15205,15326,226,1820,1980,753
6,15205,15326,227,1821,1977,769
6,15205,15326,228,1822,1980,779
6,15205,15326,229,1825,1981,793
6,15205,15326,230,1827,1977,812
6,15205,15326,231,1827,1980,824
6,15205,15326,232,1830,1981,832
6,15205,15326,233,1832,1977,851
6,15205,15326,234,1833,1981,869
6,15205,15326,235,1835,1982,881
6,15205,15326,236,1837,1977,895
6,15205,15326,237,1838,1981,908
6,15205,15326,238,1839,1982,923
6,15205,15326,239,1841,1976,939
6,15205,15326,240,1845,1980,948
6,15205,15326,241,1845,1982,966
6,15205,15326,242,1845,1977,979
6,15205,15326,243,1849,1981,995
6,15205,15326,244,1851,1982,1008
6,15205,15326,245,1849,1977,1024
6,15205,15326,246,1855,1981,1038
6,15205,15326,247,1858,1983,1048
6,15205,15326,248,1854,1977,1066
6,15205,15326,249,1860,1981,1079
6,15205,15326,250,1863,1982,1095
6,15205,15326,251,1859,1977,1105
6,15205,15326,252,1865,1981,1122
6,15205,15326,253,1869,1982,1137
6,15205,15326,254,1864,1977,1149
6,15205,15326,255,1873,1981,1165
6,15205,15326,256,1875,1982,1177
6,15205,15326,257,1869,1977,1189
6,15205,15326,258,1877,1982,1209
6,15205,15326,259,1879,1982,1221
6,15205,15326,260,1874,1978,1235
6,15205,15326,261,1883,1982,1249
6,15205,15326,262,1886,1982,1264
6,15205,15326,263,1879,1978,1281
6,15205,15326,264,1888,1982,1294
6,15205,15326,265,1889,1982,1308
6,15205,15326,266,1883,1979,1319
6,15205,15326,267,1892,1982,1324
6,15205,15326,268,1890,1982,1306
6,15205,15326,269,1881,1978,1291
6,15205,15326,270,1885,1981,1276
6,15205,15326,271,1885,1981,1266
6,15205,15326,272,1874,1978,1250
6,15205,15326,273,1881,1981,1235
6,15205,15326,274,1880,1981,1225
6,15205,15326,275,1871,1979,1209
6,15205,15326,276,1876,1980,1192
6,15205,15326,277,1874,1981,1179
6,15205,15326,278,1866,1979,1173
6,15205,15326,279,1870,1981,1149
6,15205,15326,280,1868,1981,1135
6,15205,15326,281,1860,1979,1125
6,15205,15326,282,1865,1980,1110
6,15205,15326,283,1863,1980,1097
6,15205,15326,284,1855,1980,1077
6,15205,15326,285,1859,1980,1068
6,15205,15326,286,1858,1980,1052
6,15205,15326,287,1851,1980,1039
6,15205,15326,288,1853,1979,1022
6,15205,15326,289,1853,1979,1009
6,15205,15326,290,1846,1980,995
6,15205,15326,291,1848,1980,976
6,15205,15326,292,1847,1980,967
6,15205,15326,293,1841,1980,952
6,15205,15326,294,1842,1979,934
6,15205,15326,295,1842,1979,926
6,15205,15326,296,1836,1980,910
6,15205,15326,297,1837,1979,894
6,15205,15326,298,1835,1978,882
6,15205,15326,299,1834,1980,867
6,15205,15326,300,1832,1980,848
6,15205,15326,301,1830,1978,839
6,15205,15326,302,1827,1980,825
6,15205,15326,303,1825,1980,808
6,15205,15326,304,1826,1977,798
6,15205,15326,305,1822,1979,779
6,15205,15326,306,1821,1980,763
6,15205,15326,307,1820,1976,755
6,15205,15326,308,1817,1979,739
6,15205,15326,309,1816,1981,724
6,15205,15326,310,1815,1975,709
6,15205,15326,311,1814,1979,695
6,15205,15326,312,1811,1981,682
6,15205,15326,313,1810,1975,669
6,15205,15326,314,1808,1979,652
6,15205,15326,315,1807,1981,638
6,15205,15326,316,1803,1975,626
6,15205,15326,317,1804,1979,609
6,15205,15326,318,1801,1980,591
6,15205,15326,319,1798,1974,573
6,15205,15326,320,1800,1978,573
6,15205,15326,321,1798,1980,554
6,15205,15326,322,1791,1974,541
6,15205,15326,323,1795,1978,525
6,15205,15326,324,1794,1979,512
6,15205,15326,325,1787,1973,493
6,15205,15326,326,1791,1978,482
6,15205,15326,327,1790,1978,472
6,15205,15326,328,1781,1973,456
6,15205,15326,329,1786,1977,440
6,15205,15326,330,1785,1978,428
6,15205,15326,331,1776,1973,413
6,15205,15326,332,1781,1977,396
6,15205,15326,333,1780,1977,383
6,15205,15326,334,1772,1973,369
6,15205,15326,335,1776,1976,357
6,15205,15326,336,1775,1977,339
6,15205,15326,337,1766,1972,325
6,15205,15326,338,1770,1976,311
6,15205,15326,339,1768,1976,296
6,15205,15326,340,1762,1972,286
6,15205,15326,341,1767,1976,270
6,15205,15326,342,1765,1975,255
6,15205,15326,343,1757,1972,237
6,15205,15326,344,1762,1975,227
6,15205,15326,345,1761,1975,216
6,15205,15326,346,1752,1972,197
6,15205,15326,347,1758,1973,185
6,15205,15326,348,1757,1974,173
6,15205,15326,349,1755,1972,240
6,15205,15326,350,1771,1976,327
6,15205,15326,351,1784,1978,447
6,15205,15326,352,1785,1975,494
6,15205,15326,353,1800,1979,595
6,15205,15326,354,1812,1979,682
6,15205,15326,355,1816,1979,803
7,15375,15496,0,1990,2022,1137
7,15375,15496,1,1873,1984,1195
7,15375,15496,2,1877,1978,1267
7,15375,15496,3,1891,1983,1355
7,15375,15496,4,1907,1984,1447
7,15375,15496,5,1912,1980,1592
7,15375,15496,6,1934,1984,1696
7,15375,15496,7,1950,1985,1821
7,15375,15496,8,1965,1980,1960
7,15375,15496,9,1990,1986,2104
7,15375,15496,10,2010,1985,2251
7,15375,15496,11,2024,1982,2389
7,15375,15496,12,2049,1985,2526
7,15375,15496,13,2071,1987,2686
7,15375,15496,14,2086,1983,2819
7,15375,15496,15,2109,1987,2962
7,15375,15496,16,2130,1986,3090
7,15375,15496,17,2140,1984,3247
7,15375,15496,18,2168,1986,3370
7,15375,15496,19,2188,1987,3490
7,15375,15496,20,2181,1984,3484
7,15375,15496,21,2185,1985,3472
7,15375,15496,22,2187,1986,3473
7,15375,15496,23,2181,1985,3476
7,15375,15496,24,2186,1986,3467
7,15375,15496,25,2183,1986,3451
7,15375,15496,26,2173,1985,3436
7,15375,15496,27,2179,1986,3426
7,15375,15496,28,2178,1986,3413
7,15375,15496,29,2169,1985,3399
7,15375,15496,30,2173,1985,3380
7,15375,15496,31,2171,1986,3366
7,15375,15496,32,2164,1985,3357
7,15375,15496,33,2167,1985,3338
7,15375,15496,34,2166,1986,3327
7,15375,15496,35,2159,1984,3315
7,15375,15496,36,2161,1985,3295
7,15375,15496,37,2159,1986,3284
7,15375,15496,38,2152,1985,3269
7,15375,15496,39,2155,1984,3256
7,15375,15496,40,2153,1985,3238
7,15375,15496,41,2147,1986,3226
7,15375,15496,42,2149,1985,3207
7,15375,15496,43,2147,1985,3200
7,15375,15496,44,2141,1985,3179
7,15375,15496,45,2142,1985,3163
7,15375,15496,46,2141,1984,3156
7,15375,15496,47,2136,1986,3143
7,15375,15496,48,2136,1985,3121
7,15375,15496,49,2134,1983,3110
7,15375,15496,50,2131,1986,3097
7,15375,15496,51,2130,1985,3078
7,15375,15496,52,2128,1982,3067
7,15375,15496,53,2125,1985,3052
7,15375,15496,54,2124,1986,3037
7,15375,15496,55,2122,1982,3025
7,15375,15496,56,2120,1986,3014
7,15375,15496,57,2118,1987,2995
7,15375,15496,58,2115,1981,2983
7,15375,15496,59,2115,1985,2971
7,15375,15496,60,2112,1987,2954
7,15375,15496,61,2109,1981,2941
7,15375,15496,62,2108,1986,2929
7,15375,15496,63,2107,1987,2912
7,15375,15496,64,2103,1981,2903
7,15375,15496,65,2103,1985,2884
7,15375,15496,66,2102,1986,2868
7,15375,15496,67,2096,1981,2847
7,15375,15496,68,2097,1986,2841
7,15375,15496,69,2096,1987,2826
7,15375,15496,70,2090,1981,2811
7,15375,15496,71,2091,1985,2801
7,15375,15496,72,2091,1986,2783
7,15375,15496,73,2084,1981,2769
7,15375,15496,74,2087,1985,2754
7,15375,15496,75,2085,1986,2742
7,15375,15496,76,2076,1981,2728
7,15375,15496,77,2081,1985,2715
7,15375,15496,78,2079,1986,2701
7,15375,15496,79,2071,1981,2687
7,15375,15496,80,2075,1985,2672
7,15375,15496,81,2073,1985,2657
7,15375,15496,82,2064,1981,2643
7,15375,15496,83,2070,1985,2630
7,15375,15496,84,2067,1985,2614
7,15375,15496,85,2058,1981,2594
7,15375,15496,86,2063,1985,2586
7,15375,15496,87,2062,1985,2572
7,15375,15496,88,2053,1980,2558
7,15375,15496,89,2060,1985,2557
7,15375,15496,90,2061,1985,2568
7,15375,15496,91,2056,1982,2584
7,15375,15496,92,2065,1984,2599
7,15375,15496,93,2068,1985,2611
7,15375,15496,94,2063,1983,2628
7,15375,15496,95,2071,1985,2639
7,15375,15496,96,2074,1985,2656
7,15375,15496,97,2068,1982,2669
7,15375,15496,98,2078,1985,2682
7,15375,15496,99,2079,1985,2702
7,15375,15496,100,2073,1983,2712
7,15375,15496,101,2083,1985,2731
7,15375,15496,102,2085,1985,2746
7,15375,15496,103,2080,1983,2757
7,15375,15496,104,2089,1984,2771
7,15375,15496,105,2091,1985,2788
7,15375,15496,106,2086,1984,2797
7,15375,15496,107,2094,1984,2813
7,15375,15496,108,2097,1985,2825
7,15375,15496,109,2092,1984,2843
7,15375,15496,110,2101,1984,2857
7,15375,15496,111,2103,1985,2872
7,15375,15496,112,2099,1985,2886
7,15375,15496,113,2105,1985,2894
7,15375,15496,114,2107,1984,2916
7,15375,15496,115,2105,1985,2923
7,15375,15496,116,2111,1984,2941
7,15375,15496,117,2113,1985,2953
7,15375,15496,118,2112,1985,2967
7,15375,15496,119,2116,1984,2983
7,15375,15496,120,2119,1984,2997
7,15375,15496,121,2117,1986,3009
7,15375,15496,122,2122,1985,3020
7,15375,15496,123,2126,1983,3041
7,15375,15496,124,2125,1986,3054
7,15375,15496,125,2129,1986,3063
7,15375,15496,126,2131,1983,3087
7,15375,15496,127,2130,1986,3096
7,15375,15496,128,2135,1987,3112
7,15375,15496,129,2136,1982,3125
7,15375,15496,130,2137,1986,3144
7,15375,15496,131,2140,1987,3154
7,15375,15496,132,2142,1982,3167
7,15375,15496,133,2144,1986,3182
7,15375,15496,134,2146,1987,3193
7,15375,15496,135,2148,1982,3212
7,15375,15496,136,2150,1986,3221
7,15375,15496,137,2152,1988,3240
7,15375,15496,138,2152,1982,3254
7,15375,15496,139,2155,1986,3270
7,15375,15496,140,2159,1988,3279
7,15375,15496,141,2157,1982,3296
7,15375,15496,142,2162,1986,3311
7,15375,15496,143,2164,1988,3324
7,15375,15496,144,2163,1982,3341
7,15375,15496,145,2168,1987,3353
7,15375,15496,146,2170,1988,3368
7,15375,15496,147,2168,1982,3379
7,15375,15496,148,2175,1987,3397
7,15375,15496,149,2177,1988,3411
7,15375,15496,150,2173,1982,3413
7,15375,15496,151,2180,1987,3435
7,15375,15496,152,2184,1987,3454
7,15375,15496,153,2178,1982,3465
7,15375,15496,154,2186,1987,3479
7,15375,15496,155,2186,1987,3473
7,15375,15496,156,2179,1983,3472
7,15375,15496,157,2190,1987,3484
7,15375,15496,158,2190,1987,3490
7,15375,15496,159,2185,1983,3511
7,15375,15496,160,2192,1987,3515
7,15375,15496,161,2194,1988,3514
7,15375,15496,162,2183,1983,3475
7,15375,15496,163,2179,1986,3376
7,15375,15496,164,2165,1986,3277
7,15375,15496,165,2142,1983,3157
7,15375,15496,166,2130,1984,3040
7,15375,15496,167,2116,1985,2915
7,15375,15496,168,2092,1981,2790
7,15375,15496,169,2081,1984,2669
7,15375,15496,170,2063,1984,2565
7,15375,15496,171,2043,1982,2456
7,15375,15496,172,2034,1984,2347
7,15375,15496,173,2020,1983,2233
7,15375,15496,174,1996,1981,2121
7,15375,15496,175,1985,1982,1974
7,15375,15496,176,1967,1982,1831
7,15375,15496,177,1939,1980,1683
7,15375,15496,178,1935,1981,1593
7,15375,15496,179,1921,1981,1474
7,15375,15496,180,1894,1979,1309
7,15375,15496,181,1878,1980,1134
7,15375,15496,182,1861,1979,1023
7,15375,15496,183,1836,1978,871
7,15375,15496,184,1824,1979,758
7,15375,15496,185,1806,1978,597
7,15375,15496,186,1788,1976,450
7,15375,15496,187,1775,1975,334
7,15375,15496,188,1761,1974,215
7,15375,15496,189,1758,1975,225
7,15375,15496,190,1765,1974,241
7,15375,15496,191,1765,1974,257
7,15375,15496,192,1763,1975,269
7,15375,15496,193,1768,1975,283
7,15375,15496,194,1769,1975,299
7,15375,15496,195,1767,1975,311
7,15375,15496,196,1772,1975,324
7,15375,15496,197,1774,1974,343
7,15375,15496,198,1773,1977,354
7,15375,15496,199,1777,1977,370
7,15375,15496,200,1778,1974,389
7,15375,15496,201,1778,1977,395
7,15375,15496,202,1780,1978,410
7,15375,15496,203,1783,1974,429
7,15375,15496,204,1783,1977,444
7,15375,15496,205,1786,1979,454
7,15375,15496,206,1787,1974,467
7,15375,15496,207,1789,1978,480
7,15375,15496,208,1790,1979,494
7,15375,15496,209,1792,1974,513
7,15375,15496,210,1796,1978,525
7,15375,15496,211,1795,1980,538
7,15375,15496,212,1795,1974,555
7,15375,15496,213,1799,1979,577
7,15375,15496,214,1801,1980,582
7,15375,15496,215,1799,1975,597
7,15375,15496,216,1805,1979,613
7,15375,15496,217,1807,1980,626
7,15375,15496,218,1804,1975,640
7,15375,15496,219,1810,1980,653
7,15375,15496,220,1812,1981,659
7,15375,15496,221,1809,1976,681
7,15375,15496,222,1814,1980,697
7,15375,15496,223,1818,1981,708
7,15375,15496,224,1813,1976,725
7,15375,15496,225,1819,1980,739
7,15375,15496,226,1823,1981,755
7,15375,15496,227,1818,1976,766
7,15375,15496,228,1824,1980,784
7,15375,15496,229,1827,1981,793
7,15375,15496,230,1822,1976,809
7,15375,15496,231,1830,1981,820
7,15375,15496,232,1833,1981,838
7,15375,15496,233,1827,1977,851
7,15375,15496,234,1836,1981,866
7,15375,15496,235,1838,1981,882
7,15375,15496,236,1832,1977,892
7,15375,15496,237,1840,1981,910
7,15375,15496,238,1842,1981,925
7,15375,15496,239,1837,1977,938
7,15375,15496,240,1846,1981,955
7,15375,15496,241,1847,1981,970
7,15375,15496,242,1842,1978,982
7,15375,15496,243,1851,1980,990
7,15375,15496,244,1852,1981,1008
7,15375,15496,245,1847,1978,1028
7,15375,15496,246,1855,1981,1034
7,15375,15496,247,1858,1981,1052
7,15375,15496,248,1852,1979,1065
7,15375,15496,249,1861,1980,1080
7,15375,15496,250,1863,1981,1094
7,15375,15496,251,1859,1980,1108
7,15375,15496,252,1867,1981,1119
7,15375,15496,253,1868,1981,1135
7,15375,15496,254,1863,1980,1149
7,15375,15496,255,1871,1981,1163
7,15375,15496,256,1874,1981,1174
7,15375,15496,257,1869,1981,1192
7,15375,15496,258,1876,1981,1208
7,15375,15496,259,1879,1981,1226
7,15375,15496,260,1876,1981,1252
7,15375,15496,261,1882,1980,1248
7,15375,15496,262,1885,1981,1264
7,15375,15496,263,1881,1981,1279
7,15375,15496,264,1887,1981,1291
7,15375,15496,265,1890,1981,1309
7,15375,15496,266,1884,1981,1322
7,15375,15496,267,1892,1981,1318
7,15375,15496,268,1890,1980,1309
7,15375,15496,269,1885,1982,1290
7,15375,15496,270,1885,1981,1276
7,15375,15496,271,1884,1980,1263
7,15375,15496,272,1879,1981,1249
7,15375,15496,273,1879,1982,1234
7,15375,15496,274,1878,1979,1224
7,15375,15496,275,1872,1981,1211
7,15375,15496,276,1875,1982,1193
7,15375,15496,277,1872,1978,1177
7,15375,15496,278,1869,1982,1169
7,15375,15496,279,1868,1982,1889
7,15375,15496,280,1986,1986,1980
7,15375,15496,281,1985,1974,1122
7,15375,15496,282,1860,1983,1108
7,15375,15496,283,1861,1977,1095
7,15375,15496,284,1859,1981,1079
7,15375,15496,285,1857,1983,1065
7,15375,15496,286,1855,1977,1054
7,15375,15496,287,1855,1982,1038
7,15375,15496,288,1852,1983,1028
7,15375,15496,289,1849,1977,1010
7,15375,15496,290,1850,1981,993
7,15375,15496,291,1848,1982,979
7,15375,15496,292,1842,1977,972
7,15375,15496,293,1845,1981,953
7,15375,15496,294,1844,1982,938
7,15375,15496,295,1836,1976,925
7,15375,15496,296,1839,1981,910
7,15375,15496,297,1839,1982,893
7,15375,15496,298,1831,1976,882
7,15375,15496,299,1834,1980,867
7,15375,15496,300,1834,1981,854
7,15375,15496,301,1826,1976,838
7,15375,15496,302,1830,1980,826
7,15375,15496,303,1829,1981,809
7,15375,15496,304,1820,1976,796
7,15375,15496,305,1825,1980,780
7,15375,15496,306,1825,1981,767
7,15375,15496,307,1815,1976,750
7,15375,15496,308,1820,1980,736
7,15375,15496,309,1819,1981,723
7,15375,15496,310,1810,1976,711
7,15375,15496,311,1816,1979,702
7,15375,15496,312,1814,1980,682
7,15375,15496,313,1805,1976,667
7,15375,15496,314,1811,1979,654
7,15375,15496,315,1810,1979,639
7,15375,15496,316,1800,1976,624
7,15375,15496,317,1805,1979,610
7,15375,15496,318,1804,1979,598
7,15375,15496,319,1796,1976,584
7,15375,15496,320,1800,1978,567
7,15375,15496,321,1799,1978,556
7,15375,15496,322,1791,1976,539
7,15375,15496,323,1796,1977,525
7,15375,15496,324,1795,1978,512
7,15375,15496,325,1786,1976,496
7,15375,15496,326,1790,1977,482
7,15375,15496,327,1789,1977,469
7,15375,15496,328,1781,1976,454
7,15375,15496,329,1786,1977,440
7,15375,15496,330,1785,1977,430
7,15375,15496,331,1776,1976,410
7,15375,15496,332,1780,1975,397
7,15375,15496,333,1779,1976,384
7,15375,15496,334,1772,1976,368
7,15375,15496,335,1775,1975,355
7,15375,15496,336,1775,1975,344
7,15375,15496,337,1769,1975,324
7,15375,15496,338,1771,1975,312
7,15375,15496,339,1770,1975,299
7,15375,15496,340,1764,1975,287
7,15375,15496,341,1766,1974,269
7,15375,15496,342,1765,1973,256
7,15375,15496,343,1760,1974,240
7,15375,15496,344,1761,1973,226
7,15375,15496,345,1760,1972,219
7,15375,15496,346,1756,1974,199
7,15375,15496,347,1754,1974,185
7,15375,15496,348,1754,1971,174
7,15375,15496,349,1754,1974,219
7,15375,15496,350,1765,1976,276
7,15375,15496,351,1774,1974,378
7,15375,15496,352,1784,1978,480
7,15375,15496,353,1812,1981,634
7,15375,15496,354,1817,1977,752
7,15375,15496,355,1830,1981,889
8,15550,15671,0,1993,2023,1248
8,15550,15671,1,1885,1984,1339
8,15550,15671,2,1902,1984,1427
8,15550,15671,3,1921,1979,1556
8,15550,15671,4,1932,1983,1656
8,15550,15671,5,1946,1985,1772
8,15550,15671,6,1958,1980,1904
8,15550,15671,7,1981,1984,2005
8,15550,15671,8,1996,1986,2140
8,15550,15671,9,2006,1981,2250
8,15550,15671,10,2028,1985,2367
8,15550,15671,11,2045,1986,2483
8,15550,15671,12,2055,1981,2609
8,15550,15671,13,2078,1985,2723
8,15550,15671,14,2095,1987,2856
8,15550,15671,15,2109,1982,2974
8,15550,15671,16,2132,1987,3123
8,15550,15671,17,2151,1987,3286
8,15550,15671,18,2163,1983,3410
8,15550,15671,19,2187,1987,3501
8,15550,15671,20,2189,1986,3486
8,15550,15671,21,2179,1982,3472
8,15550,15671,22,2186,1986,3473
8,15550,15671,23,2187,1986,3478
8,15550,15671,24,2178,1984,3465
8,15550,15671,25,2184,1985,3452
8,15550,15671,26,2181,1986,3436
8,15550,15671,27,2172,1983,3423
8,15550,15671,28,2177,1986,3409
8,15550,15671,29,2175,1986,3392
8,15550,15671,30,2165,1984,3381
8,15550,15671,31,2172,1986,3368
8,15550,15671,32,2170,1986,3355
8,15550,15671,33,2160,1984,3337
8,15550,15671,34,2166,1985,3319
8,15550,15671,35,2163,1986,3311
8,15550,15671,36,2155,1984,3301
8,15550,15671,37,2160,1985,3281
8,15550,15671,38,2157,1986,3273
8,15550,15671,39,2149,1985,3253
8,15550,15671,40,2153,1985,3235
8,15550,15671,41,2151,1986,3227
8,15550,15671,42,2144,1985,3207
8,15550,15671,43,2146,1985,3195
8,15550,15671,44,2146,1985,3184
8,15550,15671,45,2137,1985,3167
8,15550,15671,46,2140,1984,3150
8,15550,15671,47,2139,1985,3146
8,15550,15671,48,2133,1985,3125
8,15550,15671,49,2134,1984,3113
8,15550,15671,50,2133,1984,3097
8,15550,15671,51,2128,1985,3081
8,15550,15671,52,2127,1985,3067
8,15550,15671,53,2127,1983,3053
8,15550,15671,54,2122,1985,3040
8,15550,15671,55,2123,1986,3028
8,15550,15671,56,2121,1982,3014
8,15550,15671,57,2116,1985,2989
8,15550,15671,58,2116,1986,2983
8,15550,15671,59,2115,1982,2969
8,15550,15671,60,2111,1985,2955
8,15550,15671,61,2113,1987,2938
8,15550,15671,62,2108,1982,2928
8,15550,15671,63,2106,1985,2914
8,15550,15671,64,2105,1987,2898
8,15550,15671,65,2102,1981,2884
8,15550,15671,66,2100,1985,2868
8,15550,15671,67,2098,1987,2855
8,15550,15671,68,2095,1981,2837
8,15550,15671,69,2094,1985,2827
8,15550,15671,70,2093,1987,2814
8,15550,15671,71,2089,1981,2800
8,15550,15671,72,2090,1985,2783
8,15550,15671,73,2088,1986,2755
8,15550,15671,74,2077,1980,2757
8,15550,15671,75,2084,1985,2741
8,15550,15671,76,2082,1986,2724
8,15550,15671,77,2075,1981,2712
8,15550,15671,78,2078,1985,2704
8,15550,15671,79,2077,1986,2684
8,15550,15671,80,2069,1981,2670
8,15550,15671,81,2073,1985,2647
8,15550,15671,82,2072,1986,2641
8,15550,15671,83,2063,1981,2626
8,15550,15671,84,2067,1985,2612
8,15550,15671,85,2065,1985,2600
8,15550,15671,86,2058,1981,2588
8,15550,15671,87,2062,1985,2571
8,15550,15671,88,2060,1985,2558
8,15550,15671,89,2053,1981,2555
8,15550,15671,90,2062,1985,2569
8,15550,15671,91,2064,1985,2590
8,15550,15671,92,2059,1981,2603
8,15550,15671,93,2067,1985,2613
8,15550,15671,94,2069,1985,2630
8,15550,15671,95,2064,1981,2646
8,15550,15671,96,2073,1985,2659
8,15550,15671,97,2076,1985,2670
8,15550,15671,98,2070,1982,2685
8,15550,15671,99,2080,1985,2702
8,15550,15671,100,2081,1986,2715
8,15550,15671,101,2077,1983,2726
8,15550,15671,102,2085,1985,2740
8,15550,15671,103,2087,1985,2756
8,15550,15671,104,2082,1982,2764
8,15550,15671,105,2091,1984,2783
8,15550,15671,106,2093,1985,2799
8,15550,15671,107,2087,1983,2808
8,15550,15671,108,2097,1985,2830
8,15550,15671,109,2098,1985,2840
8,15550,15671,110,2094,1983,2856
8,15550,15671,111,2103,1985,2872
8,15550,15671,112,2105,1985,2882
8,15550,15671,113,2100,1984,2893
8,15550,15671,114,2107,1984,2913
8,15550,15671,115,2110,1985,2926
8,15550,15671,116,2106,1984,2939
8,15550,15671,117,2114,1984,2955
8,15550,15671,118,2117,1985,2970
8,15550,15671,119,2112,1985,2984
8,15550,15671,120,2119,1985,2997
8,15550,15671,121,2121,1985,3011
8,15550,15671,122,2119,1985,3036
8,15550,15671,123,2125,1984,3037
8,15550,15671,124,2128,1984,3055
8,15550,15671,125,2126,1985,3067
8,15550,15671,126,2130,1985,3081
8,15550,15671,127,2133,1984,3101
8,15550,15671,128,2132,1985,3111
8,15550,15671,129,2136,1986,3118
8,15550,15671,130,2138,1983,3142
8,15550,15671,131,2138,1986,3154
8,15550,15671,132,2143,1987,3168
8,15550,15671,133,2144,1982,3182
8,15550,15671,134,2148,1986,3195
8,15550,15671,135,2147,1987,3213
8,15550,15671,136,2149,1983,3227
8,15550,15671,137,2151,1986,3238
8,15550,15671,138,2152,1987,3250
8,15550,15671,139,2156,1982,3272
8,15550,15671,140,2157,1986,3284
8,15550,15671,141,2163,1988,3283
8,15550,15671,142,2161,1982,3313
8,15550,15671,143,2164,1987,3313
8,15550,15671,144,2165,1988,3340
8,15550,15671,145,2165,1982,3344
8,15550,15671,146,2169,1987,3366
8,15550,15671,147,2172,1988,3383
8,15550,15671,148,2169,1982,3394
8,15550,15671,149,2177,1987,3409
8,15550,15671,150,2179,1988,3421
8,15550,15671,151,2176,1982,3438
8,15550,15671,152,2183,1987,3450
8,15550,15671,153,2185,1988,3466
8,15550,15671,154,2181,1982,3476
8,15550,15671,155,2186,1987,3473
8,15550,15671,156,2187,1988,3471
8,15550,15671,157,2181,1983,3489
8,15550,15671,158,2190,1988,3497
8,15550,15671,159,2191,1988,3509
8,15550,15671,160,2185,1983,3516
8,15550,15671,161,2192,1987,3518
8,15550,15671,162,2191,1987,3487
8,15550,15671,163,2170,1982,3382
8,15550,15671,164,2164,1985,3269
8,15550,15671,165,2150,1986,3185
8,15550,15671,166,2125,1981,3055
8,15550,15671,167,2117,1984,2922
8,15550,15671,168,2101,1985,2807
8,15550,15671,169,2075,1981,2668
8,15550,15671,170,2066,1984,2542
8,15550,15671,171,2043,1984,2391
8,15550,15671,172,2014,1979,2224
8,15550,15671,173,2001,1982,2062
8,15550,15671,174,1979,1982,1941
8,15550,15671,175,1951,1978,1755
8,15550,15671,176,1938,1981,1613
8,15550,15671,177,1918,1981,1497
8,15550,15671,178,1900,1979,1402
8,15550,15671,179,1891,1981,1272
8,15550,15671,180,1877,1981,1183
8,15550,15671,181,1855,1978,1043
8,15550,15671,182,1846,1979,913
8,15550,15671,183,1831,1979,782
8,15550,15671,184,1810,1977,666
8,15550,15671,185,1802,1977,538
8,15550,15671,186,1789,1976,400
8,15550,15671,187,1765,1973,281
8,15550,15671,188,1761,1973,215
8,15550,15671,189,1762,1975,225
8,15550,15671,190,1758,1974,244
8,15550,15671,191,1765,1974,251
8,15550,15671,192,1767,1975,271
8,15550,15671,193,1763,1975,284
8,15550,15671,194,1768,1975,485
8,15550,15671,195,1771,1975,313
8,15550,15671,196,1769,1976,329
8,15550,15671,197,1774,1975,340
8,15550,15671,198,1777,1975,355
8,15550,15671,199,1774,1976,391
8,15550,15671,200,1779,1976,382
8,15550,15671,201,1779,1974,397
8,15550,15671,202,1779,1977,411
8,15550,15671,203,1783,1977,423
8,15550,15671,204,1785,1974,443
8,15550,15671,205,1785,1977,458
8,15550,15671,206,1787,1978,468
8,15550,15671,207,1789,1974,482
8,15550,15671,208,1790,1978,497
8,15550,15671,209,1792,1979,510
8,15550,15671,210,1794,1974,530
8,15550,15671,211,1795,1978,547
8,15550,15671,212,1796,1980,552
8,15550,15671,213,1799,1974,571
8,15550,15671,214,1800,1979,581
8,15550,15671,215,1801,1980,590
8,15550,15671,216,1803,1975,611
8,15550,15671,217,1805,1979,625
8,15550,15671,218,1806,1981,643
8,15550,15671,219,1806,1975,653
8,15550,15671,220,1810,1979,668
8,15550,15671,221,1812,1981,682
8,15550,15671,222,1811,1975,696
8,15550,15671,223,1815,1980,708
8,15550,15671,224,1818,1981,721
8,15550,15671,225,1815,1976,737
8,15550,15671,226,1821,1980,754
8,15550,15671,227,1823,1981,765
8,15550,15671,228,1820,1976,781
8,15550,15671,229,1827,1980,795
8,15550,15671,230,1829,1981,808
8,15550,15671,231,1824,1976,827
8,15550,15671,232,1831,1981,845
8,15550,15671,233,1834,1981,851
8,15550,15671,234,1829,1977,863
8,15550,15671,235,1837,1981,878
8,15550,15671,236,1839,1981,897
8,15550,15671,237,1834,1977,911
8,15550,15671,238,1842,1981,923
8,15550,15671,239,1844,1981,937
8,15550,15671,240,1838,1977,951
8,15550,15671,241,1848,1981,965
8,15550,15671,242,1849,1981,978
8,15550,15671,243,1845,1978,993
8,15550,15671,244,1853,1981,1007
8,15550,15671,245,1855,1982,1022
8,15550,15671,246,1849,1978,1035
8,15550,15671,247,1858,1982,1050
8,15550,15671,248,1860,1982,1064
8,15550,15671,249,1854,1979,1076
8,15550,15671,250,1864,1981,1094
8,15550,15671,251,1865,1981,1116
8,15550,15671,252,1859,1979,1116
8,15550,15671,253,1869,1981,1137
8,15550,15671,254,1871,1981,1159
8,15550,15671,255,1865,1980,1166
8,15550,15671,256,1874,1981,1180
8,15550,15671,257,1876,1981,1194
8,15550,15671,258,1871,1980,1206
8,15550,15671,259,1879,1981,1222
8,15550,15671,260,1881,1982,1230
8,15550,15671,261,1877,1981,1246
8,15550,15671,262,1884,1981,1266
8,15550,15671,263,1886,1981,1282
8,15550,15671,264,1882,1981,1287
8,15550,15671,265,1890,1981,1307
8,15550,15671,266,1890,1981,1321
8,15550,15671,267,1885,1981,1317
8,15550,15671,268,1889,1981,1305
8,15550,15671,269,1888,1981,1292
8,15550,15671,270,1880,1981,1278
8,15550,15671,271,1884,1980,1264
8,15550,15671,272,1883,1980,1251
8,15550,15671,273,1877,1981,1241
8,15550,15671,274,1877,1981,1225
8,15550,15671,275,1876,1979,1207
8,15550,15671,276,1872,1981,1198
8,15550,15671,277,1872,1981,1177
8,15550,15671,278,1871,1978,1169
8,15550,15671,279,1867,1981,1149
8,15550,15671,280,1866,1982,1134
8,15550,15671,281,1865,1978,1125
8,15550,15671,282,1863,1981,1110
8,15550,15671,283,1861,1982,1095
8,15550,15671,284,1860,1978,1083
8,15550,15671,285,1857,1981,1066
8,15550,15671,286,1855,1982,1037
8,15550,15671,287,1854,1977,1037
8,15550,15671,288,1851,1981,1025
8,15550,15671,289,1851,1982,1008
8,15550,15671,290,1849,1977,994
8,15550,15671,291,1848,1981,981
8,15550,15671,292,1845,1982,967
8,15550,15671,293,1842,1977,952
8,15550,15671,294,1843,1981,937
8,15550,15671,295,1840,1982,925
8,15550,15671,296,1836,1976,908
8,15550,15671,297,1837,1981,892
8,15550,15671,298,1836,1982,878
8,15550,15671,299,1831,1977,863
8,15550,15671,300,1833,1981,851
8,15550,15671,301,1832,1981,835
8,15550,15671,302,1825,1976,826
8,15550,15671,303,1827,1980,808
8,15550,15671,304,1827,1981,798
8,15550,15671,305,1819,1976,775
8,15550,15671,306,1823,1980,772
8,15550,15671,307,1823,1980,755
8,15550,15671,308,1813,1975,737
8,15550,15671,309,1819,1980,729
8,15550,15671,310,1818,1980,712
8,15550,15671,311,1809,1976,696
8,15550,15671,312,1813,1979,681
8,15550,15671,313,1813,1979,667
8,15550,15671,314,1804,1976,649
8,15550,15671,315,1809,1980,638
8,15550,15671,316,1808,1979,624
8,15550,15671,317,1799,1976,612
8,15550,15671,318,1804,1979,595
8,15550,15671,319,1802,1978,583
8,15550,15671,320,1793,1975,569
8,15550,15671,321,1799,1978,553
8,15550,15671,322,1797,1978,546
8,15550,15671,323,1789,1974,523
8,15550,15671,324,1794,1978,513
8,15550,15671,325,1792,1978,502
8,15550,15671,326,1783,1976,487
8,15550,15671,327,1789,1977,469
8,15550,15671,328,1787,1977,456
8,15550,15671,329,1778,1974,445
8,15550,15671,330,1785,1977,424
8,15550,15671,331,1783,1977,414
8,15550,15671,332,1774,1975,394
8,15550,15671,333,1780,1976,383
8,15550,15671,334,1778,1977,372
8,15550,15671,335,1769,1975,354
8,15550,15671,336,1775,1975,341
8,15550,15671,337,1773,1976,326
8,15550,15671,338,1766,1974,313
8,15550,15671,339,1769,1975,299
8,15550,15671,340,1768,1975,288
8,15550,15671,341,1761,1974,266
8,15550,15671,342,1766,1974,255
8,15550,15671,343,1763,1974,242
8,15550,15671,344,1757,1974,233
8,15550,15671,345,1759,1974,212
8,15550,15671,346,1759,1974,198
8,15550,15671,347,1754,1974,191
8,15550,15671,348,1762,1974,265
8,15550,15671,349,1774,1975,337
8,15550,15671,350,1775,1977,423
8,15550,15671,351,1790,1977,521
8,15550,15671,352,1805,1977,623
8,15550,15671,353,1812,1980,725
8,15550,15671,354,1827,1981,837
8,15550,15671,355,1839,1978,947
9,15725,15845,0,1996,2025,1218
9,15725,15845,1,1873,1982,1239
9,15725,15845,2,1887,1981,1304
9,15725,15845,3,1897,1982,1374
9,15725,15845,4,1896,1982,1464
9,15725,15845,5,1919,1982,1551
9,15725,15845,6,1935,1982,1671
9,15725,15845,7,1944,1983,1804
9,15725,15845,8,1966,1983,1938
9,15725,15845,9,1984,1983,2045
9,15725,15845,10,2000,1985,2203
9,15725,15845,11,2023,1984,2355
9,15725,15845,12,2046,1984,2513
9,15725,15845,13,2061,1985,2651
9,15725,15845,14,2088,1986,2810
9,15725,15845,15,2108,1984,2953
9,15725,15845,16,2123,1986,3096
9,15725,15845,17,2145,1986,3221
9,15725,15845,18,2164,1984,3370
9,15725,15845,19,2182,1987,3480
9,15725,15845,20,2187,1986,3485
9,15725,15845,21,2184,1983,3472
9,15725,15845,22,2183,1986,3473
9,15725,15845,23,2185,1988,3478
9,15725,15845,24,2183,1982,3467
9,15725,15845,25,2181,1986,3453
9,15725,15845,26,2179,1988,3437
9,15725,15845,27,2177,1982,3424
9,15725,15845,28,2175,1987,3410
9,15725,15845,29,2173,1988,3394
9,15725,15845,30,2170,1982,3384
9,15725,15845,31,2170,1986,3367
9,15725,15845,32,2166,1987,3351
9,15725,15845,33,2162,1982,3342
9,15725,15845,34,2165,1986,3324
9,15725,15845,35,2162,1988,3309
9,15725,15845,36,2157,1982,3296
9,15725,15845,37,2158,1986,3284
9,15725,15845,38,2158,1987,3268
9,15725,15845,39,2150,1982,3256
9,15725,15845,40,2152,1987,3241
9,15725,15845,41,2151,1987,3229
9,15725,15845,42,2144,1982,3212
9,15725,15845,43,2147,1986,3196
9,15725,15845,44,2147,1987,3185
9,15725,15845,45,2137,1981,3166
9,15725,15845,46,2140,1986,3157
9,15725,15845,47,2140,1986,3142
9,15725,15845,48,2131,1982,3129
9,15725,15845,49,2136,1986,3114
9,15725,15845,50,2135,1986,3096
9,15725,15845,51,2125,1982,3081
9,15725,15845,52,2130,1985,3068
9,15725,15845,53,2129,1986,3060
9,15725,15845,54,2119,1982,3038
9,15725,15845,55,2123,1986,3024
9,15725,15845,56,2122,1986,3014
9,15725,15845,57,2113,1982,2997
9,15725,15845,58,2119,1985,2980
9,15725,15845,59,2117,1986,2971
9,15725,15845,60,2107,1983,2958
9,15725,15845,61,2112,1985,2934
9,15725,15845,62,2111,1985,2928
9,15725,15845,63,2102,1982,2912
9,15725,15845,64,2107,1984,2899
9,15725,15845,65,2104,1985,2885
9,15725,15845,66,2096,1983,2873
9,15725,15845,67,2100,1985,2857
9,15725,15845,68,2099,1985,2845
9,15725,15845,69,2089,1983,2827
9,15725,15845,70,2094,1985,2804
9,15725,15845,71,2092,1985,2801
9,15725,15845,72,2083,1984,2784
9,15725,15845,73,2088,1984,2770
9,15725,15845,74,2087,1985,2753
9,15725,15845,75,2078,1984,2738
9,15725,15845,76,2083,1984,2729
9,15725,15845,77,2081,1984,2713
9,15725,15845,78,2074,1984,2699
9,15725,15845,79,2076,1984,2685
9,15725,15845,80,2074,1984,2671
9,15725,15845,81,2069,1984,2657
9,15725,15845,82,2070,1984,2643
9,15725,15845,83,2069,1984,2623
9,15725,15845,84,2063,1984,2613
9,15725,15845,85,2064,1983,2595
9,15725,15845,86,2063,1983,2585
9,15725,15845,87,2057,1984,2578
9,15725,15845,88,2057,1984,2556
9,15725,15845,89,2059,1982,2558
9,15725,15845,90,2058,1984,2574
9,15725,15845,91,2062,1985,2584
9,15725,15845,92,2063,1982,2607
9,15725,15845,93,2063,1984,2613
9,15725,15845,94,2067,1985,2627
9,15725,15845,95,2070,1981,2645
9,15725,15845,96,2071,1985,2667
9,15725,15845,97,2072,1986,2670
9,15725,15845,98,2075,1981,2685
9,15725,15845,99,2076,1985,2701
9,15725,15845,100,2079,1986,2713
9,15725,15845,101,2081,1981,2729
9,15725,15845,102,2082,1985,2741
9,15725,15845,103,2084,1988,2761
9,15725,15845,104,2085,1981,2771
9,15725,15845,105,2089,1985,2783
9,15725,15845,106,2092,1987,2798
9,15725,15845,107,2091,1981,2817
9,15725,15845,108,2095,1985,2827
9,15725,15845,109,2098,1987,2843
9,15725,15845,110,2096,1981,2856
9,15725,15845,111,2103,1986,2870
9,15725,15845,112,2104,1987,2882
9,15725,15845,113,2102,1981,2895
9,15725,15845,114,2108,1986,2918
9,15725,15845,115,2110,1987,2926
9,15725,15845,116,2106,1981,2940
9,15725,15845,117,2114,1986,2955
9,15725,15845,118,2116,1987,2970
9,15725,15845,119,2112,1982,2982
9,15725,15845,120,2119,1986,2998
9,15725,15845,121,2122,1986,3011
9,15725,15845,122,2116,1981,3015
9,15725,15845,123,2126,1986,3041
9,15725,15845,124,2129,1987,3053
9,15725,15845,125,2123,1982,3068
9,15725,15845,126,2132,1986,3083
9,15725,15845,127,2136,1987,3103
9,15725,15845,128,2129,1982,3108
9,15725,15845,129,2138,1987,3126
9,15725,15845,130,2140,1986,3139
9,15725,15845,131,2135,1983,3150
9,15725,15845,132,2143,1986,3169
9,15725,15845,133,2146,1986,3182
9,15725,15845,134,2140,1983,3193
9,15725,15845,135,2150,1986,3211
9,15725,15845,136,2151,1986,3227
9,15725,15845,137,2147,1984,3239
9,15725,15845,138,2155,1986,3253
9,15725,15845,139,2158,1986,3275
9,15725,15845,140,2153,1984,3279
9,15725,15845,141,2160,1986,3295
9,15725,15845,142,2163,1986,3310
9,15725,15845,143,2159,1985,3325
9,15725,15845,144,2167,1985,3340
9,15725,15845,145,2169,1986,3354
9,15725,15845,146,2165,1985,3369
9,15725,15845,147,2173,1986,3382
9,15725,15845,148,2176,1986,3397
9,15725,15845,149,2170,1985,3408
9,15725,15845,150,2179,1985,3424
9,15725,15845,151,2181,1986,3438
9,15725,15845,152,2178,1985,3451
9,15725,15845,153,2184,1985,3464
9,15725,15845,154,2186,1986,3474
9,15725,15845,155,2181,1986,3473
9,15725,15845,156,2184,1985,3471
9,15725,15845,157,2188,1985,3485
9,15725,15845,158,2184,1986,3498
9,15725,15845,159,2190,1986,3510
9,15725,15845,160,2193,1986,3520
9,15725,15845,161,2187,1986,3513
9,15725,15845,162,2188,1985,3467
9,15725,15845,163,2175,1984,3365
9,15725,15845,164,2158,1985,3272
9,15725,15845,165,2150,1985,3184
9,15725,15845,166,2132,1982,3039
9,15725,15845,167,2114,1984,2922
9,15725,15845,168,2095,1984,2794
9,15725,15845,169,2079,1981,2658
9,15725,15845,170,2059,1983,2529
9,15725,15845,171,2042,1984,2396
9,15725,15845,172,2027,1979,2261
9,15725,15845,173,2007,1984,2166
9,15725,15845,174,1992,1984,2067
9,15725,15845,175,1982,1979,1951
9,15725,15845,176,1962,1982,1804
9,15725,15845,177,1944,1984,1677
9,15725,15845,178,1932,1978,1598
9,15725,15845,179,1918,1982,1477
9,15725,15845,180,1903,1983,1350
9,15725,15845,181,1882,1977,1219
9,15725,15845,182,1864,1980,1070
9,15725,15845,183,1846,1980,911
9,15725,15845,184,1825,1975,767
9,15725,15845,185,1810,1978,609
9,15725,15845,186,1794,1979,473
9,15725,15845,187,1773,1972,318
9,15725,15845,188,1766,1975,218
9,15725,15845,189,1762,1977,224
9,15725,15845,190,1758,1972,244
9,15725,15845,191,1764,1976,258
9,15725,15845,192,1767,1977,272
9,15725,15845,193,1763,1972,284
9,15725,15845,194,1770,1976,300
9,15725,15845,195,1772,1977,316
9,15725,15845,196,1767,1972,329
9,15725,15845,197,1776,1977,348
9,15725,15845,198,1776,1977,355
9,15725,15845,199,1771,1973,367
9,15725,15845,200,1779,1977,373
9,15725,15845,201,1781,1977,399
9,15725,15845,202,1776,1973,412
9,15725,15845,203,1784,1977,426
9,15725,15845,204,1787,1978,441
9,15725,15845,205,1782,1974,451
9,15725,15845,206,1790,1978,467
9,15725,15845,207,1790,1978,484
9,15725,15845,208,1785,1975,495
9,15725,15845,209,1794,1978,510
9,15725,15845,210,1796,1978,526
9,15725,15845,211,1790,1976,539
9,15725,15845,212,1799,1978,552
9,15725,15845,213,1801,1979,569
9,15725,15845,214,1795,1976,581
9,15725,15845,215,1803,1978,597
9,15725,15845,216,1806,1979,614
9,15725,15845,217,1800,1977,619
9,15725,15845,218,1808,1978,640
9,15725,15845,219,1810,1979,655
9,15725,15845,220,1805,1978,666
9,15725,15845,221,1813,1978,683
9,15725,15845,222,1816,1979,697
9,15725,15845,223,1811,1979,716
9,15725,15845,224,1818,1979,725
9,15725,15845,225,1820,1979,739
9,15725,15845,226,1816,1979,741
9,15725,15845,227,1823,1979,766
9,15725,15845,228,1825,1979,787
9,15725,15845,229,1821,1980,794
9,15725,15845,230,1827,1979,810
9,15725,15845,231,1830,1979,823
9,15725,15845,232,1828,1980,837
9,15725,15845,233,1833,1979,849
9,15725,15845,234,1835,1979,867
9,15725,15845,235,1832,1980,887
9,15725,15845,236,1836,1979,891
9,15725,15845,237,1840,1979,910
9,15725,15845,238,1838,1980,923
9,15725,15845,239,1841,1981,936
9,15725,15845,240,1844,1978,956
9,15725,15845,241,1845,1981,967
9,15725,15845,242,1847,1981,978
9,15725,15845,243,1850,1978,992
9,15725,15845,244,1849,1981,1010
9,15725,15845,245,1853,1982,1024
9,15725,15845,246,1854,1978,1038
9,15725,15845,247,1855,1981,1057
9,15725,15845,248,1858,1982,1063
9,15725,15845,249,1860,1977,1078
9,15725,15845,250,1860,1981,1096
9,15725,15845,251,1863,1983,1107
9,15725,15845,252,1864,1977,1124
9,15725,15845,253,1867,1982,1133
9,15725,15845,254,1868,1983,1151
9,15725,15845,255,1869,1978,1165
9,15725,15845,256,1872,1982,1180
9,15725,15845,257,1874,1983,1195
9,15725,15845,258,1873,1977,1210
9,15725,15845,259,1878,1982,1218
9,15725,15845,260,1879,1983,1235
9,15725,15845,261,1878,1978,1256
9,15725,15845,262,1883,1982,1265
9,15725,15845,263,1886,1983,1278
9,15725,15845,264,1883,1978,1299
9,15725,15845,265,1888,1982,1301
9,15725,15845,266,1892,1983,1321
9,15725,15845,267,1886,1978,1322
9,15725,15845,268,1889,1982,1305
9,15725,15845,269,1890,1983,1292
9,15725,15845,270,1880,1978,1275
9,15725,15845,271,1884,1982,1263
9,15725,15845,272,1884,1983,1251
9,15725,15845,273,1874,1978,1229
9,15725,15845,274,1879,1982,1220
9,15725,15845,275,1877,1982,1209
9,15725,15845,276,1869,1978,1193
9,15725,15845,277,1874,1982,1180
9,15725,15845,278,1871,1982,1162
9,15725,15845,279,1864,1978,1149
9,15725,15845,280,1869,1981,1142
9,15725,15845,281,1867,1981,1123
9,15725,15845,282,1858,1978,1108
9,15725,15845,283,1863,1981,1097
9,15725,15845,284,1862,1982,1077
9,15725,15845,285,1853,1979,1064
9,15725,15845,286,1857,1980,1039
9,15725,15845,287,1856,1981,1038
9,15725,15845,288,1848,1978,1022
9,15725,15845,289,1852,1980,1011
9,15725,15845,290,1851,1981,996
9,15725,15845,291,1843,1979,980
9,15725,15845,292,1847,1980,967
9,15725,15845,293,1845,1980,954
9,15725,15845,294,1838,1979,936
9,15725,15845,295,1843,1979,927
9,15725,15845,296,1840,1980,907
9,15725,15845,297,1832,1979,894
9,15725,15845,298,1835,1980,881
9,15725,15845,299,1836,1980,866
9,15725,15845,300,1827,1979,851
9,15725,15845,301,1832,1979,839
9,15725,15845,302,1830,1979,823
9,15725,15845,303,1823,1979,810
9,15725,15845,304,1826,1979,794
9,15725,15845,305,1826,1979,783
9,15725,15845,306,1819,1979,766
9,15725,15845,307,1821,1978,753
9,15725,15845,308,1820,1979,739
9,15725,15845,309,1814,1979,722
9,15725,15845,310,1815,1978,710
9,15725,15845,311,1815,1977,689
9,15725,15845,312,1810,1979,680
9,15725,15845,313,1810,1978,665
9,15725,15845,314,1809,1977,656
9,15725,15845,315,1805,1978,635
9,15725,15845,316,1805,1979,625
9,15725,15845,317,1804,1976,611
9,15725,15845,318,1800,1978,588
9,15725,15845,319,1800,1979,598
9,15725,15845,320,1799,1975,568
9,15725,15845,321,1796,1978,553
9,15725,15845,322,1796,1979,541
9,15725,15845,323,1794,1974,526
9,15725,15845,324,1792,1978,512
9,15725,15845,325,1790,1979,496
9,15725,15845,326,1788,1974,485
9,15725,15845,327,1787,1978,468
9,15725,15845,328,1785,1979,454
9,15725,15845,329,1782,1973,443
9,15725,15845,330,1783,1977,425
9,15725,15845,331,1781,1978,412
9,15725,15845,332,1776,1973,397
9,15725,15845,333,1778,1976,385
9,15725,15845,334,1777,1978,369
9,15725,15845,335,1771,1973,364
9,15725,15845,336,1774,1976,343
9,15725,15845,337,1773,1977,328
9,15725,15845,338,1766,1972,314
9,15725,15845,339,1769,1976,297
9,15725,15845,340,1769,1976,285
9,15725,15845,341,1760,1971,268
9,15725,15845,342,1765,1976,252
9,15725,15845,343,1764,1976,242
9,15725,15845,344,1756,1971,226
9,15725,15845,345,1760,1974,213
9,15725,15845,346,1759,1974,201
9,15725,15845,347,1751,1970,184
9,15725,15845,348,1755,1974,171
9,15725,15845,349,1755,1973,163
9,15725,15845,350,1756,1971,247
9,15725,15845,351,1775,1977,330
9,15725,15845,352,1786,1978,455
9,15725,15845,353,1791,1976,572
9,15725,15845,354,1813,1980,715
9,15725,15845,355,1828,1982,849
10,15901,16022,0,1993,2026,1300
10,15901,16022,1,1895,1984,1365
10,15901,16022,2,1901,1981,1458
10,15901,16022,3,1918,1983,1545
10,15901,16022,4,1931,1983,1652
10,15901,16022,5,1938,1983,1767
10,15901,16022,6,1956,1983,1877
10,15901,16022,7,1974,1983,1961
10,15901,16022,8,1982,1983,2073
10,15901,16022,9,2005,1984,2201
10,15901,16022,10,2023,1984,2322
10,15901,16022,11,2035,1985,2460
10,15901,16022,12,2057,1985,2598
10,15901,16022,13,2078,1985,2717
10,15901,16022,14,2092,1985,2851
10,15901,16022,15,2113,1985,2965
10,15901,16022,16,2130,1986,3121
10,15901,16022,17,2145,1986,3264
10,15901,16022,18,2168,1986,3410
10,15901,16022,19,2187,1984,3499
10,15901,16022,20,2184,1986,3488
10,15901,16022,21,2184,1986,3472
10,15901,16022,22,2185,1983,3473
10,15901,16022,23,2183,1986,3478
10,15901,16022,24,2183,1987,3470
10,15901,16022,25,2182,1983,3452
10,15901,16022,26,2179,1986,3438
10,15901,16022,27,2177,1987,3422
10,15901,16022,28,2176,1983,3410
10,15901,16022,29,2175,1986,3397
10,15901,16022,30,2171,1988,3382
10,15901,16022,31,2169,1982,3370
10,15901,16022,32,2167,1987,3355
10,15901,16022,33,2164,1987,3341
10,15901,16022,34,2162,1982,3325
10,15901,16022,35,2162,1987,3308
10,15901,16022,36,2160,1988,3298
10,15901,16022,37,2156,1982,3285
10,15901,16022,38,2156,1986,3267
10,15901,16022,39,2155,1988,3253
10,15901,16022,40,2147,1982,3240
10,15901,16022,41,2150,1986,3223
10,15901,16022,42,2149,1987,3216
10,15901,16022,43,2143,1982,3196
10,15901,16022,44,2144,1986,3184
10,15901,16022,45,2144,1987,3168
10,15901,16022,46,2136,1982,3155
10,15901,16022,47,2139,1986,3138
10,15901,16022,48,2138,1987,3126
10,15901,16022,49,2130,1982,3109
10,15901,16022,50,2133,1986,3097
10,15901,16022,51,2132,1987,3074
10,15901,16022,52,2124,1982,3069
10,15901,16022,53,2128,1986,3053
10,15901,16022,54,2126,1987,3041
10,15901,16022,55,2117,1982,3024
10,15901,16022,56,2122,1986,3015
10,15901,16022,57,2121,1986,2999
10,15901,16022,58,2111,1982,2986
10,15901,16022,59,2117,1985,2968
10,15901,16022,60,2116,1986,2960
10,15901,16022,61,2105,1982,2940
10,15901,16022,62,2110,1985,2925
10,15901,16022,63,2108,1986,2914
10,15901,16022,64,2099,1982,2897
10,15901,16022,65,2105,1985,2885
10,15901,16022,66,2103,1986,2871
10,15901,16022,67,2094,1983,2856
10,15901,16022,68,2099,1985,2846
10,15901,16022,69,2096,1985,2828
10,15901,16022,70,2088,1983,2808
10,15901,16022,71,2093,1985,2797
10,15901,16022,72,2091,1985,2785
10,15901,16022,73,2083,1983,2767
10,15901,16022,74,2088,1984,2756
10,15901,16022,75,2085,1984,2736
10,15901,16022,76,2077,1983,2723
10,15901,16022,77,2082,1984,2713
10,15901,16022,78,2079,1985,2703
10,15901,16022,79,2070,1984,2685
10,15901,16022,80,2075,1984,2670
10,15901,16022,81,2074,1985,2661
10,15901,16022,82,2066,1984,2646
10,15901,16022,83,2069,1984,2630
10,15901,16022,84,2068,1984,2617
10,15901,16022,85,2060,1984,2603
10,15901,16022,86,2063,1983,2573
10,15901,16022,87,2061,1984,2575
10,15901,16022,88,2058,1985,2555
10,15901,16022,89,2059,1984,2557
10,15901,16022,90,2063,1984,2574
10,15901,16022,91,2060,1984,2587
10,15901,16022,92,2063,1984,2601
10,15901,16022,93,2066,1983,2616
10,15901,16022,94,2065,1984,2628
10,15901,16022,95,2070,1985,2643
10,15901,16022,96,2072,1983,2658
10,15901,16022,97,2071,1985,2670
10,15901,16022,98,2075,1985,2687
10,15901,16022,99,2078,1982,2701
10,15901,16022,100,2078,1985,2715
10,15901,16022,101,2082,1986,2726
10,15901,16022,102,2084,1982,2744
10,15901,16022,103,2084,1985,2747
10,15901,16022,104,2086,1986,2774
10,15901,16022,105,2089,1981,2785
10,15901,16022,106,2089,1985,2802
10,15901,16022,107,2089,1987,2812
10,15901,16022,108,2094,1981,2827
10,15901,16022,109,2097,1986,2841
10,15901,16022,110,2099,1987,2853
10,15901,16022,111,2098,1981,2871
10,15901,16022,112,2103,1986,2885
10,15901,16022,113,2105,1987,2897
10,15901,16022,114,2104,1982,2917
10,15901,16022,115,2109,1986,2924
10,15901,16022,116,2112,1987,2937
10,15901,16022,117,2109,1981,2957
10,15901,16022,118,2116,1986,2970
10,15901,16022,119,2118,1987,2986
10,15901,16022,120,2114,1981,2999
10,15901,16022,121,2122,1986,3011
10,15901,16022,122,2124,1986,3026
10,15901,16022,123,2120,1982,3041
10,15901,16022,124,2128,1986,3050
10,15901,16022,125,2130,1986,3061
10,15901,16022,126,2125,1982,3083
10,15901,16022,127,2133,1986,3092
10,15901,16022,128,2136,1987,3113
10,15901,16022,129,2131,1982,3123
10,15901,16022,130,2139,1986,3141
10,15901,16022,131,2142,1986,3154
10,15901,16022,132,2137,1982,3166
10,15901,16022,133,2146,1986,3182
10,15901,16022,134,2148,1986,3193
10,15901,16022,135,2143,1983,3212
10,15901,16022,136,2152,1986,3228
10,15901,16022,137,2154,1986,3240
10,15901,16022,138,2148,1982,3256
10,15901,16022,139,2158,1986,3267
10,15901,16022,140,2159,1986,3283
10,15901,16022,141,2154,1983,3297
10,15901,16022,142,2163,1986,3312
10,15901,16022,143,2166,1987,3325
10,15901,16022,144,2161,1984,3339
10,15901,16022,145,2169,1986,3354
10,15901,16022,146,2171,1986,3369
10,15901,16022,147,2167,1985,3382
10,15901,16022,148,2175,1986,3397
10,15901,16022,149,2178,1986,3419
10,15901,16022,150,2172,1985,3421
10,15901,16022,151,2181,1986,3439
10,15901,16022,152,2183,1986,3455
10,15901,16022,153,2179,1985,3465
10,15901,16022,154,2187,1985,3477
10,15901,16022,155,2186,1986,3472
10,15901,16022,156,2180,1985,3471
10,15901,16022,157,2188,1986,3485
10,15901,16022,158,2189,1986,3497
10,15901,16022,159,2185,1986,3509
10,15901,16022,160,2191,1985,3518
10,15901,16022,161,2193,1986,3517
10,15901,16022,162,2186,1986,3493
10,15901,16022,163,2176,1984,3397
10,15901,16022,164,2163,1984,3276
10,15901,16022,165,2147,1984,3172
10,15901,16022,166,2126,1983,3055
10,15901,16022,167,2117,1983,2931
10,15901,16022,168,2095,1983,2789
10,15901,16022,169,2072,1983,2632
10,15901,16022,170,2054,1980,2462
10,15901,16022,171,2031,1983,2316
10,15901,16022,172,2013,1983,2174
10,15901,16022,173,1996,1980,2033
10,15901,16022,174,1971,1982,1894
10,15901,16022,175,1954,1983,1753
10,15901,16022,176,1935,1978,1602
10,15901,16022,177,1915,1982,1480
10,15901,16022,178,1907,1983,1411
10,15901,16022,179,1893,1977,1332
10,15901,16022,180,1879,1981,1193
10,15901,16022,181,1861,1982,1082
10,15901,16022,182,1849,1976,936
10,15901,16022,183,1835,1979,816
10,15901,16022,184,1819,1981,695
10,15901,16022,185,1802,1974,544
10,15901,16022,186,1789,1977,418
10,15901,16022,187,1772,1976,288
10,15901,16022,188,1756,1970,212
10,15901,16022,189,1761,1976,225
10,15901,16022,190,1763,1977,242
10,15901,16022,191,1760,1972,257
10,15901,16022,192,1765,1976,271
10,15901,16022,193,1769,1977,286
10,15901,16022,194,1764,1972,296
10,15901,16022,195,1771,1977,313
10,15901,16022,196,1773,1977,331
10,15901,16022,197,1769,1972,341
10,15901,16022,198,1776,1977,354
10,15901,16022,199,1778,1978,368
10,15901,16022,200,1773,1973,379
10,15901,16022,201,1781,1977,398
10,15901,16022,202,1783,1978,415
10,15901,16022,203,1778,1973,423
10,15901,16022,204,1786,1978,441
10,15901,16022,205,1788,1978,456
10,15901,16022,206,1783,1974,467
10,15901,16022,207,1791,1978,490
10,15901,16022,208,1792,1978,1450
10,15901,16022,209,1977,1991,1978
10,15901,16022,210,1987,1984,1972
10,15901,16022,211,1792,1967,542
10,15901,16022,212,1793,1975,554
10,15901,16022,213,1801,1978,567
10,15901,16022,214,1803,1979,584
10,15901,16022,215,1797,1976,593
10,15901,16022,216,1806,1979,613
10,15901,16022,217,1807,1979,627
10,15901,16022,218,1802,1976,640
10,15901,16022,219,1810,1979,653
10,15901,16022,220,1812,1979,665
10,15901,16022,221,1807,1977,683
10,15901,16022,222,1815,1979,697
10,15901,16022,223,1817,1980,714
10,15901,16022,224,1812,1977,721
10,15901,16022,225,1821,1979,740
10,15901,16022,226,1822,1979,754
10,15901,16022,227,1817,1978,762
10,15901,16022,228,1825,1979,782
10,15901,16022,229,1827,1980,795
10,15901,16022,230,1823,1979,809
10,15901,16022,231,1830,1980,823
10,15901,16022,232,1832,1979,841
10,15901,16022,233,1828,1979,854
10,15901,16022,234,1835,1979,866
10,15901,16022,235,1837,1980,882
10,15901,16022,236,1833,1980,897
10,15901,16022,237,1840,1979,907
10,15901,16022,238,1842,1980,923
10,15901,16022,239,1839,1980,938
10,15901,16022,240,1845,1979,949
10,15901,16022,241,1847,1980,966
10,15901,16022,242,1845,1981,980
10,15901,16022,243,1850,1981,992
10,15901,16022,244,1851,1979,1012
10,15901,16022,245,1850,1981,1022
10,15901,16022,246,1855,1981,1035
10,15901,16022,247,1857,1978,1052
10,15901,16022,248,1856,1981,1062
10,15901,16022,249,1860,1982,1077
10,15901,16022,250,1862,1978,1095
10,15901,16022,251,1861,1982,1106
10,15901,16022,252,1866,1983,1127
10,15901,16022,253,1867,1978,1130
10,15901,16022,254,1867,1982,1152
10,15901,16022,255,1868,1983,1161
10,15901,16022,256,1871,1978,1175
10,15901,16022,257,1873,1982,1192
10,15901,16022,258,1875,1983,1208
10,15901,16022,259,1876,1978,1225
10,15901,16022,260,1879,1982,1236
10,15901,16022,261,1881,1983,1249
10,15901,16022,262,1879,1978,1265
10,15901,16022,263,1885,1982,1276
10,15901,16022,264,1887,1983,1291
10,15901,16022,265,1885,1978,1308
10,15901,16022,266,1891,1982,1324
10,15901,16022,267,1891,1983,1320
10,15901,16022,268,1885,1978,1306
10,15901,16022,269,1887,1982,1293
10,15901,16022,270,1887,1982,1278
10,15901,16022,271,1878,1978,1263
10,15901,16022,272,1882,1983,1250
10,15901,16022,273,1883,1983,1237
10,15901,16022,274,1873,1978,1225
10,15901,16022,275,1876,1982,1207
10,15901,16022,276,1876,1983,1194
10,15901,16022,277,1867,1978,1186
10,15901,16022,278,1873,1982,1161
10,15901,16022,279,1870,1982,1151
10,15901,16022,280,1860,1978,1139
10,15901,16022,281,1867,1982,1119
10,15901,16022,282,1865,1982,1110
10,15901,16022,283,1856,1978,1092
10,15901,16022,284,1862,1982,1079
10,15901,16022,285,1860,1981,1072
10,15901,16022,286,1851,1978,1051
10,15901,16022,287,1856,1981,1039
10,15901,16022,288,1853,1981,1020
10,15901,16022,289,1846,1978,1001
10,15901,16022,290,1851,1981,996
10,15901,16022,291,1849,1981,980
10,15901,16022,292,1840,1978,965
10,15901,16022,293,1846,1981,951
10,15901,16022,294,1844,1981,937
10,15901,16022,295,1836,1978,920
10,15901,16022,296,1841,1980,909
10,15901,16022,297,1839,1980,896
10,15901,16022,298,1831,1979,878
10,15901,16022,299,1836,1980,864
10,15901,16022,300,1834,1980,851
10,15901,16022,301,1826,1979,837
10,15901,16022,302,1830,1979,824
10,15901,16022,303,1828,1979,809
10,15901,16022,304,1820,1979,800
10,15901,16022,305,1825,1978,769
10,15901,16022,306,1824,1979,767
10,15901,16022,307,1816,1979,754
10,15901,16022,308,1820,1978,734
10,15901,16022,309,1818,1979,724
10,15901,16022,310,1811,1979,710
10,15901,16022,311,1815,1978,693
10,15901,16022,312,1813,1978,681
10,15901,16022,313,1807,1979,669
10,15901,16022,314,1810,1978,645
10,15901,16022,315,1808,1978,639
10,15901,16022,316,1802,1978,623
10,15901,16022,317,1803,1978,609
10,15901,16022,318,1803,1976,598
10,15901,16022,319,1798,1978,581
10,15901,16022,320,1798,1978,566
10,15901,16022,321,1797,1975,555
10,15901,16022,322,1794,1978,539
10,15901,16022,323,1793,1978,527
10,15901,16022,324,1792,1975,507
10,15901,16022,325,1790,1977,501
10,15901,16022,326,1789,1978,483
10,15901,16022,327,1788,1974,472
10,15901,16022,328,1784,1977,454
10,15901,16022,329,1783,1979,441
10,15901,16022,330,1782,1973,428
10,15901,16022,331,1780,1977,414
10,15901,16022,332,1779,1978,396
10,15901,16022,333,1777,1972,384
10,15901,16022,334,1776,1977,369
10,15901,16022,335,1775,1977,354
10,15901,16022,336,1771,1972,341
10,15901,16022,337,1772,1976,315
10,15901,16022,338,1770,1977,309
10,15901,16022,339,1765,1971,298
10,15901,16022,340,1768,1976,279
10,15901,16022,341,1767,1977,272
10,15901,16022,342,1760,1971,258
10,15901,16022,343,1763,1976,241
10,15901,16022,344,1762,1976,228
10,15901,16022,345,1755,1971,213
10,15901,16022,346,1758,1975,200
10,15901,16022,347,1759,1975,193
10,15901,16022,348,1757,1971,241
10,15901,16022,349,1769,1976,291
10,15901,16022,350,1780,1978,385
10,15901,16022,351,1781,1973,468
10,15901,16022,352,1799,1979,564
10,15901,16022,353,1812,1980,682
10,15901,16022,354,1817,1977,783
10,15901,16022,355,1836,1981,916
11,16075,16196,0,1990,2021,1138
11,16075,16196,1,1872,1984,1195
11,16075,16196,2,1883,1983,1268
11,16075,16196,3,1889,1978,1359
11,16075,16196,4,1906,1984,1462
11,16075,16196,5,1923,1984,1569
11,16075,16196,6,1938,1980,1700
11,16075,16196,7,1955,1984,1833
11,16075,16196,8,1974,1985,1967
11,16075,16196,9,1987,1981,2177
11,16075,16196,10,2011,1986,2245
11,16075,16196,11,2034,1986,2407
11,16075,16196,12,2045,1983,2545
11,16075,16196,13,2070,1987,2683
11,16075,16196,14,2093,1987,2829
11,16075,16196,15,2101,1983,2961
11,16075,16196,16,2130,1987,3049
11,16075,16196,17,2149,1987,3247
11,16075,16196,18,2157,1984,3386
11,16075,16196,19,2187,1987,3484
11,16075,16196,20,2188,1986,3487
11,16075,16196,21,2179,1983,3471
11,16075,16196,22,2186,1986,3473
11,16075,16196,23,2187,1987,3477
11,16075,16196,24,2179,1984,3467
11,16075,16196,25,2184,1986,3454
11,16075,16196,26,2181,1986,3439
11,16075,16196,27,2172,1984,3426
11,16075,16196,28,2177,1986,3411
11,16075,16196,29,2175,1986,3397
11,16075,16196,30,2167,1985,3383
11,16075,16196,31,2171,1986,3374
11,16075,16196,32,2169,1986,3353
11,16075,16196,33,2161,1985,3344
11,16075,16196,34,2165,1985,3323
11,16075,16196,35,2164,1985,3313
11,16075,16196,36,2155,1985,3295
11,16075,16196,37,2159,1986,3282
11,16075,16196,38,2157,1986,3270
11,16075,16196,39,2150,1985,3251
11,16075,16196,40,2153,1985,3238
11,16075,16196,41,2151,1985,3225
11,16075,16196,42,2145,1986,3214
11,16075,16196,43,2146,1985,3198
11,16075,16196,44,2146,1985,3185
11,16075,16196,45,2139,1985,3167
11,16075,16196,46,2140,1985,3152
11,16075,16196,47,2139,1983,3142
11,16075,16196,48,2134,1985,3125
11,16075,16196,49,2134,1985,3109
11,16075,16196,50,2132,1983,3100
11,16075,16196,51,2127,1985,3078
11,16075,16196,52,2128,1986,3063
11,16075,16196,53,2126,1982,3055
11,16075,16196,54,2124,1985,3039
11,16075,16196,55,2123,1986,3025
11,16075,16196,56,2121,1982,3015
11,16075,16196,57,2118,1985,2999
11,16075,16196,58,2115,1987,2983
11,16075,16196,59,2114,1981,2970
11,16075,16196,60,2112,1986,2953
11,16075,16196,61,2110,1987,2940
11,16075,16196,62,2107,1982,2930
11,16075,16196,63,2106,1985,2912
11,16075,16196,64,2104,1987,2899
11,16075,16196,65,2101,1981,2878
11,16075,16196,66,2101,1986,2871
11,16075,16196,67,2101,1987,2854
11,16075,16196,68,2094,1981,2839
11,16075,16196,69,2095,1985,2828
11,16075,16196,70,2093,1986,2810
11,16075,16196,71,2087,1981,2798
11,16075,16196,72,2090,1985,2786
11,16075,16196,73,2089,1986,2771
11,16075,16196,74,2081,1981,2760
11,16075,16196,75,2084,1985,2742
11,16075,16196,76,2084,1985,2726
11,16075,16196,77,2075,1981,2712
11,16075,16196,78,2079,1985,2700
11,16075,16196,79,2077,1986,2684
11,16075,16196,80,2068,1981,2671
11,16075,16196,81,2073,1985,2657
11,16075,16196,82,2072,1985,2641
11,16075,16196,83,2063,1981,2627
11,16075,16196,84,2067,1985,2615
11,16075,16196,85,2065,1985,2601
11,16075,16196,86,2057,1981,2588
11,16075,16196,87,2061,1985,2573
11,16075,16196,88,2059,1985,2560
11,16075,16196,89,2053,1981,2559
11,16075,16196,90,2062,1985,2568
11,16075,16196,91,2064,1985,2585
11,16075,16196,92,2058,1982,2602
11,16075,16196,93,2067,1984,2615
11,16075,16196,94,2070,1985,2631
11,16075,16196,95,2065,1982,2643
11,16075,16196,96,2073,1985,2657
11,16075,16196,97,2074,1985,2673
11,16075,16196,98,2069,1982,2684
11,16075,16196,99,2080,1985,2698
11,16075,16196,100,2081,1985,2715
11,16075,16196,101,2076,1983,2726
11,16075,16196,102,2085,1985,2742
11,16075,16196,103,2086,1985,2758
11,16075,16196,104,2082,1984,2768
11,16075,16196,105,2091,1984,2783
11,16075,16196,106,2093,1985,2798
11,16075,16196,107,2090,1984,2813
11,16075,16196,108,2098,1985,2827
11,16075,16196,109,2098,1985,2840
11,16075,16196,110,2095,1984,2847
11,16075,16196,111,2102,1985,2869
11,16075,16196,112,2104,1985,2884
11,16075,16196,113,2101,1985,2898
11,16075,16196,114,2107,1985,2912
11,16075,16196,115,2109,1985,2929
11,16075,16196,116,2108,1985,2941
11,16075,16196,117,2112,1984,2952
11,16075,16196,118,2115,1985,2972
11,16075,16196,119,2113,1985,2979
11,16075,16196,120,2118,1985,2994
11,16075,16196,121,2122,1984,3012
11,16075,16196,122,2120,1986,3029
11,16075,16196,123,2123,1986,3037
11,16075,16196,124,2127,1983,3055
11,16075,16196,125,2127,1986,3069
11,16075,16196,126,2130,1986,3080
11,16075,16196,127,2133,1982,3097
11,16075,16196,128,2133,1986,3112
11,16075,16196,129,2135,1987,3124
11,16075,16196,130,2139,1982,3138
11,16075,16196,131,2139,1986,3155
11,16075,16196,132,2143,1987,3166
11,16075,16196,133,2143,1982,3182
11,16075,16196,134,2145,1986,3196
11,16075,16196,135,2150,1987,3210
11,16075,16196,136,2150,1982,3229
11,16075,16196,137,2154,1986,3239
11,16075,16196,138,2153,1988,3254
11,16075,16196,139,2154,1982,3269
11,16075,16196,140,2159,1986,3283
11,16075,16196,141,2160,1988,3296
11,16075,16196,142,2160,1982,3312
11,16075,16196,143,2165,1987,3326
11,16075,16196,144,2167,1988,3339
11,16075,16196,145,2163,1982,3334
11,16075,16196,146,2170,1986,3368
11,16075,16196,147,2173,1987,3381
11,16075,16196,148,2170,1982,3397
11,16075,16196,149,2176,1987,3409
11,16075,16196,150,2180,1987,3422
11,16075,16196,151,2175,1983,3437
11,16075,16196,152,2183,1987,3455
11,16075,16196,153,2186,1987,3465
11,16075,16196,154,2181,1983,3477
11,16075,16196,155,2186,1987,3473
11,16075,16196,156,2186,1987,3472
11,16075,16196,157,2182,1983,3483
11,16075,16196,158,2190,1987,3502
11,16075,16196,159,2192,1988,3510
11,16075,16196,160,2184,1983,3517
11,16075,16196,161,2192,1987,3514
11,16075,16196,162,2192,1987,3478
11,16075,16196,163,2179,1982,3388
11,16075,16196,164,2164,1985,3277
11,16075,16196,165,2148,1986,3169
11,16075,16196,166,2125,1982,3050
11,16075,16196,167,2117,1985,2922
11,16075,16196,168,2098,1984,2782
11,16075,16196,169,2073,1981,2660
11,16075,16196,170,2063,1984,2572
11,16075,16196,171,2054,1984,2442
11,16075,16196,172,2030,1982,2342
11,16075,16196,173,2020,1983,2220
11,16075,16196,174,2003,1983,2090
11,16075,16196,175,1975,1980,1953
11,16075,16196,176,1963,1982,1817
11,16075,16196,177,1947,1982,1678
11,16075,16196,178,1927,1980,1589
11,16075,16196,179,1916,1981,1452
11,16075,16196,180,1897,1980,1312
11,16075,16196,181,1875,1979,1161
11,16075,16196,182,1860,1979,1026
11,16075,16196,183,1841,1980,886
11,16075,16196,184,1820,1977,733
11,16075,16196,185,1814,1977,612
11,16075,16196,186,1794,1976,487
11,16075,16196,187,1773,1974,326
11,16075,16196,188,1764,1973,211
11,16075,16196,189,1762,1975,228
11,16075,16196,190,1759,1975,241
11,16075,16196,191,1764,1974,257
11,16075,16196,192,1766,1975,269
11,16075,16196,193,1766,1975,285
11,16075,16196,194,1769,1975,295
11,16075,16196,195,1770,1974,312
11,16075,16196,196,1769,1976,327
11,16075,16196,197,1773,1976,346
11,16075,16196,198,1776,1974,359
11,16075,16196,199,1774,1976,366
11,16075,16196,200,1778,1977,381
11,16075,16196,201,1780,1974,393
11,16075,16196,202,1779,1977,412
11,16075,16196,203,1782,1978,425
11,16075,16196,204,1784,1974,443
11,16075,16196,205,1785,1977,456
11,16075,16196,206,1788,1979,470
11,16075,16196,207,1789,1974,484
11,16075,16196,208,1790,1978,497
11,16075,16196,209,1791,1980,515
11,16075,16196,210,1793,1974,527
11,16075,16196,211,1795,1978,546
11,16075,16196,212,1796,1980,548
11,16075,16196,213,1797,1974,567
11,16075,16196,214,1801,1979,587
11,16075,16196,215,1802,1980,594
11,16075,16196,216,1801,1975,613
11,16075,16196,217,1805,1979,627
11,16075,16196,218,1808,1980,639
11,16075,16196,219,1806,1975,653
11,16075,16196,220,1811,1980,668
11,16075,16196,221,1813,1981,681
11,16075,16196,222,1809,1976,701
11,16075,16196,223,1816,1980,710
11,16075,16196,224,1819,1981,726
11,16075,16196,225,1815,1976,737
11,16075,16196,226,1821,1981,753
11,16075,16196,227,1824,1981,767
11,16075,16196,228,1819,1976,771
11,16075,16196,229,1827,1980,794
11,16075,16196,230,1829,1981,810
11,16075,16196,231,1824,1976,824
11,16075,16196,232,1832,1980,824
11,16075,16196,233,1835,1981,853
11,16075,16196,234,1829,1977,871
11,16075,16196,235,1838,1981,879
11,16075,16196,236,1839,1981,895
11,16075,16196,237,1834,1978,909
11,16075,16196,238,1842,1981,927
11,16075,16196,239,1845,1981,940
11,16075,16196,240,1839,1978,951
11,16075,16196,241,1848,1981,965
11,16075,16196,242,1850,1981,981
11,16075,16196,243,1844,1978,993
11,16075,16196,244,1852,1981,1008
11,16075,16196,245,1855,1981,1022
11,16075,16196,246,1849,1978,1037
11,16075,16196,247,1858,1981,1049
11,16075,16196,248,1860,1981,1066
11,16075,16196,249,1856,1979,1077
11,16075,16196,250,1863,1981,1093
11,16075,16196,251,1865,1981,1106
11,16075,16196,252,1860,1980,1122
11,16075,16196,253,1868,1981,1139
11,16075,16196,254,1871,1982,1152
11,16075,16196,255,1866,1980,1165
11,16075,16196,256,1874,1981,1179
11,16075,16196,257,1874,1981,1194
11,16075,16196,258,1871,1981,1203
11,16075,16196,259,1878,1981,1222
11,16075,16196,260,1881,1981,1236
11,16075,16196,261,1877,1981,1248
11,16075,16196,262,1884,1980,1263
11,16075,16196,263,1886,1981,1280
11,16075,16196,264,1883,1981,1281
11,16075,16196,265,1888,1981,1305
11,16075,16196,266,1891,1981,1317
11,16075,16196,267,1887,1981,1319
11,16075,16196,268,1890,1981,1307
11,16075,16196,269,1888,1980,1293
11,16075,16196,270,1883,1981,1283
11,16075,16196,271,1883,1981,1261
11,16075,16196,272,1882,1980,1251
11,16075,16196,273,1878,1982,1238
11,16075,16196,274,1878,1982,1220
11,16075,16196,275,1875,1979,1210
11,16075,16196,276,1873,1982,1192
11,16075,16196,277,1871,1982,1179
11,16075,16196,278,1870,1978,1166
11,16075,16196,279,1868,1981,1151
11,16075,16196,280,1866,1982,1140
11,16075,16196,281,1865,1977,1123
11,16075,16196,282,1863,1981,1111
11,16075,16196,283,1860,1982,1093
11,16075,16196,284,1859,1977,1079
11,16075,16196,285,1858,1981,1062
11,16075,16196,286,1857,1982,1049
11,16075,16196,287,1853,1977,1038
11,16075,16196,288,1853,1981,1021
11,16075,16196,289,1850,1983,1007
11,16075,16196,290,1847,1977,995
11,16075,16196,291,1848,1981,978
11,16075,16196,292,1847,1982,966
11,16075,16196,293,1840,1977,953
11,16075,16196,294,1843,1980,940
11,16075,16196,295,1842,1982,923
11,16075,16196,296,1834,1977,911
11,16075,16196,297,1839,1981,894
11,16075,16196,298,1838,1981,879
11,16075,16196,299,1829,1976,890
11,16075,16196,300,1834,1981,853
11,16075,16196,301,1833,1981,838
11,16075,16196,302,1824,1976,823
11,16075,16196,303,1828,1981,808
11,16075,16196,304,1827,1981,795
11,16075,16196,305,1818,1976,781
11,16075,16196,306,1824,1980,745
11,16075,16196,307,1821,1980,748
11,16075,16196,308,1814,1976,739
11,16075,16196,309,1818,1980,723
11,16075,16196,310,1817,1980,706
11,16075,16196,311,1808,1976,697
11,16075,16196,312,1814,1979,681
11,16075,16196,313,1812,1980,668
11,16075,16196,314,1803,1975,655
11,16075,16196,315,1809,1979,640
11,16075,16196,316,1808,1979,624
11,16075,16196,317,1800,1977,610
11,16075,16196,318,1804,1978,595
11,16075,16196,319,1802,1979,579
11,16075,16196,320,1794,1976,565
11,16075,16196,321,1799,1978,553
11,16075,16196,322,1798,1978,543
11,16075,16196,323,1789,1976,518
11,16075,16196,324,1794,1977,511
11,16075,16196,325,1793,1978,496
11,16075,16196,326,1785,1976,482
11,16075,16196,327,1789,1976,469
11,16075,16196,328,1788,1977,458
11,16075,16196,329,1780,1976,442
11,16075,16196,330,1784,1976,427
11,16075,16196,331,1783,1976,414
11,16075,16196,332,1775,1975,396
11,16075,16196,333,1780,1975,387
11,16075,16196,334,1778,1976,369
11,16075,16196,335,1771,1975,354
11,16075,16196,336,1774,1975,338
11,16075,16196,337,1773,1975,329
11,16075,16196,338,1767,1975,314
11,16075,16196,339,1769,1975,298
11,16075,16196,340,1768,1975,285
11,16075,16196,341,1762,1975,271
11,16075,16196,342,1763,1974,254
11,16075,16196,343,1764,1974,243
11,16075,16196,344,1758,1974,227
11,16075,16196,345,1759,1974,214
11,16075,16196,346,1758,1972,202
11,16075,16196,347,1754,1973,185
11,16075,16196,348,1754,1973,166
11,16075,16196,349,1753,1971,181
11,16075,16196,350,1762,1975,269
11,16075,16196,351,1772,1977,370
11,16075,16196,352,1787,1974,470
11,16075,16196,353,1798,1980,605
11,16075,16196,354,1812,1981,738
11,16075,16196,355,1831,1978,871
12,16250,16370,0,1991,2025,1211
12,16250,16370,1,1884,1985,1318
12,16250,16370,2,1895,1979,1425
12,16250,16370,3,1918,1984,1548
12,16250,16370,4,1933,1984,1666
12,16250,16370,5,1939,1979,1769
12,16250,16370,6,1963,1984,1891
12,16250,16370,7,1979,1985,2019
12,16250,16370,8,1990,1981,2125
12,16250,16370,9,2012,1985,2244
12,16250,16370,10,2031,1985,2370
12,16250,16370,11,2039,1981,2505
12,16250,16370,12,2066,1985,2620
12,16250,16370,13,2081,1986,2765
12,16250,16370,14,2090,1982,2864
12,16250,16370,15,2115,1987,2996
12,16250,16370,16,2136,1987,3136
12,16250,16370,17,2144,1984,3270
12,16250,16370,18,2171,1987,3407
12,16250,16370,19,2187,1987,3500
12,16250,16370,20,2181,1983,3487
12,16250,16370,21,2186,1986,3482
12,16250,16370,22,2186,1986,3473
12,16250,16370,23,2180,1984,3477
12,16250,16370,24,2185,1986,3467
12,16250,16370,25,2183,1986,3456
12,16250,16370,26,2174,1983,3433
12,16250,16370,27,2179,1986,3425
12,16250,16370,28,2177,1986,3412
12,16250,16370,29,2168,1985,3386
12,16250,16370,30,2172,1985,3382
12,16250,16370,31,2172,1986,3369
12,16250,16370,32,2163,1985,3355
12,16250,16370,33,2167,1985,3339
12,16250,16370,34,2165,1985,3322
12,16250,16370,35,2158,1985,3310
12,16250,16370,36,2161,1985,3295
12,16250,16370,37,2159,1985,3278
12,16250,16370,38,2153,1985,3264
12,16250,16370,39,2155,1985,3253
12,16250,16370,40,2152,1985,3247
12,16250,16370,41,2147,1985,3227
12,16250,16370,42,2147,1985,3205
12,16250,16370,43,2147,1985,3198
12,16250,16370,44,2141,1985,3180
12,16250,16370,45,2142,1985,3166
12,16250,16370,46,2141,1984,3154
12,16250,16370,47,2135,1985,3136
12,16250,16370,48,2135,1985,3124
12,16250,16370,49,2134,1984,3111
12,16250,16370,50,2130,1986,3100
12,16250,16370,51,2130,1986,3082
12,16250,16370,52,2129,1983,3067
12,16250,16370,53,2125,1985,3052
12,16250,16370,54,2126,1986,3036
12,16250,16370,55,2124,1982,3029
12,16250,16370,56,2119,1985,3013
12,16250,16370,57,2118,1987,2997
12,16250,16370,58,2116,1982,2983
12,16250,16370,59,2113,1986,2972
12,16250,16370,60,2111,1987,2955
12,16250,16370,61,2111,1982,2942
12,16250,16370,62,2109,1985,2927
12,16250,16370,63,2105,1987,2913
12,16250,16370,64,2103,1981,2899
12,16250,16370,65,2102,1986,2883
12,16250,16370,66,2100,1987,2872
12,16250,16370,67,2097,1981,2853
12,16250,16370,68,2097,1985,2841
12,16250,16370,69,2096,1987,2826
12,16250,16370,70,2090,1981,2814
12,16250,16370,71,2092,1986,2799
12,16250,16370,72,2091,1987,2782
12,16250,16370,73,2083,1981,2772
12,16250,16370,74,2087,1985,2753
12,16250,16370,75,2084,1986,2743
12,16250,16370,76,2079,1981,2725
12,16250,16370,77,2081,1985,2714
12,16250,16370,78,2080,1986,2700
12,16250,16370,79,2070,1981,2682
12,16250,16370,80,2075,1985,2669
12,16250,16370,81,2073,1985,2658
12,16250,16370,82,2064,1981,2642
12,16250,16370,83,2070,1985,2632
12,16250,16370,84,2068,1985,2613
12,16250,16370,85,2059,1981,2601
12,16250,16370,86,2064,1985,2583
12,16250,16370,87,2062,1985,2572
12,16250,16370,88,2053,1981,2554
12,16250,16370,89,2060,1985,2570
12,16250,16370,90,2062,1985,2572
12,16250,16370,91,2057,1982,2584
12,16250,16370,92,2066,1985,2601
12,16250,16370,93,2068,1985,2619
12,16250,16370,94,2063,1982,2625
12,16250,16370,95,2071,1985,2641
12,16250,16370,96,2074,1985,2653
12,16250,16370,97,2067,1983,2671
12,16250,16370,98,2077,1984,2684
12,16250,16370,99,2079,1985,2709
12,16250,16370,100,2074,1983,2713
12,16250,16370,101,2083,1984,2731
12,16250,16370,102,2085,1985,2744
12,16250,16370,103,2079,1983,2742
12,16250,16370,104,2089,1985,2771
12,16250,16370,105,2091,1986,2789
12,16250,16370,106,2085,1984,2798
12,16250,16370,107,2095,1985,2813
12,16250,16370,108,2097,1985,2827
12,16250,16370,109,2093,1985,2842
12,16250,16370,110,2100,1984,2852
12,16250,16370,111,2104,1985,2869
12,16250,16370,112,2099,1985,2882
12,16250,16370,113,2105,1984,2897
12,16250,16370,114,2108,1985,2914
12,16250,16370,115,2105,1985,2928
12,16250,16370,116,2110,1985,2938
12,16250,16370,117,2113,1985,2954
12,16250,16370,118,2111,1985,2968
12,16250,16370,119,2117,1984,2981
12,16250,16370,120,2120,1984,2999
12,16250,16370,121,2118,1985,3011
12,16250,16370,122,2122,1985,3024
12,16250,16370,123,2125,1984,3044
12,16250,16370,124,2123,1985,3055
12,16250,16370,125,2127,1985,3067
12,16250,16370,126,2130,1984,3085
12,16250,16370,127,2130,1985,3091
12,16250,16370,128,2133,1986,3108
12,16250,16370,129,2136,1983,3125
12,16250,16370,130,2136,1986,3137
12,16250,16370,131,2140,1987,3153
12,16250,16370,132,2142,1982,3170
12,16250,16370,133,2143,1986,3185
12,16250,16370,134,2146,1988,3199
12,16250,16370,135,2146,1982,3211
12,16250,16370,136,2149,1986,3226
12,16250,16370,137,2150,1988,3240
12,16250,16370,138,2153,1983,3254
12,16250,16370,139,2155,1987,3267
12,16250,16370,140,2156,1988,3282
12,16250,16370,141,2158,1982,3299
12,16250,16370,142,2162,1987,3312
12,16250,16370,143,2165,1988,3323
12,16250,16370,144,2163,1982,3339
12,16250,16370,145,2168,1987,3354
12,16250,16370,146,2170,1988,3368
12,16250,16370,147,2168,1982,3379
12,16250,16370,148,2174,1987,3398
12,16250,16370,149,2177,1988,3402
12,16250,16370,150,2174,1982,3427
12,16250,16370,151,2181,1987,3437
12,16250,16370,152,2183,1987,3451
12,16250,16370,153,2179,1982,3471
12,16250,16370,154,2186,1987,3478
12,16250,16370,155,2187,1987,3472
12,16250,16370,156,2180,1983,3472
12,16250,16370,157,2188,1987,3485
12,16250,16370,158,2190,1987,3497
12,16250,16370,159,2185,1983,3510
12,16250,16370,160,2193,1987,3517
12,16250,16370,161,2193,1987,3512
12,16250,16370,162,2183,1983,3463
12,16250,16370,163,2179,1986,3383
12,16250,16370,164,2165,1986,3280
12,16250,16370,165,2153,1981,3175
12,16250,16370,166,2133,1985,3058
12,16250,16370,167,2120,1985,2935
12,16250,16370,168,2092,1981,2797
12,16250,16370,169,2081,1984,2664
12,16250,16370,170,2066,1985,2549
12,16250,16370,171,2038,1981,2406
12,16250,16370,172,2029,1983,2259
12,16250,16370,173,2003,1982,2096
12,16250,16370,174,1974,1979,1928
12,16250,16370,175,1959,1981,1844
12,16250,16370,176,1940,1982,1626
12,16250,16370,177,1913,1980,1482
12,16250,16370,178,1908,1981,1404
12,16250,16370,179,1893,1981,1294
12,16250,16370,180,1868,1979,1156
12,16250,16370,181,1859,1980,996
12,16250,16370,182,1844,1980,903
12,16250,16370,183,1824,1978,768
12,16250,16370,184,1814,1978,645
12,16250,16370,185,1802,1977,530
12,16250,16370,186,1780,1975,394
12,16250,16370,187,1771,1974,261
12,16250,16370,188,1760,1974,203
12,16250,16370,189,1757,1974,227
12,16250,16370,190,1762,1974,235
12,16250,16370,191,1765,1975,260
12,16250,16370,192,1762,1975,276
12,16250,16370,193,1767,1975,290
12,16250,16370,194,1769,1974,299
12,16250,16370,195,1767,1976,315
12,16250,16370,196,1772,1976,324
12,16250,16370,197,1774,1975,345
12,16250,16370,198,1773,1976,356
12,16250,16370,199,1777,1977,366
12,16250,16370,200,1779,1975,385
12,16250,16370,201,1777,1977,397
12,16250,16370,202,1781,1977,414
12,16250,16370,203,1783,1975,426
12,16250,16370,204,1783,1977,440
12,16250,16370,205,1785,1978,452
12,16250,16370,206,1788,1974,470
12,16250,16370,207,1789,1977,480
12,16250,16370,208,1791,1979,496
12,16250,16370,209,1792,1974,517
12,16250,16370,210,1795,1979,528
12,16250,16370,211,1795,1979,539
12,16250,16370,212,1797,1974,553
12,16250,16370,213,1798,1979,568
12,16250,16370,214,1800,1980,581
12,16250,16370,215,1800,1974,600
12,16250,16370,216,1804,1979,614
12,16250,16370,217,1805,1980,629
12,16250,16370,218,1805,1975,635
12,16250,16370,219,1809,1979,652
12,16250,16370,220,1811,1981,667
12,16250,16370,221,1809,1975,690
12,16250,16370,222,1814,1979,695
12,16250,16370,223,1817,1980,712
12,16250,16370,224,1813,1975,726
12,16250,16370,225,1819,1980,738
12,16250,16370,226,1821,1980,751
12,16250,16370,227,1817,1976,764
12,16250,16370,228,1824,1980,778
12,16250,16370,229,1827,1981,797
12,16250,16370,230,1822,1977,1850
12,16250,16370,231,1990,1993,1316
12,16250,16370,232,1827,1972,835
12,16250,16370,233,1828,1976,854
12,16250,16370,234,1835,1981,866
12,16250,16370,235,1838,1981,881
12,16250,16370,236,1831,1977,899
12,16250,16370,237,1841,1981,906
12,16250,16370,238,1842,1981,924
12,16250,16370,239,1837,1978,1864
12,16250,16370,240,1846,1981,949
12,16250,16370,241,1848,1981,966
12,16250,16370,242,1842,1978,979
12,16250,16370,243,1850,1981,994
12,16250,16370,244,1851,1981,1005
12,16250,16370,245,1848,1978,1018
12,16250,16370,246,1857,1982,1036
12,16250,16370,247,1857,1982,1051
12,16250,16370,248,1852,1979,1065
12,16250,16370,249,1862,1981,1076
12,16250,16370,250,1863,1982,1094
12,16250,16370,251,1858,1980,1106
12,16250,16370,252,1867,1981,1121
12,16250,16370,253,1869,1981,1132
12,16250,16370,254,1863,1980,1148
12,16250,16370,255,1871,1981,1158
12,16250,16370,256,1874,1981,1180
12,16250,16370,257,1870,1980,1193
12,16250,16370,258,1877,1981,1210
12,16250,16370,259,1878,1981,1223
12,16250,16370,260,1876,1981,1239
12,16250,16370,261,1882,1981,1247
12,16250,16370,262,1884,1981,1265
12,16250,16370,263,1881,1981,1280
12,16250,16370,264,1885,1981,1288
12,16250,16370,265,1889,1981,1309
12,16250,16370,266,1887,1981,1324
12,16250,16370,267,1891,1981,1319
12,16250,16370,268,1890,1981,1308
12,16250,16370,269,1883,1981,1292
12,16250,16370,270,1885,1981,1280
12,16250,16370,271,1883,1979,1260
12,16250,16370,272,1879,1981,1251
12,16250,16370,273,1879,1980,1235
12,16250,16370,274,1878,1979,1224
12,16250,16370,275,1874,1981,1215
12,16250,16370,276,1874,1981,1190
12,16250,16370,277,1873,1978,1178
12,16250,16370,278,1869,1981,1167
12,16250,16370,279,1868,1982,1150
12,16250,16370,280,1866,1978,1137
12,16250,16370,281,1864,1982,1116
12,16250,16370,282,1863,1982,1105
12,16250,16370,283,1861,1977,1093
12,16250,16370,284,1858,1981,1080
12,16250,16370,285,1857,1982,1062
12,16250,16370,286,1856,1977,1051
12,16250,16370,287,1854,1981,1038
12,16250,16370,288,1852,1983,1025
12,16250,16370,289,1849,1977,1008
12,16250,16370,290,1849,1981,994
12,16250,16370,291,1847,1982,979
12,16250,16370,292,1844,1977,967
12,16250,16370,293,1844,1981,952
12,16250,16370,294,1843,1982,933
12,16250,16370,295,1837,1977,922
12,16250,16370,296,1839,1981,911
12,16250,16370,297,1839,1982,894
12,16250,16370,298,1832,1977,878
12,16250,16370,299,1835,1981,866
12,16250,16370,300,1833,1981,852
12,16250,16370,301,1826,1977,836
12,16250,16370,302,1830,1981,821
12,16250,16370,303,1830,1981,809
12,16250,16370,304,1822,1976,797
12,16250,16370,305,1825,1980,781
12,16250,16370,306,1825,1980,768
12,16250,16370,307,1815,1976,742
12,16250,16370,308,1820,1980,740
12,16250,16370,309,1819,1980,726
12,16250,16370,310,1810,1976,711
12,16250,16370,311,1816,1979,694
12,16250,16370,312,1814,1979,683
12,16250,16370,313,1805,1976,670
12,16250,16370,314,1810,1980,663
12,16250,16370,315,1809,1978,638
12,16250,16370,316,1800,1975,625
12,16250,16370,317,1806,1979,611
12,16250,16370,318,1804,1979,599
12,16250,16370,319,1795,1975,585
12,16250,16370,320,1800,1978,577
12,16250,16370,321,1799,1978,554
12,16250,16370,322,1791,1975,537
12,16250,16370,323,1796,1977,526
12,16250,16370,324,1794,1978,511
12,16250,16370,325,1785,1975,495
12,16250,16370,326,1790,1977,481
12,16250,16370,327,1788,1977,472
12,16250,16370,328,1781,1975,454
12,16250,16370,329,1786,1977,445
12,16250,16370,330,1784,1976,427
12,16250,16370,331,1776,1976,414
12,16250,16370,332,1782,1977,399
12,16250,16370,333,1780,1976,385
12,16250,16370,334,1772,1975,369
12,16250,16370,335,1777,1976,355
12,16250,16370,336,1775,1976,343
12,16250,16370,337,1768,1975,324
12,16250,16370,338,1771,1975,315
12,16250,16370,339,1770,1975,301
12,16250,16370,340,1763,1975,285
12,16250,16370,341,1767,1974,273
12,16250,16370,342,1765,1974,255
12,16250,16370,343,1759,1974,244
12,16250,16370,344,1761,1974,229
12,16250,16370,345,1760,1974,214
12,16250,16370,346,1755,1974,200
12,16250,16370,347,1756,1974,186
12,16250,16370,348,1764,1974,255
12,16250,16370,349,1769,1976,322
12,16250,16370,350,1779,1977,411
12,16250,16370,351,1790,1975,521
12,16250,16370,352,1800,1979,629
12,16250,16370,353,1817,1980,745
12,16250,16370,354,1828,1977,844
12,16250,16370,355,1837,1981,956
13,16424,16545,0,1997,2024,1228
13,16424,16545,1,1875,1982,1261
13,16424,16545,2,1894,1982,1359
13,16424,16545,3,1906,1982,1421
13,16424,16545,4,1906,1981,1500
13,16424,16545,5,1925,1982,1575
13,16424,16545,6,1937,1983,1693
13,16424,16545,7,1946,1983,1813
13,16424,16545,8,1969,1983,1944
13,16424,16545,9,1986,1984,2067
13,16424,16545,10,1999,1984,2214
13,16424,16545,11,2024,1984,2362
13,16424,16545,12,2045,1984,2490
13,16424,16545,13,2058,1985,2630
13,16424,16545,14,2082,1985,2793
13,16424,16545,15,2105,1984,2938
13,16424,16545,16,2121,1986,3088
13,16424,16545,17,2145,1987,3240
13,16424,16545,18,2166,1984,3371
13,16424,16545,19,2182,1987,3486
13,16424,16545,20,2187,1986,3484
13,16424,16545,21,2185,1983,3471
13,16424,16545,22,2183,1986,3473
13,16424,16545,23,2185,1987,3477
13,16424,16545,24,2184,1983,3458
13,16424,16545,25,2180,1986,3458
13,16424,16545,26,2179,1988,3438
13,16424,16545,27,2177,1983,3424
13,16424,16545,28,2176,1987,3407
13,16424,16545,29,2173,1988,3395
13,16424,16545,30,2171,1982,3383
13,16424,16545,31,2169,1986,3368
13,16424,16545,32,2167,1988,3351
13,16424,16545,33,2164,1982,3337
13,16424,16545,34,2165,1986,3325
13,16424,16545,35,2162,1987,3311
13,16424,16545,36,2157,1982,3296
13,16424,16545,37,2158,1986,3281
13,16424,16545,38,2156,1987,3272
13,16424,16545,39,2150,1982,3255
13,16424,16545,40,2152,1986,3240
13,16424,16545,41,2151,1987,3227
13,16424,16545,42,2143,1982,3214
13,16424,16545,43,2147,1986,3199
13,16424,16545,44,2145,1987,3182
13,16424,16545,45,2137,1982,3175
13,16424,16545,46,2141,1986,3154
13,16424,16545,47,2140,1986,3138
13,16424,16545,48,2132,1982,3122
13,16424,16545,49,2136,1986,3108
13,16424,16545,50,2135,1987,3098
13,16424,16545,51,2126,1982,3077
13,16424,16545,52,2129,1986,3067
13,16424,16545,53,2128,1986,3051
13,16424,16545,54,2119,1981,3040
13,16424,16545,55,2124,1986,3026
13,16424,16545,56,2122,1986,3011
13,16424,16545,57,2113,1982,2992
13,16424,16545,58,2118,1986,2982
13,16424,16545,59,2116,1986,2970
13,16424,16545,60,2106,1982,2953
13,16424,16545,61,2112,1985,2952
13,16424,16545,62,2110,1985,2924
13,16424,16545,63,2102,1982,2912
13,16424,16545,64,2106,1985,2898
13,16424,16545,65,2105,1985,2884
13,16424,16545,66,2095,1982,2867
13,16424,16545,67,2100,1985,2852
13,16424,16545,68,2098,1985,2843
13,16424,16545,69,2090,1983,2831
13,16424,16545,70,2095,1984,2812
13,16424,16545,71,2093,1985,2797
13,16424,16545,72,2083,1983,2785
13,16424,16545,73,2089,1984,2771
13,16424,16545,74,2085,1984,2758
13,16424,16545,75,2078,1983,2742
13,16424,16545,76,2083,1984,2725
13,16424,16545,77,2081,1985,2712
13,16424,16545,78,2073,1984,2700
13,16424,16545,79,2077,1984,2684
13,16424,16545,80,2075,1984,2668
13,16424,16545,81,2067,1984,2653
13,16424,16545,82,2070,1984,2637
13,16424,16545,83,2069,1984,2620
13,16424,16545,84,2063,1984,2613
13,16424,16545,85,2064,1983,2599
13,16424,16545,86,2063,1984,2589
13,16424,16545,87,2056,1984,2570
13,16424,16545,88,2058,1984,2555
13,16424,16545,89,2059,1983,2560
13,16424,16545,90,2058,1984,2575
13,16424,16545,91,2062,1984,2583
13,16424,16545,92,2064,1982,2604
13,16424,16545,93,2064,1985,2615
13,16424,16545,94,2067,1985,2622
13,16424,16545,95,2069,1982,2644
13,16424,16545,96,2070,1985,2655
13,16424,16545,97,2073,1986,2669
13,16424,16545,98,2075,1981,2687
13,16424,16545,99,2076,1985,2698
13,16424,16545,100,2081,1986,2713
13,16424,16545,101,2080,1981,2728
13,16424,16545,102,2082,1985,2738
13,16424,16545,103,2084,1987,2759
13,16424,16545,104,2086,1981,2772
13,16424,16545,105,2088,1985,2784
13,16424,16545,106,2090,1987,2795
13,16424,16545,107,2091,1981,2815
13,16424,16545,108,2095,1985,2825
13,16424,16545,109,2096,1987,2844
13,16424,16545,110,2096,1981,2854
13,16424,16545,111,2101,1986,2867
13,16424,16545,112,2104,1987,2884
13,16424,16545,113,2102,1981,2899
13,16424,16545,114,2107,1986,2906
13,16424,16545,115,2109,1987,2925
13,16424,16545,116,2107,1981,2940
13,16424,16545,117,2113,1986,2956
13,16424,16545,118,2116,1987,2969
13,16424,16545,119,2111,1982,2981
13,16424,16545,120,2120,1986,2997
13,16424,16545,121,2123,1986,3012
13,16424,16545,122,2118,1982,3023
13,16424,16545,123,2127,1986,3039
13,16424,16545,124,2128,1986,3052
13,16424,16545,125,2123,1982,3067
13,16424,16545,126,2133,1986,3083
13,16424,16545,127,2134,1986,3098
13,16424,16545,128,2129,1982,3111
13,16424,16545,129,2138,1986,3128
13,16424,16545,130,2141,1986,3139
13,16424,16545,131,2134,1982,3153
13,16424,16545,132,2143,1986,3170
13,16424,16545,133,2145,1986,3183
13,16424,16545,134,2139,1983,3193
13,16424,16545,135,2150,1986,3210
13,16424,16545,136,2151,1986,3226
13,16424,16545,137,2146,1983,3236
13,16424,16545,138,2155,1985,3252
13,16424,16545,139,2157,1986,3266
13,16424,16545,140,2153,1984,3280
13,16424,16545,141,2162,1986,3296
13,16424,16545,142,2164,1986,3331
13,16424,16545,143,2158,1984,3322
13,16424,16545,144,2168,1986,3338
13,16424,16545,145,2169,1986,3351
13,16424,16545,146,2165,1984,3364
13,16424,16545,147,2173,1985,3383
13,16424,16545,148,2175,1986,3393
13,16424,16545,149,2170,1985,3409
13,16424,16545,150,2179,1985,3428
13,16424,16545,151,2181,1986,3436
13,16424,16545,152,2177,1985,3451
13,16424,16545,153,2185,1985,3467
13,16424,16545,154,2187,1986,3476
13,16424,16545,155,2181,1985,3472
13,16424,16545,156,2184,1986,3471
13,16424,16545,157,2187,1986,3490
13,16424,16545,158,2184,1986,3497
13,16424,16545,159,2191,1986,3511
13,16424,16545,160,2192,1986,3516
13,16424,16545,161,2187,1986,3513
13,16424,16545,162,2185,1985,3464
13,16424,16545,163,2173,1984,3362
13,16424,16545,164,2158,1985,3266
13,16424,16545,165,2144,1984,3155
13,16424,16545,166,2133,1982,3022
13,16424,16545,167,2111,1984,2923
13,16424,16545,168,2097,1984,2803
13,16424,16545,169,2079,1981,2663
13,16424,16545,170,2059,1983,2533
13,16424,16545,171,2044,1984,2390
13,16424,16545,172,2024,1980,2265
13,16424,16545,173,2003,1983,2129
13,16424,16545,174,1988,1983,2009
13,16424,16545,175,1973,1979,1912
13,16424,16545,176,1959,1982,1797
13,16424,16545,177,1941,1984,1674
13,16424,16545,178,1936,1978,1598
13,16424,16545,179,1916,1981,1485
13,16424,16545,180,1899,1983,1367
13,16424,16545,181,1881,1977,1222
13,16424,16545,182,1862,1981,1073
13,16424,16545,183,1847,1981,928
13,16424,16545,184,1828,1975,780
13,16424,16545,185,1814,1978,622
13,16424,16545,186,1795,1979,481
13,16424,16545,187,1775,1972,331
13,16424,16545,188,1764,1975,211
13,16424,16545,189,1762,1977,227
13,16424,16545,190,1758,1971,247
13,16424,16545,191,1764,1976,253
13,16424,16545,192,1767,1976,269
13,16424,16545,193,1763,1971,284
13,16424,16545,194,1769,1976,299
13,16424,16545,195,1773,1977,311
13,16424,16545,196,1766,1972,330
13,16424,16545,197,1775,1977,340
13,16424,16545,198,1777,1977,355
13,16424,16545,199,1771,1972,370
13,16424,16545,200,1780,1977,386
13,16424,16545,201,1782,1977,400
13,16424,16545,202,1776,1973,413
13,16424,16545,203,1784,1977,423
13,16424,16545,204,1786,1978,440
13,16424,16545,205,1781,1974,453
13,16424,16545,206,1789,1977,467
13,16424,16545,207,1791,1978,482
13,16424,16545,208,1785,1974,496
13,16424,16545,209,1794,1978,508
13,16424,16545,210,1796,1978,524
13,16424,16545,211,1790,1975,539
13,16424,16545,212,1799,1979,553
13,16424,16545,213,1801,1979,567
13,16424,16545,214,1795,1976,581
13,16424,16545,215,1805,1979,597
13,16424,16545,216,1806,1979,617
13,16424,16545,217,1799,1976,625
13,16424,16545,218,1809,1979,641
13,16424,16545,219,1810,1979,654
13,16424,16545,220,1805,1977,663
13,16424,16545,221,1814,1979,680
13,16424,16545,222,1815,1979,698
13,16424,16545,223,1810,1978,710
13,16424,16545,224,1819,1979,724
13,16424,16545,225,1820,1980,737
13,16424,16545,226,1816,1979,754
13,16424,16545,227,1822,1979,778
13,16424,16545,228,1825,1979,783
13,16424,16545,229,1821,1979,795
13,16424,16545,230,1828,1979,811
13,16424,16545,231,1830,1980,825
13,16424,16545,232,1826,1979,836
13,16424,16545,233,1831,1979,850
13,16424,16545,234,1835,1980,875
13,16424,16545,235,1833,1980,880
13,16424,16545,236,1836,1979,897
13,16424,16545,237,1841,1980,910
13,16424,16545,238,1837,1980,922
13,16424,16545,239,1842,1980,933
13,16424,16545,240,1845,1979,955
13,16424,16545,241,1843,1980,962
13,16424,16545,242,1848,1981,978
13,16424,16545,243,1850,1979,995
13,16424,16545,244,1849,1981,1006
13,16424,16545,245,1853,1981,1023
13,16424,16545,246,1854,1978,1035
13,16424,16545,247,1855,1981,1048
13,16424,16545,248,1857,1981,1053
13,16424,16545,249,1859,1978,1080
13,16424,16545,250,1861,1981,1093
13,16424,16545,251,1862,1983,1106
13,16424,16545,252,1864,1977,1120
13,16424,16545,253,1866,1982,1133
13,16424,16545,254,1866,1983,1150
13,16424,16545,255,1870,1977,1163
13,16424,16545,256,1872,1982,1177
13,16424,16545,257,1873,1983,1195
13,16424,16545,258,1874,1978,1212
13,16424,16545,259,1878,1982,1221
13,16424,16545,260,1880,1983,1241
13,16424,16545,261,1878,1978,1263
13,16424,16545,262,1884,1982,1263
13,16424,16545,263,1886,1983,1276
13,16424,16545,264,1884,1978,1294
13,16424,16545,265,1889,1982,1304
13,16424,16545,266,1892,1983,1321
13,16424,16545,267,1886,1978,1318
13,16424,16545,268,1890,1982,1305
13,16424,16545,269,1888,1983,1293
13,16424,16545,270,1880,1978,1276
13,16424,16545,271,1884,1982,1265
13,16424,16545,272,1883,1982,1253
13,16424,16545,273,1875,1978,1238
13,16424,16545,274,1879,1982,1212
13,16424,16545,275,1878,1982,1210
13,16424,16545,276,1869,1978,1195
13,16424,16545,277,1874,1982,1173
13,16424,16545,278,1873,1982,1162
13,16424,16545,279,1863,1978,1147
13,16424,16545,280,1868,1982,1135
13,16424,16545,281,1866,1982,1122
13,16424,16545,282,1858,1978,1104
13,16424,16545,283,1863,1981,1091
13,16424,16545,284,1861,1981,1080
13,16424,16545,285,1853,1978,1061
13,16424,16545,286,1858,1981,1050
13,16424,16545,287,1855,1981,1036
13,16424,16545,288,1848,1978,1023
13,16424,16545,289,1853,1981,1008
13,16424,16545,290,1851,1981,995
13,16424,16545,291,1843,1979,974
13,16424,16545,292,1848,1980,968
13,16424,16545,293,1846,1980,953
13,16424,16545,294,1837,1978,936
13,16424,16545,295,1843,1980,924
13,16424,16545,296,1841,1980,911
13,16424,16545,297,1832,1979,894
13,16424,16545,298,1836,1979,879
13,16424,16545,299,1835,1979,867
13,16424,16545,300,1831,1979,1855
13,16424,16545,301,1981,1982,836
13,16424,16545,302,1832,1980,826
13,16424,16545,303,1822,1979,805
13,16424,16545,304,1827,1979,795
13,16424,16545,305,1825,1980,779
13,16424,16545,306,1817,1979,765
13,16424,16545,307,1821,1979,751
13,16424,16545,308,1820,1978,739
13,16424,16545,309,1813,1979,727
13,16424,16545,310,1815,1978,712
13,16424,16545,311,1815,1979,696
13,16424,16545,312,1809,1979,682
13,16424,16545,313,1810,1978,668
13,16424,16545,314,1809,1977,656
13,16424,16545,315,1805,1979,634
13,16424,16545,316,1804,1978,624
13,16424,16545,317,1804,1976,611
13,16424,16545,318,1800,1978,596
13,16424,16545,319,1800,1979,580
13,16424,16545,320,1798,1975,570
13,16424,16545,321,1796,1978,552
13,16424,16545,322,1794,1979,536
13,16424,16545,323,1794,1975,526
13,16424,16545,324,1791,1978,512
13,16424,16545,325,1790,1979,497
13,16424,16545,326,1789,1974,482
13,16424,16545,327,1784,1978,470
13,16424,16545,328,1785,1979,455
13,16424,16545,329,1782,1973,442
13,16424,16545,330,1783,1977,425
13,16424,16545,331,1780,1979,413
13,16424,16545,332,1778,1973,397
13,16424,16545,333,1778,1977,383
13,16424,16545,334,1772,1978,373
13,16424,16545,335,1772,1972,357
13,16424,16545,336,1774,1976,341
13,16424,16545,337,1772,1977,322
13,16424,16545,338,1767,1972,314
13,16424,16545,339,1769,1976,300
13,16424,16545,340,1768,1977,284
13,16424,16545,341,1761,1971,270
13,16424,16545,342,1765,1976,256
13,16424,16545,343,1765,1976,241
13,16424,16545,344,1756,1971,226
13,16424,16545,345,1759,1975,216
13,16424,16545,346,1760,1975,198
13,16424,16545,347,1752,1970,184
13,16424,16545,348,1755,1974,172
13,16424,16545,349,1757,1975,179
13,16424,16545,350,1757,1971,256
13,16424,16545,351,1772,1977,341
13,16424,16545,352,1786,1978,455
13,16424,16545,353,1791,1976,581
13,16424,16545,354,1812,1980,687
13,16424,16545,355,1830,1982,816
14,16599,16720,0,1989,2023,1195
14,16599,16720,1,1878,1984,1266
14,16599,16720,2,1887,1985,1355
14,16599,16720,3,1907,1980,1487
14,16599,16720,4,1923,1984,1622
14,16599,16720,5,1942,1986,1740
14,16599,16720,6,1955,1980,1878
14,16599,16720,7,1974,1985,2002
14,16599,16720,8,1996,1986,2114
14,16599,16720,9,2007,1981,2254
14,16599,16720,10,2031,1986,2386
14,16599,16720,11,2049,1987,2521
14,16599,16720,12,2060,1981,2631
14,16599,16720,13,2095,1986,2779
14,16599,16720,14,2102,1987,2904
14,16599,16720,15,2111,1982,3012
14,16599,16720,16,2138,1987,3150
14,16599,16720,17,2155,1988,3295
14,16599,16720,18,2166,1983,3421
14,16599,16720,19,2187,1987,3497
14,16599,16720,20,2189,1987,3488
14,16599,16720,21,2180,1983,3472
14,16599,16720,22,2186,1986,3472
14,16599,16720,23,2187,1987,3477
14,16599,16720,24,2179,1983,3466
14,16599,16720,25,2183,1986,3450
14,16599,16720,26,2182,1987,3437
14,16599,16720,27,2172,1983,3425
14,16599,16720,28,2177,1986,3406
14,16599,16720,29,2175,1986,3397
14,16599,16720,30,2166,1984,3381
14,16599,16720,31,2171,1985,3366
14,16599,16720,32,2170,1986,3354
14,16599,16720,33,2161,1983,3339
14,16599,16720,34,2165,1987,3323
14,16599,16720,35,2163,1986,3307
14,16599,16720,36,2155,1984,3295
14,16599,16720,37,2160,1986,3282
14,16599,16720,38,2156,1986,3270
14,16599,16720,39,2149,1984,3253
14,16599,16720,40,2152,1985,3242
14,16599,16720,41,2152,1986,3226
14,16599,16720,42,2144,1985,3210
14,16599,16720,43,2146,1985,3193
14,16599,16720,44,2146,1985,3183
14,16599,16720,45,2137,1985,3165
14,16599,16720,46,2141,1985,3153
14,16599,16720,47,2141,1985,3143
14,16599,16720,48,2133,1985,3126
14,16599,16720,49,2135,1984,3110
14,16599,16720,50,2133,1985,3091
14,16599,16720,51,2127,1985,3083
14,16599,16720,52,2129,1985,3072
14,16599,16720,53,2128,1985,3055
14,16599,16720,54,2122,1985,3039
14,16599,16720,55,2122,1984,3023
14,16599,16720,56,2121,1984,3014
14,16599,16720,57,2116,1985,2996
14,16599,16720,58,2117,1984,2982
14,16599,16720,59,2115,1983,2967
14,16599,16720,60,2110,1985,2959
14,16599,16720,61,2110,1985,2942
14,16599,16720,62,2108,1982,2927
14,16599,16720,63,2106,1985,2913
14,16599,16720,64,2104,1986,2897
14,16599,16720,65,2103,1982,2885
14,16599,16720,66,2099,1985,2869
14,16599,16720,67,2098,1986,2854
14,16599,16720,68,2097,1981,2842
14,16599,16720,69,2094,1985,2830
14,16599,16720,70,2092,1986,2811
14,16599,16720,71,2091,1981,2798
14,16599,16720,72,2089,1986,2784
14,16599,16720,73,2086,1987,2771
14,16599,16720,74,2084,1981,2762
14,16599,16720,75,2083,1986,2741
14,16599,16720,76,2081,1986,2725
14,16599,16720,77,2077,1981,2712
14,16599,16720,78,2079,1985,2696
14,16599,16720,79,2075,1986,2683
14,16599,16720,80,2070,1981,2676
14,16599,16720,81,2072,1985,2668
14,16599,16720,82,2071,1985,2645
14,16599,16720,83,2065,1980,2627
14,16599,16720,84,2067,1985,2616
14,16599,16720,85,2065,1986,2600
14,16599,16720,86,2058,1981,2585
14,16599,16720,87,2062,1985,2570
14,16599,16720,88,2061,1986,2560
14,16599,16720,89,2053,1981,2557
14,16599,16720,90,2061,1985,2570
14,16599,16720,91,2065,1986,2588
14,16599,16720,92,2059,1981,2602
14,16599,16720,93,2067,1985,2617
14,16599,16720,94,2070,1985,2629
14,16599,16720,95,2065,1981,2641
14,16599,16720,96,2074,1985,2656
14,16599,16720,97,2074,1986,2673
14,16599,16720,98,2070,1981,2684
14,16599,16720,99,2079,1986,2700
14,16599,16720,100,2081,1986,2712
14,16599,16720,101,2077,1983,2728
14,16599,16720,102,2086,1985,2738
14,16599,16720,103,2087,1986,2756
14,16599,16720,104,2082,1982,2770
14,16599,16720,105,2090,1986,2779
14,16599,16720,106,2093,1985,2799
14,16599,16720,107,2089,1983,2814
14,16599,16720,108,2096,1985,2826
14,16599,16720,109,2098,1985,2836
14,16599,16720,110,2094,1983,2852
14,16599,16720,111,2103,1985,2869
14,16599,16720,112,2105,1986,2887
14,16599,16720,113,2100,1984,2895
14,16599,16720,114,2108,1985,2910
14,16599,16720,115,2110,1985,2927
14,16599,16720,116,2108,1984,2941
14,16599,16720,117,2115,1985,2956
14,16599,16720,118,2117,1985,2967
14,16599,16720,119,2112,1985,2983
14,16599,16720,120,2120,1985,2990
14,16599,16720,121,2122,1986,3014
14,16599,16720,122,2118,1985,3027
14,16599,16720,123,2124,1985,3044
14,16599,16720,124,2128,1985,3051
14,16599,16720,125,2125,1985,3067
14,16599,16720,126,2130,1984,3090
14,16599,16720,127,2133,1985,3098
14,16599,16720,128,2131,1985,3114
14,16599,16720,129,2137,1985,3123
14,16599,16720,130,2140,1985,3139
14,16599,16720,131,2137,1985,3152
14,16599,16720,132,2142,1985,3158
14,16599,16720,133,2145,1984,3183
14,16599,16720,134,2144,1986,3195
14,16599,16720,135,2148,1986,3209
14,16599,16720,136,2150,1984,3231
14,16599,16720,137,2150,1986,3238
14,16599,16720,138,2153,1987,3257
14,16599,16720,139,2156,1983,3270
14,16599,16720,140,2156,1986,3286
14,16599,16720,141,2160,1987,3295
14,16599,16720,142,2161,1983,3309
14,16599,16720,143,2162,1986,3330
14,16599,16720,144,2166,1988,3337
14,16599,16720,145,2168,1983,3355
14,16599,16720,146,2169,1987,3366
14,16599,16720,147,2171,1988,3381
14,16599,16720,148,2173,1982,3398
14,16599,16720,149,2175,1986,3409
14,16599,16720,150,2177,1988,3421
14,16599,16720,151,2176,1983,3438
14,16599,16720,152,2182,1987,3452
14,16599,16720,153,2184,1988,3462
14,16599,16720,154,2182,1982,3477
14,16599,16720,155,2185,1987,3473
14,16599,16720,156,2186,1988,3472
14,16599,16720,157,2183,1982,3489
14,16599,16720,158,2189,1987,3495
14,16599,16720,159,2191,1988,3510
14,16599,16720,160,2185,1983,3517
14,16599,16720,161,2192,1987,3518
14,16599,16720,162,2191,1987,3509
14,16599,16720,163,2171,1981,3390
14,16599,16720,164,2163,1986,3316
14,16599,16720,165,2153,1986,3173
14,16599,16720,166,2131,1981,3065
14,16599,16720,167,2118,1985,2933
14,16599,16720,168,2102,1985,2811
14,16599,16720,169,2076,1980,2687
14,16599,16720,170,2065,1984,2543
14,16599,16720,171,2048,1984,2418
14,16599,16720,172,2023,1979,2281
14,16599,16720,173,2009,1983,2141
14,16599,16720,174,1994,1983,1998
14,16599,16720,175,1961,1978,1825
14,16599,16720,176,1946,1981,1662
14,16599,16720,177,1925,1981,1505
14,16599,16720,178,1904,1979,1412
14,16599,16720,179,1893,1981,1277
14,16599,16720,180,1875,1981,1154
14,16599,16720,181,1855,1977,1033
14,16599,16720,182,1844,1979,888
14,16599,16720,183,1831,1979,771
14,16599,16720,184,1807,1977,641
14,16599,16720,185,1800,1977,504
14,16599,16720,186,1785,1976,384
14,16599,16720,187,1763,1973,251
14,16599,16720,188,1760,1974,209
14,16599,16720,189,1763,1975,227
14,16599,16720,190,1757,1974,237
14,16599,16720,191,1766,1974,256
14,16599,16720,192,1767,1975,274
14,16599,16720,193,1762,1974,283
14,16599,16720,194,1769,1975,300
14,16599,16720,195,1771,1975,311
14,16599,16720,196,1768,1975,322
14,16599,16720,197,1774,1976,340
14,16599,16720,198,1776,1976,358
14,16599,16720,199,1772,1975,369
14,16599,16720,200,1778,1976,382
14,16599,16720,201,1781,1976,394
14,16599,16720,202,1778,1976,411
14,16599,16720,203,1783,1976,425
14,16599,16720,204,1785,1976,440
14,16599,16720,205,1783,1977,454
14,16599,16720,206,1787,1976,467
14,16599,16720,207,1790,1976,484
14,16599,16720,208,1788,1978,497
14,16599,16720,209,1792,1977,515
14,16599,16720,210,1795,1976,527
14,16599,16720,211,1793,1978,542
14,16599,16720,212,1796,1978,549
14,16599,16720,213,1799,1976,576
14,16599,16720,214,1798,1978,580
14,16599,16720,215,1802,1980,596
14,16599,16720,216,1804,1975,611
14,16599,16720,217,1804,1979,627
14,16599,16720,218,1807,1980,638
14,16599,16720,219,1809,1975,655
14,16599,16720,220,1810,1979,668
14,16599,16720,221,1811,1981,681
14,16599,16720,222,1813,1976,695
14,16599,16720,223,1815,1980,708
14,16599,16720,224,1817,1981,728
14,16599,16720,225,1817,1975,740
14,16599,16720,226,1819,1980,744
14,16599,16720,227,1822,1981,765
14,16599,16720,228,1821,1976,780
14,16599,16720,229,1826,1980,793
14,16599,16720,230,1828,1981,809
14,16599,16720,231,1825,1976,823
14,16599,16720,232,1831,1981,839
14,16599,16720,233,1834,1982,853
14,16599,16720,234,1830,1976,866
14,16599,16720,235,1837,1981,877
14,16599,16720,236,1838,1982,888
14,16599,16720,237,1835,1977,909
14,16599,16720,238,1841,1981,923
14,16599,16720,239,1845,1981,937
14,16599,16720,240,1839,1977,949
14,16599,16720,241,1847,1982,968
14,16599,16720,242,1849,1982,980
14,16599,16720,243,1844,1977,996
14,16599,16720,244,1852,1981,1007
14,16599,16720,245,1855,1982,1021
14,16599,16720,246,1848,1977,1036
14,16599,16720,247,1858,1981,1050
14,16599,16720,248,1861,1982,1062
14,16599,16720,249,1854,1978,1078
14,16599,16720,250,1863,1982,1094
14,16599,16720,251,1865,1982,1108
14,16599,16720,252,1860,1978,1117
14,16599,16720,253,1869,1981,1135
14,16599,16720,254,1870,1982,1149
14,16599,16720,255,1863,1979,1164
14,16599,16720,256,1873,1981,1181
14,16599,16720,257,1876,1982,1192
14,16599,16720,258,1870,1979,1206
14,16599,16720,259,1879,1981,1220
14,16599,16720,260,1881,1982,1239
14,16599,16720,261,1876,1980,1250
14,16599,16720,262,1884,1981,1265
14,16599,16720,263,1886,1982,1280
14,16599,16720,264,1882,1980,1292
14,16599,16720,265,1890,1981,1306
14,16599,16720,266,1892,1982,1320
14,16599,16720,267,1885,1981,1319
14,16599,16720,268,1889,1981,1306
14,16599,16720,269,1888,1981,1290
14,16599,16720,270,1881,1980,1278
14,16599,16720,271,1884,1981,1264
14,16599,16720,272,1883,1981,1245
14,16599,16720,273,1874,1980,1234
14,16599,16720,274,1879,1981,1219
14,16599,16720,275,1876,1981,1207
14,16599,16720,276,1870,1981,1193
14,16599,16720,277,1873,1980,1179
14,16599,16720,278,1871,1981,1168
14,16599,16720,279,1873,1981,1148
14,16599,16720,280,1866,1980,1127
14,16599,16720,281,1866,1980,1123
14,16599,16720,282,1861,1981,1107
14,16599,16720,283,1861,1980,1099
14,16599,16720,284,1860,1978,1078
14,16599,16720,285,1856,1981,1063
14,16599,16720,286,1856,1981,1049
14,16599,16720,287,1855,1978,1038
14,16599,16720,288,1851,1981,1020
14,16599,16720,289,1851,1981,1011
14,16599,16720,290,1849,1977,997
14,16599,16720,291,1846,1980,982
14,16599,16720,292,1845,1982,966
14,16599,16720,293,1843,1977,953
14,16599,16720,294,1842,1981,935
14,16599,16720,295,1840,1981,922
14,16599,16720,296,1838,1977,910
14,16599,16720,297,1837,1981,895
14,16599,16720,298,1835,1982,879
14,16599,16720,299,1832,1976,869
14,16599,16720,300,1833,1981,851
14,16599,16720,301,1830,1982,835
14,16599,16720,302,1826,1976,825
14,16599,16720,303,1828,1980,807
14,16599,16720,304,1825,1981,796
14,16599,16720,305,1820,1976,787
14,16599,16720,306,1822,1980,766
14,16599,16720,307,1822,1981,753
14,16599,16720,308,1815,1975,739
14,16599,16720,309,1819,1980,721
14,16599,16720,310,1817,1981,712
14,16599,16720,311,1809,1975,697
14,16599,16720,312,1812,1980,682
14,16599,16720,313,1813,1979,667
14,16599,16720,314,1804,1975,655
14,16599,16720,315,1806,1979,637
14,16599,16720,316,1810,1980,627
14,16599,16720,317,1798,1975,608
14,16599,16720,318,1803,1979,597
14,16599,16720,319,1802,1979,582
14,16599,16720,320,1794,1974,566
14,16599,16720,321,1799,1978,553
14,16599,16720,322,1798,1978,539
14,16599,16720,323,1789,1975,523
14,16599,16720,324,1794,1978,509
14,16599,16720,325,1793,1978,497
14,16599,16720,326,1785,1974,481
14,16599,16720,327,1789,1977,469
14,16599,16720,328,1788,1977,456
14,16599,16720,329,1779,1974,440
14,16599,16720,330,1784,1977,426
14,16599,16720,331,1783,1978,420
14,16599,16720,332,1774,1974,396
14,16599,16720,333,1779,1976,382
14,16599,16720,334,1779,1977,369
14,16599,16720,335,1769,1974,351
14,16599,16720,336,1775,1976,359
14,16599,16720,337,1774,1976,324
14,16599,16720,338,1765,1974,313
14,16599,16720,339,1770,1975,300
14,16599,16720,340,1768,1975,288
14,16599,16720,341,1761,1974,275
14,16599,16720,342,1765,1974,240
14,16599,16720,343,1764,1975,246
14,16599,16720,344,1756,1974,225
14,16599,16720,345,1760,1974,213
14,16599,16720,346,1759,1975,198
14,16599,16720,347,1752,1974,184
14,16599,16720,348,1761,1974,238
14,16599,16720,349,1773,1976,336
14,16599,16720,350,1778,1976,422
14,16599,16720,351,1792,1978,532
14,16599,16720,352,1806,1978,644
14,16599,16720,353,1813,1980,755
14,16599,16720,354,1830,1979,873
14,16599,16720,355,1845,1980,990
15,16773,16894,0,1992,2027,1224
15,16773,16894,1,1880,1979,1279
15,16773,16894,2,1894,1983,1357
15,16773,16894,3,1904,1985,1460
15,16773,16894,4,1915,1978,1516
15,16773,16894,5,1924,1983,1610
15,16773,16894,6,1940,1984,1692
15,16773,16894,7,1948,1980,1807
15,16773,16894,8,1973,1985,1944
15,16773,16894,9,1986,1986,2072
15,16773,16894,10,2000,1981,2174
15,16773,16894,11,2022,1986,2325
15,16773,16894,12,2043,1987,2476
15,16773,16894,13,2055,1982,2610
15,16773,16894,14,2083,1986,2767
15,16773,16894,15,2102,1987,2915
15,16773,16894,16,2118,1983,3067
15,16773,16894,17,2143,1987,3222
15,16773,16894,18,2167,1988,3374
15,16773,16894,19,2179,1983,3477
15,16773,16894,20,2187,1986,3482
15,16773,16894,21,2186,1987,3472
15,16773,16894,22,2179,1982,3473
15,16773,16894,23,2187,1987,3476
15,16773,16894,24,2185,1987,3468
15,16773,16894,25,2175,1983,3449
15,16773,16894,26,2181,1986,3437
15,16773,16894,27,2179,1987,3422
15,16773,16894,28,2170,1983,3408
15,16773,16894,29,2176,1986,3397
15,16773,16894,30,2174,1987,3383
15,16773,16894,31,2165,1983,3376
15,16773,16894,32,2170,1986,3355
15,16773,16894,33,2167,1986,3341
15,16773,16894,34,2158,1984,3323
15,16773,16894,35,2163,1986,3311
15,16773,16894,36,2162,1986,3302
15,16773,16894,37,2152,1984,3280
15,16773,16894,38,2157,1986,3273
15,16773,16894,39,2155,1986,3254
15,16773,16894,40,2147,1984,3238
15,16773,16894,41,2151,1985,3228
15,16773,16894,42,2149,1985,3211
15,16773,16894,43,2140,1984,3192
15,16773,16894,44,2146,1985,3182
15,16773,16894,45,2144,1985,3169
15,16773,16894,46,2136,1984,3153
15,16773,16894,47,2141,1985,3138
15,16773,16894,48,2138,1985,3124
15,16773,16894,49,2129,1985,3111
15,16773,16894,50,2133,1985,3097
15,16773,16894,51,2131,1985,3083
15,16773,16894,52,2124,1985,3066
15,16773,16894,53,2128,1984,3056
15,16773,16894,54,2125,1984,3042
15,16773,16894,55,2119,1985,3024
15,16773,16894,56,2121,1984,3004
15,16773,16894,57,2119,1984,2997
15,16773,16894,58,2114,1985,2983
15,16773,16894,59,2115,1985,2967
15,16773,16894,60,2113,1983,2953
15,16773,16894,61,2109,1985,2939
15,16773,16894,62,2109,1985,2923
15,16773,16894,63,2106,1982,2906
15,16773,16894,64,2103,1985,2898
15,16773,16894,65,2103,1986,2884
15,16773,16894,66,2100,1982,2870
15,16773,16894,67,2097,1985,2852
15,16773,16894,68,2097,1986,2840
15,16773,16894,69,2095,1981,2827
15,16773,16894,70,2092,1985,2812
15,16773,16894,71,2090,1986,2798
15,16773,16894,72,2089,1981,2781
15,16773,16894,73,2086,1985,2770
15,16773,16894,74,2084,1986,2757
15,16773,16894,75,2081,1981,2738
15,16773,16894,76,2081,1985,2728
15,16773,16894,77,2079,1986,2711
15,16773,16894,78,2075,1981,2700
15,16773,16894,79,2076,1985,2686
15,16773,16894,80,2074,1986,2669
15,16773,16894,81,2068,1981,2659
15,16773,16894,82,2070,1985,2643
15,16773,16894,83,2068,1986,2635
15,16773,16894,84,2062,1981,2615
15,16773,16894,85,2065,1985,2595
15,16773,16894,86,2063,1986,2588
15,16773,16894,87,2056,1981,2578
15,16773,16894,88,2059,1985,2558
15,16773,16894,89,2059,1985,2556
15,16773,16894,90,2055,1981,2570
15,16773,16894,91,2063,1985,2585
15,16773,16894,92,2066,1986,2603
15,16773,16894,93,2061,1981,2608
15,16773,16894,94,2069,1985,2623
15,16773,16894,95,2071,1985,2642
15,16773,16894,96,2066,1981,2655
15,16773,16894,97,2076,1985,2673
15,16773,16894,98,2077,1986,2686
15,16773,16894,99,2072,1982,2700
15,16773,16894,100,2081,1985,2711
15,16773,16894,101,2084,1986,2725
15,16773,16894,102,2077,1981,2740
15,16773,16894,103,2087,1986,2756
15,16773,16894,104,2089,1985,2777
15,16773,16894,105,2083,1982,2781
15,16773,16894,106,2094,1986,2801
15,16773,16894,107,2094,1985,2814
15,16773,16894,108,2088,1982,2826
15,16773,16894,109,2099,1986,2840
15,16773,16894,110,2100,1986,2857
15,16773,16894,111,2096,1983,2868
15,16773,16894,112,2105,1986,2884
15,16773,16894,113,2107,1985,2898
15,16773,16894,114,2102,1984,2923
15,16773,16894,115,2110,1984,2928
15,16773,16894,116,2112,1985,2940
15,16773,16894,117,2108,1984,2952
15,16773,16894,118,2116,1985,2971
15,16773,16894,119,2117,1985,2985
15,16773,16894,120,2113,1984,2997
15,16773,16894,121,2122,1985,3012
15,16773,16894,122,2123,1985,3025
15,16773,16894,123,2120,1984,3040
15,16773,16894,124,2127,1985,3053
15,16773,16894,125,2130,1985,3074
15,16773,16894,126,2125,1985,3080
15,16773,16894,127,2134,1985,3098
15,16773,16894,128,2137,1985,3116
15,16773,16894,129,2132,1985,3117
15,16773,16894,130,2140,1985,3137
15,16773,16894,131,2141,1985,3154
15,16773,16894,132,2139,1985,3166
15,16773,16894,133,2145,1985,3181
15,16773,16894,134,2149,1984,3197
15,16773,16894,135,2145,1986,3209
15,16773,16894,136,2151,1986,3225
15,16773,16894,137,2152,1983,3241
15,16773,16894,138,2152,1986,3256
15,16773,16894,139,2156,1986,3266
15,16773,16894,140,2157,1983,3281
15,16773,16894,141,2159,1986,3294
15,16773,16894,142,2162,1987,3305
15,16773,16894,143,2163,1983,3322
15,16773,16894,144,2164,1986,3338
15,16773,16894,145,2167,1987,3353
15,16773,16894,146,2170,1983,3368
15,16773,16894,147,2171,1986,3382
15,16773,16894,148,2174,1988,3396
15,16773,16894,149,2175,1982,3407
15,16773,16894,150,2177,1987,3420
15,16773,16894,151,2177,1988,3437
15,16773,16894,152,2179,1982,3452
15,16773,16894,153,2183,1987,3467
15,16773,16894,154,2185,1988,3477
15,16773,16894,155,2182,1982,3473
15,16773,16894,156,2185,1987,3471
15,16773,16894,157,2188,1988,3481
15,16773,16894,158,2185,1983,3500
15,16773,16894,159,2191,1987,3510
15,16773,16894,160,2194,1988,3516
15,16773,16894,161,2186,1983,3509
15,16773,16894,162,2182,1986,3433
15,16773,16894,163,2171,1987,3351
15,16773,16894,164,2151,1981,3262
15,16773,16894,165,2146,1985,3148
15,16773,16894,166,2130,1986,3039
15,16773,16894,167,2108,1980,2880
15,16773,16894,168,2095,1984,2780
15,16773,16894,169,2079,1984,2659
15,16773,16894,170,2068,1980,2548
15,16773,16894,171,2044,1984,2402
15,16773,16894,172,2029,1983,2266
15,16773,16894,173,2001,1979,2144
15,16773,16894,174,1990,1983,1988
15,16773,16894,175,1973,1982,1839
15,16773,16894,176,1946,1979,1759
15,16773,16894,177,1939,1982,1633
15,16773,16894,178,1932,1983,1591
15,16773,16894,179,1909,1978,1477
15,16773,16894,180,1901,1982,1362
15,16773,16894,181,1888,1981,1232
15,16773,16894,182,1860,1977,1093
15,16773,16894,183,1853,1980,940
15,16773,16894,184,1836,1980,793
15,16773,16894,185,1809,1976,644
15,16773,16894,186,1800,1976,507
15,16773,16894,187,1784,1976,349
15,16773,16894,188,1758,1972,212
15,16773,16894,189,1762,1975,225
15,16773,16894,190,1765,1976,246
15,16773,16894,191,1759,1973,252
15,16773,16894,192,1767,1975,274
15,16773,16894,193,1768,1975,286
15,16773,16894,194,1764,1974,296
15,16773,16894,195,1771,1976,307
15,16773,16894,196,1773,1975,330
15,16773,16894,197,1768,1975,341
15,16773,16894,198,1776,1976,355
15,16773,16894,199,1778,1975,372
15,16773,16894,200,1773,1976,384
15,16773,16894,201,1780,1975,398
15,16773,16894,202,1783,1976,414
15,16773,16894,203,1779,1976,425
15,16773,16894,204,1785,1975,441
15,16773,16894,205,1788,1976,450
15,16773,16894,206,1784,1977,470
15,16773,16894,207,1790,1977,482
15,16773,16894,208,1791,1977,501
15,16773,16894,209,1790,1978,510
15,16773,16894,210,1794,1977,535
15,16773,16894,211,1797,1976,542
15,16773,16894,212,1796,1978,553
15,16773,16894,213,1799,1978,566
15,16773,16894,214,1801,1976,579
15,16773,16894,215,1801,1978,596
15,16773,16894,216,1803,1979,611
15,16773,16894,217,1805,1976,623
15,16773,16894,218,1805,1979,641
15,16773,16894,219,1809,1980,652
15,16773,16894,220,1810,1975,667
15,16773,16894,221,1811,1979,679
15,16773,16894,222,1812,1981,694
15,16773,16894,223,1814,1976,713
15,16773,16894,224,1817,1980,722
15,16773,16894,225,1818,1982,741
15,16773,16894,226,1819,1976,753
15,16773,16894,227,1822,1981,768
15,16773,16894,228,1824,1982,780
15,16773,16894,229,1823,1976,797
15,16773,16894,230,1827,1980,811
15,16773,16894,231,1829,1982,826
15,16773,16894,232,1827,1976,837
15,16773,16894,233,1833,1980,855
15,16773,16894,234,1836,1982,867
15,16773,16894,235,1831,1976,880
15,16773,16894,236,1838,1981,894
15,16773,16894,237,1841,1981,908
15,16773,16894,238,1836,1977,923
15,16773,16894,239,1843,1981,936
15,16773,16894,240,1846,1981,952
15,16773,16894,241,1841,1977,970
15,16773,16894,242,1849,1982,980
15,16773,16894,243,1851,1982,995
15,16773,16894,244,1846,1977,1009
15,16773,16894,245,1854,1982,1022
15,16773,16894,246,1857,1982,1035
15,16773,16894,247,1852,1978,1049
15,16773,16894,248,1859,1982,1071
15,16773,16894,249,1862,1982,1078
15,16773,16894,250,1857,1978,1097
15,16773,16894,251,1865,1982,1107
15,16773,16894,252,1867,1982,1123
15,16773,16894,253,1862,1978,1133
15,16773,16894,254,1870,1982,1154
15,16773,16894,255,1872,1981,1166
15,16773,16894,256,1867,1979,1178
15,16773,16894,257,1876,1982,1196
15,16773,16894,258,1878,1982,1207
15,16773,16894,259,1873,1979,1217
15,16773,16894,260,1882,1982,1234
15,16773,16894,261,1883,1982,1251
15,16773,16894,262,1879,1980,1264
15,16773,16894,263,1886,1981,1277
15,16773,16894,264,1888,1982,1295
15,16773,16894,265,1883,1980,1311
15,16773,16894,266,1893,1982,1318
15,16773,16894,267,1892,1982,1320
15,16773,16894,268,1884,1981,1306
15,16773,16894,269,1889,1981,1291
15,16773,16894,270,1887,1981,1282
15,16773,16894,271,1879,1981,1260
15,16773,16894,272,1883,1981,1250
15,16773,16894,273,1880,1981,1237
15,16773,16894,274,1874,1981,1215
15,16773,16894,275,1877,1981,1205
15,16773,16894,276,1876,1981,1189
15,16773,16894,277,1869,1981,1180
15,16773,16894,278,1871,1980,1163
15,16773,16894,279,1870,1981,1153
15,16773,16894,280,1864,1981,1135
15,16773,16894,281,1865,1980,1120
15,16773,16894,282,1865,1980,1109
15,16773,16894,283,1859,1980,1091
15,16773,16894,284,1859,1980,1078
15,16773,16894,285,1858,1979,1066
15,16773,16894,286,1854,1981,1050
15,16773,16894,287,1855,1981,1036
15,16773,16894,288,1853,1978,1025
15,16773,16894,289,1849,1981,1006
15,16773,16894,290,1849,1981,993
15,16773,16894,291,1847,1978,981
15,16773,16894,292,1845,1981,966
15,16773,16894,293,1843,1982,953
15,16773,16894,294,1842,1977,940
15,16773,16894,295,1840,1981,924
15,16773,16894,296,1838,1983,913
15,16773,16894,297,1836,1977,895
15,16773,16894,298,1835,1981,883
15,16773,16894,299,1832,1981,867
15,16773,16894,300,1831,1976,857
15,16773,16894,301,1831,1980,837
15,16773,16894,302,1828,1982,821
15,16773,16894,303,1825,1976,812
15,16773,16894,304,1826,1980,796
15,16773,16894,305,1824,1981,773
15,16773,16894,306,1819,1975,769
15,16773,16894,307,1821,1980,754
15,16773,16894,308,1818,1981,740
15,16773,16894,309,1813,1975,726
15,16773,16894,310,1817,1980,709
15,16773,16894,311,1815,1981,697
15,16773,16894,312,1808,1975,683
15,16773,16894,313,1811,1979,668
15,16773,16894,314,1811,1980,653
15,16773,16894,315,1801,1974,641
15,16773,16894,316,1806,1979,622
15,16773,16894,317,1806,1980,610
15,16773,16894,318,1797,1975,599
15,16773,16894,319,1802,1979,583
15,16773,16894,320,1801,1980,568
15,16773,16894,321,1792,1974,550
15,16773,16894,322,1798,1978,538
15,16773,16894,323,1796,1978,524
15,16773,16894,324,1788,1975,511
15,16773,16894,325,1793,1978,498
15,16773,16894,326,1791,1978,484
15,16773,16894,327,1782,1974,471
15,16773,16894,328,1789,1978,454
15,16773,16894,329,1787,1978,441
15,16773,16894,330,1778,1974,427
15,16773,16894,331,1783,1977,412
15,16773,16894,332,1782,1977,398
15,16773,16894,333,1772,1974,381
15,16773,16894,334,1779,1976,371
15,16773,16894,335,1777,1976,358
15,16773,16894,336,1768,1974,339
15,16773,16894,337,1773,1976,328
15,16773,16894,338,1772,1976,313
15,16773,16894,339,1765,1974,299
15,16773,16894,340,1768,1975,283
15,16773,16894,341,1767,1975,269
15,16773,16894,342,1759,1973,255
15,16773,16894,343,1763,1974,236
15,16773,16894,344,1762,1974,228
15,16773,16894,345,1755,1974,213
15,16773,16894,346,1757,1974,200
15,16773,16894,347,1757,1973,183
15,16773,16894,348,1749,1972,167
15,16773,16894,349,1758,1973,191
15,16773,16894,350,1764,1975,254
15,16773,16894,351,1767,1975,336
15,16773,16894,352,1782,1977,455
15,16773,16894,353,1797,1978,553
15,16773,16894,354,1803,1979,671
15,16773,16894,355,1822,1979,804
16,16948,17069,0,1988,2026,1194
16,16948,17069,1,1879,1983,1266
16,16948,17069,2,1893,1982,1351
16,16948,17069,3,1898,1981,1419
16,16948,17069,4,1918,1982,1546
16,16948,17069,5,1931,1983,1652
16,16948,17069,6,1944,1984,1815
16,16948,17069,7,1979,1984,1988
16,16948,17069,8,1992,1984,2144
16,16948,17069,9,2010,1985,2262
16,16948,17069,10,2030,1984,2405
16,16948,17069,11,2052,1984,2553
16,16948,17069,12,2066,1985,2673
16,16948,17069,13,2086,1985,2800
16,16948,17069,14,2106,1984,2938
16,16948,17069,15,2121,1985,3057
16,16948,17069,16,2139,1986,3188
16,16948,17069,17,2159,1984,3313
16,16948,17069,18,2172,1986,3445
16,16948,17069,19,2186,1986,3503
16,16948,17069,20,2189,1982,3487
16,16948,17069,21,2183,1985,3471
16,16948,17069,22,2184,1986,3473
16,16948,17069,23,2186,1983,3476
16,16948,17069,24,2183,1986,3466
16,16948,17069,25,2180,1987,3451
16,16948,17069,26,2179,1982,3439
16,16948,17069,27,2177,1986,3423
16,16948,17069,28,2176,1987,3412
16,16948,17069,29,2174,1982,3397
16,16948,17069,30,2172,1986,3384
16,16948,17069,31,2168,1988,3366
16,16948,17069,32,2166,1982,3346
16,16948,17069,33,2165,1986,3339
16,16948,17069,34,2164,1987,3322
16,16948,17069,35,2158,1982,3312
16,16948,17069,36,2160,1986,3296
16,16948,17069,37,2159,1987,3280
16,16948,17069,38,2151,1982,3267
16,16948,17069,39,2154,1986,3256
16,16948,17069,40,2154,1987,3237
16,16948,17069,41,2146,1982,3223
16,16948,17069,42,2149,1986,3211
16,16948,17069,43,2148,1987,3197
16,16948,17069,44,2139,1982,3182
16,16948,17069,45,2143,1986,3168
16,16948,17069,46,2142,1987,3153
16,16948,17069,47,2135,1982,3139
16,16948,17069,48,2137,1986,3139
16,16948,17069,49,2136,1986,3108
16,16948,17069,50,2128,1982,3099
16,16948,17069,51,2133,1986,3085
16,16948,17069,52,2131,1986,3072
16,16948,17069,53,2121,1982,3056
16,16948,17069,54,2126,1986,3035
16,16948,17069,55,2124,1986,3024
16,16948,17069,56,2115,1982,3011
16,16948,17069,57,2120,1985,2998
16,16948,17069,58,2118,1986,2984
16,16948,17069,59,2109,1982,2963
16,16948,17069,60,2114,1986,2954
16,16948,17069,61,2112,1985,2942
16,16948,17069,62,2103,1983,2929
16,16948,17069,63,2108,1985,2912
16,16948,17069,64,2106,1985,2902
16,16948,17069,65,2097,1982,2858
16,16948,17069,66,2039,1979,2027
16,16948,17069,67,1989,1980,1985
16,16948,17069,68,2096,1991,2844
16,16948,17069,69,2095,1984,2825
16,16948,17069,70,2095,1984,2814
16,16948,17069,71,2086,1983,2797
16,16948,17069,72,2090,1984,2787
16,16948,17069,73,2089,1985,2767
16,16948,17069,74,2081,1984,2757
16,16948,17069,75,2085,1984,2743
16,16948,17069,76,2083,1984,2728
16,16948,17069,77,2075,1983,2713
16,16948,17069,78,2079,1984,2695
16,16948,17069,79,2077,1984,2686
16,16948,17069,80,2070,1984,2668
16,16948,17069,81,2071,1984,2653
16,16948,17069,82,2070,1984,2648
16,16948,17069,83,2064,1984,2629
16,16948,17069,84,2067,1983,2613
16,16948,17069,85,2064,1983,2603
16,16948,17069,86,2060,1984,2584
16,16948,17069,87,2060,1983,2573
16,16948,17069,88,2059,1983,2557
16,16948,17069,89,2055,1984,2561
16,16948,17069,90,2060,1984,2571
16,16948,17069,91,2059,1983,2586
16,16948,17069,92,2062,1985,2599
16,16948,17069,93,2066,1985,2616
16,16948,17069,94,2069,1982,2631
16,16948,17069,95,2069,1985,2657
16,16948,17069,96,2072,1985,2655
16,16948,17069,97,2074,1982,2673
16,16948,17069,98,2074,1985,2679
16,16948,17069,99,2075,1986,2693
16,16948,17069,100,2079,1981,2717
16,16948,17069,101,2081,1985,2728
16,16948,17069,102,2083,1987,2736
16,16948,17069,103,2084,1981,2756
16,16948,17069,104,2088,1986,2770
16,16948,17069,105,2088,1987,2791
16,16948,17069,106,2089,1981,2799
16,16948,17069,107,2093,1986,2815
16,16948,17069,108,2095,1987,2828
16,16948,17069,109,2094,1981,2841
16,16948,17069,110,2099,1986,2854
16,16948,17069,111,2102,1987,2866
16,16948,17069,112,2100,1981,2886
16,16948,17069,113,2106,1986,2898
16,16948,17069,114,2107,1987,2917
16,16948,17069,115,2105,1981,2927
16,16948,17069,116,2112,1986,2942
16,16948,17069,117,2115,1986,2954
16,16948,17069,118,2110,1982,2970
16,16948,17069,119,2118,1986,2982
16,16948,17069,120,2121,1986,2997
16,16948,17069,121,2115,1982,3010
16,16948,17069,122,2124,1986,3025
16,16948,17069,123,2127,1987,3048
16,16948,17069,124,2122,1982,3056
16,16948,17069,125,2131,1986,3072
16,16948,17069,126,2132,1987,3084
16,16948,17069,127,2126,1982,3097
16,16948,17069,128,2135,1986,3111
16,16948,17069,129,2137,1986,3127
16,16948,17069,130,2132,1982,3136
16,16948,17069,131,2142,1986,3154
16,16948,17069,132,2144,1986,3169
16,16948,17069,133,2139,1983,3181
16,16948,17069,134,2148,1986,3200
16,16948,17069,135,2150,1985,3213
16,16948,17069,136,2144,1983,3224
16,16948,17069,137,2153,1986,3238
16,16948,17069,138,2156,1986,3253
16,16948,17069,139,2150,1984,3266
16,16948,17069,140,2159,1986,3280
16,16948,17069,141,2162,1986,3296
16,16948,17069,142,2156,1984,3310
16,16948,17069,143,2164,1986,3326
16,16948,17069,144,2167,1986,3338
16,16948,17069,145,2162,1985,3351
16,16948,17069,146,2170,1985,3366
16,16948,17069,147,2173,1986,3382
16,16948,17069,148,2169,1985,3394
16,16948,17069,149,2176,1986,3408
16,16948,17069,150,2179,1986,3423
16,16948,17069,151,2175,1985,3437
16,16948,17069,152,2181,1985,3446
16,16948,17069,153,2185,1987,3468
16,16948,17069,154,2181,1986,3478
16,16948,17069,155,2186,1985,3473
16,16948,17069,156,2186,1986,3483
16,16948,17069,157,2183,1986,3484
16,16948,17069,158,2188,1986,3494
16,16948,17069,159,2189,1986,3512
16,16948,17069,160,2188,1986,3520
16,16948,17069,161,2192,1985,3523
16,16948,17069,162,2190,1985,3510
16,16948,17069,163,2179,1985,3413
16,16948,17069,164,2165,1985,3283
16,16948,17069,165,2152,1982,3185
16,16948,17069,166,2132,1984,3068
16,16948,17069,167,2116,1984,2947
16,16948,17069,168,2102,1981,2804
16,16948,17069,169,2075,1983,2629
16,16948,17069,170,2063,1984,2532
16,16948,17069,171,2043,1980,2405
16,16948,17069,172,2026,1983,2269
16,16948,17069,173,2005,1984,2143
16,16948,17069,174,1988,1979,2020
16,16948,17069,175,1968,1982,1861
16,16948,17069,176,1950,1983,1714
16,16948,17069,177,1930,1978,1571
16,16948,17069,178,1914,1981,1454
16,16948,17069,179,1896,1982,1312
16,16948,17069,180,1875,1976,1171
16,16948,17069,181,1859,1980,1022
16,16948,17069,182,1840,1981,892
16,16948,17069,183,1824,1975,743
16,16948,17069,184,1808,1978,595
16,16948,17069,185,1795,1978,486
16,16948,17069,186,1777,1972,347
16,16948,17069,187,1765,1974,206
16,16948,17069,188,1760,1977,210
16,16948,17069,189,1756,1971,226
16,16948,17069,190,1763,1976,242
16,16948,17069,191,1766,1977,256
16,16948,17069,192,1761,1972,271
16,16948,17069,193,1768,1976,284
16,16948,17069,194,1771,1977,296
16,16948,17069,195,1766,1972,324
16,16948,17069,196,1772,1977,326
16,16948,17069,197,1776,1977,342
16,16948,17069,198,1770,1973,355
16,16948,17069,199,1777,1977,370
16,16948,17069,200,1780,1978,384
16,16948,17069,201,1775,1973,398
16,16948,17069,202,1783,1977,412
16,16948,17069,203,1785,1978,424
16,16948,17069,204,1779,1974,438
16,16948,17069,205,1788,1978,469
16,16948,17069,206,1790,1978,472
16,16948,17069,207,1784,1974,485
16,16948,17069,208,1793,1977,495
16,16948,17069,209,1793,1978,513
16,16948,17069,210,1789,1976,528
16,16948,17069,211,1797,1978,539
16,16948,17069,212,1799,1978,554
16,16948,17069,213,1794,1975,567
16,16948,17069,214,1802,1978,583
16,16948,17069,215,1805,1979,598
16,16948,17069,216,1799,1977,610
16,16948,17069,217,1808,1979,627
16,16948,17069,218,1809,1979,625
16,16948,17069,219,1804,1977,653
16,16948,17069,220,1812,1978,666
16,16948,17069,221,1814,1979,682
16,16948,17069,222,1809,1978,698
16,16948,17069,223,1816,1979,708
16,16948,17069,224,1819,1979,728
16,16948,17069,225,1814,1978,741
16,16948,17069,226,1822,1979,750
16,16948,17069,227,1823,1979,766
16,16948,17069,228,1820,1979,781
16,16948,17069,229,1826,1979,794
16,16948,17069,230,1828,1979,810
16,16948,17069,231,1825,1980,822
16,16948,17069,232,1831,1979,832
16,16948,17069,233,1833,1980,852
16,16948,17069,234,1831,1980,869
16,16948,17069,235,1835,1979,880
16,16948,17069,236,1838,1979,895
16,16948,17069,237,1837,1980,910
16,16948,17069,238,1841,1980,921
16,16948,17069,239,1843,1979,941
16,16948,17069,240,1842,1981,952
16,16948,17069,241,1846,1980,965
16,16948,17069,242,1849,1978,980
16,16948,17069,243,1849,1981,993
16,16948,17069,244,1850,1981,1009
16,16948,17069,245,1852,1978,1025
16,16948,17069,246,1853,1981,1038
16,16948,17069,247,1855,1982,1048
16,16948,17069,248,1858,1978,1066
16,16948,17069,249,1859,1981,1078
16,16948,17069,250,1860,1982,1091
16,16948,17069,251,1863,1978,1106
16,16948,17069,252,1865,1982,1123
16,16948,17069,253,1866,1983,1132
16,16948,17069,254,1868,1978,1151
16,16948,17069,255,1871,1982,1165
16,16948,17069,256,1872,1983,1179
16,16948,17069,257,1872,1978,1194
16,16948,17069,258,1876,1982,1206
16,16948,17069,259,1877,1984,1221
16,16948,17069,260,1877,1978,1239
16,16948,17069,261,1881,1982,1247
16,16948,17069,262,1884,1983,1262
16,16948,17069,263,1881,1978,1248
16,16948,17069,264,1887,1982,1293
16,16948,17069,265,1890,1983,1309
16,16948,17069,266,1886,1978,1322
16,16948,17069,267,1891,1982,1323
16,16948,17069,268,1891,1983,1306
16,16948,17069,269,1882,1978,1290
16,16948,17069,270,1885,1982,1277
16,16948,17069,271,1884,1983,1265
16,16948,17069,272,1876,1978,1252
16,16948,17069,273,1881,1982,1236
16,16948,17069,274,1879,1982,1221
16,16948,17069,275,1871,1977,1208
16,16948,17069,276,1875,1981,1194
16,16948,17069,277,1875,1982,1178
16,16948,17069,278,1866,1978,1163
16,16948,17069,279,1870,1981,1149
16,16948,17069,280,1869,1981,1135
16,16948,17069,281,1860,1978,1122
16,16948,17069,282,1864,1981,1103
16,16948,17069,283,1863,1982,1095
16,16948,17069,284,1854,1978,1082
16,16948,17069,285,1860,1981,1065
16,16948,17069,286,1858,1981,1051
16,16948,17069,287,1849,1978,1032
16,16948,17069,288,1854,1980,1021
16,16948,17069,289,1852,1981,1008
16,16948,17069,290,1844,1979,992
16,16948,17069,291,1849,1980,977
16,16948,17069,292,1848,1981,965
16,16948,17069,293,1839,1979,950
16,16948,17069,294,1844,1980,939
16,16948,17069,295,1842,1980,918
16,16948,17069,296,1834,1979,908
16,16948,17069,297,1838,1980,894
16,16948,17069,298,1837,1980,880
16,16948,17069,299,1829,1979,865
16,16948,17069,300,1833,1979,853
16,16948,17069,301,1832,1980,844
16,16948,17069,302,1825,1979,830
16,16948,17069,303,1828,1979,810
16,16948,17069,304,1827,1979,797
16,16948,17069,305,1821,1979,783
16,16948,17069,306,1822,1978,759
16,16948,17069,307,1822,1979,752
16,16948,17069,308,1815,1979,739
16,16948,17069,309,1817,1978,725
16,16948,17069,310,1815,1978,709
16,16948,17069,311,1810,1979,696
16,16948,17069,312,1812,1978,680
16,16948,17069,313,1811,1977,662
16,16948,17069,314,1807,1979,659
16,16948,17069,315,1807,1978,639
16,16948,17069,316,1806,1976,628
16,16948,17069,317,1802,1978,611
16,16948,17069,318,1802,1979,593
16,16948,17069,319,1800,1975,586
16,16948,17069,320,1798,1978,566
16,16948,17069,321,1796,1979,553
16,16948,17069,322,1795,1975,541
16,16948,17069,323,1793,1978,524
16,16948,17069,324,1792,1979,511
16,16948,17069,325,1790,1974,498
16,16948,17069,326,1788,1978,472
16,16948,17069,327,1786,1979,470
16,16948,17069,328,1785,1973,456
16,16948,17069,329,1784,1977,440
16,16948,17069,330,1782,1979,425
16,16948,17069,331,1779,1973,412
16,16948,17069,332,1780,1977,397
16,16948,17069,333,1778,1978,383
16,16948,17069,334,1774,1972,369
16,16948,17069,335,1775,1976,363
16,16948,17069,336,1775,1978,341
16,16948,17069,337,1768,1972,329
16,16948,17069,338,1771,1976,313
16,16948,17069,339,1770,1977,298
16,16948,17069,340,1763,1972,281
16,16948,17069,341,1764,1975,270
16,16948,17069,342,1765,1976,255
16,16948,17069,343,1758,1971,242
16,16948,17069,344,1762,1975,229
16,16948,17069,345,1762,1976,212
16,16948,17069,346,1752,1970,198
16,16948,17069,347,1757,1974,185
16,16948,17069,348,1756,1975,172
16,16948,17069,349,1756,1972,286
16,16948,17069,350,1777,1978,374
16,16948,17069,351,1791,1979,516
16,16948,17069,352,1796,1976,632
16,16948,17069,353,1818,1979,752
16,16948,17069,354,1833,1982,886
16,16948,17069,355,1841,1978,1013
17,17124,17245,0,1998,2025,1212
17,17124,17245,1,1878,1983,1901
17,17124,17245,2,1987,1989,1890
17,17124,17245,3,1892,1974,1396
17,17124,17245,4,1906,1982,1468
17,17124,17245,5,1925,1983,1581
17,17124,17245,6,1935,1980,1694
17,17124,17245,7,1949,1984,1823
17,17124,17245,8,1967,1985,1946
17,17124,17245,9,1986,1981,2071
17,17124,17245,10,2001,1985,2206
17,17124,17245,11,2024,1987,2356
17,17124,17245,12,2043,1981,2499
17,17124,17245,13,2063,1986,2647
17,17124,17245,14,2081,1988,2813
17,17124,17245,15,2103,1982,2953
17,17124,17245,16,2126,1987,3135
17,17124,17245,17,2145,1988,3246
17,17124,17245,18,2156,1983,3378
17,17124,17245,19,2186,1987,3490
17,17124,17245,20,2185,1988,3491
17,17124,17245,21,2181,1982,3471
17,17124,17245,22,2186,1986,3472
17,17124,17245,23,2187,1988,3476
17,17124,17245,24,2180,1982,3461
17,17124,17245,25,2181,1987,3448
17,17124,17245,26,2182,1988,3437
17,17124,17245,27,2174,1982,3425
17,17124,17245,28,2176,1987,3410
17,17124,17245,29,2177,1987,3396
17,17124,17245,30,2167,1982,3381
17,17124,17245,31,2171,1987,3378
17,17124,17245,32,2170,1987,3350
17,17124,17245,33,2161,1982,3334
17,17124,17245,34,2165,1986,3326
17,17124,17245,35,2163,1987,3310
17,17124,17245,36,2155,1982,3297
17,17124,17245,37,2159,1986,3283
17,17124,17245,38,2158,1986,3265
17,17124,17245,39,2149,1982,3252
17,17124,17245,40,2153,1987,3241
17,17124,17245,41,2151,1986,3228
17,17124,17245,42,2142,1983,3210
17,17124,17245,43,2148,1986,3196
17,17124,17245,44,2150,1986,3182
17,17124,17245,45,2136,1983,3168
17,17124,17245,46,2142,1985,3150
17,17124,17245,47,2140,1986,3139
17,17124,17245,48,2131,1982,3124
17,17124,17245,49,2135,1986,3110
17,17124,17245,50,2133,1985,3093
17,17124,17245,51,2125,1983,3082
17,17124,17245,52,2131,1985,3069
17,17124,17245,53,2128,1985,3055
17,17124,17245,54,2120,1983,3040
17,17124,17245,55,2124,1985,3023
17,17124,17245,56,2121,1985,3012
17,17124,17245,57,2114,1984,3000
17,17124,17245,58,2117,1985,2983
17,17124,17245,59,2116,1985,2968
17,17124,17245,60,2108,1984,2955
17,17124,17245,61,2112,1985,2938
17,17124,17245,62,2110,1985,2927
17,17124,17245,63,2103,1984,2913
17,17124,17245,64,2106,1984,2898
17,17124,17245,65,2104,1985,2882
17,17124,17245,66,2098,1984,2871
17,17124,17245,67,2100,1984,2846
17,17124,17245,68,2099,1984,2841
17,17124,17245,69,2092,1984,2825
17,17124,17245,70,2093,1984,2811
17,17124,17245,71,2092,1984,2800
17,17124,17245,72,2086,1985,2781
17,17124,17245,73,2087,1984,2768
17,17124,17245,74,2085,1983,2761
17,17124,17245,75,2081,1985,2742
17,17124,17245,76,2081,1985,2733
17,17124,17245,77,2080,1982,2714
17,17124,17245,78,2076,1985,2697
17,17124,17245,79,2076,1986,2687
17,17124,17245,80,2073,1981,2680
17,17124,17245,81,2070,1985,2656
17,17124,17245,82,2069,1986,2644
17,17124,17245,83,2067,1981,2631
17,17124,17245,84,2065,1985,2612
17,17124,17245,85,2063,1986,2599
17,17124,17245,86,2062,1981,2589
17,17124,17245,87,2059,1985,2572
17,17124,17245,88,2057,1986,2555
17,17124,17245,89,2057,1981,2555
17,17124,17245,90,2059,1985,2572
17,17124,17245,91,2061,1986,2580
17,17124,17245,92,2061,1981,2596
17,17124,17245,93,2066,1985,2613
17,17124,17245,94,2067,1986,2625
17,17124,17245,95,2066,1981,2650
17,17124,17245,96,2073,1985,2664
17,17124,17245,97,2075,1986,2671
17,17124,17245,98,2072,1981,2686
17,17124,17245,99,2078,1985,2699
17,17124,17245,100,2081,1986,2715
17,17124,17245,101,2076,1981,2728
17,17124,17245,102,2084,1985,2743
17,17124,17245,103,2086,1986,2756
17,17124,17245,104,2082,1981,2770
17,17124,17245,105,2089,1985,2789
17,17124,17245,106,2093,1986,2799
17,17124,17245,107,2089,1981,2812
17,17124,17245,108,2097,1985,2825
17,17124,17245,109,2099,1986,2841
17,17124,17245,110,2095,1981,2856
17,17124,17245,111,2102,1985,2871
17,17124,17245,112,2105,1986,2898
17,17124,17245,113,2099,1982,2897
17,17124,17245,114,2108,1986,2911
17,17124,17245,115,2110,1986,2925
17,17124,17245,116,2105,1982,2939
17,17124,17245,117,2114,1986,2954
17,17124,17245,118,2116,1986,2968
17,17124,17245,119,2111,1982,2984
17,17124,17245,120,2120,1986,2998
17,17124,17245,121,2122,1986,3011
17,17124,17245,122,2116,1983,3024
17,17124,17245,123,2126,1985,3042
17,17124,17245,124,2127,1986,3056
17,17124,17245,125,2123,1984,3070
17,17124,17245,126,2132,1985,3083
17,17124,17245,127,2134,1986,3097
17,17124,17245,128,2129,1984,3110
17,17124,17245,129,2138,1985,3122
17,17124,17245,130,2139,1986,3140
17,17124,17245,131,2135,1984,3150
17,17124,17245,132,2143,1985,3166
17,17124,17245,133,2146,1986,3181
17,17124,17245,134,2141,1985,3196
17,17124,17245,135,2150,1985,3211
17,17124,17245,136,2151,1985,3226
17,17124,17245,137,2147,1985,3238
17,17124,17245,138,2155,1985,3258
17,17124,17245,139,2158,1986,3267
17,17124,17245,140,2154,1985,3280
17,17124,17245,141,2159,1985,3294
17,17124,17245,142,2163,1985,3311
17,17124,17245,143,2160,1985,3319
17,17124,17245,144,2167,1985,3339
17,17124,17245,145,2169,1985,3353
17,17124,17245,146,2167,1986,3370
17,17124,17245,147,2172,1985,3377
17,17124,17245,148,2172,1984,3394
17,17124,17245,149,2175,1985,3407
17,17124,17245,150,2178,1986,3420
17,17124,17245,151,2180,1983,3442
17,17124,17245,152,2179,1986,3456
17,17124,17245,153,2184,1987,3468
17,17124,17245,154,2185,1983,3475
17,17124,17245,155,2183,1986,3474
17,17124,17245,156,2184,1987,3470
17,17124,17245,157,2187,1983,3487
17,17124,17245,158,2187,1987,3498
17,17124,17245,159,2189,1988,3511
17,17124,17245,160,2190,1983,3519
17,17124,17245,161,2190,1987,3512
17,17124,17245,162,2183,1988,3461
17,17124,17245,163,2176,1981,3371
17,17124,17245,164,2162,1985,3263
17,17124,17245,165,2143,1987,3159
17,17124,17245,166,2130,1981,3038
17,17124,17245,167,2114,1985,2915
17,17124,17245,168,2098,1986,2791
17,17124,17245,169,2075,1979,2654
17,17124,17245,170,2061,1984,2525
17,17124,17245,171,2043,1985,2398
17,17124,17245,172,2020,1979,2260
17,17124,17245,173,2009,1984,2164
17,17124,17245,174,1997,1984,2060
17,17124,17245,175,1974,1979,1940
17,17124,17245,176,1961,1983,1808
17,17124,17245,177,1946,1983,1678
17,17124,17245,178,1928,1978,1607
17,17124,17245,179,1917,1982,1536
17,17124,17245,180,1903,1981,1357
17,17124,17245,181,1877,1976,1208
17,17124,17245,182,1869,1980,1083
17,17124,17245,183,1850,1981,925
17,17124,17245,184,1825,1975,763
17,17124,17245,185,1812,1979,594
17,17124,17245,186,1796,1978,464
17,17124,17245,187,1771,1972,311
17,17124,17245,188,1764,1975,210
17,17124,17245,189,1762,1976,229
17,17124,17245,190,1757,1972,242
17,17124,17245,191,1765,1975,255
17,17124,17245,192,1767,1976,270
17,17124,17245,193,1761,1972,284
17,17124,17245,194,1771,1976,291
17,17124,17245,195,1771,1976,315
17,17124,17245,196,1766,1973,328
17,17124,17245,197,1775,1976,340
17,17124,17245,198,1776,1976,352
17,17124,17245,199,1771,1974,366
17,17124,17245,200,1780,1976,383
17,17124,17245,201,1780,1977,400
17,17124,17245,202,1777,1975,410
17,17124,17245,203,1785,1976,427
17,17124,17245,204,1785,1977,439
17,17124,17245,205,1781,1976,454
17,17124,17245,206,1790,1977,471
17,17124,17245,207,1791,1977,481
17,17124,17245,208,1786,1976,493
17,17124,17245,209,1794,1977,510
17,17124,17245,210,1795,1978,528
17,17124,17245,211,1791,1977,540
17,17124,17245,212,1797,1978,556
17,17124,17245,213,1801,1978,568
17,17124,17245,214,1796,1977,586
17,17124,17245,215,1804,1977,598
17,17124,17245,216,1805,1978,613
17,17124,17245,217,1802,1978,629
17,17124,17245,218,1807,1978,637
17,17124,17245,219,1809,1978,646
17,17124,17245,220,1808,1979,665
17,17124,17245,221,1810,1978,680
17,17124,17245,222,1814,1977,696
17,17124,17245,223,1813,1979,715
17,17124,17245,224,1817,1980,724
17,17124,17245,225,1819,1977,738
17,17124,17245,226,1818,1980,751
17,17124,17245,227,1822,1980,764
17,17124,17245,228,1824,1977,785
17,17124,17245,229,1824,1980,795
17,17124,17245,230,1826,1981,807
17,17124,17245,231,1828,1977,824
17,17124,17245,232,1829,1980,838
17,17124,17245,233,1832,1982,851
17,17124,17245,234,1834,1977,870
17,17124,17245,235,1834,1981,879
17,17124,17245,236,1836,1982,892
17,17124,17245,237,1838,1977,910
17,17124,17245,238,1840,1981,921
17,17124,17245,239,1841,1982,936
17,17124,17245,240,1842,1977,953
17,17124,17245,241,1846,1981,968
17,17124,17245,242,1848,1983,980
17,17124,17245,243,1847,1977,994
17,17124,17245,244,1851,1982,1011
17,17124,17245,245,1854,1982,1022
17,17124,17245,246,1851,1977,1039
17,17124,17245,247,1856,1981,1049
17,17124,17245,248,1860,1982,1064
17,17124,17245,249,1856,1977,1078
17,17124,17245,250,1863,1981,1095
17,17124,17245,251,1864,1982,1107
17,17124,17245,252,1860,1977,1120
17,17124,17245,253,1869,1982,1136
17,17124,17245,254,1871,1983,1152
17,17124,17245,255,1865,1978,1161
17,17124,17245,256,1874,1982,1180
17,17124,17245,257,1875,1983,1190
17,17124,17245,258,1870,1978,1206
17,17124,17245,259,1879,1982,1220
17,17124,17245,260,1881,1982,1235
17,17124,17245,261,1876,1978,1252
17,17124,17245,262,1884,1982,1266
17,17124,17245,263,1886,1983,1278
17,17124,17245,264,1882,1978,1295
17,17124,17245,265,1890,1982,1306
17,17124,17245,266,1893,1982,1320
17,17124,17245,267,1886,1979,1321
17,17124,17245,268,1890,1982,1307
17,17124,17245,269,1888,1982,1295
17,17124,17245,270,1878,1978,1274
17,17124,17245,271,1884,1982,1264
17,17124,17245,272,1883,1982,1253
17,17124,17245,273,1874,1978,1236
17,17124,17245,274,1879,1981,1222
17,17124,17245,275,1878,1982,1208
17,17124,17245,276,1869,1979,1193
17,17124,17245,277,1874,1981,1178
17,17124,17245,278,1872,1981,1166
17,17124,17245,279,1863,1980,1149
17,17124,17245,280,1869,1981,1137
17,17124,17245,281,1867,1981,1127
17,17124,17245,282,1858,1980,1106
17,17124,17245,283,1863,1980,1091
17,17124,17245,284,1861,1981,1081
17,17124,17245,285,1853,1980,1063
17,17124,17245,286,1858,1980,1048
17,17124,17245,287,1856,1980,1037
17,17124,17245,288,1849,1980,1023
17,17124,17245,289,1854,1980,1007
17,17124,17245,290,1850,1980,998
17,17124,17245,291,1844,1980,981
17,17124,17245,292,1846,1980,964
17,17124,17245,293,1845,1979,954
17,17124,17245,294,1839,1980,935
17,17124,17245,295,1841,1979,922
17,17124,17245,296,1839,1979,911
17,17124,17245,297,1835,1979,895
17,17124,17245,298,1836,1979,875
17,17124,17245,299,1834,1977,869
17,17124,17245,300,1830,1980,855
17,17124,17245,301,1830,1980,837
17,17124,17245,302,1829,1977,825
17,17124,17245,303,1825,1980,807
17,17124,17245,304,1826,1980,795
17,17124,17245,305,1823,1976,783
17,17124,17245,306,1821,1980,766
17,17124,17245,307,1820,1980,752
17,17124,17245,308,1819,1975,742
17,17124,17245,309,1816,1980,725
17,17124,17245,310,1814,1981,710
17,17124,17245,311,1813,1975,698
17,17124,17245,312,1812,1980,679
17,17124,17245,313,1809,1981,666
17,17124,17245,314,1807,1975,654
17,17124,17245,315,1808,1979,648
17,17124,17245,316,1805,1980,626
17,17124,17245,317,1801,1974,612
17,17124,17245,318,1803,1979,599
17,17124,17245,319,1801,1980,583
17,17124,17245,320,1798,1974,567
17,17124,17245,321,1798,1979,554
17,17124,17245,322,1797,1980,540
17,17124,17245,323,1791,1974,523
17,17124,17245,324,1793,1978,511
17,17124,17245,325,1792,1979,496
17,17124,17245,326,1785,1973,482
17,17124,17245,327,1789,1978,470
17,17124,17245,328,1789,1978,453
17,17124,17245,329,1779,1973,439
17,17124,17245,330,1784,1977,422
17,17124,17245,331,1783,1977,412
17,17124,17245,332,1774,1973,399
17,17124,17245,333,1779,1977,382
17,17124,17245,334,1778,1977,370
17,17124,17245,335,1771,1973,356
17,17124,17245,336,1775,1977,340
17,17124,17245,337,1774,1977,328
17,17124,17245,338,1764,1973,309
17,17124,17245,339,1770,1976,298
17,17124,17245,340,1769,1976,286
17,17124,17245,341,1760,1972,269
17,17124,17245,342,1765,1975,255
17,17124,17245,343,1763,1975,243
17,17124,17245,344,1755,1972,226
17,17124,17245,345,1760,1974,214
17,17124,17245,346,1758,1974,199
17,17124,17245,347,1750,1971,183
17,17124,17245,348,1757,1973,171
17,17124,17245,349,1757,1974,163
17,17124,17245,350,1755,1973,245
17,17124,17245,351,1774,1976,354
17,17124,17245,352,1785,1978,458
17,17124,17245,353,1791,1977,568
17,17124,17245,354,1813,1979,691
17,17124,17245,355,1827,1981,837
18,17299,17420,0,1989,2024,1204
18,17299,17420,1,1882,1984,1257
18,17299,17420,2,1885,1978,1332
18,17299,17420,3,1906,1985,1490
18,17299,17420,4,1928,1984,1602
18,17299,17420,5,1934,1981,1733
18,17299,17420,6,1960,1984,1870
18,17299,17420,7,1978,1984,2006
18,17299,17420,8,1987,1982,2134
18,17299,17420,9,2012,1985,2259
18,17299,17420,10,2036,1985,2214
18,17299,17420,11,1980,1977,1990
18,17299,17420,12,1989,1983,1989
18,17299,17420,13,1989,1982,1983
18,17299,17420,14,2097,1991,2886
18,17299,17420,15,2115,1986,3024
18,17299,17420,16,2130,1985,3109
18,17299,17420,17,2143,1984,3235
18,17299,17420,18,2170,1988,3421
18,17299,17420,19,2188,1985,3495
18,17299,17420,20,2183,1984,3160
18,17299,17420,21,2017,1973,2034
18,17299,17420,22,2191,1994,3473
18,17299,17420,23,2181,1985,3474
18,17299,17420,24,2186,1988,3465
18,17299,17420,25,2182,1984,3459
18,17299,17420,26,2176,1985,3429
18,17299,17420,27,2180,1988,3422
18,17299,17420,28,2176,1983,3409
18,17299,17420,29,2167,1983,2120
18,17299,17420,30,1985,1975,1993
18,17299,17420,31,1986,1978,1982
18,17299,17420,32,1984,1983,1989
18,17299,17420,33,1994,1998,3336
18,17299,17420,34,2160,1983,3333
18,17299,17420,35,2158,1985,3309
18,17299,17420,36,2161,1990,3294
18,17299,17420,37,2163,1982,3283
18,17299,17420,38,2153,1986,3267
18,17299,17420,39,2154,1988,2110
18,17299,17420,40,1981,1969,1985
18,17299,17420,41,1986,1993,3226
18,17299,17420,42,2151,1987,2105
18,17299,17420,43,1981,1970,1984
18,17299,17420,44,2148,1996,3182
18,17299,17420,45,2145,1989,3165
18,17299,17420,46,2136,1981,3155
18,17299,17420,47,2135,1985,3136
18,17299,17420,48,2139,1987,2112
18,17299,17420,49,1979,1970,1986
18,17299,17420,50,1989,1985,1988
18,17299,17420,51,1987,1985,1989
18,17299,17420,52,1980,1979,1983
18,17299,17420,53,2129,1995,3053
18,17299,17420,54,2127,1988,3038
18,17299,17420,55,2117,1981,3026
18,17299,17420,56,2120,1986,3009
18,17299,17420,57,2122,1986,2999
18,17299,17420,58,2112,1982,2096
18,17299,17420,59,1987,1975,1989
18,17299,17420,60,1991,1984,2485
18,17299,17420,61,2109,1989,2943
18,17299,17420,62,2107,1986,2926
18,17299,17420,63,2111,1987,2912
18,17299,17420,64,2096,1980,2889
18,17299,17420,65,2104,1986,2883
18,17299,17420,66,2105,1986,2871
18,17299,17420,67,2092,1981,2081
18,17299,17420,68,1988,1977,1988
18,17299,17420,69,1991,1986,2011
18,17299,17420,70,2090,1986,2812
18,17299,17420,71,2091,1985,2800
18,17299,17420,72,2093,1986,2783
18,17299,17420,73,2080,1981,2768
18,17299,17420,74,2087,1985,2756
18,17299,17420,75,2088,1986,2068
18,17299,17420,76,1975,1973,1986
18,17299,17420,77,1991,1985,2203
18,17299,17420,78,2081,1990,2697
18,17299,17420,79,2068,1982,2684
18,17299,17420,80,2075,1985,2671
18,17299,17420,81,2073,1985,2656
18,17299,17420,82,2064,1982,2644
18,17299,17420,83,2070,1986,2058
18,17299,17420,84,1987,1978,1984
18,17299,17420,85,1978,1979,1985
18,17299,17420,86,2062,1991,2584
18,17299,17420,87,2062,1985,2574
18,17299,17420,88,2051,1982,2554
18,17299,17420,89,2060,1985,2559
18,17299,17420,90,2061,1985,2571
18,17299,17420,91,2058,1984,2053
18,17299,17420,92,1986,1979,1991
18,17299,17420,93,1988,1982,1982
18,17299,17420,94,1980,1982,2111
18,17299,17420,95,2072,1990,2607
18,17299,17420,96,2073,1983,2660
18,17299,17420,97,2069,1983,2670
18,17299,17420,98,2077,1987,2679
18,17299,17420,99,2078,1981,2696
18,17299,17420,100,2076,1984,2066
18,17299,17420,101,1987,1979,1992
18,17299,17420,102,2087,1988,2744
18,17299,17420,103,2080,1984,2754
18,17299,17420,104,2088,1988,2768
18,17299,17420,105,2090,1981,2787
18,17299,17420,106,2087,1985,2799
18,17299,17420,107,2094,1988,2813
18,17299,17420,108,2095,1981,2824
18,17299,17420,109,2092,1985,2078
18,17299,17420,110,2100,1988,2860
18,17299,17420,111,2100,1981,2872
18,17299,17420,112,2099,1984,2878
18,17299,17420,113,2108,1989,2897
18,17299,17420,114,2104,1981,2916
18,17299,17420,115,2106,1985,2335
18,17299,17420,116,1990,1979,1994
18,17299,17420,117,1983,1978,1983
18,17299,17420,118,1985,1995,2968
18,17299,17420,119,2121,1988,2983
18,17299,17420,120,2115,1981,2998
18,17299,17420,121,2119,1986,3011
18,17299,17420,122,2126,1988,3025
18,17299,17420,123,2120,1981,3041
18,17299,17420,124,2125,1986,3051
18,17299,17420,125,2131,1986,2101
18,17299,17420,126,2124,1982,3087
18,17299,17420,127,2132,1986,3062
18,17299,17420,128,2054,1981,2343
18,17299,17420,129,2133,1986,3127
18,17299,17420,130,2136,1986,3138
18,17299,17420,131,2145,1988,3144
18,17299,17420,132,2136,1981,3169
18,17299,17420,133,2146,1986,3179
18,17299,17420,134,2150,1988,3197
18,17299,17420,135,2142,1981,3214
18,17299,17420,136,2148,1985,2105
18,17299,17420,137,1991,1977,1988
18,17299,17420,138,1982,1982,2112
18,17299,17420,139,2157,1993,3266
18,17299,17420,140,2160,1987,3280
18,17299,17420,141,2153,1981,3295
18,17299,17420,142,2162,1987,3311
18,17299,17420,143,2167,1987,3326
18,17299,17420,144,2158,1982,2139
18,17299,17420,145,1986,1973,1990
18,17299,17420,146,1994,1984,1984
18,17299,17420,147,1978,1979,1985
18,17299,17420,148,1990,1984,2761
18,17299,17420,149,2181,1998,3413
18,17299,17420,150,2170,1984,3423
18,17299,17420,151,2181,1987,3439
18,17299,17420,152,2185,1987,3456
18,17299,17420,153,2177,1983,3466
18,17299,17420,154,2121,1981,2086
18,17299,17420,155,1989,1975,1985
18,17299,17420,156,1978,1980,1986
18,17299,17420,157,1990,1985,1988
18,17299,17420,158,1995,1997,3500
18,17299,17420,159,2181,1985,3509
18,17299,17420,160,2192,1988,3515
18,17299,17420,161,2194,1986,3518
18,17299,17420,162,2181,1983,3494
18,17299,17420,163,2181,1987,3332
18,17299,17420,164,2058,1975,2039
18,17299,17420,165,1979,1977,1988
18,17299,17420,166,1990,1984,1987
18,17299,17420,167,1985,1982,1984
18,17299,17420,168,1987,1991,2809
18,17299,17420,169,2078,1983,2676
18,17299,17420,170,2062,1983,2552
18,17299,17420,171,2043,1983,2423
18,17299,17420,172,2025,1982,2276
18,17299,17420,173,2004,1982,2134
18,17299,17420,174,1990,1982,1990
18,17299,17420,175,1983,1981,1985
18,17299,17420,176,1985,1980,1955
18,17299,17420,177,1987,1985,1985
18,17299,17420,178,1986,1977,1409
18,17299,17420,179,1890,1980,1274
18,17299,17420,180,1872,1979,1143
18,17299,17420,181,1855,1979,1014
18,17299,17420,182,1843,1979,882
18,17299,17420,183,1828,1979,1848
18,17299,17420,184,1988,1993,1983
18,17299,17420,185,1984,1984,1985
18,17299,17420,186,1985,1982,1985
18,17299,17420,187,1977,1966,248
18,17299,17420,188,1761,1973,212
18,17299,17420,189,1760,1975,226
18,17299,17420,190,1762,1975,244
18,17299,17420,191,1763,1975,255
18,17299,17420,192,1764,1975,269
18,17299,17420,193,1767,1975,1792
18,17299,17420,194,1988,1996,1982
18,17299,17420,195,1983,1983,1985
18,17299,17420,196,1985,1983,1985
18,17299,17420,197,1984,1983,1986
18,17299,17420,198,1768,1962,1801
18,17299,17420,199,1924,1980,370
18,17299,17420,200,1780,1976,385
18,17299,17420,201,1779,1976,399
18,17299,17420,202,1781,1976,413
18,17299,17420,203,1783,1976,1017
18,17299,17420,204,1969,1994,1966
18,17299,17420,205,1983,1968,455
18,17299,17420,206,1783,1977,468
18,17299,17420,207,1788,1977,1809
18,17299,17420,208,1975,1981,497
18,17299,17420,209,1793,1977,506
18,17299,17420,210,1793,1977,527
18,17299,17420,211,1796,1977,540
18,17299,17420,212,1796,1978,553
18,17299,17420,213,1798,1977,570
18,17299,17420,214,1800,1978,581
18,17299,17420,215,1802,1978,1827
18,17299,17420,216,1988,1994,1980
18,17299,17420,217,1861,1970,1534
18,17299,17420,218,1985,1993,1978
18,17299,17420,219,1802,1967,651
18,17299,17420,220,1811,1978,665
18,17299,17420,221,1811,1979,679
18,17299,17420,222,1812,1978,691
18,17299,17420,223,1815,1978,712
18,17299,17420,224,1816,1979,726
18,17299,17420,225,1818,1978,739
18,17299,17420,226,1819,1979,755
18,17299,17420,227,1821,1979,761
18,17299,17420,228,1823,1978,779
18,17299,17420,229,1825,1979,797
18,17299,17420,230,1827,1979,807
18,17299,17420,231,1828,1980,826
18,17299,17420,232,1830,1979,836
18,17299,17420,233,1831,1979,852
18,17299,17420,234,1836,1980,865
18,17299,17420,235,1835,1980,879
18,17299,17420,236,1837,1980,896
18,17299,17420,237,1838,1980,909
18,17299,17420,238,1841,1980,924
18,17299,17420,239,1841,1980,942
18,17299,17420,240,1843,1980,1050
18,17299,17420,241,1940,1981,970
18,17299,17420,242,1847,1980,977
18,17299,17420,243,1849,1980,993
18,17299,17420,244,1849,1980,1006
18,17299,17420,245,1852,1980,1022
18,17299,17420,246,1854,1980,1036
18,17299,17420,247,1856,1980,1054
18,17299,17420,248,1858,1980,1062
18,17299,17420,249,1859,1981,1083
18,17299,17420,250,1861,1980,1093
18,17299,17420,251,1863,1981,1108
18,17299,17420,252,1865,1981,1121
18,17299,17420,253,1866,1981,1132
18,17299,17420,254,1868,1981,1148
18,17299,17420,255,1870,1980,1164
18,17299,17420,256,1872,1981,1178
18,17299,17420,257,1873,1981,1194
18,17299,17420,258,1874,1981,1207
18,17299,17420,259,1874,1981,1222
18,17299,17420,260,1878,1982,1237
18,17299,17420,261,1880,1981,1251
18,17299,17420,262,1880,1981,1265
18,17299,17420,263,1884,1981,1275
18,17299,17420,264,1885,1981,1290
18,17299,17420,265,1888,1981,1304
18,17299,17420,266,1890,1981,1319
18,17299,17420,267,1891,1981,1320
18,17299,17420,268,1887,1981,1308
18,17299,17420,269,1886,1981,1292
18,17299,17420,270,1885,1981,1276
18,17299,17420,271,1882,1981,1261
18,17299,17420,272,1880,1981,1250
18,17299,17420,273,1879,1980,1236
18,17299,17420,274,1878,1980,1226
18,17299,17420,275,1875,1980,1207
18,17299,17420,276,1873,1980,1191
18,17299,17420,277,1870,1981,1178
18,17299,17420,278,1870,1980,1162
18,17299,17420,279,1868,1980,1147
18,17299,17420,280,1866,1981,1138
18,17299,17420,281,1864,1981,1126
18,17299,17420,282,1863,1980,1108
18,17299,17420,283,1862,1980,1092
18,17299,17420,284,1860,1980,1083
18,17299,17420,285,1858,1981,1058
18,17299,17420,286,1856,1980,1050
18,17299,17420,287,1852,1980,1035
18,17299,17420,288,1853,1980,1031
18,17299,17420,289,1851,1980,1009
18,17299,17420,290,1848,1980,994
18,17299,17420,291,1846,1980,981
18,17299,17420,292,1845,1980,966
18,17299,17420,293,1844,1980,950
18,17299,17420,294,1842,1980,939
18,17299,17420,295,1840,1979,923
18,17299,17420,296,1839,1979,909
18,17299,17420,297,1836,1979,894
18,17299,17420,298,1835,1980,883
18,17299,17420,299,1833,1979,867
18,17299,17420,300,1832,1979,857
18,17299,17420,301,1830,1980,837
18,17299,17420,302,1828,1979,826
18,17299,17420,303,1827,1979,813
18,17299,17420,304,1825,1979,795
18,17299,17420,305,1823,1980,778
18,17299,17420,306,1821,1979,766
18,17299,17420,307,1819,1979,754
18,17299,17420,308,1818,1979,742
18,17299,17420,309,1816,1979,725
18,17299,17420,310,1814,1978,710
18,17299,17420,311,1813,1978,694
18,17299,17420,312,1811,1978,680
18,17299,17420,313,1810,1979,661
18,17299,17420,314,1808,1978,655
18,17299,17420,315,1807,1978,638
18,17299,17420,316,1805,1977,623
18,17299,17420,317,1804,1977,609
18,17299,17420,318,1801,1978,595
18,17299,17420,319,1799,1978,588
18,17299,17420,320,1798,1978,569
18,17299,17420,321,1797,1977,556
18,17299,17420,322,1795,1977,539
18,17299,17420,323,1793,1977,525
18,17299,17420,324,1792,1977,510
18,17299,17420,325,1791,1976,487
18,17299,17420,326,1789,1977,483
18,17299,17420,327,1787,1977,468
18,17299,17420,328,1786,1977,456
18,17299,17420,329,1785,1977,440
18,17299,17420,330,1782,1976,427
18,17299,17420,331,1781,1976,415
18,17299,17420,332,1779,1976,398
18,17299,17420,333,1777,1976,384
18,17299,17420,334,1776,1976,371
18,17299,17420,335,1774,1976,354
18,17299,17420,336,1772,1976,342
18,17299,17420,337,1772,1975,327
18,17299,17420,338,1769,1975,310
18,17299,17420,339,1768,1975,300
18,17299,17420,340,1766,1975,282
18,17299,17420,341,1765,1975,271
18,17299,17420,342,1764,1974,254
18,17299,17420,343,1762,1974,238
18,17299,17420,344,1760,1973,223
18,17299,17420,345,1758,1974,210
18,17299,17420,346,1757,1974,193
18,17299,17420,347,1755,1974,188
18,17299,17420,348,1759,1974,235
18,17299,17420,349,1769,1976,338
18,17299,17420,350,1782,1978,436
18,17299,17420,351,1791,1978,537
18,17299,17420,352,1806,1979,653
18,17299,17420,353,1817,1979,761
18,17299,17420,354,1832,1980,873
18,17299,17420,355,1846,1981,995
19,17473,17594,0,1994,2023,1218
19,17473,17594,1,1881,1982,1283
19,17473,17594,2,1893,1982,1375
19,17473,17594,3,1905,1982,1471
19,17473,17594,4,1917,1982,1571
19,17473,17594,5,1930,1982,1647
19,17473,17594,6,1941,1982,1714
19,17473,17594,7,1955,1983,1823
19,17473,17594,8,1968,1983,1957
19,17473,17594,9,1984,1984,2067
19,17473,17594,10,2004,1984,2176
19,17473,17594,11,2019,1984,2328
19,17473,17594,12,2038,1985,2462
19,17473,17594,13,2057,1985,2550
19,17473,17594,14,2078,1985,2748
19,17473,17594,15,2100,1985,2906
19,17473,17594,16,2121,1985,3056
19,17473,17594,17,2140,1986,3213
19,17473,17594,18,2164,1986,3365
19,17473,17594,19,2182,1986,3474
19,17473,17594,20,2186,1985,3486
19,17473,17594,21,2184,1985,3472
19,17473,17594,22,2183,1985,3473
19,17473,17594,23,2185,1986,3477
19,17473,17594,24,2182,1986,3469
19,17473,17594,25,2182,1985,3452
19,17473,17594,26,2179,1985,3439
19,17473,17594,27,2177,1985,3424
19,17473,17594,28,2175,1985,3412
19,17473,17594,29,2173,1985,3396
19,17473,17594,30,2171,1986,3378
19,17473,17594,31,2168,1985,3370
19,17473,17594,32,2167,1985,3353
19,17473,17594,33,2165,1985,3342
19,17473,17594,34,2163,1986,3324
19,17473,17594,35,2161,1985,3309
19,17473,17594,36,2160,1985,3297
19,17473,17594,37,2157,1985,3288
19,17473,17594,38,2155,1986,3271
19,17473,17594,39,2153,1985,3254
19,17473,17594,40,2151,1985,3240
19,17473,17594,41,2148,1985,3225
19,17473,17594,42,2148,1985,3205
19,17473,17594,43,2145,1985,3198
19,17473,17594,44,2144,1985,3184
19,17473,17594,45,2140,1984,3169
19,17473,17594,46,2140,1985,3155
19,17473,17594,47,2137,1985,3143
19,17473,17594,48,2136,1985,3128
19,17473,17594,49,2134,1984,3113
19,17473,17594,50,2132,1984,3095
19,17473,17594,51,2130,1985,3112
19,17473,17594,52,2130,1984,3069
19,17473,17594,53,2127,1984,3057
19,17473,17594,54,2124,1985,3042
19,17473,17594,55,2121,1984,3027
19,17473,17594,56,2120,1984,3011
19,17473,17594,57,2118,1984,2997
19,17473,17594,58,2116,1985,2981
19,17473,17594,59,2114,1984,2970
19,17473,17594,60,2111,1985,2954
19,17473,17594,61,2110,1984,2941
19,17473,17594,62,2108,1984,2935
19,17473,17594,63,2107,1984,2914
19,17473,17594,64,2104,1984,2898
19,17473,17594,65,2103,1985,2890
19,17473,17594,66,2101,1985,2870
19,17473,17594,67,2098,1984,2856
19,17473,17594,68,2097,1984,2842
19,17473,17594,69,2094,1984,2825
19,17473,17594,70,2093,1984,2811
19,17473,17594,71,2091,1984,2800
19,17473,17594,72,2088,1984,2786
19,17473,17594,73,2086,1984,2773
19,17473,17594,74,2084,1984,2755
19,17473,17594,75,2083,1984,2741
19,17473,17594,76,2081,1984,2726
19,17473,17594,77,2079,1984,2714
19,17473,17594,78,2076,1984,2699
19,17473,17594,79,2076,1984,2684
19,17473,17594,80,2074,1984,2672
19,17473,17594,81,2070,1984,2658
19,17473,17594,82,2070,1984,2643
19,17473,17594,83,2067,1984,2628
19,17473,17594,84,2066,1984,2611
19,17473,17594,85,2062,1984,2601
19,17473,17594,86,2061,1984,2587
19,17473,17594,87,2059,1984,2572
19,17473,17594,88,2058,1984,2558
19,17473,17594,89,2057,1984,2561
19,17473,17594,90,2060,1984,2571
19,17473,17594,91,2061,1984,2588
19,17473,17594,92,2064,1984,2602
19,17473,17594,93,2066,1984,2617
19,17473,17594,94,2067,1984,2629
19,17473,17594,95,2069,1984,2646
19,17473,17594,96,2070,1984,2655
19,17473,17594,97,2073,1984,2673
19,17473,17594,98,2075,1984,2686
19,17473,17594,99,2077,1984,2699
19,17473,17594,100,2079,1985,2715
19,17473,17594,101,2080,1985,2729
19,17473,17594,102,2082,1985,2741
19,17473,17594,103,2084,1985,2757
19,17473,17594,104,2087,1984,2772
19,17473,17594,105,2089,1984,2786
19,17473,17594,106,2091,1985,2802
19,17473,17594,107,2092,1984,2812
19,17473,17594,108,2094,1984,2828
19,17473,17594,109,2096,1985,2841
19,17473,17594,110,2098,1984,2853
19,17473,17594,111,2100,1984,2869
19,17473,17594,112,2102,1984,2884
19,17473,17594,113,2105,1984,2897
19,17473,17594,114,2107,1985,2913
19,17473,17594,115,2108,1984,2924
19,17473,17594,116,2109,1984,2940
19,17473,17594,117,2113,1984,2956
19,17473,17594,118,2115,1985,2970
19,17473,17594,119,2116,1985,2984
19,17473,17594,120,2118,1985,2989
19,17473,17594,121,2120,1985,3012
19,17473,17594,122,2122,1985,3026
19,17473,17594,123,2123,1985,3038
19,17473,17594,124,2127,1985,3048
19,17473,17594,125,2127,1985,3069
19,17473,17594,126,2130,1985,3083
19,17473,17594,127,2132,1985,3094
19,17473,17594,128,2134,1986,3112
19,17473,17594,129,2135,1985,3124
19,17473,17594,130,2138,1986,3139
19,17473,17594,131,2138,1985,3151
19,17473,17594,132,2142,1985,3152
19,17473,17594,133,2141,1985,3184
19,17473,17594,134,2146,1986,3196
19,17473,17594,135,2147,1985,3209
19,17473,17594,136,2150,1986,3225
19,17473,17594,137,2151,1985,3242
19,17473,17594,138,2153,1985,3258
19,17473,17594,139,2155,1985,3272
19,17473,17594,140,2158,1985,3278
19,17473,17594,141,2159,1985,3291
19,17473,17594,142,2163,1986,3308
19,17473,17594,143,2162,1985,3325
19,17473,17594,144,2165,1986,3336
19,17473,17594,145,2166,1985,3351
19,17473,17594,146,2169,1985,3364
19,17473,17594,147,2171,1985,3377
19,17473,17594,148,2173,1986,3393
19,17473,17594,149,2175,1985,3411
19,17473,17594,150,2176,1986,3421
19,17473,17594,151,2179,1985,3440
19,17473,17594,152,2181,1985,3450
19,17473,17594,153,2184,1986,3469
19,17473,17594,154,2185,1986,3476
19,17473,17594,155,2184,1986,3472
19,17473,17594,156,2184,1986,3473
19,17473,17594,157,2186,1986,3487
19,17473,17594,158,2188,1986,3501
19,17473,17594,159,2189,1986,3511
19,17473,17594,160,2189,1985,3516
19,17473,17594,161,2189,1986,3506
19,17473,17594,162,2178,1986,3423
19,17473,17594,163,2168,1985,3331
19,17473,17594,164,2156,1985,3240
19,17473,17594,165,2143,1984,3134
19,17473,17594,166,2128,1984,3022
19,17473,17594,167,2111,1984,2912
19,17473,17594,168,2093,1983,2785
19,17473,17594,169,2068,1983,2648
19,17473,17594,170,2059,1984,2536
19,17473,17594,171,2041,1982,2395
19,17473,17594,172,2023,1983,2260
19,17473,17594,173,2005,1982,2125
19,17473,17594,174,1986,1981,1998
19,17473,17594,175,1966,1981,1846
19,17473,17594,176,1948,1981,1720
19,17473,17594,177,1935,1981,1625
19,17473,17594,178,1927,1981,1568
19,17473,17594,179,1913,1980,1458
19,17473,17594,180,1896,1981,1349
19,17473,17594,181,1883,1980,1207
19,17473,17594,182,1865,1980,1089
19,17473,17594,183,1850,1979,955
19,17473,17594,184,1833,1978,811
19,17473,17594,185,1818,1977,660
19,17473,17594,186,1798,1977,516
19,17473,17594,187,1781,1975,359
19,17473,17594,188,1766,1973,221
19,17473,17594,189,1760,1974,228
19,17473,17594,190,1762,1974,242
19,17473,17594,191,1764,1974,254
19,17473,17594,192,1765,1975,272
19,17473,17594,193,1766,1975,284
19,17473,17594,194,1768,1975,298
19,17473,17594,195,1770,1975,311
19,17473,17594,196,1771,1975,327
19,17473,17594,197,1773,1976,341
19,17473,17594,198,1774,1976,354
19,17473,17594,199,1775,1976,368
19,17473,17594,200,1777,1976,382
19,17473,17594,201,1779,1976,396
19,17473,17594,202,1780,1976,411
19,17473,17594,203,1783,1976,427
19,17473,17594,204,1784,1976,440
19,17473,17594,205,1786,1977,458
19,17473,17594,206,1787,1977,467
19,17473,17594,207,1789,1977,481
19,17473,17594,208,1790,1977,498
19,17473,17594,209,1794,1977,512
19,17473,17594,210,1794,1977,526
19,17473,17594,211,1795,1977,539
19,17473,17594,212,1797,1977,555
19,17473,17594,213,1798,1977,568
19,17473,17594,214,1800,1977,584
19,17473,17594,215,1802,1978,596
19,17473,17594,216,1804,1978,611
19,17473,17594,217,1805,1978,631
19,17473,17594,218,1806,1978,637
19,17473,17594,219,1807,1978,655
19,17473,17594,220,1810,1979,668
19,17473,17594,221,1811,1978,678
19,17473,17594,222,1813,1978,700
19,17473,17594,223,1814,1978,711
19,17473,17594,224,1816,1979,724
19,17473,17594,225,1817,1979,737
19,17473,17594,226,1820,1979,758
19,17473,17594,227,1821,1979,767
19,17473,17594,228,1824,1980,784
19,17473,17594,229,1824,1980,797
19,17473,17594,230,1827,1980,809
19,17473,17594,231,1827,1980,816
19,17473,17594,232,1830,1980,836
19,17473,17594,233,1832,1980,851
19,17473,17594,234,1834,1979,868
19,17473,17594,235,1835,1980,883
19,17473,17594,236,1836,1980,901
19,17473,17594,237,1838,1980,905
19,17473,17594,238,1840,1980,924
19,17473,17594,239,1842,1980,934
19,17473,17594,240,1843,1980,951
19,17473,17594,241,1845,1980,970
19,17473,17594,242,1846,1980,982
19,17473,17594,243,1848,1980,997
19,17473,17594,244,1849,1980,1009
19,17473,17594,245,1852,1980,1023
19,17473,17594,246,1854,1980,1034
19,17473,17594,247,1856,1981,1050
19,17473,17594,248,1857,1980,1064
19,17473,17594,249,1860,1980,1078
19,17473,17594,250,1861,1981,1093
19,17473,17594,251,1863,1980,1106
19,17473,17594,252,1865,1980,1123
19,17473,17594,253,1866,1981,1137
19,17473,17594,254,1868,1981,1150
19,17473,17594,255,1870,1980,1162
19,17473,17594,256,1871,1981,1178
19,17473,17594,257,1873,1981,1194
19,17473,17594,258,1875,1981,1213
19,17473,17594,259,1877,1980,1221
19,17473,17594,260,1879,1981,1237
19,17473,17594,261,1882,1981,1248
19,17473,17594,262,1883,1981,1257
19,17473,17594,263,1884,1981,1279
19,17473,17594,264,1886,1981,1289
19,17473,17594,265,1888,1981,1300
19,17473,17594,266,1890,1981,1322
19,17473,17594,267,1889,1981,1320
19,17473,17594,268,1888,1981,1306
19,17473,17594,269,1886,1981,1291
19,17473,17594,270,1885,1981,1277
19,17473,17594,271,1882,1981,1262
19,17473,17594,272,1881,1981,1252
19,17473,17594,273,1878,1981,1227
19,17473,17594,274,1878,1981,1224
19,17473,17594,275,1875,1981,1208
19,17473,17594,276,1874,1981,1187
19,17473,17594,277,1871,1981,1175
19,17473,17594,278,1870,1981,1165
19,17473,17594,279,1868,1980,1150
19,17473,17594,280,1867,1981,1140
19,17473,17594,281,1865,1980,1117
19,17473,17594,282,1863,1981,1109
19,17473,17594,283,1860,1980,1093
19,17473,17594,284,1859,1980,1077
19,17473,17594,285,1857,1980,1072
19,17473,17594,286,1856,1980,1050
19,17473,17594,287,1854,1980,1037
19,17473,17594,288,1853,1980,1030
19,17473,17594,289,1851,1979,1005
19,17473,17594,290,1849,1981,992
19,17473,17594,291,1847,1980,978
19,17473,17594,292,1845,1980,966
19,17473,17594,293,1843,1980,951
19,17473,17594,294,1841,1980,937
19,17473,17594,295,1840,1980,923
19,17473,17594,296,1838,1980,910
19,17473,17594,297,1837,1980,894
19,17473,17594,298,1836,1979,882
19,17473,17594,299,1834,1980,869
19,17473,17594,300,1831,1979,852
19,17473,17594,301,1828,1979,840
19,17473,17594,302,1828,1980,824
19,17473,17594,303,1826,1979,807
19,17473,17594,304,1825,1978,798
19,17473,17594,305,1823,1979,780
19,17473,17594,306,1822,1978,765
19,17473,17594,307,1819,1979,735
19,17473,17594,308,1818,1979,742
19,17473,17594,309,1816,1979,724
19,17473,17594,310,1815,1978,710
19,17473,17594,311,1814,1979,693
19,17473,17594,312,1812,1978,686
19,17473,17594,313,1810,1978,667
19,17473,17594,314,1808,1978,652
19,17473,17594,315,1806,1978,638
19,17473,17594,316,1804,1978,627
19,17473,17594,317,1803,1978,610
19,17473,17594,318,1802,1978,596
19,17473,17594,319,1800,1978,584
19,17473,17594,320,1799,1978,566
19,17473,17594,321,1797,1977,558
19,17473,17594,322,1795,1978,545
19,17473,17594,323,1791,1977,527
19,17473,17594,324,1792,1978,511
19,17473,17594,325,1790,1977,494
19,17473,17594,326,1790,1977,483
19,17473,17594,327,1787,1976,468
19,17473,17594,328,1785,1977,454
19,17473,17594,329,1784,1976,441
19,17473,17594,330,1782,1976,424
19,17473,17594,331,1781,1976,415
19,17473,17594,332,1779,1976,392
19,17473,17594,333,1778,1976,383
19,17473,17594,334,1774,1976,370
19,17473,17594,335,1775,1976,355
19,17473,17594,336,1773,1975,341
19,17473,17594,337,1770,1975,327
19,17473,17594,338,1769,1975,314
19,17473,17594,339,1768,1975,298
19,17473,17594,340,1767,1975,286
19,17473,17594,341,1764,1975,271
19,17473,17594,342,1763,1974,256
19,17473,17594,343,1762,1974,241
19,17473,17594,344,1760,1974,225
19,17473,17594,345,1758,1974,211
19,17473,17594,346,1757,1974,199
19,17473,17594,347,1755,1973,183
19,17473,17594,348,1754,1973,176
19,17473,17594,349,1757,1974,209
19,17473,17594,350,1768,1974,271
19,17473,17594,351,1773,1976,357
19,17473,17594,352,1783,1977,457
19,17473,17594,353,1794,1978,567
19,17473,17594,354,1808,1978,677
19,17473,17594,355,1821,1980,805
20,17648,17768,0,1990,2025,1184
20,17648,17768,1,1877,1982,1268
20,17648,17768,2,1891,1982,1354
20,17648,17768,3,1904,1982,1448
20,17648,17768,4,1916,1982,1543
20,17648,17768,5,1930,1982,1661
20,17648,17768,6,1948,1984,1816
20,17648,17768,7,1967,1983,1953
20,17648,17768,8,1989,1984,2108
20,17648,17768,9,2008,1984,2252
20,17648,17768,10,2029,1985,2387
20,17648,17768,11,2047,1984,2532
20,17648,17768,12,2069,1984,2653
20,17648,17768,13,2085,1985,2814
20,17648,17768,14,2106,1985,2942
20,17648,17768,15,2123,1985,3071
20,17648,17768,16,2141,1985,3201
20,17648,17768,17,2161,1986,3333
20,17648,17768,18,2174,1986,3456
20,17648,17768,19,2186,1985,3498
20,17648,17768,20,2188,1985,3495
20,17648,17768,21,2184,1985,3472
20,17648,17768,22,2184,1985,3472
20,17648,17768,23,2185,1986,3477
20,17648,17768,24,2183,1986,3470
20,17648,17768,25,2180,1985,3450
20,17648,17768,26,2179,1985,3434
20,17648,17768,27,2178,1986,3429
20,17648,17768,28,2175,1985,3410
20,17648,17768,29,2172,1985,3395
20,17648,17768,30,2170,1985,3381
20,17648,17768,31,2169,1985,3368
20,17648,17768,32,2166,1985,3354
20,17648,17768,33,2166,1985,3336
20,17648,17768,34,2161,1985,3321
20,17648,17768,35,2160,1985,3308
20,17648,17768,36,2159,1985,3294
20,17648,17768,37,2157,1985,3277
20,17648,17768,38,2155,1985,3265
20,17648,17768,39,2155,1985,3251
20,17648,17768,40,2152,1985,3240
20,17648,17768,41,2149,1985,3224
20,17648,17768,42,2147,1985,3213
20,17648,17768,43,2145,1985,3195
20,17648,17768,44,2143,1985,3182
20,17648,17768,45,2141,1985,3172
20,17648,17768,46,2139,1984,3150
20,17648,17768,47,2138,1985,3136
20,17648,17768,48,2135,1985,3127
20,17648,17768,49,2133,1985,3112
20,17648,17768,50,2132,1985,3096
20,17648,17768,51,2129,1985,3082
20,17648,17768,52,2128,1985,3060
20,17648,17768,53,2125,1984,3054
20,17648,17768,54,2125,1985,3041
20,17648,17768,55,2121,1984,3024
20,17648,17768,56,2121,1985,3014
20,17648,17768,57,2118,1985,2995
20,17648,17768,58,2115,1985,2979
20,17648,17768,59,2114,1984,2969
20,17648,17768,60,2113,1984,2954
20,17648,17768,61,2109,1984,2938
20,17648,17768,62,2108,1985,2927
20,17648,17768,63,2106,1985,2914
20,17648,17768,64,2104,1985,2894
20,17648,17768,65,2103,1984,2885
20,17648,17768,66,2099,1984,2872
20,17648,17768,67,2099,1984,2856
20,17648,17768,68,2096,1984,2839
20,17648,17768,69,2095,1984,2827
20,17648,17768,70,2092,1984,2812
20,17648,17768,71,2091,1985,2796
20,17648,17768,72,2088,1984,2784
20,17648,17768,73,2087,1984,2768
20,17648,17768,74,2084,1984,2759
20,17648,17768,75,2083,1984,2756
20,17648,17768,76,2081,1984,2727
20,17648,17768,77,2079,1984,2712
20,17648,17768,78,2076,1984,2701
20,17648,17768,79,2075,1984,2685
20,17648,17768,80,2073,1983,2673
20,17648,17768,81,2071,1984,2657
20,17648,17768,82,2070,1984,2647
20,17648,17768,83,2068,1983,2629
20,17648,17768,84,2065,1983,2612
20,17648,17768,85,2072,1984,2600
20,17648,17768,86,2061,1983,2587
20,17648,17768,87,2060,1983,2568
20,17648,17768,88,2058,1983,2560
20,17648,17768,89,2058,1984,2554
20,17648,17768,90,2061,1984,2574
20,17648,17768,91,2061,1984,2585
20,17648,17768,92,2064,1984,2602
20,17648,17768,93,2065,1983,2614
20,17648,17768,94,2067,1983,2628
20,17648,17768,95,2069,1984,2642
20,17648,17768,96,2070,1984,2660
20,17648,17768,97,2072,1984,2674
20,17648,17768,98,2075,1984,2683
20,17648,17768,99,2077,1984,2698
20,17648,17768,100,2079,1984,2712
20,17648,17768,101,2080,1984,2728
20,17648,17768,102,2083,1984,2745
20,17648,17768,103,2083,1984,2754
20,17648,17768,104,2088,1985,2770
20,17648,17768,105,2089,1984,2787
20,17648,17768,106,2090,1984,2781
20,17648,17768,107,2092,1984,2811
20,17648,17768,108,2095,1984,2824
20,17648,17768,109,2096,1985,2842
20,17648,17768,110,2098,1985,2857
20,17648,17768,111,2101,1984,2874
20,17648,17768,112,2102,1985,2877
20,17648,17768,113,2103,1985,2897
20,17648,17768,114,2105,1984,2911
20,17648,17768,115,2108,1985,2925
20,17648,17768,116,2110,1984,2938
20,17648,17768,117,2112,1984,2954
20,17648,17768,118,2115,1985,2969
20,17648,17768,119,2115,1985,2982
20,17648,17768,120,2118,1984,2997
20,17648,17768,121,2120,1984,3010
20,17648,17768,122,2122,1985,3027
20,17648,17768,123,2125,1984,3041
20,17648,17768,124,2125,1985,3053
20,17648,17768,125,2127,1985,3068
20,17648,17768,126,2129,1985,3082
20,17648,17768,127,2131,1984,3097
20,17648,17768,128,2134,1985,3111
20,17648,17768,129,2135,1985,3126
20,17648,17768,130,2136,1985,3139
20,17648,17768,131,2139,1985,3154
20,17648,17768,132,2140,1985,3172
20,17648,17768,133,2143,1985,3180
20,17648,17768,134,2145,1985,3195
20,17648,17768,135,2146,1985,3211
20,17648,17768,136,2150,1985,3226
20,17648,17768,137,2152,1985,3238
20,17648,17768,138,2153,1985,3287
20,17648,17768,139,2155,1985,3269
20,17648,17768,140,2157,1985,3284
20,17648,17768,141,2159,1985,3294
20,17648,17768,142,2162,1985,3308
20,17648,17768,143,2163,1985,3323
20,17648,17768,144,2166,1985,3344
20,17648,17768,145,2167,1985,3355
20,17648,17768,146,2169,1985,3365
20,17648,17768,147,2170,1985,3379
20,17648,17768,148,2173,1986,3397
20,17648,17768,149,2175,1985,3410
20,17648,17768,150,2177,1986,3426
20,17648,17768,151,2178,1986,3437
20,17648,17768,152,2181,1986,3448
20,17648,17768,153,2184,1985,3467
20,17648,17768,154,2185,1986,3478
20,17648,17768,155,2184,1985,3473
20,17648,17768,156,2184,1986,3472
20,17648,17768,157,2186,1986,3486
20,17648,17768,158,2187,1986,3507
20,17648,17768,159,2189,1986,3510
20,17648,17768,160,2189,1986,3516
20,17648,17768,161,2192,1986,3520
20,17648,17768,162,2190,1986,3510
20,17648,17768,163,2183,1985,3441
20,17648,17768,164,2169,1983,3303
20,17648,17768,165,2154,1984,3194
20,17648,17768,166,2135,1983,3088
20,17648,17768,167,2116,1984,2944
20,17648,17768,168,2099,1983,2823
20,17648,17768,169,2083,1983,2687
20,17648,17768,170,2065,1982,2555
20,17648,17768,171,2047,1982,2416
20,17648,17768,172,2026,1982,2280
20,17648,17768,173,2007,1982,2141
20,17648,17768,174,1986,1981,1997
20,17648,17768,175,1970,1981,1852
20,17648,17768,176,1948,1981,1697
20,17648,17768,177,1932,1981,1587
20,17648,17768,178,1921,1980,1499
20,17648,17768,179,1898,1979,1333
20,17648,17768,180,1881,1979,1187
20,17648,17768,181,1859,1979,1041
20,17648,17768,182,1844,1978,790
20,17648,17768,183,1824,1978,741
20,17648,17768,184,1808,1977,609
20,17648,17768,185,1791,1976,475
20,17648,17768,186,1775,1975,334
20,17648,17768,187,1764,1973,208
20,17648,17768,188,1759,1974,218
20,17648,17768,189,1760,1974,230
20,17648,17768,190,1762,1975,243
20,17648,17768,191,1763,1974,259
20,17648,17768,192,1765,1975,272
20,17648,17768,193,1766,1974,284
20,17648,17768,194,1768,1975,298
20,17648,17768,195,1769,1975,311
20,17648,17768,196,1771,1976,328
20,17648,17768,197,1771,1975,319
20,17648,17768,198,1774,1976,354
20,17648,17768,199,1776,1975,369
20,17648,17768,200,1777,1976,375
20,17648,17768,201,1779,1977,397
20,17648,17768,202,1781,1976,412
20,17648,17768,203,1782,1976,426
20,17648,17768,204,1784,1976,440
20,17648,17768,205,1786,1977,456
20,17648,17768,206,1787,1977,466
20,17648,17768,207,1789,1977,484
20,17648,17768,208,1791,1977,500
20,17648,17768,209,1792,1977,512
20,17648,17768,210,1794,1977,524
20,17648,17768,211,1795,1977,538
20,17648,17768,212,1796,1977,551
20,17648,17768,213,1799,1978,568
20,17648,17768,214,1800,1977,580
20,17648,17768,215,1802,1978,598
20,17648,17768,216,1803,1978,611
20,17648,17768,217,1804,1978,624
20,17648,17768,218,1806,1978,637
20,17648,17768,219,1808,1978,654
20,17648,17768,220,1809,1978,665
20,17648,17768,221,1811,1978,684
20,17648,17768,222,1813,1979,694
20,17648,17768,223,1815,1978,708
20,17648,17768,224,1816,1978,724
20,17648,17768,225,1818,1979,737
20,17648,17768,226,1819,1979,753
20,17648,17768,227,1821,1979,769
20,17648,17768,228,1823,1979,783
20,17648,17768,229,1825,1979,795
20,17648,17768,230,1826,1979,806
20,17648,17768,231,1828,1979,824
20,17648,17768,232,1830,1979,838
20,17648,17768,233,1831,1979,852
20,17648,17768,234,1833,1979,866
20,17648,17768,235,1835,1980,885
20,17648,17768,236,1837,1980,893
20,17648,17768,237,1838,1980,909
20,17648,17768,238,1841,1979,923
20,17648,17768,239,1842,1980,941
20,17648,17768,240,1845,1980,951
20,17648,17768,241,1845,1980,965
20,17648,17768,242,1847,1980,980
20,17648,17768,243,1848,1980,990
20,17648,17768,244,1850,1981,1006
20,17648,17768,245,1852,1980,1021
20,17648,17768,246,1854,1981,1035
20,17648,17768,247,1855,1981,1056
20,17648,17768,248,1858,1981,1064
20,17648,17768,249,1858,1980,1079
20,17648,17768,250,1869,1980,1093
20,17648,17768,251,1863,1981,1105
20,17648,17768,252,1865,1980,1121
20,17648,17768,253,1865,1980,1139
20,17648,17768,254,1868,1981,1152
20,17648,17768,255,1869,1981,1166
20,17648,17768,256,1872,1981,1178
20,17648,17768,257,1874,1981,1194
20,17648,17768,258,1876,1981,1204
20,17648,17768,259,1877,1982,1222
20,17648,17768,260,1878,1981,1235
20,17648,17768,261,1881,1981,1250
20,17648,17768,262,1882,1981,1263
20,17648,17768,263,1885,1981,1277
20,17648,17768,264,1886,1981,1290
20,17648,17768,265,1887,1981,1305
20,17648,17768,266,1890,1981,1321
20,17648,17768,267,1889,1981,1323
20,17648,17768,268,1889,1981,1309
20,17648,17768,269,1887,1981,1289
20,17648,17768,270,1884,1981,1278
20,17648,17768,271,1882,1981,1264
20,17648,17768,272,1880,1981,1249
20,17648,17768,273,1879,1981,1234
20,17648,17768,274,1877,1981,1219
20,17648,17768,275,1875,1981,1206
20,17648,17768,276,1872,1980,1193
20,17648,17768,277,1872,1980,1178
20,17648,17768,278,1870,1980,1164
20,17648,17768,279,1869,1980,1147
20,17648,17768,280,1867,1980,1137
20,17648,17768,281,1864,1981,1122
20,17648,17768,282,1862,1981,1109
20,17648,17768,283,1860,1980,1088
20,17648,17768,284,1859,1981,1103
20,17648,17768,285,1857,1980,1066
20,17648,17768,286,1856,1979,1051
20,17648,17768,287,1854,1980,1039
20,17648,17768,288,1852,1980,1024
20,17648,17768,289,1851,1980,1008
20,17648,17768,290,1849,1980,996
20,17648,17768,291,1846,1980,980
20,17648,17768,292,1846,1980,970
20,17648,17768,293,1843,1980,949
20,17648,17768,294,1842,1980,935
20,17648,17768,295,1839,1980,926
20,17648,17768,296,1839,1980,908
20,17648,17768,297,1836,1980,891
20,17648,17768,298,1834,1979,881
20,17648,17768,299,1834,1980,867
20,17648,17768,300,1830,1979,851
20,17648,17768,301,1830,1979,829
20,17648,17768,302,1829,1979,824
20,17648,17768,303,1826,1979,810
20,17648,17768,304,1825,1979,794
20,17648,17768,305,1823,1979,780
20,17648,17768,306,1821,1979,767
20,17648,17768,307,1820,1979,752
20,17648,17768,308,1818,1978,739
20,17648,17768,309,1816,1978,725
20,17648,17768,310,1815,1978,707
20,17648,17768,311,1813,1978,692
20,17648,17768,312,1812,1978,689
20,17648,17768,313,1809,1979,668
20,17648,17768,314,1808,1978,652
20,17648,17768,315,1806,1978,634
20,17648,17768,316,1803,1978,625
20,17648,17768,317,1803,1978,612
20,17648,17768,318,1802,1978,596
20,17648,17768,319,1801,1977,581
20,17648,17768,320,1798,1978,566
20,17648,17768,321,1797,1978,558
20,17648,17768,322,1795,1977,535
20,17648,17768,323,1793,1978,526
20,17648,17768,324,1792,1977,510
20,17648,17768,325,1790,1977,496
20,17648,17768,326,1788,1977,485
20,17648,17768,327,1787,1977,466
20,17648,17768,328,1785,1976,457
20,17648,17768,329,1784,1977,449
20,17648,17768,330,1782,1976,429
20,17648,17768,331,1781,1976,412
20,17648,17768,332,1780,1975,397
20,17648,17768,333,1778,1976,384
20,17648,17768,334,1776,1976,370
20,17648,17768,335,1774,1975,352
20,17648,17768,336,1772,1976,343
20,17648,17768,337,1771,1975,326
20,17648,17768,338,1769,1975,313
20,17648,17768,339,1769,1975,298
20,17648,17768,340,1767,1975,279
20,17648,17768,341,1764,1974,271
20,17648,17768,342,1763,1975,254
20,17648,17768,343,1761,1974,243
20,17648,17768,344,1761,1974,226
20,17648,17768,345,1758,1974,216
20,17648,17768,346,1757,1973,201
20,17648,17768,347,1755,1973,184
20,17648,17768,348,1754,1973,170
20,17648,17768,349,1761,1975,236
20,17648,17768,350,1770,1976,345
20,17648,17768,351,1786,1978,474
20,17648,17768,352,1800,1979,611
20,17648,17768,353,1818,1980,744
20,17648,17768,354,1829,1981,885
20,17648,17768,355,1846,1981,1016
21,17832,17953,0,1999,2029,1211
21,17832,17953,1,1878,1982,1265
21,17832,17953,2,1891,1981,1350
21,17832,17953,3,1909,1983,1485
21,17832,17953,4,1923,1983,1622
21,17832,17953,5,1943,1983,1752
21,17832,17953,6,1958,1983,1883
21,17832,17953,7,1978,1983,2014
21,17832,17953,8,1995,1984,2126
21,17832,17953,9,2012,1984,2265
21,17832,17953,10,2030,1984,2386
21,17832,17953,11,2046,1985,2523
21,17832,17953,12,2063,1985,2639
21,17832,17953,13,2080,1985,2776
21,17832,17953,14,2098,1985,2891
21,17832,17953,15,2115,1985,3021
21,17832,17953,16,2130,1985,3152
21,17832,17953,17,2151,1986,3269
21,17832,17953,18,2169,1986,3412
21,17832,17953,19,2183,1986,3502
21,17832,17953,20,2187,1985,3498
21,17832,17953,21,2184,1985,3472
21,17832,17953,22,2184,1986,3472
21,17832,17953,23,2184,1986,3474
21,17832,17953,24,2182,1986,3466
21,17832,17953,25,2180,1985,3452
21,17832,17953,26,2179,1985,3439
21,17832,17953,27,2176,1985,3426
21,17832,17953,28,2175,1985,3407
21,17832,17953,29,2172,1985,3396
21,17832,17953,30,2171,1985,3381
21,17832,17953,31,2169,1985,3368
21,17832,17953,32,2168,1985,3351
21,17832,17953,33,2165,1985,3336
21,17832,17953,34,2162,1985,3321
21,17832,17953,35,2162,1985,3312
21,17832,17953,36,2159,1985,3295
21,17832,17953,37,2157,1985,3282
21,17832,17953,38,2155,1985,3270
21,17832,17953,39,2153,1985,3253
21,17832,17953,40,2151,1985,3237
21,17832,17953,41,2149,1985,3224
21,17832,17953,42,2147,1985,3211
21,17832,17953,43,2145,1985,3197
21,17832,17953,44,2143,1985,3183
21,17832,17953,45,2142,1985,3172
21,17832,17953,46,2139,1985,3154
21,17832,17953,47,2137,1985,3138
21,17832,17953,48,2135,1985,3125
21,17832,17953,49,2133,1985,3109
21,17832,17953,50,2132,1985,3097
21,17832,17953,51,2129,1985,3082
21,17832,17953,52,2127,1985,3068
21,17832,17953,53,2127,1985,3053
21,17832,17953,54,2123,1985,3039
21,17832,17953,55,2121,1985,3027
21,17832,17953,56,2120,1985,3014
21,17832,17953,57,2118,1985,2997
21,17832,17953,58,2115,1984,2982
21,17832,17953,59,2115,1984,2969
21,17832,17953,60,2112,1984,2956
21,17832,17953,61,2110,1984,2940
21,17832,17953,62,2108,1984,2925
21,17832,17953,63,2106,1984,2911
21,17832,17953,64,2104,1985,2900
21,17832,17953,65,2101,1985,2887
21,17832,17953,66,2101,1984,2873
21,17832,17953,67,2098,1984,2854
21,17832,17953,68,2097,1984,2843
21,17832,17953,69,2094,1984,2825
21,17832,17953,70,2092,1985,2811
21,17832,17953,71,2090,1984,2798
21,17832,17953,72,2089,1985,2785
21,17832,17953,73,2085,1984,2770
21,17832,17953,74,2084,1984,2756
21,17832,17953,75,2082,1984,2745
21,17832,17953,76,2081,1984,2726
21,17832,17953,77,2078,1984,2711
21,17832,17953,78,2077,1984,2696
21,17832,17953,79,2074,1984,2686
21,17832,17953,80,2074,1984,2671
21,17832,17953,81,2071,1984,2654
21,17832,17953,82,2069,1984,2643
21,17832,17953,83,2067,1983,2630
21,17832,17953,84,2065,1984,2593
21,17832,17953,85,2063,1984,2598
21,17832,17953,86,2061,1983,2582
21,17832,17953,87,2059,1983,2573
21,17832,17953,88,2058,1984,2557
21,17832,17953,89,2058,1983,2546
21,17832,17953,90,2060,1984,2569
21,17832,17953,91,2061,1984,2587
21,17832,17953,92,2062,1984,2600
21,17832,17953,93,2065,1984,2614
21,17832,17953,94,2067,1984,2618
21,17832,17953,95,2069,1984,2649
21,17832,17953,96,2071,1984,2659
21,17832,17953,97,2074,1984,2670
21,17832,17953,98,2076,1984,2684
21,17832,17953,99,2077,1984,2699
21,17832,17953,100,2079,1984,2716
21,17832,17953,101,2080,1984,2726
21,17832,17953,102,2082,1984,2742
21,17832,17953,103,2085,1984,2752
21,17832,17953,104,2087,1984,2770
21,17832,17953,105,2089,1984,2780
21,17832,17953,106,2090,1984,2803
21,17832,17953,107,2091,1985,2811
21,17832,17953,108,2091,1984,2826
21,17832,17953,109,2096,1984,2844
21,17832,17953,110,2098,1984,2849
21,17832,17953,111,2100,1984,2871
21,17832,17953,112,2102,1984,2885
21,17832,17953,113,2104,1984,2898
21,17832,17953,114,2106,1984,2913
21,17832,17953,115,2108,1984,2924
21,17832,17953,116,2110,1984,2937
21,17832,17953,117,2111,1985,2954
21,17832,17953,118,2114,1985,2970
21,17832,17953,119,2116,1985,2985
21,17832,17953,120,2118,1985,2995
21,17832,17953,121,2119,1984,3009
21,17832,17953,122,2123,1985,3028
21,17832,17953,123,2124,1985,3039
21,17832,17953,124,2125,1985,3054
21,17832,17953,125,2128,1985,3069
21,17832,17953,126,2129,1985,3080
21,17832,17953,127,2130,1985,3096
21,17832,17953,128,2133,1985,3105
21,17832,17953,129,2135,1984,3125
21,17832,17953,130,2137,1985,3141
21,17832,17953,131,2140,1985,3152
21,17832,17953,132,2141,1985,3165
21,17832,17953,133,2143,1985,3199
21,17832,17953,134,2146,1985,3189
21,17832,17953,135,2145,1985,3209
21,17832,17953,136,2149,1985,3223
21,17832,17953,137,2151,1985,3232
21,17832,17953,138,2154,1985,3249
21,17832,17953,139,2155,1985,3266
21,17832,17953,140,2157,1985,3282
21,17832,17953,141,2158,1985,3299
21,17832,17953,142,2161,1985,3312
21,17832,17953,143,2163,1985,3327
21,17832,17953,144,2165,1985,3340
21,17832,17953,145,2167,1985,3352
21,17832,17953,146,2168,1985,3368
21,17832,17953,147,2172,1986,3381
21,17832,17953,148,2173,1986,3394
21,17832,17953,149,2175,1986,3407
21,17832,17953,150,2177,1986,3422
21,17832,17953,151,2179,1986,3438
21,17832,17953,152,2181,1986,3450
21,17832,17953,153,2183,1986,3466
21,17832,17953,154,2184,1985,3477
21,17832,17953,155,2184,1985,3472
21,17832,17953,156,2184,1985,3472
21,17832,17953,157,2186,1985,3482
21,17832,17953,158,2187,1986,3500
21,17832,17953,159,2189,1985,3508
21,17832,17953,160,2189,1985,3517
21,17832,17953,161,2190,1986,3519
21,17832,17953,162,2189,1985,3482
21,17832,17953,163,2175,1985,3368
21,17832,17953,164,2162,1984,3278
21,17832,17953,165,2147,1984,3172
21,17832,17953,166,2130,1985,3090
21,17832,17953,167,2118,1983,2947
21,17832,17953,168,2098,1983,2804
21,17832,17953,169,2080,1983,2685
21,17832,17953,170,2062,1983,2545
21,17832,17953,171,2044,1983,2417
21,17832,17953,172,2024,1982,2278
21,17832,17953,173,2005,1982,2128
21,17832,17953,174,1988,1982,1984
21,17832,17953,175,1963,1981,1821
21,17832,17953,176,1940,1981,1643
21,17832,17953,177,1922,1979,1477
21,17832,17953,178,1906,1981,1420
21,17832,17953,179,1892,1979,1278
21,17832,17953,180,1873,1979,1141
21,17832,17953,181,1858,1979,1012
21,17832,17953,182,1841,1978,900
21,17832,17953,183,1827,1978,787
21,17832,17953,184,1811,1977,632
21,17832,17953,185,1797,1976,504
21,17832,17953,186,1782,1976,378
21,17832,17953,187,1767,1974,245
21,17832,17953,188,1758,1974,220
21,17832,17953,189,1760,1974,229
21,17832,17953,190,1762,1975,242
21,17832,17953,191,1763,1975,255
21,17832,17953,192,1764,1974,267
21,17832,17953,193,1767,1975,283
21,17832,17953,194,1767,1975,295
21,17832,17953,195,1770,1975,310
21,17832,17953,196,1771,1975,327
21,17832,17953,197,1773,1975,342
21,17832,17953,198,1775,1975,357
21,17832,17953,199,1776,1976,367
21,17832,17953,200,1777,1976,383
21,17832,17953,201,1779,1976,402
21,17832,17953,202,1780,1976,414
21,17832,17953,203,1782,1977,430
21,17832,17953,204,1784,1977,440
21,17832,17953,205,1786,1976,453
21,17832,17953,206,1787,1976,469
21,17832,17953,207,1788,1977,487
21,17832,17953,208,1790,1977,496
21,17832,17953,209,1792,1977,510
21,17832,17953,210,1793,1978,525
21,17832,17953,211,1795,1977,540
21,17832,17953,212,1797,1978,554
21,17832,17953,213,1801,1978,570
21,17832,17953,214,1800,1978,583
21,17832,17953,215,1802,1977,596
21,17832,17953,216,1803,1978,613
21,17832,17953,217,1805,1978,625
21,17832,17953,218,1807,1978,639
21,17832,17953,219,1808,1978,651
21,17832,17953,220,1809,1978,669
21,17832,17953,221,1811,1979,681
21,17832,17953,222,1812,1979,696
21,17832,17953,223,1815,1978,710
21,17832,17953,224,1817,1978,724
21,17832,17953,225,1817,1978,744
21,17832,17953,226,1820,1979,751
21,17832,17953,227,1821,1979,767
21,17832,17953,228,1822,1979,781
21,17832,17953,229,1825,1979,794
21,17832,17953,230,1826,1979,810
21,17832,17953,231,1828,1979,827
21,17832,17953,232,1830,1979,836
21,17832,17953,233,1832,1979,852
21,17832,17953,234,1834,1979,865
21,17832,17953,235,1835,1980,882
21,17832,17953,236,1836,1980,893
21,17832,17953,237,1838,1980,915
21,17832,17953,238,1839,1980,923
21,17832,17953,239,1842,1979,937
21,17832,17953,240,1844,1980,952
21,17832,17953,241,1845,1980,966
21,17832,17953,242,1846,1980,982
21,17832,17953,243,1849,1981,994
21,17832,17953,244,1851,1980,1008
21,17832,17953,245,1852,1981,1023
21,17832,17953,246,1854,1980,1037
21,17832,17953,247,1856,1980,1050
21,17832,17953,248,1856,1981,1065
21,17832,17953,249,1859,1981,1079
21,17832,17953,250,1861,1980,1092
21,17832,17953,251,1863,1980,1102
21,17832,17953,252,1865,1981,1119
21,17832,17953,253,1867,1981,1136
21,17832,17953,254,1868,1981,1150
21,17832,17953,255,1870,1980,1164
21,17832,17953,256,1871,1981,1179
21,17832,17953,257,1874,1980,1194
21,17832,17953,258,1875,1981,1204
21,17832,17953,259,1877,1981,1218
21,17832,17953,260,1879,1980,1236
21,17832,17953,261,1880,1981,1250
21,17832,17953,262,1881,1980,1267
21,17832,17953,263,1883,1981,1263
21,17832,17953,264,1886,1981,1292
21,17832,17953,265,1887,1981,1307
21,17832,17953,266,1890,1981,1321
21,17832,17953,267,1890,1981,1318
21,17832,17953,268,1887,1981,1307
21,17832,17953,269,1886,1981,1291
21,17832,17953,270,1883,1981,1281
21,17832,17953,271,1882,1981,1265
21,17832,17953,272,1881,1981,1250
21,17832,17953,273,1879,1981,1236
21,17832,17953,274,1878,1981,1218
21,17832,17953,275,1875,1980,1206
21,17832,17953,276,1874,1980,1192
21,17832,17953,277,1872,1981,1182
21,17832,17953,278,1870,1980,1163
21,17832,17953,279,1868,1981,1150
21,17832,17953,280,1866,1980,1133
21,17832,17953,281,1864,1980,1126
21,17832,17953,282,1863,1981,1108
21,17832,17953,283,1860,1980,1093
21,17832,17953,284,1859,1980,1084
21,17832,17953,285,1858,1980,1067
21,17832,17953,286,1855,1981,1049
21,17832,17953,287,1854,1980,1036
21,17832,17953,288,1852,1980,1022
21,17832,17953,289,1850,1980,1007
21,17832,17953,290,1848,1980,994
21,17832,17953,291,1847,1980,982
21,17832,17953,292,1844,1980,965
21,17832,17953,293,1839,1980,953
21,17832,17953,294,1839,1980,941
21,17832,17953,295,1840,1979,920
21,17832,17953,296,1838,1980,909
21,17832,17953,297,1836,1980,893
21,17832,17953,298,1834,1980,881
21,17832,17953,299,1834,1979,868
21,17832,17953,300,1831,1979,851
21,17832,17953,301,1829,1979,837
21,17832,17953,302,1828,1979,822
21,17832,17953,303,1826,1979,806
21,17832,17953,304,1821,1979,796
21,17832,17953,305,1823,1979,782
21,17832,17953,306,1821,1979,767
21,17832,17953,307,1819,1979,753
21,17832,17953,308,1817,1979,742
21,17832,17953,309,1817,1979,722
21,17832,17953,310,1815,1979,710
21,17832,17953,311,1813,1978,696
21,17832,17953,312,1813,1978,684
21,17832,17953,313,1810,1978,667
21,17832,17953,314,1808,1978,654
21,17832,17953,315,1806,1978,640
21,17832,17953,316,1805,1978,618
21,17832,17953,317,1803,1978,611
21,17832,17953,318,1802,1977,594
21,17832,17953,319,1800,1977,583
21,17832,17953,320,1799,1977,568
21,17832,17953,321,1797,1977,554
21,17832,17953,322,1795,1977,538
21,17832,17953,323,1794,1977,526
21,17832,17953,324,1791,1976,509
21,17832,17953,325,1790,1977,498
21,17832,17953,326,1788,1976,484
21,17832,17953,327,1787,1976,471
21,17832,17953,328,1786,1976,455
21,17832,17953,329,1783,1976,442
21,17832,17953,330,1782,1976,427
21,17832,17953,331,1780,1976,416
21,17832,17953,332,1779,1976,396
21,17832,17953,333,1778,1975,382
21,17832,17953,334,1776,1975,369
21,17832,17953,335,1775,1975,356
21,17832,17953,336,1773,1975,342
21,17832,17953,337,1771,1975,328
21,17832,17953,338,1768,1975,311
21,17832,17953,339,1768,1975,302
21,17832,17953,340,1765,1974,278
21,17832,17953,341,1765,1975,270
21,17832,17953,342,1762,1974,256
21,17832,17953,343,1762,1975,240
21,17832,17953,344,1759,1974,227
21,17832,17953,345,1759,1974,214
21,17832,17953,346,1757,1973,198
21,17832,17953,347,1755,1973,184
21,17832,17953,348,1761,1974,231
21,17832,17953,349,1771,1976,333
21,17832,17953,350,1780,1976,427
21,17832,17953,351,1790,1978,538
21,17832,17953,352,1805,1979,638
21,17832,17953,353,1815,1979,751
21,17832,17953,354,1830,1980,869
21,17832,17953,355,1845,1980,990
22,18007,18128,0,1994,2024,1216
22,18007,18128,1,1880,1983,1291
22,18007,18128,2,1892,1982,1360
22,18007,18128,3,1907,1982,1466
22,18007,18128,4,1913,1982,1522
22,18007,18128,5,1925,1982,1608
22,18007,18128,6,1935,1982,1691
22,18007,18128,7,1953,1983,1823
22,18007,18128,8,1964,1983,1944
22,18007,18128,9,1983,1983,2063
22,18007,18128,10,2004,1984,2194
22,18007,18128,11,2020,1984,2332
22,18007,18128,12,2040,1985,2470
22,18007,18128,13,2061,1985,2620
22,18007,18128,14,2080,1985,2782
22,18007,18128,15,2099,1985,2927
22,18007,18128,16,2123,1986,3073
22,18007,18128,17,2142,1986,3219
22,18007,18128,18,2162,1986,3367
22,18007,18128,19,2182,1986,3485
22,18007,18128,20,2185,1986,3486
22,18007,18128,21,2184,1985,3471
22,18007,18128,22,2183,1985,3473
22,18007,18128,23,2184,1986,3476
22,18007,18128,24,2183,1985,3465
22,18007,18128,25,2180,1985,3452
22,18007,18128,26,2178,1985,3438
22,18007,18128,27,2177,1985,3422
22,18007,18128,28,2175,1986,3408
22,18007,18128,29,2173,1986,3397
22,18007,18128,30,2171,1985,3384
22,18007,18128,31,2169,1986,3368
22,18007,18128,32,2166,1986,3351
22,18007,18128,33,2165,1985,3339
22,18007,18128,34,2163,1985,3326
22,18007,18128,35,2163,1985,3302
22,18007,18128,36,2160,1985,3296
22,18007,18128,37,2158,1985,3281
22,18007,18128,38,2156,1984,3267
22,18007,18128,39,2154,1984,3252
22,18007,18128,40,2152,1985,3227
22,18007,18128,41,2149,1985,3223
22,18007,18128,42,2147,1985,3211
22,18007,18128,43,2146,1985,3194
22,18007,18128,44,2143,1985,3185
22,18007,18128,45,2142,1984,3161
22,18007,18128,46,2139,1985,3153
22,18007,18128,47,2137,1985,3138
22,18007,18128,48,2135,1985,3124
22,18007,18128,49,2134,1985,3110
22,18007,18128,50,2132,1985,3094
22,18007,18128,51,2129,1984,3083
22,18007,18128,52,2128,1985,3068
22,18007,18128,53,2125,1984,3053
22,18007,18128,54,2124,1985,3041
22,18007,18128,55,2121,1985,3027
22,18007,18128,56,2121,1985,3009
22,18007,18128,57,2117,1984,2999
22,18007,18128,58,2117,1985,2984
22,18007,18128,59,2113,1984,2963
22,18007,18128,60,2112,1984,2954
22,18007,18128,61,2111,1984,2938
22,18007,18128,62,2109,1984,2926
22,18007,18128,63,2107,1984,2913
22,18007,18128,64,2104,1984,2895
22,18007,18128,65,2102,1984,2885
22,18007,18128,66,2100,1984,2869
22,18007,18128,67,2099,1985,2855
22,18007,18128,68,2096,1984,2841
22,18007,18128,69,2094,1985,2827
22,18007,18128,70,2092,1984,2815
22,18007,18128,71,2090,1985,2799
22,18007,18128,72,2088,1983,2785
22,18007,18128,73,2088,1984,2768
22,18007,18128,74,2085,1984,2753
22,18007,18128,75,2082,1984,2739
22,18007,18128,76,2081,1984,2726
22,18007,18128,77,2079,1984,2713
22,18007,18128,78,2076,1984,2699
22,18007,18128,79,2075,1984,2685
22,18007,18128,80,2073,1984,2670
22,18007,18128,81,2071,1984,2673
22,18007,18128,82,2069,1983,2646
22,18007,18128,83,2066,1984,2622
22,18007,18128,84,2065,1984,2614
22,18007,18128,85,2063,1984,2603
22,18007,18128,86,2061,1983,2586
22,18007,18128,87,2059,1984,2575
22,18007,18128,88,2058,1983,2561
22,18007,18128,89,2057,1983,2556
22,18007,18128,90,2059,1984,2572
22,18007,18128,91,2062,1984,2585
22,18007,18128,92,2063,1985,2601
22,18007,18128,93,2065,1984,2616
22,18007,18128,94,2067,1985,2626
22,18007,18128,95,2069,1984,2645
22,18007,18128,96,2072,1984,2654
22,18007,18128,97,2073,1984,2668
22,18007,18128,98,2076,1984,2682
22,18007,18128,99,2076,1984,2700
22,18007,18128,100,2080,1984,2713
22,18007,18128,101,2081,1984,2725
22,18007,18128,102,2083,1984,2742
22,18007,18128,103,2085,1984,2753
22,18007,18128,104,2086,1985,2775
22,18007,18128,105,2088,1984,2784
22,18007,18128,106,2090,1985,2802
22,18007,18128,107,2092,1985,2812
22,18007,18128,108,2094,1984,2824
22,18007,18128,109,2096,1984,2839
22,18007,18128,110,2098,1984,2854
22,18007,18128,111,2101,1984,2870
22,18007,18128,112,2102,1984,2885
22,18007,18128,113,2105,1985,2901
22,18007,18128,114,2109,1985,2913
22,18007,18128,115,2108,1985,2925
22,18007,18128,116,2110,1984,2937
22,18007,18128,117,2113,1985,2952
22,18007,18128,118,2114,1985,2972
22,18007,18128,119,2116,1985,2981
22,18007,18128,120,2117,1985,2997
22,18007,18128,121,2121,1985,3013
22,18007,18128,122,2121,1985,3044
22,18007,18128,123,2124,1985,3037
22,18007,18128,124,2125,1985,3057
22,18007,18128,125,2127,1984,3067
22,18007,18128,126,2131,1985,3087
22,18007,18128,127,2132,1985,3095
22,18007,18128,128,2134,1985,3111
22,18007,18128,129,2136,1985,3121
22,18007,18128,130,2137,1985,3140
22,18007,18128,131,2139,1986,3152
22,18007,18128,132,2142,1986,3165
22,18007,18128,133,2143,1985,3181
22,18007,18128,134,2146,1986,3200
22,18007,18128,135,2146,1985,3213
22,18007,18128,136,2150,1985,3224
22,18007,18128,137,2151,1985,3239
22,18007,18128,138,2155,1985,3260
22,18007,18128,139,2155,1985,3270
22,18007,18128,140,2157,1985,3280
22,18007,18128,141,2159,1985,3292
22,18007,18128,142,2160,1985,3310
22,18007,18128,143,2168,1986,3325
22,18007,18128,144,2165,1986,3337
22,18007,18128,145,2167,1985,3353
22,18007,18128,146,2167,1985,3364
22,18007,18128,147,2171,1985,3377
22,18007,18128,148,2174,1985,3396
22,18007,18128,149,2174,1985,3408
22,18007,18128,150,2177,1985,3422
22,18007,18128,151,2178,1985,3440
22,18007,18128,152,2181,1985,3453
22,18007,18128,153,2183,1985,3468
22,18007,18128,154,2185,1985,3478
22,18007,18128,155,2184,1986,3472
22,18007,18128,156,2185,1986,3471
22,18007,18128,157,2187,1986,3483
22,18007,18128,158,2188,1986,3499
22,18007,18128,159,2188,1986,3507
22,18007,18128,160,2190,1986,3517
22,18007,18128,161,2190,1985,3512
22,18007,18128,162,2184,1985,3438
22,18007,18128,163,2170,1985,3362
22,18007,18128,164,2159,1984,3260
22,18007,18128,165,2142,1984,3155
22,18007,18128,166,2131,1984,3045
22,18007,18128,167,2113,1983,2925
22,18007,18128,168,2098,1984,2803
22,18007,18128,169,2079,1982,2658
22,18007,18128,170,2063,1982,2534
22,18007,18128,171,2041,1983,2407
22,18007,18128,172,2023,1982,2265
22,18007,18128,173,2005,1982,2131
22,18007,18128,174,1987,1982,1996
22,18007,18128,175,1966,1981,1869
22,18007,18128,176,1950,1982,1771
22,18007,18128,177,1940,1981,1658
22,18007,18128,178,1937,1982,1599
22,18007,18128,179,1919,1981,1485
22,18007,18128,180,1899,1981,1360
22,18007,18128,181,1891,1980,1236
22,18007,18128,182,1866,1980,1092
22,18007,18128,183,1851,1979,955
22,18007,18128,184,1833,1978,811
22,18007,18128,185,1817,1977,658
22,18007,18128,186,1796,1976,498
22,18007,18128,187,1780,1975,369
22,18007,18128,188,1762,1973,212
22,18007,18128,189,1760,1974,228
22,18007,18128,190,1762,1975,241
22,18007,18128,191,1763,1974,255
22,18007,18128,192,1765,1975,268
22,18007,18128,193,1766,1975,284
22,18007,18128,194,1768,1975,297
22,18007,18128,195,1770,1975,314
22,18007,18128,196,1771,1975,318
22,18007,18128,197,1773,1976,341
22,18007,18128,198,1773,1975,355
22,18007,18128,199,1776,1976,368
22,18007,18128,200,1776,1975,383
22,18007,18128,201,1779,1976,398
22,18007,18128,202,1780,1976,413
22,18007,18128,203,1782,1976,427
22,18007,18128,204,1784,1976,442
22,18007,18128,205,1786,1977,453
22,18007,18128,206,1787,1977,471
22,18007,18128,207,1788,1977,482
22,18007,18128,208,1789,1977,495
22,18007,18128,209,1791,1977,513
22,18007,18128,210,1794,1977,522
22,18007,18128,211,1795,1977,538
22,18007,18128,212,1797,1978,554
22,18007,18128,213,1799,1978,566
22,18007,18128,214,1800,1977,583
22,18007,18128,215,1802,1978,599
22,18007,18128,216,1803,1978,611
22,18007,18128,217,1805,1979,622
22,18007,18128,218,1808,1979,641
22,18007,18128,219,1809,1979,656
22,18007,18128,220,1811,1979,664
22,18007,18128,221,1811,1979,683
22,18007,18128,222,1815,1979,699
22,18007,18128,223,1815,1979,709
22,18007,18128,224,1816,1979,722
22,18007,18128,225,1819,1979,740
22,18007,18128,226,1820,1979,753
22,18007,18128,227,1821,1979,766
22,18007,18128,228,1824,1979,781
22,18007,18128,229,1825,1979,794
22,18007,18128,230,1827,1979,809
22,18007,18128,231,1828,1979,823
22,18007,18128,232,1830,1980,836
22,18007,18128,233,1832,1980,852
22,18007,18128,234,1833,1980,863
22,18007,18128,235,1835,1980,881
22,18007,18128,236,1837,1980,892
22,18007,18128,237,1838,1980,914
22,18007,18128,238,1840,1980,924
22,18007,18128,239,1841,1980,936
22,18007,18128,240,1843,1980,952
22,18007,18128,241,1845,1980,968
22,18007,18128,242,1847,1980,983
22,18007,18128,243,1849,1980,993
22,18007,18128,244,1850,1980,1009
22,18007,18128,245,1852,1981,1020
22,18007,18128,246,1854,1980,1038
22,18007,18128,247,1856,1980,1051
22,18007,18128,248,1857,1980,1065
22,18007,18128,249,1859,1980,1078
22,18007,18128,250,1860,1980,1093
22,18007,18128,251,1863,1980,1108
22,18007,18128,252,1865,1980,1121
22,18007,18128,253,1867,1980,1137
22,18007,18128,254,1867,1981,1151
22,18007,18128,255,1870,1981,1166
22,18007,18128,256,1872,1981,1179
22,18007,18128,257,1873,1981,1194
22,18007,18128,258,1875,1981,1206
22,18007,18128,259,1877,1981,1224
22,18007,18128,260,1878,1981,1235
22,18007,18128,261,1880,1981,1249
22,18007,18128,262,1882,1982,1264
22,18007,18128,263,1884,1981,1278
22,18007,18128,264,1886,1982,1291
22,18007,18128,265,1887,1982,1305
22,18007,18128,266,1889,1981,1320
22,18007,18128,267,1890,1981,1324
22,18007,18128,268,1889,1981,1304
22,18007,18128,269,1886,1981,1293
22,18007,18128,270,1884,1981,1278
22,18007,18128,271,1882,1981,1263
22,18007,18128,272,1881,1981,1251
22,18007,18128,273,1878,1981,1238
22,18007,18128,274,1877,1981,1220
22,18007,18128,275,1875,1980,1207
22,18007,18128,276,1873,1981,1191
22,18007,18128,277,1873,1980,1181
22,18007,18128,278,1869,1980,1164
22,18007,18128,279,1868,1980,1149
22,18007,18128,280,1867,1981,1135
22,18007,18128,281,1865,1980,1116
22,18007,18128,282,1862,1980,1106
22,18007,18128,283,1861,1980,1105
22,18007,18128,284,1859,1980,1080
22,18007,18128,285,1856,1980,1066
22,18007,18128,286,1855,1980,1051
22,18007,18128,287,1854,1980,1035
22,18007,18128,288,1853,1980,1021
22,18007,18128,289,1850,1980,1006
22,18007,18128,290,1849,1980,996
22,18007,18128,291,1847,1980,977
22,18007,18128,292,1845,1980,963
22,18007,18128,293,1844,1979,951
22,18007,18128,294,1842,1979,937
22,18007,18128,295,1840,1979,927
22,18007,18128,296,1838,1979,908
22,18007,18128,297,1836,1979,896
22,18007,18128,298,1835,1979,880
22,18007,18128,299,1833,1979,866
22,18007,18128,300,1832,1979,853
22,18007,18128,301,1827,1979,840
22,18007,18128,302,1828,1979,822
22,18007,18128,303,1826,1979,809
22,18007,18128,304,1825,1978,795
22,18007,18128,305,1823,1979,779
22,18007,18128,306,1822,1979,766
22,18007,18128,307,1820,1978,752
22,18007,18128,308,1819,1979,739
22,18007,18128,309,1816,1979,723
22,18007,18128,310,1815,1979,711
22,18007,18128,311,1813,1978,698
22,18007,18128,312,1812,1978,683
22,18007,18128,313,1809,1978,669
22,18007,18128,314,1808,1979,655
22,18007,18128,315,1806,1978,639
22,18007,18128,316,1804,1978,624
22,18007,18128,317,1805,1978,613
22,18007,18128,318,1801,1977,596
22,18007,18128,319,1802,1977,576
22,18007,18128,320,1798,1978,570
22,18007,18128,321,1796,1978,553
22,18007,18128,322,1795,1978,539
22,18007,18128,323,1795,1978,526
22,18007,18128,324,1792,1977,507
22,18007,18128,325,1791,1978,496
22,18007,18128,326,1788,1977,482
22,18007,18128,327,1787,1977,469
22,18007,18128,328,1785,1976,455
22,18007,18128,329,1784,1977,440
22,18007,18128,330,1778,1976,426
22,18007,18128,331,1781,1976,409
22,18007,18128,332,1779,1976,396
22,18007,18128,333,1777,1976,383
22,18007,18128,334,1776,1976,371
22,18007,18128,335,1775,1976,352
22,18007,18128,336,1772,1975,341
22,18007,18128,337,1771,1975,327
22,18007,18128,338,1769,1975,313
22,18007,18128,339,1768,1975,296
22,18007,18128,340,1767,1975,281
22,18007,18128,341,1765,1974,268
22,18007,18128,342,1763,1974,257
22,18007,18128,343,1761,1974,239
22,18007,18128,344,1759,1974,229
22,18007,18128,345,1758,1973,213
22,18007,18128,346,1758,1974,200
22,18007,18128,347,1755,1973,185
22,18007,18128,348,1753,1973,171
22,18007,18128,349,1754,1973,166
22,18007,18128,350,1760,1975,257
22,18007,18128,351,1769,1976,341
22,18007,18128,352,1782,1976,452
22,18007,18128,353,1795,1978,565
22,18007,18128,354,1807,1979,686
22,18007,18128,355,1822,1980,805
23,18189,18310,0,2005,2031,1231
23,18189,18310,1,1882,1982,1274
23,18189,18310,2,1892,1982,1362
23,18189,18310,3,1902,1982,1464
23,18189,18310,4,1918,1983,1568
23,18189,18310,5,1934,1982,1671
23,18189,18310,6,1947,1983,1791
23,18189,18310,7,1964,1983,1883
23,18189,18310,8,1976,1983,1979
23,18189,18310,9,1990,1983,2090
23,18189,18310,10,2007,1983,2214
23,18189,18310,11,2021,1984,2339
23,18189,18310,12,2040,1985,2471
23,18189,18310,13,2056,1985,2605
23,18189,18310,14,2080,1985,2761
23,18189,18310,15,2096,1985,2890
23,18189,18310,16,2120,1985,3040
23,18189,18310,17,2136,1986,3187
23,18189,18310,18,2160,1986,3341
23,18189,18310,19,2180,1986,3477
23,18189,18310,20,2187,1985,3488
23,18189,18310,21,2184,1985,3472
23,18189,18310,22,2184,1985,3474
23,18189,18310,23,2185,1986,3476
23,18189,18310,24,2182,1985,3465
23,18189,18310,25,2181,1986,3448
23,18189,18310,26,2179,1985,3437
23,18189,18310,27,2176,1985,3424
23,18189,18310,28,2175,1985,3411
23,18189,18310,29,2173,1986,3398
23,18189,18310,30,2171,1985,3381
23,18189,18310,31,2168,1985,3371
23,18189,18310,32,2168,1986,3351
23,18189,18310,33,2165,1985,3341
23,18189,18310,34,2164,1986,3324
23,18189,18310,35,2161,1985,3308
23,18189,18310,36,2159,1985,3294
23,18189,18310,37,2158,1985,3280
23,18189,18310,38,2156,1985,3268
23,18189,18310,39,2154,1985,3253
23,18189,18310,40,2151,1985,3235
23,18189,18310,41,2149,1985,3226
23,18189,18310,42,2147,1985,3210
23,18189,18310,43,2145,1985,3196
23,18189,18310,44,2143,1985,3179
23,18189,18310,45,2141,1984,3169
23,18189,18310,46,2139,1985,3152
23,18189,18310,47,2137,1984,3141
23,18189,18310,48,2136,1984,3124
23,18189,18310,49,2134,1984,3105
23,18189,18310,50,2131,1985,3093
23,18189,18310,51,2130,1985,3082
23,18189,18310,52,2128,1985,3064
23,18189,18310,53,2126,1985,3052
23,18189,18310,54,2124,1985,3048
23,18189,18310,55,2122,1985,3024
23,18189,18310,56,2120,1984,3012
23,18189,18310,57,2118,1984,2995
23,18189,18310,58,2115,1984,2978
23,18189,18310,59,2113,1984,2969
23,18189,18310,60,2112,1984,2954
23,18189,18310,61,2110,1984,2942
23,18189,18310,62,2108,1984,2922
23,18189,18310,63,2108,1984,2912
23,18189,18310,64,2104,1984,2899
23,18189,18310,65,2103,1985,2883
23,18189,18310,66,2099,1984,2871
23,18189,18310,67,2099,1984,2853
23,18189,18310,68,2097,1984,2840
23,18189,18310,69,2095,1984,2827
23,18189,18310,70,2093,1984,2813
23,18189,18310,71,2090,1983,2796
23,18189,18310,72,2089,1984,2783
23,18189,18310,73,2087,1984,2770
23,18189,18310,74,2085,1984,2760
23,18189,18310,75,2082,1984,2746
23,18189,18310,76,2081,1984,2727
23,18189,18310,77,2078,1984,2711
23,18189,18310,78,2077,1984,2698
23,18189,18310,79,2074,1984,2684
23,18189,18310,80,2073,1984,2670
23,18189,18310,81,2072,1984,2654
23,18189,18310,82,2069,1984,2641
23,18189,18310,83,2066,1984,2627
23,18189,18310,84,2067,1984,2615
23,18189,18310,85,2064,1984,2599
23,18189,18310,86,2060,1984,2590
23,18189,18310,87,2058,1984,2573
23,18189,18310,88,2058,1984,2559
23,18189,18310,89,2057,1983,2555
23,18189,18310,90,2059,1984,2572
23,18189,18310,91,2062,1984,2586
23,18189,18310,92,2063,1984,2599
23,18189,18310,93,2064,1983,2615
23,18189,18310,94,2067,1984,2628
23,18189,18310,95,2069,1984,2645
23,18189,18310,96,2071,1984,2658
23,18189,18310,97,2073,1984,2671
23,18189,18310,98,2073,1984,2685
23,18189,18310,99,2077,1984,2698
23,18189,18310,100,2079,1984,2713
23,18189,18310,101,2081,1984,2724
23,18189,18310,102,2083,1984,2744
23,18189,18310,103,2085,1984,2749
23,18189,18310,104,2086,1984,2763
23,18189,18310,105,2089,1984,2785
23,18189,18310,106,2090,1984,2798
23,18189,18310,107,2094,1984,2814
23,18189,18310,108,2093,1984,2824
23,18189,18310,109,2097,1984,2841
23,18189,18310,110,2098,1984,2856
23,18189,18310,111,2100,1984,2871
23,18189,18310,112,2101,1984,2882
23,18189,18310,113,2104,1984,2880
23,18189,18310,114,2107,1984,2911
23,18189,18310,115,2108,1984,2925
23,18189,18310,116,2109,1984,2938
23,18189,18310,117,2112,1985,2959
23,18189,18310,118,2114,1985,2969
23,18189,18310,119,2115,1984,2983
23,18189,18310,120,2119,1984,3000
23,18189,18310,121,2120,1984,3007
23,18189,18310,122,2121,1985,3025
23,18189,18310,123,2123,1985,3041
23,18189,18310,124,2126,1984,3052
23,18189,18310,125,2127,1985,3070
23,18189,18310,126,2130,1984,3080
23,18189,18310,127,2131,1985,3093
23,18189,18310,128,2134,1985,3111
23,18189,18310,129,2135,1985,3128
23,18189,18310,130,2137,1985,3134
23,18189,18310,131,2139,1985,3152
23,18189,18310,132,2141,1985,3167
23,18189,18310,133,2143,1985,3182
23,18189,18310,134,2145,1985,3196
23,18189,18310,135,2148,1985,3210
23,18189,18310,136,2150,1985,3224
23,18189,18310,137,2152,1985,3237
23,18189,18310,138,2153,1985,3251
23,18189,18310,139,2155,1986,3268
23,18189,18310,140,2156,1985,3278
23,18189,18310,141,2159,1985,3295
23,18189,18310,142,2160,1985,3307
23,18189,18310,143,2163,1985,3327
23,18189,18310,144,2164,1985,3340
23,18189,18310,145,2167,1985,3353
23,18189,18310,146,2168,1985,3367
23,18189,18310,147,2171,1985,3383
23,18189,18310,148,2172,1985,3397
23,18189,18310,149,2174,1985,3411
23,18189,18310,150,2178,1986,3424
23,18189,18310,151,2178,1985,3434
23,18189,18310,152,2181,1986,3449
23,18189,18310,153,2183,1985,3466
23,18189,18310,154,2184,1986,3477
23,18189,18310,155,2184,1985,3471
23,18189,18310,156,2183,1985,3471
23,18189,18310,157,2186,1986,3488
23,18189,18310,158,2188,1986,3500
23,18189,18310,159,2190,1986,3518
23,18189,18310,160,2190,1986,3519
23,18189,18310,161,2190,1985,3470
23,18189,18310,162,2178,1985,3399
23,18189,18310,163,2164,1984,3282
23,18189,18310,164,2151,1984,3204
23,18189,18310,165,2137,1984,3098
23,18189,18310,166,2121,1984,2991
23,18189,18310,167,2107,1984,2887
23,18189,18310,168,2091,1983,2762
23,18189,18310,169,2077,1983,2643
23,18189,18310,170,2057,1983,2573
23,18189,18310,171,2042,1982,2390
23,18189,18310,172,2023,1982,2246
23,18189,18310,173,2003,1981,2099
23,18189,18310,174,1983,1981,1989
23,18189,18310,175,1973,1981,1848
23,18189,18310,176,1946,1981,1709
23,18189,18310,177,1931,1980,1579
23,18189,18310,178,1917,1981,1494
23,18189,18310,179,1902,1980,1415
23,18189,18310,180,1893,1980,1298
23,18189,18310,181,1878,1980,1190
23,18189,18310,182,1863,1979,1061
23,18189,18310,183,1850,1979,956
23,18189,18310,184,1836,1978,800
23,18189,18310,185,1817,1978,661
23,18189,18310,186,1800,1976,522
23,18189,18310,187,1783,1976,385
23,18189,18310,188,1767,1974,233
23,18189,18310,189,1760,1974,228
23,18189,18310,190,1762,1974,241
23,18189,18310,191,1764,1975,262
23,18189,18310,192,1764,1975,270
23,18189,18310,193,1767,1975,283
23,18189,18310,194,1768,1976,298
23,18189,18310,195,1769,1976,313
23,18189,18310,196,1771,1975,324
23,18189,18310,197,1773,1975,342
23,18189,18310,198,1774,1976,357
23,18189,18310,199,1776,1976,369
23,18189,18310,200,1777,1977,391
23,18189,18310,201,1779,1976,398
23,18189,18310,202,1780,1976,412
23,18189,18310,203,1782,1976,428
23,18189,18310,204,1784,1976,442
23,18189,18310,205,1785,1977,453
23,18189,18310,206,1787,1977,467
23,18189,18310,207,1788,1978,482
23,18189,18310,208,1791,1978,496
23,18189,18310,209,1792,1977,510
23,18189,18310,210,1793,1977,523
23,18189,18310,211,1795,1977,540
23,18189,18310,212,1796,1977,554
23,18189,18310,213,1799,1978,561
23,18189,18310,214,1800,1978,577
23,18189,18310,215,1801,1978,592
23,18189,18310,216,1803,1978,609
23,18189,18310,217,1805,1978,622
23,18189,18310,218,1806,1978,638
23,18189,18310,219,1809,1978,660
23,18189,18310,220,1810,1978,666
23,18189,18310,221,1812,1978,711
23,18189,18310,222,1813,1979,698
23,18189,18310,223,1815,1979,709
23,18189,18310,224,1816,1979,726
23,18189,18310,225,1818,1979,739
23,18189,18310,226,1819,1979,754
23,18189,18310,227,1822,1979,769
23,18189,18310,228,1823,1979,783
23,18189,18310,229,1825,1980,794
23,18189,18310,230,1826,1980,809
23,18189,18310,231,1828,1979,823
23,18189,18310,232,1829,1980,838
23,18189,18310,233,1831,1979,857
23,18189,18310,234,1833,1980,866
23,18189,18310,235,1835,1979,879
23,18189,18310,236,1837,1980,894
23,18189,18310,237,1839,1979,908
23,18189,18310,238,1841,1980,924
23,18189,18310,239,1842,1980,935
23,18189,18310,240,1843,1980,946
23,18189,18310,241,1845,1980,967
23,18189,18310,242,1846,1980,980
23,18189,18310,243,1848,1980,995
23,18189,18310,244,1851,1980,1008
23,18189,18310,245,1852,1979,1022
23,18189,18310,246,1854,1980,1035
23,18189,18310,247,1856,1980,1051
23,18189,18310,248,1857,1980,1063
23,18189,18310,249,1859,1980,1077
23,18189,18310,250,1861,1981,1088
23,18189,18310,251,1862,1981,1110
23,18189,18310,252,1865,1981,1123
23,18189,18310,253,1865,1980,1136
23,18189,18310,254,1868,1981,1150
23,18189,18310,255,1869,1980,1166
23,18189,18310,256,1871,1980,1176
23,18189,18310,257,1873,1980,1189
23,18189,18310,258,1875,1981,1206
23,18189,18310,259,1877,1981,1223
23,18189,18310,260,1878,1981,1236
23,18189,18310,261,1881,1981,1251
23,18189,18310,262,1882,1980,1261
23,18189,18310,263,1885,1981,1278
23,18189,18310,264,1886,1981,1291
23,18189,18310,265,1888,1981,1307
23,18189,18310,266,1888,1981,1318
23,18189,18310,267,1889,1981,1318
23,18189,18310,268,1887,1982,1325
23,18189,18310,269,1886,1982,1294
23,18189,18310,270,1883,1981,1277
23,18189,18310,271,1882,1981,1262
23,18189,18310,272,1876,1981,1248
23,18189,18310,273,1878,1981,1230
23,18189,18310,274,1877,1981,1224
23,18189,18310,275,1875,1981,1207
23,18189,18310,276,1873,1980,1191
23,18189,18310,277,1872,1981,1180
23,18189,18310,278,1870,1981,1165
23,18189,18310,279,1868,1981,1151
23,18189,18310,280,1866,1980,1136
23,18189,18310,281,1865,1981,1121
23,18189,18310,282,1863,1980,1106
23,18189,18310,283,1861,1980,1092
23,18189,18310,284,1859,1980,1085
23,18189,18310,285,1857,1980,1063
23,18189,18310,286,1855,1980,1052
23,18189,18310,287,1854,1980,1033
23,18189,18310,288,1852,1979,1025
23,18189,18310,289,1850,1980,1011
23,18189,18310,290,1848,1979,999
23,18189,18310,291,1847,1980,979
23,18189,18310,292,1846,1980,966
23,18189,18310,293,1844,1980,950
23,18189,18310,294,1842,1980,939
23,18189,18310,295,1840,1980,925
23,18189,18310,296,1837,1979,910
23,18189,18310,297,1835,1980,894
23,18189,18310,298,1835,1979,880
23,18189,18310,299,1833,1979,863
23,18189,18310,300,1832,1979,849
23,18189,18310,301,1830,1979,838
23,18189,18310,302,1826,1979,821
23,18189,18310,303,1827,1979,809
23,18189,18310,304,1825,1978,792
23,18189,18310,305,1823,1979,781
23,18189,18310,306,1822,1979,766
23,18189,18310,307,1819,1978,753
23,18189,18310,308,1818,1978,735
23,18189,18310,309,1816,1978,727
23,18189,18310,310,1815,1979,709
23,18189,18310,311,1813,1978,696
23,18189,18310,312,1812,1978,679
23,18189,18310,313,1810,1978,678
23,18189,18310,314,1808,1978,652
23,18189,18310,315,1807,1978,640
23,18189,18310,316,1805,1978,623
23,18189,18310,317,1803,1977,609
23,18189,18310,318,1802,1977,598
23,18189,18310,319,1800,1978,581
23,18189,18310,320,1799,1977,568
23,18189,18310,321,1797,1977,554
23,18189,18310,322,1795,1977,541
23,18189,18310,323,1793,1977,522
23,18189,18310,324,1793,1977,519
23,18189,18310,325,1790,1977,496
23,18189,18310,326,1788,1977,482
23,18189,18310,327,1787,1976,468
23,18189,18310,328,1786,1977,451
23,18189,18310,329,1784,1976,441
23,18189,18310,330,1782,1976,426
23,18189,18310,331,1780,1976,412
23,18189,18310,332,1780,1976,397
23,18189,18310,333,1777,1976,384
23,18189,18310,334,1777,1976,366
23,18189,18310,335,1774,1976,355
23,18189,18310,336,1773,1975,343
23,18189,18310,337,1771,1975,328
23,18189,18310,338,1769,1975,312
23,18189,18310,339,1768,1975,297
23,18189,18310,340,1766,1975,285
23,18189,18310,341,1764,1975,269
23,18189,18310,342,1764,1974,254
23,18189,18310,343,1762,1974,252
23,18189,18310,344,1758,1974,226
23,18189,18310,345,1758,1974,215
23,18189,18310,346,1756,1973,193
23,18189,18310,347,1755,1973,187
23,18189,18310,348,1756,1974,182
23,18189,18310,349,1761,1975,257
23,18189,18310,350,1771,1976,343
23,18189,18310,351,1778,1976,405
23,18189,18310,352,1790,1977,491
23,18189,18310,353,1797,1978,551
23,18189,18310,354,1810,1979,694
23,18189,18310,355,1823,1980,816
24,18366,18486,0,1997,2026,1195
24,18366,18486,1,1877,1982,1262
24,18366,18486,2,1891,1983,1377
24,18366,18486,3,1911,1984,1500
24,18366,18486,4,1922,1983,1633
24,18366,18486,5,1944,1983,1738
24,18366,18486,6,1959,1984,1890
24,18366,18486,7,1980,1984,2027
24,18366,18486,8,1994,1984,2142
24,18366,18486,9,2012,1984,2257
24,18366,18486,10,2030,1984,2401
24,18366,18486,11,2047,1984,2527
24,18366,18486,12,2064,1984,2644
24,18366,18486,13,2080,1985,2764
24,18366,18486,14,2097,1985,2895
24,18366,18486,15,2126,1985,3021
24,18366,18486,16,2131,1986,3168
24,18366,18486,17,2155,1985,3277
24,18366,18486,18,2174,1986,3430
24,18366,18486,19,2184,1986,3501
24,18366,18486,20,2186,1985,3492
24,18366,18486,21,2184,1985,3472
24,18366,18486,22,2184,1985,3472
24,18366,18486,23,2184,1986,3477
24,18366,18486,24,2183,1986,3465
24,18366,18486,25,2178,1986,3454
24,18366,18486,26,2179,1986,3434
24,18366,18486,27,2177,1986,3424
24,18366,18486,28,2174,1986,3406
24,18366,18486,29,2172,1985,3396
24,18366,18486,30,2172,1986,3381
24,18366,18486,31,2168,1985,3360
24,18366,18486,32,2166,1985,3353
24,18366,18486,33,2166,1986,3338
24,18366,18486,34,2163,1985,3323
24,18366,18486,35,2162,1985,3308
24,18366,18486,36,2159,1985,3296
24,18366,18486,37,2157,1985,3280
24,18366,18486,38,2156,1985,3266
24,18366,18486,39,2153,1985,3250
24,18366,18486,40,2151,1985,3240
24,18366,18486,41,2149,1985,3225
24,18366,18486,42,2147,1985,3214
24,18366,18486,43,2145,1985,3198
24,18366,18486,44,2144,1985,3181
24,18366,18486,45,2141,1985,3146
24,18366,18486,46,2140,1985,3157
24,18366,18486,47,2138,1985,3137
24,18366,18486,48,2135,1985,3124
24,18366,18486,49,2132,1985,3110
24,18366,18486,50,2132,1985,3095
24,18366,18486,51,2129,1985,3085
24,18366,18486,52,2128,1985,3069
24,18366,18486,53,2125,1985,3057
24,18366,18486,54,2124,1985,3038
24,18366,18486,55,2122,1984,3027
24,18366,18486,56,2120,1985,3009
24,18366,18486,57,2118,1984,2998
24,18366,18486,58,2116,1984,2983
24,18366,18486,59,2114,1984,2971
24,18366,18486,60,2112,1984,2956
24,18366,18486,61,2110,1984,2943
24,18366,18486,62,2107,1984,2925
24,18366,18486,63,2107,1984,2911
24,18366,18486,64,2104,1984,2896
24,18366,18486,65,2101,1984,2884
24,18366,18486,66,2099,1984,2870
24,18366,18486,67,2100,1984,2856
24,18366,18486,68,2096,1983,2838
24,18366,18486,69,2094,1984,2827
24,18366,18486,70,2092,1984,2814
24,18366,18486,71,2090,1984,2799
24,18366,18486,72,2087,1984,2786
24,18366,18486,73,2086,1984,2768
24,18366,18486,74,2085,1984,2756
24,18366,18486,75,2082,1984,2739
24,18366,18486,76,2081,1983,2726
24,18366,18486,77,2078,1984,2712
24,18366,18486,78,2076,1984,2697
24,18366,18486,79,2074,1983,2683
24,18366,18486,80,2072,1984,2677
24,18366,18486,81,2071,1984,2657
24,18366,18486,82,2069,1983,2644
24,18366,18486,83,2067,1983,2629
24,18366,18486,84,2066,1983,2617
24,18366,18486,85,2062,1983,2603
24,18366,18486,86,2061,1983,2586
24,18366,18486,87,2059,1983,2572
24,18366,18486,88,2057,1984,2559
24,18366,18486,89,2058,1984,2558
24,18366,18486,90,2059,1984,2573
24,18366,18486,91,2061,1984,2585
24,18366,18486,92,2063,1984,2599
24,18366,18486,93,2065,1984,2616
24,18366,18486,94,2067,1984,2635
24,18366,18486,95,2070,1984,2643
24,18366,18486,96,2071,1985,2658
24,18366,18486,97,2073,1984,2670
24,18366,18486,98,2075,1984,2685
24,18366,18486,99,2077,1984,2698
24,18366,18486,100,2078,1984,2713
24,18366,18486,101,2080,1984,2726
24,18366,18486,102,2082,1984,2739
24,18366,18486,103,2085,1984,2756
24,18366,18486,104,2087,1984,2767
24,18366,18486,105,2089,1984,2787
24,18366,18486,106,2091,1984,2798
24,18366,18486,107,2092,1984,2811
24,18366,18486,108,2094,1984,2824
24,18366,18486,109,2096,1984,2837
24,18366,18486,110,2097,1984,2854
24,18366,18486,111,2099,1984,2869
24,18366,18486,112,2102,1985,2886
24,18366,18486,113,2104,1985,2900
24,18366,18486,114,2106,1984,2910
24,18366,18486,115,2108,1984,2929
24,18366,18486,116,2110,1985,2942
24,18366,18486,117,2112,1985,2955
24,18366,18486,118,2113,1985,2967
24,18366,18486,119,2117,1984,2981
24,18366,18486,120,2119,1985,3000
24,18366,18486,121,2122,1985,3011
24,18366,18486,122,2121,1985,3027
24,18366,18486,123,2124,1985,3040
24,18366,18486,124,2125,1985,3053
24,18366,18486,125,2128,1984,3066
24,18366,18486,126,2129,1984,3086
24,18366,18486,127,2132,1985,3095
24,18366,18486,128,2133,1985,3112
24,18366,18486,129,2135,1984,3122
24,18366,18486,130,2137,1984,3139
24,18366,18486,131,2140,1984,3152
24,18366,18486,132,2142,1986,3167
24,18366,18486,133,2143,1985,3180
24,18366,18486,134,2146,1985,3196
24,18366,18486,135,2147,1985,3213
24,18366,18486,136,2149,1985,3227
24,18366,18486,137,2151,1986,3240
24,18366,18486,138,2153,1986,3252
24,18366,18486,139,2155,1985,3271
24,18366,18486,140,2156,1985,3280
24,18366,18486,141,2159,1986,3294
24,18366,18486,142,2161,1985,3307
24,18366,18486,143,2163,1985,3326
24,18366,18486,144,2165,1985,3336
24,18366,18486,145,2167,1985,3352
24,18366,18486,146,2169,1985,3366
24,18366,18486,147,2171,1985,3382
24,18366,18486,148,2173,1985,3395
24,18366,18486,149,2176,1985,3409
24,18366,18486,150,2177,1986,3422
24,18366,18486,151,2179,1986,3438
24,18366,18486,152,2181,1986,3446
24,18366,18486,153,2183,1985,3466
24,18366,18486,154,2185,1986,3476
24,18366,18486,155,2184,1986,3473
24,18366,18486,156,2183,1986,3471
24,18366,18486,157,2187,1986,3484
24,18366,18486,158,2188,1986,3502
24,18366,18486,159,2188,1986,3511
24,18366,18486,160,2190,1986,3521
24,18366,18486,161,2191,1986,3519
24,18366,18486,162,2188,1985,3482
24,18366,18486,163,2175,1984,3387
24,18366,18486,164,2164,1984,3259
24,18366,18486,165,2146,1983,3166
24,18366,18486,166,2135,1984,3050
24,18366,18486,167,2114,1983,2927
24,18366,18486,168,2100,1983,2793
24,18366,18486,169,2079,1983,2673
24,18366,18486,170,2062,1982,2545
24,18366,18486,171,2044,1983,2418
24,18366,18486,172,2025,1982,2296
24,18366,18486,173,2008,1982,2127
24,18366,18486,174,1988,1981,1952
24,18366,18486,175,1965,1981,1801
24,18366,18486,176,1941,1980,1642
24,18366,18486,177,1920,1980,1492
24,18366,18486,178,1905,1980,1404
24,18366,18486,179,1890,1980,1272
24,18366,18486,180,1873,1980,1165
24,18366,18486,181,1859,1979,1065
24,18366,18486,182,1842,1978,900
24,18366,18486,183,1828,1978,768
24,18366,18486,184,1811,1978,644
24,18366,18486,185,1798,1976,519
24,18366,18486,186,1785,1975,388
24,18366,18486,187,1770,1974,251
24,18366,18486,188,1758,1974,214
24,18366,18486,189,1760,1974,227
24,18366,18486,190,1761,1974,239
24,18366,18486,191,1763,1974,254
24,18366,18486,192,1765,1975,272
24,18366,18486,193,1766,1975,283
24,18366,18486,194,1767,1975,299
24,18366,18486,195,1770,1975,306
24,18366,18486,196,1771,1975,326
24,18366,18486,197,1772,1975,316
24,18366,18486,198,1774,1976,356
24,18366,18486,199,1776,1976,371
24,18366,18486,200,1777,1976,382
24,18366,18486,201,1780,1976,403
24,18366,18486,202,1781,1975,412
24,18366,18486,203,1782,1976,425
24,18366,18486,204,1783,1976,441
24,18366,18486,205,1785,1976,455
24,18366,18486,206,1787,1976,468
24,18366,18486,207,1788,1977,481
24,18366,18486,208,1790,1977,495
24,18366,18486,209,1793,1977,511
24,18366,18486,210,1794,1977,529
24,18366,18486,211,1794,1977,538
24,18366,18486,212,1797,1978,553
24,18366,18486,213,1795,1977,569
24,18366,18486,214,1800,1978,580
24,18366,18486,215,1801,1978,596
24,18366,18486,216,1803,1978,610
24,18366,18486,217,1805,1978,623
24,18366,18486,218,1806,1979,638
24,18366,18486,219,1808,1978,657
24,18366,18486,220,1809,1978,666
24,18366,18486,221,1812,1978,681
24,18366,18486,222,1813,1978,696
24,18366,18486,223,1815,1979,705
24,18366,18486,224,1816,1978,726
24,18366,18486,225,1818,1979,740
24,18366,18486,226,1820,1979,748
24,18366,18486,227,1821,1979,768
24,18366,18486,228,1822,1979,783
24,18366,18486,229,1825,1980,800
24,18366,18486,230,1826,1980,807
24,18366,18486,231,1828,1980,824
24,18366,18486,232,1830,1979,836
24,18366,18486,233,1831,1979,859
24,18366,18486,234,1832,1979,865
24,18366,18486,235,1835,1979,881
24,18366,18486,236,1836,1980,897
24,18366,18486,237,1838,1980,908
24,18366,18486,238,1840,1979,924
24,18366,18486,239,1841,1980,935
24,18366,18486,240,1845,1980,951
24,18366,18486,241,1845,1980,972
24,18366,18486,242,1847,1980,980
24,18366,18486,243,1849,1980,993
24,18366,18486,244,1849,1980,1006
24,18366,18486,245,1853,1980,1022
24,18366,18486,246,1854,1980,1039
24,18366,18486,247,1855,1980,1050
24,18366,18486,248,1858,1980,1064
24,18366,18486,249,1859,1980,1078
24,18366,18486,250,1861,1980,1093
24,18366,18486,251,1862,1981,1107
24,18366,18486,252,1864,1981,1122
24,18366,18486,253,1866,1981,1135
24,18366,18486,254,1867,1980,1149
24,18366,18486,255,1869,1980,1163
24,18366,18486,256,1873,1981,1179
24,18366,18486,257,1873,1980,1190
24,18366,18486,258,1876,1981,1206
24,18366,18486,259,1877,1981,1222
24,18366,18486,260,1879,1981,1234
24,18366,18486,261,1880,1981,1247
24,18366,18486,262,1882,1981,1264
24,18366,18486,263,1882,1981,1274
24,18366,18486,264,1886,1981,1291
24,18366,18486,265,1887,1981,1306
24,18366,18486,266,1889,1981,1314
24,18366,18486,267,1889,1981,1320
24,18366,18486,268,1888,1981,1305
24,18366,18486,269,1887,1980,1291
24,18366,18486,270,1884,1981,1283
24,18366,18486,271,1882,1981,1262
24,18366,18486,272,1881,1981,1249
24,18366,18486,273,1879,1981,1238
24,18366,18486,274,1877,1980,1227
24,18366,18486,275,1875,1981,1209
24,18366,18486,276,1873,1981,1182
24,18366,18486,277,1872,1981,1179
24,18366,18486,278,1869,1980,1168
24,18366,18486,279,1868,1981,1143
24,18366,18486,280,1866,1980,1140
24,18366,18486,281,1864,1980,1122
24,18366,18486,282,1862,1981,1109
24,18366,18486,283,1861,1980,1092
24,18366,18486,284,1860,1980,1079
24,18366,18486,285,1857,1980,1071
24,18366,18486,286,1856,1980,1051
24,18366,18486,287,1854,1980,1035
24,18366,18486,288,1852,1980,1022
24,18366,18486,289,1850,1980,1007
24,18366,18486,290,1849,1980,991
24,18366,18486,291,1846,1980,973
24,18366,18486,292,1845,1980,965
24,18366,18486,293,1842,1980,952
24,18366,18486,294,1842,1980,942
24,18366,18486,295,1839,1979,922
24,18366,18486,296,1838,1980,909
24,18366,18486,297,1836,1980,893
24,18366,18486,298,1835,1980,877
24,18366,18486,299,1833,1979,867
24,18366,18486,300,1832,1979,850
24,18366,18486,301,1830,1980,839
24,18366,18486,302,1828,1980,821
24,18366,18486,303,1826,1979,807
24,18366,18486,304,1825,1979,797
24,18366,18486,305,1823,1979,780
24,18366,18486,306,1821,1978,764
24,18366,18486,307,1819,1979,756
24,18366,18486,308,1816,1979,737
24,18366,18486,309,1816,1978,723
24,18366,18486,310,1814,1978,709
24,18366,18486,311,1813,1978,697
24,18366,18486,312,1811,1978,681
24,18366,18486,313,1810,1978,670
24,18366,18486,314,1807,1978,651
24,18366,18486,315,1807,1978,641
24,18366,18486,316,1805,1977,625
24,18366,18486,317,1803,1978,609
24,18366,18486,318,1801,1977,596
24,18366,18486,319,1800,1977,582
24,18366,18486,320,1798,1978,569
24,18366,18486,321,1797,1977,554
24,18366,18486,322,1794,1977,538
24,18366,18486,323,1794,1977,522
24,18366,18486,324,1792,1976,510
24,18366,18486,325,1790,1977,496
24,18366,18486,326,1789,1977,481
24,18366,18486,327,1787,1977,464
24,18366,18486,328,1785,1976,458
24,18366,18486,329,1784,1976,436
24,18366,18486,330,1782,1976,425
24,18366,18486,331,1780,1976,411
24,18366,18486,332,1779,1976,398
24,18366,18486,333,1777,1976,379
24,18366,18486,334,1776,1976,368
24,18366,18486,335,1774,1975,355
24,18366,18486,336,1773,1975,340
24,18366,18486,337,1771,1975,324
24,18366,18486,338,1769,1976,312
24,18366,18486,339,1768,1975,301
24,18366,18486,340,1767,1975,285
24,18366,18486,341,1764,1974,271
24,18366,18486,342,1763,1975,220
24,18366,18486,343,1761,1974,239
24,18366,18486,344,1760,1975,224
24,18366,18486,345,1757,1973,217
24,18366,18486,346,1757,1974,197
24,18366,18486,347,1755,1973,185
24,18366,18486,348,1761,1974,236
24,18366,18486,349,1767,1975,342
24,18366,18486,350,1781,1977,422
24,18366,18486,351,1791,1978,534
24,18366,18486,352,1807,1979,648
24,18366,18486,353,1818,1980,767
24,18366,18486,354,1831,1981,864
24,18366,18486,355,1846,1981,989
25,18540,18661,0,1996,2024,1236
25,18540,18661,1,1880,1983,1297
25,18540,18661,2,1895,1982,1360
25,18540,18661,3,1905,1982,1463
25,18540,18661,4,1920,1982,1564
25,18540,18661,5,1932,1982,1640
25,18540,18661,6,1940,1982,1724
25,18540,18661,7,1954,1982,1828
25,18540,18661,8,1968,1982,1906
25,18540,18661,9,1984,1984,2067
25,18540,18661,10,2000,1984,2188
25,18540,18661,11,2018,1985,2328
25,18540,18661,12,2040,1985,2476
25,18540,18661,13,2059,1985,2611
25,18540,18661,14,2077,1986,2779
25,18540,18661,15,2103,1985,2910
25,18540,18661,16,2120,1986,3061
25,18540,18661,17,2142,1986,3207
25,18540,18661,18,2161,1986,3369
25,18540,18661,19,2183,1986,3482
25,18540,18661,20,2186,1985,3487
25,18540,18661,21,2184,1985,3481
25,18540,18661,22,2184,1985,3471
25,18540,18661,23,2185,1985,3473
25,18540,18661,24,2183,1985,3465
25,18540,18661,25,2181,1986,3450
25,18540,18661,26,2179,1986,3434
25,18540,18661,27,2176,1985,3421
25,18540,18661,28,2174,1986,3408
25,18540,18661,29,2173,1985,3393
25,18540,18661,30,2171,1985,3379
25,18540,18661,31,2169,1986,3370
25,18540,18661,32,2167,1986,3348
25,18540,18661,33,2165,1986,3339
25,18540,18661,34,2162,1985,3323
25,18540,18661,35,2161,1986,3308
25,18540,18661,36,2158,1985,3296
25,18540,18661,37,2157,1985,3280
25,18540,18661,38,2155,1986,3265
25,18540,18661,39,2153,1985,3253
25,18540,18661,40,2151,1985,3237
25,18540,18661,41,2150,1984,3218
25,18540,18661,42,2147,1985,3208
25,18540,18661,43,2145,1985,3196
25,18540,18661,44,2143,1985,3184
25,18540,18661,45,2142,1985,3169
25,18540,18661,46,2140,1985,3124
25,18540,18661,47,2137,1985,3137
25,18540,18661,48,2135,1985,3123
25,18540,18661,49,2134,1985,3109
25,18540,18661,50,2133,1985,3095
25,18540,18661,51,2129,1985,3079
25,18540,18661,52,2127,1985,3067
25,18540,18661,53,2126,1985,3057
25,18540,18661,54,2124,1985,3040
25,18540,18661,55,2121,1985,3023
25,18540,18661,56,2120,1985,3016
25,18540,18661,57,2117,1984,2997
25,18540,18661,58,2116,1985,2979
25,18540,18661,59,2114,1984,2965
25,18540,18661,60,2113,1985,2953
25,18540,18661,61,2109,1985,2936
25,18540,18661,62,2108,1985,2925
25,18540,18661,63,2107,1984,2913
25,18540,18661,64,2104,1984,2896
25,18540,18661,65,2102,1984,2881
25,18540,18661,66,2099,1985,2869
25,18540,18661,67,2098,1985,2855
25,18540,18661,68,2096,1984,2841
25,18540,18661,69,2095,1984,2826
25,18540,18661,70,2092,1984,2813
25,18540,18661,71,2090,1984,2799
25,18540,18661,72,2088,1984,2784
25,18540,18661,73,2087,1984,2768
25,18540,18661,74,2085,1984,2755
25,18540,18661,75,2082,1984,2742
25,18540,18661,76,2080,1984,2727
25,18540,18661,77,2079,1984,2710
25,18540,18661,78,2078,1984,2699
25,18540,18661,79,2075,1984,2683
25,18540,18661,80,2072,1983,2670
25,18540,18661,81,2073,1984,2656
25,18540,18661,82,2069,1984,2646
25,18540,18661,83,2066,1984,2629
25,18540,18661,84,2065,1984,2611
25,18540,18661,85,2063,1984,2599
25,18540,18661,86,2061,1984,2586
25,18540,18661,87,2057,1984,2570
25,18540,18661,88,2058,1984,2559
25,18540,18661,89,2057,1984,2557
25,18540,18661,90,2059,1984,2571
25,18540,18661,91,2062,1984,2585
25,18540,18661,92,2062,1984,2605
25,18540,18661,93,2066,1985,2617
25,18540,18661,94,2067,1984,2624
25,18540,18661,95,2069,1984,2641
25,18540,18661,96,2072,1984,2655
25,18540,18661,97,2073,1984,2670
25,18540,18661,98,2075,1984,2684
25,18540,18661,99,2077,1984,2696
25,18540,18661,100,2078,1984,2712
25,18540,18661,101,2081,1984,2727
25,18540,18661,102,2083,1984,2740
25,18540,18661,103,2083,1984,2756
25,18540,18661,104,2086,1984,2769
25,18540,18661,105,2088,1983,2781
25,18540,18661,106,2091,1984,2797
25,18540,18661,107,2092,1985,2799
25,18540,18661,108,2094,1984,2823
25,18540,18661,109,2096,1984,2841
25,18540,18661,110,2098,1984,2854
25,18540,18661,111,2100,1985,2871
25,18540,18661,112,2102,1984,2887
25,18540,18661,113,2104,1985,2894
25,18540,18661,114,2106,1985,2912
25,18540,18661,115,2109,1985,2926
25,18540,18661,116,2110,1985,2938
25,18540,18661,117,2112,1985,2955
25,18540,18661,118,2113,1985,2968
25,18540,18661,119,2115,1985,2980
25,18540,18661,120,2117,1985,2997
25,18540,18661,121,2119,1985,3007
25,18540,18661,122,2122,1985,3026
25,18540,18661,123,2124,1984,3038
25,18540,18661,124,2126,1984,3055
25,18540,18661,125,2128,1985,3063
25,18540,18661,126,2129,1985,3081
25,18540,18661,127,2133,1985,3096
25,18540,18661,128,2132,1985,3108
25,18540,18661,129,2136,1986,3127
25,18540,18661,130,2138,1985,3138
25,18540,18661,131,2139,1985,3152
25,18540,18661,132,2141,1985,3168
25,18540,18661,133,2143,1985,3182
25,18540,18661,134,2145,1985,3200
25,18540,18661,135,2146,1985,3212
25,18540,18661,136,2149,1985,3225
25,18540,18661,137,2151,1985,3237
25,18540,18661,138,2153,1985,3252
25,18540,18661,139,2156,1985,3266
25,18540,18661,140,2157,1985,3281
25,18540,18661,141,2159,1986,3303
25,18540,18661,142,2160,1985,3309
25,18540,18661,143,2163,1985,3325
25,18540,18661,144,2164,1985,3335
25,18540,18661,145,2166,1985,3351
25,18540,18661,146,2169,1985,3365
25,18540,18661,147,2171,1985,3379
25,18540,18661,148,2172,1985,3395
25,18540,18661,149,2175,1985,3407
25,18540,18661,150,2177,1985,3423
25,18540,18661,151,2179,1985,3440
25,18540,18661,152,2181,1985,3448
25,18540,18661,153,2183,1986,3465
25,18540,18661,154,2184,1986,3476
25,18540,18661,155,2184,1986,3474
25,18540,18661,156,2184,1986,3471
25,18540,18661,157,2185,1985,3483
25,18540,18661,158,2188,1985,3494
25,18540,18661,159,2189,1986,3511
25,18540,18661,160,2189,1986,3515
25,18540,18661,161,2189,1986,3508
25,18540,18661,162,2182,1984,3424
25,18540,18661,163,2171,1984,3343
25,18540,18661,164,2158,1985,3249
25,18540,18661,165,2145,1984,3141
25,18540,18661,166,2131,1984,3033
25,18540,18661,167,2111,1983,2915
25,18540,18661,168,2097,1983,2790
25,18540,18661,169,2077,1983,2667
25,18540,18661,170,2069,1982,2532
25,18540,18661,171,2043,1983,2402
25,18540,18661,172,2027,1982,2274
25,18540,18661,173,2006,1981,2134
25,18540,18661,174,1987,1981,1993
25,18540,18661,175,1968,1982,1872
25,18540,18661,176,1947,1981,1739
25,18540,18661,177,1938,1981,1636
25,18540,18661,178,1927,1981,1575
25,18540,18661,179,1915,1981,1473
25,18540,18661,180,1898,1980,1350
25,18540,18661,181,1883,1980,1219
25,18540,18661,182,1866,1979,1091
25,18540,18661,183,1852,1979,954
25,18540,18661,184,1831,1978,799
25,18540,18661,185,1816,1977,624
25,18540,18661,186,1799,1977,489
25,18540,18661,187,1779,1974,350
25,18540,18661,188,1763,1974,215
25,18540,18661,189,1760,1974,228
25,18540,18661,190,1761,1974,241
25,18540,18661,191,1762,1974,253
25,18540,18661,192,1764,1974,270
25,18540,18661,193,1766,1976,286
25,18540,18661,194,1767,1974,300
25,18540,18661,195,1770,1975,315
25,18540,18661,196,1770,1975,328
25,18540,18661,197,1773,1976,341
25,18540,18661,198,1774,1975,355
25,18540,18661,199,1776,1976,366
25,18540,18661,200,1778,1976,383
25,18540,18661,201,1779,1976,401
25,18540,18661,202,1782,1976,412
25,18540,18661,203,1781,1976,434
25,18540,18661,204,1784,1976,441
25,18540,18661,205,1785,1977,454
25,18540,18661,206,1786,1977,468
25,18540,18661,207,1789,1977,480
25,18540,18661,208,1790,1976,495
25,18540,18661,209,1792,1978,508
25,18540,18661,210,1793,1977,524
25,18540,18661,211,1795,1977,539
25,18540,18661,212,1797,1977,553
25,18540,18661,213,1798,1978,571
25,18540,18661,214,1799,1977,584
25,18540,18661,215,1801,1978,595
25,18540,18661,216,1803,1978,613
25,18540,18661,217,1805,1978,624
25,18540,18661,218,1806,1978,636
25,18540,18661,219,1807,1978,653
25,18540,18661,220,1810,1978,666
25,18540,18661,221,1812,1978,683
25,18540,18661,222,1812,1979,695
25,18540,18661,223,1814,1978,709
25,18540,18661,224,1817,1978,718
25,18540,18661,225,1817,1979,741
25,18540,18661,226,1820,1979,752
25,18540,18661,227,1822,1978,768
25,18540,18661,228,1823,1978,777
25,18540,18661,229,1825,1979,796
25,18540,18661,230,1826,1979,809
25,18540,18661,231,1828,1979,824
25,18540,18661,232,1830,1979,837
25,18540,18661,233,1832,1979,849
25,18540,18661,234,1833,1979,868
25,18540,18661,235,1834,1980,882
25,18540,18661,236,1836,1979,894
25,18540,18661,237,1838,1980,908
25,18540,18661,238,1837,1980,922
25,18540,18661,239,1842,1980,935
25,18540,18661,240,1842,1980,955
25,18540,18661,241,1845,1980,965
25,18540,18661,242,1846,1980,980
25,18540,18661,243,1849,1980,992
25,18540,18661,244,1850,1980,1009
25,18540,18661,245,1852,1980,1023
25,18540,18661,246,1853,1981,1034
25,18540,18661,247,1855,1980,1050
25,18540,18661,248,1857,1980,1063
25,18540,18661,249,1859,1981,1080
25,18540,18661,250,1864,1980,1095
25,18540,18661,251,1862,1980,1099
25,18540,18661,252,1864,1980,1119
25,18540,18661,253,1867,1980,1135
25,18540,18661,254,1868,1980,1147
25,18540,18661,255,1869,1981,1164
25,18540,18661,256,1872,1981,1177
25,18540,18661,257,1873,1981,1193
25,18540,18661,258,1875,1981,1226
25,18540,18661,259,1876,1981,1223
25,18540,18661,260,1879,1981,1231
25,18540,18661,261,1880,1981,1253
25,18540,18661,262,1882,1981,1263
25,18540,18661,263,1884,1981,1275
25,18540,18661,264,1886,1981,1291
25,18540,18661,265,1889,1981,1305
25,18540,18661,266,1889,1981,1317
25,18540,18661,267,1890,1981,1320
25,18540,18661,268,1888,1980,1305
25,18540,18661,269,1886,1981,1294
25,18540,18661,270,1884,1981,1264
25,18540,18661,271,1883,1981,1261
25,18540,18661,272,1880,1981,1249
25,18540,18661,273,1879,1981,1233
25,18540,18661,274,1876,1981,1219
25,18540,18661,275,1875,1981,1208
25,18540,18661,276,1873,1980,1193
25,18540,18661,277,1872,1981,1181
25,18540,18661,278,1870,1981,1163
25,18540,18661,279,1868,1981,1149
25,18540,18661,280,1866,1981,1147
25,18540,18661,281,1865,1981,1123
25,18540,18661,282,1862,1981,1107
25,18540,18661,283,1861,1980,1093
25,18540,18661,284,1859,1981,1079
25,18540,18661,285,1857,1981,1065
25,18540,18661,286,1854,1980,1051
25,18540,18661,287,1854,1980,1036
25,18540,18661,288,1852,1980,1018
25,18540,18661,289,1850,1980,1005
25,18540,18661,290,1848,1980,992
25,18540,18661,291,1848,1980,978
25,18540,18661,292,1845,1980,964
25,18540,18661,293,1843,1979,946
25,18540,18661,294,1840,1980,940
25,18540,18661,295,1840,1980,923
25,18540,18661,296,1838,1980,911
25,18540,18661,297,1837,1980,894
25,18540,18661,298,1835,1980,875
25,18540,18661,299,1834,1979,864
25,18540,18661,300,1831,1979,852
25,18540,18661,301,1830,1979,838
25,18540,18661,302,1828,1979,827
25,18540,18661,303,1826,1979,813
25,18540,18661,304,1825,1979,792
25,18540,18661,305,1822,1979,784
25,18540,18661,306,1822,1978,764
25,18540,18661,307,1819,1978,752
25,18540,18661,308,1818,1978,739
25,18540,18661,309,1816,1978,725
25,18540,18661,310,1815,1978,707
25,18540,18661,311,1813,1978,694
25,18540,18661,312,1811,1978,684
25,18540,18661,313,1809,1978,659
25,18540,18661,314,1807,1978,653
25,18540,18661,315,1807,1978,640
25,18540,18661,316,1805,1977,625
25,18540,18661,317,1803,1977,608
25,18540,18661,318,1802,1977,595
25,18540,18661,319,1800,1977,583
25,18540,18661,320,1797,1977,570
25,18540,18661,321,1798,1978,554
25,18540,18661,322,1794,1977,537
25,18540,18661,323,1793,1977,521
25,18540,18661,324,1791,1977,513
25,18540,18661,325,1790,1978,497
25,18540,18661,326,1788,1977,481
25,18540,18661,327,1788,1977,466
25,18540,18661,328,1785,1976,455
25,18540,18661,329,1784,1977,438
25,18540,18661,330,1781,1976,425
25,18540,18661,331,1781,1976,410
25,18540,18661,332,1779,1976,395
25,18540,18661,333,1778,1976,383
25,18540,18661,334,1775,1976,369
25,18540,18661,335,1774,1976,358
25,18540,18661,336,1773,1975,340
25,18540,18661,337,1771,1975,324
25,18540,18661,338,1769,1975,313
25,18540,18661,339,1768,1974,292
25,18540,18661,340,1766,1975,286
25,18540,18661,341,1764,1975,268
25,18540,18661,342,1763,1975,256
25,18540,18661,343,1762,1974,241
25,18540,18661,344,1760,1974,230
25,18540,18661,345,1759,1974,213
25,18540,18661,346,1756,1974,199
25,18540,18661,347,1755,1974,184
25,18540,18661,348,1753,1974,170
25,18540,18661,349,1757,1974,208
25,18540,18661,350,1763,1974,251
25,18540,18661,351,1772,1976,355
25,18540,18661,352,1781,1977,457
25,18540,18661,353,1795,1978,565
25,18540,18661,354,1810,1978,671
25,18540,18661,355,1821,1980,813
26,18714,18835,0,1991,2026,1190
26,18714,18835,1,1878,1983,1279
26,18714,18835,2,1891,1981,1349
26,18714,18835,3,1905,1982,1458
26,18714,18835,4,1915,1982,1555
26,18714,18835,5,1933,1982,1669
26,18714,18835,6,1946,1983,1793
26,18714,18835,7,1969,1984,1960
26,18714,18835,8,1988,1984,2101
26,18714,18835,9,2008,1984,2248
26,18714,18835,10,2029,1985,2392
26,18714,18835,11,2049,1984,2538
26,18714,18835,12,2069,1985,2676
26,18714,18835,13,2087,1985,2811
26,18714,18835,14,2107,1985,2950
26,18714,18835,15,2125,1985,3071
26,18714,18835,16,2143,1986,3209
26,18714,18835,17,2158,1986,3328
26,18714,18835,18,2175,1985,3448
26,18714,18835,19,2188,1987,3498
26,18714,18835,20,2187,1985,3493
26,18714,18835,21,2184,1986,3471
26,18714,18835,22,2184,1986,3473
26,18714,18835,23,2185,1986,3476
26,18714,18835,24,2183,1985,3465
26,18714,18835,25,2182,1985,3449
26,18714,18835,26,2179,1986,3433
26,18714,18835,27,2177,1985,3424
26,18714,18835,28,2175,1985,3408
26,18714,18835,29,2173,1985,3399
26,18714,18835,30,2171,1985,3382
26,18714,18835,31,2169,1985,3365
26,18714,18835,32,2165,1986,3350
26,18714,18835,33,2166,1985,3337
26,18714,18835,34,2163,1986,3319
26,18714,18835,35,2161,1986,3315
26,18714,18835,36,2159,1985,3294
26,18714,18835,37,2157,1985,3280
26,18714,18835,38,2155,1986,3265
26,18714,18835,39,2152,1985,3252
26,18714,18835,40,2151,1986,3242
26,18714,18835,41,2149,1985,3223
26,18714,18835,42,2148,1985,3216
26,18714,18835,43,2145,1985,3198
26,18714,18835,44,2144,1985,3182
26,18714,18835,45,2141,1985,3173
26,18714,18835,46,2139,1985,3153
26,18714,18835,47,2138,1985,3139
26,18714,18835,48,2135,1985,3122
26,18714,18835,49,2133,1985,3109
26,18714,18835,50,2131,1985,3094
26,18714,18835,51,2130,1985,3082
26,18714,18835,52,2128,1985,3069
26,18714,18835,53,2126,1985,3050
26,18714,18835,54,2123,1985,3038
26,18714,18835,55,2122,1985,3010
26,18714,18835,56,2119,1985,3009
26,18714,18835,57,2118,1985,2993
26,18714,18835,58,2116,1984,2981
26,18714,18835,59,2113,1985,2969
26,18714,18835,60,2112,1985,2955
26,18714,18835,61,2110,1985,2939
26,18714,18835,62,2108,1985,2924
26,18714,18835,63,2106,1985,2913
26,18714,18835,64,2104,1984,2900
26,18714,18835,65,2103,1984,2886
26,18714,18835,66,2100,1984,2871
26,18714,18835,67,2098,1984,2854
26,18714,18835,68,2096,1984,2840
26,18714,18835,69,2094,1984,2828
26,18714,18835,70,2092,1985,2814
26,18714,18835,71,2090,1984,2829
26,18714,18835,72,2088,1984,2783
26,18714,18835,73,2086,1984,2769
26,18714,18835,74,2084,1984,2762
26,18714,18835,75,2083,1984,2740
26,18714,18835,76,2080,1984,2726
26,18714,18835,77,2078,1984,2713
26,18714,18835,78,2076,1984,2699
26,18714,18835,79,2074,1984,2686
26,18714,18835,80,2074,1984,2668
26,18714,18835,81,2071,1983,2652
26,18714,18835,82,2069,1983,2644
26,18714,18835,83,2067,1983,2627
26,18714,18835,84,2065,1983,2612
26,18714,18835,85,2064,1984,2602
26,18714,18835,86,2061,1983,2585
26,18714,18835,87,2057,1983,2570
26,18714,18835,88,2058,1984,2557
26,18714,18835,89,2057,1984,2564
26,18714,18835,90,2059,1984,2571
26,18714,18835,91,2061,1984,2583
26,18714,18835,92,2064,1984,2600
26,18714,18835,93,2065,1984,2614
26,18714,18835,94,2066,1984,2629
26,18714,18835,95,2069,1984,2642
26,18714,18835,96,2071,1984,2653
26,18714,18835,97,2073,1984,2672
26,18714,18835,98,2073,1984,2684
26,18714,18835,99,2079,1985,2699
26,18714,18835,100,2078,1984,2711
26,18714,18835,101,2082,1985,2729
26,18714,18835,102,2083,1984,2741
26,18714,18835,103,2085,1985,2755
26,18714,18835,104,2086,1984,2770
26,18714,18835,105,2088,1985,2783
26,18714,18835,106,2090,1985,2803
26,18714,18835,107,2093,1984,2810
26,18714,18835,108,2095,1985,2824
26,18714,18835,109,2096,1985,2841
26,18714,18835,110,2098,1984,2851
26,18714,18835,111,2099,1985,2869
26,18714,18835,112,2102,1985,2886
26,18714,18835,113,2104,1984,2896
26,18714,18835,114,2108,1984,2911
26,18714,18835,115,2107,1984,2922
26,18714,18835,116,2110,1984,2938
26,18714,18835,117,2112,1984,2949
26,18714,18835,118,2113,1984,2965
26,18714,18835,119,2116,1985,2977
26,18714,18835,120,2117,1985,2993
26,18714,18835,121,2121,1985,3009
26,18714,18835,122,2121,1985,3024
26,18714,18835,123,2123,1985,3038
26,18714,18835,124,2125,1985,3054
26,18714,18835,125,2127,1985,3059
26,18714,18835,126,2130,1985,3081
26,18714,18835,127,2132,1985,3096
26,18714,18835,128,2134,1985,3115
26,18714,18835,129,2134,1985,3126
26,18714,18835,130,2137,1984,3135
26,18714,18835,131,2139,1985,3153
26,18714,18835,132,2138,1985,3167
26,18714,18835,133,2142,1985,3183
26,18714,18835,134,2146,1985,3193
26,18714,18835,135,2148,1985,3209
26,18714,18835,136,2149,1985,3225
26,18714,18835,137,2151,1985,3238
26,18714,18835,138,2151,1985,3253
26,18714,18835,139,2155,1985,3265
26,18714,18835,140,2157,1985,3279
26,18714,18835,141,2159,1985,3297
26,18714,18835,142,2161,1985,3314
26,18714,18835,143,2163,1985,3326
26,18714,18835,144,2164,1985,3337
26,18714,18835,145,2167,1986,3354
26,18714,18835,146,2168,1985,3364
26,18714,18835,147,2172,1985,3379
26,18714,18835,148,2172,1986,3393
26,18714,18835,149,2175,1986,3406
26,18714,18835,150,2175,1986,3423
26,18714,18835,151,2179,1986,3434
26,18714,18835,152,2179,1986,3449
26,18714,18835,153,2183,1985,3463
26,18714,18835,154,2184,1986,3476
26,18714,18835,155,2184,1986,3477
26,18714,18835,156,2184,1985,3471
26,18714,18835,157,2186,1986,3484
26,18714,18835,158,2187,1986,3507
26,18714,18835,159,2189,1986,3511
26,18714,18835,160,2189,1986,3519
26,18714,18835,161,2191,1985,3523
26,18714,18835,162,2191,1985,3513
26,18714,18835,163,2184,1985,3435
26,18714,18835,164,2168,1985,3332
26,18714,18835,165,2153,1984,3213
26,18714,18835,166,2135,1984,3079
26,18714,18835,167,2118,1984,2964
26,18714,18835,168,2101,1984,2831
26,18714,18835,169,2095,1983,2716
26,18714,18835,170,2065,1983,2564
26,18714,18835,171,2047,1982,2417
26,18714,18835,172,2027,1982,2291
26,18714,18835,173,2008,1983,2152
26,18714,18835,174,1989,1981,1996
26,18714,18835,175,1970,1981,1870
26,18714,18835,176,1949,1981,1728
26,18714,18835,177,1933,1979,1590
26,18714,18835,178,1919,1981,1484
26,18714,18835,179,1899,1979,1327
26,18714,18835,180,1881,1979,1186
26,18714,18835,181,1860,1979,1044
26,18714,18835,182,1845,1978,910
26,18714,18835,183,1827,1978,781
26,18714,18835,184,1811,1977,619
26,18714,18835,185,1794,1976,496
26,18714,18835,186,1779,1975,362
26,18714,18835,187,1763,1973,218
26,18714,18835,188,1758,1974,210
26,18714,18835,189,1760,1975,228
26,18714,18835,190,1762,1974,239
26,18714,18835,191,1763,1974,258
26,18714,18835,192,1765,1975,271
26,18714,18835,193,1766,1974,280
26,18714,18835,194,1768,1975,295
26,18714,18835,195,1770,1976,310
26,18714,18835,196,1771,1975,328
26,18714,18835,197,1772,1976,340
26,18714,18835,198,1774,1976,353
26,18714,18835,199,1776,1976,367
26,18714,18835,200,1777,1976,382
26,18714,18835,201,1780,1976,397
26,18714,18835,202,1780,1976,411
26,18714,18835,203,1782,1976,426
26,18714,18835,204,1784,1976,441
26,18714,18835,205,1785,1977,455
26,18714,18835,206,1788,1977,463
26,18714,18835,207,1788,1977,483
26,18714,18835,208,1790,1977,498
26,18714,18835,209,1791,1977,511
26,18714,18835,210,1794,1978,531
26,18714,18835,211,1794,1977,539
26,18714,18835,212,1796,1978,555
26,18714,18835,213,1798,1977,567
26,18714,18835,214,1800,1978,582
26,18714,18835,215,1801,1978,596
26,18714,18835,216,1803,1978,609
26,18714,18835,217,1804,1978,624
26,18714,18835,218,1807,1978,637
26,18714,18835,219,1808,1978,653
26,18714,18835,220,1810,1978,668
26,18714,18835,221,1811,1978,683
26,18714,18835,222,1813,1979,695
26,18714,18835,223,1814,1979,731
26,18714,18835,224,1816,1979,724
26,18714,18835,225,1818,1979,739
26,18714,18835,226,1819,1979,751
26,18714,18835,227,1821,1979,766
26,18714,18835,228,1823,1979,779
26,18714,18835,229,1825,1979,794
26,18714,18835,230,1826,1978,812
26,18714,18835,231,1828,1979,825
26,18714,18835,232,1830,1979,837
26,18714,18835,233,1832,1979,851
26,18714,18835,234,1834,1979,865
26,18714,18835,235,1835,1980,879
26,18714,18835,236,1836,1980,893
26,18714,18835,237,1838,1979,905
26,18714,18835,238,1839,1980,923
26,18714,18835,239,1842,1980,938
26,18714,18835,240,1844,1980,948
26,18714,18835,241,1846,1980,960
26,18714,18835,242,1847,1980,978
26,18714,18835,243,1849,1980,992
26,18714,18835,244,1850,1980,1008
26,18714,18835,245,1852,1980,1034
26,18714,18835,246,1853,1980,1036
26,18714,18835,247,1855,1980,1048
26,18714,18835,248,1857,1980,1064
26,18714,18835,249,1859,1980,1074
26,18714,18835,250,1860,1981,1094
26,18714,18835,251,1862,1981,1109
26,18714,18835,252,1865,1981,1122
26,18714,18835,253,1866,1980,1135
26,18714,18835,254,1869,1981,1150
26,18714,18835,255,1870,1981,1169
26,18714,18835,256,1872,1981,1178
26,18714,18835,257,1873,1981,1190
26,18714,18835,258,1875,1981,1205
26,18714,18835,259,1876,1981,1220
26,18714,18835,260,1878,1981,1234
26,18714,18835,261,1879,1981,1249
26,18714,18835,262,1883,1981,1264
26,18714,18835,263,1883,1981,1276
26,18714,18835,264,1885,1981,1293
26,18714,18835,265,1887,1981,1307
26,18714,18835,266,1889,1981,1320
26,18714,18835,267,1889,1981,1320
26,18714,18835,268,1887,1981,1308
26,18714,18835,269,1886,1981,1291
26,18714,18835,270,1884,1981,1277
26,18714,18835,271,1882,1981,1263
26,18714,18835,272,1879,1980,1247
26,18714,18835,273,1879,1981,1241
26,18714,18835,274,1877,1980,1221
26,18714,18835,275,1876,1981,1205
26,18714,18835,276,1872,1981,1192
26,18714,18835,277,1871,1981,1172
26,18714,18835,278,1869,1981,1163
26,18714,18835,279,1868,1980,1152
26,18714,18835,280,1867,1980,1136
26,18714,18835,281,1863,1981,1122
26,18714,18835,282,1863,1980,1109
26,18714,18835,283,1861,1981,1095
26,18714,18835,284,1859,1980,1078
26,18714,18835,285,1857,1980,1066
26,18714,18835,286,1856,1980,1050
26,18714,18835,287,1853,1981,1035
26,18714,18835,288,1852,1980,996
26,18714,18835,289,1851,1980,1006
26,18714,18835,290,1849,1980,996
26,18714,18835,291,1846,1979,978
26,18714,18835,292,1846,1980,967
26,18714,18835,293,1844,1979,952
26,18714,18835,294,1842,1980,938
26,18714,18835,295,1840,1979,923
26,18714,18835,296,1838,1979,909
26,18714,18835,297,1837,1979,894
26,18714,18835,298,1835,1980,880
26,18714,18835,299,1833,1979,857
26,18714,18835,300,1831,1979,853
26,18714,18835,301,1830,1979,838
26,18714,18835,302,1829,1979,820
26,18714,18835,303,1826,1979,808
26,18714,18835,304,1825,1979,793
26,18714,18835,305,1823,1979,778
26,18714,18835,306,1822,1979,777
26,18714,18835,307,1820,1978,751
26,18714,18835,308,1817,1979,738
26,18714,18835,309,1816,1979,725
26,18714,18835,310,1814,1979,707
26,18714,18835,311,1812,1978,694
26,18714,18835,312,1812,1978,682
26,18714,18835,313,1809,1978,663
26,18714,18835,314,1808,1978,656
26,18714,18835,315,1806,1978,639
26,18714,18835,316,1805,1978,624
26,18714,18835,317,1803,1977,613
26,18714,18835,318,1802,1978,598
26,18714,18835,319,1801,1978,582
26,18714,18835,320,1796,1977,570
26,18714,18835,321,1797,1978,553
26,18714,18835,322,1795,1977,540
26,18714,18835,323,1794,1978,526
26,18714,18835,324,1791,1977,500
26,18714,18835,325,1790,1977,496
26,18714,18835,326,1788,1977,482
26,18714,18835,327,1787,1977,471
26,18714,18835,328,1785,1976,455
26,18714,18835,329,1783,1976,438
26,18714,18835,330,1782,1976,426
26,18714,18835,331,1780,1976,414
26,18714,18835,332,1780,1976,397
26,18714,18835,333,1777,1975,384
26,18714,18835,334,1776,1976,370
26,18714,18835,335,1775,1976,354
26,18714,18835,336,1772,1976,342
26,18714,18835,337,1771,1976,327
26,18714,18835,338,1769,1975,312
26,18714,18835,339,1768,1975,298
26,18714,18835,340,1764,1975,283
26,18714,18835,341,1764,1975,267
26,18714,18835,342,1763,1974,252
26,18714,18835,343,1762,1974,237
26,18714,18835,344,1759,1974,229
26,18714,18835,345,1758,1974,211
26,18714,18835,346,1757,1974,197
26,18714,18835,347,1756,1973,184
26,18714,18835,348,1753,1973,170
26,18714,18835,349,1759,1975,272
26,18714,18835,350,1770,1976,359
26,18714,18835,351,1784,1978,486
26,18714,18835,352,1800,1978,598
26,18714,18835,353,1806,1979,736
26,18714,18835,354,1829,1981,867
26,18714,18835,355,1846,1982,1005
27,18888,19009,0,1997,2024,1234
27,18888,19009,1,1882,1983,1304
27,18888,19009,2,1895,1981,1385
27,18888,19009,3,1908,1982,1480
27,18888,19009,4,1921,1982,1576
27,18888,19009,5,1934,1982,1693
27,18888,19009,6,1950,1983,1810
27,18888,19009,7,1966,1983,1926
27,18888,19009,8,1980,1984,2053
27,18888,19009,9,2001,1983,2148
27,18888,19009,10,2010,1983,2253
27,18888,19009,11,2025,1984,2371
27,18888,19009,12,2046,1984,2484
27,18888,19009,13,2059,1985,2605
27,18888,19009,14,2077,1985,2755
27,18888,19009,15,2095,1985,2885
27,18888,19009,16,2119,1985,3025
27,18888,19009,17,2134,1986,3174
27,18888,19009,18,2156,1986,3328
27,18888,19009,19,2176,1986,3470
27,18888,19009,20,2185,1985,3484
27,18888,19009,21,2184,1985,3480
27,18888,19009,22,2184,1985,3473
27,18888,19009,23,2185,1985,3476
27,18888,19009,24,2182,1986,3468
27,18888,19009,25,2181,1985,3450
27,18888,19009,26,2179,1985,3438
27,18888,19009,27,2177,1986,3421
27,18888,19009,28,2175,1985,3410
27,18888,19009,29,2173,1985,3396
27,18888,19009,30,2171,1985,3379
27,18888,19009,31,2169,1986,3364
27,18888,19009,32,2167,1985,3353
27,18888,19009,33,2164,1985,3336
27,18888,19009,34,2164,1985,3322
27,18888,19009,35,2161,1985,3308
27,18888,19009,36,2160,1986,3291
27,18888,19009,37,2156,1985,3281
27,18888,19009,38,2156,1985,3265
27,18888,19009,39,2153,1985,3255
27,18888,19009,40,2151,1986,3239
27,18888,19009,41,2149,1985,3227
27,18888,19009,42,2147,1985,3209
27,18888,19009,43,2146,1985,3199
27,18888,19009,44,2143,1985,3180
27,18888,19009,45,2141,1985,3169
27,18888,19009,46,2139,1985,3150
27,18888,19009,47,2137,1985,3137
27,18888,19009,48,2136,1985,3122
27,18888,19009,49,2133,1985,3108
27,18888,19009,50,2132,1984,3094
27,18888,19009,51,2129,1985,3083
27,18888,19009,52,2127,1985,3066
27,18888,19009,53,2125,1985,3050
27,18888,19009,54,2123,1985,3035
27,18888,19009,55,2122,1985,3025
27,18888,19009,56,2119,1985,3011
27,18888,19009,57,2117,1984,3004
27,18888,19009,58,2116,1984,2985
27,18888,19009,59,2114,1984,2966
27,18888,19009,60,2112,1984,2951
27,18888,19009,61,2110,1984,2939
27,18888,19009,62,2109,1984,2926
27,18888,19009,63,2106,1985,2915
27,18888,19009,64,2103,1984,2899
27,18888,19009,65,2102,1984,2883
27,18888,19009,66,2101,1984,2867
27,18888,19009,67,2098,1984,2855
27,18888,19009,68,2096,1984,2837
27,18888,19009,69,2095,1984,2827
27,18888,19009,70,2093,1984,2813
27,18888,19009,71,2091,1984,2797
27,18888,19009,72,2089,1984,2783
27,18888,19009,73,2087,1984,2769
27,18888,19009,74,2084,1984,2755
27,18888,19009,75,2082,1984,2739
27,18888,19009,76,2081,1984,2720
27,18888,19009,77,2078,1985,2711
27,18888,19009,78,2077,1984,2697
27,18888,19009,79,2075,1984,2684
27,18888,19009,80,2074,1984,2659
27,18888,19009,81,2071,1983,2656
27,18888,19009,82,2069,1984,2642
27,18888,19009,83,2067,1984,2624
27,18888,19009,84,2066,1984,2617
27,18888,19009,85,2062,1984,2601
27,18888,19009,86,2061,1984,2587
27,18888,19009,87,2059,1984,2569
27,18888,19009,88,2058,1984,2556
27,18888,19009,89,2057,1983,2547
27,18888,19009,90,2059,1984,2571
27,18888,19009,91,2061,1984,2587
27,18888,19009,92,2064,1983,2598
27,18888,19009,93,2065,1984,2596
27,18888,19009,94,2067,1984,2626
27,18888,19009,95,2069,1984,2645
27,18888,19009,96,2070,1984,2656
27,18888,19009,97,2074,1984,2673
27,18888,19009,98,2074,1984,2685
27,18888,19009,99,2077,1984,2701
27,18888,19009,100,2079,1984,2711
27,18888,19009,101,2081,1985,2730
27,18888,19009,102,2082,1984,2745
27,18888,19009,103,2084,1985,2755
27,18888,19009,104,2086,1985,2768
27,18888,19009,105,2088,1984,2780
27,18888,19009,106,2091,1984,2803
27,18888,19009,107,2093,1984,2814
27,18888,19009,108,2094,1985,2826
27,18888,19009,109,2097,1985,2840
27,18888,19009,110,2097,1985,2852
27,18888,19009,111,2100,1985,2869
27,18888,19009,112,2102,1984,2882
27,18888,19009,113,2105,1985,2891
27,18888,19009,114,2107,1985,2911
27,18888,19009,115,2107,1985,2925
27,18888,19009,116,2110,1984,2940
27,18888,19009,117,2112,1985,2953
27,18888,19009,118,2114,1985,2971
27,18888,19009,119,2116,1985,2981
27,18888,19009,120,2118,1985,2994
27,18888,19009,121,2120,1985,3013
27,18888,19009,122,2121,1985,3025
27,18888,19009,123,2123,1985,3039
27,18888,19009,124,2125,1985,3052
27,18888,19009,125,2128,1985,3073
27,18888,19009,126,2130,1985,3081
27,18888,19009,127,2131,1985,3096
27,18888,19009,128,2135,1985,3105
27,18888,19009,129,2136,1985,3121
27,18888,19009,130,2138,1985,3140
27,18888,19009,131,2139,1985,3151
27,18888,19009,132,2141,1985,3163
27,18888,19009,133,2144,1985,3182
27,18888,19009,134,2145,1985,3194
27,18888,19009,135,2146,1985,3209
27,18888,19009,136,2149,1985,3224
27,18888,19009,137,2152,1985,3238
27,18888,19009,138,2152,1986,3254
27,18888,19009,139,2155,1986,3267
27,18888,19009,140,2157,1986,3283
27,18888,19009,141,2158,1985,3297
27,18888,19009,142,2161,1985,3310
27,18888,19009,143,2163,1985,3325
27,18888,19009,144,2164,1985,3340
27,18888,19009,145,2167,1986,3355
27,18888,19009,146,2168,1986,3370
27,18888,19009,147,2172,1986,3379
27,18888,19009,148,2172,1985,3394
27,18888,19009,149,2175,1986,3408
27,18888,19009,150,2177,1986,3425
27,18888,19009,151,2180,1986,3437
27,18888,19009,152,2180,1986,3451
27,18888,19009,153,2181,1986,3463
27,18888,19009,154,2185,1986,3475
27,18888,19009,155,2184,1986,3472
27,18888,19009,156,2184,1985,3471
27,18888,19009,157,2186,1985,3483
27,18888,19009,158,2187,1986,3498
27,18888,19009,159,2190,1986,3511
27,18888,19009,160,2189,1986,3513
27,18888,19009,161,2188,1986,3485
27,18888,19009,162,2174,1985,3373
27,18888,19009,163,2165,1984,3292
27,18888,19009,164,2149,1986,3198
27,18888,19009,165,2136,1984,3084
27,18888,19009,166,2118,1985,2973
27,18888,19009,167,2106,1983,2871
27,18888,19009,168,2088,1984,2742
27,18888,19009,169,2075,1983,2639
27,18888,19009,170,2056,1983,2516
27,18888,19009,171,2040,1982,2400
27,18888,19009,172,2022,1982,2249
27,18888,19009,173,2006,1982,2113
27,18888,19009,174,1984,1982,1983
27,18888,19009,175,1968,1982,1852
27,18888,19009,176,1941,1981,1710
27,18888,19009,177,1930,1980,1562
27,18888,19009,178,1917,1981,1498
27,18888,19009,179,1890,1980,1358
27,18888,19009,180,1885,1979,1228
27,18888,19009,181,1870,1980,1129
27,18888,19009,182,1859,1980,1035
27,18888,19009,183,1845,1979,916
27,18888,19009,184,1831,1978,796
27,18888,19009,185,1817,1978,670
27,18888,19009,186,1801,1977,536
27,18888,19009,187,1785,1975,358
27,18888,19009,188,1768,1975,246
27,18888,19009,189,1759,1974,221
27,18888,19009,190,1761,1974,239
27,18888,19009,191,1763,1974,253
27,18888,19009,192,1765,1975,273
27,18888,19009,193,1766,1974,283
27,18888,19009,194,1767,1975,299
27,18888,19009,195,1770,1975,311
27,18888,19009,196,1771,1975,325
27,18888,19009,197,1773,1976,338
27,18888,19009,198,1773,1976,355
27,18888,19009,199,1776,1976,367
27,18888,19009,200,1777,1976,379
27,18888,19009,201,1779,1977,397
27,18888,19009,202,1781,1976,414
27,18888,19009,203,1782,1976,426
27,18888,19009,204,1784,1976,436
27,18888,19009,205,1786,1976,453
27,18888,19009,206,1787,1977,468
27,18888,19009,207,1788,1977,481
27,18888,19009,208,1790,1977,501
27,18888,19009,209,1791,1977,509
27,18888,19009,210,1794,1978,525
27,18888,19009,211,1794,1977,538
27,18888,19009,212,1796,1978,559
27,18888,19009,213,1797,1978,566
27,18888,19009,214,1800,1978,582
27,18888,19009,215,1801,1978,598
27,18888,19009,216,1803,1978,610
27,18888,19009,217,1805,1978,624
27,18888,19009,218,1806,1979,636
27,18888,19009,219,1808,1978,643
27,18888,19009,220,1810,1978,666
27,18888,19009,221,1812,1978,683
27,18888,19009,222,1813,1978,696
27,18888,19009,223,1815,1979,709
27,18888,19009,224,1816,1979,722
27,18888,19009,225,1817,1979,738
27,18888,19009,226,1820,1979,751
27,18888,19009,227,1821,1979,766
27,18888,19009,228,1823,1979,784
27,18888,19009,229,1825,1979,786
27,18888,19009,230,1826,1980,809
27,18888,19009,231,1829,1980,823
27,18888,19009,232,1830,1980,838
27,18888,19009,233,1829,1980,854
27,18888,19009,234,1833,1980,866
27,18888,19009,235,1835,1980,880
27,18888,19009,236,1837,1980,892
27,18888,19009,237,1837,1980,908
27,18888,19009,238,1840,1980,923
27,18888,19009,239,1842,1980,936
27,18888,19009,240,1843,1980,950
27,18888,19009,241,1845,1980,965
27,18888,19009,242,1846,1979,979
27,18888,19009,243,1848,1980,994
27,18888,19009,244,1850,1980,1009
27,18888,19009,245,1852,1980,1024
27,18888,19009,246,1853,1980,1035
27,18888,19009,247,1856,1980,1055
27,18888,19009,248,1857,1980,1063
27,18888,19009,249,1859,1980,1070
27,18888,19009,250,1861,1980,1093
27,18888,19009,251,1864,1981,1107
27,18888,19009,252,1863,1981,1121
27,18888,19009,253,1866,1980,1133
27,18888,19009,254,1867,1981,1150
27,18888,19009,255,1869,1981,1167
27,18888,19009,256,1871,1980,1180
27,18888,19009,257,1873,1981,1191
27,18888,19009,258,1876,1981,1207
27,18888,19009,259,1877,1980,1220
27,18888,19009,260,1879,1980,1236
27,18888,19009,261,1880,1981,1248
27,18888,19009,262,1883,1981,1262
27,18888,19009,263,1884,1980,1278
27,18888,19009,264,1887,1981,1295
27,18888,19009,265,1887,1981,1306
27,18888,19009,266,1886,1981,1320
27,18888,19009,267,1889,1981,1328
27,18888,19009,268,1887,1981,1304
27,18888,19009,269,1886,1981,1291
27,18888,19009,270,1884,1981,1282
27,18888,19009,271,1882,1981,1262
27,18888,19009,272,1880,1981,1249
27,18888,19009,273,1878,1981,1237
27,18888,19009,274,1877,1980,1223
27,18888,19009,275,1875,1981,1206
27,18888,19009,276,1874,1980,1192
27,18888,19009,277,1871,1981,1181
27,18888,19009,278,1869,1980,1164
27,18888,19009,279,1869,1981,1148
27,18888,19009,280,1866,1981,1136
27,18888,19009,281,1864,1981,1118
27,18888,19009,282,1863,1980,1106
27,18888,19009,283,1861,1980,1094
27,18888,19009,284,1859,1980,1080
27,18888,19009,285,1858,1980,1066
27,18888,19009,286,1856,1980,1049
27,18888,19009,287,1854,1980,1035
27,18888,19009,288,1851,1980,1023
27,18888,19009,289,1850,1980,1006
27,18888,19009,290,1849,1979,995
27,18888,19009,291,1846,1980,981
27,18888,19009,292,1845,1979,957
27,18888,19009,293,1843,1980,950
27,18888,19009,294,1842,1980,934
27,18888,19009,295,1840,1979,922
27,18888,19009,296,1838,1979,905
27,18888,19009,297,1837,1979,892
27,18888,19009,298,1835,1979,872
27,18888,19009,299,1833,1979,868
27,18888,19009,300,1831,1979,852
27,18888,19009,301,1830,1979,837
27,18888,19009,302,1828,1979,827
27,18888,19009,303,1826,1979,808
27,18888,19009,304,1826,1980,796
27,18888,19009,305,1821,1979,778
27,18888,19009,306,1821,1979,767
27,18888,19009,307,1818,1978,751
27,18888,19009,308,1818,1979,736
27,18888,19009,309,1815,1978,725
27,18888,19009,310,1814,1978,713
27,18888,19009,311,1813,1978,696
27,18888,19009,312,1811,1978,684
27,18888,19009,313,1809,1978,663
27,18888,19009,314,1809,1978,652
27,18888,19009,315,1807,1978,637
27,18888,19009,316,1805,1979,618
27,18888,19009,317,1803,1978,610
27,18888,19009,318,1802,1977,593
27,18888,19009,319,1799,1978,582
27,18888,19009,320,1798,1977,567
27,18888,19009,321,1797,1978,552
27,18888,19009,322,1795,1977,542
27,18888,19009,323,1794,1976,531
27,18888,19009,324,1792,1977,511
27,18888,19009,325,1791,1976,497
27,18888,19009,326,1788,1977,480
27,18888,19009,327,1787,1976,466
27,18888,19009,328,1785,1977,454
27,18888,19009,329,1784,1977,440
27,18888,19009,330,1781,1977,425
27,18888,19009,331,1780,1976,416
27,18888,19009,332,1779,1976,398
27,18888,19009,333,1777,1976,382
27,18888,19009,334,1776,1975,365
27,18888,19009,335,1774,1975,359
27,18888,19009,336,1773,1975,341
27,18888,19009,337,1770,1975,326
27,18888,19009,338,1770,1975,314
27,18888,19009,339,1767,1975,299
27,18888,19009,340,1767,1975,284
27,18888,19009,341,1766,1975,269
27,18888,19009,342,1763,1975,255
27,18888,19009,343,1761,1974,218
27,18888,19009,344,1760,1974,226
27,18888,19009,345,1759,1974,215
27,18888,19009,346,1757,1973,197
27,18888,19009,347,1755,1973,184
27,18888,19009,348,1754,1973,176
27,18888,19009,349,1765,1975,291
27,18888,19009,350,1773,1975,354
27,18888,19009,351,1783,1977,450
27,18888,19009,352,1790,1978,550
27,18888,19009,353,1802,1978,619
27,18888,19009,354,1814,1979,719
27,18888,19009,355,1825,1980,836
28,19064,19185,0,1992,2025,1205
28,19064,19185,1,1876,1983,1266
28,19064,19185,2,1888,1982,1337
28,19064,19185,3,1903,1981,1442
28,19064,19185,4,1916,1982,1546
28,19064,19185,5,1930,1982,1647
28,19064,19185,6,1946,1983,1787
28,19064,19185,7,1963,1983,1926
28,19064,19185,8,1985,1984,2081
28,19064,19185,9,2006,1984,2234
28,19064,19185,10,2025,1984,2388
28,19064,19185,11,2045,1985,2527
28,19064,19185,12,2068,1985,2666
28,19064,19185,13,2084,1986,2808
28,19064,19185,14,2106,1985,2954
28,19064,19185,15,2123,1985,3069
28,19064,19185,16,2153,1986,3210
28,19064,19185,17,2162,1987,3342
28,19064,19185,18,2179,1987,3467
28,19064,19185,19,2188,1985,3500
28,19064,19185,20,2187,1986,3501
28,19064,19185,21,2186,1985,3471
28,19064,19185,22,2184,1986,3472
28,19064,19185,23,2184,1986,3477
28,19064,19185,24,2183,1986,3459
28,19064,19185,25,2181,1985,3449
28,19064,19185,26,2179,1986,3439
28,19064,19185,27,2177,1986,3422
28,19064,19185,28,2175,1986,3408
28,19064,19185,29,2173,1986,3394
28,19064,19185,30,2171,1986,3382
28,19064,19185,31,2169,1985,3365
28,19064,19185,32,2167,1985,3352
28,19064,19185,33,2163,1985,3337
28,19064,19185,34,2163,1985,3323
28,19064,19185,35,2160,1986,3309
28,19064,19185,36,2158,1985,3293
28,19064,19185,37,2157,1985,3279
28,19064,19185,38,2155,1985,3263
28,19064,19185,39,2153,1985,3253
28,19064,19185,40,2151,1985,3236
28,19064,19185,41,2148,1985,3223
28,19064,19185,42,2147,1985,3205
28,19064,19185,43,2147,1985,3195
28,19064,19185,44,2144,1985,3183
28,19064,19185,45,2142,1985,3168
28,19064,19185,46,2140,1985,3153
28,19064,19185,47,2138,1985,3135
28,19064,19185,48,2134,1985,3123
28,19064,19185,49,2133,1985,3109
28,19064,19185,50,2131,1985,3089
28,19064,19185,51,2130,1985,3083
28,19064,19185,52,2128,1985,3067
28,19064,19185,53,2124,1985,3051
28,19064,19185,54,2124,1985,3037
28,19064,19185,55,2122,1985,3025
28,19064,19185,56,2120,1984,3012
28,19064,19185,57,2118,1985,2995
28,19064,19185,58,2117,1984,2980
28,19064,19185,59,2114,1985,2966
28,19064,19185,60,2111,1985,2956
28,19064,19185,61,2110,1985,2941
28,19064,19185,62,2108,1984,2925
28,19064,19185,63,2107,1984,2911
28,19064,19185,64,2104,1984,2898
28,19064,19185,65,2103,1984,2882
28,19064,19185,66,2100,1984,2866
28,19064,19185,67,2098,1984,2855
28,19064,19185,68,2096,1984,2838
28,19064,19185,69,2095,1984,2828
28,19064,19185,70,2093,1984,2813
28,19064,19185,71,2091,1984,2796
28,19064,19185,72,2089,1984,2786
28,19064,19185,73,2086,1984,2767
28,19064,19185,74,2085,1985,2755
28,19064,19185,75,2082,1984,2739
28,19064,19185,76,2080,1984,2726
28,19064,19185,77,2078,1984,2718
28,19064,19185,78,2077,1984,2694
28,19064,19185,79,2075,1984,2684
28,19064,19185,80,2073,1984,2667
28,19064,19185,81,2070,1983,2653
28,19064,19185,82,2069,1984,2641
28,19064,19185,83,2066,1984,2629
28,19064,19185,84,2066,1983,2614
28,19064,19185,85,2063,1983,2602
28,19064,19185,86,2062,1983,2587
28,19064,19185,87,2060,1983,2571
28,19064,19185,88,2059,1984,2555
28,19064,19185,89,2058,1984,2560
28,19064,19185,90,2059,1984,2567
28,19064,19185,91,2061,1985,2585
28,19064,19185,92,2063,1984,2598
28,19064,19185,93,2065,1984,2616
28,19064,19185,94,2067,1984,2627
28,19064,19185,95,2070,1984,2639
28,19064,19185,96,2071,1985,2657
28,19064,19185,97,2072,1985,2672
28,19064,19185,98,2075,1984,2687
28,19064,19185,99,2077,1984,2699
28,19064,19185,100,2079,1984,2711
28,19064,19185,101,2081,1984,2726
28,19064,19185,102,2083,1985,2741
28,19064,19185,103,2085,1985,2755
28,19064,19185,104,2087,1984,2767
28,19064,19185,105,2084,1984,2783
28,19064,19185,106,2091,1985,2799
28,19064,19185,107,2093,1985,2812
28,19064,19185,108,2094,1985,2827
28,19064,19185,109,2096,1984,2840
28,19064,19185,110,2099,1985,2853
28,19064,19185,111,2099,1984,2868
28,19064,19185,112,2102,1985,2884
28,19064,19185,113,2104,1984,2897
28,19064,19185,114,2106,1985,2913
28,19064,19185,115,2107,1985,2922
28,19064,19185,116,2110,1985,2934
28,19064,19185,117,2112,1985,2961
28,19064,19185,118,2113,1985,2967
28,19064,19185,119,2115,1985,2984
28,19064,19185,120,2118,1985,2997
28,19064,19185,121,2120,1985,3009
28,19064,19185,122,2122,1984,3028
28,19064,19185,123,2124,1985,3041
28,19064,19185,124,2125,1985,3054
28,19064,19185,125,2127,1984,3064
28,19064,19185,126,2129,1985,3080
28,19064,19185,127,2131,1984,3093
28,19064,19185,128,2133,1984,3111
28,19064,19185,129,2135,1985,3121
28,19064,19185,130,2137,1985,3143
28,19064,19185,131,2139,1985,3146
28,19064,19185,132,2141,1985,3167
28,19064,19185,133,2144,1985,3179
28,19064,19185,134,2145,1985,3192
28,19064,19185,135,2147,1985,3208
28,19064,19185,136,2149,1985,3224
28,19064,19185,137,2152,1985,3238
28,19064,19185,138,2153,1985,3257
28,19064,19185,139,2155,1985,3264
28,19064,19185,140,2157,1985,3281
28,19064,19185,141,2159,1985,3293
28,19064,19185,142,2162,1985,3310
28,19064,19185,143,2164,1985,3322
28,19064,19185,144,2166,1986,3334
28,19064,19185,145,2168,1986,3353
28,19064,19185,146,2165,1985,3365
28,19064,19185,147,2171,1986,3379
28,19064,19185,148,2173,1986,3398
28,19064,19185,149,2175,1985,3406
28,19064,19185,150,2178,1985,3422
28,19064,19185,151,2179,1986,3432
28,19064,19185,152,2180,1986,3454
28,19064,19185,153,2182,1985,3464
28,19064,19185,154,2184,1986,3477
28,19064,19185,155,2184,1986,3472
28,19064,19185,156,2184,1986,3473
28,19064,19185,157,2186,1986,3481
28,19064,19185,158,2188,1987,3501
28,19064,19185,159,2189,1986,3513
28,19064,19185,160,2190,1986,3518
28,19064,19185,161,2191,1986,3524
28,19064,19185,162,2190,1986,3511
28,19064,19185,163,2184,1985,3438
28,19064,19185,164,2162,1984,3315
28,19064,19185,165,2153,1984,3205
28,19064,19185,166,2140,1984,3077
28,19064,19185,167,2120,1984,2950
28,19064,19185,168,2097,1983,2823
28,19064,19185,169,2081,1983,2660
28,19064,19185,170,2064,1983,2558
28,19064,19185,171,2044,1983,2409
28,19064,19185,172,2026,1982,2282
28,19064,19185,173,2007,1982,2135
28,19064,19185,174,1984,1981,2003
28,19064,19185,175,1969,1981,1842
28,19064,19185,176,1949,1981,1716
28,19064,19185,177,1928,1980,1553
28,19064,19185,178,1918,1982,1493
28,19064,19185,179,1904,1980,1354
28,19064,19185,180,1880,1980,1200
28,19064,19185,181,1862,1979,1046
28,19064,19185,182,1844,1979,911
28,19064,19185,183,1825,1978,763
28,19064,19185,184,1813,1977,609
28,19064,19185,185,1793,1976,481
28,19064,19185,186,1779,1975,336
28,19064,19185,187,1763,1973,218
28,19064,19185,188,1758,1974,214
28,19064,19185,189,1759,1974,228
28,19064,19185,190,1762,1975,244
28,19064,19185,191,1763,1975,257
28,19064,19185,192,1765,1975,271
28,19064,19185,193,1766,1975,282
28,19064,19185,194,1768,1975,298
28,19064,19185,195,1769,1975,313
28,19064,19185,196,1770,1975,328
28,19064,19185,197,1772,1976,345
28,19064,19185,198,1774,1976,356
28,19064,19185,199,1776,1976,367
28,19064,19185,200,1775,1975,382
28,19064,19185,201,1779,1976,396
28,19064,19185,202,1781,1975,410
28,19064,19185,203,1782,1976,426
28,19064,19185,204,1784,1977,438
28,19064,19185,205,1784,1977,454
28,19064,19185,206,1787,1976,471
28,19064,19185,207,1789,1977,474
28,19064,19185,208,1790,1977,487
28,19064,19185,209,1792,1977,510
28,19064,19185,210,1794,1978,525
28,19064,19185,211,1795,1978,538
28,19064,19185,212,1797,1977,553
28,19064,19185,213,1798,1978,565
28,19064,19185,214,1800,1978,581
28,19064,19185,215,1802,1978,597
28,19064,19185,216,1804,1978,608
28,19064,19185,217,1806,1978,629
28,19064,19185,218,1806,1978,638
28,19064,19185,219,1808,1978,653
28,19064,19185,220,1809,1978,667
28,19064,19185,221,1814,1979,678
28,19064,19185,222,1814,1978,698
28,19064,19185,223,1815,1979,709
28,19064,19185,224,1816,1979,723
28,19064,19185,225,1818,1979,736
28,19064,19185,226,1819,1979,754
28,19064,19185,227,1821,1979,766
28,19064,19185,228,1823,1979,780
28,19064,19185,229,1825,1979,794
28,19064,19185,230,1826,1979,809
28,19064,19185,231,1828,1979,823
28,19064,19185,232,1830,1979,835
28,19064,19185,233,1831,1980,850
28,19064,19185,234,1833,1980,867
28,19064,19185,235,1835,1979,876
28,19064,19185,236,1837,1979,891
28,19064,19185,237,1838,1980,909
28,19064,19185,238,1840,1980,923
28,19064,19185,239,1842,1980,934
28,19064,19185,240,1843,1980,951
28,19064,19185,241,1845,1980,963
28,19064,19185,242,1847,1981,982
28,19064,19185,243,1848,1980,994
28,19064,19185,244,1850,1980,1006
28,19064,19185,245,1852,1980,1021
28,19064,19185,246,1854,1980,1034
28,19064,19185,247,1855,1980,1051
28,19064,19185,248,1857,1980,1065
28,19064,19185,249,1859,1980,1088
28,19064,19185,250,1862,1980,1088
28,19064,19185,251,1862,1980,1111
28,19064,19185,252,1864,1981,1123
28,19064,19185,253,1860,1981,1137
28,19064,19185,254,1867,1980,1148
28,19064,19185,255,1871,1981,1165
28,19064,19185,256,1871,1981,1177
28,19064,19185,257,1874,1982,1194
28,19064,19185,258,1874,1981,1207
28,19064,19185,259,1877,1981,1220
28,19064,19185,260,1879,1981,1234
28,19064,19185,261,1880,1981,1249
28,19064,19185,262,1882,1981,1259
28,19064,19185,263,1883,1981,1278
28,19064,19185,264,1885,1981,1292
28,19064,19185,265,1887,1981,1305
28,19064,19185,266,1888,1981,1321
28,19064,19185,267,1890,1981,1320
28,19064,19185,268,1888,1981,1305
28,19064,19185,269,1885,1981,1291
28,19064,19185,270,1884,1981,1278
28,19064,19185,271,1883,1980,1258
28,19064,19185,272,1881,1980,1249
28,19064,19185,273,1879,1981,1238
28,19064,19185,274,1877,1981,1222
28,19064,19185,275,1875,1981,1206
28,19064,19185,276,1872,1981,1193
28,19064,19185,277,1872,1981,1174
28,19064,19185,278,1869,1980,1162
28,19064,19185,279,1867,1981,1145
28,19064,19185,280,1866,1980,1135
28,19064,19185,281,1864,1980,1128
28,19064,19185,282,1863,1980,1104
28,19064,19185,283,1861,1980,1095
28,19064,19185,284,1859,1980,1078
28,19064,19185,285,1857,1980,1063
28,19064,19185,286,1855,1979,1050
28,19064,19185,287,1854,1980,1037
28,19064,19185,288,1852,1980,1018
28,19064,19185,289,1850,1979,981
28,19064,19185,290,1849,1980,993
28,19064,19185,291,1849,1980,977
28,19064,19185,292,1845,1980,966
28,19064,19185,293,1844,1980,951
28,19064,19185,294,1841,1980,935
28,19064,19185,295,1840,1980,921
28,19064,19185,296,1838,1979,906
28,19064,19185,297,1836,1980,895
28,19064,19185,298,1835,1980,880
28,19064,19185,299,1834,1980,864
28,19064,19185,300,1832,1979,851
28,19064,19185,301,1831,1979,838
28,19064,19185,302,1828,1979,823
28,19064,19185,303,1827,1979,807
28,19064,19185,304,1825,1979,794
28,19064,19185,305,1824,1979,784
28,19064,19185,306,1821,1979,767
28,19064,19185,307,1820,1979,751
28,19064,19185,308,1817,1979,733
28,19064,19185,309,1816,1979,727
28,19064,19185,310,1815,1978,711
28,19064,19185,311,1813,1978,695
28,19064,19185,312,1812,1978,683
28,19064,19185,313,1810,1978,663
28,19064,19185,314,1808,1978,651
28,19064,19185,315,1806,1978,641
28,19064,19185,316,1805,1979,628
28,19064,19185,317,1803,1977,611
28,19064,19185,318,1802,1979,594
28,19064,19185,319,1799,1978,580
28,19064,19185,320,1798,1978,569
28,19064,19185,321,1796,1977,556
28,19064,19185,322,1795,1977,541
28,19064,19185,323,1793,1977,523
28,19064,19185,324,1792,1977,508
28,19064,19185,325,1791,1977,498
28,19064,19185,326,1789,1976,481
28,19064,19185,327,1786,1976,470
28,19064,19185,328,1785,1976,457
28,19064,19185,329,1783,1976,432
28,19064,19185,330,1782,1976,426
28,19064,19185,331,1780,1977,412
28,19064,19185,332,1779,1977,396
28,19064,19185,333,1777,1976,385
28,19064,19185,334,1775,1976,371
28,19064,19185,335,1774,1976,358
28,19064,19185,336,1772,1975,340
28,19064,19185,337,1771,1975,325
28,19064,19185,338,1770,1975,312
28,19064,19185,339,1768,1975,299
28,19064,19185,340,1766,1975,285
28,19064,19185,341,1763,1974,269
28,19064,19185,342,1763,1975,255
28,19064,19185,343,1761,1974,243
28,19064,19185,344,1760,1975,226
28,19064,19185,345,1758,1974,211
28,19064,19185,346,1756,1974,203
28,19064,19185,347,1755,1972,187
28,19064,19185,348,1754,1972,173
28,19064,19185,349,1761,1974,247
28,19064,19185,350,1771,1976,350
28,19064,19185,351,1783,1977,461
28,19064,19185,352,1798,1978,599
28,19064,19185,353,1811,1979,738
28,19064,19185,354,1831,1980,917
28,19064,19185,355,1845,1980,1014
29,19235,19355,0,1993,2023,1301
29,19235,19355,1,1893,1983,1371
29,19235,19355,2,1905,1982,1456
29,19235,19355,3,1915,1982,1544
29,19235,19355,4,1927,1982,1640
29,19235,19355,5,1942,1983,1739
29,19235,19355,6,1954,1983,1835
29,19235,19355,7,1968,1983,1954
29,19235,19355,8,1985,1983,2076
29,19235,19355,9,2003,1984,2192
29,19235,19355,10,2021,1984,2323
29,19235,19355,11,2036,1984,2453
29,19235,19355,12,2056,1985,2596
29,19235,19355,13,2073,1984,2706
29,19235,19355,14,2094,1985,2855
29,19235,19355,15,2111,1985,2992
29,19235,19355,16,2130,1988,3244
29,19235,19355,17,2152,1984,3273
29,19235,19355,18,2170,1987,3421
29,19235,19355,19,2187,1986,3493
29,19235,19355,20,2186,1985,3486
29,19235,19355,21,2183,1985,3471
29,19235,19355,22,2184,1985,3472
29,19235,19355,23,2184,1985,3477
29,19235,19355,24,2182,1985,3474
29,19235,19355,25,2179,1985,3450
29,19235,19355,26,2179,1985,3440
29,19235,19355,27,2177,1985,3423
29,19235,19355,28,2176,1986,3408
29,19235,19355,29,2173,1985,3396
29,19235,19355,30,2171,1986,3381
29,19235,19355,31,2169,1986,3364
29,19235,19355,32,2166,1985,3351
29,19235,19355,33,2165,1986,3339
29,19235,19355,34,2163,1985,3322
29,19235,19355,35,2160,1985,3311
29,19235,19355,36,2160,1985,3292
29,19235,19355,37,2157,1986,3282
29,19235,19355,38,2156,1985,3269
29,19235,19355,39,2154,1985,3253
29,19235,19355,40,2152,1985,3243
29,19235,19355,41,2149,1985,3223
29,19235,19355,42,2146,1985,3208
29,19235,19355,43,2144,1985,3196
29,19235,19355,44,2143,1985,3178
29,19235,19355,45,2142,1984,3166
29,19235,19355,46,2140,1985,3155
29,19235,19355,47,2137,1985,3139
29,19235,19355,48,2136,1985,3126
29,19235,19355,49,2134,1985,3109
29,19235,19355,50,2133,1984,3096
29,19235,19355,51,2130,1985,3082
29,19235,19355,52,2127,1985,3074
29,19235,19355,53,2126,1985,3052
29,19235,19355,54,2124,1985,3040
29,19235,19355,55,2122,1985,3023
29,19235,19355,56,2119,1985,3008
29,19235,19355,57,2118,1985,2997
29,19235,19355,58,2116,1985,2984
29,19235,19355,59,2114,1985,2967
29,19235,19355,60,2112,1984,2952
29,19235,19355,61,2110,1984,2945
29,19235,19355,62,2108,1984,2924
29,19235,19355,63,2106,1984,2913
29,19235,19355,64,2105,1984,2898
29,19235,19355,65,2102,1984,2890
29,19235,19355,66,2101,1984,2867
29,19235,19355,67,2097,1984,2851
29,19235,19355,68,2095,1984,2841
29,19235,19355,69,2094,1984,2829
29,19235,19355,70,2092,1984,2816
29,19235,19355,71,2090,1985,2796
29,19235,19355,72,2088,1984,2784
29,19235,19355,73,2086,1984,2770
29,19235,19355,74,2085,1984,2755
29,19235,19355,75,2082,1984,2744
29,19235,19355,76,2081,1985,2724
29,19235,19355,77,2077,1984,2714
29,19235,19355,78,2077,1984,2711
29,19235,19355,79,2075,1984,2682
29,19235,19355,80,2073,1984,2671
29,19235,19355,81,2071,1984,2654
29,19235,19355,82,2069,1984,2644
29,19235,19355,83,2067,1984,2628
29,19235,19355,84,2065,1984,2614
29,19235,19355,85,2064,1984,2597
29,19235,19355,86,2061,1984,2589
29,19235,19355,87,2059,1984,2569
29,19235,19355,88,2057,1983,2557
29,19235,19355,89,2060,1984,2557
29,19235,19355,90,2059,1984,2572
29,19235,19355,91,2061,1984,2582
29,19235,19355,92,2062,1984,2595
29,19235,19355,93,2065,1985,2612
29,19235,19355,94,2068,1985,2628
29,19235,19355,95,2069,1984,2643
29,19235,19355,96,2071,1984,2657
29,19235,19355,97,2073,1985,2669
29,19235,19355,98,2075,1985,2683
29,19235,19355,99,2076,1984,2698
29,19235,19355,100,2079,1984,2712
29,19235,19355,101,2081,1984,2725
29,19235,19355,102,2082,1984,2740
29,19235,19355,103,2083,1984,2755
29,19235,19355,104,2087,1984,2770
29,19235,19355,105,2089,1984,2784
29,19235,19355,106,2089,1984,2797
29,19235,19355,107,2092,1984,2810
29,19235,19355,108,2094,1985,2827
29,19235,19355,109,2095,1984,2840
29,19235,19355,110,2098,1984,2856
29,19235,19355,111,2100,1984,2871
29,19235,19355,112,2102,1984,2890
29,19235,19355,113,2104,1985,2897
29,19235,19355,114,2106,1985,2911
29,19235,19355,115,2107,1985,2928
29,19235,19355,116,2110,1985,2941
29,19235,19355,117,2111,1985,2954
29,19235,19355,118,2114,1985,2970
29,19235,19355,119,2115,1984,2983
29,19235,19355,120,2118,1985,2997
29,19235,19355,121,2120,1985,3012
29,19235,19355,122,2122,1984,3024
29,19235,19355,123,2124,1984,3039
29,19235,19355,124,2126,1984,3053
29,19235,19355,125,2127,1985,3068
29,19235,19355,126,2129,1985,3078
29,19235,19355,127,2132,1985,3092
29,19235,19355,128,2133,1985,3110
29,19235,19355,129,2135,1985,3123
29,19235,19355,130,2137,1985,3138
29,19235,19355,131,2140,1984,3153
29,19235,19355,132,2142,1985,3167
29,19235,19355,133,2143,1986,3188
29,19235,19355,134,2145,1985,3198
29,19235,19355,135,2147,1985,3207
29,19235,19355,136,2149,1985,3222
29,19235,19355,137,2151,1985,3238
29,19235,19355,138,2153,1985,3252
29,19235,19355,139,2155,1986,3268
29,19235,19355,140,2157,1985,3280
29,19235,19355,141,2158,1985,3295
29,19235,19355,142,2160,1985,3309
29,19235,19355,143,2162,1986,3326
29,19235,19355,144,2165,1985,3338
29,19235,19355,145,2167,1986,3350
29,19235,19355,146,2169,1985,3366
29,19235,19355,147,2171,1986,3378
29,19235,19355,148,2173,1986,3394
29,19235,19355,149,2176,1986,3410
29,19235,19355,150,2176,1985,3423
29,19235,19355,151,2177,1986,3439
29,19235,19355,152,2181,1986,3450
29,19235,19355,153,2182,1986,3465
29,19235,19355,154,2185,1986,3476
29,19235,19355,155,2184,1985,3472
29,19235,19355,156,2184,1986,3471
29,19235,19355,157,2189,1986,3494
29,19235,19355,158,2187,1985,3500
29,19235,19355,159,2189,1986,3510
29,19235,19355,160,2191,1986,3515
29,19235,19355,161,2191,1986,3514
29,19235,19355,162,2188,1986,3506
29,19235,19355,163,2175,1985,3393
29,19235,19355,164,2162,1984,3292
29,19235,19355,165,2148,1985,3181
29,19235,19355,166,2135,1984,3070
29,19235,19355,167,2114,1983,2903
29,19235,19355,168,2092,1983,2752
29,19235,19355,169,2076,1982,2598
29,19235,19355,170,2053,1983,2490
29,19235,19355,171,2034,1982,2321
29,19235,19355,172,2015,1982,2185
29,19235,19355,173,1994,1981,2041
29,19235,19355,174,1976,1981,1898
29,19235,19355,175,1955,1981,1750
29,19235,19355,176,1937,1980,1634
29,19235,19355,177,1923,1981,1511
29,19235,19355,178,1907,1981,1435
29,19235,19355,179,1893,1980,1330
29,19235,19355,180,1881,1980,1232
29,19235,19355,181,1868,1979,1114
29,19235,19355,182,1854,1979,966
29,19235,19355,183,1837,1979,836
29,19235,19355,184,1821,1978,700
29,19235,19355,185,1803,1977,571
29,19235,19355,186,1786,1976,435
29,19235,19355,187,1775,1975,295
29,19235,19355,188,1758,1973,215
29,19235,19355,189,1760,1974,224
29,19235,19355,190,1762,1974,240
29,19235,19355,191,1763,1974,257
29,19235,19355,192,1765,1975,270
29,19235,19355,193,1767,1975,285
29,19235,19355,194,1767,1975,298
29,19235,19355,195,1769,1976,320
29,19235,19355,196,1772,1976,335
29,19235,19355,197,1772,1975,344
29,19235,19355,198,1775,1976,355
29,19235,19355,199,1776,1976,368
29,19235,19355,200,1777,1976,383
29,19235,19355,201,1779,1976,399
29,19235,19355,202,1780,1976,411
29,19235,19355,203,1782,1976,427
29,19235,19355,204,1784,1976,440
29,19235,19355,205,1785,1976,459
29,19235,19355,206,1787,1977,469
29,19235,19355,207,1788,1977,481
29,19235,19355,208,1789,1977,494
29,19235,19355,209,1791,1977,510
29,19235,19355,210,1793,1977,526
29,19235,19355,211,1795,1978,540
29,19235,19355,212,1796,1978,554
29,19235,19355,213,1799,1977,564
29,19235,19355,214,1800,1978,580
29,19235,19355,215,1801,1978,594
29,19235,19355,216,1803,1978,607
29,19235,19355,217,1805,1978,620
29,19235,19355,218,1806,1978,639
29,19235,19355,219,1808,1978,650
29,19235,19355,220,1809,1978,666
29,19235,19355,221,1811,1978,681
29,19235,19355,222,1813,1978,697
29,19235,19355,223,1815,1979,693
29,19235,19355,224,1816,1979,727
29,19235,19355,225,1818,1979,736
29,19235,19355,226,1820,1978,741
29,19235,19355,227,1821,1979,767
29,19235,19355,228,1823,1979,777
29,19235,19355,229,1825,1979,794
29,19235,19355,230,1829,1980,805
29,19235,19355,231,1827,1979,833
29,19235,19355,232,1830,1980,838
29,19235,19355,233,1831,1979,853
29,19235,19355,234,1834,1980,864
29,19235,19355,235,1833,1980,880
29,19235,19355,236,1837,1980,898
29,19235,19355,237,1838,1980,907
29,19235,19355,238,1840,1980,922
29,19235,19355,239,1842,1980,935
29,19235,19355,240,1843,1980,947
29,19235,19355,241,1847,1980,962
29,19235,19355,242,1847,1980,979
29,19235,19355,243,1848,1980,993
29,19235,19355,244,1850,1980,1007
29,19235,19355,245,1852,1980,1021
29,19235,19355,246,1854,1981,1034
29,19235,19355,247,1856,1981,1049
29,19235,19355,248,1856,1980,1065
29,19235,19355,249,1860,1981,1081
29,19235,19355,250,1860,1981,1096
29,19235,19355,251,1863,1981,1106
29,19235,19355,252,1864,1981,1119
29,19235,19355,253,1865,1981,1136
29,19235,19355,254,1868,1981,1148
29,19235,19355,255,1870,1981,1164
29,19235,19355,256,1871,1981,1178
29,19235,19355,257,1873,1980,1189
29,19235,19355,258,1875,1981,1211
29,19235,19355,259,1877,1981,1220
29,19235,19355,260,1880,1981,1235
29,19235,19355,261,1880,1981,1248
29,19235,19355,262,1882,1981,1262
29,19235,19355,263,1884,1981,1279
29,19235,19355,264,1886,1981,1294
29,19235,19355,265,1887,1981,1302
29,19235,19355,266,1889,1981,1319
29,19235,19355,267,1890,1981,1319
29,19235,19355,268,1887,1981,1303
29,19235,19355,269,1886,1981,1294
29,19235,19355,270,1884,1981,1277
29,19235,19355,271,1883,1981,1261
29,19235,19355,272,1881,1981,1250
29,19235,19355,273,1879,1981,1236
29,19235,19355,274,1877,1981,1220
29,19235,19355,275,1876,1981,1205
29,19235,19355,276,1873,1981,1194
29,19235,19355,277,1871,1981,1186
29,19235,19355,278,1870,1981,1165
29,19235,19355,279,1870,1980,1150
29,19235,19355,280,1868,1980,1136
29,19235,19355,281,1865,1980,1120
29,19235,19355,282,1863,1980,1104
29,19235,19355,283,1861,1980,1093
29,19235,19355,284,1859,1980,1081
29,19235,19355,285,1857,1980,1064
29,19235,19355,286,1856,1980,1049
29,19235,19355,287,1854,1980,1037
29,19235,19355,288,1852,1980,1022
29,19235,19355,289,1850,1980,1009
29,19235,19355,290,1850,1981,997
29,19235,19355,291,1847,1980,985
29,19235,19355,292,1845,1980,965
29,19235,19355,293,1844,1980,951
29,19235,19355,294,1842,1980,935
29,19235,19355,295,1840,1980,923
29,19235,19355,296,1839,1979,910
29,19235,19355,297,1837,1979,898
29,19235,19355,298,1836,1979,878
29,19235,19355,299,1833,1979,864
29,19235,19355,300,1831,1979,850
29,19235,19355,301,1830,1979,836
29,19235,19355,302,1828,1979,820
29,19235,19355,303,1826,1979,802
29,19235,19355,304,1824,1979,795
29,19235,19355,305,1823,1979,784
29,19235,19355,306,1821,1979,764
29,19235,19355,307,1820,1979,748
29,19235,19355,308,1818,1978,739
29,19235,19355,309,1816,1979,723
29,19235,19355,310,1814,1978,709
29,19235,19355,311,1813,1978,696
29,19235,19355,312,1811,1979,666
29,19235,19355,313,1809,1978,668
29,19235,19355,314,1807,1978,654
29,19235,19355,315,1806,1978,639
29,19235,19355,316,1805,1978,627
29,19235,19355,317,1803,1977,610
29,19235,19355,318,1802,1978,593
29,19235,19355,319,1800,1978,582
29,19235,19355,320,1798,1978,565
29,19235,19355,321,1797,1977,553
29,19235,19355,322,1796,1977,543
29,19235,19355,323,1794,1977,527
29,19235,19355,324,1792,1977,511
29,19235,19355,325,1791,1977,497
29,19235,19355,326,1789,1977,485
29,19235,19355,327,1788,1977,469
29,19235,19355,328,1785,1977,454
29,19235,19355,329,1784,1977,439
29,19235,19355,330,1782,1977,427
29,19235,19355,331,1781,1977,412
29,19235,19355,332,1779,1976,402
29,19235,19355,333,1778,1976,384
29,19235,19355,334,1775,1976,369
29,19235,19355,335,1774,1975,354
29,19235,19355,336,1773,1975,343
29,19235,19355,337,1771,1975,325
29,19235,19355,338,1770,1975,317
29,19235,19355,339,1768,1976,299
29,19235,19355,340,1767,1975,281
29,19235,19355,341,1765,1975,275
29,19235,19355,342,1762,1975,256
29,19235,19355,343,1762,1975,242
29,19235,19355,344,1760,1975,226
29,19235,19355,345,1763,1975,216
29,19235,19355,346,1757,1974,200
29,19235,19355,347,1757,1974,184
29,19235,19355,348,1759,1975,229
29,19235,19355,349,1774,1976,304
29,19235,19355,350,1775,1976,377
29,19235,19355,351,1786,1977,472
29,19235,19355,352,1797,1978,570
29,19235,19355,353,1808,1979,678
29,19235,19355,354,1823,1980,805
29,19235,19355,355,1835,1980,925
30,19409,19530,0,1991,2024,1138
30,19409,19530,1,1869,1982,1201
30,19409,19530,2,1883,1981,1270
30,19409,19530,3,1890,1981,1350
30,19409,19530,4,1906,1982,1461
30,19409,19530,5,1918,1982,1592
30,19409,19530,6,1934,1983,1702
30,19409,19530,7,1946,1983,1835
30,19409,19530,8,1973,1983,1998
30,19409,19530,9,1990,1984,2108
30,19409,19530,10,2009,1984,2256
30,19409,19530,11,2030,1984,2408
30,19409,19530,12,2051,1985,2553
30,19409,19530,13,2067,1986,2744
30,19409,19530,14,2092,1984,2848
30,19409,19530,15,2110,1985,2980
30,19409,19530,16,2128,1986,3123
30,19409,19530,17,2148,1985,3242
30,19409,19530,18,2167,1987,3382
30,19409,19530,19,2184,1986,3496
30,19409,19530,20,2187,1986,3488
30,19409,19530,21,2184,1985,3472
30,19409,19530,22,2184,1986,3472
30,19409,19530,23,2184,1986,3476
30,19409,19530,24,2183,1986,3464
30,19409,19530,25,2181,1985,3451
30,19409,19530,26,2178,1986,3433
30,19409,19530,27,2176,1985,3424
30,19409,19530,28,2176,1985,3409
30,19409,19530,29,2172,1985,3395
30,19409,19530,30,2171,1985,3380
30,19409,19530,31,2169,1984,3348
30,19409,19530,32,2168,1986,3351
30,19409,19530,33,2166,1986,3339
30,19409,19530,34,2163,1985,3324
30,19409,19530,35,2162,1985,3308
30,19409,19530,36,2159,1985,3299
30,19409,19530,37,2158,1986,3282
30,19409,19530,38,2156,1985,3265
30,19409,19530,39,2154,1986,3251
30,19409,19530,40,2150,1985,3239
30,19409,19530,41,2149,1985,3225
30,19409,19530,42,2148,1985,3208
30,19409,19530,43,2146,1986,3196
30,19409,19530,44,2143,1985,3184
30,19409,19530,45,2142,1985,3167
30,19409,19530,46,2138,1985,3152
30,19409,19530,47,2137,1985,3135
30,19409,19530,48,2135,1985,3123
30,19409,19530,49,2130,1985,3112
30,19409,19530,50,2131,1985,3097
30,19409,19530,51,2131,1985,3081
30,19409,19530,52,2128,1985,3070
30,19409,19530,53,2125,1985,3051
30,19409,19530,54,2124,1985,3040
30,19409,19530,55,2121,1985,3025
30,19409,19530,56,2120,1985,3013
30,19409,19530,57,2118,1985,2997
30,19409,19530,58,2117,1985,2983
30,19409,19530,59,2115,1985,2960
30,19409,19530,60,2111,1985,2954
30,19409,19530,61,2110,1984,2942
30,19409,19530,62,2109,1984,2928
30,19409,19530,63,2107,1984,2911
30,19409,19530,64,2105,1985,2896
30,19409,19530,65,2102,1985,2896
30,19409,19530,66,2100,1985,2870
30,19409,19530,67,2104,1984,2854
30,19409,19530,68,2097,1984,2839
30,19409,19530,69,2095,1984,2825
30,19409,19530,70,2092,1984,2808
30,19409,19530,71,2091,1985,2798
30,19409,19530,72,2087,1984,2785
30,19409,19530,73,2086,1985,2769
30,19409,19530,74,2084,1985,2754
30,19409,19530,75,2083,1984,2735
30,19409,19530,76,2080,1984,2731
30,19409,19530,77,2079,1984,2713
30,19409,19530,78,2077,1984,2696
30,19409,19530,79,2074,1984,2682
30,19409,19530,80,2073,1984,2669
30,19409,19530,81,2071,1984,2656
30,19409,19530,82,2070,1984,2642
30,19409,19530,83,2067,1984,2628
30,19409,19530,84,2065,1984,2609
30,19409,19530,85,2062,1984,2599
30,19409,19530,86,2061,1983,2587
30,19409,19530,87,2058,1984,2572
30,19409,19530,88,2057,1984,2558
30,19409,19530,89,2057,1983,2557
30,19409,19530,90,2059,1984,2574
30,19409,19530,91,2061,1984,2587
30,19409,19530,92,2063,1984,2601
30,19409,19530,93,2064,1984,2610
30,19409,19530,94,2067,1984,2627
30,19409,19530,95,2069,1984,2644
30,19409,19530,96,2071,1984,2656
30,19409,19530,97,2073,1984,2672
30,19409,19530,98,2074,1985,2683
30,19409,19530,99,2078,1984,2700
30,19409,19530,100,2080,1984,2712
30,19409,19530,101,2080,1984,2724
30,19409,19530,102,2083,1983,2738
30,19409,19530,103,2085,1984,2757
30,19409,19530,104,2086,1984,2768
30,19409,19530,105,2089,1984,2780
30,19409,19530,106,2092,1984,2796
30,19409,19530,107,2092,1984,2811
30,19409,19530,108,2095,1984,2809
30,19409,19530,109,2096,1985,2838
30,19409,19530,110,2098,1984,2854
30,19409,19530,111,2100,1984,2872
30,19409,19530,112,2102,1984,2886
30,19409,19530,113,2104,1984,2899
30,19409,19530,114,2106,1984,2910
30,19409,19530,115,2108,1984,2923
30,19409,19530,116,2109,1985,2938
30,19409,19530,117,2111,1985,2952
30,19409,19530,118,2113,1985,2966
30,19409,19530,119,2115,1985,2981
30,19409,19530,120,2118,1985,2999
30,19409,19530,121,2120,1985,3007
30,19409,19530,122,2122,1985,3033
30,19409,19530,123,2124,1985,3036
30,19409,19530,124,2125,1984,3052
30,19409,19530,125,2128,1985,3068
30,19409,19530,126,2129,1985,3080
30,19409,19530,127,2131,1985,3093
30,19409,19530,128,2133,1985,3109
30,19409,19530,129,2136,1985,3126
30,19409,19530,130,2136,1985,3140
30,19409,19530,131,2138,1984,3151
30,19409,19530,132,2141,1985,3167
30,19409,19530,133,2143,1985,3182
30,19409,19530,134,2146,1985,3194
30,19409,19530,135,2146,1985,3210
30,19409,19530,136,2149,1985,3225
30,19409,19530,137,2151,1985,3238
30,19409,19530,138,2153,1986,3250
30,19409,19530,139,2156,1985,3266
30,19409,19530,140,2157,1986,3283
30,19409,19530,141,2159,1985,3291
30,19409,19530,142,2160,1985,3311
30,19409,19530,143,2163,1985,3325
30,19409,19530,144,2164,1986,3338
30,19409,19530,145,2166,1985,3352
30,19409,19530,146,2169,1985,3365
30,19409,19530,147,2170,1986,3379
30,19409,19530,148,2172,1985,3391
30,19409,19530,149,2175,1985,3408
30,19409,19530,150,2176,1986,3423
30,19409,19530,151,2179,1986,3436
30,19409,19530,152,2182,1986,3450
30,19409,19530,153,2183,1986,3453
30,19409,19530,154,2185,1986,3478
30,19409,19530,155,2184,1986,3473
30,19409,19530,156,2184,1986,3471
30,19409,19530,157,2185,1985,3485
30,19409,19530,158,2188,1986,3502
30,19409,19530,159,2189,1986,3509
30,19409,19530,160,2191,1986,3517
30,19409,19530,161,2190,1986,3511
30,19409,19530,162,2188,1986,3496
30,19409,19530,163,2174,1984,3382
30,19409,19530,164,2163,1985,3281
30,19409,19530,165,2146,1984,3176
30,19409,19530,166,2129,1983,3015
30,19409,19530,167,2112,1983,2887
30,19409,19530,168,2094,1983,2793
30,19409,19530,169,2080,1984,2704
30,19409,19530,170,2068,1984,2597
30,19409,19530,171,2051,1983,2480
30,19409,19530,172,2037,1983,2360
30,19409,19530,173,2021,1982,2231
30,19409,19530,174,2001,1982,2104
30,19409,19530,175,1982,1982,1962
30,19409,19530,176,1964,1981,1820
30,19409,19530,177,1945,1981,1676
30,19409,19530,178,1929,1981,1598
30,19409,19530,179,1913,1981,1462
30,19409,19530,180,1901,1980,1300
30,19409,19530,181,1878,1979,1160
30,19409,19530,182,1859,1979,1023
30,19409,19530,183,1841,1978,862
30,19409,19530,184,1824,1978,751
30,19409,19530,185,1808,1976,579
30,19409,19530,186,1791,1976,455
30,19409,19530,187,1775,1975,306
30,19409,19530,188,1760,1973,212
30,19409,19530,189,1760,1974,227
30,19409,19530,190,1762,1975,241
30,19409,19530,191,1763,1975,255
30,19409,19530,192,1765,1975,269
30,19409,19530,193,1766,1975,286
30,19409,19530,194,1767,1975,296
30,19409,19530,195,1769,1975,309
30,19409,19530,196,1771,1975,326
30,19409,19530,197,1772,1975,338
30,19409,19530,198,1774,1976,357
30,19409,19530,199,1775,1976,368
30,19409,19530,200,1777,1976,383
30,19409,19530,201,1780,1976,398
30,19409,19530,202,1781,1976,418
30,19409,19530,203,1782,1976,422
30,19409,19530,204,1784,1976,440
30,19409,19530,205,1787,1977,452
30,19409,19530,206,1787,1977,457
30,19409,19530,207,1789,1977,483
30,19409,19530,208,1790,1977,497
30,19409,19530,209,1792,1977,509
30,19409,19530,210,1794,1977,524
30,19409,19530,211,1796,1977,540
30,19409,19530,212,1797,1977,550
30,19409,19530,213,1798,1978,566
30,19409,19530,214,1799,1978,582
30,19409,19530,215,1799,1978,596
30,19409,19530,216,1802,1978,608
30,19409,19530,217,1804,1978,623
30,19409,19530,218,1807,1979,637
30,19409,19530,219,1808,1978,653
30,19409,19530,220,1810,1979,668
30,19409,19530,221,1812,1978,681
30,19409,19530,222,1814,1979,699
30,19409,19530,223,1815,1979,713
30,19409,19530,224,1816,1979,724
30,19409,19530,225,1818,1978,738
30,19409,19530,226,1820,1978,752
30,19409,19530,227,1822,1979,766
30,19409,19530,228,1823,1980,782
30,19409,19530,229,1825,1979,792
30,19409,19530,230,1826,1979,809
30,19409,19530,231,1829,1979,824
30,19409,19530,232,1829,1979,836
30,19409,19530,233,1831,1980,851
30,19409,19530,234,1833,1979,863
30,19409,19530,235,1835,1980,879
30,19409,19530,236,1837,1980,893
30,19409,19530,237,1839,1980,909
30,19409,19530,238,1840,1980,922
30,19409,19530,239,1842,1980,936
30,19409,19530,240,1844,1980,949
30,19409,19530,241,1845,1980,965
30,19409,19530,242,1847,1980,978
30,19409,19530,243,1848,1980,996
30,19409,19530,244,1850,1980,1009
30,19409,19530,245,1851,1980,1021
30,19409,19530,246,1853,1980,1038
30,19409,19530,247,1855,1981,1051
30,19409,19530,248,1857,1980,1062
30,19409,19530,249,1859,1980,1077
30,19409,19530,250,1861,1981,1091
30,19409,19530,251,1863,1981,1107
30,19409,19530,252,1865,1981,1121
30,19409,19530,253,1866,1980,1134
30,19409,19530,254,1868,1981,1149
30,19409,19530,255,1869,1981,1164
30,19409,19530,256,1871,1980,1172
30,19409,19530,257,1873,1980,1193
30,19409,19530,258,1876,1981,1206
30,19409,19530,259,1877,1981,1220
30,19409,19530,260,1879,1981,1236
30,19409,19530,261,1880,1981,1249
30,19409,19530,262,1883,1981,1263
30,19409,19530,263,1884,1981,1277
30,19409,19530,264,1886,1981,1292
30,19409,19530,265,1888,1981,1303
30,19409,19530,266,1889,1981,1320
30,19409,19530,267,1889,1982,1321
30,19409,19530,268,1888,1981,1307
30,19409,19530,269,1886,1981,1297
30,19409,19530,270,1883,1981,1278
30,19409,19530,271,1882,1981,1256
30,19409,19530,272,1880,1981,1248
30,19409,19530,273,1879,1981,1236
30,19409,19530,274,1877,1981,1221
30,19409,19530,275,1875,1981,1206
30,19409,19530,276,1873,1981,1199
30,19409,19530,277,1872,1981,1178
30,19409,19530,278,1870,1981,1165
30,19409,19530,279,1868,1981,1149
30,19409,19530,280,1867,1981,1138
30,19409,19530,281,1865,1980,1124
30,19409,19530,282,1863,1980,1111
30,19409,19530,283,1861,1980,1089
30,19409,19530,284,1859,1981,1079
30,19409,19530,285,1857,1980,1064
30,19409,19530,286,1856,1980,1054
30,19409,19530,287,1854,1980,1033
30,19409,19530,288,1852,1980,1019
30,19409,19530,289,1851,1980,1010
30,19409,19530,290,1849,1980,997
30,19409,19530,291,1847,1981,980
30,19409,19530,292,1845,1980,964
30,19409,19530,293,1842,1979,952
30,19409,19530,294,1842,1979,935
30,19409,19530,295,1840,1980,922
30,19409,19530,296,1839,1979,908
30,19409,19530,297,1837,1979,896
30,19409,19530,298,1836,1979,878
30,19409,19530,299,1834,1979,872
30,19409,19530,300,1832,1979,852
30,19409,19530,301,1830,1979,837
30,19409,19530,302,1829,1979,824
30,19409,19530,303,1826,1980,811
30,19409,19530,304,1825,1980,794
30,19409,19530,305,1823,1979,782
30,19409,19530,306,1822,1979,767
30,19409,19530,307,1819,1979,754
30,19409,19530,308,1818,1978,741
30,19409,19530,309,1817,1979,723
30,19409,19530,310,1815,1979,709
30,19409,19530,311,1812,1979,699
30,19409,19530,312,1811,1978,681
30,19409,19530,313,1810,1979,665
30,19409,19530,314,1808,1978,654
30,19409,19530,315,1806,1978,637
30,19409,19530,316,1805,1978,622
30,19409,19530,317,1803,1978,610
30,19409,19530,318,1802,1978,597
30,19409,19530,319,1800,1978,583
30,19409,19530,320,1798,1978,571
30,19409,19530,321,1797,1977,553
30,19409,19530,322,1795,1977,554
30,19409,19530,323,1794,1977,526
30,19409,19530,324,1793,1977,512
30,19409,19530,325,1790,1977,496
30,19409,19530,326,1788,1977,483
30,19409,19530,327,1787,1977,469
30,19409,19530,328,1784,1977,455
30,19409,19530,329,1784,1976,442
30,19409,19530,330,1782,1977,426
30,19409,19530,331,1780,1976,415
30,19409,19530,332,1779,1976,395
30,19409,19530,333,1777,1976,387
30,19409,19530,334,1775,1975,367
30,19409,19530,335,1774,1975,356
30,19409,19530,336,1774,1975,340
30,19409,19530,337,1772,1975,327
30,19409,19530,338,1768,1975,314
30,19409,19530,339,1768,1975,295
30,19409,19530,340,1767,1975,275
30,19409,19530,341,1764,1974,269
30,19409,19530,342,1763,1973,255
30,19409,19530,343,1762,1974,243
30,19409,19530,344,1760,1974,225
30,19409,19530,345,1758,1974,211
30,19409,19530,346,1756,1974,199
30,19409,19530,347,1755,1974,183
30,19409,19530,348,1754,1973,170
30,19409,19530,349,1757,1974,202
30,19409,19530,350,1766,1975,282
30,19409,19530,351,1775,1977,377
30,19409,19530,352,1789,1978,504
30,19409,19530,353,1799,1979,631
30,19409,19530,354,1817,1980,764
30,19409,19530,355,1834,1980,966
31,19585,19706,0,1999,2028,1316
31,19585,19706,1,1892,1983,1381
31,19585,19706,2,1906,1982,1446
31,19585,19706,3,1914,1982,1521
31,19585,19706,4,1925,1982,1617
31,19585,19706,5,1938,1983,1721
31,19585,19706,6,1951,1983,1837
31,19585,19706,7,1967,1983,1930
31,19585,19706,8,1983,1984,2048
31,19585,19706,9,1999,1984,2185
31,19585,19706,10,2019,1984,2302
31,19585,19706,11,2037,1984,2439
31,19585,19706,12,2054,1984,2578
31,19585,19706,13,2077,1984,2728
31,19585,19706,14,2094,1986,2854
31,19585,19706,15,2111,1986,2994
31,19585,19706,16,2131,1986,3140
31,19585,19706,17,2148,1985,3247
31,19585,19706,18,2165,1985,3350
31,19585,19706,19,2177,1986,3472
31,19585,19706,20,2186,1984,3484
31,19585,19706,21,2184,1985,3471
31,19585,19706,22,2183,1985,3473
31,19585,19706,23,2184,1985,3476
31,19585,19706,24,2183,1985,3462
31,19585,19706,25,2180,1986,3452
31,19585,19706,26,2179,1986,3438
31,19585,19706,27,2177,1986,3422
31,19585,19706,28,2175,1985,3408
31,19585,19706,29,2172,1985,3393
31,19585,19706,30,2170,1985,3383
31,19585,19706,31,2168,1985,3365
31,19585,19706,32,2167,1985,3352
31,19585,19706,33,2165,1985,3339
31,19585,19706,34,2162,1985,3323
31,19585,19706,35,2161,1985,3307
31,19585,19706,36,2160,1985,3292
31,19585,19706,37,2157,1985,3281
31,19585,19706,38,2156,1985,3263
31,19585,19706,39,2154,1985,3251
31,19585,19706,40,2152,1985,3234
31,19585,19706,41,2149,1985,3225
31,19585,19706,42,2148,1985,3208
31,19585,19706,43,2146,1985,3200
31,19585,19706,44,2143,1985,3182
31,19585,19706,45,2142,1985,3166
31,19585,19706,46,2139,1985,3146
31,19585,19706,47,2138,1986,3138
31,19585,19706,48,2135,1985,3124
31,19585,19706,49,2134,1985,3109
31,19585,19706,50,2130,1985,3095
31,19585,19706,51,2129,1985,3081
31,19585,19706,52,2126,1984,3067
31,19585,19706,53,2126,1985,3053
31,19585,19706,54,2123,1984,3038
31,19585,19706,55,2123,1985,3024
31,19585,19706,56,2120,1985,3010
31,19585,19706,57,2118,1984,2996
31,19585,19706,58,2116,1984,2981
31,19585,19706,59,2115,1984,2967
31,19585,19706,60,2113,1984,2953
31,19585,19706,61,2110,1985,2937
31,19585,19706,62,2108,1985,2925
31,19585,19706,63,2106,1985,2909
31,19585,19706,64,2106,1985,2896
31,19585,19706,65,2103,1984,2885
31,19585,19706,66,2101,1985,2870
31,19585,19706,67,2098,1984,2853
31,19585,19706,68,2096,1985,2840
31,19585,19706,69,2094,1984,2827
31,19585,19706,70,2093,1984,2810
31,19585,19706,71,2090,1984,2797
31,19585,19706,72,2089,1984,2785
31,19585,19706,73,2086,1984,2767
31,19585,19706,74,2085,1984,2755
31,19585,19706,75,2083,1984,2743
31,19585,19706,76,2080,1984,2724
31,19585,19706,77,2079,1984,2710
31,19585,19706,78,2077,1984,2697
31,19585,19706,79,2075,1984,2691
31,19585,19706,80,2072,1984,2674
31,19585,19706,81,2071,1984,2656
31,19585,19706,82,2068,1984,2643
31,19585,19706,83,2065,1983,2627
31,19585,19706,84,2065,1984,2615
31,19585,19706,85,2063,1984,2595
31,19585,19706,86,2061,1984,2582
31,19585,19706,87,2060,1984,2570
31,19585,19706,88,2057,1984,2556
31,19585,19706,89,2054,1983,2556
31,19585,19706,90,2059,1984,2567
31,19585,19706,91,2061,1984,2587
31,19585,19706,92,2062,1985,2600
31,19585,19706,93,2066,1984,2612
31,19585,19706,94,2066,1984,2627
31,19585,19706,95,2068,1984,2643
31,19585,19706,96,2072,1984,2657
31,19585,19706,97,2073,1983,2668
31,19585,19706,98,2074,1984,2683
31,19585,19706,99,2077,1984,2696
31,19585,19706,100,2078,1984,2714
31,19585,19706,101,2081,1984,2717
31,19585,19706,102,2082,1984,2740
31,19585,19706,103,2085,1984,2755
31,19585,19706,104,2087,1984,2763
31,19585,19706,105,2087,1984,2783
31,19585,19706,106,2090,1984,2794
31,19585,19706,107,2092,1985,2812
31,19585,19706,108,2094,1984,2826
31,19585,19706,109,2096,1984,2835
31,19585,19706,110,2099,1984,2853
31,19585,19706,111,2100,1985,2870
31,19585,19706,112,2103,1984,2880
31,19585,19706,113,2103,1984,2897
31,19585,19706,114,2107,1984,2912
31,19585,19706,115,2107,1984,2931
31,19585,19706,116,2110,1984,2926
31,19585,19706,117,2111,1984,2955
31,19585,19706,118,2114,1985,2968
31,19585,19706,119,2116,1984,2983
31,19585,19706,120,2117,1985,2997
31,19585,19706,121,2119,1985,3012
31,19585,19706,122,2121,1985,3023
31,19585,19706,123,2123,1985,3038
31,19585,19706,124,2126,1985,3057
31,19585,19706,125,2127,1985,3067
31,19585,19706,126,2130,1985,3076
31,19585,19706,127,2132,1985,3094
31,19585,19706,128,2133,1985,3111
31,19585,19706,129,2135,1985,3122
31,19585,19706,130,2138,1985,3141
31,19585,19706,131,2140,1985,3151
31,19585,19706,132,2142,1985,3168
31,19585,19706,133,2143,1985,3180
31,19585,19706,134,2146,1985,3193
31,19585,19706,135,2148,1985,3213
31,19585,19706,136,2149,1985,3224
31,19585,19706,137,2152,1985,3238
31,19585,19706,138,2152,1985,3257
31,19585,19706,139,2154,1985,3268
31,19585,19706,140,2157,1986,3281
31,19585,19706,141,2159,1986,3293
31,19585,19706,142,2161,1986,3307
31,19585,19706,143,2163,1986,3324
31,19585,19706,144,2166,1986,3339
31,19585,19706,145,2166,1986,3352
31,19585,19706,146,2168,1985,3364
31,19585,19706,147,2172,1985,3384
31,19585,19706,148,2173,1985,3395
31,19585,19706,149,2174,1985,3407
31,19585,19706,150,2177,1986,3423
31,19585,19706,151,2178,1986,3433
31,19585,19706,152,2181,1986,3450
31,19585,19706,153,2183,1986,3464
31,19585,19706,154,2184,1986,3477
31,19585,19706,155,2185,1985,3473
31,19585,19706,156,2184,1985,3471
31,19585,19706,157,2186,1986,3485
31,19585,19706,158,2188,1986,3500
31,19585,19706,159,2190,1986,3512
31,19585,19706,160,2192,1986,3514
31,19585,19706,161,2190,1986,3513
31,19585,19706,162,2189,1985,3490
31,19585,19706,163,2175,1985,3386
31,19585,19706,164,2163,1985,3289
31,19585,19706,165,2141,1984,3125
31,19585,19706,166,2122,1983,2989
31,19585,19706,167,2103,1983,2841
31,19585,19706,168,2086,1983,2707
31,19585,19706,169,2066,1982,2577
31,19585,19706,170,2057,1982,2443
31,19585,19706,171,2029,1982,2314
31,19585,19706,172,2013,1982,2172
31,19585,19706,173,1994,1982,2054
31,19585,19706,174,1979,1982,1915
31,19585,19706,175,1959,1981,1808
31,19585,19706,176,1941,1981,1655
31,19585,19706,177,1925,1981,1532
31,19585,19706,178,1913,1981,1464
31,19585,19706,179,1899,1981,1357
31,19585,19706,180,1883,1981,1224
31,19585,19706,181,1870,1980,1107
31,19585,19706,182,1851,1979,976
31,19585,19706,183,1836,1979,837
31,19585,19706,184,1819,1978,703
31,19585,19706,185,1804,1977,570
31,19585,19706,186,1789,1976,436
31,19585,19706,187,1772,1974,347
31,19585,19706,188,1758,1973,211
31,19585,19706,189,1759,1975,228
31,19585,19706,190,1761,1975,239
31,19585,19706,191,1763,1975,257
31,19585,19706,192,1765,1974,271
31,19585,19706,193,1766,1974,283
31,19585,19706,194,1768,1975,296
31,19585,19706,195,1769,1975,315
31,19585,19706,196,1771,1975,328
31,19585,19706,197,1773,1975,342
31,19585,19706,198,1775,1976,356
31,19585,19706,199,1775,1975,371
31,19585,19706,200,1778,1975,383
31,19585,19706,201,1779,1976,398
31,19585,19706,202,1781,1976,412
31,19585,19706,203,1782,1976,425
31,19585,19706,204,1783,1977,423
31,19585,19706,205,1785,1977,454
31,19585,19706,206,1786,1977,467
31,19585,19706,207,1789,1977,484
31,19585,19706,208,1790,1977,499
31,19585,19706,209,1792,1977,510
31,19585,19706,210,1794,1977,527
31,19585,19706,211,1795,1977,536
31,19585,19706,212,1797,1977,552
31,19585,19706,213,1799,1977,573
31,19585,19706,214,1800,1977,578
31,19585,19706,215,1801,1978,597
31,19585,19706,216,1802,1978,608
31,19585,19706,217,1805,1978,620
31,19585,19706,218,1808,1978,639
31,19585,19706,219,1808,1978,651
31,19585,19706,220,1810,1978,665
31,19585,19706,221,1812,1978,699
31,19585,19706,222,1813,1978,689
31,19585,19706,223,1815,1978,713
31,19585,19706,224,1817,1979,723
31,19585,19706,225,1818,1979,738
31,19585,19706,226,1820,1979,754
31,19585,19706,227,1822,1979,761
31,19585,19706,228,1821,1979,779
31,19585,19706,229,1825,1979,796
31,19585,19706,230,1827,1979,810
31,19585,19706,231,1828,1979,826
31,19585,19706,232,1831,1979,839
31,19585,19706,233,1831,1979,855
31,19585,19706,234,1833,1980,865
31,19585,19706,235,1834,1980,880
31,19585,19706,236,1836,1979,892
31,19585,19706,237,1838,1980,909
31,19585,19706,238,1840,1980,921
31,19585,19706,239,1842,1980,937
31,19585,19706,240,1843,1980,953
31,19585,19706,241,1845,1980,963
31,19585,19706,242,1847,1980,978
31,19585,19706,243,1848,1980,994
31,19585,19706,244,1851,1980,1003
31,19585,19706,245,1853,1981,1018
31,19585,19706,246,1854,1980,1041
31,19585,19706,247,1856,1981,1049
31,19585,19706,248,1857,1980,1068
31,19585,19706,249,1859,1980,1077
31,19585,19706,250,1861,1980,1092
31,19585,19706,251,1862,1980,1105
31,19585,19706,252,1865,1980,1121
31,19585,19706,253,1866,1980,1135
31,19585,19706,254,1868,1981,1155
31,19585,19706,255,1869,1981,1165
31,19585,19706,256,1872,1981,1175
31,19585,19706,257,1873,1981,1192
31,19585,19706,258,1876,1981,1206
31,19585,19706,259,1878,1981,1222
31,19585,19706,260,1879,1982,1237
31,19585,19706,261,1880,1981,1250
31,19585,19706,262,1883,1981,1261
31,19585,19706,263,1884,1980,1279
31,19585,19706,264,1886,1981,1294
31,19585,19706,265,1888,1981,1305
31,19585,19706,266,1889,1981,1319
31,19585,19706,267,1890,1981,1320
31,19585,19706,268,1889,1981,1307
31,19585,19706,269,1885,1981,1290
31,19585,19706,270,1885,1981,1277
31,19585,19706,271,1885,1981,1261
31,19585,19706,272,1880,1981,1245
31,19585,19706,273,1878,1981,1235
31,19585,19706,274,1877,1981,1221
31,19585,19706,275,1875,1980,1207
31,19585,19706,276,1874,1980,1191
31,19585,19706,277,1871,1981,1178
31,19585,19706,278,1870,1980,1165
31,19585,19706,279,1868,1981,1151
31,19585,19706,280,1866,1980,1135
31,19585,19706,281,1864,1981,1121
31,19585,19706,282,1862,1980,1106
31,19585,19706,283,1860,1981,1094
31,19585,19706,284,1859,1980,1080
31,19585,19706,285,1857,1980,1065
31,19585,19706,286,1856,1980,1047
31,19585,19706,287,1854,1980,1037
31,19585,19706,288,1852,1980,1022
31,19585,19706,289,1850,1980,1008
31,19585,19706,290,1848,1980,990
31,19585,19706,291,1848,1980,980
31,19585,19706,292,1846,1980,965
31,19585,19706,293,1844,1980,950
31,19585,19706,294,1842,1980,934
31,19585,19706,295,1840,1980,921
31,19585,19706,296,1839,1980,909
31,19585,19706,297,1837,1980,893
31,19585,19706,298,1834,1980,879
31,19585,19706,299,1833,1980,865
31,19585,19706,300,1831,1979,852
31,19585,19706,301,1829,1979,837
31,19585,19706,302,1829,1979,824
31,19585,19706,303,1826,1979,808
31,19585,19706,304,1825,1979,794
31,19585,19706,305,1823,1979,781
31,19585,19706,306,1822,1979,767
31,19585,19706,307,1819,1979,749
31,19585,19706,308,1818,1978,738
31,19585,19706,309,1817,1979,724
31,19585,19706,310,1815,1978,709
31,19585,19706,311,1813,1978,694
31,19585,19706,312,1811,1978,680
31,19585,19706,313,1809,1978,666
31,19585,19706,314,1807,1977,654
31,19585,19706,315,1806,1977,639
31,19585,19706,316,1804,1977,626
31,19585,19706,317,1803,1978,610
31,19585,19706,318,1801,1978,592
31,19585,19706,319,1800,1977,578
31,19585,19706,320,1798,1977,567
31,19585,19706,321,1797,1977,551
31,19585,19706,322,1794,1977,538
31,19585,19706,323,1794,1977,527
31,19585,19706,324,1791,1977,516
31,19585,19706,325,1790,1977,497
31,19585,19706,326,1788,1977,482
31,19585,19706,327,1787,1976,468
31,19585,19706,328,1785,1976,456
31,19585,19706,329,1784,1977,440
31,19585,19706,330,1782,1976,425
31,19585,19706,331,1781,1975,415
31,19585,19706,332,1779,1976,401
31,19585,19706,333,1777,1976,382
31,19585,19706,334,1776,1975,370
31,19585,19706,335,1774,1976,356
31,19585,19706,336,1773,1977,344
31,19585,19706,337,1771,1975,327
31,19585,19706,338,1770,1975,312
31,19585,19706,339,1769,1975,297
31,19585,19706,340,1767,1975,286
31,19585,19706,341,1765,1974,269
31,19585,19706,342,1763,1975,254
31,19585,19706,343,1762,1975,243
31,19585,19706,344,1759,1974,231
31,19585,19706,345,1758,1974,215
31,19585,19706,346,1757,1973,197
31,19585,19706,347,1755,1973,184
31,19585,19706,348,1757,1973,184
31,19585,19706,349,1763,1975,260
31,19585,19706,350,1771,1975,349
31,19585,19706,351,1783,1977,443
31,19585,19706,352,1793,1978,547
31,19585,19706,353,1804,1980,671
31,19585,19706,354,1811,1979,770
31,19585,19706,355,1833,1980,904
32,19760,19881,0,1992,2023,1120
32,19760,19881,1,1867,1981,1188
32,19760,19881,2,1880,1981,1278
32,19760,19881,3,1892,1980,1351
32,19760,19881,4,1907,1982,1480
32,19760,19881,5,1912,1983,1595
32,19760,19881,6,1938,1983,1713
32,19760,19881,7,1956,1983,1866
32,19760,19881,8,1976,1984,1990
32,19760,19881,9,1992,1984,2129
32,19760,19881,10,2012,1984,2266
32,19760,19881,11,2032,1984,2414
32,19760,19881,12,2050,1984,2588
32,19760,19881,13,2072,1985,2694
32,19760,19881,14,2089,1984,2846
32,19760,19881,15,2110,1985,2967
32,19760,19881,16,2133,1985,3107
32,19760,19881,17,2148,1985,3243
32,19760,19881,18,2166,1985,3389
32,19760,19881,19,2185,1986,3503
32,19760,19881,20,2188,1985,3487
32,19760,19881,21,2186,1985,3473
32,19760,19881,22,2184,1985,3473
32,19760,19881,23,2184,1985,3477
32,19760,19881,24,2183,1985,3461
32,19760,19881,25,2180,1985,3458
32,19760,19881,26,2179,1984,3442
32,19760,19881,27,2177,1985,3423
32,19760,19881,28,2174,1985,3408
32,19760,19881,29,2173,1985,3392
32,19760,19881,30,2170,1985,3381
32,19760,19881,31,2170,1985,3365
32,19760,19881,32,2165,1985,3350
32,19760,19881,33,2167,1985,3336
32,19760,19881,34,2161,1985,3319
32,19760,19881,35,2161,1985,3305
32,19760,19881,36,2158,1984,3296
32,19760,19881,37,2156,1985,3279
32,19760,19881,38,2155,1985,3266
32,19760,19881,39,2153,1985,3252
32,19760,19881,40,2151,1985,3238
32,19760,19881,41,2149,1985,3224
32,19760,19881,42,2147,1985,3212
32,19760,19881,43,2146,1985,3203
32,19760,19881,44,2143,1985,3183
32,19760,19881,45,2142,1984,3166
32,19760,19881,46,2139,1985,3152
32,19760,19881,47,2137,1985,3137
32,19760,19881,48,2135,1985,3125
32,19760,19881,49,2133,1984,3108
32,19760,19881,50,2132,1984,3095
32,19760,19881,51,2129,1985,3082
32,19760,19881,52,2128,1985,3069
32,19760,19881,53,2125,1985,3054
32,19760,19881,54,2123,1985,3039
32,19760,19881,55,2122,1985,3029
32,19760,19881,56,2120,1985,3007
32,19760,19881,57,2117,1985,2995
32,19760,19881,58,2115,1985,2980
32,19760,19881,59,2114,1984,2971
32,19760,19881,60,2112,1985,2954
32,19760,19881,61,2109,1984,2939
32,19760,19881,62,2108,1984,2925
32,19760,19881,63,2106,1984,2910
32,19760,19881,64,2104,1984,2894
32,19760,19881,65,2102,1984,2886
32,19760,19881,66,2101,1984,2867
32,19760,19881,67,2099,1984,2853
32,19760,19881,68,2098,1984,2841
32,19760,19881,69,2095,1984,2821
32,19760,19881,70,2092,1984,2814
32,19760,19881,71,2090,1984,2795
32,19760,19881,72,2088,1984,2782
32,19760,19881,73,2086,1984,2773
32,19760,19881,74,2084,1984,2756
32,19760,19881,75,2083,1984,2741
32,19760,19881,76,2081,1984,2724
32,19760,19881,77,2079,1984,2713
32,19760,19881,78,2076,1984,2700
32,19760,19881,79,2075,1984,2682
32,19760,19881,80,2073,1984,2675
32,19760,19881,81,2071,1984,2656
32,19760,19881,82,2068,1983,2643
32,19760,19881,83,2067,1984,2628
32,19760,19881,84,2066,1984,2613
32,19760,19881,85,2063,1984,2604
32,19760,19881,86,2061,1984,2584
32,19760,19881,87,2059,1984,2570
32,19760,19881,88,2057,1984,2571
32,19760,19881,89,2057,1983,2556
32,19760,19881,90,2060,1984,2571
32,19760,19881,91,2061,1984,2584
32,19760,19881,92,2063,1984,2601
32,19760,19881,93,2064,1984,2607
32,19760,19881,94,2066,1984,2624
32,19760,19881,95,2069,1984,2640
32,19760,19881,96,2070,1984,2652
32,19760,19881,97,2072,1984,2669
32,19760,19881,98,2075,1985,2681
32,19760,19881,99,2076,1984,2698
32,19760,19881,100,2080,1984,2712
32,19760,19881,101,2080,1984,2729
32,19760,19881,102,2082,1984,2741
32,19760,19881,103,2085,1984,2753
32,19760,19881,104,2089,1984,2768
32,19760,19881,105,2089,1985,2787
32,19760,19881,106,2091,1985,2796
32,19760,19881,107,2092,1984,2810
32,19760,19881,108,2094,1984,2829
32,19760,19881,109,2096,1984,2834
32,19760,19881,110,2098,1984,2855
32,19760,19881,111,2100,1984,2867
32,19760,19881,112,2102,1984,2881
32,19760,19881,113,2104,1984,2898
32,19760,19881,114,2106,1984,2913
32,19760,19881,115,2107,1985,2924
32,19760,19881,116,2108,1984,2941
32,19760,19881,117,2112,1985,2951
32,19760,19881,118,2115,1985,2966
32,19760,19881,119,2116,1985,2982
32,19760,19881,120,2117,1985,2996
32,19760,19881,121,2120,1985,3012
32,19760,19881,122,2121,1985,3023
32,19760,19881,123,2124,1985,3037
32,19760,19881,124,2126,1985,3055
32,19760,19881,125,2127,1985,3066
32,19760,19881,126,2128,1985,3081
32,19760,19881,127,2132,1985,3097
32,19760,19881,128,2133,1985,3108
32,19760,19881,129,2135,1985,3124
32,19760,19881,130,2137,1985,3140
32,19760,19881,131,2139,1985,3153
32,19760,19881,132,2141,1985,3165
32,19760,19881,133,2143,1985,3180
32,19760,19881,134,2145,1985,3196
32,19760,19881,135,2148,1985,3209
32,19760,19881,136,2150,1985,3224
32,19760,19881,137,2151,1985,3238
32,19760,19881,138,2153,1985,3253
32,19760,19881,139,2155,1985,3262
32,19760,19881,140,2157,1985,3278
32,19760,19881,141,2159,1985,3296
32,19760,19881,142,2161,1985,3304
32,19760,19881,143,2162,1985,3324
32,19760,19881,144,2165,1986,3338
32,19760,19881,145,2167,1985,3353
32,19760,19881,146,2169,1985,3360
32,19760,19881,147,2171,1985,3380
32,19760,19881,148,2173,1985,3393
32,19760,19881,149,2173,1985,3409
32,19760,19881,150,2178,1986,3422
32,19760,19881,151,2179,1986,3437
32,19760,19881,152,2182,1986,3450
32,19760,19881,153,2183,1985,3466
32,19760,19881,154,2184,1986,3477
32,19760,19881,155,2184,1985,3472
32,19760,19881,156,2184,1985,3470
32,19760,19881,157,2185,1986,3487
32,19760,19881,158,2187,1986,3501
32,19760,19881,159,2189,1986,3510
32,19760,19881,160,2191,1986,3516
32,19760,19881,161,2191,1986,3519
32,19760,19881,162,2188,1986,3486
32,19760,19881,163,2176,1985,3382
32,19760,19881,164,2162,1984,3282
32,19760,19881,165,2144,1984,3160
32,19760,19881,166,2132,1984,3069
32,19760,19881,167,2120,1985,2980
32,19760,19881,168,2106,1983,2866
32,19760,19881,169,2090,1984,2756
32,19760,19881,170,2074,1983,2644
32,19760,19881,171,2058,1982,2470
32,19760,19881,172,2038,1983,2374
32,19760,19881,173,2021,1981,2231
32,19760,19881,174,1999,1982,2096
32,19760,19881,175,1981,1981,1946
32,19760,19881,176,1960,1980,1791
32,19760,19881,177,1941,1980,1641
32,19760,19881,178,1927,1980,1544
32,19760,19881,179,1907,1980,1413
32,19760,19881,180,1892,1980,1281
32,19760,19881,181,1873,1980,1155
32,19760,19881,182,1857,1979,1012
32,19760,19881,183,1839,1979,881
32,19760,19881,184,1824,1978,731
32,19760,19881,185,1807,1978,610
32,19760,19881,186,1791,1976,472
32,19760,19881,187,1779,1975,329
32,19760,19881,188,1762,1974,212
32,19760,19881,189,1760,1974,225
32,19760,19881,190,1762,1975,239
32,19760,19881,191,1763,1974,256
32,19760,19881,192,1765,1974,269
32,19760,19881,193,1766,1975,280
32,19760,19881,194,1768,1975,297
32,19760,19881,195,1769,1975,311
32,19760,19881,196,1771,1975,327
32,19760,19881,197,1771,1976,341
32,19760,19881,198,1774,1976,354
32,19760,19881,199,1775,1975,368
32,19760,19881,200,1777,1976,384
32,19760,19881,201,1780,1976,396
32,19760,19881,202,1781,1977,401
32,19760,19881,203,1782,1976,427
32,19760,19881,204,1783,1977,440
32,19760,19881,205,1785,1977,458
32,19760,19881,206,1787,1977,472
32,19760,19881,207,1788,1976,482
32,19760,19881,208,1790,1977,497
32,19760,19881,209,1792,1976,510
32,19760,19881,210,1793,1977,523
32,19760,19881,211,1795,1977,538
32,19760,19881,212,1796,1977,553
32,19760,19881,213,1799,1977,565
32,19760,19881,214,1800,1978,584
32,19760,19881,215,1801,1978,592
32,19760,19881,216,1804,1978,610
32,19760,19881,217,1805,1978,622
32,19760,19881,218,1807,1978,638
32,19760,19881,219,1808,1978,653
32,19760,19881,220,1810,1978,666
32,19760,19881,221,1810,1978,681
32,19760,19881,222,1813,1978,690
32,19760,19881,223,1814,1979,708
32,19760,19881,224,1816,1979,724
32,19760,19881,225,1817,1979,737
32,19760,19881,226,1820,1979,749
32,19760,19881,227,1820,1979,764
32,19760,19881,228,1823,1979,780
32,19760,19881,229,1824,1978,793
32,19760,19881,230,1827,1980,806
32,19760,19881,231,1827,1979,821
32,19760,19881,232,1830,1979,835
32,19760,19881,233,1832,1979,853
32,19760,19881,234,1833,1979,863
32,19760,19881,235,1835,1980,879
32,19760,19881,236,1835,1980,896
32,19760,19881,237,1838,1980,910
32,19760,19881,238,1840,1980,924
32,19760,19881,239,1842,1980,935
32,19760,19881,240,1843,1980,963
32,19760,19881,241,1845,1980,967
32,19760,19881,242,1846,1980,978
32,19760,19881,243,1848,1980,992
32,19760,19881,244,1850,1980,1007
32,19760,19881,245,1852,1980,1020
32,19760,19881,246,1854,1980,1036
32,19760,19881,247,1855,1980,1051
32,19760,19881,248,1857,1980,1063
32,19760,19881,249,1859,1980,1077
32,19760,19881,250,1861,1980,1091
32,19760,19881,251,1862,1981,1107
32,19760,19881,252,1863,1980,1110
32,19760,19881,253,1866,1981,1136
32,19760,19881,254,1868,1981,1150
32,19760,19881,255,1870,1980,1162
32,19760,19881,256,1872,1980,1183
32,19760,19881,257,1874,1980,1188
32,19760,19881,258,1875,1980,1205
32,19760,19881,259,1877,1981,1222
32,19760,19881,260,1879,1981,1235
32,19760,19881,261,1880,1980,1244
32,19760,19881,262,1882,1980,1261
32,19760,19881,263,1884,1981,1276
32,19760,19881,264,1885,1981,1291
32,19760,19881,265,1887,1981,1306
32,19760,19881,266,1889,1981,1332
32,19760,19881,267,1889,1981,1321
32,19760,19881,268,1888,1980,1305
32,19760,19881,269,1886,1981,1293
32,19760,19881,270,1884,1981,1274
32,19760,19881,271,1882,1981,1265
32,19760,19881,272,1880,1980,1248
32,19760,19881,273,1878,1981,1237
32,19760,19881,274,1876,1981,1223
32,19760,19881,275,1874,1980,1205
32,19760,19881,276,1873,1981,1193
32,19760,19881,277,1870,1980,1181
32,19760,19881,278,1870,1981,1161
32,19760,19881,279,1867,1980,1148
32,19760,19881,280,1866,1980,1136
32,19760,19881,281,1864,1980,1120
32,19760,19881,282,1863,1980,1107
32,19760,19881,283,1861,1980,1098
32,19760,19881,284,1859,1980,1058
32,19760,19881,285,1857,1980,1066
32,19760,19881,286,1855,1980,1048
32,19760,19881,287,1854,1980,1038
32,19760,19881,288,1851,1980,1020
32,19760,19881,289,1851,1980,1008
32,19760,19881,290,1848,1980,996
32,19760,19881,291,1846,1980,978
32,19760,19881,292,1845,1980,964
32,19760,19881,293,1843,1980,948
32,19760,19881,294,1841,1980,934
32,19760,19881,295,1840,1979,921
32,19760,19881,296,1838,1980,916
32,19760,19881,297,1836,1979,893
32,19760,19881,298,1835,1979,879
32,19760,19881,299,1834,1980,867
32,19760,19881,300,1831,1980,851
32,19760,19881,301,1829,1979,836
32,19760,19881,302,1829,1979,824
32,19760,19881,303,1827,1979,807
32,19760,19881,304,1825,1979,801
32,19760,19881,305,1823,1979,779
32,19760,19881,306,1821,1979,768
32,19760,19881,307,1819,1979,751
32,19760,19881,308,1818,1978,737
32,19760,19881,309,1816,1979,719
32,19760,19881,310,1814,1978,714
32,19760,19881,311,1813,1978,697
32,19760,19881,312,1811,1978,683
32,19760,19881,313,1811,1978,667
32,19760,19881,314,1808,1978,651
32,19760,19881,315,1806,1978,640
32,19760,19881,316,1807,1978,625
32,19760,19881,317,1804,1978,610
32,19760,19881,318,1802,1978,594
32,19760,19881,319,1800,1978,581
32,19760,19881,320,1799,1977,567
32,19760,19881,321,1796,1977,555
32,19760,19881,322,1795,1976,538
32,19760,19881,323,1793,1977,522
32,19760,19881,324,1791,1976,510
32,19760,19881,325,1790,1976,496
32,19760,19881,326,1788,1976,482
32,19760,19881,327,1788,1976,465
32,19760,19881,328,1785,1976,455
32,19760,19881,329,1783,1976,440
32,19760,19881,330,1782,1976,425
32,19760,19881,331,1780,1976,416
32,19760,19881,332,1779,1976,391
32,19760,19881,333,1778,1976,385
32,19760,19881,334,1775,1976,371
32,19760,19881,335,1774,1975,353
32,19760,19881,336,1773,1976,339
32,19760,19881,337,1771,1975,325
32,19760,19881,338,1769,1974,311
32,19760,19881,339,1768,1975,298
32,19760,19881,340,1767,1974,285
32,19760,19881,341,1764,1975,270
32,19760,19881,342,1762,1974,255
32,19760,19881,343,1760,1974,241
32,19760,19881,344,1759,1974,226
32,19760,19881,345,1758,1973,215
32,19760,19881,346,1757,1973,197
32,19760,19881,347,1756,1973,183
32,19760,19881,348,1754,1972,177
32,19760,19881,349,1758,1974,218
32,19760,19881,350,1767,1975,305
32,19760,19881,351,1781,1976,421
32,19760,19881,352,1790,1979,533
32,19760,19881,353,1804,1978,652
32,19760,19881,354,1816,1980,772
32,19760,19881,355,1833,1980,904
33,19934,20055,0,1996,2026,1319
33,19934,20055,1,1893,1983,1387
33,19934,20055,2,1907,1982,1468
33,19934,20055,3,1915,1982,1554
33,19934,20055,4,1930,1983,1668
33,19934,20055,5,1943,1983,1773
33,19934,20055,6,1958,1983,1866
33,19934,20055,7,1972,1983,1972
33,19934,20055,8,1987,1983,2080
33,19934,20055,9,2005,1983,2178
33,19934,20055,10,2021,1984,2321
33,19934,20055,11,2037,1984,2452
33,19934,20055,12,2055,1985,2583
33,19934,20055,13,2073,1985,2709
33,19934,20055,14,2093,1985,2849
33,19934,20055,15,2111,1985,3008
33,19934,20055,16,2129,1985,3140
33,19934,20055,17,2150,1985,3264
33,19934,20055,18,2172,1986,3411
33,19934,20055,19,2184,1986,3493
33,19934,20055,20,2188,1985,3496
33,19934,20055,21,2184,1984,3471
33,19934,20055,22,2184,1985,3479
33,19934,20055,23,2184,1985,3476
33,19934,20055,24,2182,1985,3464
33,19934,20055,25,2180,1986,3453
33,19934,20055,26,2177,1985,3438
33,19934,20055,27,2176,1985,3423
33,19934,20055,28,2174,1985,3410
33,19934,20055,29,2172,1985,3392
33,19934,20055,30,2170,1985,3382
33,19934,20055,31,2168,1985,3371
33,19934,20055,32,2168,1985,3349
33,19934,20055,33,2164,1985,3338
33,19934,20055,34,2163,1985,3322
33,19934,20055,35,2160,1985,3304
33,19934,20055,36,2160,1985,3291
33,19934,20055,37,2157,1985,3282
33,19934,20055,38,2156,1985,3266
33,19934,20055,39,2153,1985,3252
33,19934,20055,40,2151,1985,3238
33,19934,20055,41,2149,1985,3223
33,19934,20055,42,2148,1984,3207
33,19934,20055,43,2145,1985,3196
33,19934,20055,44,2143,1985,3180
33,19934,20055,45,2142,1985,3186
33,19934,20055,46,2140,1985,3147
33,19934,20055,47,2137,1985,3139
33,19934,20055,48,2135,1985,3124
33,19934,20055,49,2132,1985,3107
33,19934,20055,50,2130,1984,3097
33,19934,20055,51,2130,1985,3081
33,19934,20055,52,2127,1985,3066
33,19934,20055,53,2125,1985,3049
33,19934,20055,54,2123,1984,3040
33,19934,20055,55,2121,1985,3026
33,19934,20055,56,2119,1984,3016
33,19934,20055,57,2116,1984,2996
33,19934,20055,58,2115,1984,2979
33,19934,20055,59,2113,1985,2967
33,19934,20055,60,2112,1984,2950
33,19934,20055,61,2110,1984,2934
33,19934,20055,62,2108,1984,2922
33,19934,20055,63,2106,1984,2909
33,19934,20055,64,2104,1984,2895
33,19934,20055,65,2101,1984,2884
33,19934,20055,66,2100,1984,2869
33,19934,20055,67,2098,1984,2851
33,19934,20055,68,2096,1984,2832
33,19934,20055,69,2094,1984,2826
33,19934,20055,70,2092,1984,2809
33,19934,20055,71,2090,1984,2798
33,19934,20055,72,2088,1984,2784
33,19934,20055,73,2086,1984,2768
33,19934,20055,74,2085,1984,2753
33,19934,20055,75,2082,1984,2737
33,19934,20055,76,2080,1984,2728
33,19934,20055,77,2078,1984,2714
33,19934,20055,78,2077,1984,2696
33,19934,20055,79,2074,1983,2682
33,19934,20055,80,2072,1984,2666
33,19934,20055,81,2070,1983,2653
33,19934,20055,82,2069,1984,2638
33,19934,20055,83,2067,1983,2626
33,19934,20055,84,2063,1984,2614
33,19934,20055,85,2063,1984,2599
33,19934,20055,86,2061,1984,2592
33,19934,20055,87,2059,1984,2569
33,19934,20055,88,2054,1983,2554
33,19934,20055,89,2057,1984,2555
33,19934,20055,90,2058,1984,2568
33,19934,20055,91,2061,1984,2585
33,19934,20055,92,2063,1983,2598
33,19934,20055,93,2065,1984,2612
33,19934,20055,94,2068,1984,2626
33,19934,20055,95,2069,1983,2642
33,19934,20055,96,2072,1984,2657
33,19934,20055,97,2070,1984,2668
33,19934,20055,98,2075,1984,2682
33,19934,20055,99,2076,1984,2687
33,19934,20055,100,2078,1984,2716
33,19934,20055,101,2081,1984,2728
33,19934,20055,102,2082,1984,2744
33,19934,20055,103,2084,1984,2756
33,19934,20055,104,2086,1984,2766
33,19934,20055,105,2088,1984,2782
33,19934,20055,106,2091,1983,2800
33,19934,20055,107,2094,1985,2812
33,19934,20055,108,2094,1985,2825
33,19934,20055,109,2096,1985,2843
33,19934,20055,110,2099,1984,2844
33,19934,20055,111,2100,1984,2870
33,19934,20055,112,2102,1984,2882
33,19934,20055,113,2103,1984,2898
33,19934,20055,114,2106,1984,2909
33,19934,20055,115,2107,1984,2927
33,19934,20055,116,2110,1984,2942
33,19934,20055,117,2112,1984,2949
33,19934,20055,118,2112,1985,2968
33,19934,20055,119,2115,1985,2981
33,19934,20055,120,2118,1984,3014
33,19934,20055,121,2121,1984,3010
33,19934,20055,122,2121,1985,3021
33,19934,20055,123,2124,1985,3038
33,19934,20055,124,2123,1985,3051
33,19934,20055,125,2127,1985,3068
33,19934,20055,126,2128,1985,3080
33,19934,20055,127,2132,1985,3095
33,19934,20055,128,2133,1985,3111
33,19934,20055,129,2136,1985,3122
33,19934,20055,130,2136,1985,3136
33,19934,20055,131,2140,1985,3155
33,19934,20055,132,2141,1984,3168
33,19934,20055,133,2143,1985,3180
33,19934,20055,134,2145,1985,3197
33,19934,20055,135,2145,1985,3210
33,19934,20055,136,2150,1985,3225
33,19934,20055,137,2152,1985,3237
33,19934,20055,138,2154,1986,3239
33,19934,20055,139,2154,1985,3267
33,19934,20055,140,2157,1985,3279
33,19934,20055,141,2159,1985,3295
33,19934,20055,142,2161,1986,3310
33,19934,20055,143,2162,1985,3324
33,19934,20055,144,2165,1985,3336
33,19934,20055,145,2166,1985,3352
33,19934,20055,146,2168,1986,3370
33,19934,20055,147,2171,1986,3379
33,19934,20055,148,2173,1985,3394
33,19934,20055,149,2174,1985,3406
33,19934,20055,150,2175,1985,3423
33,19934,20055,151,2179,1985,3436
33,19934,20055,152,2180,1985,3452
33,19934,20055,153,2182,1986,3460
33,19934,20055,154,2184,1985,3476
33,19934,20055,155,2183,1985,3472
33,19934,20055,156,2184,1985,3471
33,19934,20055,157,2186,1985,3484
33,19934,20055,158,2187,1986,3507
33,19934,20055,159,2188,1985,3512
33,19934,20055,160,2189,1985,3516
33,19934,20055,161,2191,1985,3515
33,19934,20055,162,2188,1986,3493
33,19934,20055,163,2177,1985,3386
33,19934,20055,164,2161,1984,3280
33,19934,20055,165,2148,1984,3171
33,19934,20055,166,2131,1984,3049
33,19934,20055,167,2115,1984,2938
33,19934,20055,168,2095,1983,2776
33,19934,20055,169,2074,1982,2621
33,19934,20055,170,2056,1982,2462
33,19934,20055,171,2032,1982,2319
33,19934,20055,172,2014,1981,2181
33,19934,20055,173,1992,1981,2052
33,19934,20055,174,1976,1981,1912
33,19934,20055,175,1955,1981,1768
33,19934,20055,176,1938,1980,1636
33,19934,20055,177,1920,1980,1507
33,19934,20055,178,1904,1981,1438
33,19934,20055,179,1894,1980,1313
33,19934,20055,180,1880,1980,1205
33,19934,20055,181,1865,1979,1060
33,19934,20055,182,1849,1980,941
33,19934,20055,183,1833,1980,904
33,19934,20055,184,1818,1977,699
33,19934,20055,185,1806,1978,557
33,19934,20055,186,1789,1976,426
33,19934,20055,187,1771,1974,289
33,19934,20055,188,1758,1973,216
33,19934,20055,189,1760,1974,226
33,19934,20055,190,1761,1974,241
33,19934,20055,191,1763,1974,256
33,19934,20055,192,1765,1975,268
33,19934,20055,193,1766,1975,286
33,19934,20055,194,1769,1975,299
33,19934,20055,195,1769,1975,317
33,19934,20055,196,1771,1976,325
33,19934,20055,197,1772,1975,342
33,19934,20055,198,1774,1976,367
33,19934,20055,199,1775,1976,370
33,19934,20055,200,1777,1976,384
33,19934,20055,201,1778,1976,399
33,19934,20055,202,1780,1976,408
33,19934,20055,203,1782,1976,425
33,19934,20055,204,1783,1976,435
33,19934,20055,205,1785,1977,462
33,19934,20055,206,1787,1977,469
33,19934,20055,207,1788,1977,479
33,19934,20055,208,1790,1977,496
33,19934,20055,209,1792,1977,510
33,19934,20055,210,1793,1977,525
33,19934,20055,211,1795,1977,539
33,19934,20055,212,1796,1977,553
33,19934,20055,213,1798,1978,566
33,19934,20055,214,1799,1977,578
33,19934,20055,215,1802,1978,598
33,19934,20055,216,1803,1978,608
33,19934,20055,217,1805,1978,620
33,19934,20055,218,1806,1978,641
33,19934,20055,219,1807,1978,652
33,19934,20055,220,1810,1978,668
33,19934,20055,221,1810,1978,683
33,19934,20055,222,1813,1979,696
33,19934,20055,223,1814,1979,709
33,19934,20055,224,1817,1979,723
33,19934,20055,225,1817,1978,738
33,19934,20055,226,1819,1979,752
33,19934,20055,227,1821,1979,769
33,19934,20055,228,1824,1979,780
33,19934,20055,229,1824,1979,788
33,19934,20055,230,1827,1979,808
33,19934,20055,231,1828,1979,824
33,19934,20055,232,1830,1979,839
33,19934,20055,233,1831,1979,849
33,19934,20055,234,1834,1980,868
33,19934,20055,235,1834,1979,879
33,19934,20055,236,1837,1979,879
33,19934,20055,237,1838,1980,909
33,19934,20055,238,1839,1980,921
33,19934,20055,239,1842,1980,935
33,19934,20055,240,1843,1980,948
33,19934,20055,241,1845,1981,970
33,19934,20055,242,1847,1980,979
33,19934,20055,243,1848,1980,993
33,19934,20055,244,1850,1981,1007
33,19934,20055,245,1852,1980,1024
33,19934,20055,246,1853,1980,1036
33,19934,20055,247,1856,1980,1049
33,19934,20055,248,1857,1980,1065
33,19934,20055,249,1859,1981,1078
33,19934,20055,250,1860,1980,1093
33,19934,20055,251,1862,1980,1107
33,19934,20055,252,1864,1980,1120
33,19934,20055,253,1865,1980,1134
33,19934,20055,254,1868,1981,1145
33,19934,20055,255,1869,1981,1161
33,19934,20055,256,1872,1981,1179
33,19934,20055,257,1873,1981,1191
33,19934,20055,258,1875,1981,1206
33,19934,20055,259,1875,1981,1219
33,19934,20055,260,1879,1981,1233
33,19934,20055,261,1880,1980,1246
33,19934,20055,262,1882,1980,1264
33,19934,20055,263,1884,1981,1276
33,19934,20055,264,1887,1981,1291
33,19934,20055,265,1887,1981,1303
33,19934,20055,266,1889,1981,1321
33,19934,20055,267,1889,1981,1319
33,19934,20055,268,1887,1981,1305
33,19934,20055,269,1886,1980,1286
33,19934,20055,270,1883,1981,1277
33,19934,20055,271,1882,1981,1263
33,19934,20055,272,1880,1981,1250
33,19934,20055,273,1878,1980,1236
33,19934,20055,274,1876,1981,1219
33,19934,20055,275,1875,1981,1203
33,19934,20055,276,1873,1980,1194
33,19934,20055,277,1872,1981,1176
33,19934,20055,278,1869,1980,1162
33,19934,20055,279,1867,1981,1152
33,19934,20055,280,1866,1980,1134
33,19934,20055,281,1865,1980,1121
33,19934,20055,282,1862,1981,1110
33,19934,20055,283,1860,1980,1091
33,19934,20055,284,1857,1980,1078
33,19934,20055,285,1858,1980,1061
33,19934,20055,286,1855,1980,1053
33,19934,20055,287,1854,1980,1033
33,19934,20055,288,1852,1980,1022
33,19934,20055,289,1850,1980,1007
33,19934,20055,290,1849,1980,992
33,19934,20055,291,1847,1980,977
33,19934,20055,292,1846,1980,962
33,19934,20055,293,1844,1980,951
33,19934,20055,294,1841,1980,929
33,19934,20055,295,1839,1980,924
33,19934,20055,296,1838,1980,906
33,19934,20055,297,1837,1980,893
33,19934,20055,298,1834,1979,877
33,19934,20055,299,1833,1979,870
33,19934,20055,300,1832,1979,851
33,19934,20055,301,1829,1979,837
33,19934,20055,302,1828,1979,822
33,19934,20055,303,1826,1978,815
33,19934,20055,304,1826,1978,786
33,19934,20055,305,1823,1979,781
33,19934,20055,306,1821,1978,766
33,19934,20055,307,1819,1979,754
33,19934,20055,308,1818,1978,737
33,19934,20055,309,1816,1978,721
33,19934,20055,310,1814,1979,709
33,19934,20055,311,1812,1979,693
33,19934,20055,312,1811,1978,683
33,19934,20055,313,1810,1978,666
33,19934,20055,314,1807,1978,653
33,19934,20055,315,1806,1978,644
33,19934,20055,316,1805,1978,620
33,19934,20055,317,1804,1978,609
33,19934,20055,318,1801,1978,594
33,19934,20055,319,1801,1978,581
33,19934,20055,320,1797,1978,568
33,19934,20055,321,1797,1977,552
33,19934,20055,322,1796,1977,540
33,19934,20055,323,1794,1977,534
33,19934,20055,324,1792,1976,510
33,19934,20055,325,1790,1977,513
33,19934,20055,326,1789,1977,481
33,19934,20055,327,1787,1977,467
33,19934,20055,328,1785,1976,452
33,19934,20055,329,1784,1976,441
33,19934,20055,330,1782,1976,426
33,19934,20055,331,1781,1976,409
33,19934,20055,332,1779,1976,392
33,19934,20055,333,1777,1975,380
33,19934,20055,334,1776,1976,368
33,19934,20055,335,1774,1975,353
33,19934,20055,336,1773,1976,340
33,19934,20055,337,1771,1975,329
33,19934,20055,338,1769,1975,313
33,19934,20055,339,1767,1975,295
33,19934,20055,340,1768,1975,284
33,19934,20055,341,1765,1974,258
33,19934,20055,342,1764,1974,257
33,19934,20055,343,1762,1974,237
33,19934,20055,344,1760,1974,225
33,19934,20055,345,1759,1974,213
33,19934,20055,346,1756,1973,197
33,19934,20055,347,1756,1973,193
33,19934,20055,348,1762,1974,244
33,19934,20055,349,1769,1976,315
33,19934,20055,350,1782,1976,398
33,19934,20055,351,1785,1978,478
33,19934,20055,352,1798,1978,584
33,19934,20055,353,1806,1979,684
33,19934,20055,354,1822,1979,800
33,19934,20055,355,1834,1981,920
34,20109,20229,0,1993,2024,1151
34,20109,20229,1,1869,1982,1201
34,20109,20229,2,1882,1981,1277
34,20109,20229,3,1894,1981,1361
34,20109,20229,4,1905,1982,1467
34,20109,20229,5,1919,1982,1569
34,20109,20229,6,1937,1983,1705
34,20109,20229,7,1952,1982,1829
34,20109,20229,8,1972,1984,1965
34,20109,20229,9,1985,1983,2099
34,20109,20229,10,2011,1984,2248
34,20109,20229,11,2026,1984,2389
34,20109,20229,12,2049,1985,2540
34,20109,20229,13,2067,1985,2667
34,20109,20229,14,2089,1985,2835
34,20109,20229,15,2106,1988,3073
34,20109,20229,16,2132,1984,3123
34,20109,20229,17,2147,1986,3265
34,20109,20229,18,2170,1986,3410
34,20109,20229,19,2184,1986,3499
34,20109,20229,20,2185,1985,3485
34,20109,20229,21,2184,1986,3471
34,20109,20229,22,2183,1985,3472
34,20109,20229,23,2184,1986,3477
34,20109,20229,24,2184,1986,3465
34,20109,20229,25,2181,1985,3447
34,20109,20229,26,2179,1985,3439
34,20109,20229,27,2178,1985,3422
34,20109,20229,28,2175,1985,3405
34,20109,20229,29,2173,1985,3394
34,20109,20229,30,2172,1985,3381
34,20109,20229,31,2168,1985,3365
34,20109,20229,32,2168,1986,3348
34,20109,20229,33,2164,1985,3338
34,20109,20229,34,2163,1986,3321
34,20109,20229,35,2160,1985,3304
34,20109,20229,36,2159,1985,3289
34,20109,20229,37,2156,1985,3281
34,20109,20229,38,2155,1985,3265
34,20109,20229,39,2153,1985,3250
34,20109,20229,40,2152,1985,3235
34,20109,20229,41,2149,1985,3215
34,20109,20229,42,2146,1985,3209
34,20109,20229,43,2145,1985,3193
34,20109,20229,44,2143,1985,3181
34,20109,20229,45,2141,1985,3170
34,20109,20229,46,2139,1984,3152
34,20109,20229,47,2137,1985,3138
34,20109,20229,48,2135,1984,3121
34,20109,20229,49,2134,1985,3110
34,20109,20229,50,2130,1985,3095
34,20109,20229,51,2129,1984,3079
34,20109,20229,52,2127,1985,3065
34,20109,20229,53,2126,1985,3049
34,20109,20229,54,2123,1985,3038
34,20109,20229,55,2122,1985,3026
34,20109,20229,56,2119,1984,3005
34,20109,20229,57,2118,1985,2993
34,20109,20229,58,2116,1985,2984
34,20109,20229,59,2114,1985,2969
34,20109,20229,60,2112,1985,2959
34,20109,20229,61,2110,1985,2940
34,20109,20229,62,2108,1984,2926
34,20109,20229,63,2107,1985,2909
34,20109,20229,64,2104,1984,2895
34,20109,20229,65,2101,1984,2880
34,20109,20229,66,2100,1984,2869
34,20109,20229,67,2098,1985,2854
34,20109,20229,68,2096,1985,2842
34,20109,20229,69,2093,1984,2825
34,20109,20229,70,2092,1984,2810
34,20109,20229,71,2091,1984,2796
34,20109,20229,72,2089,1984,2782
34,20109,20229,73,2087,1984,2772
34,20109,20229,74,2085,1984,2755
34,20109,20229,75,2083,1984,2740
34,20109,20229,76,2081,1984,2728
34,20109,20229,77,2078,1984,2712
34,20109,20229,78,2077,1984,2695
34,20109,20229,79,2076,1984,2684
34,20109,20229,80,2073,1984,2668
34,20109,20229,81,2072,1984,2655
34,20109,20229,82,2069,1984,2641
34,20109,20229,83,2067,1984,2624
34,20109,20229,84,2065,1984,2618
34,20109,20229,85,2064,1984,2599
34,20109,20229,86,2061,1984,2583
34,20109,20229,87,2059,1984,2571
34,20109,20229,88,2057,1984,2557
34,20109,20229,89,2057,1984,2554
34,20109,20229,90,2059,1984,2571
34,20109,20229,91,2061,1984,2587
34,20109,20229,92,2062,1984,2597
34,20109,20229,93,2065,1984,2614
34,20109,20229,94,2068,1984,2627
34,20109,20229,95,2069,1984,2645
34,20109,20229,96,2071,1984,2662
34,20109,20229,97,2072,1983,2657
34,20109,20229,98,2075,1984,2683
34,20109,20229,99,2077,1984,2697
34,20109,20229,100,2079,1983,2714
34,20109,20229,101,2081,1984,2726
34,20109,20229,102,2082,1985,2741
34,20109,20229,103,2084,1984,2756
34,20109,20229,104,2086,1984,2769
34,20109,20229,105,2089,1985,2785
34,20109,20229,106,2090,1984,2796
34,20109,20229,107,2092,1984,2813
34,20109,20229,108,2094,1985,2820
34,20109,20229,109,2097,1984,2842
34,20109,20229,110,2099,1985,2853
34,20109,20229,111,2100,1985,2868
34,20109,20229,112,2102,1984,2886
34,20109,20229,113,2104,1984,2893
34,20109,20229,114,2107,1984,2909
34,20109,20229,115,2108,1984,2923
34,20109,20229,116,2110,1984,2939
34,20109,20229,117,2111,1984,2951
34,20109,20229,118,2114,1984,2966
34,20109,20229,119,2116,1984,2983
34,20109,20229,120,2117,1984,2994
34,20109,20229,121,2120,1985,3010
34,20109,20229,122,2121,1985,3025
34,20109,20229,123,2124,1984,3036
34,20109,20229,124,2126,1985,3052
34,20109,20229,125,2128,1985,3093
34,20109,20229,126,2129,1985,3080
34,20109,20229,127,2132,1985,3097
34,20109,20229,128,2132,1985,3110
34,20109,20229,129,2134,1985,3130
34,20109,20229,130,2136,1985,3139
34,20109,20229,131,2139,1985,3151
34,20109,20229,132,2140,1984,3165
34,20109,20229,133,2144,1985,3190
34,20109,20229,134,2146,1985,3193
34,20109,20229,135,2147,1985,3208
34,20109,20229,136,2149,1985,3221
34,20109,20229,137,2151,1985,3241
34,20109,20229,138,2154,1985,3252
34,20109,20229,139,2154,1985,3265
34,20109,20229,140,2158,1985,3280
34,20109,20229,141,2159,1985,3298
34,20109,20229,142,2161,1985,3309
34,20109,20229,143,2163,1985,3322
34,20109,20229,144,2165,1986,3335
34,20109,20229,145,2166,1986,3352
34,20109,20229,146,2169,1986,3365
34,20109,20229,147,2170,1985,3381
34,20109,20229,148,2173,1986,3390
34,20109,20229,149,2174,1986,3410
34,20109,20229,150,2177,1986,3425
34,20109,20229,151,2179,1985,3429
34,20109,20229,152,2180,1985,3448
34,20109,20229,153,2183,1985,3465
34,20109,20229,154,2185,1985,3476
34,20109,20229,155,2184,1985,3472
34,20109,20229,156,2184,1985,3470
34,20109,20229,157,2186,1986,3488
34,20109,20229,158,2188,1986,3499
34,20109,20229,159,2189,1986,3509
34,20109,20229,160,2191,1986,3514
34,20109,20229,161,2192,1986,3514
34,20109,20229,162,2189,1986,3491
34,20109,20229,163,2175,1984,3383
34,20109,20229,164,2162,1984,3279
34,20109,20229,165,2146,1983,3124
34,20109,20229,166,2132,1984,3059
34,20109,20229,167,2112,1983,2929
34,20109,20229,168,2099,1983,2804
34,20109,20229,169,2079,1983,2647
34,20109,20229,170,2062,1983,2574
34,20109,20229,171,2049,1983,2466
34,20109,20229,172,2033,1983,2269
34,20109,20229,173,2017,1982,2216
34,20109,20229,174,1998,1982,2103
34,20109,20229,175,1990,1982,1980
34,20109,20229,176,1964,1981,1827
34,20109,20229,177,1946,1980,1679
34,20109,20229,178,1933,1982,1623
34,20109,20229,179,1916,1980,1468
34,20109,20229,180,1897,1980,1322
34,20109,20229,181,1879,1979,1184
34,20109,20229,182,1860,1979,1038
34,20109,20229,183,1844,1979,892
34,20109,20229,184,1825,1978,744
34,20109,20229,185,1807,1977,602
34,20109,20229,186,1792,1976,465
34,20109,20229,187,1775,1975,315
34,20109,20229,188,1759,1973,211
34,20109,20229,189,1760,1974,225
34,20109,20229,190,1761,1974,225
34,20109,20229,191,1763,1975,256
34,20109,20229,192,1764,1975,271
34,20109,20229,193,1766,1975,284
34,20109,20229,194,1766,1976,281
34,20109,20229,195,1769,1975,311
34,20109,20229,196,1770,1976,326
34,20109,20229,197,1773,1975,339
34,20109,20229,198,1774,1975,355
34,20109,20229,199,1776,1976,367
34,20109,20229,200,1777,1976,381
34,20109,20229,201,1779,1976,399
34,20109,20229,202,1781,1976,412
34,20109,20229,203,1782,1977,423
34,20109,20229,204,1783,1977,440
34,20109,20229,205,1786,1976,455
34,20109,20229,206,1787,1977,470
34,20109,20229,207,1789,1977,482
34,20109,20229,208,1789,1977,493
34,20109,20229,209,1792,1977,509
34,20109,20229,210,1793,1977,524
34,20109,20229,211,1795,1977,537
34,20109,20229,212,1796,1977,553
34,20109,20229,213,1798,1977,567
34,20109,20229,214,1800,1978,582
34,20109,20229,215,1801,1978,598
34,20109,20229,216,1803,1978,608
34,20109,20229,217,1805,1978,624
34,20109,20229,218,1806,1978,638
34,20109,20229,219,1808,1978,654
34,20109,20229,220,1810,1978,668
34,20109,20229,221,1812,1978,684
34,20109,20229,222,1814,1978,693
34,20109,20229,223,1815,1979,708
34,20109,20229,224,1817,1979,726
34,20109,20229,225,1818,1979,737
34,20109,20229,226,1820,1978,751
34,20109,20229,227,1821,1979,768
34,20109,20229,228,1824,1979,779
34,20109,20229,229,1824,1979,795
34,20109,20229,230,1827,1979,806
34,20109,20229,231,1827,1979,822
34,20109,20229,232,1830,1979,836
34,20109,20229,233,1831,1980,853
34,20109,20229,234,1833,1980,868
34,20109,20229,235,1835,1979,880
34,20109,20229,236,1836,1980,897
34,20109,20229,237,1839,1980,908
34,20109,20229,238,1838,1980,921
34,20109,20229,239,1841,1980,934
34,20109,20229,240,1842,1980,952
34,20109,20229,241,1847,1981,966
34,20109,20229,242,1846,1980,978
34,20109,20229,243,1848,1981,993
34,20109,20229,244,1849,1980,1006
34,20109,20229,245,1851,1980,1024
34,20109,20229,246,1853,1981,1035
34,20109,20229,247,1855,1980,1050
34,20109,20229,248,1856,1980,1061
34,20109,20229,249,1859,1980,1076
34,20109,20229,250,1861,1980,1093
34,20109,20229,251,1863,1980,1105
34,20109,20229,252,1863,1981,1120
34,20109,20229,253,1865,1980,1137
34,20109,20229,254,1869,1981,1151
34,20109,20229,255,1869,1980,1163
34,20109,20229,256,1870,1981,1178
34,20109,20229,257,1872,1981,1192
34,20109,20229,258,1876,1981,1199
34,20109,20229,259,1877,1981,1220
34,20109,20229,260,1878,1981,1237
34,20109,20229,261,1880,1980,1249
34,20109,20229,262,1882,1981,1262
34,20109,20229,263,1883,1981,1277
34,20109,20229,264,1886,1981,1291
34,20109,20229,265,1887,1981,1302
34,20109,20229,266,1889,1981,1318
34,20109,20229,267,1890,1981,1318
34,20109,20229,268,1886,1981,1307
34,20109,20229,269,1886,1981,1290
34,20109,20229,270,1884,1981,1282
34,20109,20229,271,1883,1981,1262
34,20109,20229,272,1880,1980,1247
34,20109,20229,273,1879,1981,1233
34,20109,20229,274,1876,1980,1220
34,20109,20229,275,1876,1981,1206
34,20109,20229,276,1873,1980,1195
34,20109,20229,277,1872,1981,1178
34,20109,20229,278,1870,1981,1162
34,20109,20229,279,1868,1981,1147
34,20109,20229,280,1866,1980,1135
34,20109,20229,281,1865,1980,1122
34,20109,20229,282,1863,1980,1109
34,20109,20229,283,1853,1980,1093
34,20109,20229,284,1859,1980,1075
34,20109,20229,285,1856,1980,1064
34,20109,20229,286,1855,1980,1052
34,20109,20229,287,1854,1980,1037
34,20109,20229,288,1852,1980,1022
34,20109,20229,289,1850,1980,1005
34,20109,20229,290,1848,1980,991
34,20109,20229,291,1846,1980,979
34,20109,20229,292,1845,1980,966
34,20109,20229,293,1843,1979,950
34,20109,20229,294,1841,1979,936
34,20109,20229,295,1840,1979,926
34,20109,20229,296,1838,1979,905
34,20109,20229,297,1837,1979,896
34,20109,20229,298,1835,1979,878
34,20109,20229,299,1833,1980,866
34,20109,20229,300,1831,1979,853
34,20109,20229,301,1829,1979,835
34,20109,20229,302,1828,1979,823
34,20109,20229,303,1826,1978,806
34,20109,20229,304,1824,1979,795
34,20109,20229,305,1823,1979,779
34,20109,20229,306,1821,1979,774
34,20109,20229,307,1819,1979,751
34,20109,20229,308,1818,1979,737
34,20109,20229,309,1815,1978,724
34,20109,20229,310,1815,1979,713
34,20109,20229,311,1813,1978,695
34,20109,20229,312,1810,1978,681
34,20109,20229,313,1809,1978,665
34,20109,20229,314,1808,1978,653
34,20109,20229,315,1806,1977,638
34,20109,20229,316,1805,1977,626
34,20109,20229,317,1803,1978,615
34,20109,20229,318,1802,1978,598
34,20109,20229,319,1801,1977,581
34,20109,20229,320,1798,1978,568
34,20109,20229,321,1797,1977,549
34,20109,20229,322,1795,1977,541
34,20109,20229,323,1793,1977,523
34,20109,20229,324,1793,1976,515
34,20109,20229,325,1790,1977,496
34,20109,20229,326,1788,1976,480
34,20109,20229,327,1787,1977,468
34,20109,20229,328,1785,1977,454
34,20109,20229,329,1783,1976,435
34,20109,20229,330,1783,1976,425
34,20109,20229,331,1781,1975,411
34,20109,20229,332,1779,1976,398
34,20109,20229,333,1777,1976,375
34,20109,20229,334,1776,1975,370
34,20109,20229,335,1774,1976,346
34,20109,20229,336,1773,1976,341
34,20109,20229,337,1770,1975,316
34,20109,20229,338,1769,1975,313
34,20109,20229,339,1767,1975,297
34,20109,20229,340,1767,1975,289
34,20109,20229,341,1764,1974,270
34,20109,20229,342,1762,1974,256
34,20109,20229,343,1761,1974,242
34,20109,20229,344,1759,1974,236
34,20109,20229,345,1757,1973,207
34,20109,20229,346,1756,1973,198
34,20109,20229,347,1756,1973,182
34,20109,20229,348,1753,1973,170
34,20109,20229,349,1753,1974,192
34,20109,20229,350,1764,1975,275
34,20109,20229,351,1774,1976,378
34,20109,20229,352,1786,1977,506
34,20109,20229,353,1799,1979,627
34,20109,20229,354,1818,1979,752
34,20109,20229,355,1829,1980,880
35,20285,20406,0,2001,2028,1330
35,20285,20406,1,1892,1983,1388
35,20285,20406,2,1908,1982,1465
35,20285,20406,3,1916,1982,1539
35,20285,20406,4,1926,1982,1632
35,20285,20406,5,1941,1983,1730
35,20285,20406,6,1948,1983,1831
35,20285,20406,7,1968,1983,1930
35,20285,20406,8,1983,1984,2062
35,20285,20406,9,2005,1984,2189
35,20285,20406,10,2018,1984,2310
35,20285,20406,11,2039,1984,2449
35,20285,20406,12,2056,1984,2553
35,20285,20406,13,2074,1986,2709
35,20285,20406,14,2093,1985,2855
35,20285,20406,15,2115,1985,2993
35,20285,20406,16,2131,1986,3127
35,20285,20406,17,2150,1986,3259
35,20285,20406,18,2178,1986,3413
35,20285,20406,19,2184,1986,3472
35,20285,20406,20,2186,1985,3481
35,20285,20406,21,2184,1985,3471
35,20285,20406,22,2184,1985,3472
35,20285,20406,23,2184,1986,3475
35,20285,20406,24,2182,1986,3464
35,20285,20406,25,2181,1986,3451
35,20285,20406,26,2179,1986,3435
35,20285,20406,27,2176,1986,3422
35,20285,20406,28,2174,1985,3411
35,20285,20406,29,2173,1986,3393
35,20285,20406,30,2171,1986,3379
35,20285,20406,31,2169,1985,3353
35,20285,20406,32,2167,1985,3352
35,20285,20406,33,2166,1985,3339
35,20285,20406,34,2164,1985,3325
35,20285,20406,35,2162,1986,3309
35,20285,20406,36,2159,1985,3294
35,20285,20406,37,2156,1985,3280
35,20285,20406,38,2156,1985,3264
35,20285,20406,39,2153,1985,3248
35,20285,20406,40,2152,1986,3241
35,20285,20406,41,2149,1985,3222
35,20285,20406,42,2148,1986,3208
35,20285,20406,43,2144,1985,3196
35,20285,20406,44,2143,1985,3182
35,20285,20406,45,2141,1985,3163
35,20285,20406,46,2139,1985,3156
35,20285,20406,47,2137,1985,3136
35,20285,20406,48,2135,1985,3121
35,20285,20406,49,2133,1984,3112
35,20285,20406,50,2132,1985,3094
35,20285,20406,51,2129,1985,3079
35,20285,20406,52,2127,1985,3062
35,20285,20406,53,2125,1984,3052
35,20285,20406,54,2124,1984,3042
35,20285,20406,55,2123,1984,3022
35,20285,20406,56,2119,1985,3009
35,20285,20406,57,2118,1985,2989
35,20285,20406,58,2115,1985,2979
35,20285,20406,59,2114,1985,2969
35,20285,20406,60,2110,1985,2953
35,20285,20406,61,2109,1985,2945
35,20285,20406,62,2107,1984,2923
35,20285,20406,63,2107,1984,2910
35,20285,20406,64,2103,1985,2897
35,20285,20406,65,2102,1985,2884
35,20285,20406,66,2099,1984,2867
35,20285,20406,67,2098,1985,2853
35,20285,20406,68,2096,1984,2844
35,20285,20406,69,2093,1984,2826
35,20285,20406,70,2092,1984,2814
35,20285,20406,71,2090,1984,2795
35,20285,20406,72,2089,1985,2780
35,20285,20406,73,2086,1984,2769
35,20285,20406,74,2084,1984,2756
35,20285,20406,75,2082,1984,2739
35,20285,20406,76,2081,1983,2728
35,20285,20406,77,2079,1984,2718
35,20285,20406,78,2077,1984,2695
35,20285,20406,79,2076,1984,2682
35,20285,20406,80,2073,1984,2670
35,20285,20406,81,2071,1984,2655
35,20285,20406,82,2069,1984,2639
35,20285,20406,83,2067,1984,2627
35,20285,20406,84,2065,1984,2613
35,20285,20406,85,2063,1984,2598
35,20285,20406,86,2062,1984,2583
35,20285,20406,87,2059,1983,2570
35,20285,20406,88,2057,1983,2558
35,20285,20406,89,2058,1984,2556
35,20285,20406,90,2059,1984,2566
35,20285,20406,91,2061,1984,2585
35,20285,20406,92,2064,1984,2600
35,20285,20406,93,2064,1984,2615
35,20285,20406,94,2067,1984,2623
35,20285,20406,95,2069,1984,2642
35,20285,20406,96,2071,1984,2654
35,20285,20406,97,2072,1984,2664
35,20285,20406,98,2073,1984,2684
35,20285,20406,99,2076,1984,2695
35,20285,20406,100,2078,1984,2716
35,20285,20406,101,2080,1984,2728
35,20285,20406,102,2082,1984,2742
35,20285,20406,103,2084,1984,2743
35,20285,20406,104,2086,1984,2778
35,20285,20406,105,2090,1984,2780
35,20285,20406,106,2091,1984,2798
35,20285,20406,107,2092,1984,2809
35,20285,20406,108,2096,1984,2827
35,20285,20406,109,2097,1984,2837
35,20285,20406,110,2098,1985,2853
35,20285,20406,111,2100,1985,2866
35,20285,20406,112,2102,1985,2882
35,20285,20406,113,2104,1985,2896
35,20285,20406,114,2106,1985,2912
35,20285,20406,115,2108,1984,2923
35,20285,20406,116,2110,1984,2940
35,20285,20406,117,2111,1984,2955
35,20285,20406,118,2114,1985,2967
35,20285,20406,119,2116,1985,2983
35,20285,20406,120,2117,1985,2994
35,20285,20406,121,2119,1984,3006
35,20285,20406,122,2122,1985,3025
35,20285,20406,123,2124,1985,3039
35,20285,20406,124,2126,1985,3052
35,20285,20406,125,2127,1985,3062
35,20285,20406,126,2129,1985,3080
35,20285,20406,127,2131,1985,3096
35,20285,20406,128,2133,1985,3111
35,20285,20406,129,2136,1985,3124
35,20285,20406,130,2137,1985,3138
35,20285,20406,131,2139,1985,3151
35,20285,20406,132,2142,1985,3165
35,20285,20406,133,2144,1985,3181
35,20285,20406,134,2144,1985,3193
35,20285,20406,135,2147,1985,3207
35,20285,20406,136,2148,1986,3222
35,20285,20406,137,2152,1986,3244
35,20285,20406,138,2152,1985,3252
35,20285,20406,139,2156,1985,3265
35,20285,20406,140,2156,1985,3282
35,20285,20406,141,2159,1986,3294
35,20285,20406,142,2162,1985,3308
35,20285,20406,143,2163,1986,3323
35,20285,20406,144,2167,1986,3338
35,20285,20406,145,2166,1985,3352
35,20285,20406,146,2170,1985,3367
35,20285,20406,147,2171,1985,3381
35,20285,20406,148,2174,1986,3395
35,20285,20406,149,2175,1985,3409
35,20285,20406,150,2177,1986,3422
35,20285,20406,151,2179,1986,3438
35,20285,20406,152,2181,1986,3454
35,20285,20406,153,2182,1986,3466
35,20285,20406,154,2184,1986,3476
35,20285,20406,155,2183,1986,3472
35,20285,20406,156,2184,1986,3472
35,20285,20406,157,2185,1986,3483
35,20285,20406,158,2188,1986,3496
35,20285,20406,159,2189,1986,3508
35,20285,20406,160,2190,1986,3513
35,20285,20406,161,2191,1986,3520
35,20285,20406,162,2188,1986,3507
35,20285,20406,163,2176,1985,3405
35,20285,20406,164,2163,1984,3293
35,20285,20406,165,2149,1985,3178
35,20285,20406,166,2131,1983,3022
35,20285,20406,167,2108,1983,2857
35,20285,20406,168,2089,1983,2735
35,20285,20406,169,2066,1983,2586
35,20285,20406,170,2050,1982,2442
35,20285,20406,171,2028,1982,2289
35,20285,20406,172,2012,1982,2169
35,20285,20406,173,1993,1982,2036
35,20285,20406,174,1976,1981,1908
35,20285,20406,175,1966,1981,1786
35,20285,20406,176,1940,1981,1674
35,20285,20406,177,1924,1981,1534
35,20285,20406,178,1913,1981,1457
35,20285,20406,179,1897,1981,1317
35,20285,20406,180,1883,1981,1232
35,20285,20406,181,1866,1980,1106
35,20285,20406,182,1853,1979,967
35,20285,20406,183,1833,1978,839
35,20285,20406,184,1821,1978,710
35,20285,20406,185,1805,1977,572
35,20285,20406,186,1788,1976,443
35,20285,20406,187,1772,1974,294
35,20285,20406,188,1758,1973,220
35,20285,20406,189,1760,1974,228
35,20285,20406,190,1762,1975,240
35,20285,20406,191,1763,1975,260
35,20285,20406,192,1765,1975,274
35,20285,20406,193,1766,1975,284
35,20285,20406,194,1767,1975,297
35,20285,20406,195,1769,1975,314
35,20285,20406,196,1771,1976,325
35,20285,20406,197,1772,1976,341
35,20285,20406,198,1775,1976,357
35,20285,20406,199,1776,1976,372
35,20285,20406,200,1778,1976,382
35,20285,20406,201,1779,1976,400
35,20285,20406,202,1781,1975,412
35,20285,20406,203,1782,1976,427
35,20285,20406,204,1784,1976,446
35,20285,20406,205,1786,1976,453
35,20285,20406,206,1787,1977,468
35,20285,20406,207,1789,1977,476
35,20285,20406,208,1790,1977,499
35,20285,20406,209,1791,1977,511
35,20285,20406,210,1793,1977,524
35,20285,20406,211,1794,1977,535
35,20285,20406,212,1797,1977,553
35,20285,20406,213,1799,1978,566
35,20285,20406,214,1800,1977,579
35,20285,20406,215,1801,1977,596
35,20285,20406,216,1804,1978,607
35,20285,20406,217,1806,1977,622
35,20285,20406,218,1807,1978,640
35,20285,20406,219,1808,1978,654
35,20285,20406,220,1810,1978,665
35,20285,20406,221,1811,1978,679
35,20285,20406,222,1813,1978,693
35,20285,20406,223,1815,1979,709
35,20285,20406,224,1817,1979,722
35,20285,20406,225,1818,1980,748
35,20285,20406,226,1819,1979,748
35,20285,20406,227,1821,1979,767
35,20285,20406,228,1823,1979,769
35,20285,20406,229,1824,1979,800
35,20285,20406,230,1827,1979,807
35,20285,20406,231,1828,1979,822
35,20285,20406,232,1830,1979,838
35,20285,20406,233,1832,1980,855
35,20285,20406,234,1834,1979,866
35,20285,20406,235,1835,1979,883
35,20285,20406,236,1837,1979,915
35,20285,20406,237,1838,1979,908
35,20285,20406,238,1840,1980,924
35,20285,20406,239,1842,1980,936
35,20285,20406,240,1843,1981,952
35,20285,20406,241,1845,1980,964
35,20285,20406,242,1847,1980,978
35,20285,20406,243,1848,1980,996
35,20285,20406,244,1852,1980,1007
35,20285,20406,245,1852,1980,1022
35,20285,20406,246,1854,1980,1038
35,20285,20406,247,1858,1980,1052
35,20285,20406,248,1858,1980,1062
35,20285,20406,249,1859,1980,1077
35,20285,20406,250,1861,1981,1093
35,20285,20406,251,1863,1980,1107
35,20285,20406,252,1864,1980,1121
35,20285,20406,253,1867,1980,1123
35,20285,20406,254,1867,1980,1150
35,20285,20406,255,1870,1981,1165
35,20285,20406,256,1871,1981,1179
35,20285,20406,257,1874,1981,1194
35,20285,20406,258,1875,1980,1207
35,20285,20406,259,1877,1981,1220
35,20285,20406,260,1878,1980,1234
35,20285,20406,261,1881,1981,1251
35,20285,20406,262,1882,1981,1263
35,20285,20406,263,1883,1981,1276
35,20285,20406,264,1886,1981,1292
35,20285,20406,265,1887,1981,1305
35,20285,20406,266,1889,1981,1317
35,20285,20406,267,1890,1981,1319
35,20285,20406,268,1887,1981,1304
35,20285,20406,269,1885,1981,1291
35,20285,20406,270,1884,1981,1275
35,20285,20406,271,1883,1981,1262
35,20285,20406,272,1881,1981,1252
35,20285,20406,273,1879,1980,1237
35,20285,20406,274,1875,1981,1220
35,20285,20406,275,1876,1981,1208
35,20285,20406,276,1873,1981,1192
35,20285,20406,277,1871,1980,1174
35,20285,20406,278,1867,1980,1163
35,20285,20406,279,1869,1981,1150
35,20285,20406,280,1865,1980,1136
35,20285,20406,281,1864,1981,1122
35,20285,20406,282,1862,1981,1107
35,20285,20406,283,1861,1981,1105
35,20285,20406,284,1859,1980,1085
35,20285,20406,285,1857,1981,1065
35,20285,20406,286,1856,1980,1050
35,20285,20406,287,1854,1980,1038
35,20285,20406,288,1852,1980,1022
35,20285,20406,289,1850,1980,1010
35,20285,20406,290,1848,1980,993
35,20285,20406,291,1848,1981,982
35,20285,20406,292,1845,1980,965
35,20285,20406,293,1843,1980,951
35,20285,20406,294,1842,1980,935
35,20285,20406,295,1840,1980,921
35,20285,20406,296,1838,1979,907
35,20285,20406,297,1837,1980,894
35,20285,20406,298,1835,1979,879
35,20285,20406,299,1833,1979,868
35,20285,20406,300,1831,1980,852
35,20285,20406,301,1832,1979,837
35,20285,20406,302,1828,1979,822
35,20285,20406,303,1826,1979,809
35,20285,20406,304,1825,1979,794
35,20285,20406,305,1823,1979,780
35,20285,20406,306,1822,1979,760
35,20285,20406,307,1819,1979,752
35,20285,20406,308,1818,1978,737
35,20285,20406,309,1816,1979,723
35,20285,20406,310,1814,1979,707
35,20285,20406,311,1812,1978,696
35,20285,20406,312,1812,1978,681
35,20285,20406,313,1811,1978,667
35,20285,20406,314,1807,1978,654
35,20285,20406,315,1806,1978,636
35,20285,20406,316,1804,1978,623
35,20285,20406,317,1803,1978,609
35,20285,20406,318,1801,1977,595
35,20285,20406,319,1800,1977,578
35,20285,20406,320,1798,1977,569
35,20285,20406,321,1797,1977,553
35,20285,20406,322,1795,1978,543
35,20285,20406,323,1793,1977,525
35,20285,20406,324,1791,1977,510
35,20285,20406,325,1789,1977,494
35,20285,20406,326,1788,1977,483
35,20285,20406,327,1787,1976,468
35,20285,20406,328,1785,1977,456
35,20285,20406,329,1783,1977,439
35,20285,20406,330,1783,1977,426
35,20285,20406,331,1780,1976,413
35,20285,20406,332,1779,1977,397
35,20285,20406,333,1777,1976,382
35,20285,20406,334,1776,1976,371
35,20285,20406,335,1774,1975,354
35,20285,20406,336,1773,1975,337
35,20285,20406,337,1771,1975,326
35,20285,20406,338,1770,1975,309
35,20285,20406,339,1767,1975,298
35,20285,20406,340,1767,1975,284
35,20285,20406,341,1764,1975,269
35,20285,20406,342,1763,1975,250
35,20285,20406,343,1761,1974,239
35,20285,20406,344,1760,1974,226
35,20285,20406,345,1759,1974,215
35,20285,20406,346,1756,1973,197
35,20285,20406,347,1755,1973,186
35,20285,20406,348,1758,1974,206
35,20285,20406,349,1764,1975,262
35,20285,20406,350,1775,1976,357
35,20285,20406,351,1783,1977,439
35,20285,20406,352,1793,1978,556
35,20285,20406,353,1806,1979,666
35,20285,20406,354,1820,1980,795
35,20285,20406,355,1835,1981,912
36,20466,20587,0,2000,2029,1236
36,20466,20587,1,1885,1982,1335
36,20466,20587,2,1899,1982,1429
36,20466,20587,3,1914,1982,1539
36,20466,20587,4,1930,1982,1648
36,20466,20587,5,1945,1983,1777
36,20466,20587,6,1963,1983,1898
36,20466,20587,7,1977,1983,2013
36,20466,20587,8,1992,1984,2129
36,20466,20587,9,2011,1984,2261
36,20466,20587,10,2029,1985,2395
36,20466,20587,11,2046,1984,2507
36,20466,20587,12,2061,1984,2626
36,20466,20587,13,2083,1984,2747
36,20466,20587,14,2094,1984,2879
36,20466,20587,15,2116,1985,3014
36,20466,20587,16,2131,1985,3161
36,20466,20587,17,2155,1986,3288
36,20466,20587,18,2170,1986,3437
36,20466,20587,19,2185,1985,3502
36,20466,20587,20,2187,1985,3483
36,20466,20587,21,2184,1985,3471
36,20466,20587,22,2184,1985,3472
36,20466,20587,23,2184,1986,3477
36,20466,20587,24,2183,1986,3464
36,20466,20587,25,2176,1985,3451
36,20466,20587,26,2178,1985,3437
36,20466,20587,27,2177,1985,3423
36,20466,20587,28,2176,1985,3406
36,20466,20587,29,2173,1985,3395
36,20466,20587,30,2170,1985,3382
36,20466,20587,31,2169,1985,3365
36,20466,20587,32,2167,1985,3352
36,20466,20587,33,2165,1986,3331
36,20466,20587,34,2162,1985,3323
36,20466,20587,35,2160,1985,3305
36,20466,20587,36,2160,1985,3298
36,20466,20587,37,2157,1985,3282
36,20466,20587,38,2156,1985,3267
36,20466,20587,39,2153,1985,3251
36,20466,20587,40,2151,1985,3236
36,20466,20587,41,2149,1984,3223
36,20466,20587,42,2149,1985,3207
36,20466,20587,43,2145,1985,3200
36,20466,20587,44,2143,1985,3179
36,20466,20587,45,2141,1985,3166
36,20466,20587,46,2139,1985,3156
36,20466,20587,47,2137,1985,3138
36,20466,20587,48,2135,1985,3123
36,20466,20587,49,2133,1985,3110
36,20466,20587,50,2132,1985,3095
36,20466,20587,51,2129,1985,3079
36,20466,20587,52,2127,1985,3065
36,20466,20587,53,2126,1984,3051
36,20466,20587,54,2124,1985,3037
36,20466,20587,55,2122,1985,3024
36,20466,20587,56,2120,1984,3011
36,20466,20587,57,2118,1985,2992
36,20466,20587,58,2117,1985,2981
36,20466,20587,59,2113,1984,2968
36,20466,20587,60,2112,1984,2953
36,20466,20587,61,2110,1984,2939
36,20466,20587,62,2107,1984,2921
36,20466,20587,63,2105,1984,2908
36,20466,20587,64,2104,1984,2894
36,20466,20587,65,2103,1985,2892
36,20466,20587,66,2100,1984,2866
36,20466,20587,67,2098,1985,2853
36,20466,20587,68,2097,1985,2837
36,20466,20587,69,2094,1984,2823
36,20466,20587,70,2091,1984,2813
36,20466,20587,71,2091,1984,2797
36,20466,20587,72,2091,1984,2783
36,20466,20587,73,2086,1984,2770
36,20466,20587,74,2084,1985,2751
36,20466,20587,75,2082,1984,2737
36,20466,20587,76,2080,1983,2726
36,20466,20587,77,2078,1984,2709
36,20466,20587,78,2076,1984,2699
36,20466,20587,79,2075,1984,2685
36,20466,20587,80,2073,1984,2672
36,20466,20587,81,2070,1984,2655
36,20466,20587,82,2069,1984,2641
36,20466,20587,83,2066,1984,2626
36,20466,20587,84,2066,1984,2612
36,20466,20587,85,2062,1984,2599
36,20466,20587,86,2060,1984,2587
36,20466,20587,87,2059,1984,2567
36,20466,20587,88,2058,1984,2558
36,20466,20587,89,2058,1984,2554
36,20466,20587,90,2058,1984,2571
36,20466,20587,91,2061,1984,2585
36,20466,20587,92,2062,1984,2598
36,20466,20587,93,2065,1984,2614
36,20466,20587,94,2067,1984,2626
36,20466,20587,95,2069,1984,2643
36,20466,20587,96,2071,1984,2655
36,20466,20587,97,2072,1984,2668
36,20466,20587,98,2074,1984,2682
36,20466,20587,99,2076,1985,2693
36,20466,20587,100,2078,1985,2711
36,20466,20587,101,2080,1984,2725
36,20466,20587,102,2082,1984,2740
36,20466,20587,103,2085,1984,2757
36,20466,20587,104,2085,1985,2770
36,20466,20587,105,2089,1984,2782
36,20466,20587,106,2090,1985,2794
36,20466,20587,107,2092,1985,2811
36,20466,20587,108,2095,1985,2824
36,20466,20587,109,2096,1985,2840
36,20466,20587,110,2097,1984,2853
36,20466,20587,111,2100,1984,2866
36,20466,20587,112,2102,1984,2881
36,20466,20587,113,2103,1984,2896
36,20466,20587,114,2107,1985,2909
36,20466,20587,115,2108,1985,2926
36,20466,20587,116,2110,1985,2937
36,20466,20587,117,2112,1984,2950
36,20466,20587,118,2113,1985,2967
36,20466,20587,119,2116,1985,2982
36,20466,20587,120,2118,1985,2993
36,20466,20587,121,2120,1985,3008
36,20466,20587,122,2122,1985,3030
36,20466,20587,123,2123,1985,3038
36,20466,20587,124,2124,1985,3055
36,20466,20587,125,2127,1985,3066
36,20466,20587,126,2129,1985,3081
36,20466,20587,127,2132,1984,3095
36,20466,20587,128,2133,1985,3111
36,20466,20587,129,2135,1984,3126
36,20466,20587,130,2137,1985,3136
36,20466,20587,131,2139,1985,3156
36,20466,20587,132,2141,1985,3166
36,20466,20587,133,2144,1985,3177
36,20466,20587,134,2145,1985,3191
36,20466,20587,135,2147,1985,3209
36,20466,20587,136,2148,1986,3223
36,20466,20587,137,2151,1985,3236
36,20466,20587,138,2153,1986,3252
36,20466,20587,139,2155,1986,3262
36,20466,20587,140,2157,1985,3280
36,20466,20587,141,2159,1985,3294
36,20466,20587,142,2162,1985,3310
36,20466,20587,143,2163,1985,3321
36,20466,20587,144,2166,1985,3340
36,20466,20587,145,2167,1985,3354
36,20466,20587,146,2170,1985,3367
36,20466,20587,147,2170,1985,3382
36,20466,20587,148,2173,1986,3393
36,20466,20587,149,2175,1985,3409
36,20466,20587,150,2176,1985,3421
36,20466,20587,151,2178,1986,3436
36,20466,20587,152,2180,1986,3451
36,20466,20587,153,2182,1986,3465
36,20466,20587,154,2177,1986,3475
36,20466,20587,155,2184,1986,3472
36,20466,20587,156,2184,1985,3472
36,20466,20587,157,2186,1985,3482
36,20466,20587,158,2188,1986,3501
36,20466,20587,159,2189,1986,3510
36,20466,20587,160,2190,1986,3515
36,20466,20587,161,2189,1986,3517
36,20466,20587,162,2188,1985,3495
36,20466,20587,163,2177,1984,3377
36,20466,20587,164,2162,1984,3293
36,20466,20587,165,2147,1984,3177
36,20466,20587,166,2131,1984,3075
36,20466,20587,167,2118,1983,2935
36,20466,20587,168,2098,1983,2816
36,20466,20587,169,2083,1983,2669
36,20466,20587,170,2062,1983,2552
36,20466,20587,171,2045,1982,2420
36,20466,20587,172,2030,1982,2262
36,20466,20587,173,2002,1982,2105
36,20466,20587,174,1982,1981,1953
36,20466,20587,175,1958,1981,1786
36,20466,20587,176,1945,1980,1640
36,20466,20587,177,1918,1980,1489
36,20466,20587,178,1909,1981,1426
36,20466,20587,179,1891,1980,1284
36,20466,20587,180,1877,1981,1235
36,20466,20587,181,1859,1978,1051
36,20466,20587,182,1845,1979,915
36,20466,20587,183,1831,1979,803
36,20466,20587,184,1816,1978,682
36,20466,20587,185,1800,1978,560
36,20466,20587,186,1788,1976,426
36,20466,20587,187,1773,1975,299
36,20466,20587,188,1757,1973,212
36,20466,20587,189,1760,1974,223
36,20466,20587,190,1762,1974,239
36,20466,20587,191,1763,1974,253
36,20466,20587,192,1764,1974,267
36,20466,20587,193,1767,1974,278
36,20466,20587,194,1768,1974,296
36,20466,20587,195,1770,1975,310
36,20466,20587,196,1773,1975,330
36,20466,20587,197,1773,1975,339
36,20466,20587,198,1774,1976,355
36,20466,20587,199,1776,1976,371
36,20466,20587,200,1776,1976,367
36,20466,20587,201,1780,1976,398
36,20466,20587,202,1780,1976,414
36,20466,20587,203,1782,1977,426
36,20466,20587,204,1784,1976,439
36,20466,20587,205,1785,1977,455
36,20466,20587,206,1787,1977,466
36,20466,20587,207,1789,1977,481
36,20466,20587,208,1791,1977,495
36,20466,20587,209,1791,1977,489
36,20466,20587,210,1792,1977,524
36,20466,20587,211,1795,1977,539
36,20466,20587,212,1797,1977,555
36,20466,20587,213,1798,1977,571
36,20466,20587,214,1800,1978,583
36,20466,20587,215,1801,1979,595
36,20466,20587,216,1803,1978,613
36,20466,20587,217,1804,1978,624
36,20466,20587,218,1806,1978,639
36,20466,20587,219,1808,1978,651
36,20466,20587,220,1810,1979,663
36,20466,20587,221,1811,1978,679
36,20466,20587,222,1812,1979,696
36,20466,20587,223,1813,1978,711
36,20466,20587,224,1816,1979,722
36,20466,20587,225,1817,1979,737
36,20466,20587,226,1820,1979,751
36,20466,20587,227,1821,1979,766
36,20466,20587,228,1823,1979,776
36,20466,20587,229,1823,1979,794
36,20466,20587,230,1827,1979,808
36,20466,20587,231,1828,1979,822
36,20466,20587,232,1830,1980,831
36,20466,20587,233,1831,1979,852
36,20466,20587,234,1833,1979,866
36,20466,20587,235,1834,1979,877
36,20466,20587,236,1836,1979,894
36,20466,20587,237,1838,1980,906
36,20466,20587,238,1839,1980,921
36,20466,20587,239,1842,1980,938
36,20466,20587,240,1843,1980,951
36,20466,20587,241,1845,1980,959
36,20466,20587,242,1847,1980,986
36,20466,20587,243,1848,1980,993
36,20466,20587,244,1849,1980,1007
36,20466,20587,245,1852,1980,1019
36,20466,20587,246,1854,1980,1038
36,20466,20587,247,1856,1980,1049
36,20466,20587,248,1857,1980,1062
36,20466,20587,249,1859,1980,1077
36,20466,20587,250,1861,1980,1092
36,20466,20587,251,1863,1981,1106
36,20466,20587,252,1864,1980,1121
36,20466,20587,253,1866,1980,1131
36,20466,20587,254,1868,1981,1151
36,20466,20587,255,1869,1981,1168
36,20466,20587,256,1872,1981,1171
36,20466,20587,257,1874,1980,1192
36,20466,20587,258,1875,1981,1206
36,20466,20587,259,1876,1980,1217
36,20466,20587,260,1878,1981,1235
36,20466,20587,261,1880,1981,1244
36,20466,20587,262,1881,1981,1263
36,20466,20587,263,1883,1981,1275
36,20466,20587,264,1886,1981,1290
36,20466,20587,265,1887,1980,1304
36,20466,20587,266,1889,1980,1320
36,20466,20587,267,1889,1981,1322
36,20466,20587,268,1888,1981,1303
36,20466,20587,269,1888,1981,1293
36,20466,20587,270,1884,1981,1276
36,20466,20587,271,1881,1981,1260
36,20466,20587,272,1880,1981,1249
36,20466,20587,273,1879,1981,1237
36,20466,20587,274,1877,1981,1217
36,20466,20587,275,1872,1981,1206
36,20466,20587,276,1873,1981,1192
36,20466,20587,277,1872,1981,1178
36,20466,20587,278,1869,1980,1165
36,20466,20587,279,1868,1981,1146
36,20466,20587,280,1866,1980,1131
36,20466,20587,281,1864,1980,1118
36,20466,20587,282,1862,1980,1107
36,20466,20587,283,1861,1980,1092
36,20466,20587,284,1859,1980,1079
36,20466,20587,285,1857,1980,1064
36,20466,20587,286,1856,1980,1053
36,20466,20587,287,1854,1980,1038
36,20466,20587,288,1852,1980,1022
36,20466,20587,289,1849,1980,1006
36,20466,20587,290,1848,1980,993
36,20466,20587,291,1847,1979,983
36,20466,20587,292,1845,1980,965
36,20466,20587,293,1844,1980,948
36,20466,20587,294,1842,1980,933
36,20466,20587,295,1840,1980,922
36,20466,20587,296,1838,1980,909
36,20466,20587,297,1837,1979,895
36,20466,20587,298,1834,1979,880
36,20466,20587,299,1834,1979,865
36,20466,20587,300,1831,1980,850
36,20466,20587,301,1830,1979,839
36,20466,20587,302,1828,1979,823
36,20466,20587,303,1825,1979,809
36,20466,20587,304,1825,1979,794
36,20466,20587,305,1823,1979,782
36,20466,20587,306,1821,1979,755
36,20466,20587,307,1819,1979,753
36,20466,20587,308,1818,1979,736
36,20466,20587,309,1816,1979,719
36,20466,20587,310,1814,1979,709
36,20466,20587,311,1813,1979,694
36,20466,20587,312,1811,1978,680
36,20466,20587,313,1810,1978,664
36,20466,20587,314,1808,1978,651
36,20466,20587,315,1806,1978,638
36,20466,20587,316,1804,1978,623
36,20466,20587,317,1803,1978,610
36,20466,20587,318,1802,1978,595
36,20466,20587,319,1800,1978,580
36,20466,20587,320,1797,1977,569
36,20466,20587,321,1796,1978,552
36,20466,20587,322,1795,1977,540
36,20466,20587,323,1794,1977,522
36,20466,20587,324,1792,1977,517
36,20466,20587,325,1790,1977,493
36,20466,20587,326,1789,1977,485
36,20466,20587,327,1787,1977,470
36,20466,20587,328,1786,1976,460
36,20466,20587,329,1783,1976,440
36,20466,20587,330,1782,1976,427
36,20466,20587,331,1780,1976,425
36,20466,20587,332,1779,1976,395
36,20466,20587,333,1778,1975,382
36,20466,20587,334,1775,1976,370
36,20466,20587,335,1772,1975,353
36,20466,20587,336,1773,1975,337
36,20466,20587,337,1771,1974,325
36,20466,20587,338,1770,1975,306
36,20466,20587,339,1768,1974,298
36,20466,20587,340,1766,1974,282
36,20466,20587,341,1765,1974,271
36,20466,20587,342,1763,1974,254
36,20466,20587,343,1761,1974,239
36,20466,20587,344,1760,1974,225
36,20466,20587,345,1758,1974,213
36,20466,20587,346,1756,1974,200
36,20466,20587,347,1755,1974,190
36,20466,20587,348,1762,1975,251
36,20466,20587,349,1770,1976,332
36,20466,20587,350,1780,1976,427
36,20466,20587,351,1789,1978,522
36,20466,20587,352,1804,1978,633
36,20466,20587,353,1814,1979,738
36,20466,20587,354,1830,1979,848
36,20466,20587,355,1840,1980,958
37,20641,20762,0,1995,2024,1227
37,20641,20762,1,1882,1983,1290
37,20641,20762,2,1886,1981,1326
37,20641,20762,3,1899,1981,1390
37,20641,20762,4,1909,1982,1478
37,20641,20762,5,1920,1982,1580
37,20641,20762,6,1936,1982,1685
37,20641,20762,7,1950,1983,1818
37,20641,20762,8,1966,1983,1927
37,20641,20762,9,1985,1984,2070
37,20641,20762,10,2007,1984,2219
37,20641,20762,11,2024,1985,2364
37,20641,20762,12,2047,1985,2506
37,20641,20762,13,2063,1985,2652
37,20641,20762,14,2085,1985,2808
37,20641,20762,15,2103,1986,2937
37,20641,20762,16,2126,1985,3100
37,20641,20762,17,2145,1986,3243
37,20641,20762,18,2165,1986,3385
37,20641,20762,19,2183,1986,3479
37,20641,20762,20,2184,1986,3483
37,20641,20762,21,2183,1985,3472
37,20641,20762,22,2184,1985,3472
37,20641,20762,23,2185,1985,3476
37,20641,20762,24,2182,1985,3465
37,20641,20762,25,2180,1986,3454
37,20641,20762,26,2178,1986,3436
37,20641,20762,27,2176,1985,3424
37,20641,20762,28,2175,1985,3408
37,20641,20762,29,2173,1985,3389
37,20641,20762,30,2170,1985,3378
37,20641,20762,31,2168,1985,3359
37,20641,20762,32,2166,1985,3346
37,20641,20762,33,2165,1986,3338
37,20641,20762,34,2162,1985,3323
37,20641,20762,35,2161,1985,3305
37,20641,20762,36,2159,1985,3297
37,20641,20762,37,2157,1985,3279
37,20641,20762,38,2155,1985,3265
37,20641,20762,39,2152,1985,3250
37,20641,20762,40,2151,1985,3240
37,20641,20762,41,2149,1985,3224
37,20641,20762,42,2147,1985,3209
37,20641,20762,43,2145,1985,3193
37,20641,20762,44,2143,1985,3182
37,20641,20762,45,2142,1985,3166
37,20641,20762,46,2139,1985,3152
37,20641,20762,47,2137,1985,3132
37,20641,20762,48,2135,1985,3125
37,20641,20762,49,2133,1984,3108
37,20641,20762,50,2130,1985,3094
37,20641,20762,51,2130,1985,3079
37,20641,20762,52,2128,1985,3067
37,20641,20762,53,2126,1984,3049
37,20641,20762,54,2123,1985,3045
37,20641,20762,55,2122,1985,3024
37,20641,20762,56,2120,1985,3011
37,20641,20762,57,2117,1985,2995
37,20641,20762,58,2115,1984,2982
37,20641,20762,59,2114,1985,2965
37,20641,20762,60,2111,1985,2953
37,20641,20762,61,2109,1984,2939
37,20641,20762,62,2107,1985,2927
37,20641,20762,63,2105,1984,2908
37,20641,20762,64,2103,1984,2894
37,20641,20762,65,2101,1984,2885
37,20641,20762,66,2099,1984,2865
37,20641,20762,67,2098,1985,2854
37,20641,20762,68,2096,1984,2841
37,20641,20762,69,2094,1984,2823
37,20641,20762,70,2092,1985,2810
37,20641,20762,71,2091,1984,2797
37,20641,20762,72,2087,1984,2778
37,20641,20762,73,2086,1984,2769
37,20641,20762,74,2085,1984,2751
37,20641,20762,75,2082,1984,2743
37,20641,20762,76,2081,1984,2725
37,20641,20762,77,2079,1984,2712
37,20641,20762,78,2078,1984,2696
37,20641,20762,79,2074,1984,2682
37,20641,20762,80,2073,1984,2666
37,20641,20762,81,2072,1984,2656
37,20641,20762,82,2068,1983,2636
37,20641,20762,83,2067,1983,2626
37,20641,20762,84,2065,1983,2610
37,20641,20762,85,2064,1984,2601
37,20641,20762,86,2061,1983,2587
37,20641,20762,87,2059,1984,2572
37,20641,20762,88,2057,1984,2556
37,20641,20762,89,2057,1984,2555
37,20641,20762,90,2057,1983,2574
37,20641,20762,91,2061,1984,2583
37,20641,20762,92,2063,1984,2600
37,20641,20762,93,2065,1983,2613
37,20641,20762,94,2067,1983,2625
37,20641,20762,95,2068,1984,2640
37,20641,20762,96,2071,1984,2655
37,20641,20762,97,2073,1984,2672
37,20641,20762,98,2074,1984,2687
37,20641,20762,99,2077,1984,2696
37,20641,20762,100,2079,1984,2712
37,20641,20762,101,2081,1984,2730
37,20641,20762,102,2082,1984,2740
37,20641,20762,103,2084,1984,2755
37,20641,20762,104,2087,1985,2764
37,20641,20762,105,2088,1985,2785
37,20641,20762,106,2090,1984,2796
37,20641,20762,107,2092,1984,2809
37,20641,20762,108,2095,1984,2825
37,20641,20762,109,2096,1985,2839
37,20641,20762,110,2099,1985,2853
37,20641,20762,111,2100,1985,2867
37,20641,20762,112,2102,1985,2882
37,20641,20762,113,2104,1984,2896
37,20641,20762,114,2106,1984,2911
37,20641,20762,115,2107,1984,2923
37,20641,20762,116,2111,1985,2933
37,20641,20762,117,2112,1984,2953
37,20641,20762,118,2114,1985,2966
37,20641,20762,119,2115,1984,2981
37,20641,20762,120,2118,1984,2996
37,20641,20762,121,2121,1984,3011
37,20641,20762,122,2122,1985,3024
37,20641,20762,123,2124,1984,3039
37,20641,20762,124,2125,1985,3053
37,20641,20762,125,2128,1985,3065
37,20641,20762,126,2128,1985,3084
37,20641,20762,127,2131,1985,3096
37,20641,20762,128,2133,1985,3111
37,20641,20762,129,2135,1985,3127
37,20641,20762,130,2137,1985,3139
37,20641,20762,131,2139,1985,3148
37,20641,20762,132,2141,1985,3163
37,20641,20762,133,2144,1985,3179
37,20641,20762,134,2145,1985,3193
37,20641,20762,135,2146,1985,3206
37,20641,20762,136,2149,1985,3222
37,20641,20762,137,2151,1985,3234
37,20641,20762,138,2154,1985,3252
37,20641,20762,139,2154,1985,3266
37,20641,20762,140,2157,1985,3280
37,20641,20762,141,2162,1985,3296
37,20641,20762,142,2162,1985,3311
37,20641,20762,143,2163,1985,3323
37,20641,20762,144,2166,1986,3340
37,20641,20762,145,2166,1986,3351
37,20641,20762,146,2169,1986,3364
37,20641,20762,147,2170,1985,3380
37,20641,20762,148,2174,1986,3390
37,20641,20762,149,2175,1985,3407
37,20641,20762,150,2177,1986,3424
37,20641,20762,151,2178,1985,3440
37,20641,20762,152,2180,1985,3448
37,20641,20762,153,2182,1985,3464
37,20641,20762,154,2185,1985,3475
37,20641,20762,155,2184,1986,3472
37,20641,20762,156,2183,1985,3471
37,20641,20762,157,2184,1986,3481
37,20641,20762,158,2188,1986,3497
37,20641,20762,159,2190,1986,3512
37,20641,20762,160,2191,1986,3515
37,20641,20762,161,2190,1986,3513
37,20641,20762,162,2189,1985,3476
37,20641,20762,163,2176,1984,3381
37,20641,20762,164,2159,1984,3254
37,20641,20762,165,2147,1984,3162
37,20641,20762,166,2129,1984,3051
37,20641,20762,167,2110,1984,2917
37,20641,20762,168,2097,1983,2788
37,20641,20762,169,2080,1982,2671
37,20641,20762,170,2065,1982,2533
37,20641,20762,171,2043,1983,2411
37,20641,20762,172,2023,1982,2267
37,20641,20762,173,2012,1982,2152
37,20641,20762,174,1992,1983,2059
37,20641,20762,175,1978,1981,1931
37,20641,20762,176,1961,1982,1814
37,20641,20762,177,1945,1981,1690
37,20641,20762,178,1933,1982,1622
37,20641,20762,179,1917,1980,1492
37,20641,20762,180,1901,1981,1365
37,20641,20762,181,1886,1980,1190
37,20641,20762,182,1866,1980,1087
37,20641,20762,183,1853,1978,939
37,20641,20762,184,1833,1977,781
37,20641,20762,185,1812,1977,634
37,20641,20762,186,1791,1976,469
37,20641,20762,187,1778,1975,325
37,20641,20762,188,1761,1973,211
37,20641,20762,189,1760,1974,227
37,20641,20762,190,1761,1974,237
37,20641,20762,191,1763,1975,256
37,20641,20762,192,1764,1974,268
37,20641,20762,193,1767,1975,287
37,20641,20762,194,1767,1974,298
37,20641,20762,195,1769,1975,308
37,20641,20762,196,1771,1975,326
37,20641,20762,197,1774,1975,347
37,20641,20762,198,1774,1975,357
37,20641,20762,199,1776,1975,368
37,20641,20762,200,1778,1976,383
37,20641,20762,201,1779,1976,393
37,20641,20762,202,1780,1976,413
37,20641,20762,203,1780,1976,427
37,20641,20762,204,1781,1976,437
37,20641,20762,205,1785,1976,457
37,20641,20762,206,1786,1977,466
37,20641,20762,207,1788,1977,481
37,20641,20762,208,1790,1978,494
37,20641,20762,209,1791,1977,507
37,20641,20762,210,1793,1977,522
37,20641,20762,211,1794,1977,537
37,20641,20762,212,1797,1977,543
37,20641,20762,213,1798,1977,566
37,20641,20762,214,1800,1978,581
37,20641,20762,215,1802,1978,598
37,20641,20762,216,1803,1978,610
37,20641,20762,217,1805,1978,624
37,20641,20762,218,1806,1978,642
37,20641,20762,219,1807,1978,653
37,20641,20762,220,1809,1978,665
37,20641,20762,221,1811,1978,682
37,20641,20762,222,1813,1979,693
37,20641,20762,223,1815,1979,711
37,20641,20762,224,1817,1979,725
37,20641,20762,225,1818,1978,738
37,20641,20762,226,1819,1978,750
37,20641,20762,227,1821,1979,766
37,20641,20762,228,1822,1979,780
37,20641,20762,229,1824,1979,792
37,20641,20762,230,1826,1979,807
37,20641,20762,231,1827,1979,823
37,20641,20762,232,1828,1979,833
37,20641,20762,233,1831,1980,852
37,20641,20762,234,1833,1979,866
37,20641,20762,235,1835,1979,878
37,20641,20762,236,1836,1979,895
37,20641,20762,237,1838,1979,909
37,20641,20762,238,1840,1979,921
37,20641,20762,239,1841,1980,940
37,20641,20762,240,1843,1980,951
37,20641,20762,241,1845,1980,965
37,20641,20762,242,1847,1980,982
37,20641,20762,243,1848,1980,991
37,20641,20762,244,1850,1980,1006
37,20641,20762,245,1853,1980,1020
37,20641,20762,246,1853,1980,1037
37,20641,20762,247,1855,1980,1049
37,20641,20762,248,1857,1980,1063
37,20641,20762,249,1858,1981,1077
37,20641,20762,250,1860,1981,1091
37,20641,20762,251,1862,1980,1108
37,20641,20762,252,1864,1980,1119
37,20641,20762,253,1866,1980,1146
37,20641,20762,254,1867,1981,1149
37,20641,20762,255,1869,1980,1158
37,20641,20762,256,1871,1980,1178
37,20641,20762,257,1873,1981,1190
37,20641,20762,258,1875,1981,1204
37,20641,20762,259,1877,1980,1222
37,20641,20762,260,1879,1981,1239
37,20641,20762,261,1881,1981,1254
37,20641,20762,262,1882,1981,1263
37,20641,20762,263,1884,1981,1277
37,20641,20762,264,1886,1981,1289
37,20641,20762,265,1887,1981,1303
37,20641,20762,266,1888,1981,1320
37,20641,20762,267,1889,1981,1322
37,20641,20762,268,1887,1980,1305
37,20641,20762,269,1886,1981,1291
37,20641,20762,270,1883,1980,1278
37,20641,20762,271,1883,1980,1249
37,20641,20762,272,1881,1981,1250
37,20641,20762,273,1879,1981,1233
37,20641,20762,274,1877,1981,1220
37,20641,20762,275,1875,1980,1207
37,20641,20762,276,1873,1981,1191
37,20641,20762,277,1871,1980,1176
37,20641,20762,278,1869,1981,1169
37,20641,20762,279,1868,1981,1147
37,20641,20762,280,1866,1981,1135
37,20641,20762,281,1864,1980,1119
37,20641,20762,282,1862,1980,1110
37,20641,20762,283,1860,1979,1094
37,20641,20762,284,1859,1980,1079
37,20641,20762,285,1857,1980,1066
37,20641,20762,286,1856,1980,1049
37,20641,20762,287,1854,1980,1033
37,20641,20762,288,1852,1979,1019
37,20641,20762,289,1850,1980,1011
37,20641,20762,290,1848,1980,998
37,20641,20762,291,1847,1980,979
37,20641,20762,292,1846,1980,956
37,20641,20762,293,1844,1980,950
37,20641,20762,294,1841,1980,934
37,20641,20762,295,1840,1980,921
37,20641,20762,296,1838,1980,892
37,20641,20762,297,1837,1980,914
37,20641,20762,298,1834,1979,881
37,20641,20762,299,1833,1979,857
37,20641,20762,300,1831,1979,854
37,20641,20762,301,1830,1980,837
37,20641,20762,302,1828,1979,823
37,20641,20762,303,1826,1978,806
37,20641,20762,304,1826,1979,797
37,20641,20762,305,1823,1978,781
37,20641,20762,306,1822,1979,769
37,20641,20762,307,1819,1978,751
37,20641,20762,308,1817,1979,738
37,20641,20762,309,1816,1978,721
37,20641,20762,310,1814,1978,707
37,20641,20762,311,1811,1978,695
37,20641,20762,312,1811,1978,684
37,20641,20762,313,1810,1978,665
37,20641,20762,314,1807,1978,654
37,20641,20762,315,1806,1978,641
37,20641,20762,316,1805,1978,622
37,20641,20762,317,1802,1978,609
37,20641,20762,318,1801,1978,595
37,20641,20762,319,1798,1978,580
37,20641,20762,320,1798,1977,568
37,20641,20762,321,1797,1978,551
37,20641,20762,322,1795,1977,537
37,20641,20762,323,1794,1977,524
37,20641,20762,324,1793,1977,509
37,20641,20762,325,1790,1977,498
37,20641,20762,326,1789,1976,488
37,20641,20762,327,1787,1977,469
37,20641,20762,328,1785,1976,451
37,20641,20762,329,1783,1976,439
37,20641,20762,330,1782,1976,425
37,20641,20762,331,1781,1976,411
37,20641,20762,332,1779,1976,396
37,20641,20762,333,1777,1976,381
37,20641,20762,334,1775,1976,372
37,20641,20762,335,1774,1975,355
37,20641,20762,336,1772,1975,339
37,20641,20762,337,1771,1976,327
37,20641,20762,338,1770,1975,293
37,20641,20762,339,1768,1975,296
37,20641,20762,340,1766,1974,284
37,20641,20762,341,1765,1974,270
37,20641,20762,342,1763,1974,257
37,20641,20762,343,1761,1974,241
37,20641,20762,344,1760,1974,226
37,20641,20762,345,1758,1974,212
37,20641,20762,346,1756,1973,199
37,20641,20762,347,1755,1973,182
37,20641,20762,348,1753,1973,165
37,20641,20762,349,1753,1973,172
37,20641,20762,350,1761,1975,251
37,20641,20762,351,1773,1976,346
37,20641,20762,352,1784,1979,480
37,20641,20762,353,1797,1978,587
37,20641,20762,354,1809,1978,713
37,20641,20762,355,1827,1980,848
38,20814,20935,0,1990,2025,1203
38,20814,20935,1,1879,1982,1259
38,20814,20935,2,1891,1982,1358
38,20814,20935,3,1902,1982,1448
38,20814,20935,4,1918,1982,1553
38,20814,20935,5,1928,1982,1662
38,20814,20935,6,1946,1983,1785
38,20814,20935,7,1962,1983,1913
38,20814,20935,8,1986,1984,2081
38,20814,20935,9,2006,1985,2245
38,20814,20935,10,2026,1984,2388
38,20814,20935,11,2045,1985,2534
38,20814,20935,12,2068,1984,2673
38,20814,20935,13,2087,1985,2812
38,20814,20935,14,2107,1985,2951
38,20814,20935,15,2125,1985,3091
38,20814,20935,16,2143,1985,3223
38,20814,20935,17,2159,1985,3332
38,20814,20935,18,2180,1985,3435
38,20814,20935,19,2186,1986,3503
38,20814,20935,20,2189,1985,3503
38,20814,20935,21,2187,1985,3471
38,20814,20935,22,2184,1985,3471
38,20814,20935,23,2183,1985,3471
38,20814,20935,24,2182,1986,3464
38,20814,20935,25,2180,1985,3452
38,20814,20935,26,2179,1985,3438
38,20814,20935,27,2178,1985,3421
38,20814,20935,28,2176,1986,3407
38,20814,20935,29,2173,1985,3396
38,20814,20935,30,2171,1986,3380
38,20814,20935,31,2169,1985,3362
38,20814,20935,32,2167,1985,3348
38,20814,20935,33,2164,1985,3340
38,20814,20935,34,2162,1985,3320
38,20814,20935,35,2161,1985,3306
38,20814,20935,36,2160,1985,3292
38,20814,20935,37,2156,1985,3277
38,20814,20935,38,2155,1985,3266
38,20814,20935,39,2153,1985,3250
38,20814,20935,40,2151,1985,3237
38,20814,20935,41,2150,1985,3225
38,20814,20935,42,2147,1985,3210
38,20814,20935,43,2146,1985,3193
38,20814,20935,44,2144,1985,3180
38,20814,20935,45,2141,1985,3169
38,20814,20935,46,2140,1985,3150
38,20814,20935,47,2138,1984,3137
38,20814,20935,48,2135,1985,3121
38,20814,20935,49,2136,1984,3109
38,20814,20935,50,2132,1985,3098
38,20814,20935,51,2130,1984,3079
38,20814,20935,52,2128,1985,3070
38,20814,20935,53,2125,1985,3052
38,20814,20935,54,2123,1985,3034
38,20814,20935,55,2121,1985,3024
38,20814,20935,56,2119,1984,3013
38,20814,20935,57,2118,1984,2995
38,20814,20935,58,2116,1984,2981
38,20814,20935,59,2114,1985,2966
38,20814,20935,60,2112,1984,2954
38,20814,20935,61,2110,1985,2941
38,20814,20935,62,2107,1985,2923
38,20814,20935,63,2105,1984,2912
38,20814,20935,64,2105,1984,2899
38,20814,20935,65,2102,1984,2886
38,20814,20935,66,2100,1984,2867
38,20814,20935,67,2098,1984,2859
38,20814,20935,68,2097,1984,2838
38,20814,20935,69,2094,1984,2826
38,20814,20935,70,2091,1984,2808
38,20814,20935,71,2090,1984,2793
38,20814,20935,72,2089,1984,2782
38,20814,20935,73,2086,1983,2765
38,20814,20935,74,2084,1984,2766
38,20814,20935,75,2083,1984,2739
38,20814,20935,76,2079,1983,2724
38,20814,20935,77,2078,1984,2711
38,20814,20935,78,2075,1984,2700
38,20814,20935,79,2075,1984,2685
38,20814,20935,80,2073,1984,2666
38,20814,20935,81,2071,1984,2654
38,20814,20935,82,2069,1983,2627
38,20814,20935,83,2068,1984,2627
38,20814,20935,84,2064,1984,2612
38,20814,20935,85,2063,1984,2597
38,20814,20935,86,2061,1984,2581
38,20814,20935,87,2060,1983,2569
38,20814,20935,88,2057,1984,2554
38,20814,20935,89,2057,1984,2554
38,20814,20935,90,2059,1984,2567
38,20814,20935,91,2061,1984,2580
38,20814,20935,92,2063,1984,2599
38,20814,20935,93,2065,1984,2614
38,20814,20935,94,2067,1984,2626
38,20814,20935,95,2069,1984,2640
38,20814,20935,96,2071,1984,2661
38,20814,20935,97,2072,1984,2669
38,20814,20935,98,2075,1984,2681
38,20814,20935,99,2075,1984,2696
38,20814,20935,100,2079,1984,2711
38,20814,20935,101,2079,1984,2730
38,20814,20935,102,2082,1984,2746
38,20814,20935,103,2085,1984,2754
38,20814,20935,104,2085,1984,2769
38,20814,20935,105,2089,1985,2783
38,20814,20935,106,2090,1984,2795
38,20814,20935,107,2093,1984,2809
38,20814,20935,108,2094,1985,2825
38,20814,20935,109,2096,1984,2841
38,20814,20935,110,2097,1985,2855
38,20814,20935,111,2100,1984,2867
38,20814,20935,112,2102,1984,2882
38,20814,20935,113,2104,1984,2896
38,20814,20935,114,2106,1984,2908
38,20814,20935,115,2108,1984,2924
38,20814,20935,116,2109,1984,2938
38,20814,20935,117,2112,1984,2953
38,20814,20935,118,2112,1984,2967
38,20814,20935,119,2115,1984,2978
38,20814,20935,120,2118,1985,2994
38,20814,20935,121,2119,1985,3009
38,20814,20935,122,2121,1985,3024
38,20814,20935,123,2123,1985,3036
38,20814,20935,124,2126,1985,3050
38,20814,20935,125,2128,1985,3065
38,20814,20935,126,2130,1985,3080
38,20814,20935,127,2132,1985,3096
38,20814,20935,128,2133,1985,3111
38,20814,20935,129,2135,1984,3122
38,20814,20935,130,2137,1985,3138
38,20814,20935,131,2140,1985,3149
38,20814,20935,132,2141,1985,3166
38,20814,20935,133,2143,1985,3179
38,20814,20935,134,2144,1985,3197
38,20814,20935,135,2148,1986,3209
38,20814,20935,136,2148,1985,3224
38,20814,20935,137,2152,1986,3235
38,20814,20935,138,2154,1985,3255
38,20814,20935,139,2156,1985,3266
38,20814,20935,140,2157,1985,3281
38,20814,20935,141,2159,1985,3295
38,20814,20935,142,2162,1985,3306
38,20814,20935,143,2163,1985,3324
38,20814,20935,144,2165,1985,3337
38,20814,20935,145,2167,1985,3350
38,20814,20935,146,2169,1985,3364
38,20814,20935,147,2171,1985,3379
38,20814,20935,148,2174,1985,3392
38,20814,20935,149,2174,1985,3409
38,20814,20935,150,2177,1986,3415
38,20814,20935,151,2178,1986,3435
38,20814,20935,152,2181,1985,3450
38,20814,20935,153,2182,1985,3464
38,20814,20935,154,2184,1985,3478
38,20814,20935,155,2185,1986,3472
38,20814,20935,156,2184,1986,3470
38,20814,20935,157,2186,1986,3484
38,20814,20935,158,2186,1986,3497
38,20814,20935,159,2190,1986,3513
38,20814,20935,160,2189,1986,3516
38,20814,20935,161,2191,1986,3523
38,20814,20935,162,2190,1986,3511
38,20814,20935,163,2189,1986,3449
38,20814,20935,164,2174,1985,3340
38,20814,20935,165,2153,1984,3223
38,20814,20935,166,2138,1984,3092
38,20814,20935,167,2120,1983,2965
38,20814,20935,168,2102,1983,2810
38,20814,20935,169,2084,1982,2688
38,20814,20935,170,2058,1982,2553
38,20814,20935,171,2044,1982,2436
38,20814,20935,172,2027,1982,2286
38,20814,20935,173,2009,1981,2143
38,20814,20935,174,1986,1981,2008
38,20814,20935,175,1972,1981,1881
38,20814,20935,176,1950,1981,1724
38,20814,20935,177,1933,1981,1595
38,20814,20935,178,1918,1981,1515
38,20814,20935,179,1903,1980,1385
38,20814,20935,180,1882,1979,1211
38,20814,20935,181,1866,1979,1053
38,20814,20935,182,1845,1978,896
38,20814,20935,183,1826,1978,762
38,20814,20935,184,1811,1978,619
38,20814,20935,185,1792,1975,458
38,20814,20935,186,1777,1976,360
38,20814,20935,187,1763,1973,217
38,20814,20935,188,1758,1974,211
38,20814,20935,189,1760,1974,227
38,20814,20935,190,1762,1974,241
38,20814,20935,191,1764,1974,256
38,20814,20935,192,1765,1975,272
38,20814,20935,193,1766,1975,282
38,20814,20935,194,1768,1975,296
38,20814,20935,195,1769,1975,313
38,20814,20935,196,1771,1975,329
38,20814,20935,197,1773,1975,341
38,20814,20935,198,1774,1975,355
38,20814,20935,199,1776,1976,366
38,20814,20935,200,1776,1976,387
38,20814,20935,201,1779,1976,397
38,20814,20935,202,1780,1976,412
38,20814,20935,203,1782,1976,428
38,20814,20935,204,1783,1976,437
38,20814,20935,205,1786,1977,454
38,20814,20935,206,1785,1976,466
38,20814,20935,207,1789,1977,473
38,20814,20935,208,1790,1977,499
38,20814,20935,209,1791,1977,510
38,20814,20935,210,1793,1977,524
38,20814,20935,211,1793,1977,540
38,20814,20935,212,1797,1977,554
38,20814,20935,213,1799,1977,567
38,20814,20935,214,1799,1977,581
38,20814,20935,215,1801,1978,595
38,20814,20935,216,1802,1977,611
38,20814,20935,217,1805,1977,624
38,20814,20935,218,1806,1978,637
38,20814,20935,219,1807,1978,652
38,20814,20935,220,1809,1978,665
38,20814,20935,221,1810,1978,681
38,20814,20935,222,1813,1978,706
38,20814,20935,223,1814,1979,709
38,20814,20935,224,1816,1979,722
38,20814,20935,225,1816,1978,739
38,20814,20935,226,1820,1979,754
38,20814,20935,227,1820,1978,764
38,20814,20935,228,1823,1979,780
38,20814,20935,229,1824,1979,793
38,20814,20935,230,1826,1979,809
38,20814,20935,231,1828,1979,824
38,20814,20935,232,1830,1979,837
38,20814,20935,233,1831,1978,851
38,20814,20935,234,1833,1979,863
38,20814,20935,235,1835,1979,879
38,20814,20935,236,1835,1979,894
38,20814,20935,237,1838,1980,908
38,20814,20935,238,1839,1979,921
38,20814,20935,239,1842,1980,936
38,20814,20935,240,1843,1980,949
38,20814,20935,241,1844,1980,964
38,20814,20935,242,1846,1980,981
38,20814,20935,243,1849,1980,995
38,20814,20935,244,1850,1980,1009
38,20814,20935,245,1852,1980,1020
38,20814,20935,246,1854,1980,1032
38,20814,20935,247,1855,1981,1049
38,20814,20935,248,1858,1980,1065
38,20814,20935,249,1859,1980,1081
38,20814,20935,250,1861,1980,1089
38,20814,20935,251,1863,1980,1105
38,20814,20935,252,1864,1981,1119
38,20814,20935,253,1866,1981,1135
38,20814,20935,254,1868,1980,1147
38,20814,20935,255,1870,1981,1164
38,20814,20935,256,1872,1981,1177
38,20814,20935,257,1873,1981,1194
38,20814,20935,258,1875,1981,1206
38,20814,20935,259,1876,1980,1219
38,20814,20935,260,1879,1982,1232
38,20814,20935,261,1880,1981,1247
38,20814,20935,262,1882,1981,1262
38,20814,20935,263,1884,1981,1277
38,20814,20935,264,1886,1981,1292
38,20814,20935,265,1887,1982,1303
38,20814,20935,266,1889,1981,1322
38,20814,20935,267,1891,1981,1318
38,20814,20935,268,1888,1981,1304
38,20814,20935,269,1885,1981,1295
38,20814,20935,270,1884,1980,1275
38,20814,20935,271,1882,1981,1264
38,20814,20935,272,1880,1980,1249
38,20814,20935,273,1879,1980,1229
38,20814,20935,274,1877,1981,1222
38,20814,20935,275,1875,1981,1208
38,20814,20935,276,1872,1980,1192
38,20814,20935,277,1871,1980,1174
38,20814,20935,278,1870,1980,1163
38,20814,20935,279,1867,1981,1148
38,20814,20935,280,1866,1981,1135
38,20814,20935,281,1864,1981,1122
38,20814,20935,282,1862,1980,1110
38,20814,20935,283,1861,1980,1092
38,20814,20935,284,1859,1980,1076
38,20814,20935,285,1858,1981,1064
38,20814,20935,286,1856,1980,1051
38,20814,20935,287,1854,1980,1034
38,20814,20935,288,1852,1979,1023
38,20814,20935,289,1852,1980,1007
38,20814,20935,290,1850,1980,995
38,20814,20935,291,1847,1979,976
38,20814,20935,292,1845,1979,961
38,20814,20935,293,1843,1980,949
38,20814,20935,294,1841,1979,944
38,20814,20935,295,1839,1980,918
38,20814,20935,296,1838,1979,907
38,20814,20935,297,1837,1979,893
38,20814,20935,298,1834,1979,884
38,20814,20935,299,1833,1980,869
38,20814,20935,300,1831,1979,851
38,20814,20935,301,1830,1979,846
38,20814,20935,302,1828,1980,826
38,20814,20935,303,1826,1980,807
38,20814,20935,304,1825,1979,793
38,20814,20935,305,1822,1979,790
38,20814,20935,306,1821,1979,767
38,20814,20935,307,1819,1979,752
38,20814,20935,308,1818,1979,737
38,20814,20935,309,1815,1978,723
38,20814,20935,310,1814,1978,706
38,20814,20935,311,1813,1978,700
38,20814,20935,312,1811,1978,676
38,20814,20935,313,1809,1978,664
38,20814,20935,314,1808,1977,652
38,20814,20935,315,1807,1978,643
38,20814,20935,316,1804,1978,622
38,20814,20935,317,1803,1978,609
38,20814,20935,318,1802,1977,596
38,20814,20935,319,1800,1978,582
38,20814,20935,320,1798,1978,566
38,20814,20935,321,1797,1978,548
38,20814,20935,322,1794,1977,537
38,20814,20935,323,1793,1978,526
38,20814,20935,324,1791,1977,511
38,20814,20935,325,1791,1977,492
38,20814,20935,326,1788,1977,486
38,20814,20935,327,1786,1976,468
38,20814,20935,328,1785,1976,455
38,20814,20935,329,1783,1976,423
38,20814,20935,330,1782,1976,425
38,20814,20935,331,1780,1976,412
38,20814,20935,332,1779,1976,396
38,20814,20935,333,1777,1975,384
38,20814,20935,334,1776,1975,370
38,20814,20935,335,1774,1975,351
38,20814,20935,336,1772,1976,349
38,20814,20935,337,1770,1975,326
38,20814,20935,338,1769,1976,318
38,20814,20935,339,1767,1974,300
38,20814,20935,340,1767,1975,281
38,20814,20935,341,1764,1973,268
38,20814,20935,342,1763,1974,256
38,20814,20935,343,1762,1973,244
38,20814,20935,344,1761,1974,227
38,20814,20935,345,1758,1973,212
38,20814,20935,346,1758,1974,194
38,20814,20935,347,1755,1973,182
38,20814,20935,348,1753,1973,172
38,20814,20935,349,1761,1974,240
38,20814,20935,350,1769,1975,335
38,20814,20935,351,1779,1977,457
38,20814,20935,352,1797,1978,610
38,20814,20935,353,1814,1980,738
38,20814,20935,354,1831,1981,871
38,20814,20935,355,1847,1982,1012
39,20984,21104,0,1987,2022,1307
39,20984,21104,1,1891,1983,1369
39,20984,21104,2,1908,1982,1468
39,20984,21104,3,1920,1982,1581
39,20984,21104,4,1933,1983,1673
39,20984,21104,5,1943,1983,1777
39,20984,21104,6,1960,1983,1894
39,20984,21104,7,1975,1983,2000
39,20984,21104,8,1992,1983,2108
39,20984,21104,9,2009,1983,2209
39,20984,21104,10,2025,1984,2328
39,20984,21104,11,2039,1985,2457
39,20984,21104,12,2057,1984,2597
39,20984,21104,13,2074,1985,2736
39,20984,21104,14,2095,1985,2866
39,20984,21104,15,2111,1985,2998
39,20984,21104,16,2133,1986,3226
39,20984,21104,17,2153,1986,3282
39,20984,21104,18,2172,1986,3430
39,20984,21104,19,2184,1985,3498
39,20984,21104,20,2184,1985,3481
39,20984,21104,21,2184,1985,3471
39,20984,21104,22,2184,1985,3473
39,20984,21104,23,2185,1985,3477
39,20984,21104,24,2182,1986,3465
39,20984,21104,25,2180,1986,3452
39,20984,21104,26,2179,1986,3434
39,20984,21104,27,2175,1986,3419
39,20984,21104,28,2175,1986,3407
39,20984,21104,29,2172,1985,3392
39,20984,21104,30,2171,1986,3379
39,20984,21104,31,2168,1985,3367
39,20984,21104,32,2167,1985,3351
39,20984,21104,33,2165,1985,3342
39,20984,21104,34,2163,1984,3325
39,20984,21104,35,2161,1985,3309
39,20984,21104,36,2159,1985,3295
39,20984,21104,37,2158,1985,3278
39,20984,21104,38,2155,1985,3265
39,20984,21104,39,2153,1985,3251
39,20984,21104,40,2151,1985,3236
39,20984,21104,41,2149,1985,3222
39,20984,21104,42,2146,1985,3207
39,20984,21104,43,2145,1985,3194
39,20984,21104,44,2143,1985,3179
39,20984,21104,45,2141,1985,3161
39,20984,21104,46,2139,1985,3152
39,20984,21104,47,2138,1986,3135
39,20984,21104,48,2135,1986,3124
39,20984,21104,49,2132,1985,3110
39,20984,21104,50,2132,1985,3101
39,20984,21104,51,2130,1985,3081
39,20984,21104,52,2129,1985,3066
39,20984,21104,53,2126,1985,3051
39,20984,21104,54,2124,1985,3038
39,20984,21104,55,2122,1985,3025
39,20984,21104,56,2119,1984,3008
39,20984,21104,57,2118,1984,2995
39,20984,21104,58,2116,1985,2980
39,20984,21104,59,2111,1985,2967
39,20984,21104,60,2111,1985,2954
39,20984,21104,61,2109,1985,2938
39,20984,21104,62,2108,1985,2925
39,20984,21104,63,2105,1985,2911
39,20984,21104,64,2104,1984,2896
39,20984,21104,65,2102,1984,2881
39,20984,21104,66,2101,1984,2866
39,20984,21104,67,2098,1984,2854
39,20984,21104,68,2096,1984,2840
39,20984,21104,69,2094,1985,2842
39,20984,21104,70,2092,1983,2806
39,20984,21104,71,2090,1984,2795
39,20984,21104,72,2088,1984,2781
39,20984,21104,73,2086,1984,2770
39,20984,21104,74,2084,1984,2753
39,20984,21104,75,2083,1984,2743
39,20984,21104,76,2080,1984,2721
39,20984,21104,77,2079,1983,2712
39,20984,21104,78,2077,1984,2697
39,20984,21104,79,2075,1984,2682
39,20984,21104,80,2072,1984,2664
39,20984,21104,81,2072,1984,2648
39,20984,21104,82,2069,1984,2642
39,20984,21104,83,2066,1984,2629
39,20984,21104,84,2065,1984,2614
39,20984,21104,85,2063,1984,2599
39,20984,21104,86,2061,1984,2582
39,20984,21104,87,2059,1984,2565
39,20984,21104,88,2057,1984,2556
39,20984,21104,89,2058,1983,2552
39,20984,21104,90,2058,1983,2571
39,20984,21104,91,2061,1984,2582
39,20984,21104,92,2063,1984,2600
39,20984,21104,93,2065,1984,2614
39,20984,21104,94,2067,1984,2624
39,20984,21104,95,2068,1984,2642
39,20984,21104,96,2071,1984,2655
39,20984,21104,97,2073,1985,2670
39,20984,21104,98,2075,1985,2680
39,20984,21104,99,2077,1985,2703
39,20984,21104,100,2080,1984,2707
39,20984,21104,101,2081,1984,2725
39,20984,21104,102,2083,1984,2745
39,20984,21104,103,2084,1985,2750
39,20984,21104,104,2089,1985,2767
39,20984,21104,105,2088,1984,2783
39,20984,21104,106,2090,1984,2797
39,20984,21104,107,2093,1984,2815
39,20984,21104,108,2094,1984,2824
39,20984,21104,109,2099,1984,2840
39,20984,21104,110,2098,1984,2858
39,20984,21104,111,2098,1984,2867
39,20984,21104,112,2102,1984,2884
39,20984,21104,113,2104,1985,2895
39,20984,21104,114,2106,1985,2910
39,20984,21104,115,2108,1985,2922
39,20984,21104,116,2109,1985,2938
39,20984,21104,117,2112,1984,2954
39,20984,21104,118,2113,1984,2965
39,20984,21104,119,2115,1985,2980
39,20984,21104,120,2117,1985,2994
39,20984,21104,121,2120,1984,3011
39,20984,21104,122,2122,1985,3024
39,20984,21104,123,2124,1984,3037
39,20984,21104,124,2125,1984,3057
39,20984,21104,125,2127,1985,3064
39,20984,21104,126,2129,1985,3081
39,20984,21104,127,2131,1984,3095
39,20984,21104,128,2134,1984,3112
39,20984,21104,129,2135,1985,3122
39,20984,21104,130,2137,1985,3136
39,20984,21104,131,2139,1985,3151
39,20984,21104,132,2142,1985,3169
39,20984,21104,133,2143,1985,3181
39,20984,21104,134,2146,1985,3196
39,20984,21104,135,2147,1985,3207
39,20984,21104,136,2150,1985,3224
39,20984,21104,137,2151,1985,3238
39,20984,21104,138,2154,1985,3249
39,20984,21104,139,2155,1985,3264
39,20984,21104,140,2157,1985,3281
39,20984,21104,141,2159,1985,3295
39,20984,21104,142,2161,1985,3304
39,20984,21104,143,2163,1985,3326
39,20984,21104,144,2165,1985,3337
39,20984,21104,145,2167,1986,3354
39,20984,21104,146,2169,1986,3364
39,20984,21104,147,2170,1986,3380
39,20984,21104,148,2172,1985,3397
39,20984,21104,149,2174,1985,3408
39,20984,21104,150,2177,1986,3421
39,20984,21104,151,2180,1986,3433
39,20984,21104,152,2180,1986,3449
39,20984,21104,153,2184,1986,3464
39,20984,21104,154,2184,1986,3476
39,20984,21104,155,2184,1986,3472
39,20984,21104,156,2183,1986,3471
39,20984,21104,157,2187,1986,3480
39,20984,21104,158,2188,1986,3501
39,20984,21104,159,2190,1986,3514
39,20984,21104,160,2192,1986,3517
39,20984,21104,161,2190,1986,3515
39,20984,21104,162,2189,1986,3476
39,20984,21104,163,2177,1984,3380
39,20984,21104,164,2162,1984,3283
39,20984,21104,165,2149,1983,3169
39,20984,21104,166,2133,1984,3063
39,20984,21104,167,2117,1983,2942
39,20984,21104,168,2097,1984,2804
39,20984,21104,169,2084,1983,2689
39,20984,21104,170,2059,1982,2516
39,20984,21104,171,2046,1982,2347
39,20984,21104,172,2014,1982,2203
39,20984,21104,173,1999,1982,2050
39,20984,21104,174,1975,1982,1922
39,20984,21104,175,1956,1981,1774
39,20984,21104,176,1935,1980,1624
39,20984,21104,177,1921,1981,1494
39,20984,21104,178,1909,1981,1418
39,20984,21104,179,1896,1980,1317
39,20984,21104,180,1880,1980,1188
39,20984,21104,181,1863,1979,1068
39,20984,21104,182,1849,1979,947
39,20984,21104,183,1833,1979,801
39,20984,21104,184,1818,1978,684
39,20984,21104,185,1801,1978,558
39,20984,21104,186,1789,1976,428
39,20984,21104,187,1772,1975,273
39,20984,21104,188,1757,1974,210
39,20984,21104,189,1760,1975,226
39,20984,21104,190,1762,1975,239
39,20984,21104,191,1763,1975,255
39,20984,21104,192,1764,1975,270
39,20984,21104,193,1766,1975,283
39,20984,21104,194,1768,1975,298
39,20984,21104,195,1770,1976,313
39,20984,21104,196,1770,1976,323
39,20984,21104,197,1773,1975,340
39,20984,21104,198,1773,1976,354
39,20984,21104,199,1776,1976,367
39,20984,21104,200,1778,1976,384
39,20984,21104,201,1779,1976,399
39,20984,21104,202,1780,1976,410
39,20984,21104,203,1782,1976,426
39,20984,21104,204,1783,1976,436
39,20984,21104,205,1785,1977,453
39,20984,21104,206,1787,1977,469
39,20984,21104,207,1788,1976,484
39,20984,21104,208,1790,1977,496
39,20984,21104,209,1791,1977,510
39,20984,21104,210,1793,1977,524
39,20984,21104,211,1794,1977,541
39,20984,21104,212,1796,1978,555
39,20984,21104,213,1798,1978,567
39,20984,21104,214,1800,1978,580
39,20984,21104,215,1802,1978,592
39,20984,21104,216,1803,1978,609
39,20984,21104,217,1804,1978,624
39,20984,21104,218,1807,1978,639
39,20984,21104,219,1808,1978,653
39,20984,21104,220,1809,1978,662
39,20984,21104,221,1811,1978,682
39,20984,21104,222,1813,1979,694
39,20984,21104,223,1815,1979,700
39,20984,21104,224,1816,1978,725
39,20984,21104,225,1818,1979,738
39,20984,21104,226,1819,1979,754
39,20984,21104,227,1821,1979,765
39,20984,21104,228,1823,1979,779
39,20984,21104,229,1824,1980,794
39,20984,21104,230,1826,1980,807
39,20984,21104,231,1828,1979,822
39,20984,21104,232,1830,1979,835
39,20984,21104,233,1832,1980,851
39,20984,21104,234,1833,1980,866
39,20984,21104,235,1835,1980,882
39,20984,21104,236,1837,1980,892
39,20984,21104,237,1838,1980,908
39,20984,21104,238,1840,1980,918
39,20984,21104,239,1841,1980,938
39,20984,21104,240,1843,1979,948
39,20984,21104,241,1846,1980,965
39,20984,21104,242,1846,1980,980
39,20984,21104,243,1848,1980,995
39,20984,21104,244,1851,1980,1010
39,20984,21104,245,1852,1981,1020
39,20984,21104,246,1853,1980,1034
39,20984,21104,247,1856,1980,1045
39,20984,21104,248,1857,1981,1063
39,20984,21104,249,1859,1980,1080
39,20984,21104,250,1861,1981,1095
39,20984,21104,251,1862,1980,1105
39,20984,21104,252,1863,1981,1120
39,20984,21104,253,1866,1981,1137
39,20984,21104,254,1868,1980,1155
39,20984,21104,255,1870,1981,1164
39,20984,21104,256,1876,1981,1176
39,20984,21104,257,1874,1981,1191
39,20984,21104,258,1875,1981,1200
39,20984,21104,259,1877,1981,1222
39,20984,21104,260,1879,1981,1234
39,20984,21104,261,1880,1981,1247
39,20984,21104,262,1881,1982,1262
39,20984,21104,263,1884,1981,1273
39,20984,21104,264,1885,1981,1294
39,20984,21104,265,1887,1981,1304
39,20984,21104,266,1888,1980,1322
39,20984,21104,267,1889,1981,1320
39,20984,21104,268,1888,1980,1305
39,20984,21104,269,1886,1980,1290
39,20984,21104,270,1883,1980,1280
39,20984,21104,271,1882,1980,1268
39,20984,21104,272,1880,1981,1248
39,20984,21104,273,1879,1981,1233
39,20984,21104,274,1877,1981,1222
39,20984,21104,275,1875,1981,1207
39,20984,21104,276,1873,1981,1193
39,20984,21104,277,1871,1980,1178
39,20984,21104,278,1870,1980,1151
39,20984,21104,279,1869,1980,1150
39,20984,21104,280,1867,1981,1134
39,20984,21104,281,1865,1981,1126
39,20984,21104,282,1863,1980,1106
39,20984,21104,283,1862,1980,1090
39,20984,21104,284,1860,1980,1080
39,20984,21104,285,1858,1980,1062
39,20984,21104,286,1856,1980,1047
39,20984,21104,287,1854,1980,1036
39,20984,21104,288,1852,1980,1020
39,20984,21104,289,1850,1980,1006
39,20984,21104,290,1849,1980,994
39,20984,21104,291,1847,1980,979
39,20984,21104,292,1845,1979,966
39,20984,21104,293,1843,1980,951
39,20984,21104,294,1841,1980,935
39,20984,21104,295,1841,1980,926
39,20984,21104,296,1838,1979,907
39,20984,21104,297,1837,1980,892
39,20984,21104,298,1835,1979,879
39,20984,21104,299,1833,1979,866
39,20984,21104,300,1831,1979,856
39,20984,21104,301,1830,1979,837
39,20984,21104,302,1827,1979,823
39,20984,21104,303,1827,1979,807
39,20984,21104,304,1824,1979,794
39,20984,21104,305,1823,1979,781
39,20984,21104,306,1821,1978,763
39,20984,21104,307,1819,1979,752
39,20984,21104,308,1818,1978,741
39,20984,21104,309,1816,1978,724
39,20984,21104,310,1814,1978,711
39,20984,21104,311,1813,1978,695
39,20984,21104,312,1812,1978,678
39,20984,21104,313,1809,1978,664
39,20984,21104,314,1809,1978,656
39,20984,21104,315,1806,1978,639
39,20984,21104,316,1805,1978,622
39,20984,21104,317,1802,1978,612
39,20984,21104,318,1802,1978,597
39,20984,21104,319,1800,1978,582
39,20984,21104,320,1798,1977,566
39,20984,21104,321,1797,1978,556
39,20984,21104,322,1795,1978,539
39,20984,21104,323,1792,1977,525
39,20984,21104,324,1792,1977,511
39,20984,21104,325,1790,1977,497
39,20984,21104,326,1789,1977,481
39,20984,21104,327,1788,1977,470
39,20984,21104,328,1785,1977,454
39,20984,21104,329,1783,1976,439
39,20984,21104,330,1783,1975,423
39,20984,21104,331,1781,1976,412
39,20984,21104,332,1779,1976,397
39,20984,21104,333,1778,1976,383
39,20984,21104,334,1776,1975,370
39,20984,21104,335,1774,1975,351
39,20984,21104,336,1772,1975,327
39,20984,21104,337,1771,1976,329
39,20984,21104,338,1769,1975,312
39,20984,21104,339,1768,1975,297
39,20984,21104,340,1766,1974,285
39,20984,21104,341,1765,1974,269
39,20984,21104,342,1763,1974,254
39,20984,21104,343,1761,1974,241
39,20984,21104,344,1761,1974,225
39,20984,21104,345,1758,1974,215
39,20984,21104,346,1759,1974,195
39,20984,21104,347,1758,1974,208
39,20984,21104,348,1763,1974,249
39,20984,21104,349,1771,1976,338
39,20984,21104,350,1780,1976,425
39,20984,21104,351,1791,1977,500
39,20984,21104,352,1801,1978,591
39,20984,21104,353,1810,1979,708
39,20984,21104,354,1824,1980,815
39,20984,21104,355,1836,1981,927
40,21158,21279,0,1994,2024,1193
40,21158,21279,1,1875,1982,1233
40,21158,21279,2,1885,1981,1303
40,21158,21279,3,1894,1981,1378
40,21158,21279,4,1904,1982,1477
40,21158,21279,5,1922,1982,1587
40,21158,21279,6,1935,1983,1693
40,21158,21279,7,1949,1983,1830
40,21158,21279,8,1967,1982,1942
40,21158,21279,9,1988,1984,2107
40,21158,21279,10,2004,1984,2224
40,21158,21279,11,2029,1984,2381
40,21158,21279,12,2046,1985,2520
40,21158,21279,13,2068,1985,2681
40,21158,21279,14,2088,1986,2821
40,21158,21279,15,2114,1985,2932
40,21158,21279,16,2125,1986,3112
40,21158,21279,17,2146,1986,3259
40,21158,21279,18,2171,1986,3401
40,21158,21279,19,2186,1986,3493
40,21158,21279,20,2184,1985,3485
40,21158,21279,21,2184,1985,3471
40,21158,21279,22,2184,1985,3473
40,21158,21279,23,2185,1986,3477
40,21158,21279,24,2183,1986,3467
40,21158,21279,25,2181,1986,3447
40,21158,21279,26,2178,1986,3434
40,21158,21279,27,2176,1986,3423
40,21158,21279,28,2174,1985,3408
40,21158,21279,29,2174,1985,3391
40,21158,21279,30,2170,1985,3379
40,21158,21279,31,2168,1985,3369
40,21158,21279,32,2167,1985,3344
40,21158,21279,33,2164,1985,3335
40,21158,21279,34,2163,1985,3321
40,21158,21279,35,2161,1985,3309
40,21158,21279,36,2158,1985,3293
40,21158,21279,37,2157,1985,3279
40,21158,21279,38,2155,1985,3266
40,21158,21279,39,2153,1985,3251
40,21158,21279,40,2152,1986,3241
40,21158,21279,41,2149,1985,3224
40,21158,21279,42,2148,1985,3207
40,21158,21279,43,2144,1985,3182
40,21158,21279,44,2143,1985,3179
40,21158,21279,45,2141,1985,3166
40,21158,21279,46,2139,1985,3146
40,21158,21279,47,2137,1985,3136
40,21158,21279,48,2135,1985,3123
40,21158,21279,49,2134,1985,3106
40,21158,21279,50,2131,1985,3093
40,21158,21279,51,2129,1985,3081
40,21158,21279,52,2127,1984,3067
40,21158,21279,53,2125,1984,3050
40,21158,21279,54,2124,1984,3038
40,21158,21279,55,2121,1984,3024
40,21158,21279,56,2119,1984,3007
40,21158,21279,57,2118,1984,2998
40,21158,21279,58,2115,1984,2981
40,21158,21279,59,2113,1984,2967
40,21158,21279,60,2111,1984,2945
40,21158,21279,61,2110,1984,2941
40,21158,21279,62,2107,1984,2922
40,21158,21279,63,2107,1985,2911
40,21158,21279,64,2104,1984,2900
40,21158,21279,65,2102,1984,2884
40,21158,21279,66,2100,1985,2866
40,21158,21279,67,2098,1985,2853
40,21158,21279,68,2096,1985,2838
40,21158,21279,69,2094,1984,2824
40,21158,21279,70,2092,1984,2812
40,21158,21279,71,2090,1984,2793
40,21158,21279,72,2088,1984,2783
40,21158,21279,73,2086,1984,2766
40,21158,21279,74,2085,1984,2756
40,21158,21279,75,2082,1984,2742
40,21158,21279,76,2082,1984,2726
40,21158,21279,77,2078,1984,2711
40,21158,21279,78,2077,1984,2696
40,21158,21279,79,2075,1984,2683
40,21158,21279,80,2072,1984,2669
40,21158,21279,81,2071,1984,2657
40,21158,21279,82,2069,1984,2641
40,21158,21279,83,2067,1984,2626
40,21158,21279,84,2064,1984,2613
40,21158,21279,85,2063,1983,2599
40,21158,21279,86,2061,1983,2584
40,21158,21279,87,2060,1983,2570
40,21158,21279,88,2058,1983,2559
40,21158,21279,89,2056,1984,2557
40,21158,21279,90,2059,1983,2570
40,21158,21279,91,2061,1984,2583
40,21158,21279,92,2063,1983,2596
40,21158,21279,93,2065,1984,2604
40,21158,21279,94,2067,1984,2626
40,21158,21279,95,2069,1984,2641
40,21158,21279,96,2071,1984,2659
40,21158,21279,97,2073,1984,2665
40,21158,21279,98,2075,1984,2682
40,21158,21279,99,2076,1984,2698
40,21158,21279,100,2078,1984,2714
40,21158,21279,101,2081,1984,2730
40,21158,21279,102,2082,1984,2740
40,21158,21279,103,2084,1984,2754
40,21158,21279,104,2086,1984,2772
40,21158,21279,105,2088,1984,2784
40,21158,21279,106,2091,1984,2797
40,21158,21279,107,2093,1984,2809
40,21158,21279,108,2094,1984,2825
40,21158,21279,109,2096,1984,2837
40,21158,21279,110,2098,1984,2853
40,21158,21279,111,2100,1985,2866
40,21158,21279,112,2101,1984,2882
40,21158,21279,113,2104,1985,2897
40,21158,21279,114,2106,1984,2911
40,21158,21279,115,2108,1985,2923
40,21158,21279,116,2110,1984,2937
40,21158,21279,117,2112,1984,2948
40,21158,21279,118,2114,1984,2974
40,21158,21279,119,2116,1985,2981
40,21158,21279,120,2118,1984,2998
40,21158,21279,121,2120,1985,3010
40,21158,21279,122,2122,1984,3023
40,21158,21279,123,2124,1985,3037
40,21158,21279,124,2130,1985,3050
40,21158,21279,125,2128,1985,3066
40,21158,21279,126,2130,1985,3081
40,21158,21279,127,2131,1985,3096
40,21158,21279,128,2133,1985,3109
40,21158,21279,129,2135,1985,3124
40,21158,21279,130,2137,1985,3139
40,21158,21279,131,2139,1985,3154
40,21158,21279,132,2141,1985,3168
40,21158,21279,133,2143,1986,3180
40,21158,21279,134,2145,1985,3196
40,21158,21279,135,2146,1985,3208
40,21158,21279,136,2150,1985,3224
40,21158,21279,137,2152,1985,3237
40,21158,21279,138,2154,1985,3250
40,21158,21279,139,2156,1985,3264
40,21158,21279,140,2157,1985,3280
40,21158,21279,141,2161,1985,3295
40,21158,21279,142,2161,1985,3327
40,21158,21279,143,2163,1985,3323
40,21158,21279,144,2165,1985,3337
40,21158,21279,145,2165,1985,3350
40,21158,21279,146,2170,1985,3367
40,21158,21279,147,2171,1985,3386
40,21158,21279,148,2172,1985,3393
40,21158,21279,149,2175,1985,3407
40,21158,21279,150,2176,1986,3422
40,21158,21279,151,2178,1985,3436
40,21158,21279,152,2181,1986,3449
40,21158,21279,153,2183,1985,3459
40,21158,21279,154,2185,1986,3476
40,21158,21279,155,2185,1985,3472
40,21158,21279,156,2184,1986,3472
40,21158,21279,157,2186,1986,3484
40,21158,21279,158,2188,1986,3498
40,21158,21279,159,2189,1985,3508
40,21158,21279,160,2190,1985,3517
40,21158,21279,161,2189,1985,3514
40,21158,21279,162,2189,1985,3492
40,21158,21279,163,2177,1984,3383
40,21158,21279,164,2163,1984,3274
40,21158,21279,165,2147,1984,3176
40,21158,21279,166,2133,1984,3036
40,21158,21279,167,2114,1984,2929
40,21158,21279,168,2096,1983,2797
40,21158,21279,169,2074,1983,2662
40,21158,21279,170,2083,1982,2554
40,21158,21279,171,2043,1983,2420
40,21158,21279,172,2026,1982,2313
40,21158,21279,173,2013,1982,2254
40,21158,21279,174,2000,1982,2087
40,21158,21279,175,1980,1982,1961
40,21158,21279,176,1967,1981,1810
40,21158,21279,177,1944,1981,1687
40,21158,21279,178,1934,1981,1617
40,21158,21279,179,1924,1980,1492
40,21158,21279,180,1901,1980,1348
40,21158,21279,181,1883,1979,1221
40,21158,21279,182,1864,1979,1061
40,21158,21279,183,1847,1979,908
40,21158,21279,184,1826,1978,743
40,21158,21279,185,1811,1977,614
40,21158,21279,186,1792,1977,471
40,21158,21279,187,1778,1975,332
40,21158,21279,188,1760,1974,210
40,21158,21279,189,1760,1974,226
40,21158,21279,190,1761,1975,241
40,21158,21279,191,1763,1974,255
40,21158,21279,192,1765,1974,268
40,21158,21279,193,1766,1974,284
40,21158,21279,194,1768,1975,295
40,21158,21279,195,1770,1975,314
40,21158,21279,196,1772,1976,328
40,21158,21279,197,1772,1976,341
40,21158,21279,198,1774,1976,356
40,21158,21279,199,1776,1976,368
40,21158,21279,200,1777,1976,382
40,21158,21279,201,1780,1977,397
40,21158,21279,202,1781,1976,414
40,21158,21279,203,1782,1977,425
40,21158,21279,204,1783,1977,442
40,21158,21279,205,1786,1977,452
40,21158,21279,206,1787,1977,468
40,21158,21279,207,1790,1977,483
40,21158,21279,208,1791,1977,493
40,21158,21279,209,1792,1977,510
40,21158,21279,210,1793,1977,524
40,21158,21279,211,1796,1977,536
40,21158,21279,212,1796,1977,552
40,21158,21279,213,1797,1978,565
40,21158,21279,214,1800,1978,581
40,21158,21279,215,1801,1978,597
40,21158,21279,216,1803,1978,612
40,21158,21279,217,1805,1978,631
40,21158,21279,218,1806,1978,637
40,21158,21279,219,1807,1978,651
40,21158,21279,220,1810,1979,667
40,21158,21279,221,1811,1978,679
40,21158,21279,222,1813,1978,693
40,21158,21279,223,1815,1979,707
40,21158,21279,224,1816,1979,726
40,21158,21279,225,1818,1979,737
40,21158,21279,226,1820,1978,752
40,21158,21279,227,1821,1979,766
40,21158,21279,228,1823,1979,778
40,21158,21279,229,1824,1979,795
40,21158,21279,230,1825,1979,809
40,21158,21279,231,1828,1980,820
40,21158,21279,232,1829,1979,836
40,21158,21279,233,1831,1980,851
40,21158,21279,234,1833,1979,864
40,21158,21279,235,1835,1980,874
40,21158,21279,236,1836,1980,891
40,21158,21279,237,1839,1980,906
40,21158,21279,238,1839,1980,921
40,21158,21279,239,1842,1980,932
40,21158,21279,240,1844,1980,950
40,21158,21279,241,1844,1980,965
40,21158,21279,242,1847,1980,983
40,21158,21279,243,1849,1980,995
40,21158,21279,244,1850,1981,1008
40,21158,21279,245,1852,1980,1019
40,21158,21279,246,1854,1980,1036
40,21158,21279,247,1855,1980,1051
40,21158,21279,248,1857,1981,1064
40,21158,21279,249,1859,1981,1079
40,21158,21279,250,1860,1981,1092
40,21158,21279,251,1862,1981,1108
40,21158,21279,252,1864,1981,1119
40,21158,21279,253,1865,1980,1145
40,21158,21279,254,1868,1981,1151
40,21158,21279,255,1870,1981,1162
40,21158,21279,256,1872,1981,1181
40,21158,21279,257,1874,1981,1190
40,21158,21279,258,1875,1981,1208
40,21158,21279,259,1877,1981,1222
40,21158,21279,260,1879,1981,1232
40,21158,21279,261,1881,1981,1242
40,21158,21279,262,1883,1981,1262
40,21158,21279,263,1884,1981,1279
40,21158,21279,264,1885,1981,1291
40,21158,21279,265,1887,1981,1306
40,21158,21279,266,1890,1981,1320
40,21158,21279,267,1889,1981,1319
40,21158,21279,268,1888,1981,1306
40,21158,21279,269,1886,1981,1293
40,21158,21279,270,1884,1981,1276
40,21158,21279,271,1883,1981,1263
40,21158,21279,272,1880,1981,1249
40,21158,21279,273,1878,1981,1235
40,21158,21279,274,1876,1981,1220
40,21158,21279,275,1875,1981,1211
40,21158,21279,276,1873,1981,1192
40,21158,21279,277,1872,1981,1176
40,21158,21279,278,1871,1980,1162
40,21158,21279,279,1868,1981,1147
40,21158,21279,280,1866,1980,1136
40,21158,21279,281,1864,1980,1119
40,21158,21279,282,1862,1980,1105
40,21158,21279,283,1861,1980,1082
40,21158,21279,284,1859,1979,1080
40,21158,21279,285,1858,1980,1063
40,21158,21279,286,1857,1980,1048
40,21158,21279,287,1854,1980,1037
40,21158,21279,288,1852,1980,1018
40,21158,21279,289,1850,1980,1008
40,21158,21279,290,1849,1980,994
40,21158,21279,291,1846,1980,979
40,21158,21279,292,1845,1980,965
40,21158,21279,293,1843,1980,953
40,21158,21279,294,1842,1980,941
40,21158,21279,295,1840,1979,925
40,21158,21279,296,1839,1979,909
40,21158,21279,297,1837,1979,894
40,21158,21279,298,1835,1979,876
40,21158,21279,299,1832,1979,865
40,21158,21279,300,1831,1979,851
40,21158,21279,301,1830,1979,841
40,21158,21279,302,1828,1979,822
40,21158,21279,303,1827,1979,809
40,21158,21279,304,1825,1979,795
40,21158,21279,305,1823,1979,787
40,21158,21279,306,1821,1979,768
40,21158,21279,307,1819,1979,751
40,21158,21279,308,1817,1979,741
40,21158,21279,309,1817,1978,722
40,21158,21279,310,1816,1978,709
40,21158,21279,311,1813,1978,695
40,21158,21279,312,1811,1979,680
40,21158,21279,313,1810,1978,666
40,21158,21279,314,1808,1978,650
40,21158,21279,315,1807,1978,635
40,21158,21279,316,1804,1978,625
40,21158,21279,317,1803,1977,607
40,21158,21279,318,1802,1978,594
40,21158,21279,319,1800,1978,582
40,21158,21279,320,1798,1978,567
40,21158,21279,321,1796,1978,552
40,21158,21279,322,1794,1977,536
40,21158,21279,323,1793,1977,524
40,21158,21279,324,1792,1977,509
40,21158,21279,325,1789,1976,501
40,21158,21279,326,1789,1976,486
40,21158,21279,327,1788,1976,469
40,21158,21279,328,1785,1976,453
40,21158,21279,329,1784,1976,447
40,21158,21279,330,1782,1976,425
40,21158,21279,331,1781,1976,410
40,21158,21279,332,1778,1976,398
40,21158,21279,333,1777,1976,389
40,21158,21279,334,1776,1976,371
40,21158,21279,335,1774,1976,350
40,21158,21279,336,1773,1976,340
40,21158,21279,337,1771,1975,326
40,21158,21279,338,1770,1975,310
40,21158,21279,339,1768,1975,299
40,21158,21279,340,1766,1975,283
40,21158,21279,341,1766,1975,269
40,21158,21279,342,1763,1974,250
40,21158,21279,343,1761,1974,239
40,21158,21279,344,1760,1973,225
40,21158,21279,345,1758,1973,208
40,21158,21279,346,1757,1973,198
40,21158,21279,347,1755,1973,183
40,21158,21279,348,1753,1973,173
40,21158,21279,349,1753,1973,183
40,21158,21279,350,1763,1975,255
40,21158,21279,351,1770,1976,356
40,21158,21279,352,1784,1977,468
40,21158,21279,353,1798,1979,588
40,21158,21279,354,1815,1980,718
40,21158,21279,355,1829,1980,861
41,21333,21453,0,1994,2025,1211
41,21333,21453,1,1879,1984,1308
41,21333,21453,2,1898,1982,1418
41,21333,21453,3,1912,1982,1534
41,21333,21453,4,1930,1983,1644
41,21333,21453,5,1942,1984,1778
41,21333,21453,6,1961,1984,1910
41,21333,21453,7,1977,1984,2016
41,21333,21453,8,1993,1984,2140
41,21333,21453,9,2010,1983,2246
41,21333,21453,10,2026,1985,2370
41,21333,21453,11,2046,1984,2510
41,21333,21453,12,2060,1985,2644
41,21333,21453,13,2078,1984,2747
41,21333,21453,14,2097,1984,2880
41,21333,21453,15,2113,1986,3009
41,21333,21453,16,2132,1986,3149
41,21333,21453,17,2149,1986,3292
41,21333,21453,18,2170,1986,3417
41,21333,21453,19,2184,1986,3496
41,21333,21453,20,2187,1985,3486
41,21333,21453,21,2184,1985,3471
41,21333,21453,22,2184,1985,3472
41,21333,21453,23,2184,1986,3477
41,21333,21453,24,2182,1986,3465
41,21333,21453,25,2181,1986,3451
41,21333,21453,26,2178,1985,3436
41,21333,21453,27,2176,1985,3422
41,21333,21453,28,2175,1985,3409
41,21333,21453,29,2173,1985,3396
41,21333,21453,30,2171,1985,3375
41,21333,21453,31,2169,1985,3366
41,21333,21453,32,2166,1985,3352
41,21333,21453,33,2164,1986,3337
41,21333,21453,34,2162,1985,3325
41,21333,21453,35,2161,1985,3308
41,21333,21453,36,2162,1985,3296
41,21333,21453,37,2157,1985,3278
41,21333,21453,38,2155,1985,3269
41,21333,21453,39,2153,1985,3251
41,21333,21453,40,2151,1985,3235
41,21333,21453,41,2149,1985,3224
41,21333,21453,42,2147,1985,3211
41,21333,21453,43,2145,1985,3200
41,21333,21453,44,2143,1985,3181
41,21333,21453,45,2141,1985,3169
41,21333,21453,46,2140,1985,3155
41,21333,21453,47,2137,1985,3143
41,21333,21453,48,2135,1985,3124
41,21333,21453,49,2134,1985,3109
41,21333,21453,50,2132,1985,3095
41,21333,21453,51,2130,1984,3080
41,21333,21453,52,2128,1985,3063
41,21333,21453,53,2126,1985,3051
41,21333,21453,54,2124,1985,3037
41,21333,21453,55,2122,1985,3022
41,21333,21453,56,2120,1984,3012
41,21333,21453,57,2118,1984,2997
41,21333,21453,58,2115,1984,2980
41,21333,21453,59,2114,1984,2967
41,21333,21453,60,2111,1984,2951
41,21333,21453,61,2109,1984,2941
41,21333,21453,62,2108,1985,2926
41,21333,21453,63,2106,1984,2908
41,21333,21453,64,2104,1984,2913
41,21333,21453,65,2103,1984,2883
41,21333,21453,66,2099,1984,2867
41,21333,21453,67,2099,1984,2852
41,21333,21453,68,2096,1984,2842
41,21333,21453,69,2094,1983,2824
41,21333,21453,70,2092,1984,2812
41,21333,21453,71,2091,1984,2795
41,21333,21453,72,2088,1984,2783
41,21333,21453,73,2086,1984,2770
41,21333,21453,74,2084,1984,2752
41,21333,21453,75,2082,1984,2738
41,21333,21453,76,2081,1984,2727
41,21333,21453,77,2078,1984,2711
41,21333,21453,78,2076,1984,2696
41,21333,21453,79,2075,1984,2680
41,21333,21453,80,2073,1984,2670
41,21333,21453,81,2071,1984,2656
41,21333,21453,82,2070,1984,2635
41,21333,21453,83,2067,1984,2627
41,21333,21453,84,2065,1984,2614
41,21333,21453,85,2063,1983,2599
41,21333,21453,86,2061,1984,2588
41,21333,21453,87,2059,1984,2569
41,21333,21453,88,2057,1983,2556
41,21333,21453,89,2057,1984,2555
41,21333,21453,90,2058,1984,2574
41,21333,21453,91,2061,1984,2586
41,21333,21453,92,2063,1984,2598
41,21333,21453,93,2065,1984,2615
41,21333,21453,94,2066,1984,2629
41,21333,21453,95,2068,1984,2638
41,21333,21453,96,2071,1984,2656
41,21333,21453,97,2073,1984,2667
41,21333,21453,98,2074,1984,2689
41,21333,21453,99,2077,1985,2696
41,21333,21453,100,2079,1985,2714
41,21333,21453,101,2081,1985,2726
41,21333,21453,102,2083,1984,2742
41,21333,21453,103,2085,1984,2754
41,21333,21453,104,2086,1984,2765
41,21333,21453,105,2089,1984,2782
41,21333,21453,106,2090,1984,2796
41,21333,21453,107,2092,1984,2810
41,21333,21453,108,2094,1984,2823
41,21333,21453,109,2096,1985,2837
41,21333,21453,110,2097,1984,2853
41,21333,21453,111,2101,1985,2866
41,21333,21453,112,2101,1984,2890
41,21333,21453,113,2104,1984,2895
41,21333,21453,114,2107,1984,2911
41,21333,21453,115,2108,1985,2927
41,21333,21453,116,2110,1985,2938
41,21333,21453,117,2111,1985,2953
41,21333,21453,118,2114,1984,2962
41,21333,21453,119,2116,1984,2981
41,21333,21453,120,2118,1984,2996
41,21333,21453,121,2119,1985,3021
41,21333,21453,122,2122,1985,3024
41,21333,21453,123,2123,1985,3037
41,21333,21453,124,2125,1985,3057
41,21333,21453,125,2127,1985,3067
41,21333,21453,126,2130,1985,3079
41,21333,21453,127,2131,1985,3099
41,21333,21453,128,2133,1984,3108
41,21333,21453,129,2135,1985,3123
41,21333,21453,130,2137,1985,3137
41,21333,21453,131,2139,1985,3150
41,21333,21453,132,2141,1985,3162
41,21333,21453,133,2143,1985,3181
41,21333,21453,134,2145,1986,3193
41,21333,21453,135,2147,1985,3208
41,21333,21453,136,2149,1985,3223
41,21333,21453,137,2151,1985,3235
41,21333,21453,138,2153,1986,3251
41,21333,21453,139,2156,1986,3266
41,21333,21453,140,2155,1985,3277
41,21333,21453,141,2159,1986,3294
41,21333,21453,142,2161,1985,3309
41,21333,21453,143,2163,1985,3320
41,21333,21453,144,2165,1985,3337
41,21333,21453,145,2166,1985,3353
41,21333,21453,146,2169,1985,3371
41,21333,21453,147,2171,1985,3378
41,21333,21453,148,2172,1986,3396
41,21333,21453,149,2174,1986,3404
41,21333,21453,150,2177,1986,3420
41,21333,21453,151,2178,1986,3437
41,21333,21453,152,2181,1986,3451
41,21333,21453,153,2182,1986,3463
41,21333,21453,154,2184,1985,3476
41,21333,21453,155,2184,1985,3472
41,21333,21453,156,2184,1986,3471
41,21333,21453,157,2187,1986,3482
41,21333,21453,158,2187,1986,3497
41,21333,21453,159,2189,1986,3509
41,21333,21453,160,2190,1986,3515
41,21333,21453,161,2192,1986,3512
41,21333,21453,162,2189,1985,3484
41,21333,21453,163,2176,1985,3372
41,21333,21453,164,2164,1985,3279
41,21333,21453,165,2146,1985,3176
41,21333,21453,166,2133,1984,3067
41,21333,21453,167,2114,1984,2935
41,21333,21453,168,2100,1983,2812
41,21333,21453,169,2080,1984,2677
41,21333,21453,170,2063,1983,2588
41,21333,21453,171,2043,1983,2419
41,21333,21453,172,2028,1982,2285
41,21333,21453,173,2005,1981,2086
41,21333,21453,174,1983,1981,1947
41,21333,21453,175,1962,1980,1808
41,21333,21453,176,1940,1980,1641
41,21333,21453,177,1914,1980,1493
41,21333,21453,178,1906,1981,1409
41,21333,21453,179,1891,1980,1267
41,21333,21453,180,1873,1982,1263
41,21333,21453,181,1865,1978,1051
41,21333,21453,182,1843,1979,920
41,21333,21453,183,1831,1979,787
41,21333,21453,184,1814,1978,674
41,21333,21453,185,1801,1977,537
41,21333,21453,186,1786,1975,414
41,21333,21453,187,1773,1975,290
41,21333,21453,188,1758,1974,212
41,21333,21453,189,1760,1974,226
41,21333,21453,190,1762,1974,241
41,21333,21453,191,1763,1974,254
41,21333,21453,192,1765,1975,267
41,21333,21453,193,1766,1975,282
41,21333,21453,194,1768,1975,297
41,21333,21453,195,1770,1975,313
41,21333,21453,196,1771,1975,326
41,21333,21453,197,1773,1976,341
41,21333,21453,198,1774,1976,356
41,21333,21453,199,1776,1976,368
41,21333,21453,200,1777,1976,384
41,21333,21453,201,1779,1976,394
41,21333,21453,202,1780,1976,411
41,21333,21453,203,1782,1976,425
41,21333,21453,204,1783,1976,440
41,21333,21453,205,1786,1977,465
41,21333,21453,206,1787,1977,467
41,21333,21453,207,1788,1976,481
41,21333,21453,208,1790,1976,492
41,21333,21453,209,1792,1977,512
41,21333,21453,210,1793,1978,524
41,21333,21453,211,1794,1978,545
41,21333,21453,212,1797,1978,551
41,21333,21453,213,1797,1978,568
41,21333,21453,214,1800,1978,579
41,21333,21453,215,1801,1977,593
41,21333,21453,216,1804,1979,610
41,21333,21453,217,1805,1978,625
41,21333,21453,218,1806,1978,636
41,21333,21453,219,1808,1978,652
41,21333,21453,220,1810,1979,671
41,21333,21453,221,1812,1978,681
41,21333,21453,222,1813,1978,696
41,21333,21453,223,1814,1978,708
41,21333,21453,224,1816,1979,721
41,21333,21453,225,1817,1979,739
41,21333,21453,226,1819,1979,749
41,21333,21453,227,1821,1979,764
41,21333,21453,228,1822,1979,779
41,21333,21453,229,1825,1979,793
41,21333,21453,230,1826,1980,808
41,21333,21453,231,1828,1980,823
41,21333,21453,232,1829,1980,833
41,21333,21453,233,1831,1980,850
41,21333,21453,234,1832,1980,865
41,21333,21453,235,1835,1980,879
41,21333,21453,236,1837,1980,892
41,21333,21453,237,1833,1980,908
41,21333,21453,238,1840,1979,921
41,21333,21453,239,1841,1980,937
41,21333,21453,240,1843,1980,951
41,21333,21453,241,1845,1980,968
41,21333,21453,242,1847,1980,979
41,21333,21453,243,1849,1980,993
41,21333,21453,244,1847,1980,1007
41,21333,21453,245,1852,1980,1023
41,21333,21453,246,1854,1979,1033
41,21333,21453,247,1856,1980,1049
41,21333,21453,248,1858,1980,1063
41,21333,21453,249,1859,1980,1076
41,21333,21453,250,1860,1980,1092
41,21333,21453,251,1863,1980,1106
41,21333,21453,252,1864,1980,1123
41,21333,21453,253,1866,1981,1134
41,21333,21453,254,1872,1981,1148
41,21333,21453,255,1869,1980,1163
41,21333,21453,256,1871,1980,1179
41,21333,21453,257,1873,1981,1192
41,21333,21453,258,1875,1981,1206
41,21333,21453,259,1876,1981,1218
41,21333,21453,260,1878,1981,1235
41,21333,21453,261,1880,1981,1257
41,21333,21453,262,1882,1980,1261
41,21333,21453,263,1884,1981,1277
41,21333,21453,264,1885,1981,1290
41,21333,21453,265,1887,1981,1306
41,21333,21453,266,1889,1981,1316
41,21333,21453,267,1889,1981,1333
41,21333,21453,268,1887,1981,1306
41,21333,21453,269,1886,1981,1291
41,21333,21453,270,1883,1981,1275
41,21333,21453,271,1882,1980,1262
41,21333,21453,272,1880,1981,1241
41,21333,21453,273,1878,1981,1236
41,21333,21453,274,1877,1980,1219
41,21333,21453,275,1875,1981,1200
41,21333,21453,276,1873,1980,1193
41,21333,21453,277,1871,1981,1177
41,21333,21453,278,1869,1980,1172
41,21333,21453,279,1867,1980,1150
41,21333,21453,280,1866,1980,1136
41,21333,21453,281,1864,1980,1119
41,21333,21453,282,1863,1980,1105
41,21333,21453,283,1861,1980,1092
41,21333,21453,284,1859,1980,1077
41,21333,21453,285,1858,1980,1066
41,21333,21453,286,1855,1980,1050
41,21333,21453,287,1854,1980,1034
41,21333,21453,288,1851,1980,1021
41,21333,21453,289,1850,1980,1005
41,21333,21453,290,1848,1980,992
41,21333,21453,291,1847,1980,979
41,21333,21453,292,1845,1980,963
41,21333,21453,293,1843,1980,951
41,21333,21453,294,1841,1980,934
41,21333,21453,295,1840,1979,922
41,21333,21453,296,1838,1980,907
41,21333,21453,297,1836,1980,894
41,21333,21453,298,1835,1979,874
41,21333,21453,299,1833,1979,865
41,21333,21453,300,1831,1979,852
41,21333,21453,301,1830,1979,834
41,21333,21453,302,1829,1980,822
41,21333,21453,303,1826,1979,807
41,21333,21453,304,1824,1979,795
41,21333,21453,305,1823,1979,778
41,21333,21453,306,1821,1979,767
41,21333,21453,307,1819,1979,750
41,21333,21453,308,1817,1979,739
41,21333,21453,309,1816,1978,723
41,21333,21453,310,1815,1978,709
41,21333,21453,311,1814,1978,694
41,21333,21453,312,1811,1978,681
41,21333,21453,313,1810,1978,668
41,21333,21453,314,1808,1977,653
41,21333,21453,315,1806,1978,637
41,21333,21453,316,1805,1978,624
41,21333,21453,317,1803,1978,612
41,21333,21453,318,1801,1978,596
41,21333,21453,319,1801,1977,581
41,21333,21453,320,1798,1977,567
41,21333,21453,321,1797,1977,551
41,21333,21453,322,1793,1977,538
41,21333,21453,323,1793,1977,524
41,21333,21453,324,1792,1977,509
41,21333,21453,325,1789,1977,494
41,21333,21453,326,1788,1977,484
41,21333,21453,327,1786,1976,467
41,21333,21453,328,1785,1976,465
41,21333,21453,329,1784,1976,441
41,21333,21453,330,1782,1976,420
41,21333,21453,331,1780,1976,412
41,21333,21453,332,1780,1976,395
41,21333,21453,333,1777,1976,380
41,21333,21453,334,1776,1976,369
41,21333,21453,335,1774,1976,352
41,21333,21453,336,1773,1976,342
41,21333,21453,337,1770,1975,326
41,21333,21453,338,1769,1974,311
41,21333,21453,339,1768,1975,294
41,21333,21453,340,1766,1975,284
41,21333,21453,341,1765,1974,268
41,21333,21453,342,1763,1974,257
41,21333,21453,343,1762,1974,240
41,21333,21453,344,1760,1973,226
41,21333,21453,345,1759,1974,211
41,21333,21453,346,1757,1974,200
41,21333,21453,347,1755,1973,187
41,21333,21453,348,1764,1975,264
41,21333,21453,349,1771,1976,337
41,21333,21453,350,1782,1977,448
41,21333,21453,351,1795,1978,546
41,21333,21453,352,1806,1979,651
41,21333,21453,353,1817,1979,754
41,21333,21453,354,1834,1980,869
41,21333,21453,355,1843,1980,1007
42,21509,21630,0,1995,2025,1150
42,21509,21630,1,1868,1982,1186
42,21509,21630,2,1881,1982,1276
42,21509,21630,3,1889,1982,1361
42,21509,21630,4,1908,1982,1469
42,21509,21630,5,1919,1983,1567
42,21509,21630,6,1936,1983,1707
42,21509,21630,7,1953,1984,1859
42,21509,21630,8,1976,1983,1950
42,21509,21630,9,1991,1984,2120
42,21509,21630,10,2010,1984,2242
42,21509,21630,11,2030,1985,2400
42,21509,21630,12,2048,1985,2546
42,21509,21630,13,2063,1985,2677
42,21509,21630,14,2087,1985,2822
42,21509,21630,15,2108,1985,2970
42,21509,21630,16,2127,1986,3113
42,21509,21630,17,2149,1985,3251
42,21509,21630,18,2165,1987,3402
42,21509,21630,19,2185,1986,3498
42,21509,21630,20,2185,1985,3487
42,21509,21630,21,2183,1985,3470
42,21509,21630,22,2185,1985,3474
42,21509,21630,23,2185,1985,3477
42,21509,21630,24,2183,1986,3466
42,21509,21630,25,2178,1985,3449
42,21509,21630,26,2179,1985,3432
42,21509,21630,27,2177,1986,3422
42,21509,21630,28,2175,1985,3409
42,21509,21630,29,2172,1986,3393
42,21509,21630,30,2171,1986,3382
42,21509,21630,31,2169,1986,3365
42,21509,21630,32,2164,1985,3350
42,21509,21630,33,2166,1986,3339
42,21509,21630,34,2162,1985,3323
42,21509,21630,35,2163,1985,3308
42,21509,21630,36,2159,1985,3295
42,21509,21630,37,2157,1985,3279
42,21509,21630,38,2154,1985,3264
42,21509,21630,39,2154,1984,3250
42,21509,21630,40,2151,1985,3238
42,21509,21630,41,2149,1985,3223
42,21509,21630,42,2148,1985,3201
42,21509,21630,43,2145,1985,3194
42,21509,21630,44,2143,1985,3183
42,21509,21630,45,2142,1985,3163
42,21509,21630,46,2139,1984,3149
42,21509,21630,47,2138,1985,3138
42,21509,21630,48,2135,1985,3130
42,21509,21630,49,2133,1985,3110
42,21509,21630,50,2132,1985,3095
42,21509,21630,51,2128,1984,3079
42,21509,21630,52,2128,1985,3067
42,21509,21630,53,2125,1985,3053
42,21509,21630,54,2124,1985,3036
42,21509,21630,55,2122,1985,3023
42,21509,21630,56,2120,1984,3011
42,21509,21630,57,2118,1984,2997
42,21509,21630,58,2115,1984,2980
42,21509,21630,59,2114,1984,2966
42,21509,21630,60,2112,1985,2955
42,21509,21630,61,2110,1984,2938
42,21509,21630,62,2108,1985,2924
42,21509,21630,63,2106,1985,2905
42,21509,21630,64,2104,1984,2898
42,21509,21630,65,2100,1984,2884
42,21509,21630,66,2100,1984,2864
42,21509,21630,67,2099,1985,2854
42,21509,21630,68,2096,1984,2840
42,21509,21630,69,2094,1984,2827
42,21509,21630,70,2092,1984,2817
42,21509,21630,71,2091,1984,2797
42,21509,21630,72,2089,1984,2784
42,21509,21630,73,2087,1984,2762
42,21509,21630,74,2084,1984,2755
42,21509,21630,75,2082,1985,2743
42,21509,21630,76,2081,1984,2728
42,21509,21630,77,2078,1984,2709
42,21509,21630,78,2077,1984,2698
42,21509,21630,79,2075,1984,2686
42,21509,21630,80,2073,1984,2669
42,21509,21630,81,2070,1984,2657
42,21509,21630,82,2070,1984,2644
42,21509,21630,83,2066,1984,2627
42,21509,21630,84,2065,1984,2612
42,21509,21630,85,2062,1984,2597
42,21509,21630,86,2061,1984,2581
42,21509,21630,87,2059,1984,2570
42,21509,21630,88,2057,1983,2555
42,21509,21630,89,2056,1983,2559
42,21509,21630,90,2060,1984,2568
42,21509,21630,91,2059,1984,2582
42,21509,21630,92,2063,1984,2599
42,21509,21630,93,2065,1984,2613
42,21509,21630,94,2066,1984,2627
42,21509,21630,95,2069,1984,2640
42,21509,21630,96,2070,1984,2655
42,21509,21630,97,2073,1984,2669
42,21509,21630,98,2075,1984,2688
42,21509,21630,99,2077,1985,2694
42,21509,21630,100,2078,1985,2711
42,21509,21630,101,2081,1985,2726
42,21509,21630,102,2082,1984,2742
42,21509,21630,103,2085,1984,2755
42,21509,21630,104,2086,1984,2768
42,21509,21630,105,2089,1985,2791
42,21509,21630,106,2091,1984,2797
42,21509,21630,107,2092,1985,2811
42,21509,21630,108,2093,1985,2822
42,21509,21630,109,2096,1984,2839
42,21509,21630,110,2098,1985,2855
42,21509,21630,111,2100,1984,2866
42,21509,21630,112,2100,1984,2881
42,21509,21630,113,2104,1984,2896
42,21509,21630,114,2105,1984,2907
42,21509,21630,115,2108,1985,2926
42,21509,21630,116,2109,1985,2938
42,21509,21630,117,2112,1985,2952
42,21509,21630,118,2113,1985,2956
42,21509,21630,119,2115,1985,2981
42,21509,21630,120,2117,1985,2994
42,21509,21630,121,2120,1985,3006
42,21509,21630,122,2120,1984,3022
42,21509,21630,123,2123,1985,3037
42,21509,21630,124,2125,1984,3051
42,21509,21630,125,2127,1985,3065
42,21509,21630,126,2130,1985,3077
42,21509,21630,127,2131,1985,3099
42,21509,21630,128,2133,1984,3108
42,21509,21630,129,2135,1985,3121
42,21509,21630,130,2138,1985,3137
42,21509,21630,131,2139,1985,3145
42,21509,21630,132,2140,1985,3166
42,21509,21630,133,2143,1985,3179
42,21509,21630,134,2145,1984,3193
42,21509,21630,135,2148,1986,3208
42,21509,21630,136,2149,1986,3225
42,21509,21630,137,2151,1985,3237
42,21509,21630,138,2153,1985,3249
42,21509,21630,139,2154,1985,3266
42,21509,21630,140,2156,1986,3283
42,21509,21630,141,2159,1985,3293
42,21509,21630,142,2161,1985,3307
42,21509,21630,143,2163,1985,3322
42,21509,21630,144,2165,1985,3338
42,21509,21630,145,2167,1985,3351
42,21509,21630,146,2169,1985,3367
42,21509,21630,147,2172,1985,3381
42,21509,21630,148,2173,1985,3395
42,21509,21630,149,2175,1985,3407
42,21509,21630,150,2176,1985,3422
42,21509,21630,151,2178,1985,3435
42,21509,21630,152,2180,1985,3450
42,21509,21630,153,2182,1986,3466
42,21509,21630,154,2184,1986,3477
42,21509,21630,155,2184,1985,3473
42,21509,21630,156,2184,1986,3472
42,21509,21630,157,2185,1986,3481
42,21509,21630,158,2187,1986,3496
42,21509,21630,159,2189,1986,3512
42,21509,21630,160,2190,1986,3516
42,21509,21630,161,2191,1985,3519
42,21509,21630,162,2189,1985,3481
42,21509,21630,163,2177,1984,3386
42,21509,21630,164,2161,1984,3281
42,21509,21630,165,2147,1984,3163
42,21509,21630,166,2132,1984,3050
42,21509,21630,167,2114,1984,2926
42,21509,21630,168,2098,1984,2803
42,21509,21630,169,2084,1984,2716
42,21509,21630,170,2067,1984,2612
42,21509,21630,171,2053,1983,2487
42,21509,21630,172,2038,1983,2363
42,21509,21630,173,2018,1984,2289
42,21509,21630,174,2005,1980,2110
42,21509,21630,175,1984,1982,1972
42,21509,21630,176,1965,1981,1838
42,21509,21630,177,1946,1981,1688
42,21509,21630,178,1933,1981,1592
42,21509,21630,179,1914,1980,1441
42,21509,21630,180,1894,1979,1307
42,21509,21630,181,1876,1979,1169
42,21509,21630,182,1859,1979,1080
42,21509,21630,183,1842,1979,889
42,21509,21630,184,1826,1979,758
42,21509,21630,185,1808,1977,605
42,21509,21630,186,1793,1976,464
42,21509,21630,187,1776,1975,317
42,21509,21630,188,1760,1973,214
42,21509,21630,189,1760,1974,227
42,21509,21630,190,1762,1975,241
42,21509,21630,191,1763,1975,291
42,21509,21630,192,1765,1975,268
42,21509,21630,193,1767,1975,284
42,21509,21630,194,1768,1974,287
42,21509,21630,195,1769,1975,312
42,21509,21630,196,1771,1975,328
42,21509,21630,197,1773,1975,341
42,21509,21630,198,1774,1975,353
42,21509,21630,199,1776,1976,368
42,21509,21630,200,1777,1976,387
42,21509,21630,201,1778,1976,397
42,21509,21630,202,1780,1976,412
42,21509,21630,203,1782,1976,424
42,21509,21630,204,1784,1976,438
42,21509,21630,205,1786,1977,456
42,21509,21630,206,1786,1977,470
42,21509,21630,207,1789,1977,481
42,21509,21630,208,1790,1976,497
42,21509,21630,209,1792,1977,510
42,21509,21630,210,1793,1977,525
42,21509,21630,211,1796,1977,538
42,21509,21630,212,1796,1978,553
42,21509,21630,213,1797,1977,571
42,21509,21630,214,1800,1978,581
42,21509,21630,215,1802,1979,596
42,21509,21630,216,1803,1978,616
42,21509,21630,217,1804,1978,625
42,21509,21630,218,1807,1978,638
42,21509,21630,219,1808,1979,653
42,21509,21630,220,1810,1978,666
42,21509,21630,221,1811,1978,684
42,21509,21630,222,1813,1979,692
42,21509,21630,223,1814,1979,709
42,21509,21630,224,1816,1979,724
42,21509,21630,225,1818,1979,737
42,21509,21630,226,1819,1979,751
42,21509,21630,227,1822,1979,765
42,21509,21630,228,1823,1979,777
42,21509,21630,229,1824,1979,793
42,21509,21630,230,1826,1979,808
42,21509,21630,231,1827,1979,819
42,21509,21630,232,1829,1979,838
42,21509,21630,233,1831,1979,852
42,21509,21630,234,1833,1980,868
42,21509,21630,235,1835,1979,879
42,21509,21630,236,1837,1979,893
42,21509,21630,237,1839,1979,911
42,21509,21630,238,1840,1980,925
42,21509,21630,239,1842,1980,939
42,21509,21630,240,1843,1980,945
42,21509,21630,241,1846,1980,964
42,21509,21630,242,1847,1980,979
42,21509,21630,243,1849,1980,990
42,21509,21630,244,1850,1980,1009
42,21509,21630,245,1852,1981,1020
42,21509,21630,246,1854,1980,1039
42,21509,21630,247,1856,1980,1050
42,21509,21630,248,1857,1980,1064
42,21509,21630,249,1859,1981,1105
42,21509,21630,250,1861,1981,1094
42,21509,21630,251,1862,1981,1106
42,21509,21630,252,1866,1980,1119
42,21509,21630,253,1867,1981,1138
42,21509,21630,254,1868,1981,1150
42,21509,21630,255,1870,1981,1161
42,21509,21630,256,1872,1981,1182
42,21509,21630,257,1874,1981,1194
42,21509,21630,258,1876,1980,1206
42,21509,21630,259,1877,1981,1224
42,21509,21630,260,1879,1980,1237
42,21509,21630,261,1881,1981,1249
42,21509,21630,262,1883,1981,1264
42,21509,21630,263,1884,1981,1277
42,21509,21630,264,1885,1981,1291
42,21509,21630,265,1887,1981,1307
42,21509,21630,266,1890,1981,1320
42,21509,21630,267,1889,1981,1320
42,21509,21630,268,1887,1981,1305
42,21509,21630,269,1887,1981,1290
42,21509,21630,270,1884,1981,1275
42,21509,21630,271,1883,1981,1261
42,21509,21630,272,1880,1981,1252
42,21509,21630,273,1878,1981,1234
42,21509,21630,274,1877,1980,1220
42,21509,21630,275,1875,1980,1202
42,21509,21630,276,1874,1980,1196
42,21509,21630,277,1872,1980,1175
42,21509,21630,278,1870,1980,1165
42,21509,21630,279,1868,1981,1150
42,21509,21630,280,1866,1981,1129
42,21509,21630,281,1864,1980,1124
42,21509,21630,282,1862,1981,1106
42,21509,21630,283,1862,1980,1078
42,21509,21630,284,1859,1980,1078
42,21509,21630,285,1858,1980,1064
42,21509,21630,286,1856,1980,1050
42,21509,21630,287,1853,1980,1040
42,21509,21630,288,1852,1980,1019
42,21509,21630,289,1850,1980,1009
42,21509,21630,290,1849,1980,992
42,21509,21630,291,1847,1979,981
42,21509,21630,292,1846,1979,968
42,21509,21630,293,1843,1979,951
42,21509,21630,294,1842,1979,929
42,21509,21630,295,1840,1980,923
42,21509,21630,296,1838,1980,908
42,21509,21630,297,1836,1979,898
42,21509,21630,298,1835,1979,878
42,21509,21630,299,1834,1979,866
42,21509,21630,300,1831,1979,844
42,21509,21630,301,1830,1980,838
42,21509,21630,302,1829,1979,824
42,21509,21630,303,1826,1980,810
42,21509,21630,304,1824,1979,795
42,21509,21630,305,1823,1979,778
42,21509,21630,306,1821,1979,767
42,21509,21630,307,1820,1979,750
42,21509,21630,308,1816,1979,737
42,21509,21630,309,1815,1979,722
42,21509,21630,310,1815,1978,706
42,21509,21630,311,1813,1979,694
42,21509,21630,312,1811,1978,680
42,21509,21630,313,1810,1978,672
42,21509,21630,314,1808,1978,654
42,21509,21630,315,1806,1978,638
42,21509,21630,316,1805,1978,625
42,21509,21630,317,1803,1978,608
42,21509,21630,318,1801,1978,595
42,21509,21630,319,1800,1978,581
42,21509,21630,320,1798,1978,563
42,21509,21630,321,1796,1977,554
42,21509,21630,322,1795,1978,539
42,21509,21630,323,1793,1977,527
42,21509,21630,324,1791,1977,509
42,21509,21630,325,1789,1977,495
42,21509,21630,326,1788,1977,487
42,21509,21630,327,1787,1976,466
42,21509,21630,328,1785,1977,451
42,21509,21630,329,1784,1977,441
42,21509,21630,330,1782,1976,426
42,21509,21630,331,1781,1976,412
42,21509,21630,332,1779,1976,397
42,21509,21630,333,1777,1976,384
42,21509,21630,334,1775,1976,370
42,21509,21630,335,1774,1975,354
42,21509,21630,336,1772,1976,340
42,21509,21630,337,1771,1976,331
42,21509,21630,338,1769,1975,312
42,21509,21630,339,1768,1975,297
42,21509,21630,340,1765,1975,283
42,21509,21630,341,1765,1975,273
42,21509,21630,342,1763,1974,258
42,21509,21630,343,1762,1974,241
42,21509,21630,344,1761,1973,227
42,21509,21630,345,1758,1974,213
42,21509,21630,346,1756,1973,198
42,21509,21630,347,1755,1973,182
42,21509,21630,348,1754,1973,175
42,21509,21630,349,1759,1974,197
42,21509,21630,350,1763,1975,282
42,21509,21630,351,1775,1977,420
42,21509,21630,352,1788,1977,514
42,21509,21630,353,1801,1978,634
42,21509,21630,354,1821,1981,788
42,21509,21630,355,1833,1980,901
43,21682,21803,0,1994,2024,1207
43,21682,21803,1,1880,1982,1280
43,21682,21803,2,1896,1982,1394
43,21682,21803,3,1914,1982,1515
43,21682,21803,4,1926,1983,1627
43,21682,21803,5,1944,1983,1762
43,21682,21803,6,1960,1983,1889
43,21682,21803,7,2001,1983,2036
43,21682,21803,8,1995,1984,2155
43,21682,21803,9,2012,1984,2278
43,21682,21803,10,2028,1984,2403
43,21682,21803,11,2046,1985,2505
43,21682,21803,12,2063,1984,2645
43,21682,21803,13,2080,1984,2764
43,21682,21803,14,2098,1985,2893
43,21682,21803,15,2113,1986,3018
43,21682,21803,16,2133,1986,3149
43,21682,21803,17,2152,1985,3281
43,21682,21803,18,2171,1986,3420
43,21682,21803,19,2187,1986,3491
43,21682,21803,20,2187,1985,3486
43,21682,21803,21,2184,1985,3471
43,21682,21803,22,2184,1985,3472
43,21682,21803,23,2184,1986,3477
43,21682,21803,24,2182,1985,3470
43,21682,21803,25,2181,1985,3452
43,21682,21803,26,2179,1985,3431
43,21682,21803,27,2177,1985,3420
43,21682,21803,28,2175,1985,3406
43,21682,21803,29,2172,1985,3397
43,21682,21803,30,2172,1985,3378
43,21682,21803,31,2168,1985,3369
43,21682,21803,32,2166,1985,3354
43,21682,21803,33,2165,1985,3336
43,21682,21803,34,2163,1985,3324
43,21682,21803,35,2161,1985,3307
43,21682,21803,36,2159,1985,3292
43,21682,21803,37,2157,1985,3280
43,21682,21803,38,2156,1985,3261
43,21682,21803,39,2152,1985,3252
43,21682,21803,40,2151,1985,3236
43,21682,21803,41,2148,1985,3220
43,21682,21803,42,2148,1985,3207
43,21682,21803,43,2145,1985,3192
43,21682,21803,44,2143,1985,3179
43,21682,21803,45,2142,1984,3169
43,21682,21803,46,2139,1985,3153
43,21682,21803,47,2138,1985,3137
43,21682,21803,48,2136,1985,3124
43,21682,21803,49,2133,1985,3114
43,21682,21803,50,2131,1985,3095
43,21682,21803,51,2130,1985,3081
43,21682,21803,52,2128,1985,3069
43,21682,21803,53,2126,1984,3055
43,21682,21803,54,2124,1985,3039
43,21682,21803,55,2122,1985,3020
43,21682,21803,56,2119,1984,3011
43,21682,21803,57,2118,1985,2994
43,21682,21803,58,2116,1984,2983
43,21682,21803,59,2113,1984,2965
43,21682,21803,60,2111,1984,2952
43,21682,21803,61,2110,1984,2936
43,21682,21803,62,2108,1984,2922
43,21682,21803,63,2105,1984,2911
43,21682,21803,64,2104,1984,2897
43,21682,21803,65,2103,1984,2885
43,21682,21803,66,2100,1983,2862
43,21682,21803,67,2098,1984,2857
43,21682,21803,68,2097,1984,2838
43,21682,21803,69,2094,1984,2825
43,21682,21803,70,2093,1983,2809
43,21682,21803,71,2088,1984,2795
43,21682,21803,72,2089,1984,2785
43,21682,21803,73,2087,1984,2769
43,21682,21803,74,2086,1984,2754
43,21682,21803,75,2082,1984,2742
43,21682,21803,76,2080,1983,2726
43,21682,21803,77,2078,1983,2708
43,21682,21803,78,2077,1984,2698
43,21682,21803,79,2075,1984,2685
43,21682,21803,80,2072,1984,2664
43,21682,21803,81,2070,1984,2658
43,21682,21803,82,2068,1984,2646
43,21682,21803,83,2067,1983,2626
43,21682,21803,84,2065,1984,2612
43,21682,21803,85,2064,1984,2597
43,21682,21803,86,2060,1983,2585
43,21682,21803,87,2059,1984,2569
43,21682,21803,88,2056,1983,2557
43,21682,21803,89,2057,1983,2553
43,21682,21803,90,2059,1984,2569
43,21682,21803,91,2061,1984,2582
43,21682,21803,92,2063,1984,2597
43,21682,21803,93,2065,1984,2613
43,21682,21803,94,2066,1984,2630
43,21682,21803,95,2069,1984,2642
43,21682,21803,96,2072,1984,2656
43,21682,21803,97,2072,1984,2672
43,21682,21803,98,2074,1984,2685
43,21682,21803,99,2076,1984,2695
43,21682,21803,100,2079,1985,2712
43,21682,21803,101,2081,1984,2725
43,21682,21803,102,2082,1984,2741
43,21682,21803,103,2083,1984,2754
43,21682,21803,104,2087,1984,2770
43,21682,21803,105,2088,1984,2784
43,21682,21803,106,2090,1984,2800
43,21682,21803,107,2092,1984,2811
43,21682,21803,108,2095,1984,2827
43,21682,21803,109,2096,1984,2846
43,21682,21803,110,2098,1984,2854
43,21682,21803,111,2100,1985,2866
43,21682,21803,112,2102,1984,2883
43,21682,21803,113,2104,1985,2897
43,21682,21803,114,2105,1984,2910
43,21682,21803,115,2107,1985,2923
43,21682,21803,116,2110,1984,2938
43,21682,21803,117,2112,1984,2951
43,21682,21803,118,2113,1984,2969
43,21682,21803,119,2116,1985,2979
43,21682,21803,120,2117,1985,2998
43,21682,21803,121,2120,1984,3008
43,21682,21803,122,2121,1984,3024
43,21682,21803,123,2124,1985,3035
43,21682,21803,124,2126,1985,3048
43,21682,21803,125,2126,1985,3065
43,21682,21803,126,2130,1985,3082
43,21682,21803,127,2131,1985,3094
43,21682,21803,128,2133,1985,3107
43,21682,21803,129,2134,1985,3125
43,21682,21803,130,2137,1985,3137
43,21682,21803,131,2139,1985,3152
43,21682,21803,132,2141,1985,3166
43,21682,21803,133,2143,1985,3180
43,21682,21803,134,2145,1985,3195
43,21682,21803,135,2147,1985,3207
43,21682,21803,136,2149,1985,3224
43,21682,21803,137,2152,1985,3239
43,21682,21803,138,2153,1985,3249
43,21682,21803,139,2154,1985,3265
43,21682,21803,140,2157,1985,3280
43,21682,21803,141,2158,1986,3296
43,21682,21803,142,2160,1985,3316
43,21682,21803,143,2163,1985,3326
43,21682,21803,144,2163,1985,3337
43,21682,21803,145,2167,1986,3348
43,21682,21803,146,2168,1985,3364
43,21682,21803,147,2170,1985,3379
43,21682,21803,148,2173,1986,3394
43,21682,21803,149,2175,1986,3405
43,21682,21803,150,2176,1985,3422
43,21682,21803,151,2180,1986,3437
43,21682,21803,152,2181,1986,3451
43,21682,21803,153,2184,1985,3464
43,21682,21803,154,2185,1985,3476
43,21682,21803,155,2184,1985,3471
43,21682,21803,156,2184,1985,3471
43,21682,21803,157,2184,1985,3486
43,21682,21803,158,2188,1987,3498
43,21682,21803,159,2189,1986,3511
43,21682,21803,160,2189,1985,3517
43,21682,21803,161,2191,1986,3518
43,21682,21803,162,2187,1986,3499
43,21682,21803,163,2177,1985,3389
43,21682,21803,164,2165,1985,3293
43,21682,21803,165,2148,1984,3179
43,21682,21803,166,2129,1983,3034
43,21682,21803,167,2113,1983,2930
43,21682,21803,168,2098,1983,2796
43,21682,21803,169,2081,1983,2678
43,21682,21803,170,2063,1982,2553
43,21682,21803,171,2044,1982,2424
43,21682,21803,172,2029,1982,2342
43,21682,21803,173,2009,1981,2148
43,21682,21803,174,1984,1981,1981
43,21682,21803,175,1961,1981,1799
43,21682,21803,176,1941,1980,1649
43,21682,21803,177,1921,1981,1500
43,21682,21803,178,1897,1980,1406
43,21682,21803,179,1888,1980,1278
43,21682,21803,180,1876,1980,1160
43,21682,21803,181,1859,1979,1031
43,21682,21803,182,1843,1979,905
43,21682,21803,183,1827,1978,808
43,21682,21803,184,1814,1977,674
43,21682,21803,185,1802,1977,533
43,21682,21803,186,1783,1976,404
43,21682,21803,187,1770,1974,252
43,21682,21803,188,1758,1973,214
43,21682,21803,189,1760,1974,223
43,21682,21803,190,1761,1974,235
43,21682,21803,191,1764,1975,256
43,21682,21803,192,1764,1974,268
43,21682,21803,193,1766,1975,281
43,21682,21803,194,1768,1975,261
43,21682,21803,195,1768,1975,311
43,21682,21803,196,1769,1975,319
43,21682,21803,197,1772,1975,341
43,21682,21803,198,1774,1976,353
43,21682,21803,199,1776,1976,368
43,21682,21803,200,1777,1976,385
43,21682,21803,201,1779,1976,393
43,21682,21803,202,1780,1977,411
43,21682,21803,203,1782,1976,426
43,21682,21803,204,1784,1977,436
43,21682,21803,205,1785,1976,454
43,21682,21803,206,1788,1977,476
43,21682,21803,207,1788,1976,483
43,21682,21803,208,1792,1977,497
43,21682,21803,209,1791,1977,513
43,21682,21803,210,1794,1977,524
43,21682,21803,211,1795,1977,537
43,21682,21803,212,1797,1977,552
43,21682,21803,213,1798,1977,566
43,21682,21803,214,1799,1978,581
43,21682,21803,215,1800,1978,595
43,21682,21803,216,1803,1978,607
43,21682,21803,217,1804,1978,623
43,21682,21803,218,1806,1978,640
43,21682,21803,219,1808,1978,653
43,21682,21803,220,1809,1978,665
43,21682,21803,221,1811,1978,679
43,21682,21803,222,1813,1978,693
43,21682,21803,223,1815,1978,708
43,21682,21803,224,1816,1978,724
43,21682,21803,225,1817,1979,738
43,21682,21803,226,1819,1979,753
43,21682,21803,227,1821,1979,767
43,21682,21803,228,1822,1979,781
43,21682,21803,229,1825,1979,795
43,21682,21803,230,1826,1979,809
43,21682,21803,231,1829,1979,823
43,21682,21803,232,1829,1980,839
43,21682,21803,233,1830,1979,851
43,21682,21803,234,1833,1979,865
43,21682,21803,235,1834,1979,881
43,21682,21803,236,1837,1980,893
43,21682,21803,237,1838,1979,907
43,21682,21803,238,1840,1979,923
43,21682,21803,239,1842,1980,934
43,21682,21803,240,1844,1979,948
43,21682,21803,241,1846,1980,966
43,21682,21803,242,1847,1980,981
43,21682,21803,243,1848,1980,997
43,21682,21803,244,1850,1979,1005
43,21682,21803,245,1852,1980,1024
43,21682,21803,246,1854,1980,1035
43,21682,21803,247,1855,1980,1018
43,21682,21803,248,1858,1981,1064
43,21682,21803,249,1859,1981,1077
43,21682,21803,250,1861,1980,1093
43,21682,21803,251,1863,1980,1103
43,21682,21803,252,1864,1981,1119
43,21682,21803,253,1866,1981,1133
43,21682,21803,254,1867,1980,1148
43,21682,21803,255,1869,1981,1160
43,21682,21803,256,1872,1980,1176
43,21682,21803,257,1872,1981,1193
43,21682,21803,258,1875,1981,1200
43,21682,21803,259,1877,1981,1215
43,21682,21803,260,1878,1981,1234
43,21682,21803,261,1881,1981,1251
43,21682,21803,262,1883,1981,1264
43,21682,21803,263,1884,1981,1277
43,21682,21803,264,1884,1981,1291
43,21682,21803,265,1887,1981,1306
43,21682,21803,266,1889,1980,1320
43,21682,21803,267,1890,1981,1322
43,21682,21803,268,1889,1981,1304
43,21682,21803,269,1886,1981,1290
43,21682,21803,270,1884,1981,1278
43,21682,21803,271,1882,1981,1263
43,21682,21803,272,1880,1981,1247
43,21682,21803,273,1878,1980,1235
43,21682,21803,274,1874,1981,1219
43,21682,21803,275,1875,1980,1211
43,21682,21803,276,1873,1981,1192
43,21682,21803,277,1871,1981,1179
43,21682,21803,278,1870,1980,1167
43,21682,21803,279,1868,1980,1147
43,21682,21803,280,1867,1981,1135
43,21682,21803,281,1864,1980,1126
43,21682,21803,282,1863,1980,1107
43,21682,21803,283,1863,1980,1101
43,21682,21803,284,1859,1980,1077
43,21682,21803,285,1857,1980,1072
43,21682,21803,286,1856,1980,1048
43,21682,21803,287,1853,1980,1033
43,21682,21803,288,1852,1980,1023
43,21682,21803,289,1851,1980,1008
43,21682,21803,290,1848,1980,995
43,21682,21803,291,1847,1980,979
43,21682,21803,292,1845,1980,966
43,21682,21803,293,1843,1980,948
43,21682,21803,294,1842,1980,936
43,21682,21803,295,1840,1979,923
43,21682,21803,296,1838,1979,910
43,21682,21803,297,1837,1980,898
43,21682,21803,298,1835,1980,880
43,21682,21803,299,1833,1980,866
43,21682,21803,300,1831,1979,851
43,21682,21803,301,1829,1979,835
43,21682,21803,302,1828,1979,823
43,21682,21803,303,1826,1979,801
43,21682,21803,304,1824,1979,793
43,21682,21803,305,1823,1979,779
43,21682,21803,306,1821,1978,767
43,21682,21803,307,1819,1978,747
43,21682,21803,308,1818,1979,737
43,21682,21803,309,1815,1979,722
43,21682,21803,310,1815,1979,710
43,21682,21803,311,1812,1978,693
43,21682,21803,312,1811,1979,679
43,21682,21803,313,1810,1978,664
43,21682,21803,314,1808,1978,653
43,21682,21803,315,1806,1978,637
43,21682,21803,316,1805,1978,624
43,21682,21803,317,1802,1978,613
43,21682,21803,318,1801,1977,596
43,21682,21803,319,1799,1977,579
43,21682,21803,320,1798,1977,565
43,21682,21803,321,1797,1977,551
43,21682,21803,322,1795,1977,538
43,21682,21803,323,1792,1977,523
43,21682,21803,324,1791,1977,508
43,21682,21803,325,1790,1977,494
43,21682,21803,326,1788,1976,480
43,21682,21803,327,1787,1976,469
43,21682,21803,328,1786,1977,456
43,21682,21803,329,1784,1976,442
43,21682,21803,330,1782,1976,424
43,21682,21803,331,1780,1976,404
43,21682,21803,332,1779,1976,398
43,21682,21803,333,1777,1976,381
43,21682,21803,334,1775,1975,374
43,21682,21803,335,1774,1976,351
43,21682,21803,336,1772,1975,349
43,21682,21803,337,1771,1975,323
43,21682,21803,338,1769,1975,313
43,21682,21803,339,1768,1975,295
43,21682,21803,340,1766,1975,284
43,21682,21803,341,1764,1975,273
43,21682,21803,342,1763,1974,255
43,21682,21803,343,1761,1974,242
43,21682,21803,344,1759,1974,232
43,21682,21803,345,1758,1974,211
43,21682,21803,346,1757,1974,214
43,21682,21803,347,1755,1973,183
43,21682,21803,348,1761,1975,258
43,21682,21803,349,1770,1976,354
43,21682,21803,350,1782,1976,437
43,21682,21803,351,1793,1978,541
43,21682,21803,352,1804,1979,661
43,21682,21803,353,1816,1979,761
43,21682,21803,354,1832,1980,886
43,21682,21803,355,1845,1980,973
44,21853,21974,0,1997,2023,1284
44,21853,21974,1,1886,1982,1340
44,21853,21974,2,1898,1982,1410
44,21853,21974,3,1913,1982,1484
44,21853,21974,4,1923,1982,1590
44,21853,21974,5,1936,1982,1701
44,21853,21974,6,1952,1983,1843
44,21853,21974,7,1969,1983,1948
44,21853,21974,8,1982,1984,2063
44,21853,21974,9,2004,1984,2196
44,21853,21974,10,2023,1984,2345
44,21853,21974,11,2042,1985,2479
44,21853,21974,12,2057,1985,2600
44,21853,21974,13,2076,1985,2766
44,21853,21974,14,2093,1985,2867
44,21853,21974,15,2111,1985,2929
44,21853,21974,16,2122,1985,3076
44,21853,21974,17,2141,1985,3196
44,21853,21974,18,2161,1985,3321
44,21853,21974,19,2178,1987,3424
44,21853,21974,20,2186,1985,3481
44,21853,21974,21,2184,1985,3472
44,21853,21974,22,2184,1985,3472
44,21853,21974,23,2185,1986,3476
44,21853,21974,24,2182,1985,3463
44,21853,21974,25,2181,1986,3448
44,21853,21974,26,2179,1985,3433
44,21853,21974,27,2178,1985,3423
44,21853,21974,28,2174,1985,3408
44,21853,21974,29,2174,1985,3394
44,21853,21974,30,2171,1985,3379
44,21853,21974,31,2169,1985,3366
44,21853,21974,32,2167,1985,3351
44,21853,21974,33,2165,1985,3337
44,21853,21974,34,2163,1985,3323
44,21853,21974,35,2163,1985,3306
44,21853,21974,36,2159,1985,3296
44,21853,21974,37,2158,1985,3279
44,21853,21974,38,2155,1985,3268
44,21853,21974,39,2153,1985,3252
44,21853,21974,40,2152,1985,3237
44,21853,21974,41,2148,1985,3223
44,21853,21974,42,2148,1985,3210
44,21853,21974,43,2144,1984,3195
44,21853,21974,44,2143,1985,3182
44,21853,21974,45,2141,1985,3159
44,21853,21974,46,2139,1985,3153
44,21853,21974,47,2137,1985,3138
44,21853,21974,48,2134,1985,3124
44,21853,21974,49,2133,1984,3110
44,21853,21974,50,2131,1984,3093
44,21853,21974,51,2129,1984,3081
44,21853,21974,52,2127,1984,3067
44,21853,21974,53,2126,1984,3056
44,21853,21974,54,2124,1984,3042
44,21853,21974,55,2122,1984,3025
44,21853,21974,56,2119,1984,3010
44,21853,21974,57,2118,1985,2994
44,21853,21974,58,2114,1984,2981
44,21853,21974,59,2114,1985,2970
44,21853,21974,60,2111,1984,2951
44,21853,21974,61,2110,1985,2937
44,21853,21974,62,2108,1984,2922
44,21853,21974,63,2106,1985,2911
44,21853,21974,64,2103,1984,2897
44,21853,21974,65,2102,1984,2880
44,21853,21974,66,2100,1984,2866
44,21853,21974,67,2099,1984,2853
44,21853,21974,68,2096,1984,2841
44,21853,21974,69,2093,1984,2824
44,21853,21974,70,2092,1984,2810
44,21853,21974,71,2092,1984,2795
44,21853,21974,72,2088,1984,2785
44,21853,21974,73,2086,1984,2768
44,21853,21974,74,2085,1985,2754
44,21853,21974,75,2082,1984,2732
44,21853,21974,76,2081,1984,2728
44,21853,21974,77,2078,1984,2709
44,21853,21974,78,2075,1984,2692
44,21853,21974,79,2074,1984,2683
44,21853,21974,80,2073,1984,2670
44,21853,21974,81,2070,1984,2657
44,21853,21974,82,2068,1983,2641
44,21853,21974,83,2068,1984,2624
44,21853,21974,84,2065,1984,2611
44,21853,21974,85,2064,1984,2597
44,21853,21974,86,2061,1983,2587
44,21853,21974,87,2060,1984,2568
44,21853,21974,88,2057,1984,2553
44,21853,21974,89,2057,1983,2558
44,21853,21974,90,2060,1984,2574
44,21853,21974,91,2061,1984,2624
44,21853,21974,92,2063,1984,2598
44,21853,21974,93,2065,1984,2612
44,21853,21974,94,2067,1984,2626
44,21853,21974,95,2069,1984,2641
44,21853,21974,96,2071,1984,2646
44,21853,21974,97,2073,1984,2670
44,21853,21974,98,2077,1984,2682
44,21853,21974,99,2077,1984,2697
44,21853,21974,100,2079,1984,2712
44,21853,21974,101,2081,1984,2725
44,21853,21974,102,2082,1984,2735
44,21853,21974,103,2085,1984,2752
44,21853,21974,104,2085,1984,2771
44,21853,21974,105,2088,1984,2785
44,21853,21974,106,2090,1984,2796
44,21853,21974,107,2092,1984,2809
44,21853,21974,108,2094,1984,2831
44,21853,21974,109,2096,1984,2837
44,21853,21974,110,2098,1984,2854
44,21853,21974,111,2100,1984,2866
44,21853,21974,112,2102,1985,2882
44,21853,21974,113,2103,1985,2895
44,21853,21974,114,2105,1984,2908
44,21853,21974,115,2107,1985,2922
44,21853,21974,116,2109,1984,2940
44,21853,21974,117,2112,1984,2975
44,21853,21974,118,2114,1985,2963
44,21853,21974,119,2113,1984,2982
44,21853,21974,120,2118,1984,3003
44,21853,21974,121,2119,1984,3008
44,21853,21974,122,2121,1984,3020
44,21853,21974,123,2123,1984,3040
44,21853,21974,124,2125,1985,3051
44,21853,21974,125,2128,1984,3067
44,21853,21974,126,2129,1984,3081
44,21853,21974,127,2131,1985,3094
44,21853,21974,128,2134,1984,3110
44,21853,21974,129,2134,1985,3125
44,21853,21974,130,2137,1985,3136
44,21853,21974,131,2140,1986,3150
44,21853,21974,132,2141,1985,3166
44,21853,21974,133,2144,1985,3180
44,21853,21974,134,2145,1985,3195
44,21853,21974,135,2147,1985,3207
44,21853,21974,136,2149,1985,3219
44,21853,21974,137,2151,1985,3235
44,21853,21974,138,2154,1985,3253
44,21853,21974,139,2155,1985,3266
44,21853,21974,140,2157,1985,3294
44,21853,21974,141,2159,1985,3295
44,21853,21974,142,2161,1985,3303
44,21853,21974,143,2163,1985,3331
44,21853,21974,144,2164,1985,3337
44,21853,21974,145,2168,1985,3350
44,21853,21974,146,2169,1985,3366
44,21853,21974,147,2170,1986,3379
44,21853,21974,148,2173,1986,3392
44,21853,21974,149,2174,1985,3408
44,21853,21974,150,2177,1986,3420
44,21853,21974,151,2178,1985,3434
44,21853,21974,152,2180,1985,3452
44,21853,21974,153,2184,1986,3462
44,21853,21974,154,2185,1985,3477
44,21853,21974,155,2185,1985,3473
44,21853,21974,156,2184,1985,3471
44,21853,21974,157,2186,1986,3485
44,21853,21974,158,2188,1986,3498
44,21853,21974,159,2188,1986,3509
44,21853,21974,160,2190,1986,3517
44,21853,21974,161,2191,1985,3516
44,21853,21974,162,2187,1985,3446
44,21853,21974,163,2168,1984,3315
44,21853,21974,164,2152,1984,3205
44,21853,21974,165,2136,1983,3076
44,21853,21974,166,2118,1983,2960
44,21853,21974,167,2100,1984,2826
44,21853,21974,168,2082,1983,2698
44,21853,21974,169,2064,1983,2558
44,21853,21974,170,2049,1983,2458
44,21853,21974,171,2029,1982,2334
44,21853,21974,172,2016,1982,2203
44,21853,21974,173,1997,1981,2043
44,21853,21974,174,1980,1982,1943
44,21853,21974,175,1963,1981,1837
44,21853,21974,176,1945,1981,1693
44,21853,21974,177,1927,1980,1558
44,21853,21974,178,1917,1980,1486
44,21853,21974,179,1902,1980,1368
44,21853,21974,180,1886,1980,1243
44,21853,21974,181,1871,1979,1116
44,21853,21974,182,1853,1979,988
44,21853,21974,183,1854,1979,870
44,21853,21974,184,1820,1979,716
44,21853,21974,185,1807,1977,588
44,21853,21974,186,1788,1977,473
44,21853,21974,187,1780,1976,362
44,21853,21974,188,1765,1974,242
44,21853,21974,189,1759,1974,226
44,21853,21974,190,1760,1975,239
44,21853,21974,191,1763,1974,257
44,21853,21974,192,1764,1975,270
44,21853,21974,193,1767,1975,283
44,21853,21974,194,1765,1975,294
44,21853,21974,195,1770,1975,313
44,21853,21974,196,1772,1975,325
44,21853,21974,197,1772,1975,341
44,21853,21974,198,1774,1975,352
44,21853,21974,199,1775,1976,364
44,21853,21974,200,1777,1976,388
44,21853,21974,201,1779,1977,396
44,21853,21974,202,1779,1976,415
44,21853,21974,203,1782,1977,426
44,21853,21974,204,1783,1977,438
44,21853,21974,205,1786,1977,455
44,21853,21974,206,1786,1977,468
44,21853,21974,207,1788,1977,481
44,21853,21974,208,1790,1977,495
44,21853,21974,209,1792,1977,502
44,21853,21974,210,1793,1977,523
44,21853,21974,211,1794,1978,537
44,21853,21974,212,1796,1978,554
44,21853,21974,213,1798,1977,567
44,21853,21974,214,1800,1978,585
44,21853,21974,215,1801,1978,594
44,21853,21974,216,1802,1978,608
44,21853,21974,217,1804,1978,622
44,21853,21974,218,1806,1978,640
44,21853,21974,219,1808,1979,653
44,21853,21974,220,1809,1978,668
44,21853,21974,221,1810,1978,675
44,21853,21974,222,1813,1979,692
44,21853,21974,223,1814,1978,710
44,21853,21974,224,1817,1979,724
44,21853,21974,225,1818,1979,736
44,21853,21974,226,1819,1979,752
44,21853,21974,227,1821,1978,763
44,21853,21974,228,1823,1979,786
44,21853,21974,229,1824,1979,798
44,21853,21974,230,1827,1979,808
44,21853,21974,231,1827,1979,824
44,21853,21974,232,1829,1979,835
44,21853,21974,233,1831,1978,851
44,21853,21974,234,1833,1980,866
44,21853,21974,235,1834,1979,879
44,21853,21974,236,1836,1980,891
44,21853,21974,237,1839,1980,911
44,21853,21974,238,1840,1980,920
44,21853,21974,239,1841,1979,935
44,21853,21974,240,1842,1979,949
44,21853,21974,241,1845,1980,966
44,21853,21974,242,1847,1980,978
44,21853,21974,243,1848,1980,993
44,21853,21974,244,1849,1980,1007
44,21853,21974,245,1852,1980,1021
44,21853,21974,246,1853,1980,1026
44,21853,21974,247,1855,1980,1048
44,21853,21974,248,1856,1980,1062
44,21853,21974,249,1859,1980,1082
44,21853,21974,250,1861,1980,1092
44,21853,21974,251,1860,1981,1104
44,21853,21974,252,1864,1981,1125
44,21853,21974,253,1866,1980,1134
44,21853,21974,254,1868,1981,1149
44,21853,21974,255,1869,1980,1162
44,21853,21974,256,1872,1981,1177
44,21853,21974,257,1873,1981,1192
44,21853,21974,258,1874,1981,1205
44,21853,21974,259,1877,1981,1220
44,21853,21974,260,1878,1981,1236
44,21853,21974,261,1880,1981,1255
44,21853,21974,262,1882,1981,1262
44,21853,21974,263,1883,1981,1276
44,21853,21974,264,1885,1980,1297
44,21853,21974,265,1888,1981,1306
44,21853,21974,266,1889,1981,1321
44,21853,21974,267,1889,1981,1315
44,21853,21974,268,1888,1981,1303
44,21853,21974,269,1885,1980,1293
44,21853,21974,270,1884,1980,1278
44,21853,21974,271,1882,1981,1263
44,21853,21974,272,1880,1981,1247
44,21853,21974,273,1878,1981,1240
44,21853,21974,274,1877,1981,1221
44,21853,21974,275,1874,1980,1207
44,21853,21974,276,1873,1980,1194
44,21853,21974,277,1872,1980,1178
44,21853,21974,278,1870,1980,1163
44,21853,21974,279,1868,1981,1157
44,21853,21974,280,1865,1980,1133
44,21853,21974,281,1864,1980,1121
44,21853,21974,282,1861,1980,1107
44,21853,21974,283,1861,1981,1090
44,21853,21974,284,1859,1980,1077
44,21853,21974,285,1858,1981,1060
44,21853,21974,286,1855,1980,1049
44,21853,21974,287,1854,1980,1034
44,21853,21974,288,1853,1980,1022
44,21853,21974,289,1850,1980,1009
44,21853,21974,290,1848,1980,995
44,21853,21974,291,1847,1979,976
44,21853,21974,292,1845,1979,962
44,21853,21974,293,1843,1980,950
44,21853,21974,294,1843,1980,936
44,21853,21974,295,1839,1979,917
44,21853,21974,296,1838,1980,907
44,21853,21974,297,1836,1979,890
44,21853,21974,298,1835,1979,879
44,21853,21974,299,1832,1979,862
44,21853,21974,300,1831,1980,850
44,21853,21974,301,1829,1979,854
44,21853,21974,302,1828,1979,824
44,21853,21974,303,1827,1979,807
44,21853,21974,304,1825,1979,796
44,21853,21974,305,1823,1978,779
44,21853,21974,306,1821,1979,767
44,21853,21974,307,1820,1978,747
44,21853,21974,308,1818,1979,738
44,21853,21974,309,1816,1978,724
44,21853,21974,310,1814,1978,708
44,21853,21974,311,1813,1978,695
44,21853,21974,312,1811,1977,684
44,21853,21974,313,1809,1979,667
44,21853,21974,314,1807,1977,653
44,21853,21974,315,1807,1978,639
44,21853,21974,316,1804,1977,624
44,21853,21974,317,1804,1978,614
44,21853,21974,318,1800,1978,594
44,21853,21974,319,1801,1978,575
44,21853,21974,320,1798,1978,568
44,21853,21974,321,1797,1977,551
44,21853,21974,322,1795,1977,538
44,21853,21974,323,1793,1977,522
44,21853,21974,324,1792,1977,512
44,21853,21974,325,1790,1977,496
44,21853,21974,326,1788,1977,482
44,21853,21974,327,1787,1976,467
44,21853,21974,328,1785,1976,454
44,21853,21974,329,1784,1976,440
44,21853,21974,330,1782,1976,425
44,21853,21974,331,1781,1976,409
44,21853,21974,332,1779,1976,395
44,21853,21974,333,1777,1976,384
44,21853,21974,334,1776,1976,366
44,21853,21974,335,1773,1975,353
44,21853,21974,336,1773,1975,347
44,21853,21974,337,1770,1975,324
44,21853,21974,338,1770,1975,311
44,21853,21974,339,1768,1974,293
44,21853,21974,340,1766,1974,285
44,21853,21974,341,1765,1975,276
44,21853,21974,342,1763,1974,253
44,21853,21974,343,1761,1974,242
44,21853,21974,344,1760,1974,228
44,21853,21974,345,1759,1974,210
44,21853,21974,346,1756,1973,197
44,21853,21974,347,1754,1974,183
44,21853,21974,348,1755,1973,183
44,21853,21974,349,1762,1975,247
44,21853,21974,350,1772,1976,334
44,21853,21974,351,1781,1977,435
44,21853,21974,352,1793,1978,553
44,21853,21974,353,1800,1979,662
44,21853,21974,354,1820,1979,781
44,21853,21974,355,1833,1980,916
45,22027,22148,0,1993,2023,1126
45,22027,22148,1,1870,1983,1209
45,22027,22148,2,1883,1982,1304
45,22027,22148,3,1897,1983,1402
45,22027,22148,4,1910,1983,1522
45,22027,22148,5,1928,1983,1654
45,22027,22148,6,1944,1983,1775
45,22027,22148,7,1963,1983,1894
45,22027,22148,8,1981,1984,2036
45,22027,22148,9,1999,1985,2163
45,22027,22148,10,2020,1984,2307
45,22027,22148,11,2035,1985,2439
45,22027,22148,12,2055,1984,2569
45,22027,22148,13,2070,1985,2698
45,22027,22148,14,2088,1985,2840
45,22027,22148,15,2110,1986,2986
45,22027,22148,16,2131,1986,3165
45,22027,22148,17,2155,1986,3326
45,22027,22148,18,2177,1987,3477
45,22027,22148,19,2186,1986,3496
45,22027,22148,20,2186,1985,3484
45,22027,22148,21,2184,1986,3471
45,22027,22148,22,2184,1985,3472
45,22027,22148,23,2184,1986,3476
45,22027,22148,24,2183,1985,3464
45,22027,22148,25,2180,1986,3448
45,22027,22148,26,2179,1986,3436
45,22027,22148,27,2176,1985,3421
45,22027,22148,28,2175,1985,3408
45,22027,22148,29,2171,1985,3392
45,22027,22148,30,2171,1985,3378
45,22027,22148,31,2169,1985,3365
45,22027,22148,32,2167,1986,3349
45,22027,22148,33,2165,1986,3335
45,22027,22148,34,2163,1985,3322
45,22027,22148,35,2161,1985,3308
45,22027,22148,36,2159,1985,3294
45,22027,22148,37,2157,1985,3276
45,22027,22148,38,2154,1985,3263
45,22027,22148,39,2154,1986,3252
45,22027,22148,40,2151,1985,3240
45,22027,22148,41,2149,1984,3224
45,22027,22148,42,2147,1985,3209
45,22027,22148,43,2145,1985,3196
45,22027,22148,44,2143,1985,3179
45,22027,22148,45,2140,1985,3165
45,22027,22148,46,2140,1985,3151
45,22027,22148,47,2137,1985,3137
45,22027,22148,48,2135,1985,3122
45,22027,22148,49,2134,1986,3110
45,22027,22148,50,2131,1985,3095
45,22027,22148,51,2131,1985,3072
45,22027,22148,52,2127,1985,3062
45,22027,22148,53,2126,1984,3053
45,22027,22148,54,2123,1984,3038
45,22027,22148,55,2121,1984,3024
45,22027,22148,56,2119,1984,3009
45,22027,22148,57,2117,1984,2993
45,22027,22148,58,2116,1984,2984
45,22027,22148,59,2113,1984,2963
45,22027,22148,60,2111,1984,2951
45,22027,22148,61,2110,1984,2940
45,22027,22148,62,2107,1985,2922
45,22027,22148,63,2106,1984,2912
45,22027,22148,64,2103,1984,2897
45,22027,22148,65,2100,1985,2884
45,22027,22148,66,2102,1985,2866
45,22027,22148,67,2098,1984,2850
45,22027,22148,68,2096,1984,2838
45,22027,22148,69,2094,1984,2824
45,22027,22148,70,2092,1984,2814
45,22027,22148,71,2090,1984,2795
45,22027,22148,72,2089,1983,2782
45,22027,22148,73,2086,1983,2769
45,22027,22148,74,2084,1984,2757
45,22027,22148,75,2082,1984,2738
45,22027,22148,76,2080,1984,2725
45,22027,22148,77,2078,1984,2713
45,22027,22148,78,2078,1984,2698
45,22027,22148,79,2074,1984,2683
45,22027,22148,80,2073,1984,2673
45,22027,22148,81,2069,1984,2657
45,22027,22148,82,2068,1984,2643
45,22027,22148,83,2066,1983,2625
45,22027,22148,84,2065,1984,2609
45,22027,22148,85,2063,1984,2598
45,22027,22148,86,2060,1983,2585
45,22027,22148,87,2060,1984,2575
45,22027,22148,88,2058,1983,2557
45,22027,22148,89,2057,1984,2557
45,22027,22148,90,2059,1984,2570
45,22027,22148,91,2061,1984,2586
45,22027,22148,92,2062,1984,2597
45,22027,22148,93,2065,1984,2613
45,22027,22148,94,2066,1983,2628
45,22027,22148,95,2070,1984,2637
45,22027,22148,96,2071,1984,2655
45,22027,22148,97,2072,1984,2672
45,22027,22148,98,2074,1984,2681
45,22027,22148,99,2076,1984,2697
45,22027,22148,100,2079,1984,2711
45,22027,22148,101,2080,1984,2723
45,22027,22148,102,2082,1984,2736
45,22027,22148,103,2084,1984,2753
45,22027,22148,104,2086,1984,2768
45,22027,22148,105,2088,1984,2784
45,22027,22148,106,2090,1985,2797
45,22027,22148,107,2092,1985,2811
45,22027,22148,108,2095,1985,2826
45,22027,22148,109,2096,1985,2843
45,22027,22148,110,2098,1985,2859
45,22027,22148,111,2098,1984,2867
45,22027,22148,112,2102,1984,2878
45,22027,22148,113,2104,1985,2897
45,22027,22148,114,2105,1985,2910
45,22027,22148,115,2108,1985,2924
45,22027,22148,116,2110,1984,2940
45,22027,22148,117,2111,1985,2952
45,22027,22148,118,2113,1984,2966
45,22027,22148,119,2116,1985,2979
45,22027,22148,120,2118,1984,2996
45,22027,22148,121,2119,1985,3008
45,22027,22148,122,2121,1984,3026
45,22027,22148,123,2123,1985,3037
45,22027,22148,124,2125,1985,3053
45,22027,22148,125,2128,1984,3067
45,22027,22148,126,2129,1985,3080
45,22027,22148,127,2132,1985,3094
45,22027,22148,128,2134,1985,3106
45,22027,22148,129,2135,1985,3124
45,22027,22148,130,2138,1985,3137
45,22027,22148,131,2139,1985,3152
45,22027,22148,132,2142,1985,3167
45,22027,22148,133,2143,1984,3183
45,22027,22148,134,2146,1985,3195
45,22027,22148,135,2147,1985,3206
45,22027,22148,136,2149,1985,3225
45,22027,22148,137,2151,1984,3240
45,22027,22148,138,2153,1985,3250
45,22027,22148,139,2155,1985,3265
45,22027,22148,140,2158,1985,3278
45,22027,22148,141,2158,1986,3295
45,22027,22148,142,2160,1985,3307
45,22027,22148,143,2163,1985,3320
45,22027,22148,144,2164,1986,3338
45,22027,22148,145,2166,1986,3348
45,22027,22148,146,2169,1986,3367
45,22027,22148,147,2171,1986,3383
45,22027,22148,148,2173,1986,3391
45,22027,22148,149,2176,1986,3421
45,22027,22148,150,2174,1985,3423
45,22027,22148,151,2179,1986,3435
45,22027,22148,152,2181,1986,3449
45,22027,22148,153,2183,1986,3467
45,22027,22148,154,2184,1985,3477
45,22027,22148,155,2184,1985,3472
45,22027,22148,156,2184,1986,3472
45,22027,22148,157,2186,1986,3485
45,22027,22148,158,2187,1986,3500
45,22027,22148,159,2188,1986,3508
45,22027,22148,160,2189,1986,3517
45,22027,22148,161,2191,1985,3516
45,22027,22148,162,2185,1985,3463
45,22027,22148,163,2174,1985,3410
45,22027,22148,164,2165,1985,3328
45,22027,22148,165,2159,1985,3246
45,22027,22148,166,2142,1985,3138
45,22027,22148,167,2129,1984,3073
45,22027,22148,168,2112,1983,2917
45,22027,22148,169,2096,1984,2808
45,22027,22148,170,2077,1983,2656
45,22027,22148,171,2060,1982,2507
45,22027,22148,172,2039,1982,2355
45,22027,22148,173,2020,1982,2209
45,22027,22148,174,1997,1982,2060
45,22027,22148,175,1977,1981,1884
45,22027,22148,176,1956,1981,1760
45,22027,22148,177,1934,1980,1612
45,22027,22148,178,1924,1981,1527
45,22027,22148,179,1904,1981,1395
45,22027,22148,180,1889,1980,1272
45,22027,22148,181,1871,1980,1132
45,22027,22148,182,1857,1980,992
45,22027,22148,183,1837,1979,869
45,22027,22148,184,1824,1978,737
45,22027,22148,185,1805,1977,589
45,22027,22148,186,1792,1976,452
45,22027,22148,187,1774,1975,309
45,22027,22148,188,1758,1973,214
45,22027,22148,189,1761,1974,225
45,22027,22148,190,1761,1975,238
45,22027,22148,191,1763,1975,253
45,22027,22148,192,1765,1975,269
45,22027,22148,193,1766,1974,285
45,22027,22148,194,1769,1975,298
45,22027,22148,195,1769,1975,309
45,22027,22148,196,1771,1976,326
45,22027,22148,197,1773,1975,335
45,22027,22148,198,1775,1976,353
45,22027,22148,199,1776,1975,372
45,22027,22148,200,1778,1976,383
45,22027,22148,201,1780,1976,398
45,22027,22148,202,1780,1976,409
45,22027,22148,203,1782,1976,425
45,22027,22148,204,1785,1977,441
45,22027,22148,205,1785,1976,446
45,22027,22148,206,1787,1977,473
45,22027,22148,207,1789,1977,483
45,22027,22148,208,1790,1977,496
45,22027,22148,209,1792,1977,509
45,22027,22148,210,1794,1977,524
45,22027,22148,211,1796,1977,536
45,22027,22148,212,1797,1978,555
45,22027,22148,213,1798,1978,567
45,22027,22148,214,1800,1977,580
45,22027,22148,215,1802,1978,593
45,22027,22148,216,1803,1978,609
45,22027,22148,217,1805,1978,623
45,22027,22148,218,1806,1978,634
45,22027,22148,219,1808,1978,655
45,22027,22148,220,1810,1979,665
45,22027,22148,221,1812,1978,676
45,22027,22148,222,1813,1979,695
45,22027,22148,223,1814,1979,708
45,22027,22148,224,1816,1979,723
45,22027,22148,225,1817,1979,739
45,22027,22148,226,1819,1979,751
45,22027,22148,227,1821,1979,765
45,22027,22148,228,1824,1979,777
45,22027,22148,229,1824,1979,794
45,22027,22148,230,1827,1979,808
45,22027,22148,231,1829,1979,818
45,22027,22148,232,1830,1979,835
45,22027,22148,233,1831,1979,852
45,22027,22148,234,1833,1980,867
45,22027,22148,235,1835,1980,882
45,22027,22148,236,1837,1980,892
45,22027,22148,237,1838,1980,907
45,22027,22148,238,1840,1980,934
45,22027,22148,239,1841,1980,935
45,22027,22148,240,1843,1980,949
45,22027,22148,241,1845,1979,962
45,22027,22148,242,1846,1980,979
45,22027,22148,243,1850,1980,991
45,22027,22148,244,1850,1980,1005
45,22027,22148,245,1852,1981,1021
45,22027,22148,246,1853,1979,1037
45,22027,22148,247,1857,1980,1048
45,22027,22148,248,1858,1980,1065
45,22027,22148,249,1859,1980,1079
45,22027,22148,250,1861,1980,1091
45,22027,22148,251,1863,1980,1105
45,22027,22148,252,1864,1980,1119
45,22027,22148,253,1866,1980,1136
45,22027,22148,254,1868,1980,1148
45,22027,22148,255,1870,1981,1161
45,22027,22148,256,1871,1981,1180
45,22027,22148,257,1874,1980,1191
45,22027,22148,258,1875,1981,1211
45,22027,22148,259,1877,1981,1218
45,22027,22148,260,1879,1980,1233
45,22027,22148,261,1880,1981,1250
45,22027,22148,262,1883,1981,1264
45,22027,22148,263,1884,1981,1275
45,22027,22148,264,1886,1982,1287
45,22027,22148,265,1888,1981,1304
45,22027,22148,266,1889,1981,1318
45,22027,22148,267,1889,1981,1330
45,22027,22148,268,1887,1981,1307
45,22027,22148,269,1885,1981,1293
45,22027,22148,270,1884,1981,1276
45,22027,22148,271,1882,1981,1265
45,22027,22148,272,1880,1981,1243
45,22027,22148,273,1878,1980,1234
45,22027,22148,274,1877,1980,1221
45,22027,22148,275,1876,1981,1207
45,22027,22148,276,1874,1981,1191
45,22027,22148,277,1871,1981,1177
45,22027,22148,278,1870,1981,1159
45,22027,22148,279,1867,1981,1149
45,22027,22148,280,1866,1980,1135
45,22027,22148,281,1864,1980,1120
45,22027,22148,282,1864,1980,1109
45,22027,22148,283,1861,1980,1093
45,22027,22148,284,1858,1980,1081
45,22027,22148,285,1857,1980,1064
45,22027,22148,286,1855,1980,1050
45,22027,22148,287,1854,1980,1035
45,22027,22148,288,1852,1980,1020
45,22027,22148,289,1850,1979,1005
45,22027,22148,290,1850,1980,994
45,22027,22148,291,1847,1979,975
45,22027,22148,292,1847,1980,965
45,22027,22148,293,1842,1979,949
45,22027,22148,294,1842,1980,936
45,22027,22148,295,1839,1980,924
45,22027,22148,296,1839,1980,906
45,22027,22148,297,1837,1979,897
45,22027,22148,298,1836,1979,879
45,22027,22148,299,1833,1980,864
45,22027,22148,300,1831,1979,849
45,22027,22148,301,1829,1979,835
45,22027,22148,302,1828,1979,822
45,22027,22148,303,1826,1979,809
45,22027,22148,304,1824,1979,796
45,22027,22148,305,1822,1979,781
45,22027,22148,306,1821,1978,766
45,22027,22148,307,1820,1979,749
45,22027,22148,308,1818,1978,739
45,22027,22148,309,1817,1978,723
45,22027,22148,310,1814,1979,709
45,22027,22148,311,1813,1979,696
45,22027,22148,312,1812,1978,682
45,22027,22148,313,1811,1978,668
45,22027,22148,314,1808,1978,653
45,22027,22148,315,1807,1978,639
45,22027,22148,316,1805,1978,624
45,22027,22148,317,1803,1978,608
45,22027,22148,318,1799,1978,597
45,22027,22148,319,1800,1978,580
45,22027,22148,320,1797,1977,568
45,22027,22148,321,1797,1977,550
45,22027,22148,322,1794,1977,541
45,22027,22148,323,1793,1977,525
45,22027,22148,324,1792,1977,510
45,22027,22148,325,1790,1976,495
45,22027,22148,326,1789,1976,479
45,22027,22148,327,1787,1976,470
45,22027,22148,328,1786,1976,456
45,22027,22148,329,1784,1976,444
45,22027,22148,330,1783,1976,424
45,22027,22148,331,1780,1976,411
45,22027,22148,332,1780,1976,395
45,22027,22148,333,1777,1976,386
45,22027,22148,334,1775,1975,364
45,22027,22148,335,1774,1975,353
45,22027,22148,336,1772,1975,342
45,22027,22148,337,1771,1975,331
45,22027,22148,338,1769,1975,313
45,22027,22148,339,1768,1975,293
45,22027,22148,340,1766,1974,281
45,22027,22148,341,1765,1975,269
45,22027,22148,342,1762,1974,245
45,22027,22148,343,1762,1974,241
45,22027,22148,344,1759,1974,225
45,22027,22148,345,1759,1974,214
45,22027,22148,346,1756,1973,196
45,22027,22148,347,1755,1974,182
45,22027,22148,348,1754,1973,172
45,22027,22148,349,1761,1975,246
45,22027,22148,350,1770,1975,333
45,22027,22148,351,1781,1977,451
45,22027,22148,352,1792,1977,535
45,22027,22148,353,1806,1978,637
45,22027,22148,354,1816,1980,768
45,22027,22148,355,1834,1980,900
46,22205,22326,0,2002,2028,1232
46,22205,22326,1,1880,1983,1291
46,22205,22326,2,1892,1982,1361
46,22205,22326,3,1905,1982,1466
46,22205,22326,4,1917,1983,1570
46,22205,22326,5,1935,1983,1687
46,22205,22326,6,1949,1983,1805
46,22205,22326,7,1963,1983,1898
46,22205,22326,8,1979,1983,1991
46,22205,22326,9,1989,1983,2106
46,22205,22326,10,2009,1984,2245
46,22205,22326,11,2023,1983,2347
46,22205,22326,12,2041,1984,2484
46,22205,22326,13,2058,1984,2616
46,22205,22326,14,2079,1985,2762
46,22205,22326,15,2099,1986,2903
46,22205,22326,16,2118,1985,3049
46,22205,22326,17,2138,1986,3200
46,22205,22326,18,2159,1986,3347
46,22205,22326,19,2179,1987,3481
46,22205,22326,20,2186,1985,3484
46,22205,22326,21,2184,1985,3472
46,22205,22326,22,2184,1985,3472
46,22205,22326,23,2184,1986,3477
46,22205,22326,24,2184,1986,3462
46,22205,22326,25,2179,1985,3454
46,22205,22326,26,2180,1985,3436
46,22205,22326,27,2176,1985,3420
46,22205,22326,28,2175,1985,3408
46,22205,22326,29,2172,1985,3389
46,22205,22326,30,2171,1986,3380
46,22205,22326,31,2168,1985,3365
46,22205,22326,32,2167,1985,3345
46,22205,22326,33,2165,1985,3335
46,22205,22326,34,2162,1986,3321
46,22205,22326,35,2161,1985,3308
46,22205,22326,36,2159,1985,3293
46,22205,22326,37,2158,1985,3266
46,22205,22326,38,2155,1985,3267
46,22205,22326,39,2153,1985,3250
46,22205,22326,40,2150,1985,3237
46,22205,22326,41,2149,1985,3225
46,22205,22326,42,2147,1985,3212
46,22205,22326,43,2146,1985,3193
46,22205,22326,44,2143,1985,3170
46,22205,22326,45,2141,1985,3168
46,22205,22326,46,2137,1985,3151
46,22205,22326,47,2138,1985,3136
46,22205,22326,48,2135,1985,3122
46,22205,22326,49,2134,1985,3107
46,22205,22326,50,2130,1984,3094
46,22205,22326,51,2130,1984,3086
46,22205,22326,52,2127,1984,3068
46,22205,22326,53,2126,1984,3051
46,22205,22326,54,2123,1985,3041
46,22205,22326,55,2121,1984,3023
46,22205,22326,56,2121,1984,3012
46,22205,22326,57,2117,1984,3000
46,22205,22326,58,2116,1984,2981
46,22205,22326,59,2113,1984,2965
46,22205,22326,60,2113,1985,2952
46,22205,22326,61,2110,1984,2937
46,22205,22326,62,2108,1985,2923
46,22205,22326,63,2105,1985,2911
46,22205,22326,64,2105,1985,2885
46,22205,22326,65,2102,1984,2886
46,22205,22326,66,2099,1984,2869
46,22205,22326,67,2098,1984,2847
46,22205,22326,68,2095,1984,2838
46,22205,22326,69,2094,1984,2828
46,22205,22326,70,2092,1984,2809
46,22205,22326,71,2090,1984,2795
46,22205,22326,72,2088,1984,2778
46,22205,22326,73,2087,1984,2769
46,22205,22326,74,2084,1984,2757
46,22205,22326,75,2082,1983,2735
46,22205,22326,76,2080,1984,2725
46,22205,22326,77,2079,1984,2712
46,22205,22326,78,2076,1984,2701
46,22205,22326,79,2075,1984,2686
46,22205,22326,80,2072,1984,2669
46,22205,22326,81,2071,1984,2659
46,22205,22326,82,2069,1984,2643
46,22205,22326,83,2067,1984,2626
46,22205,22326,84,2065,1984,2615
46,22205,22326,85,2063,1984,2599
46,22205,22326,86,2063,1984,2588
46,22205,22326,87,2059,1983,2569
46,22205,22326,88,2057,1984,2558
46,22205,22326,89,2056,1984,2556
46,22205,22326,90,2059,1984,2568
46,22205,22326,91,2060,1984,2585
46,22205,22326,92,2065,1983,2599
46,22205,22326,93,2065,1984,2610
46,22205,22326,94,2067,1984,2628
46,22205,22326,95,2068,1984,2639
46,22205,22326,96,2070,1984,2653
46,22205,22326,97,2072,1984,2680
46,22205,22326,98,2075,1984,2684
46,22205,22326,99,2076,1984,2696
46,22205,22326,100,2077,1984,2710
46,22205,22326,101,2081,1984,2724
46,22205,22326,102,2082,1984,2740
46,22205,22326,103,2085,1984,2741
46,22205,22326,104,2086,1984,2767
46,22205,22326,105,2088,1984,2782
46,22205,22326,106,2090,1985,2798
46,22205,22326,107,2092,1984,2811
46,22205,22326,108,2094,1984,2824
46,22205,22326,109,2096,1985,2840
46,22205,22326,110,2097,1984,2851
46,22205,22326,111,2100,1985,2866
46,22205,22326,112,2102,1984,2881
46,22205,22326,113,2104,1985,2905
46,22205,22326,114,2105,1984,2912
46,22205,22326,115,2109,1984,2924
46,22205,22326,116,2111,1985,2936
46,22205,22326,117,2112,1985,2951
46,22205,22326,118,2113,1985,2967
46,22205,22326,119,2116,1985,2980
46,22205,22326,120,2119,1985,2998
46,22205,22326,121,2119,1985,3008
46,22205,22326,122,2122,1985,3024
46,22205,22326,123,2123,1985,3032
46,22205,22326,124,2125,1985,3050
46,22205,22326,125,2126,1985,3065
46,22205,22326,126,2129,1985,3079
46,22205,22326,127,2130,1985,3094
46,22205,22326,128,2134,1985,3106
46,22205,22326,129,2135,1985,3120
46,22205,22326,130,2138,1985,3135
46,22205,22326,131,2139,1985,3148
46,22205,22326,132,2142,1985,3167
46,22205,22326,133,2144,1985,3182
46,22205,22326,134,2145,1985,3193
46,22205,22326,135,2147,1985,3207
46,22205,22326,136,2149,1985,3223
46,22205,22326,137,2152,1986,3237
46,22205,22326,138,2153,1985,3252
46,22205,22326,139,2155,1986,3262
46,22205,22326,140,2156,1985,3280
46,22205,22326,141,2159,1986,3294
46,22205,22326,142,2160,1985,3311
46,22205,22326,143,2163,1985,3326
46,22205,22326,144,2164,1985,3332
46,22205,22326,145,2167,1985,3353
46,22205,22326,146,2169,1985,3366
46,22205,22326,147,2172,1985,3380
46,22205,22326,148,2173,1985,3396
46,22205,22326,149,2175,1986,3409
46,22205,22326,150,2177,1986,3420
46,22205,22326,151,2178,1986,3439
46,22205,22326,152,2181,1986,3451
46,22205,22326,153,2183,1986,3462
46,22205,22326,154,2184,1986,3476
46,22205,22326,155,2184,1986,3473
46,22205,22326,156,2184,1986,3471
46,22205,22326,157,2185,1986,3484
46,22205,22326,158,2188,1986,3506
46,22205,22326,159,2189,1986,3507
46,22205,22326,160,2190,1986,3513
46,22205,22326,161,2188,1986,3504
46,22205,22326,162,2177,1985,3406
46,22205,22326,163,2167,1985,3313
46,22205,22326,164,2152,1984,3211
46,22205,22326,165,2140,1984,3119
46,22205,22326,166,2128,1984,3012
46,22205,22326,167,2110,1984,2900
46,22205,22326,168,2094,1983,2779
46,22205,22326,169,2077,1984,2654
46,22205,22326,170,2061,1983,2540
46,22205,22326,171,2039,1983,2399
46,22205,22326,172,2027,1983,2269
46,22205,22326,173,2001,1982,2127
46,22205,22326,174,1989,1982,2025
46,22205,22326,175,1967,1981,1861
46,22205,22326,176,1950,1981,1728
46,22205,22326,177,1934,1981,1579
46,22205,22326,178,1919,1981,1506
46,22205,22326,179,1903,1981,1421
46,22205,22326,180,1895,1980,1323
46,22205,22326,181,1881,1980,1209
46,22205,22326,182,1866,1980,1091
46,22205,22326,183,1851,1979,960
46,22205,22326,184,1833,1979,829
46,22205,22326,185,1820,1977,695
46,22205,22326,186,1800,1977,553
46,22205,22326,187,1785,1975,407
46,22205,22326,188,1770,1974,250
46,22205,22326,189,1760,1974,223
46,22205,22326,190,1762,1974,240
46,22205,22326,191,1763,1974,256
46,22205,22326,192,1765,1975,269
46,22205,22326,193,1766,1975,282
46,22205,22326,194,1768,1975,298
46,22205,22326,195,1770,1975,308
46,22205,22326,196,1771,1974,323
46,22205,22326,197,1773,1975,342
46,22205,22326,198,1774,1976,354
46,22205,22326,199,1776,1976,368
46,22205,22326,200,1776,1976,383
46,22205,22326,201,1779,1977,395
46,22205,22326,202,1780,1976,410
46,22205,22326,203,1782,1977,415
46,22205,22326,204,1783,1976,441
46,22205,22326,205,1785,1977,454
46,22205,22326,206,1787,1977,471
46,22205,22326,207,1789,1977,482
46,22205,22326,208,1790,1977,494
46,22205,22326,209,1792,1977,509
46,22205,22326,210,1793,1977,525
46,22205,22326,211,1794,1978,545
46,22205,22326,212,1797,1977,551
46,22205,22326,213,1798,1978,566
46,22205,22326,214,1800,1978,582
46,22205,22326,215,1802,1978,594
46,22205,22326,216,1803,1978,610
46,22205,22326,217,1805,1978,621
46,22205,22326,218,1806,1979,637
46,22205,22326,219,1808,1979,655
46,22205,22326,220,1809,1979,665
46,22205,22326,221,1811,1978,680
46,22205,22326,222,1813,1979,700
46,22205,22326,223,1814,1979,709
46,22205,22326,224,1817,1978,727
46,22205,22326,225,1817,1979,739
46,22205,22326,226,1820,1979,753
46,22205,22326,227,1821,1979,766
46,22205,22326,228,1824,1979,783
46,22205,22326,229,1824,1980,789
46,22205,22326,230,1827,1980,808
46,22205,22326,231,1826,1980,824
46,22205,22326,232,1829,1980,837
46,22205,22326,233,1831,1980,850
46,22205,22326,234,1833,1980,865
46,22205,22326,235,1834,1980,877
46,22205,22326,236,1836,1980,891
46,22205,22326,237,1838,1980,906
46,22205,22326,238,1839,1980,922
46,22205,22326,239,1842,1980,939
46,22205,22326,240,1843,1980,948
46,22205,22326,241,1845,1980,964
46,22205,22326,242,1848,1980,978
46,22205,22326,243,1848,1980,992
46,22205,22326,244,1849,1980,1009
46,22205,22326,245,1852,1980,1019
46,22205,22326,246,1854,1980,1036
46,22205,22326,247,1856,1980,1048
46,22205,22326,248,1857,1980,1074
46,22205,22326,249,1859,1980,1081
46,22205,22326,250,1861,1980,1090
46,22205,22326,251,1863,1981,1107
46,22205,22326,252,1865,1981,1121
46,22205,22326,253,1865,1980,1130
46,22205,22326,254,1868,1981,1145
46,22205,22326,255,1870,1980,1163
46,22205,22326,256,1870,1981,1179
46,22205,22326,257,1873,1980,1193
46,22205,22326,258,1875,1980,1207
46,22205,22326,259,1876,1981,1224
46,22205,22326,260,1878,1981,1235
46,22205,22326,261,1880,1981,1250
46,22205,22326,262,1883,1981,1262
46,22205,22326,263,1884,1981,1277
46,22205,22326,264,1886,1981,1291
46,22205,22326,265,1888,1981,1310
46,22205,22326,266,1889,1981,1318
46,22205,22326,267,1889,1982,1318
46,22205,22326,268,1887,1980,1304
46,22205,22326,269,1886,1981,1291
46,22205,22326,270,1884,1980,1274
46,22205,22326,271,1883,1981,1262
46,22205,22326,272,1881,1981,1249
46,22205,22326,273,1879,1980,1237
46,22205,22326,274,1877,1980,1220
46,22205,22326,275,1875,1981,1203
46,22205,22326,276,1873,1981,1190
46,22205,22326,277,1871,1981,1177
46,22205,22326,278,1870,1981,1160
46,22205,22326,279,1868,1981,1146
46,22205,22326,280,1867,1981,1136
46,22205,22326,281,1864,1981,1120
46,22205,22326,282,1862,1981,1115
46,22205,22326,283,1861,1980,1092
46,22205,22326,284,1859,1980,1077
46,22205,22326,285,1857,1980,1065
46,22205,22326,286,1856,1980,1055
46,22205,22326,287,1854,1980,1035
46,22205,22326,288,1852,1980,1021
46,22205,22326,289,1850,1979,1007
46,22205,22326,290,1849,1980,995
46,22205,22326,291,1847,1980,978
46,22205,22326,292,1845,1980,968
46,22205,22326,293,1843,1980,948
46,22205,22326,294,1841,1979,937
46,22205,22326,295,1840,1980,914
46,22205,22326,296,1839,1979,905
46,22205,22326,297,1837,1980,894
46,22205,22326,298,1834,1979,879
46,22205,22326,299,1832,1979,865
46,22205,22326,300,1831,1979,850
46,22205,22326,301,1830,1979,832
46,22205,22326,302,1827,1979,819
46,22205,22326,303,1827,1979,809
46,22205,22326,304,1824,1979,793
46,22205,22326,305,1823,1979,778
46,22205,22326,306,1821,1979,765
46,22205,22326,307,1819,1978,756
46,22205,22326,308,1818,1979,741
46,22205,22326,309,1816,1979,723
46,22205,22326,310,1814,1979,710
46,22205,22326,311,1813,1978,693
46,22205,22326,312,1812,1979,683
46,22205,22326,313,1810,1978,664
46,22205,22326,314,1808,1978,653
46,22205,22326,315,1806,1978,636
46,22205,22326,316,1805,1977,625
46,22205,22326,317,1803,1977,610
46,22205,22326,318,1802,1978,595
46,22205,22326,319,1799,1977,582
46,22205,22326,320,1798,1978,569
46,22205,22326,321,1797,1977,553
46,22205,22326,322,1795,1977,531
46,22205,22326,323,1793,1977,527
46,22205,22326,324,1791,1977,515
46,22205,22326,325,1790,1977,497
46,22205,22326,326,1788,1977,481
46,22205,22326,327,1787,1976,467
46,22205,22326,328,1786,1977,456
46,22205,22326,329,1783,1976,440
46,22205,22326,330,1782,1976,423
46,22205,22326,331,1780,1976,410
46,22205,22326,332,1779,1977,397
46,22205,22326,333,1777,1976,383
46,22205,22326,334,1776,1976,369
46,22205,22326,335,1774,1976,354
46,22205,22326,336,1773,1974,341
46,22205,22326,337,1771,1975,335
46,22205,22326,338,1770,1975,313
46,22205,22326,339,1768,1975,299
46,22205,22326,340,1766,1975,283
46,22205,22326,341,1765,1975,270
46,22205,22326,342,1763,1975,250
46,22205,22326,343,1762,1975,238
46,22205,22326,344,1760,1974,226
46,22205,22326,345,1758,1974,213
46,22205,22326,346,1757,1973,198
46,22205,22326,347,1755,1973,176
46,22205,22326,348,1753,1973,192
46,22205,22326,349,1763,1975,259
46,22205,22326,350,1771,1976,352
46,22205,22326,351,1778,1976,409
46,22205,22326,352,1787,1977,493
46,22205,22326,353,1800,1978,609
46,22205,22326,354,1809,1979,699
46,22205,22326,355,1822,1979,802
47,22380,22501,0,1993,2026,1185
47,22380,22501,1,1877,1982,1266
47,22380,22501,2,1893,1982,1346
47,22380,22501,3,1902,1982,1436
47,22380,22501,4,1917,1982,1556
47,22380,22501,5,1929,1983,1664
47,22380,22501,6,1946,1983,1782
47,22380,22501,7,1961,1984,1935
47,22380,22501,8,1981,1984,2048
47,22380,22501,9,2001,1985,2205
47,22380,22501,10,2024,1985,2359
47,22380,22501,11,2043,1985,2522
47,22380,22501,12,2067,1985,2657
47,22380,22501,13,2086,1985,2809
47,22380,22501,14,2107,1985,2953
47,22380,22501,15,2125,1985,3083
47,22380,22501,16,2143,1985,3218
47,22380,22501,17,2162,1986,3359
47,22380,22501,18,2182,1986,3478
47,22380,22501,19,2187,1985,3503
47,22380,22501,20,2187,1985,3492
47,22380,22501,21,2183,1985,3471
47,22380,22501,22,2185,1986,3474
47,22380,22501,23,2184,1985,3471
47,22380,22501,24,2183,1986,3462
47,22380,22501,25,2180,1986,3454
47,22380,22501,26,2179,1986,3436
47,22380,22501,27,2176,1985,3422
47,22380,22501,28,2175,1986,3407
47,22380,22501,29,2173,1985,3390
47,22380,22501,30,2171,1986,3378
47,22380,22501,31,2169,1985,3362
47,22380,22501,32,2165,1985,3349
47,22380,22501,33,2166,1985,3332
47,22380,22501,34,2163,1985,3322
47,22380,22501,35,2161,1985,3309
47,22380,22501,36,2159,1985,3295
47,22380,22501,37,2156,1985,3281
47,22380,22501,38,2159,1987,3271
47,22380,22501,39,2147,1982,3245
47,22380,22501,40,2153,1986,3235
47,22380,22501,41,2152,1986,3221
47,22380,22501,42,2143,1984,3208
47,22380,22501,43,2147,1985,3193
47,22380,22501,44,2147,1986,3180
47,22380,22501,45,2136,1982,3166
47,22380,22501,46,2142,1986,3153
47,22380,22501,47,2139,1986,3139
47,22380,22501,48,2131,1983,3122
47,22380,22501,49,2136,1985,3110
47,22380,22501,50,2133,1985,3097
47,22380,22501,51,2127,1984,3082
47,22380,22501,52,2127,1984,3068
47,22380,22501,53,2129,1985,3053
47,22380,22501,54,2121,1985,3038
47,22380,22501,55,2123,1985,3020
47,22380,22501,56,2122,1985,3009
47,22380,22501,57,2114,1983,2995
47,22380,22501,58,2117,1985,2978
47,22380,22501,59,2117,1985,2092
47,22380,22501,60,1978,1975,1990
47,22380,22501,61,1989,1982,1989
47,22380,22501,62,1988,1983,2383
47,22380,22501,63,2106,1992,2910
47,22380,22501,64,2103,1984,2892
47,22380,22501,65,2104,1984,2888
47,22380,22501,66,2099,1985,2866
47,22380,22501,67,2099,1985,2851
47,22380,22501,68,2098,1983,2840
47,22380,22501,69,2093,1985,2825
47,22380,22501,70,2093,1985,2808
47,22380,22501,71,2092,1982,2796
47,22380,22501,72,2087,1985,2782
47,22380,22501,73,2087,1986,2767
47,22380,22501,74,2085,1982,2755
47,22380,22501,75,2082,1985,2739
47,22380,22501,76,2049,1983,2040
47,22380,22501,77,1985,1976,1986
47,22380,22501,78,2079,1991,2697
47,22380,22501,79,2073,1986,2683
47,22380,22501,80,2073,1981,2671
47,22380,22501,81,2071,1985,2655
47,22380,22501,82,2069,1987,2638
47,22380,22501,83,2066,1980,2623
47,22380,22501,84,2065,1985,2613
47,22380,22501,85,2064,1986,2598
47,22380,22501,86,2059,1980,2586
47,22380,22501,87,2059,1985,2574
47,22380,22501,88,2059,1986,2047
47,22380,22501,89,1981,1975,2303
47,22380,22501,90,2063,1989,2566
47,22380,22501,91,2063,1986,2584
47,22380,22501,92,2060,1981,2602
47,22380,22501,93,2066,1985,2615
47,22380,22501,94,2069,1986,2051
47,22380,22501,95,1980,1975,1985
47,22380,22501,96,2002,1989,2657
47,22380,22501,97,2074,1986,2669
47,22380,22501,98,2071,1981,2682
47,22380,22501,99,2078,1985,2698
47,22380,22501,100,2081,1986,2712
47,22380,22501,101,2077,1981,2726
47,22380,22501,102,2084,1986,2738
47,22380,22501,103,2087,1986,2753
47,22380,22501,104,2083,1981,2768
47,22380,22501,105,2090,1985,2783
47,22380,22501,106,2093,1986,2798
47,22380,22501,107,2088,1982,2808
47,22380,22501,108,2096,1986,2825
47,22380,22501,109,2098,1986,2845
47,22380,22501,110,2094,1982,2852
47,22380,22501,111,2103,1986,2867
47,22380,22501,112,2105,1986,2882
47,22380,22501,113,2098,1982,2896
47,22380,22501,114,2108,1985,2909
47,22380,22501,115,2110,1986,2927
47,22380,22501,116,2104,1983,2940
47,22380,22501,117,2114,1985,2952
47,22380,22501,118,2115,1985,2965
47,22380,22501,119,2110,1983,2980
47,22380,22501,120,2120,1985,2996
47,22380,22501,121,2122,1985,3011
47,22380,22501,122,2117,1983,3026
47,22380,22501,123,2126,1985,3037
47,22380,22501,124,2130,1986,3051
47,22380,22501,125,2123,1983,3063
47,22380,22501,126,2131,1985,3083
47,22380,22501,127,2134,1985,3095
47,22380,22501,128,2129,1985,3109
47,22380,22501,129,2137,1985,3017
47,22380,22501,130,2030,1977,2020
47,22380,22501,131,2138,1992,3153
47,22380,22501,132,2141,1985,2119
47,22380,22501,133,1986,1973,2936
47,22380,22501,134,2146,1995,3193
47,22380,22501,135,2147,1985,3209
47,22380,22501,136,2151,1985,3232
47,22380,22501,137,2149,1985,3236
47,22380,22501,138,2154,1985,3252
47,22380,22501,139,2157,1985,3266
47,22380,22501,140,2155,1985,3280
47,22380,22501,141,2159,1985,3292
47,22380,22501,142,2161,1984,3309
47,22380,22501,143,2163,1986,3321
47,22380,22501,144,2166,1986,3335
47,22380,22501,145,2168,1984,3350
47,22380,22501,146,2170,1986,3365
47,22380,22501,147,2171,1986,3377
47,22380,22501,148,2173,1983,3393
47,22380,22501,149,2175,1987,3407
47,22380,22501,150,2176,1987,3421
47,22380,22501,151,2180,1983,3441
47,22380,22501,152,2180,1986,3437
47,22380,22501,153,2180,1986,2127
47,22380,22501,154,1983,1968,1985
47,22380,22501,155,1988,1983,1988
47,22380,22501,156,1992,1999,3390
47,22380,22501,157,2183,1983,3487
47,22380,22501,158,2187,1988,3498
47,22380,22501,159,2189,1989,3509
47,22380,22501,160,2188,1983,3516
47,22380,22501,161,2192,1987,3523
47,22380,22501,162,2189,1986,2132
47,22380,22501,163,1981,1983,3468
47,22380,22501,164,2179,1986,3357
47,22380,22501,165,2159,1986,3248
47,22380,22501,166,2139,1980,3103
47,22380,22501,167,2125,1985,2968
47,22380,22501,168,2105,1985,2842
47,22380,22501,169,2080,1979,2707
47,22380,22501,170,2066,1984,2560
47,22380,22501,171,2050,1985,2038
47,22380,22501,172,1981,1978,2278
47,22380,22501,173,2007,1983,2143
47,22380,22501,174,1989,1983,2009
47,22380,22501,175,1966,1978,1874
47,22380,22501,176,1955,1982,1719
47,22380,22501,177,1936,1983,1597
47,22380,22501,178,1916,1978,1514
47,22380,22501,179,1907,1981,1394
47,22380,22501,180,1892,1982,1273
47,22380,22501,181,1863,1976,1087
47,22380,22501,182,1850,1979,929
47,22380,22501,183,1832,1980,778
47,22380,22501,184,1806,1974,625
47,22380,22501,185,1797,1977,475
47,22380,22501,186,1781,1976,342
47,22380,22501,187,1758,1971,200
47,22380,22501,188,1761,1975,211
47,22380,22501,189,1762,1975,1541
47,22380,22501,190,1757,1973,242
47,22380,22501,191,1766,1975,254
47,22380,22501,192,1767,1976,269
47,22380,22501,193,1762,1973,279
47,22380,22501,194,1770,1975,299
47,22380,22501,195,1772,1975,312
47,22380,22501,196,1766,1974,326
47,22380,22501,197,1774,1976,1796
47,22380,22501,198,1992,1996,1979
47,22380,22501,199,1978,1978,1083
47,22380,22501,200,1774,1968,892
47,22380,22501,201,1782,1976,400
47,22380,22501,202,1778,1976,405
47,22380,22501,203,1785,1976,423
47,22380,22501,204,1786,1977,440
47,22380,22501,205,1782,1977,453
47,22380,22501,206,1789,1977,471
47,22380,22501,207,1854,1978,484
47,22380,22501,208,1786,1978,495
47,22380,22501,209,1792,1977,505
47,22380,22501,210,1795,1977,527
47,22380,22501,211,1792,1977,537
47,22380,22501,212,1798,1976,553
47,22380,22501,213,1800,1977,567
47,22380,22501,214,1798,1978,579
47,22380,22501,215,1801,1977,594
47,22380,22501,216,1804,1976,609
47,22380,22501,217,1803,1978,623
47,22380,22501,218,1807,1979,636
47,22380,22501,219,1808,1976,655
47,22380,22501,220,1808,1979,666
47,22380,22501,221,1811,1979,679
47,22380,22501,222,1814,1976,695
47,22380,22501,223,1814,1979,706
47,22380,22501,224,1816,1980,722
47,22380,22501,225,1818,1976,740
47,22380,22501,226,1819,1980,752
47,22380,22501,227,1821,1981,767
47,22380,22501,228,1823,1976,781
47,22380,22501,229,1824,1980,794
47,22380,22501,230,1826,1981,807
47,22380,22501,231,1828,1976,826
47,22380,22501,232,1830,1980,835
47,22380,22501,233,1831,1982,850
47,22380,22501,234,1832,1976,870
47,22380,22501,235,1835,1981,878
47,22380,22501,236,1837,1982,893
47,22380,22501,237,1836,1976,909
47,22380,22501,238,1842,1981,920
47,22380,22501,239,1843,1982,935
47,22380,22501,240,1841,1977,954
47,22380,22501,241,1847,1981,965
47,22380,22501,242,1849,1982,978
47,22380,22501,243,1845,1977,994
47,22380,22501,244,1852,1981,1010
47,22380,22501,245,1854,1982,1024
47,22380,22501,246,1849,1977,1036
47,22380,22501,247,1857,1981,1049
47,22380,22501,248,1859,1982,1876
47,22380,22501,249,1979,1978,1080
47,22380,22501,250,1863,1982,1092
47,22380,22501,251,1865,1982,1110
47,22380,22501,252,1859,1977,1115
47,22380,22501,253,1867,1982,1136
47,22380,22501,254,1870,1983,1152
47,22380,22501,255,1865,1978,1162
47,22380,22501,256,1874,1982,1177
47,22380,22501,257,1875,1982,1194
47,22380,22501,258,1871,1978,1208
47,22380,22501,259,1878,1982,1891
47,22380,22501,260,1991,1991,1983
47,22380,22501,261,1978,1981,1986
47,22380,22501,262,1988,1984,1985
47,22380,22501,263,1941,1976,1275
47,22380,22501,264,1882,1978,1289
47,22380,22501,265,1890,1982,1305
47,22380,22501,266,1891,1982,1322
47,22380,22501,267,1884,1979,1319
47,22380,22501,268,1890,1981,1302
47,22380,22501,269,1888,1981,1298
47,22380,22501,270,1879,1980,1277
47,22380,22501,271,1884,1981,1261
47,22380,22501,272,1883,1982,1248
47,22380,22501,273,1874,1979,1235
47,22380,22501,274,1879,1981,1218
47,22380,22501,275,1877,1982,1206
47,22380,22501,276,1868,1980,1191
47,22380,22501,277,1874,1981,1183
47,22380,22501,278,1872,1981,1882
47,22380,22501,279,1981,1989,1985
47,22380,22501,280,1986,1983,1987
47,22380,22501,281,1987,1982,1982
47,22380,22501,282,1981,1983,1987
47,22380,22501,283,1987,1982,1988
47,22380,22501,284,1987,1982,1965
47,22380,22501,285,1850,1973,1066
47,22380,22501,286,1859,1980,1050
47,22380,22501,287,1855,1980,1034
47,22380,22501,288,1848,1980,1021
47,22380,22501,289,1852,1980,1003
47,22380,22501,290,1850,1979,994
47,22380,22501,291,1845,1980,978
47,22380,22501,292,1845,1980,1081
47,22380,22501,293,1948,1986,1947
47,22380,22501,294,1928,1976,938
47,22380,22501,295,1844,1981,1863
47,22380,22501,296,1839,1977,911
47,22380,22501,297,1836,1981,896
47,22380,22501,298,1835,1981,874
47,22380,22501,299,1834,1977,866
47,22380,22501,300,1830,1980,852
47,22380,22501,301,1830,1981,839
47,22380,22501,302,1828,1976,825
47,22380,22501,303,1826,1980,809
47,22380,22501,304,1825,1981,793
47,22380,22501,305,1823,1976,780
47,22380,22501,306,1821,1980,765
47,22380,22501,307,1821,1982,752
47,22380,22501,308,1817,1975,739
47,22380,22501,309,1817,1980,723
47,22380,22501,310,1814,1981,713
47,22380,22501,311,1811,1975,697
47,22380,22501,312,1811,1980,680
47,22380,22501,313,1811,1980,668
47,22380,22501,314,1805,1974,653
47,22380,22501,315,1807,1979,639
47,22380,22501,316,1806,1980,625
47,22380,22501,317,1800,1974,612
47,22380,22501,318,1804,1979,593
47,22380,22501,319,1802,1979,573
47,22380,22501,320,1794,1974,558
47,22380,22501,321,1798,1979,554
47,22380,22501,322,1797,1979,1816
47,22380,22501,323,1983,1991,1980
47,22380,22501,324,1987,1985,1986
47,22380,22501,325,1989,1985,1986
47,22380,22501,326,1979,1980,1984
47,22380,22501,327,1783,1965,475
47,22380,22501,328,1790,1978,455
47,22380,22501,329,1780,1973,440
47,22380,22501,330,1785,1977,423
47,22380,22501,331,1783,1977,412
47,22380,22501,332,1774,1973,395
47,22380,22501,333,1780,1977,384
47,22380,22501,334,1778,1977,368
47,22380,22501,335,1769,1972,352
47,22380,22501,336,1775,1976,1291
47,22380,22501,337,1985,1996,1974
47,22380,22501,338,1978,1981,1669
47,22380,22501,339,1764,1963,1684
47,22380,22501,340,1992,1997,1946
47,22380,22501,341,1752,1960,269
47,22380,22501,342,1767,1974,254
47,22380,22501,343,1764,1975,241
47,22380,22501,344,1755,1972,225
47,22380,22501,345,1761,1974,208
47,22380,22501,346,1758,1974,199
47,22380,22501,347,1750,1972,187
47,22380,22501,348,1756,1973,170
47,22380,22501,349,1764,1976,255
47,22380,22501,350,1766,1975,347
47,22380,22501,351,1779,1977,449
47,22380,22501,352,1795,1978,572
47,22380,22501,353,1810,1980,719
47,22380,22501,354,1830,1980,864
47,22380,22501,355,1848,1981,1008
48,22561,22682,0,1997,2030,1147
48,22561,22682,1,1868,1979,1214
48,22561,22682,2,1890,1983,1319
48,22561,22682,3,1906,1984,1402
48,22561,22682,4,1909,1979,1538
48,22561,22682,5,1931,1984,1649
48,22561,22682,6,1948,1984,1780
48,22561,22682,7,1958,1980,1890
48,22561,22682,8,1979,1985,2056
48,22561,22682,9,2004,1985,2184
48,22561,22682,10,2011,1982,2295
48,22561,22682,11,2031,1986,2428
48,22561,22682,12,2056,1986,2574
48,22561,22682,13,2066,1982,2707
48,22561,22682,14,2100,1987,2897
48,22561,22682,15,2123,1987,3078
48,22561,22682,16,2137,1983,3201
48,22561,22682,17,2165,1986,3361
48,22561,22682,18,2137,1983,2124
48,22561,22682,19,2183,1988,3499
48,22561,22682,20,2187,1985,3090
48,22561,22682,21,2013,1986,3470
48,22561,22682,22,2182,1984,3471
48,22561,22682,23,2186,1986,3475
48,22561,22682,24,2184,1986,3456
48,22561,22682,25,2175,1984,3448
48,22561,22682,26,2180,1985,3439
48,22561,22682,27,2179,1985,3424
48,22561,22682,28,2170,1984,3407
48,22561,22682,29,2175,1985,3392
48,22561,22682,30,2172,1986,3380
48,22561,22682,31,2165,1986,3364
48,22561,22682,32,2167,1985,3346
48,22561,22682,33,2167,1985,3338
48,22561,22682,34,2159,1985,3319
48,22561,22682,35,2162,1985,3307
48,22561,22682,36,2160,1985,3294
48,22561,22682,37,2154,1985,3277
48,22561,22682,38,2156,1984,3263
48,22561,22682,39,2155,1984,3253
48,22561,22682,40,2149,1985,3237
48,22561,22682,41,2150,1984,3221
48,22561,22682,42,2149,1984,3211
48,22561,22682,43,2143,1985,3192
48,22561,22682,44,2143,1985,3180
48,22561,22682,45,2143,1983,3164
48,22561,22682,46,2142,1986,3150
48,22561,22682,47,2137,1984,2101
48,22561,22682,48,1985,1972,2012
48,22561,22682,49,2136,1995,3113
48,22561,22682,50,2130,1986,2101
48,22561,22682,51,2128,1983,3078
48,22561,22682,52,2127,1985,3067
48,22561,22682,53,2125,1986,3050
48,22561,22682,54,2124,1982,3040
48,22561,22682,55,2122,1986,3023
48,22561,22682,56,2119,1987,3012
48,22561,22682,57,2117,1981,2994
48,22561,22682,58,2116,1986,2982
48,22561,22682,59,2112,1987,2967
48,22561,22682,60,2110,1981,2950
48,22561,22682,61,2110,1985,2938
48,22561,22682,62,2107,1986,2080
48,22561,22682,63,1982,1972,2101
48,22561,22682,64,2108,1993,2895
48,22561,22682,65,2082,1985,2063
48,22561,22682,66,1982,1983,2866
48,22561,22682,67,2099,1985,2855
48,22561,22682,68,2098,1987,2837
48,22561,22682,69,2090,1981,2824
48,22561,22682,70,2094,1985,2811
48,22561,22682,71,2092,1986,2797
48,22561,22682,72,2085,1981,2788
48,22561,22682,73,2088,1985,2763
48,22561,22682,74,2087,1985,2064
48,22561,22682,75,2067,1981,2741
48,22561,22682,76,2082,1985,2730
48,22561,22682,77,2080,1986,2712
48,22561,22682,78,2072,1981,2704
48,22561,22682,79,2076,1985,2678
48,22561,22682,80,2075,1985,2669
48,22561,22682,81,2066,1981,2654
48,22561,22682,82,2071,1985,2640
48,22561,22682,83,2070,1985,2624
48,22561,22682,84,2060,1981,2612
48,22561,22682,85,2065,1985,2598
48,22561,22682,86,2063,1985,2585
48,22561,22682,87,2055,1981,2569
48,22561,22682,88,2059,1984,2552
48,22561,22682,89,2061,1984,2483
48,22561,22682,90,2054,1982,2562
48,22561,22682,91,2064,1984,2050
48,22561,22682,92,1988,1979,1995
48,22561,22682,93,2062,1987,2614
48,22561,22682,94,2069,1984,2058
48,22561,22682,95,1989,1979,1998
48,22561,22682,96,2070,1987,2655
48,22561,22682,97,2074,1985,2669
48,22561,22682,98,2076,1985,2689
48,22561,22682,99,2071,1983,2694
48,22561,22682,100,2081,1984,2712
48,22561,22682,101,2082,1985,2725
48,22561,22682,102,2077,1984,2732
48,22561,22682,103,2086,1984,2754
48,22561,22682,104,2088,1985,2770
48,22561,22682,105,2084,1984,2779
48,22561,22682,106,2092,1984,2799
48,22561,22682,107,2093,1985,2813
48,22561,22682,108,2090,1984,2826
48,22561,22682,109,2097,1985,2845
48,22561,22682,110,2099,1985,2853
48,22561,22682,111,2097,1984,2865
48,22561,22682,112,2103,1984,2877
48,22561,22682,113,2106,1985,2895
48,22561,22682,114,2103,1985,2910
48,22561,22682,115,2109,1984,2923
48,22561,22682,116,2111,1984,2940
48,22561,22682,117,2110,1985,2954
48,22561,22682,118,2114,1985,2975
48,22561,22682,119,2116,1984,2981
48,22561,22682,120,2115,1985,2995
48,22561,22682,121,2120,1985,3008
48,22561,22682,122,2122,1983,3024
48,22561,22682,123,2124,1985,3038
48,22561,22682,124,2124,1986,2434
48,22561,22682,125,2127,1983,3066
48,22561,22682,126,2128,1986,3080
48,22561,22682,127,2129,1986,2096
48,22561,22682,128,1985,1984,3112
48,22561,22682,129,2135,1986,2881
48,22561,22682,130,2007,1977,2010
48,22561,22682,131,1986,1977,1990
48,22561,22682,132,2145,1997,3165
48,22561,22682,133,2140,1987,2162
48,22561,22682,134,2146,1983,3195
48,22561,22682,135,2148,1986,3206
48,22561,22682,136,2148,1987,2107
48,22561,22682,137,1981,1970,1985
48,22561,22682,138,1988,1983,1987
48,22561,22682,139,1986,1985,1988
48,22561,22682,140,1982,1979,1983
48,22561,22682,141,1993,1996,3294
48,22561,22682,142,2160,1988,3309
48,22561,22682,143,2160,1982,3324
48,22561,22682,144,2166,1987,3334
48,22561,22682,145,2168,1987,3306
48,22561,22682,146,2060,1974,2048
48,22561,22682,147,1988,1980,1988
48,22561,22682,148,1989,1985,1988
48,22561,22682,149,1980,1979,1985
48,22561,22682,150,1987,1984,1987
48,22561,22682,151,1988,1993,3223
48,22561,22682,152,2180,1987,3445
48,22561,22682,153,2184,1987,3460
48,22561,22682,154,2187,1987,3479
48,22561,22682,155,2179,1982,3473
48,22561,22682,156,2186,1987,3472
48,22561,22682,157,2188,1987,3476
48,22561,22682,158,2183,1983,3496
48,22561,22682,159,2190,1987,3510
48,22561,22682,160,2190,1987,3344
48,22561,22682,161,2186,1984,3520
48,22561,22682,162,2191,1986,3511
48,22561,22682,163,2193,1987,3467
48,22561,22682,164,2168,1982,3373
48,22561,22682,165,2164,1985,3273
48,22561,22682,166,2150,1986,2120
48,22561,22682,167,1983,1980,3038
48,22561,22682,168,2120,1984,2908
48,22561,22682,169,2097,1984,2776
48,22561,22682,170,2071,1982,2637
48,22561,22682,171,2056,1983,2489
48,22561,22682,172,2037,1983,2332
48,22561,22682,173,2009,1980,2184
48,22561,22682,174,1997,1982,2039
48,22561,22682,175,1976,1982,1902
48,22561,22682,176,1948,1980,1742
48,22561,22682,177,1933,1981,1592
48,22561,22682,178,1925,1982,1528
48,22561,22682,179,1901,1980,1400
48,22561,22682,180,1890,1980,1547
48,22561,22682,181,1981,1989,1974
48,22561,22682,182,1979,1976,1002
48,22561,22682,183,1840,1977,850
48,22561,22682,184,1825,1978,729
48,22561,22682,185,1804,1977,585
48,22561,22682,186,1787,1974,433
48,22561,22682,187,1770,1974,1789
48,22561,22682,188,1986,1996,1983
48,22561,22682,189,1984,1965,225
48,22561,22682,190,1759,1974,1784
48,22561,22682,191,1986,1997,1983
48,22561,22682,192,1984,1983,1989
48,22561,22682,193,1987,1981,1981
48,22561,22682,194,1983,1983,1987
48,22561,22682,195,1986,1971,302
48,22561,22682,196,1767,1972,329
48,22561,22682,197,1771,1976,501
48,22561,22682,198,1922,1992,1930
48,22561,22682,199,1985,1985,1980
48,22561,22682,200,1984,1973,1274
48,22561,22682,201,1775,1975,396
48,22561,22682,202,1781,1973,413
48,22561,22682,203,1781,1977,423
48,22561,22682,204,1784,1979,1811
48,22561,22682,205,1988,1991,1979
48,22561,22682,206,1984,1984,1987
48,22561,22682,207,1985,1984,1988
48,22561,22682,208,1985,1979,1097
48,22561,22682,209,1786,1966,513
48,22561,22682,210,1794,1980,524
48,22561,22682,211,1793,1974,544
48,22561,22682,212,1797,1979,552
48,22561,22682,213,1798,1980,567
48,22561,22682,214,1798,1974,583
48,22561,22682,215,1802,1979,593
48,22561,22682,216,1805,1980,1825
48,22561,22682,217,1983,1988,1075
48,22561,22682,218,1801,1972,641
48,22561,22682,219,1811,1980,651
48,22561,22682,220,1807,1975,664
48,22561,22682,221,1813,1980,682
48,22561,22682,222,1815,1980,691
48,22561,22682,223,1810,1975,707
48,22561,22682,224,1818,1980,722
48,22561,22682,225,1820,1980,742
48,22561,22682,226,1815,1976,753
48,22561,22682,227,1823,1980,760
48,22561,22682,228,1825,1981,784
48,22561,22682,229,1820,1976,797
48,22561,22682,230,1828,1980,808
48,22561,22682,231,1830,1981,819
48,22561,22682,232,1825,1976,838
48,22561,22682,233,1833,1980,849
48,22561,22682,234,1834,1981,868
48,22561,22682,235,1829,1977,879
48,22561,22682,236,1838,1981,893
48,22561,22682,237,1840,1981,904
48,22561,22682,238,1835,1977,921
48,22561,22682,239,1843,1980,941
48,22561,22682,240,1845,1981,1856
48,22561,22682,241,1841,1978,967
48,22561,22682,242,1849,1981,976
48,22561,22682,243,1851,1981,1864
48,22561,22682,244,1845,1979,1005
48,22561,22682,245,1854,1980,1022
48,22561,22682,246,1857,1981,1376
48,22561,22682,247,1851,1980,1049
48,22561,22682,248,1860,1980,1063
48,22561,22682,249,1862,1981,1876
48,22561,22682,250,1875,1980,1093
48,22561,22682,251,1865,1981,1106
48,22561,22682,252,1866,1981,1120
48,22561,22682,253,1862,1980,1133
48,22561,22682,254,1869,1981,1151
48,22561,22682,255,1872,1981,1162
48,22561,22682,256,1868,1980,1176
48,22561,22682,257,1874,1980,1188
48,22561,22682,258,1877,1981,1207
48,22561,22682,259,1873,1981,1220
48,22561,22682,260,1880,1981,1231
48,22561,22682,261,1882,1981,1243
48,22561,22682,262,1880,1981,1261
48,22561,22682,263,1885,1981,1275
48,22561,22682,264,1888,1981,1292
48,22561,22682,265,1886,1981,1304
48,22561,22682,266,1890,1981,1318
48,22561,22682,267,1891,1980,1319
48,22561,22682,268,1886,1981,1304
48,22561,22682,269,1886,1981,1292
48,22561,22682,270,1885,1979,1277
48,22561,22682,271,1881,1981,1259
48,22561,22682,272,1881,1982,1250
48,22561,22682,273,1880,1979,1235
48,22561,22682,274,1875,1981,1220
48,22561,22682,275,1876,1982,1201
48,22561,22682,276,1873,1978,1193
48,22561,22682,277,1871,1982,1177
48,22561,22682,278,1869,1982,1163
48,22561,22682,279,1868,1977,1150
48,22561,22682,280,1866,1981,1132
48,22561,22682,281,1864,1983,1118
48,22561,22682,282,1862,1977,1109
48,22561,22682,283,1861,1981,1093
48,22561,22682,284,1884,1985,1901
48,22561,22682,285,1984,1985,1980
48,22561,22682,286,1985,1985,1986
48,22561,22682,287,1985,1985,1988
48,22561,22682,288,1847,1968,1023
48,22561,22682,289,1853,1981,1041
48,22561,22682,290,1926,1989,1935
48,22561,22682,291,1977,1973,985
48,22561,22682,292,1848,1981,1864
48,22561,22682,293,1989,1993,1985
48,22561,22682,294,1979,1977,1722
48,22561,22682,295,1838,1976,922
48,22561,22682,296,1841,1982,908
48,22561,22682,297,1831,1976,897
48,22561,22682,298,1836,1981,881
48,22561,22682,299,1835,1981,865
48,22561,22682,300,1828,1977,851
48,22561,22682,301,1831,1980,834
48,22561,22682,302,1830,1981,823
48,22561,22682,303,1822,1976,1848
48,22561,22682,304,1990,1993,1983
48,22561,22682,305,1988,1970,903
48,22561,22682,306,1930,1986,1942
48,22561,22682,307,1988,1987,1985
48,22561,22682,308,1989,1985,1985
48,22561,22682,309,1979,1978,1090
48,22561,22682,310,1813,1973,711
48,22561,22682,311,1816,1979,695
48,22561,22682,312,1806,1976,680
48,22561,22682,313,1812,1979,1832
48,22561,22682,314,1992,1995,1982
48,22561,22682,315,1978,1982,1986
48,22561,22682,316,1988,1983,1985
48,22561,22682,317,1989,1983,1984
48,22561,22682,318,1791,1965,596
48,22561,22682,319,1803,1977,583
48,22561,22682,320,1801,1979,567
48,22561,22682,321,1792,1976,551
48,22561,22682,322,1797,1977,875
48,22561,22682,323,1796,1977,1778
48,22561,22682,324,1803,1976,509
48,22561,22682,325,1793,1977,494
48,22561,22682,326,1790,1977,479
48,22561,22682,327,1783,1976,466
48,22561,22682,328,1787,1977,453
48,22561,22682,329,1785,1977,440
48,22561,22682,330,1779,1976,423
48,22561,22682,331,1782,1976,416
48,22561,22682,332,1781,1976,1800
48,22561,22682,333,1984,1995,1983
48,22561,22682,334,1783,1964,384
48,22561,22682,335,1777,1975,356
48,22561,22682,336,1769,1976,339
48,22561,22682,337,1772,1975,326
48,22561,22682,338,1771,1975,311
48,22561,22682,339,1765,1975,296
48,22561,22682,340,1766,1975,282
48,22561,22682,341,1766,1974,272
48,22561,22682,342,1761,1975,252
48,22561,22682,343,1762,1974,241
48,22561,22682,344,1761,1973,226
48,22561,22682,345,1757,1975,1784
48,22561,22682,346,1990,1997,1985
48,22561,22682,347,1984,1981,1982
48,22561,22682,348,1984,1984,1987
48,22561,22682,349,1985,1984,1989
48,22561,22682,350,1985,1979,1981
48,22561,22682,351,1985,1983,1987
48,22561,22682,352,1985,1984,1988
48,22561,22682,353,1800,1964,638
48,22561,22682,354,1819,1980,783
48,22561,22682,355,1832,1982,913
49,22738,22859,0,2002,2026,1237
49,22738,22859,1,1881,1985,1301
49,22738,22859,2,1896,1979,1374
49,22738,22859,3,1906,1983,1596
49,22738,22859,4,1974,1989,1976
49,22738,22859,5,1984,1980,1982
49,22738,22859,6,1986,1984,1987
49,22738,22859,7,1986,1985,1974
49,22738,22859,8,1981,1980,2041
49,22738,22859,9,2000,1985,2154
49,22738,22859,10,2014,1986,2261
49,22738,22859,11,2027,1981,2383
49,22738,22859,12,2044,1986,2490
49,22738,22859,13,2057,1986,2043
49,22738,22859,14,1980,1975,1984
49,22738,22859,15,1988,1984,1987
49,22738,22859,16,1988,1985,1988
49,22738,22859,17,1980,1979,1984
49,22738,22859,18,1988,1984,1987
49,22738,22859,19,1988,1985,2917
49,22738,22859,20,2186,1993,3482
49,22738,22859,21,2184,1986,3472
49,22738,22859,22,2187,1987,3472
49,22738,22859,23,2180,1983,3475
49,22738,22859,24,2185,1987,3322
49,22738,22859,25,2044,1977,2034
49,22738,22859,26,1980,1976,1986
49,22738,22859,27,1989,1984,1986
49,22738,22859,28,1989,1984,1986
49,22738,22859,29,1979,1980,1985
49,22738,22859,30,1988,1984,1986
49,22738,22859,31,1990,1984,1986
49,22738,22859,32,1979,1980,1986
49,22738,22859,33,1988,1984,1986
49,22738,22859,34,1990,1984,1986
49,22738,22859,35,1993,1992,3307
49,22738,22859,36,2157,1987,2132
49,22738,22859,37,1987,1973,1988
49,22738,22859,38,1980,1980,1987
49,22738,22859,39,1988,1983,1985
49,22738,22859,40,1990,1984,1985
49,22738,22859,41,1979,1982,2136
49,22738,22859,42,2002,1983,1999
49,22738,22859,43,1989,1982,1998
49,22738,22859,44,2142,1994,3176
49,22738,22859,45,2141,1985,2674
49,22738,22859,46,1998,1974,1995
49,22738,22859,47,2112,1992,3118
49,22738,22859,48,2136,1985,2176
49,22738,22859,49,1999,1980,2553
49,22738,22859,50,2130,1987,3096
49,22738,22859,51,2131,1984,3089
49,22738,22859,52,2129,1985,3067
49,22738,22859,53,2120,1985,3053
49,22738,22859,54,2124,1984,3008
49,22738,22859,55,2048,1979,2624
49,22738,22859,56,2119,1989,3011
49,22738,22859,57,2119,1985,2103
49,22738,22859,58,1985,1974,2015
49,22738,22859,59,2115,1992,2810
49,22738,22859,60,2039,1979,2038
49,22738,22859,61,1992,1987,2938
49,22738,22859,62,2103,1985,2924
49,22738,22859,63,2106,1984,2911
49,22738,22859,64,2105,1983,2895
49,22738,22859,65,2099,1985,2880
49,22738,22859,66,2101,1984,2086
49,22738,22859,67,1984,1974,1987
49,22738,22859,68,1996,1987,2043
49,22738,22859,69,1985,1981,1990
49,22738,22859,70,1986,1980,1982
49,22738,22859,71,1985,1985,1997
49,22738,22859,72,1985,1984,1989
49,22738,22859,73,1985,1980,2216
49,22738,22859,74,2085,1991,2763
49,22738,22859,75,2081,1987,2074
49,22738,22859,76,2022,1980,2730
49,22738,22859,77,2077,1985,2710
49,22738,22859,78,2075,1986,2698
49,22738,22859,79,2074,1981,2685
49,22738,22859,80,2073,1985,2667
49,22738,22859,81,2071,1986,2656
49,22738,22859,82,2067,1980,2643
49,22738,22859,83,2068,1985,2627
49,22738,22859,84,2065,1986,2612
49,22738,22859,85,2061,1981,2604
49,22738,22859,86,2061,1985,2583
49,22738,22859,87,2061,1986,2570
49,22738,22859,88,2054,1981,2557
49,22738,22859,89,2058,1985,2556
49,22738,22859,90,2060,1985,2570
49,22738,22859,91,2056,1980,2583
49,22738,22859,92,2065,1985,2600
49,22738,22859,93,2065,1986,2613
49,22738,22859,94,2062,1981,2626
49,22738,22859,95,2071,1985,2270
49,22738,22859,96,1991,1980,1991
49,22738,22859,97,1980,1981,2149
49,22738,22859,98,2074,1989,2056
49,22738,22859,99,1987,1979,1988
49,22738,22859,100,1980,1983,2130
49,22738,22859,101,2021,1984,2013
49,22738,22859,102,1989,1982,1987
49,22738,22859,103,1990,1986,2293
49,22738,22859,104,2088,1986,2104
49,22738,22859,105,1994,1985,2784
49,22738,22859,106,2087,1982,2795
49,22738,22859,107,2094,1985,2135
49,22738,22859,108,1989,1977,1988
49,22738,22859,109,1980,1980,2060
49,22738,22859,110,2006,1984,2000
49,22738,22859,111,1990,1983,1985
49,22738,22859,112,1979,1980,1987
49,22738,22859,113,1988,1983,1985
49,22738,22859,114,1989,1984,1985
49,22738,22859,115,1979,1981,1986
49,22738,22859,116,1988,1983,1985
49,22738,22859,117,1989,1983,1984
49,22738,22859,118,1979,1992,2928
49,22738,22859,119,2118,1985,2276
49,22738,22859,120,1999,1976,2001
49,22738,22859,121,2118,1991,3007
49,22738,22859,122,2122,1986,2399
49,22738,22859,123,2013,1976,2006
49,22738,22859,124,1981,1991,2961
49,22738,22859,125,2131,1984,2107
49,22738,22859,126,1987,1974,1986
49,22738,22859,127,1981,1982,2215
49,22738,22859,128,2128,1993,2102
49,22738,22859,129,1985,1974,1985
49,22738,22859,130,2119,1994,3138
49,22738,22859,131,2138,1985,3148
49,22738,22859,132,2142,1984,2099
49,22738,22859,133,2141,1986,3186
49,22738,22859,134,2145,1985,3194
49,22738,22859,135,2148,1983,2267
49,22738,22859,136,2146,1987,3222
49,22738,22859,137,2151,1985,3240
49,22738,22859,138,2152,1982,2628
49,22738,22859,139,2154,1987,3262
49,22738,22859,140,2157,1985,2162
49,22738,22859,141,1984,1970,1985
49,22738,22859,142,1985,1994,3003
49,22738,22859,143,2165,1988,2176
49,22738,22859,144,1987,1983,3248
49,22738,22859,145,2167,1986,3350
49,22738,22859,146,2169,1987,3366
49,22738,22859,147,2171,1983,3382
49,22738,22859,148,2171,1987,3145
49,22738,22859,149,2019,1976,2020
49,22738,22859,150,1986,1977,1983
49,22738,22859,151,1986,1984,1987
49,22738,22859,152,1985,1985,1989
49,22738,22859,153,1985,1979,1983
49,22738,22859,154,2055,1998,2770
49,22738,22859,155,2180,1988,3425
49,22738,22859,156,2181,1982,3471
49,22738,22859,157,2186,1987,3485
49,22738,22859,158,2186,1988,2157
49,22738,22859,159,1980,1966,1986
49,22738,22859,160,1988,1984,1987
49,22738,22859,161,1986,1985,1989
49,22738,22859,162,1981,1989,3391
49,22738,22859,163,2168,1987,3292
49,22738,22859,164,2153,1986,3203
49,22738,22859,165,2132,1981,3095
49,22738,22859,166,2122,1985,2955
49,22738,22859,167,2106,1986,2086
49,22738,22859,168,1979,1979,2762
49,22738,22859,169,2076,1985,2632
49,22738,22859,170,2061,1985,2045
49,22738,22859,171,1979,1975,1985
49,22738,22859,172,1988,1984,1986
49,22738,22859,173,1988,1985,1986
49,22738,22859,174,1979,1979,1976
49,22738,22859,175,1971,1982,1878
49,22738,22859,176,1952,1982,1771
49,22738,22859,177,1924,1977,1579
49,22738,22859,178,1921,1982,1496
49,22738,22859,179,1905,1982,1407
49,22738,22859,180,1882,1977,1254
49,22738,22859,181,1878,1982,1177
49,22738,22859,182,1867,1982,1879
49,22738,22859,183,1965,1977,889
49,22738,22859,184,1836,1980,1619
49,22738,22859,185,1987,1993,1978
49,22738,22859,186,1978,1981,1881
49,22738,22859,187,1784,1965,1786
49,22738,22859,188,1994,1996,1979
49,22738,22859,189,1747,1960,261
49,22738,22859,190,1765,1975,495
49,22738,22859,191,1937,1993,1935
49,22738,22859,192,1978,1985,1985
49,22738,22859,193,1988,1983,1985
49,22738,22859,194,1990,1984,1984
49,22738,22859,195,1979,1981,1958
49,22738,22859,196,1886,1971,1831
49,22738,22859,197,1955,1975,368
49,22738,22859,198,1766,1975,353
49,22738,22859,199,1778,1976,363
49,22738,22859,200,1780,1977,414
49,22738,22859,201,1775,1976,397
49,22738,22859,202,1782,1976,1806
49,22738,22859,203,1991,1995,1979
49,22738,22859,204,1979,1983,1987
49,22738,22859,205,1987,1982,1988
49,22738,22859,206,1987,1982,1982
49,22738,22859,207,1981,1983,1988
49,22738,22859,208,1986,1982,1988
49,22738,22859,209,1987,1982,1982
49,22738,22859,210,1982,1983,1987
49,22738,22859,211,1986,1982,1989
49,22738,22859,212,1986,1981,1978
49,22738,22859,213,1938,1970,907
49,22738,22859,214,1803,1978,578
49,22738,22859,215,1803,1977,598
49,22738,22859,216,1801,1979,609
49,22738,22859,217,1806,1979,621
49,22738,22859,218,1808,1976,639
49,22738,22859,219,1807,1979,651
49,22738,22859,220,1810,1980,1833
49,22738,22859,221,1988,1977,682
49,22738,22859,222,1808,1980,695
49,22738,22859,223,1814,1981,1837
49,22738,22859,224,1968,1979,723
49,22738,22859,225,1819,1979,736
49,22738,22859,226,1819,1982,1842
49,22738,22859,227,1987,1989,1978
49,22738,22859,228,1984,1985,1987
49,22738,22859,229,1985,1985,1989
49,22738,22859,230,1983,1979,1982
49,22738,22859,231,1967,1972,1247
49,22738,22859,232,1959,1993,1963
49,22738,22859,233,1982,1981,1823
49,22738,22859,234,1830,1971,1854
49,22738,22859,235,1990,1994,1986
49,22738,22859,236,1980,1979,1983
49,22738,22859,237,1987,1984,1987
49,22738,22859,238,1987,1985,1988
49,22738,22859,239,1981,1979,1982
49,22738,22859,240,1981,1973,1814
49,22738,22859,241,1848,1981,965
49,22738,22859,242,1843,1977,980
49,22738,22859,243,1850,1981,991
49,22738,22859,244,1853,1982,1005
49,22738,22859,245,1848,1977,1024
49,22738,22859,246,1856,1981,1872
49,22738,22859,247,1990,1992,1984
49,22738,22859,248,1978,1980,1984
49,22738,22859,249,1988,1984,1986
49,22738,22859,250,1989,1984,1986
49,22738,22859,251,1976,1971,1102
49,22738,22859,252,1867,1982,1882
49,22738,22859,253,1991,1991,1983
49,22738,22859,254,1978,1977,1332
49,22738,22859,255,1869,1979,1886
49,22738,22859,256,1991,1991,1983
49,22738,22859,257,1965,1972,1188
49,22738,22859,258,1879,1981,1203
49,22738,22859,259,1879,1982,1227
49,22738,22859,260,1873,1979,1235
49,22738,22859,261,1883,1982,1898
49,22738,22859,262,1991,1990,1983
49,22738,22859,263,1978,1981,1986
49,22738,22859,264,1988,1983,1985
49,22738,22859,265,1990,1983,1984
49,22738,22859,266,1979,1981,1677
49,22738,22859,267,1890,1975,1318
49,22738,22859,268,1891,1982,1640
49,22738,22859,269,1881,1980,1292
49,22738,22859,270,1887,1981,1280
49,22738,22859,271,1888,1982,1896
49,22738,22859,272,1981,1988,1437
49,22738,22859,273,1878,1975,1889
49,22738,22859,274,1991,1990,1981
49,22738,22859,275,1979,1975,1277
49,22738,22859,276,1874,1980,1192
49,22738,22859,277,1874,1981,1178
49,22738,22859,278,1865,1980,1165
49,22738,22859,279,1870,1980,1753
49,22738,22859,280,1987,1990,1979
49,22738,22859,281,1979,1982,1964
49,22738,22859,282,1986,1984,1988
49,22738,22859,283,1987,1982,1982
49,22738,22859,284,1983,1972,1079
49,22738,22859,285,1857,1980,1877
49,22738,22859,286,1989,1990,1979
49,22738,22859,287,1847,1973,1033
49,22738,22859,288,1854,1980,1873
49,22738,22859,289,1988,1989,1979
49,22738,22859,290,1842,1973,992
49,22738,22859,291,1848,1980,980
49,22738,22859,292,1846,1978,1859
49,22738,22859,293,1985,1990,1895
49,22738,22859,294,1977,1986,1982
49,22738,22859,295,1985,1980,1981
49,22738,22859,296,1834,1972,906
49,22738,22859,297,1838,1981,891
49,22738,22859,298,1835,1976,1382
49,22738,22859,299,1833,1981,866
49,22738,22859,300,1831,1981,849
49,22738,22859,301,1831,1976,841
49,22738,22859,302,1828,1980,818
49,22738,22859,303,1826,1982,808
49,22738,22859,304,1823,1975,1840
49,22738,22859,305,1989,1994,1984
49,22738,22859,306,1984,1986,1987
49,22738,22859,307,1983,1979,1982
49,22738,22859,308,1987,1984,1986
49,22738,22859,309,1985,1985,1968
49,22738,22859,310,1807,1964,715
49,22738,22859,311,1815,1980,694
49,22738,22859,312,1813,1981,679
49,22738,22859,313,1807,1975,668
49,22738,22859,314,1809,1980,652
49,22738,22859,315,1809,1980,1832
49,22738,22859,316,1983,1990,1979
49,22738,22859,317,1971,1971,609
49,22738,22859,318,1806,1979,1824
49,22738,22859,319,1983,1983,587
49,22738,22859,320,1795,1977,566
49,22738,22859,321,1799,1979,555
49,22738,22859,322,1790,1974,538
49,22738,22859,323,1795,1978,523
49,22738,22859,324,1794,1979,1816
49,22738,22859,325,1982,1991,1980
49,22738,22859,326,1987,1985,1986
49,22738,22859,327,1989,1984,1985
49,22738,22859,328,1979,1980,1985
49,22738,22859,329,1989,1984,1986
49,22738,22859,330,1989,1984,1953
49,22738,22859,331,1769,1961,1079
49,22738,22859,332,1783,1976,398
49,22738,22859,333,1781,1977,381
49,22738,22859,334,1771,1973,367
49,22738,22859,335,1776,1977,1797
49,22738,22859,336,1992,1997,1981
49,22738,22859,337,1977,1981,1986
49,22738,22859,338,1988,1984,1985
49,22738,22859,339,1989,1983,1984
49,22738,22859,340,1979,1981,1986
49,22738,22859,341,1988,1983,1985
49,22738,22859,342,1989,1984,1983
49,22738,22859,343,1979,1961,1468
49,22738,22859,344,1979,1996,1974
49,22738,22859,345,1988,1985,1969
49,22738,22859,346,1799,1962,225
49,22738,22859,347,1759,1973,1777
49,22738,22859,348,1993,1997,1979
49,22738,22859,349,1976,1977,1922
49,22738,22859,350,1989,1988,1984
49,22738,22859,351,1988,1983,1625
49,22738,22859,352,1789,1967,1564
49,22738,22859,353,1810,1977,638
49,22738,22859,354,1817,1979,742
49,22738,22859,355,1824,1981,858
50,22912,23033,0,2002,2026,1880
50,22912,23033,1,1977,1989,1985
50,22912,23033,2,1987,1984,1986
50,22912,23033,3,1989,1983,1984
50,22912,23033,4,1979,1981,1987
50,22912,23033,5,1989,1983,1985
50,22912,23033,6,1990,1983,1984
50,22912,23033,7,1979,1982,1987
50,22912,23033,8,1988,1983,1987
50,22912,23033,9,1989,1983,1984
50,22912,23033,10,1982,1984,2292
50,22912,23033,11,2034,1984,2028
50,22912,23033,12,1988,1980,1984
50,22912,23033,13,1985,1987,2040
50,22912,23033,14,1986,1979,1989
50,22912,23033,15,1988,1983,1983
50,22912,23033,16,1982,1983,1988
50,22912,23033,17,1987,1982,1989
50,22912,23033,18,1988,1982,1983
50,22912,23033,19,2034,1996,3171
50,22912,23033,20,2146,1981,2108
50,22912,23033,21,1986,1974,1985
50,22912,23033,22,1984,1996,2452
50,22912,23033,23,2009,1973,2010
50,22912,23033,24,1987,1979,1989
50,22912,23033,25,2183,1999,3449
50,22912,23033,26,2176,1986,2151
50,22912,23033,27,1983,1969,2021
50,22912,23033,28,2179,1998,2164
50,22912,23033,29,2005,1974,2016
50,22912,23033,30,1987,1978,1983
50,22912,23033,31,1986,1985,2005
50,22912,23033,32,1993,1985,2011
50,22912,23033,33,2020,1987,2265
50,22912,23033,34,2157,1990,3321
50,22912,23033,35,2161,1987,2873
50,22912,23033,36,2159,1982,3295
50,22912,23033,37,2156,1986,3280
50,22912,23033,38,2154,1987,3265
50,22912,23033,39,2152,1982,3253
50,22912,23033,40,2152,1986,3237
50,22912,23033,41,2148,1987,3224
50,22912,23033,42,2145,1982,3207
50,22912,23033,43,2146,1986,3192
50,22912,23033,44,2143,1986,2106
50,22912,23033,45,2046,1982,2496
50,22912,23033,46,2139,1986,3161
50,22912,23033,47,2139,1987,3136
50,22912,23033,48,2132,1982,3116
50,22912,23033,49,2135,1986,3045
50,22912,23033,50,2040,1980,2032
50,22912,23033,51,1981,1976,1985
50,22912,23033,52,1989,1985,2009
50,22912,23033,53,1988,1984,1988
50,22912,23033,54,1980,1982,2562
50,22912,23033,55,2127,1991,3027
50,22912,23033,56,2124,1986,2089
50,22912,23033,57,1979,1972,2057
50,22912,23033,58,2121,1994,2098
50,22912,23033,59,1986,1976,1989
50,22912,23033,60,2019,1988,2953
50,22912,23033,61,2110,1986,2934
50,22912,23033,62,2110,1986,2922
50,22912,23033,63,2101,1982,2902
50,22912,23033,64,2106,1986,2086
50,22912,23033,65,1988,1977,1987
50,22912,23033,66,1980,1980,1986
50,22912,23033,67,1988,1984,1986
50,22912,23033,68,1989,1984,1985
50,22912,23033,69,1979,1980,1986
50,22912,23033,70,1989,1984,1985
50,22912,23033,71,1989,1984,1985
50,22912,23033,72,1979,1980,2007
50,22912,23033,73,2008,1985,2010
50,22912,23033,74,1988,1982,2006
50,22912,23033,75,2046,1989,2739
50,22912,23033,76,2082,1985,2066
50,22912,23033,77,1988,1978,1986
50,22912,23033,78,1983,1987,2084
50,22912,23033,79,1998,1979,1995
50,22912,23033,80,1990,1983,1985
50,22912,23033,81,1982,1986,2067
50,22912,23033,82,1989,1979,1989
50,22912,23033,83,1989,1983,1984
50,22912,23033,84,1980,1982,1987
50,22912,23033,85,1987,1982,1987
50,22912,23033,86,1988,1983,1983
50,22912,23033,87,1983,1988,2571
50,22912,23033,88,2057,1984,2050
50,22912,23033,89,1987,1978,1984
50,22912,23033,90,1982,1983,1988
50,22912,23033,91,1986,1982,1989
50,22912,23033,92,1988,1983,1984
50,22912,23033,93,2064,1989,2613
50,22912,23033,94,2067,1984,2626
50,22912,23033,95,2070,1984,2641
50,22912,23033,96,2069,1984,2652
50,22912,23033,97,2042,1981,2035
50,22912,23033,98,1987,1978,1983
50,22912,23033,99,2002,1990,2693
50,22912,23033,100,2077,1985,2069
50,22912,23033,101,2074,1982,2729
50,22912,23033,102,2081,1985,2739
50,22912,23033,103,2084,1985,2718
50,22912,23033,104,2030,1982,2767
50,22912,23033,105,2088,1985,2385
50,22912,23033,106,1992,1979,1997
50,22912,23033,107,1986,1979,1983
50,22912,23033,108,2096,1992,2078
50,22912,23033,109,1983,1978,1991
50,22912,23033,110,2031,1987,2854
50,22912,23033,111,2098,1986,2866
50,22912,23033,112,2102,1987,2311
50,22912,23033,113,2104,1981,2897
50,22912,23033,114,2106,1986,2909
50,22912,23033,115,2105,1987,2080
50,22912,23033,116,1982,1972,2308
50,22912,23033,117,2056,1990,2060
50,22912,23033,118,1984,1980,1990
50,22912,23033,119,1983,1978,1983
50,22912,23033,120,2121,1994,2096
50,22912,23033,121,1984,1977,1990
50,22912,23033,122,2123,1990,3025
50,22912,23033,123,2124,1986,3039
50,22912,23033,124,2127,1987,3054
50,22912,23033,125,2123,1982,3065
50,22912,23033,126,2130,1986,3075
50,22912,23033,127,2134,1987,3091
50,22912,23033,128,2130,1981,3108
50,22912,23033,129,2138,1986,3121
50,22912,23033,130,2139,1987,3137
50,22912,23033,131,2134,1982,3148
50,22912,23033,132,2143,1986,3161
50,22912,23033,133,2145,1987,3181
50,22912,23033,134,2139,1982,3194
50,22912,23033,135,2148,1986,2120
50,22912,23033,136,1987,1974,1989
50,22912,23033,137,1995,1991,3238
50,22912,23033,138,2154,1986,3051
50,22912,23033,139,2053,1982,2494
50,22912,23033,140,2155,1986,3281
50,22912,23033,141,2161,1987,2720
50,22912,23033,142,1998,1974,1998
50,22912,23033,143,1985,1992,3321
50,22912,23033,144,2164,1987,2137
50,22912,23033,145,1987,1972,1988
50,22912,23033,146,1981,1980,1987
50,22912,23033,147,1988,1983,1986
50,22912,23033,148,1989,1984,1985
50,22912,23033,149,1980,1982,2037
50,22912,23033,150,2026,1985,2015
50,22912,23033,151,1989,1982,1985
50,22912,23033,152,1980,1982,2017
50,22912,23033,153,2023,1985,2016
50,22912,23033,154,1988,1981,1986
50,22912,23033,155,2183,1997,3473
50,22912,23033,156,2184,1986,3471
50,22912,23033,157,2185,1986,3485
50,22912,23033,158,2183,1986,3495
50,22912,23033,159,2190,1986,2159
50,22912,23033,160,1986,1971,1987
50,22912,23033,161,1999,1997,3515
50,22912,23033,162,2187,1984,2131
50,22912,23033,163,1987,1973,1986
50,22912,23033,164,1990,1996,2188
50,22912,23033,165,1985,1972,1995
50,22912,23033,166,1989,1982,1990
50,22912,23033,167,2121,1993,2778
50,22912,23033,168,2069,1980,2055
50,22912,23033,169,1987,1978,1984
50,22912,23033,170,1983,1984,2000
50,22912,23033,171,1986,1981,1989
50,22912,23033,172,1987,1982,1981
50,22912,23033,173,1984,1985,2151
50,22912,23033,174,1995,1983,1997
50,22912,23033,175,1987,1981,1980
50,22912,23033,176,1949,1980,1750
50,22912,23033,177,1941,1983,1951
50,22912,23033,178,1986,1983,1731
50,22912,23033,179,1899,1977,1396
50,22912,23033,180,1890,1981,1903
50,22912,23033,181,1986,1979,1141
50,22912,23033,182,1852,1980,991
50,22912,23033,183,1836,1980,1858
50,22912,23033,184,1986,1976,674
50,22912,23033,185,1796,1977,538
50,22912,23033,186,1783,1978,1807
50,22912,23033,187,1985,1973,358
50,22912,23033,188,1756,1975,210
50,22912,23033,189,1759,1977,225
50,22912,23033,190,1761,1972,241
50,22912,23033,191,1764,1976,261
50,22912,23033,192,1764,1978,1793
50,22912,23033,193,1986,1993,1972
50,22912,23033,194,1790,1966,1793
50,22912,23033,195,1992,1998,1984
50,22912,23033,196,1761,1960,325
50,22912,23033,197,1774,1976,1451
50,22912,23033,198,1984,1997,1980
50,22912,23033,199,1979,1961,369
50,22912,23033,200,1776,1977,1802
50,22912,23033,201,1991,1997,1984
50,22912,23033,202,1892,1964,411
50,22912,23033,203,1786,1977,479
50,22912,23033,204,1898,1990,1907
50,22912,23033,205,1970,1971,453
50,22912,23033,206,1791,1977,1810
50,22912,23033,207,1992,1996,1982
50,22912,23033,208,1779,1963,498
50,22912,23033,209,1795,1978,509
50,22912,23033,210,1796,1979,523
50,22912,23033,211,1791,1974,538
50,22912,23033,212,1798,1979,1819
50,22912,23033,213,1992,1995,1981
50,22912,23033,214,1788,1964,894
50,22912,23033,215,1828,1982,1843
50,22912,23033,216,1992,1994,1982
50,22912,23033,217,1839,1966,623
50,22912,23033,218,1810,1978,1828
50,22912,23033,219,1992,1995,1906
50,22912,23033,220,1798,1965,665
50,22912,23033,221,1815,1979,1835
50,22912,23033,222,1992,1979,691
50,22912,23033,223,1805,1977,709
50,22912,23033,224,1818,1979,1838
50,22912,23033,225,1992,1994,1964
50,22912,23033,226,1809,1968,756
50,22912,23033,227,1825,1979,1841
50,22912,23033,228,1992,1994,1981
50,22912,23033,229,1975,1970,1652
50,22912,23033,230,1984,1992,1978
50,22912,23033,231,1988,1984,1984
50,22912,23033,232,1972,1971,836
50,22912,23033,233,1835,1979,1851
50,22912,23033,234,1991,1992,1980
50,22912,23033,235,1978,1982,1985
50,22912,23033,236,1988,1983,1987
50,22912,23033,237,1988,1983,1983
50,22912,23033,238,1981,1983,1987
50,22912,23033,239,1987,1982,1988
50,22912,23033,240,1988,1983,1982
50,22912,23033,241,1981,1983,1977
50,22912,23033,242,1912,1974,1764
50,22912,23033,243,1857,1979,1603
50,22912,23033,244,1973,1982,1028
50,22912,23033,245,1872,1981,1889
50,22912,23033,246,1988,1989,1972
50,22912,23033,247,1848,1973,1049
50,22912,23033,248,1859,1980,1065
50,22912,23033,249,1860,1979,1080
50,22912,23033,250,1861,1981,1881
50,22912,23033,251,1986,1991,1986
50,22912,23033,252,1985,1981,1982
50,22912,23033,253,1984,1983,1986
50,22912,23033,254,1985,1974,1149
50,22912,23033,255,1870,1978,1164
50,22912,23033,256,1871,1981,1176
50,22912,23033,257,1873,1982,1193
50,22912,23033,258,1876,1978,1207
50,22912,23033,259,1876,1982,1218
50,22912,23033,260,1879,1983,1235
50,22912,23033,261,1881,1978,1249
50,22912,23033,262,1882,1982,1261
50,22912,23033,263,1883,1983,1276
50,22912,23033,264,1885,1978,1291
50,22912,23033,265,1888,1982,1304
50,22912,23033,266,1889,1984,1905
50,22912,23033,267,1980,1978,1321
50,22912,23033,268,1889,1982,1299
50,22912,23033,269,1887,1983,1606
50,22912,23033,270,1882,1977,1277
50,22912,23033,271,1883,1982,1260
50,22912,23033,272,1883,1983,1250
50,22912,23033,273,1875,1977,1236
50,22912,23033,274,1879,1982,1217
50,22912,23033,275,1877,1983,1206
50,22912,23033,276,1870,1977,1191
50,22912,23033,277,1873,1982,1177
50,22912,23033,278,1873,1982,1164
50,22912,23033,279,1864,1978,1148
50,22912,23033,280,1868,1982,1678
50,22912,23033,281,1987,1991,1982
50,22912,23033,282,1974,1972,1107
50,22912,23033,283,1864,1981,1095
50,22912,23033,284,1862,1982,1077
50,22912,23033,285,1853,1977,1065
50,22912,23033,286,1857,1981,1050
50,22912,23033,287,1858,1981,1589
50,22912,23033,288,1847,1977,1021
50,22912,23033,289,1852,1981,1870
50,22912,23033,290,1991,1992,1983
50,22912,23033,291,1978,1980,1985
50,22912,23033,292,1988,1984,1985
50,22912,23033,293,1990,1984,1985
50,22912,23033,294,1979,1980,1986
50,22912,23033,295,1988,1983,1986
50,22912,23033,296,1989,1984,1985
50,22912,23033,297,1979,1981,1986
50,22912,23033,298,1988,1983,1985
50,22912,23033,299,1833,1970,871
50,22912,23033,300,1827,1977,857
50,22912,23033,301,1831,1979,1848
50,22912,23033,302,1987,1980,853
50,22912,23033,303,1820,1978,1744
50,22912,23033,304,1981,1992,1975
50,22912,23033,305,1988,1984,1984
50,22912,23033,306,1980,1982,1987
50,22912,23033,307,1988,1983,1986
50,22912,23033,308,1989,1983,1983
50,22912,23033,309,1913,1970,719
50,22912,23033,310,1819,1978,911
50,22912,23033,311,1951,1979,826
50,22912,23033,312,1804,1978,680
50,22912,23033,313,1811,1978,664
50,22912,23033,314,1810,1978,712
50,22912,23033,315,1804,1978,637
50,22912,23033,316,1805,1978,623
50,22912,23033,317,1805,1977,610
50,22912,23033,318,1799,1977,598
50,22912,23033,319,1801,1977,1311
50,22912,23033,320,1981,1993,1507
50,22912,23033,321,1788,1967,552
50,22912,23033,322,1797,1976,1824
50,22912,23033,323,1989,1990,535
50,22912,23033,324,1784,1972,508
50,22912,23033,325,1791,1977,486
50,22912,23033,326,1789,1975,483
50,22912,23033,327,1785,1977,469
50,22912,23033,328,1785,1977,454
50,22912,23033,329,1785,1974,441
50,22912,23033,330,1782,1977,424
50,22912,23033,331,1780,1977,411
50,22912,23033,332,1779,1973,395
50,22912,23033,333,1777,1977,384
50,22912,23033,334,1776,1978,1804
50,22912,23033,335,1983,1976,970
50,22912,23033,336,1772,1976,344
50,22912,23033,337,1771,1978,1798
50,22912,23033,338,1988,1992,1953
50,22912,23033,339,1760,1964,301
50,22912,23033,340,1767,1977,282
50,22912,23033,341,1764,1972,272
50,22912,23033,342,1764,1975,256
50,22912,23033,343,1763,1976,239
50,22912,23033,344,1757,1971,226
50,22912,23033,345,1759,1975,212
50,22912,23033,346,1757,1976,188
50,22912,23033,347,1752,1970,193
50,22912,23033,348,1755,1974,170
50,22912,23033,349,1767,1977,253
50,22912,23033,350,1766,1973,349
50,22912,23033,351,1781,1977,439
50,22912,23033,352,1796,1980,543
50,22912,23033,353,1799,1975,631
50,22912,23033,354,1820,1981,791
50,22912,23033,355,1839,1983,953
51,23093,23214,0,1998,2025,1149
51,23093,23214,1,1871,1984,1197
51,23093,23214,2,1886,1984,1905
51,23093,23214,3,1964,1979,1405
51,23093,23214,4,1914,1982,1488
51,23093,23214,5,1928,1985,1640
51,23093,23214,6,1937,1980,1763
51,23093,23214,7,1961,1984,1887
51,23093,23214,8,1980,1985,2015
51,23093,23214,9,1990,1981,2156
51,23093,23214,10,2017,1985,2294
51,23093,23214,11,2033,1985,2021
51,23093,23214,12,2045,1983,2553
51,23093,23214,13,2076,1985,2053
51,23093,23214,14,1988,1979,1987
51,23093,23214,15,2105,1989,2983
51,23093,23214,16,2131,1986,2727
51,23093,23214,17,2131,1987,3264
51,23093,23214,18,2167,1984,3453
51,23093,23214,19,2189,1986,2155
51,23093,23214,20,1987,1971,2995
51,23093,23214,21,2185,1995,3472
51,23093,23214,22,2184,1986,3472
51,23093,23214,23,2186,1987,3477
51,23093,23214,24,2178,1984,3464
51,23093,23214,25,2180,1984,2122
51,23093,23214,26,1988,1973,1987
51,23093,23214,27,1981,1981,1987
51,23093,23214,28,1988,1982,1985
51,23093,23214,29,1989,1983,1984
51,23093,23214,30,1985,1995,3373
51,23093,23214,31,2169,1986,3367
51,23093,23214,32,2170,1986,3353
51,23093,23214,33,2160,1984,2770
51,23093,23214,34,1998,1972,1999
51,23093,23214,35,1990,1981,1983
51,23093,23214,36,1981,1983,1988
51,23093,23214,37,1987,1982,1988
51,23093,23214,38,1988,1983,1983
51,23093,23214,39,2007,1994,3253
51,23093,23214,40,2149,1985,3237
51,23093,23214,41,2151,1985,3224
51,23093,23214,42,2145,1985,3200
51,23093,23214,43,2146,1985,3193
51,23093,23214,44,2143,1983,2097
51,23093,23214,45,1981,1987,3166
51,23093,23214,46,2143,1984,2120
51,23093,23214,47,1986,1981,2124
51,23093,23214,48,2135,1988,3099
51,23093,23214,49,2134,1985,3107
51,23093,23214,50,2132,1983,3095
51,23093,23214,51,2128,1985,3081
51,23093,23214,52,2126,1985,2104
51,23093,23214,53,2127,1984,3055
51,23093,23214,54,2123,1986,3035
51,23093,23214,55,2123,1986,3022
51,23093,23214,56,2120,1982,3015
51,23093,23214,57,2117,1985,2357
51,23093,23214,58,1988,1977,1994
51,23093,23214,59,1986,1979,1982
51,23093,23214,60,1986,1984,1987
51,23093,23214,61,1985,1996,2936
51,23093,23214,62,2108,1981,2925
51,23093,23214,63,2106,1985,2914
51,23093,23214,64,2103,1987,2896
51,23093,23214,65,2100,1981,2880
51,23093,23214,66,2100,1985,2872
51,23093,23214,67,2098,1987,2178
51,23093,23214,68,2094,1981,2845
51,23093,23214,69,2095,1986,2824
51,23093,23214,70,2093,1987,2810
51,23093,23214,71,2087,1981,2800
51,23093,23214,72,2090,1985,2783
51,23093,23214,73,2088,1986,2768
51,23093,23214,74,2081,1981,2749
51,23093,23214,75,2084,1986,2739
51,23093,23214,76,2083,1986,2714
51,23093,23214,77,2071,1980,2054
51,23093,23214,78,1987,1979,1988
51,23093,23214,79,1988,1985,1988
51,23093,23214,80,1980,1979,1984
51,23093,23214,81,1988,1984,1986
51,23093,23214,82,1989,1984,1987
51,23093,23214,83,2063,1986,2624
51,23093,23214,84,2066,1985,2612
51,23093,23214,85,2065,1985,2596
51,23093,23214,86,2056,1981,2580
51,23093,23214,87,2061,1985,2048
51,23093,23214,88,1988,1979,1987
51,23093,23214,89,1980,1980,1986
51,23093,23214,90,1989,1984,1986
51,23093,23214,91,1990,1984,1985
51,23093,23214,92,1979,1980,1986
51,23093,23214,93,1989,1984,1987
51,23093,23214,94,1989,1984,1985
51,23093,23214,95,1979,1988,2637
51,23093,23214,96,2074,1984,2651
51,23093,23214,97,2074,1985,2666
51,23093,23214,98,2070,1983,2682
51,23093,23214,99,2078,1984,2698
51,23093,23214,100,2080,1984,2084
51,23093,23214,101,2076,1984,2728
51,23093,23214,102,2084,1984,2059
51,23093,23214,103,1989,1978,1986
51,23093,23214,104,1980,1981,1988
51,23093,23214,105,1988,1983,1986
51,23093,23214,106,1989,1983,1984
51,23093,23214,107,1980,1991,2806
51,23093,23214,108,2096,1983,2070
51,23093,23214,109,1988,1976,2136
51,23093,23214,110,2098,1991,2855
51,23093,23214,111,2100,1984,2866
51,23093,23214,112,2104,1985,2882
51,23093,23214,113,2101,1984,2896
51,23093,23214,114,2107,1984,2907
51,23093,23214,115,2109,1985,2925
51,23093,23214,116,2107,1985,2937
51,23093,23214,117,2113,1984,2950
51,23093,23214,118,2115,1984,2966
51,23093,23214,119,2113,1985,2979
51,23093,23214,120,2120,1985,2996
51,23093,23214,121,2121,1984,3002
51,23093,23214,122,2074,1981,2058
51,23093,23214,123,1985,1977,1999
51,23093,23214,124,2130,1992,3023
51,23093,23214,125,2043,1979,2037
51,23093,23214,126,1985,1979,2056
51,23093,23214,127,2136,1992,3094
51,23093,23214,128,2131,1986,3110
51,23093,23214,129,2135,1986,3120
51,23093,23214,130,2137,1982,3137
51,23093,23214,131,2138,1986,3152
51,23093,23214,132,2139,1986,2102
51,23093,23214,133,2140,1983,3180
51,23093,23214,134,2144,1986,2122
51,23093,23214,135,1983,1975,1992
51,23093,23214,136,1986,1979,2344
51,23093,23214,137,2155,1995,2126
51,23093,23214,138,1981,1976,2245
51,23093,23214,139,2159,1992,3272
51,23093,23214,140,2155,1987,2729
51,23093,23214,141,1994,1975,2000
51,23093,23214,142,2023,1989,3313
51,23093,23214,143,2160,1987,2158
51,23093,23214,144,1984,1974,1992
51,23093,23214,145,2064,1991,3351
51,23093,23214,146,2167,1987,2140
51,23093,23214,147,1985,1973,1991
51,23093,23214,148,1982,1979,2028
51,23093,23214,149,2179,1999,2160
51,23093,23214,150,1984,1974,1991
51,23093,23214,151,1982,1996,3436
51,23093,23214,152,2184,1987,2151
51,23093,23214,153,1986,1973,1992
51,23093,23214,154,1982,1980,3092
51,23093,23214,155,2189,1996,2152
51,23093,23214,156,1985,1972,1990
51,23093,23214,157,1981,1979,2350
51,23093,23214,158,2193,1999,2153
51,23093,23214,159,1985,1972,1990
51,23093,23214,160,1982,1992,3247
51,23093,23214,161,2195,1989,3511
51,23093,23214,162,2190,1987,3478
51,23093,23214,163,2170,1982,3406
51,23093,23214,164,2167,1986,3283
51,23093,23214,165,2153,1986,3232
51,23093,23214,166,2135,1982,3115
51,23093,23214,167,2127,1985,2827
51,23093,23214,168,2039,1979,2027
51,23093,23214,169,1980,1978,1987
51,23093,23214,170,1988,1984,1985
51,23093,23214,171,1989,1983,1984
51,23093,23214,172,1979,1981,2029
51,23093,23214,173,2023,1986,2015
51,23093,23214,174,1989,1982,1984
51,23093,23214,175,1973,1980,1924
51,23093,23214,176,1958,1981,1778
51,23093,23214,177,1942,1981,1615
51,23093,23214,178,1920,1980,1540
51,23093,23214,179,1910,1981,1412
51,23093,23214,180,1893,1980,1282
51,23093,23214,181,1871,1979,1142
51,23093,23214,182,1857,1979,1872
51,23093,23214,183,1991,1992,1981
51,23093,23214,184,1980,1983,1987
51,23093,23214,185,1987,1982,1987
51,23093,23214,186,1989,1984,1982
51,23093,23214,187,1780,1964,309
51,23093,23214,188,1762,1973,295
51,23093,23214,189,1893,1989,1897
51,23093,23214,190,1982,1989,1986
51,23093,23214,191,1986,1983,1988
51,23093,23214,192,1987,1983,1981
51,23093,23214,193,1982,1983,1985
51,23093,23214,194,1914,1975,540
51,23093,23214,195,1768,1969,315
51,23093,23214,196,1770,1976,319
51,23093,23214,197,1773,1975,1797
51,23093,23214,198,1990,1984,722
51,23093,23214,199,1768,1974,1058
51,23093,23214,200,1974,1995,1972
51,23093,23214,201,1972,1968,396
51,23093,23214,202,1783,1976,952
51,23093,23214,203,1967,1995,1969
51,23093,23214,204,1984,1982,1981
51,23093,23214,205,1985,1984,1987
51,23093,23214,206,1985,1985,1989
51,23093,23214,207,1984,1966,479
51,23093,23214,208,1786,1977,496
51,23093,23214,209,1792,1980,508
51,23093,23214,210,1794,1974,526
51,23093,23214,211,1795,1979,541
51,23093,23214,212,1797,1981,1823
51,23093,23214,213,1978,1978,587
51,23093,23214,214,1802,1979,578
51,23093,23214,215,1801,1980,593
51,23093,23214,216,1802,1975,611
51,23093,23214,217,1806,1979,1824
51,23093,23214,218,1807,1981,644
51,23093,23214,219,1806,1975,1829
51,23093,23214,220,1990,1994,1983
51,23093,23214,221,1985,1986,1985
51,23093,23214,222,1888,1966,702
51,23093,23214,223,1819,1979,1835
51,23093,23214,224,1983,1983,722
51,23093,23214,225,1815,1975,739
51,23093,23214,226,1821,1980,733
51,23093,23214,227,1824,1981,874
51,23093,23214,228,1819,1976,780
51,23093,23214,229,1826,1980,1275
51,23093,23214,230,1978,1994,1973
51,23093,23214,231,1978,1967,824
51,23093,23214,232,1830,1981,1849
51,23093,23214,233,1991,1994,1984
51,23093,23214,234,1978,1980,1984
51,23093,23214,235,1895,1973,928
51,23093,23214,236,1841,1981,892
51,23093,23214,237,1834,1977,905
51,23093,23214,238,1842,1981,923
51,23093,23214,239,1843,1980,947
51,23093,23214,240,1901,1982,1917
51,23093,23214,241,1900,1978,964
51,23093,23214,242,1850,1981,983
51,23093,23214,243,1844,1978,989
51,23093,23214,244,1853,1981,1011
51,23093,23214,245,1855,1981,1021
51,23093,23214,246,1849,1978,1034
51,23093,23214,247,1858,1981,1873
51,23093,23214,248,1991,1992,1982
51,23093,23214,249,1978,1981,1986
51,23093,23214,250,1860,1973,1881
51,23093,23214,251,1992,1991,1982
51,23093,23214,252,1886,1973,1136
51,23093,23214,253,1869,1980,1882
51,23093,23214,254,1991,1990,1981
51,23093,23214,255,1979,1982,1987
51,23093,23214,256,1988,1983,1986
51,23093,23214,257,1989,1975,1273
51,23093,23214,258,1869,1980,1205
51,23093,23214,259,1880,1981,1218
51,23093,23214,260,1880,1981,1234
51,23093,23214,261,1877,1981,1247
51,23093,23214,262,1884,1981,1900
51,23093,23214,263,1989,1990,1981
51,23093,23214,264,1981,1983,1826
51,23093,23214,265,1886,1976,1318
51,23093,23214,266,1892,1981,1319
51,23093,23214,267,1887,1982,1321
51,23093,23214,268,1888,1981,1302
51,23093,23214,269,1888,1981,1292
51,23093,23214,270,1881,1981,1276
51,23093,23214,271,1883,1981,1901
51,23093,23214,272,1988,1988,1980
51,23093,23214,273,1982,1984,1987
51,23093,23214,274,1986,1983,1989
51,23093,23214,275,1986,1981,1982
51,23093,23214,276,1984,1983,1900
51,23093,23214,277,1884,1976,1904
51,23093,23214,278,1987,1986,1980
51,23093,23214,279,1971,1976,1149
51,23093,23214,280,1868,1982,1886
51,23093,23214,281,1987,1987,1979
51,23093,23214,282,1985,1984,1986
51,23093,23214,283,1985,1985,1989
51,23093,23214,284,1985,1979,1982
51,23093,23214,285,1986,1984,1987
51,23093,23214,286,1984,1983,1926
51,23093,23214,287,1886,1971,1037
51,23093,23214,288,1853,1980,1022
51,23093,23214,289,1850,1983,1005
51,23093,23214,290,1847,1977,990
51,23093,23214,291,1847,1981,979
51,23093,23214,292,1846,1982,972
51,23093,23214,293,1841,1976,952
51,23093,23214,294,1843,1981,933
51,23093,23214,295,1842,1982,1862
51,23093,23214,296,1983,1988,1980
51,23093,23214,297,1987,1985,1986
51,23093,23214,298,1987,1985,1988
51,23093,23214,299,1980,1979,1563
51,23093,23214,300,1830,1971,852
51,23093,23214,301,1834,1981,838
51,23093,23214,302,1824,1976,826
51,23093,23214,303,1829,1981,811
51,23093,23214,304,1828,1981,1846
51,23093,23214,305,1982,1976,779
51,23093,23214,306,1820,1980,757
51,23093,23214,307,1823,1981,752
51,23093,23214,308,1813,1976,739
51,23093,23214,309,1818,1980,718
51,23093,23214,310,1817,1980,710
51,23093,23214,311,1808,1975,694
51,23093,23214,312,1814,1980,679
51,23093,23214,313,1813,1980,1829
51,23093,23214,314,1982,1990,1778
51,23093,23214,315,1803,1969,635
51,23093,23214,316,1810,1979,1824
51,23093,23214,317,1968,1978,610
51,23093,23214,318,1805,1979,592
51,23093,23214,319,1802,1979,581
51,23093,23214,320,1793,1975,566
51,23093,23214,321,1799,1977,549
51,23093,23214,322,1798,1978,1814
51,23093,23214,323,1976,1979,525
51,23093,23214,324,1795,1977,1044
51,23093,23214,325,1974,1994,1965
51,23093,23214,326,1777,1965,482
51,23093,23214,327,1790,1977,469
51,23093,23214,328,1787,1977,455
51,23093,23214,329,1779,1975,440
51,23093,23214,330,1784,1977,425
51,23093,23214,331,1783,1977,412
51,23093,23214,332,1774,1976,393
51,23093,23214,333,1779,1976,381
51,23093,23214,334,1778,1977,368
51,23093,23214,335,1771,1975,355
51,23093,23214,336,1774,1975,339
51,23093,23214,337,1772,1975,328
51,23093,23214,338,1766,1975,310
51,23093,23214,339,1768,1975,1794
51,23093,23214,340,1990,1996,1959
51,23093,23214,341,1753,1962,258
51,23093,23214,342,1765,1973,254
51,23093,23214,343,1762,1974,239
51,23093,23214,344,1757,1974,222
51,23093,23214,345,1759,1974,213
51,23093,23214,346,1758,1972,196
51,23093,23214,347,1753,1974,180
51,23093,23214,348,1753,1974,168
51,23093,23214,349,1761,1973,255
51,23093,23214,350,1769,1976,340
51,23093,23214,351,1780,1978,1809
51,23093,23214,352,1988,1990,1905
51,23093,23214,353,1810,1971,661
51,23093,23214,354,1821,1982,794
51,23093,23214,355,1834,1977,1048
52,23276,23397,0,2008,2033,1158
52,23276,23397,1,1866,1979,1193
52,23276,23397,2,1885,1983,1287
52,23276,23397,3,1898,1984,1388
52,23276,23397,4,1904,1979,1499
52,23276,23397,5,1948,1985,1937
52,23276,23397,6,1944,1985,1749
52,23276,23397,7,1953,1980,1881
52,23276,23397,8,1978,1985,2010
52,23276,23397,9,1998,1986,2155
52,23276,23397,10,2009,1981,2286
52,23276,23397,11,2036,1986,2424
52,23276,23397,12,2056,1986,2562
52,23276,23397,13,2065,1982,2701
52,23276,23397,14,2092,1986,2839
52,23276,23397,15,2110,1985,2077
52,23276,23397,16,2123,1984,3123
52,23276,23397,17,2150,1987,3255
52,23276,23397,18,2172,1987,3412
52,23276,23397,19,2180,1983,3500
52,23276,23397,20,2189,1987,3486
52,23276,23397,21,2186,1986,3470
52,23276,23397,22,2179,1983,3473
52,23276,23397,23,2187,1987,3477
52,23276,23397,24,2185,1986,3465
52,23276,23397,25,2176,1983,3450
52,23276,23397,26,2180,1987,2146
52,23276,23397,27,1987,1972,1988
52,23276,23397,28,1980,1980,1988
52,23276,23397,29,1988,1983,1986
52,23276,23397,30,1989,1983,1984
52,23276,23397,31,1979,1981,1987
52,23276,23397,32,1988,1983,1986
52,23276,23397,33,1989,1983,1984
52,23276,23397,34,2160,1995,3020
52,23276,23397,35,2022,1976,2019
52,23276,23397,36,1989,1981,2170
52,23276,23397,37,2157,1995,2131
52,23276,23397,38,1984,1972,1990
52,23276,23397,39,1990,1982,1984
52,23276,23397,40,1983,1983,1998
52,23276,23397,41,1988,1982,1988
52,23276,23397,42,1988,1988,3162
52,23276,23397,43,2144,1988,3195
52,23276,23397,44,2144,1985,3178
52,23276,23397,45,2142,1985,3165
52,23276,23397,46,2136,1985,3149
52,23276,23397,47,2138,1985,3136
52,23276,23397,48,2136,1985,3124
52,23276,23397,49,2130,1984,2097
52,23276,23397,50,1985,1974,1992
52,23276,23397,51,1989,1982,1982
52,23276,23397,52,1983,1984,1988
52,23276,23397,53,1986,1983,1989
52,23276,23397,54,1986,1981,2322
52,23276,23397,55,2123,1995,3028
52,23276,23397,56,2119,1986,2105
52,23276,23397,57,1984,1972,1984
52,23276,23397,58,2119,1994,2982
52,23276,23397,59,2113,1986,2086
52,23276,23397,60,1984,1972,1984
52,23276,23397,61,1986,1984,1988
52,23276,23397,62,1985,1985,1989
52,23276,23397,63,1985,1979,2114
52,23276,23397,64,2106,1993,2896
52,23276,23397,65,2101,1987,2089
52,23276,23397,66,1983,1972,2131
52,23276,23397,67,2102,1992,2855
52,23276,23397,68,2094,1987,2072
52,23276,23397,69,1982,1973,1985
52,23276,23397,70,1988,1984,1990
52,23276,23397,71,1986,1985,1989
52,23276,23397,72,1983,1979,1983
52,23276,23397,73,1991,1993,2329
52,23276,23397,74,1991,1980,1994
52,23276,23397,75,1982,1978,1983
52,23276,23397,76,2040,1991,2402
52,23276,23397,77,2009,1981,2009
52,23276,23397,78,1981,1985,2700
52,23276,23397,79,2077,1985,2680
52,23276,23397,80,2075,1986,2063
52,23276,23397,81,1979,1974,2049
52,23276,23397,82,2073,1990,2612
52,23276,23397,83,2021,1982,2016
52,23276,23397,84,1980,1978,2422
52,23276,23397,85,2068,1989,2597
52,23276,23397,86,2063,1985,2050
52,23276,23397,87,2055,1981,2566
52,23276,23397,88,2059,1985,2554
52,23276,23397,89,2058,1986,2558
52,23276,23397,90,2054,1981,2567
52,23276,23397,91,2064,1985,2585
52,23276,23397,92,2065,1985,2599
52,23276,23397,93,2060,1982,2613
52,23276,23397,94,2069,1985,2627
52,23276,23397,95,2071,1985,2640
52,23276,23397,96,2066,1981,2655
52,23276,23397,97,2075,1985,2671
52,23276,23397,98,2078,1986,2682
52,23276,23397,99,2071,1982,2696
52,23276,23397,100,2081,1985,2706
52,23276,23397,101,2083,1985,2726
52,23276,23397,102,2077,1983,2070
52,23276,23397,103,1987,1977,2076
52,23276,23397,104,2091,1991,2767
52,23276,23397,105,2083,1983,2075
52,23276,23397,106,1986,1977,1988
52,23276,23397,107,2097,1991,2811
52,23276,23397,108,2089,1984,2825
52,23276,23397,109,2098,1984,2837
52,23276,23397,110,2100,1986,2851
52,23276,23397,111,2095,1984,2865
52,23276,23397,112,2103,1984,2075
52,23276,23397,113,1991,1985,2902
52,23276,23397,114,2101,1985,2088
52,23276,23397,115,1984,1975,1990
52,23276,23397,116,2115,1992,2940
52,23276,23397,117,2108,1985,2950
52,23276,23397,118,2114,1985,2968
52,23276,23397,119,2117,1985,2982
52,23276,23397,120,2115,1985,2996
52,23276,23397,121,2120,1985,2102
52,23276,23397,122,2123,1985,3024
52,23276,23397,123,2121,1985,2105
52,23276,23397,124,1984,1973,1992
52,23276,23397,125,1988,1981,1982
52,23276,23397,126,1983,1984,1988
52,23276,23397,127,1986,1983,1989
52,23276,23397,128,1986,1981,2485
52,23276,23397,129,2138,1995,3123
52,23276,23397,130,2134,1985,2099
52,23276,23397,131,1984,1972,2091
52,23276,23397,132,2000,1985,1998
52,23276,23397,133,1985,1983,1989
52,23276,23397,134,1986,1980,1982
52,23276,23397,135,1985,1984,1988
52,23276,23397,136,1985,1985,1989
52,23276,23397,137,1985,1979,1982
52,23276,23397,138,1985,1984,1987
52,23276,23397,139,1985,1985,1989
52,23276,23397,140,1985,1979,1982
52,23276,23397,141,1986,1984,1988
52,23276,23397,142,1985,1985,1989
52,23276,23397,143,1983,1979,1983
52,23276,23397,144,1986,1984,1987
52,23276,23397,145,1986,1985,1989
52,23276,23397,146,1983,1979,1982
52,23276,23397,147,1987,1984,1987
52,23276,23397,148,1987,1985,1988
52,23276,23397,149,1982,1995,3404
52,23276,23397,150,2179,1987,3421
52,23276,23397,151,2180,1988,3434
52,23276,23397,152,2176,1982,3449
52,23276,23397,153,2183,1987,2156
52,23276,23397,154,1991,1987,3284
52,23276,23397,155,2179,1982,3472
52,23276,23397,156,2183,1985,2126
52,23276,23397,157,1995,1987,3486
52,23276,23397,158,2180,1983,3496
52,23276,23397,159,2190,1987,2155
52,23276,23397,160,1987,1972,1990
52,23276,23397,161,1983,1979,2004
52,23276,23397,162,2021,1998,3421
52,23276,23397,163,2180,1987,3384
52,23276,23397,164,2156,1982,3257
52,23276,23397,165,2147,1985,3156
52,23276,23397,166,2134,1985,3047
52,23276,23397,167,2111,1982,2987
52,23276,23397,168,2106,1985,2413
52,23276,23397,169,1994,1978,1992
52,23276,23397,170,1980,1979,1986
52,23276,23397,171,1989,1984,1986
52,23276,23397,172,1990,1986,2286
52,23276,23397,173,2018,1981,2238
52,23276,23397,174,2004,1983,2104
52,23276,23397,175,1989,1983,1966
52,23276,23397,176,1957,1979,1807
52,23276,23397,177,1944,1981,1650
52,23276,23397,178,1931,1982,1573
52,23276,23397,179,1901,1979,1372
52,23276,23397,180,1894,1980,1271
52,23276,23397,181,1877,1981,1153
52,23276,23397,182,1852,1978,999
52,23276,23397,183,1844,1979,864
52,23276,23397,184,1825,1978,737
52,23276,23397,185,1802,1977,634
52,23276,23397,186,1794,1976,446
52,23276,23397,187,1778,1975,314
52,23276,23397,188,1754,1973,211
52,23276,23397,189,1762,1975,1790
52,23276,23397,190,1992,1996,1978
52,23276,23397,191,1979,1983,1940
52,23276,23397,192,1854,1965,626
52,23276,23397,193,1768,1974,284
52,23276,23397,194,1764,1975,298
52,23276,23397,195,1770,1975,310
52,23276,23397,196,1773,1975,1776
52,23276,23397,197,1971,1995,1971
52,23276,23397,198,1985,1984,1988
52,23276,23397,199,1986,1981,1976
52,23276,23397,200,1983,1984,1986
52,23276,23397,201,1986,1983,1988
52,23276,23397,202,1982,1976,1615
52,23276,23397,203,1776,1970,1785
52,23276,23397,204,1952,1993,1954
52,23276,23397,205,1985,1983,1981
52,23276,23397,206,1984,1984,1986
52,23276,23397,207,1983,1978,1297
52,23276,23397,208,1787,1969,498
52,23276,23397,209,1791,1978,510
52,23276,23397,210,1793,1979,539
52,23276,23397,211,1795,1975,540
52,23276,23397,212,1796,1978,552
52,23276,23397,213,1798,1979,1821
52,23276,23397,214,1987,1991,1978
52,23276,23397,215,1985,1985,1986
52,23276,23397,216,1985,1986,1989
52,23276,23397,217,1983,1979,1982
52,23276,23397,218,1986,1985,1987
52,23276,23397,219,1986,1985,1988
52,23276,23397,220,1983,1979,1982
52,23276,23397,221,1987,1984,1987
52,23276,23397,222,1986,1985,1988
52,23276,23397,223,1982,1979,1509
52,23276,23397,224,1813,1971,1838
52,23276,23397,225,1990,1995,1985
52,23276,23397,226,1979,1980,1982
52,23276,23397,227,1987,1984,1986
52,23276,23397,228,1987,1985,1988
52,23276,23397,229,1816,1966,796
52,23276,23397,230,1829,1980,1848
52,23276,23397,231,1990,1994,1985
52,23276,23397,232,1978,1980,1984
52,23276,23397,233,1988,1984,1986
52,23276,23397,234,1988,1984,1977
52,23276,23397,235,1826,1967,1099
52,23276,23397,236,1840,1981,929
52,23276,23397,237,1841,1982,907
52,23276,23397,238,1835,1977,920
52,23276,23397,239,1844,1981,1550
52,23276,23397,240,1987,1993,1979
52,23276,23397,241,1922,1970,1002
52,23276,23397,242,1850,1981,1867
52,23276,23397,243,1991,1992,1982
52,23276,23397,244,1840,1969,1003
52,23276,23397,245,1854,1981,1871
52,23276,23397,246,1991,1992,1982
52,23276,23397,247,1947,1972,1747
52,23276,23397,248,1862,1981,1775
52,23276,23397,249,1897,1982,1091
52,23276,23397,250,1857,1979,1093
52,23276,23397,251,1865,1981,1107
52,23276,23397,252,1867,1982,1120
52,23276,23397,253,1861,1979,1136
52,23276,23397,254,1870,1981,1151
52,23276,23397,255,1871,1981,1164
52,23276,23397,256,1867,1980,1178
52,23276,23397,257,1875,1981,1191
52,23276,23397,258,1877,1981,1209
52,23276,23397,259,1872,1980,1896
52,23276,23397,260,1989,1989,1985
52,23276,23397,261,1987,1983,1983
52,23276,23397,262,1980,1982,1987
52,23276,23397,263,1987,1982,1987
52,23276,23397,264,1988,1982,1854
52,23276,23397,265,1881,1976,1304
52,23276,23397,266,1891,1981,1321
52,23276,23397,267,1891,1981,1320
52,23276,23397,268,1885,1981,1306
52,23276,23397,269,1887,1981,1903
52,23276,23397,270,1988,1989,1417
52,23276,23397,271,1877,1976,1898
52,23276,23397,272,1988,1988,1987
52,23276,23397,273,1987,1983,1898
52,23276,23397,274,1872,1975,1224
52,23276,23397,275,1877,1980,1613
52,23276,23397,276,1910,1980,1193
52,23276,23397,277,1870,1981,1177
52,23276,23397,278,1870,1982,1891
52,23276,23397,279,1869,1979,1148
52,23276,23397,280,1864,1981,1133
52,23276,23397,281,1864,1982,1172
52,23276,23397,282,1867,1978,1107
52,23276,23397,283,1860,1981,1092
52,23276,23397,284,1860,1982,1079
52,23276,23397,285,1858,1977,1063
52,23276,23397,286,1856,1981,1048
52,23276,23397,287,1854,1983,1036
52,23276,23397,288,1852,1977,1021
52,23276,23397,289,1850,1981,1008
52,23276,23397,290,1848,1983,1855
52,23276,23397,291,1846,1977,980
52,23276,23397,292,1846,1981,965
52,23276,23397,293,1844,1983,1793
52,23276,23397,294,1840,1977,936
52,23276,23397,295,1840,1981,922
52,23276,23397,296,1839,1982,1860
52,23276,23397,297,1979,1978,892
52,23276,23397,298,1836,1981,879
52,23276,23397,299,1834,1982,862
52,23276,23397,300,1828,1976,851
52,23276,23397,301,1831,1981,1849
52,23276,23397,302,1990,1994,1985
52,23276,23397,303,1979,1980,1847
52,23276,23397,304,1822,1971,1847
52,23276,23397,305,1992,1994,1984
52,23276,23397,306,1979,1980,1984
52,23276,23397,307,1987,1984,1984
52,23276,23397,308,1988,1984,1986
52,23276,23397,309,1980,1979,1625
52,23276,23397,310,1813,1971,1837
52,23276,23397,311,1993,1994,1983
52,23276,23397,312,1978,1980,1359
52,23276,23397,313,1807,1970,1831
52,23276,23397,314,1992,1995,1983
52,23276,23397,315,1978,1966,635
52,23276,23397,316,1805,1979,1327
52,23276,23397,317,1983,1994,1975
52,23276,23397,318,1790,1965,596
52,23276,23397,319,1803,1978,1823
52,23276,23397,320,1992,1995,1981
52,23276,23397,321,1844,1967,1792
52,23276,23397,322,1799,1978,1815
52,23276,23397,323,1976,1980,926
52,23276,23397,324,1785,1975,511
52,23276,23397,325,1792,1977,496
52,23276,23397,326,1791,1977,481
52,23276,23397,327,1782,1975,465
52,23276,23397,328,1787,1977,454
52,23276,23397,329,1786,1977,442
52,23276,23397,330,1778,1975,422
52,23276,23397,331,1783,1976,1020
52,23276,23397,332,1975,1986,562
52,23276,23397,333,1768,1974,383
52,23276,23397,334,1778,1976,370
52,23276,23397,335,1776,1976,357
52,23276,23397,336,1768,1975,339
52,23276,23397,337,1773,1975,334
52,23276,23397,338,1771,1975,313
52,23276,23397,339,1764,1974,298
52,23276,23397,340,1768,1974,1792
52,23276,23397,341,1991,1996,1977
52,23276,23397,342,1752,1961,254
52,23276,23397,343,1763,1974,1786
52,23276,23397,344,1991,1996,1977
52,23276,23397,345,1980,1964,211
52,23276,23397,346,1754,1973,198
52,23276,23397,347,1756,1973,189
52,23276,23397,348,1751,1973,169
52,23276,23397,349,1757,1973,1781
52,23276,23397,350,1991,1995,1978
52,23276,23397,351,1982,1985,1987
52,23276,23397,352,1986,1983,1988
52,23276,23397,353,1800,1965,660
52,23276,23397,354,1817,1980,770
52,23276,23397,355,1831,1981,1852
53,23454,23575,0,2011,2027,1762
53,23454,23575,1,1879,1983,1302
53,23454,23575,2,1897,1982,1389
53,23454,23575,3,1910,1983,1491
53,23454,23575,4,1916,1982,1585
53,23454,23575,5,1935,1982,1687
53,23454,23575,6,1952,1983,1806
53,23454,23575,7,1962,1983,1943
53,23454,23575,8,1984,1983,1988
53,23454,23575,9,1986,1982,1982
53,23454,23575,10,1984,1984,1988
53,23454,23575,11,1985,1982,1989
53,23454,23575,12,1987,1981,1982
53,23454,23575,13,1984,1983,1988
53,23454,23575,14,1985,1984,1989
53,23454,23575,15,1986,1986,2886
53,23454,23575,16,2118,1987,3036
53,23454,23575,17,2136,1987,2119
53,23454,23575,18,1983,1979,3341
53,23454,23575,19,2178,1988,3323
53,23454,23575,20,2041,1977,2036
53,23454,23575,21,1985,1975,1984
53,23454,23575,22,2188,1999,3472
53,23454,23575,23,2181,1989,2153
53,23454,23575,24,1990,1979,3465
53,23454,23575,25,2179,1987,3450
53,23454,23575,26,2179,1988,3435
53,23454,23575,27,2176,1982,3417
53,23454,23575,28,2174,1987,3408
53,23454,23575,29,2173,1988,2146
53,23454,23575,30,1980,1967,1986
53,23454,23575,31,1989,1983,1986
53,23454,23575,32,1987,1985,1988
53,23454,23575,33,1981,1979,1984
53,23454,23575,34,1988,1984,1987
53,23454,23575,35,1987,1985,1989
53,23454,23575,36,1981,1979,1984
53,23454,23575,37,2163,1998,3281
53,23454,23575,38,2155,1987,3266
53,23454,23575,39,2149,1982,3253
53,23454,23575,40,2154,1986,3235
53,23454,23575,41,2152,1987,3224
53,23454,23575,42,2143,1982,3207
53,23454,23575,43,2147,1986,3191
53,23454,23575,44,2145,1985,2102
53,23454,23575,45,2137,1983,3165
53,23454,23575,46,2141,1986,3150
53,23454,23575,47,2141,1987,3126
53,23454,23575,48,2131,1982,3122
53,23454,23575,49,2133,1986,2211
53,23454,23575,50,1989,1975,1989
53,23454,23575,51,1980,1980,1986
53,23454,23575,52,1988,1984,1986
53,23454,23575,53,1990,1984,1986
53,23454,23575,54,2122,1992,3037
53,23454,23575,55,2123,1985,3024
53,23454,23575,56,2122,1986,3010
53,23454,23575,57,2112,1983,2995
53,23454,23575,58,2119,1985,2097
53,23454,23575,59,1988,1976,1987
53,23454,23575,60,1980,1981,1987
53,23454,23575,61,1988,1983,1985
53,23454,23575,62,1990,1984,2313
53,23454,23575,63,2104,1990,2910
53,23454,23575,64,2105,1985,2466
53,23454,23575,65,1994,1977,2620
53,23454,23575,66,2100,1990,2867
53,23454,23575,67,2099,1983,2071
53,23454,23575,68,1988,1985,2838
53,23454,23575,69,2092,1984,2823
53,23454,23575,70,2093,1984,2815
53,23454,23575,71,2091,1984,2798
53,23454,23575,72,2084,1984,2781
53,23454,23575,73,2088,1984,2768
53,23454,23575,74,2087,1984,2067
53,23454,23575,75,1980,1977,1989
53,23454,23575,76,1987,1982,1988
53,23454,23575,77,2082,1991,2711
53,23454,23575,78,2072,1984,2698
53,23454,23575,79,2076,1983,2681
53,23454,23575,80,2074,1984,2668
53,23454,23575,81,2069,1984,2654
53,23454,23575,82,2069,1983,2640
53,23454,23575,83,2069,1982,2625
53,23454,23575,84,2063,1984,2050
53,23454,23575,85,1985,1979,1990
53,23454,23575,86,1987,1981,1982
53,23454,23575,87,1984,1984,1988
53,23454,23575,88,1985,1984,2524
53,23454,23575,89,2059,1986,2557
53,23454,23575,90,2057,1984,2568
53,23454,23575,91,2034,1983,2028
53,23454,23575,92,1989,1982,2595
53,23454,23575,93,2063,1985,2615
53,23454,23575,94,2067,1986,2622
53,23454,23575,95,2069,1981,2642
53,23454,23575,96,2070,1985,2657
53,23454,23575,97,2073,1986,2518
53,23454,23575,98,2074,1981,2685
53,23454,23575,99,2077,1985,2445
53,23454,23575,100,1991,1980,1997
53,23454,23575,101,2082,1986,2728
53,23454,23575,102,2082,1986,2740
53,23454,23575,103,2085,1987,2758
53,23454,23575,104,2086,1981,2768
53,23454,23575,105,2089,1985,2782
53,23454,23575,106,2091,1987,2797
53,23454,23575,107,2088,1981,2812
53,23454,23575,108,2095,1985,2825
53,23454,23575,109,2098,1986,2836
53,23454,23575,110,2095,1981,2854
53,23454,23575,111,2101,1985,2868
53,23454,23575,112,2105,1987,2880
53,23454,23575,113,2100,1981,2898
53,23454,23575,114,2106,1986,2904
53,23454,23575,115,2054,1985,2925
53,23454,23575,116,2106,1982,2949
53,23454,23575,117,2114,1986,2953
53,23454,23575,118,2114,1987,2965
53,23454,23575,119,2111,1982,2980
53,23454,23575,120,2120,1986,2996
53,23454,23575,121,2125,1986,3009
53,23454,23575,122,2118,1982,3023
53,23454,23575,123,2126,1986,3038
53,23454,23575,124,2128,1986,2104
53,23454,23575,125,1978,1971,1988
53,23454,23575,126,1989,1983,1985
53,23454,23575,127,1989,1984,1986
53,23454,23575,128,1979,1980,1986
53,23454,23575,129,2141,1995,3118
53,23454,23575,130,2138,1985,2096
53,23454,23575,131,1978,1984,3122
53,23454,23575,132,2148,1986,3168
53,23454,23575,133,2100,1982,2070
53,23454,23575,134,1980,1975,1989
53,23454,23575,135,1989,1983,1986
53,23454,23575,136,1989,1983,1985
53,23454,23575,137,1988,1992,3235
53,23454,23575,138,2152,1986,3252
53,23454,23575,139,2157,1986,3269
53,23454,23575,140,2153,1985,3279
53,23454,23575,141,2159,1984,2110
53,23454,23575,142,1988,1974,1987
53,23454,23575,143,1981,1982,1987
53,23454,23575,144,1988,1983,1986
53,23454,23575,145,1989,1983,2126
53,23454,23575,146,2168,1997,3363
53,23454,23575,147,2171,1985,2143
53,23454,23575,148,1985,1974,2440
53,23454,23575,149,2177,1994,3405
53,23454,23575,150,2176,1986,2150
53,23454,23575,151,1985,1987,3436
53,23454,23575,152,2181,1985,3449
53,23454,23575,153,2184,1986,3465
53,23454,23575,154,2186,1986,3476
53,23454,23575,155,2181,1985,3472
53,23454,23575,156,2184,1985,2157
53,23454,23575,157,1984,1970,3176
53,23454,23575,158,2191,1998,3497
53,23454,23575,159,2187,1986,2165
53,23454,23575,160,2190,1984,3510
53,23454,23575,161,2189,1986,3469
53,23454,23575,162,2176,1985,3398
53,23454,23575,163,2164,1982,3292
53,23454,23575,164,2146,1985,3182
53,23454,23575,165,2132,1985,3078
53,23454,23575,166,2120,1981,3002
53,23454,23575,167,2103,1984,2862
53,23454,23575,168,2087,1985,2744
53,23454,23575,169,2074,1980,2623
53,23454,23575,170,2055,1984,2493
53,23454,23575,171,2040,1985,2380
53,23454,23575,172,2022,1979,2261
53,23454,23575,173,2003,1983,2112
53,23454,23575,174,1986,1984,1989
53,23454,23575,175,1984,1978,1838
53,23454,23575,176,1947,1982,1713
53,23454,23575,177,1939,1985,1950
53,23454,23575,178,1925,1977,1497
53,23454,23575,179,1905,1981,1351
53,23454,23575,180,1888,1984,1905
53,23454,23575,181,1983,1978,1141
53,23454,23575,182,1851,1980,1870
53,23454,23575,183,1989,1994,1986
53,23454,23575,184,1977,1967,803
53,23454,23575,185,1815,1979,671
53,23454,23575,186,1801,1979,1822
53,23454,23575,187,1983,1991,954
53,23454,23575,188,1764,1963,1789
53,23454,23575,189,1993,1998,1983
53,23454,23575,190,1749,1957,242
53,23454,23575,191,1767,1975,257
53,23454,23575,192,1767,1976,1788
53,23454,23575,193,1961,1978,286
53,23454,23575,194,1772,1976,293
53,23454,23575,195,1772,1976,311
53,23454,23575,196,1766,1972,321
53,23454,23575,197,1775,1977,1219
53,23454,23575,198,1978,1980,354
53,23454,23575,199,1772,1973,369
53,23454,23575,200,1779,1977,377
53,23454,23575,201,1781,1977,398
53,23454,23575,202,1776,1973,410
53,23454,23575,203,1784,1978,427
53,23454,23575,204,1787,1977,441
53,23454,23575,205,1781,1974,454
53,23454,23575,206,1790,1977,465
53,23454,23575,207,1791,1977,482
53,23454,23575,208,1785,1975,495
53,23454,23575,209,1794,1978,1817
53,23454,23575,210,1985,1981,526
53,23454,23575,211,1791,1976,539
53,23454,23575,212,1799,1978,555
53,23454,23575,213,1800,1979,567
53,23454,23575,214,1795,1977,581
53,23454,23575,215,1804,1978,1825
53,23454,23575,216,1992,1994,833
53,23454,23575,217,1794,1967,627
53,23454,23575,218,1811,1978,632
53,23454,23575,219,1809,1979,655
53,23454,23575,220,1805,1978,667
53,23454,23575,221,1812,1978,681
53,23454,23575,222,1815,1979,695
53,23454,23575,223,1811,1978,710
53,23454,23575,224,1818,1979,724
53,23454,23575,225,1819,1979,741
53,23454,23575,226,1816,1979,754
53,23454,23575,227,1822,1979,1846
53,23454,23575,228,1989,1992,1979
53,23454,23575,229,1817,1970,794
53,23454,23575,230,1859,1981,1877
53,23454,23575,231,1988,1990,857
53,23454,23575,232,1823,1974,835
53,23454,23575,233,1832,1979,1857
53,23454,23575,234,1988,1977,869
53,23454,23575,235,1830,1981,879
53,23454,23575,236,1837,1980,1859
53,23454,23575,237,1980,1979,915
53,23454,23575,238,1838,1980,922
53,23454,23575,239,1841,1982,936
53,23454,23575,240,1845,1978,952
53,23454,23575,241,1844,1981,964
53,23454,23575,242,1846,1981,979
53,23454,23575,243,1849,1978,996
53,23454,23575,244,1850,1981,1008
53,23454,23575,245,1851,1982,1022
53,23454,23575,246,1854,1977,1035
53,23454,23575,247,1856,1982,1044
53,23454,23575,248,1857,1983,1063
53,23454,23575,249,1859,1977,1078
53,23454,23575,250,1861,1982,1099
53,23454,23575,251,1863,1983,1882
53,23454,23575,252,1932,1978,1118
53,23454,23575,253,1868,1981,1134
53,23454,23575,254,1869,1983,1888
53,23454,23575,255,1984,1986,1305
53,23454,23575,256,1868,1976,1708
53,23454,23575,257,1986,1992,1984
53,23454,23575,258,1976,1972,1203
53,23454,23575,259,1880,1981,1224
53,23454,23575,260,1881,1983,1235
53,23454,23575,261,1876,1978,1249
53,23454,23575,262,1884,1982,1265
53,23454,23575,263,1888,1983,1901
53,23454,23575,264,1981,1978,1298
53,23454,23575,265,1889,1982,1303
53,23454,23575,266,1893,1983,1905
53,23454,23575,267,1964,1979,1320
53,23454,23575,268,1890,1982,1307
53,23454,23575,269,1889,1983,1901
53,23454,23575,270,1972,1979,1274
53,23454,23575,271,1885,1982,1270
53,23454,23575,272,1883,1983,1360
53,23454,23575,273,1874,1978,1236
53,23454,23575,274,1880,1982,1222
53,23454,23575,275,1877,1982,1206
53,23454,23575,276,1868,1978,1193
53,23454,23575,277,1874,1982,1176
53,23454,23575,278,1872,1982,1164
53,23454,23575,279,1863,1978,1149
53,23454,23575,280,1868,1980,1133
53,23454,23575,281,1867,1982,1120
53,23454,23575,282,1858,1978,1105
53,23454,23575,283,1864,1981,1093
53,23454,23575,284,1862,1982,1077
53,23454,23575,285,1852,1978,1062
53,23454,23575,286,1858,1981,1049
53,23454,23575,287,1856,1981,1036
53,23454,23575,288,1848,1979,1019
53,23454,23575,289,1853,1980,1006
53,23454,23575,290,1852,1981,993
53,23454,23575,291,1842,1979,972
53,23454,23575,292,1847,1979,966
53,23454,23575,293,1845,1980,954
53,23454,23575,294,1838,1979,936
53,23454,23575,295,1842,1980,921
53,23454,23575,296,1840,1980,908
53,23454,23575,297,1832,1979,889
53,23454,23575,298,1836,1979,880
53,23454,23575,299,1835,1979,864
53,23454,23575,300,1828,1979,847
53,23454,23575,301,1831,1979,834
53,23454,23575,302,1830,1979,826
53,23454,23575,303,1823,1979,806
53,23454,23575,304,1826,1978,795
53,23454,23575,305,1824,1979,783
53,23454,23575,306,1819,1979,765
53,23454,23575,307,1821,1977,750
53,23454,23575,308,1820,1978,739
53,23454,23575,309,1814,1979,722
53,23454,23575,310,1815,1979,708
53,23454,23575,311,1814,1977,696
53,23454,23575,312,1810,1979,679
53,23454,23575,313,1810,1979,1836
53,23454,23575,314,1969,1978,652
53,23454,23575,315,1807,1978,638
53,23454,23575,316,1805,1979,620
53,23454,23575,317,1804,1975,610
53,23454,23575,318,1801,1979,596
53,23454,23575,319,1800,1979,581
53,23454,23575,320,1798,1975,568
53,23454,23575,321,1796,1979,552
53,23454,23575,322,1795,1979,534
53,23454,23575,323,1793,1974,525
53,23454,23575,324,1792,1978,510
53,23454,23575,325,1790,1979,498
53,23454,23575,326,1789,1974,484
53,23454,23575,327,1788,1977,467
53,23454,23575,328,1786,1978,453
53,23454,23575,329,1781,1973,440
53,23454,23575,330,1784,1978,424
53,23454,23575,331,1782,1978,411
53,23454,23575,332,1776,1972,398
53,23454,23575,333,1779,1977,381
53,23454,23575,334,1778,1977,367
53,23454,23575,335,1770,1973,355
53,23454,23575,336,1774,1977,342
53,23454,23575,337,1774,1977,328
53,23454,23575,338,1765,1972,306
53,23454,23575,339,1770,1976,302
53,23454,23575,340,1769,1976,282
53,23454,23575,341,1761,1971,266
53,23454,23575,342,1765,1975,257
53,23454,23575,343,1764,1975,243
53,23454,23575,344,1756,1971,227
53,23454,23575,345,1760,1975,212
53,23454,23575,346,1759,1975,198
53,23454,23575,347,1749,1971,183
53,23454,23575,348,1755,1974,173
53,23454,23575,349,1767,1976,259
53,23454,23575,350,1767,1973,348
53,23454,23575,351,1785,1978,429
53,23454,23575,352,1797,1980,558
53,23454,23575,353,1803,1976,671
53,23454,23575,354,1822,1980,769
53,23454,23575,355,1834,1981,1795
54,23628,23749,0,1994,2024,1181
54,23628,23749,1,1877,1983,1257
54,23628,23749,2,1887,1982,1352
54,23628,23749,3,1902,1982,1441
54,23628,23749,4,1918,1982,1922
54,23628,23749,5,1982,1987,1986
54,23628,23749,6,1986,1983,1989
54,23628,23749,7,1965,1981,1914
54,23628,23749,8,1981,1984,2039
54,23628,23749,9,1999,1983,2162
54,23628,23749,10,2019,1984,2311
54,23628,23749,11,2032,1985,2425
54,23628,23749,12,2052,1985,2053
54,23628,23749,13,1986,1977,1984
54,23628,23749,14,1984,1984,1988
54,23628,23749,15,1986,1983,1989
54,23628,23749,16,1986,1981,1983
54,23628,23749,17,1984,1984,1989
54,23628,23749,18,1986,1983,1989
54,23628,23749,19,1990,1993,3504
54,23628,23749,20,2184,1986,3494
54,23628,23749,21,2184,1987,3471
54,23628,23749,22,2184,1982,3472
54,23628,23749,23,2184,1987,2154
54,23628,23749,24,1983,1972,1992
54,23628,23749,25,1986,1978,1982
54,23628,23749,26,1986,1984,1987
54,23628,23749,27,1985,1985,1989
54,23628,23749,28,1991,1993,3407
54,23628,23749,29,2170,1987,3397
54,23628,23749,30,2170,1988,3378
54,23628,23749,31,2167,1982,3365
54,23628,23749,32,2168,1987,3356
54,23628,23749,33,2164,1986,2116
54,23628,23749,34,1981,1971,2212
54,23628,23749,35,2166,1996,3308
54,23628,23749,36,2160,1987,3292
54,23628,23749,37,2154,1982,3277
54,23628,23749,38,2156,1986,3269
54,23628,23749,39,2155,1987,3249
54,23628,23749,40,2147,1982,3241
54,23628,23749,41,2150,1986,3228
54,23628,23749,42,2148,1986,2106
54,23628,23749,43,1983,1982,3111
54,23628,23749,44,2144,1986,3176
54,23628,23749,45,2144,1987,3165
54,23628,23749,46,2133,1982,3149
54,23628,23749,47,2139,1986,2114
54,23628,23749,48,1987,1975,1989
54,23628,23749,49,1980,1979,1985
54,23628,23749,50,1989,1987,2794
54,23628,23749,51,2130,1990,2458
54,23628,23749,52,2122,1984,3064
54,23628,23749,53,2127,1986,3055
54,23628,23749,54,2126,1986,3036
54,23628,23749,55,2115,1982,3022
54,23628,23749,56,2121,1985,2085
54,23628,23749,57,1988,1977,1987
54,23628,23749,58,1980,1979,1986
54,23628,23749,59,1989,1983,1985
54,23628,23749,60,1990,1984,1985
54,23628,23749,61,1979,1981,2490
54,23628,23749,62,2114,1993,2088
54,23628,23749,63,1987,1977,1987
54,23628,23749,64,2040,1989,2895
54,23628,23749,65,2103,1985,2883
54,23628,23749,66,2102,1984,2071
54,23628,23749,67,2093,1984,2852
54,23628,23749,68,2098,1985,2081
54,23628,23749,69,1988,1976,1986
54,23628,23749,70,1981,1982,1987
54,23628,23749,71,1988,1983,1986
54,23628,23749,72,1989,1983,1983
54,23628,23749,73,1980,1982,1988
54,23628,23749,74,1988,1982,1987
54,23628,23749,75,1988,1983,1983
54,23628,23749,76,1985,1990,2724
54,23628,23749,77,2079,1984,2485
54,23628,23749,78,2007,1984,2465
54,23628,23749,79,2071,1984,2684
54,23628,23749,80,2073,1984,2548
54,23628,23749,81,2005,1979,1999
54,23628,23749,82,1982,1982,1988
54,23628,23749,83,1987,1982,1988
54,23628,23749,84,1987,1983,1982
54,23628,23749,85,1983,1983,1988
54,23628,23749,86,1992,1983,1993
54,23628,23749,87,1986,1981,1982
54,23628,23749,88,1984,1984,1988
54,23628,23749,89,1986,1990,2560
54,23628,23749,90,2061,1982,2567
54,23628,23749,91,2059,1985,2581
54,23628,23749,92,2063,1985,2056
54,23628,23749,93,1985,1975,1983
54,23628,23749,94,1985,1983,1988
54,23628,23749,95,1986,1984,2506
54,23628,23749,96,2073,1986,2656
54,23628,23749,97,2072,1985,2670
54,23628,23749,98,2075,1986,2683
54,23628,23749,99,2077,1981,2697
54,23628,23749,100,2078,1985,2065
54,23628,23749,101,1984,1979,1991
54,23628,23749,102,1986,1979,1982
54,23628,23749,103,1986,1984,1988
54,23628,23749,104,1985,1991,2360
54,23628,23749,105,2088,1982,2785
54,23628,23749,106,2091,1986,2802
54,23628,23749,107,2093,1987,2810
54,23628,23749,108,2092,1981,2825
54,23628,23749,109,2097,1985,2070
54,23628,23749,110,1985,1979,1991
54,23628,23749,111,2101,1988,2866
54,23628,23749,112,2104,1986,2882
54,23628,23749,113,2106,1987,2893
54,23628,23749,114,2102,1981,2909
54,23628,23749,115,2109,1986,2928
54,23628,23749,116,2113,1987,2941
54,23628,23749,117,2107,1981,2079
54,23628,23749,118,1987,1977,1989
54,23628,23749,119,1993,1993,2983
54,23628,23749,120,2112,1982,3000
54,23628,23749,121,2121,1986,3010
54,23628,23749,122,2124,1986,3024
54,23628,23749,123,2119,1982,3038
54,23628,23749,124,2127,1986,3047
54,23628,23749,125,2131,1987,3067
54,23628,23749,126,2124,1982,3082
54,23628,23749,127,2134,1986,3093
54,23628,23749,128,2136,1987,3111
54,23628,23749,129,2131,1982,3119
54,23628,23749,130,2139,1986,2114
54,23628,23749,131,1987,1974,1988
54,23628,23749,132,1982,1980,1992
54,23628,23749,133,2116,1992,2079
54,23628,23749,134,1987,1977,1987
54,23628,23749,135,1980,1979,1986
54,23628,23749,136,1988,1983,1985
54,23628,23749,137,1989,1984,1985
54,23628,23749,138,1979,1981,1986
54,23628,23749,139,1988,1983,1985
54,23628,23749,140,1989,1984,1985
54,23628,23749,141,1980,1995,3294
54,23628,23749,142,2163,1986,3314
54,23628,23749,143,2163,1984,2109
54,23628,23749,144,1978,1972,1989
54,23628,23749,145,1989,1983,1986
54,23628,23749,146,1989,1983,1983
54,23628,23749,147,1980,1982,1991
54,23628,23749,148,2004,1988,2580
54,23628,23749,149,2157,1992,3408
54,23628,23749,150,2173,1986,3423
54,23628,23749,151,2181,1985,2150
54,23628,23749,152,1985,1971,1986
54,23628,23749,153,1982,1982,2060
54,23628,23749,154,2191,1998,2156
54,23628,23749,155,1983,1970,1986
54,23628,23749,156,1983,1982,1987
54,23628,23749,157,1986,1982,1988
54,23628,23749,158,1987,1983,1982
54,23628,23749,159,1982,1984,1988
54,23628,23749,160,1987,1983,2469
54,23628,23749,161,2197,1998,3523
54,23628,23749,162,2184,1987,3516
54,23628,23749,163,2190,1986,2158
54,23628,23749,164,1984,1969,1985
54,23628,23749,165,1985,1984,1988
54,23628,23749,166,1985,1997,3186
54,23628,23749,167,2132,1982,3030
54,23628,23749,168,2112,1984,2891
54,23628,23749,169,2092,1984,2750
54,23628,23749,170,2069,1980,2589
54,23628,23749,171,2053,1984,2481
54,23628,23749,172,2029,1984,2027
54,23628,23749,173,1984,1979,2164
54,23628,23749,174,1992,1982,2032
54,23628,23749,175,1972,1984,1892
54,23628,23749,176,1952,1978,1741
54,23628,23749,177,1932,1982,1607
54,23628,23749,178,1921,1984,1530
54,23628,23749,179,1913,1976,1402
54,23628,23749,180,1889,1982,1268
54,23628,23749,181,1875,1983,1893
54,23628,23749,182,1984,1976,1000
54,23628,23749,183,1838,1980,856
54,23628,23749,184,1824,1980,701
54,23628,23749,185,1800,1973,531
54,23628,23749,186,1784,1976,1213
54,23628,23749,187,1980,1997,1975
54,23628,23749,188,1970,1964,214
54,23628,23749,189,1764,1975,228
54,23628,23749,190,1764,1976,239
54,23628,23749,191,1759,1972,253
54,23628,23749,192,1766,1976,268
54,23628,23749,193,1769,1977,1657
54,23628,23749,194,1764,1972,296
54,23628,23749,195,1772,1977,315
54,23628,23749,196,1774,1977,325
54,23628,23749,197,1768,1973,339
54,23628,23749,198,1776,1977,355
54,23628,23749,199,1779,1977,1797
54,23628,23749,200,1982,1990,545
54,23628,23749,201,1775,1970,919
54,23628,23749,202,1970,1995,1959
54,23628,23749,203,1771,1963,423
54,23628,23749,204,1788,1978,437
54,23628,23749,205,1788,1978,459
54,23628,23749,206,1782,1974,470
54,23628,23749,207,1791,1978,483
54,23628,23749,208,1792,1978,495
54,23628,23749,209,1788,1975,510
54,23628,23749,210,1796,1978,524
54,23628,23749,211,1797,1978,553
54,23628,23749,212,1792,1975,554
54,23628,23749,213,1801,1978,1822
54,23628,23749,214,1992,1995,1267
54,23628,23749,215,1789,1966,593
54,23628,23749,216,1806,1978,1826
54,23628,23749,217,1992,1994,1937
54,23628,23749,218,1795,1967,635
54,23628,23749,219,1812,1978,1832
54,23628,23749,220,1992,1994,1980
54,23628,23749,221,1977,1983,1987
54,23628,23749,222,1988,1982,1986
54,23628,23749,223,1988,1983,1983
54,23628,23749,224,1947,1971,722
54,23628,23749,225,1822,1979,738
54,23628,23749,226,1821,1979,751
54,23628,23749,227,1817,1979,763
54,23628,23749,228,1824,1979,779
54,23628,23749,229,1826,1979,795
54,23628,23749,230,1824,1979,806
54,23628,23749,231,1829,1979,1850
54,23628,23749,232,1990,1992,1979
54,23628,23749,233,1981,1983,1987
54,23628,23749,234,1986,1982,1989
54,23628,23749,235,1986,1982,1981
54,23628,23749,236,1983,1983,1987
54,23628,23749,237,1986,1983,1989
54,23628,23749,238,1986,1981,1982
54,23628,23749,239,1983,1984,1987
54,23628,23749,240,1986,1984,1989
54,23628,23749,241,1986,1980,1982
54,23628,23749,242,1984,1984,1988
54,23628,23749,243,1985,1984,1989
54,23628,23749,244,1986,1980,1982
54,23628,23749,245,1984,1978,1383
54,23628,23749,246,1875,1982,1895
54,23628,23749,247,1987,1986,1980
54,23628,23749,248,1985,1984,1987
54,23628,23749,249,1985,1985,1988
54,23628,23749,250,1985,1979,1981
54,23628,23749,251,1901,1975,1105
54,23628,23749,252,1865,1983,1120
54,23628,23749,253,1865,1978,1135
54,23628,23749,254,1869,1982,1147
54,23628,23749,255,1870,1983,1164
54,23628,23749,256,1870,1977,1182
54,23628,23749,257,1875,1982,1192
54,23628,23749,258,1877,1984,1198
54,23628,23749,259,1874,1978,1220
54,23628,23749,260,1880,1982,1233
54,23628,23749,261,1882,1983,1576
54,23628,23749,262,1878,1978,1264
54,23628,23749,263,1886,1982,1900
54,23628,23749,264,1988,1991,1986
54,23628,23749,265,1980,1980,1983
54,23628,23749,266,1988,1984,1987
54,23628,23749,267,1889,1977,1315
54,23628,23749,268,1884,1977,1305
54,23628,23749,269,1888,1982,1291
54,23628,23749,270,1886,1982,1275
54,23628,23749,271,1878,1978,1260
54,23628,23749,272,1883,1982,1250
54,23628,23749,273,1882,1982,1234
54,23628,23749,274,1872,1978,1218
54,23628,23749,275,1878,1982,1206
54,23628,23749,276,1880,1982,1891
54,23628,23749,277,1981,1987,1984
54,23628,23749,278,1987,1985,1986
54,23628,23749,279,1990,1984,1985
54,23628,23749,280,1979,1980,1985
54,23628,23749,281,1988,1973,1121
54,23628,23749,282,1863,1981,1105
54,23628,23749,283,1857,1977,1091
54,23628,23749,284,1862,1981,1204
54,23628,23749,285,1927,1984,1907
54,23628,23749,286,1980,1976,1716
54,23628,23749,287,1954,1989,1957
54,23628,23749,288,1984,1976,1020
54,23628,23749,289,1848,1979,1004
54,23628,23749,290,1851,1980,990
54,23628,23749,291,1850,1981,981
54,23628,23749,292,1840,1978,966
54,23628,23749,293,1846,1980,954
54,23628,23749,294,1844,1980,935
54,23628,23749,295,1836,1979,920
54,23628,23749,296,1841,1980,906
54,23628,23749,297,1839,1980,892
54,23628,23749,298,1831,1980,881
54,23628,23749,299,1834,1979,866
54,23628,23749,300,1834,1979,853
54,23628,23749,301,1826,1980,838
54,23628,23749,302,1830,1979,818
54,23628,23749,303,1828,1979,808
54,23628,23749,304,1821,1979,797
54,23628,23749,305,1824,1979,1846
54,23628,23749,306,1990,1992,1979
54,23628,23749,307,1981,1984,1987
54,23628,23749,308,1986,1982,1989
54,23628,23749,309,1987,1967,729
54,23628,23749,310,1809,1980,709
54,23628,23749,311,1814,1979,694
54,23628,23749,312,1812,1978,683
54,23628,23749,313,1808,1979,665
54,23628,23749,314,1809,1979,652
54,23628,23749,315,1808,1977,640
54,23628,23749,316,1803,1979,624
54,23628,23749,317,1803,1980,1826
54,23628,23749,318,1988,1991,1977
54,23628,23749,319,1982,1984,1983
54,23628,23749,320,1985,1985,1988
54,23628,23749,321,1984,1980,1981
54,23628,23749,322,1986,1984,1987
54,23628,23749,323,1985,1985,1988
54,23628,23749,324,1985,1980,1982
54,23628,23749,325,1986,1984,1987
54,23628,23749,326,1985,1986,1989
54,23628,23749,327,1984,1979,1981
54,23628,23749,328,1986,1984,1987
54,23628,23749,329,1985,1985,1988
54,23628,23749,330,1983,1979,1982
54,23628,23749,331,1988,1984,1986
54,23628,23749,332,1986,1985,1988
54,23628,23749,333,1981,1979,1982
54,23628,23749,334,1936,1968,1798
54,23628,23749,335,1987,1997,1967
54,23628,23749,336,1773,1961,345
54,23628,23749,337,1774,1976,322
54,23628,23749,338,1771,1977,311
54,23628,23749,339,1765,1972,298
54,23628,23749,340,1768,1976,1741
54,23628,23749,341,1991,1998,1982
54,23628,23749,342,1978,1960,696
54,23628,23749,343,1760,1975,238
54,23628,23749,344,1762,1975,228
54,23628,23749,345,1753,1971,211
54,23628,23749,346,1759,1974,201
54,23628,23749,347,1758,1975,183
54,23628,23749,348,1750,1970,175
54,23628,23749,349,1767,1976,239
54,23628,23749,350,1775,1977,1791
54,23628,23749,351,1882,1978,739
54,23628,23749,352,1828,1983,1842
54,23628,23749,353,1992,1994,1982
54,23628,23749,354,1977,1980,1985
54,23628,23749,355,1988,1984,1985
55,23919,24039,0,2090,2081,1320
55,23919,24039,1,1882,1985,1520
55,23919,24039,2,1972,1983,1424
55,23919,24039,3,1909,1982,1510
55,23919,24039,4,1922,1983,1939
55,23919,24039,5,1989,1987,1961
55,23919,24039,6,1947,1980,1824
55,23919,24039,7,1966,1982,1972
55,23919,24039,8,1988,1984,2051
55,23919,24039,9,2001,1984,2184
55,23919,24039,10,2019,1984,2019
55,23919,24039,11,1986,1984,2417
55,23919,24039,12,2052,1986,2570
55,23919,24039,13,2071,1984,2056
55,23919,24039,14,1986,1976,2810
55,23919,24039,15,2113,1993,2983
55,23919,24039,16,2123,1985,2092
55,23919,24039,17,1985,1986,3217
55,23919,24039,18,2161,1986,3350
55,23919,24039,19,2177,1986,2126
55,23919,24039,20,1985,1985,3488
55,23919,24039,21,2183,1986,3471
55,23919,24039,22,2182,1985,2128
55,23919,24039,23,1984,1977,3477
55,23919,24039,24,2187,1989,2835
55,23919,24039,25,1995,1974,2003
55,23919,24039,26,1986,1979,3351
55,23919,24039,27,2182,1996,2351
55,23919,24039,28,1984,1974,1994
55,23919,24039,29,1986,1981,3395
55,23919,24039,30,2174,1990,2141
55,23919,24039,31,1983,1974,1991
55,23919,24039,32,1990,1991,3352
55,23919,24039,33,2163,1987,3337
55,23919,24039,34,2163,1986,2116
55,23919,24039,35,2012,1981,3308
55,23919,24039,36,2158,1987,3292
55,23919,24039,37,2156,1986,2111
55,23919,24039,38,1984,1982,3267
55,23919,24039,39,2154,1986,3247
55,23919,24039,40,2152,1986,2109
55,23919,24039,41,2146,1983,3221
55,23919,24039,42,2149,1986,3168
55,23919,24039,43,2059,1980,2045
55,23919,24039,44,1984,1986,3179
55,23919,24039,45,2141,1986,3165
55,23919,24039,46,2141,1987,3152
55,23919,24039,47,2132,1982,3138
55,23919,24039,48,2138,1986,3125
55,23919,24039,49,2137,1987,3111
55,23919,24039,50,2126,1982,3095
55,23919,24039,51,2132,1986,3082
55,23919,24039,52,2130,1985,2091
55,23919,24039,53,2121,1983,3052
55,23919,24039,54,2126,1986,2813
55,23919,24039,55,2010,1977,2005
55,23919,24039,56,1988,1987,3000
55,23919,24039,57,2118,1986,2097
55,23919,24039,58,1988,1976,2018
55,23919,24039,59,2114,1991,2968
55,23919,24039,60,2112,1985,2953
55,23919,24039,61,2113,1986,2941
55,23919,24039,62,2104,1983,2923
55,23919,24039,63,2108,1985,2089
55,23919,24039,64,1988,1976,1987
55,23919,24039,65,2100,1990,2883
55,23919,24039,66,2101,1985,2084
55,23919,24039,67,1988,1976,1987
55,23919,24039,68,2096,1990,2838
55,23919,24039,69,2096,1985,2078
55,23919,24039,70,1988,1977,1986
55,23919,24039,71,2090,1990,2796
55,23919,24039,72,2089,1983,2065
55,23919,24039,73,1988,1977,1985
55,23919,24039,74,2084,1991,2750
55,23919,24039,75,2083,1984,2072
55,23919,24039,76,1988,1977,2607
55,23919,24039,77,2078,1990,2712
55,23919,24039,78,2077,1984,2067
55,23919,24039,79,1987,1977,2583
55,23919,24039,80,2073,1989,2666
55,23919,24039,81,2070,1984,2061
55,23919,24039,82,1987,1977,2018
55,23919,24039,83,2067,1989,2626
55,23919,24039,84,2065,1983,2050
55,23919,24039,85,1986,1978,2219
55,23919,24039,86,2061,1989,2583
55,23919,24039,87,2061,1984,2056
55,23919,24039,88,1986,1982,2543
55,23919,24039,89,2056,1985,2555
55,23919,24039,90,2060,1985,2569
55,23919,24039,91,2063,1982,2586
55,23919,24039,92,2061,1985,2597
55,23919,24039,93,2066,1986,2058
55,23919,24039,94,1984,1975,2034
55,23919,24039,95,2071,1990,2641
55,23919,24039,96,2070,1986,2062
55,23919,24039,97,1984,1982,2668
55,23919,24039,98,2076,1985,2681
55,23919,24039,99,2077,1986,2693
55,23919,24039,100,2079,1981,2713
55,23919,24039,101,2081,1985,2725
55,23919,24039,102,2082,1987,2740
55,23919,24039,103,2084,1981,2755
55,23919,24039,104,2086,1986,2769
55,23919,24039,105,2087,1987,2785
55,23919,24039,106,2088,1981,2798
55,23919,24039,107,2093,1986,2809
55,23919,24039,108,2093,1987,2822
55,23919,24039,109,2094,1981,2843
55,23919,24039,110,2099,1986,2854
55,23919,24039,111,2106,1987,2866
55,23919,24039,112,2099,1981,2884
55,23919,24039,113,2106,1986,2615
55,23919,24039,114,1999,1979,2001
55,23919,24039,115,1981,1978,1984
55,23919,24039,116,1988,1984,1986
55,23919,24039,117,1988,1984,1988
55,23919,24039,118,1980,1979,1984
55,23919,24039,119,1988,1983,1986
55,23919,24039,120,1989,1985,1987
55,23919,24039,121,2118,1990,3011
55,23919,24039,122,2122,1986,3026
55,23919,24039,123,2127,1986,3037
55,23919,24039,124,2121,1982,3054
55,23919,24039,125,2129,1986,2502
55,23919,24039,126,1994,1976,1994
55,23919,24039,127,1984,1989,3095
55,23919,24039,128,2132,1985,2093
55,23919,24039,129,1988,1976,1988
55,23919,24039,130,1980,1979,1986
55,23919,24039,131,1988,1983,1986
55,23919,24039,132,1989,1984,1985
55,23919,24039,133,1979,1989,3176
55,23919,24039,134,2150,1987,2121
55,23919,24039,135,1988,1974,1988
55,23919,24039,136,1980,1980,1987
55,23919,24039,137,1988,1983,1986
55,23919,24039,138,1990,1984,1985
55,23919,24039,139,1979,1993,3269
55,23919,24039,140,2163,1986,3284
55,23919,24039,141,2161,1987,3296
55,23919,24039,142,2156,1985,3305
55,23919,24039,143,2165,1985,3322
55,23919,24039,144,2166,1986,2788
55,23919,24039,145,2163,1984,3349
55,23919,24039,146,2170,1984,2119
55,23919,24039,147,1988,1974,1987
55,23919,24039,148,1981,1993,3392
55,23919,24039,149,2179,1987,3407
55,23919,24039,150,2176,1985,3424
55,23919,24039,151,2175,1986,3437
55,23919,24039,152,2182,1986,3451
55,23919,24039,153,2185,1985,3465
55,23919,24039,154,2181,1985,3477
55,23919,24039,155,2185,1985,3472
55,23919,24039,156,2185,1986,3471
55,23919,24039,157,2183,1986,3485
55,23919,24039,158,2189,1986,3495
55,23919,24039,159,2190,1986,3510
55,23919,24039,160,2188,1987,3517
55,23919,24039,161,2189,1984,2133
55,23919,24039,162,1985,1971,2335
55,23919,24039,163,2178,1998,3385
55,23919,24039,164,2160,1984,3259
55,23919,24039,165,2145,1982,3104
55,23919,24039,166,2120,1984,2984
55,23919,24039,167,2104,1984,2849
55,23919,24039,168,2087,1981,2715
55,23919,24039,169,2066,1983,2570
55,23919,24039,170,2050,1984,2230
55,23919,24039,171,1988,1977,2316
55,23919,24039,172,2014,1983,2008
55,23919,24039,173,1985,1983,1989
55,23919,24039,174,1986,1979,1982
55,23919,24039,175,1986,1984,1987
55,23919,24039,176,1984,1986,1763
55,23919,24039,177,1923,1975,1569
55,23919,24039,178,1916,1981,1463
55,23919,24039,179,1899,1983,1387
55,23919,24039,180,1884,1977,1232
55,23919,24039,181,1869,1981,1118
55,23919,24039,182,1854,1982,989
55,23919,24039,183,1836,1975,847
55,23919,24039,184,1823,1979,717
55,23919,24039,185,1806,1979,574
55,23919,24039,186,1785,1973,437
55,23919,24039,187,1775,1976,973
55,23919,24039,188,1972,1997,1970
55,23919,24039,189,1980,1962,225
55,23919,24039,190,1758,1976,241
55,23919,24039,191,1766,1976,256
55,23919,24039,192,1761,1972,270
55,23919,24039,193,1768,1977,1789
55,23919,24039,194,1992,1998,1984
55,23919,24039,195,1978,1961,311
55,23919,24039,196,1768,1977,322
55,23919,24039,197,1775,1977,342
55,23919,24039,198,1769,1973,354
55,23919,24039,199,1778,1977,587
55,23919,24039,200,1940,1993,1939
55,23919,24039,201,1794,1965,396
55,23919,24039,202,1784,1977,1801
55,23919,24039,203,1992,1997,1981
55,23919,24039,204,1821,1964,439
55,23919,24039,205,1789,1977,1808
55,23919,24039,206,1993,1996,1981
55,23919,24039,207,1776,1963,478
55,23919,24039,208,1794,1978,1810
55,23919,24039,209,1992,1996,1920
55,23919,24039,210,1782,1964,522
55,23919,24039,211,1798,1977,541
55,23919,24039,212,1801,1978,554
55,23919,24039,213,1825,1980,1849
55,23919,24039,214,1989,1993,1982
55,23919,24039,215,1988,1984,1984
55,23919,24039,216,1980,1981,1987
55,23919,24039,217,1987,1983,1985
55,23919,24039,218,1989,1983,1984
55,23919,24039,219,1798,1965,653
55,23919,24039,220,1814,1979,667
55,23919,24039,221,1813,1979,688
55,23919,24039,222,1808,1977,939
55,23919,24039,223,1956,1991,1956
55,23919,24039,224,1988,1985,1982
55,23919,24039,225,1981,1983,1987
55,23919,24039,226,1986,1982,1987
55,23919,24039,227,1988,1983,1964
55,23919,24039,228,1928,1972,780
55,23919,24039,229,1828,1979,791
55,23919,24039,230,1828,1979,810
55,23919,24039,231,1823,1980,821
55,23919,24039,232,1831,1980,836
55,23919,24039,233,1832,1979,854
55,23919,24039,234,1831,1980,864
55,23919,24039,235,1835,1979,881
55,23919,24039,236,1837,1979,894
55,23919,24039,237,1836,1980,909
55,23919,24039,238,1840,1981,921
55,23919,24039,239,1843,1978,934
55,23919,24039,240,1843,1981,947
55,23919,24039,241,1846,1981,1390
55,23919,24039,242,1972,1988,1967
55,23919,24039,243,1983,1985,1511
55,23919,24039,244,1848,1973,1006
55,23919,24039,245,1854,1977,1020
55,23919,24039,246,1853,1981,1320
55,23919,24039,247,1971,1991,1973
55,23919,24039,248,1984,1981,1872
55,23919,24039,249,1854,1974,1082
55,23919,24039,250,1861,1982,1095
55,23919,24039,251,1862,1977,1110
55,23919,24039,252,1864,1982,1123
55,23919,24039,253,1865,1983,1133
55,23919,24039,254,1867,1978,1148
55,23919,24039,255,1870,1982,1888
55,23919,24039,256,1988,1992,1985
55,23919,24039,257,1981,1979,1983
55,23919,24039,258,1987,1984,1986
55,23919,24039,259,1987,1985,1988
55,23919,24039,260,1981,1979,1747
55,23919,24039,261,1879,1976,1264
55,23919,24039,262,1885,1983,1263
55,23919,24039,263,1880,1978,1278
55,23919,24039,264,1887,1982,1292
55,23919,24039,265,1890,1983,1300
55,23919,24039,266,1885,1977,1902
55,23919,24039,267,1989,1990,1985
55,23919,24039,268,1987,1984,1988
55,23919,24039,269,1980,1980,1984
55,23919,24039,270,1988,1984,1986
55,23919,24039,271,1989,1985,1725
55,23919,24039,272,1873,1972,1259
55,23919,24039,273,1882,1982,1234
55,23919,24039,274,1880,1982,1221
55,23919,24039,275,1871,1978,1204
55,23919,24039,276,1876,1982,1585
55,23919,24039,277,1985,1991,1979
55,23919,24039,278,1978,1971,1163
55,23919,24039,279,1869,1982,1697
55,23919,24039,280,1988,1991,1981
55,23919,24039,281,1978,1970,1125
55,23919,24039,282,1863,1981,1109
55,23919,24039,283,1863,1981,1876
55,23919,24039,284,1981,1978,1077
55,23919,24039,285,1856,1981,1063
55,23919,24039,286,1858,1981,1871
55,23919,24039,287,1850,1979,1035
55,23919,24039,288,1855,1981,1020
55,23919,24039,289,1853,1981,1869
55,23919,24039,290,1981,1983,1002
55,23919,24039,291,1846,1979,1865
55,23919,24039,292,1991,1992,1982
55,23919,24039,293,1979,1982,1960
55,23919,24039,294,1840,1971,1863
55,23919,24039,295,1992,1980,926
55,23919,24039,296,1830,1979,907
55,23919,24039,297,1839,1979,894
55,23919,24039,298,1837,1980,1850
55,23919,24039,299,1982,1992,1984
55,23919,24039,300,1986,1983,1987
55,23919,24039,301,1988,1983,1983
55,23919,24039,302,1974,1971,821
55,23919,24039,303,1830,1978,1356
55,23919,24039,304,1980,1978,796
55,23919,24039,305,1816,1979,783
55,23919,24039,306,1822,1978,1846
55,23919,24039,307,1989,1992,1915
55,23919,24039,308,1810,1969,735
55,23919,24039,309,1818,1978,1843
55,23919,24039,310,1989,1992,1979
55,23919,24039,311,1976,1971,729
55,23919,24039,312,1814,1978,1840
55,23919,24039,313,1989,1991,1274
55,23919,24039,314,1800,1969,652
55,23919,24039,315,1809,1979,634
55,23919,24039,316,1805,1976,623
55,23919,24039,317,1802,1978,610
55,23919,24039,318,1802,1979,592
55,23919,24039,319,1800,1975,582
55,23919,24039,320,1797,1978,567
55,23919,24039,321,1797,1979,1821
55,23919,24039,322,1986,1976,701
55,23919,24039,323,1791,1978,525
55,23919,24039,324,1792,1979,510
55,23919,24039,325,1789,1974,495
55,23919,24039,326,1788,1978,481
55,23919,24039,327,1787,1980,466
55,23919,24039,328,1784,1973,454
55,23919,24039,329,1784,1978,439
55,23919,24039,330,1782,1978,424
55,23919,24039,331,1779,1973,410
55,23919,24039,332,1780,1977,398
55,23919,24039,333,1778,1978,1800
55,23919,24039,334,1981,1976,369
55,23919,24039,335,1776,1977,356
55,23919,24039,336,1775,1977,341
55,23919,24039,337,1768,1972,326
55,23919,24039,338,1770,1977,311
55,23919,24039,339,1770,1977,295
55,23919,24039,340,1762,1972,286
55,23919,24039,341,1766,1976,269
55,23919,24039,342,1766,1976,1787
55,23919,24039,343,1983,1989,244
55,23919,24039,344,1755,1971,227
55,23919,24039,345,1763,1976,1781
55,23919,24039,346,1974,1977,199
55,23919,24039,347,1759,1974,186
55,23919,24039,348,1762,1975,1780
55,23919,24039,349,1983,1973,260
55,23919,24039,350,1768,1978,343
55,23919,24039,351,1850,1986,1650
55,23919,24039,352,1786,1971,551
55,23919,24039,353,1808,1980,665
55,23919,24039,354,1819,1980,1835
55,23919,24039,355,1828,1978,925
56,24095,24216,0,2004,2027,1883
56,24095,24216,1,1871,1981,1253
56,24095,24216,2,1893,1982,1382
56,24095,24216,3,1958,1987,1957
56,24095,24216,4,1906,1977,1549
56,24095,24216,5,1933,1983,1641
56,24095,24216,6,1948,1984,1783
56,24095,24216,7,1958,1981,1908
56,24095,24216,8,1981,1984,2031
56,24095,24216,9,2002,1985,2110
56,24095,24216,10,2010,1983,2301
56,24095,24216,11,2041,1984,2437
56,24095,24216,12,2021,1982,2010
56,24095,24216,13,2072,1987,2764
56,24095,24216,14,2100,1986,2924
56,24095,24216,15,2121,1985,2082
56,24095,24216,16,2141,1987,3229
56,24095,24216,17,2163,1986,2140
56,24095,24216,18,1986,1971,1987
56,24095,24216,19,2190,1997,3491
56,24095,24216,20,2187,1985,3402
56,24095,24216,21,2060,1986,3471
56,24095,24216,22,2183,1985,3472
56,24095,24216,23,2186,1985,2771
56,24095,24216,24,1996,1971,1994
56,24095,24216,25,2185,1997,3450
56,24095,24216,26,2178,1986,2152
56,24095,24216,27,1985,1970,2169
56,24095,24216,28,2177,1997,3406
56,24095,24216,29,2172,1986,3386
56,24095,24216,30,2171,1983,3248
56,24095,24216,31,2167,1988,3367
56,24095,24216,32,2168,1986,3349
56,24095,24216,33,2164,1982,3043
56,24095,24216,34,2161,1988,3323
56,24095,24216,35,2161,1986,3304
56,24095,24216,36,2158,1982,3290
56,24095,24216,37,2157,1986,3277
56,24095,24216,38,2155,1986,2132
56,24095,24216,39,1983,1969,2178
56,24095,24216,40,2156,1996,3235
56,24095,24216,41,2147,1987,2126
56,24095,24216,42,1983,1969,1985
56,24095,24216,43,1993,1994,3196
56,24095,24216,44,2141,1986,2104
56,24095,24216,45,1983,1970,1985
56,24095,24216,46,2144,1996,3151
56,24095,24216,47,2135,1988,3137
56,24095,24216,48,2135,1981,3129
56,24095,24216,49,2134,1986,3108
56,24095,24216,50,2132,1987,3094
56,24095,24216,51,2127,1982,3083
56,24095,24216,52,2128,1986,3064
56,24095,24216,53,2128,1987,2612
56,24095,24216,54,1995,1980,2932
56,24095,24216,55,2121,1986,3023
56,24095,24216,56,2123,1987,2099
56,24095,24216,57,1980,1981,2995
56,24095,24216,58,2118,1985,2981
56,24095,24216,59,2115,1985,2083
56,24095,24216,60,1979,1977,2954
56,24095,24216,61,2114,1987,2938
56,24095,24216,62,2110,1986,2089
56,24095,24216,63,2098,1981,2910
56,24095,24216,64,2106,1986,2900
56,24095,24216,65,2104,1986,2881
56,24095,24216,66,2095,1981,2869
56,24095,24216,67,2100,1986,2852
56,24095,24216,68,2098,1986,2079
56,24095,24216,69,1981,1980,2827
56,24095,24216,70,2093,1985,2803
56,24095,24216,71,2092,1985,2793
56,24095,24216,72,2084,1981,2784
56,24095,24216,73,2089,1985,2768
56,24095,24216,74,2087,1984,2060
56,24095,24216,75,1978,1983,2739
56,24095,24216,76,2084,1985,2727
56,24095,24216,77,2081,1985,2055
56,24095,24216,78,2072,1982,2698
56,24095,24216,79,2077,1985,2685
56,24095,24216,80,2076,1985,2052
56,24095,24216,81,2066,1983,2653
56,24095,24216,82,2072,1984,2058
56,24095,24216,83,1988,1978,1986
56,24095,24216,84,1982,1987,2614
56,24095,24216,85,2064,1985,2053
56,24095,24216,86,1988,1979,1986
56,24095,24216,87,1980,1988,2570
56,24095,24216,88,2058,1983,2047
56,24095,24216,89,1988,1979,1985
56,24095,24216,90,1983,1986,2570
56,24095,24216,91,2063,1984,2586
56,24095,24216,92,2065,1984,2600
56,24095,24216,93,2060,1984,2610
56,24095,24216,94,2069,1983,2629
56,24095,24216,95,2054,1982,2035
56,24095,24216,96,2068,1985,2656
56,24095,24216,97,2073,1984,2062
56,24095,24216,98,1986,1977,1984
56,24095,24216,99,1982,1991,2696
56,24095,24216,100,2080,1984,2060
56,24095,24216,101,1987,1977,1984
56,24095,24216,102,1982,1983,1988
56,24095,24216,103,1987,1982,1989
56,24095,24216,104,1987,1982,2128
56,24095,24216,105,2088,1991,2778
56,24095,24216,106,2090,1984,2795
56,24095,24216,107,2093,1983,2812
56,24095,24216,108,2092,1985,2827
56,24095,24216,109,2096,1984,2073
56,24095,24216,110,1985,1984,2854
56,24095,24216,111,2099,1986,2867
56,24095,24216,112,2103,1986,2884
56,24095,24216,113,2104,1983,2897
56,24095,24216,114,2106,1985,2910
56,24095,24216,115,2109,1986,2922
56,24095,24216,116,2110,1982,2939
56,24095,24216,117,2111,1986,2950
56,24095,24216,118,2114,1986,2965
56,24095,24216,119,2116,1982,2979
56,24095,24216,120,2118,1986,2996
56,24095,24216,121,2119,1987,3009
56,24095,24216,122,2121,1981,3026
56,24095,24216,123,2123,1986,3041
56,24095,24216,124,2126,1988,3054
56,24095,24216,125,2125,1981,3068
56,24095,24216,126,2130,1986,3081
56,24095,24216,127,2132,1987,2516
56,24095,24216,128,2131,1982,3109
56,24095,24216,129,2136,1986,3122
56,24095,24216,130,2137,1986,2099
56,24095,24216,131,2097,1982,3155
56,24095,24216,132,2142,1986,3181
56,24095,24216,133,2145,1987,3179
56,24095,24216,134,2142,1982,3195
56,24095,24216,135,2150,1986,3209
56,24095,24216,136,2152,1987,3224
56,24095,24216,137,2147,1982,3239
56,24095,24216,138,2155,1986,3254
56,24095,24216,139,2158,1987,3265
56,24095,24216,140,2152,1982,3278
56,24095,24216,141,2161,1986,3302
56,24095,24216,142,2163,1987,2133
56,24095,24216,143,2111,1982,3323
56,24095,24216,144,2166,1987,2137
56,24095,24216,145,1987,1973,1989
56,24095,24216,146,1981,1979,3074
56,24095,24216,147,2177,1998,2137
56,24095,24216,148,1986,1973,1989
56,24095,24216,149,1981,1996,3411
56,24095,24216,150,2182,1987,2147
56,24095,24216,151,1987,1972,1988
56,24095,24216,152,1981,1986,3449
56,24095,24216,153,2188,1990,3464
56,24095,24216,154,2186,1987,3476
56,24095,24216,155,2179,1983,3472
56,24095,24216,156,2185,1986,2151
56,24095,24216,157,1987,1971,1989
56,24095,24216,158,2188,1996,3491
56,24095,24216,159,2190,1986,3505
56,24095,24216,160,2194,1987,3517
56,24095,24216,161,2186,1985,2159
56,24095,24216,162,1985,1970,1989
56,24095,24216,163,1991,1983,1984
56,24095,24216,164,1980,1982,1987
56,24095,24216,165,1988,1983,1986
56,24095,24216,166,2009,1994,3168
56,24095,24216,167,2122,1983,2995
56,24095,24216,168,2113,1984,2894
56,24095,24216,169,2096,1983,2747
56,24095,24216,170,2070,1983,2057
56,24095,24216,171,1987,1977,1989
56,24095,24216,172,1988,1983,1983
56,24095,24216,173,1981,1983,1987
56,24095,24216,174,1987,1982,1989
56,24095,24216,175,1986,1982,1887
56,24095,24216,176,1958,1981,1755
56,24095,24216,177,1933,1980,1603
56,24095,24216,178,1925,1981,1519
56,24095,24216,179,1895,1981,1380
56,24095,24216,180,1890,1980,1907
56,24095,24216,181,1988,1987,1980
56,24095,24216,182,1983,1984,1988
56,24095,24216,183,1986,1984,1989
56,24095,24216,184,1986,1973,687
56,24095,24216,185,1797,1975,535
56,24095,24216,186,1783,1976,380
56,24095,24216,187,1766,1971,214
56,24095,24216,188,1758,1975,1783
56,24095,24216,189,1989,1999,1985
56,24095,24216,190,1983,1981,1982
56,24095,24216,191,1985,1984,1986
56,24095,24216,192,1984,1986,1988
56,24095,24216,193,1974,1964,283
56,24095,24216,194,1772,1976,294
56,24095,24216,195,1769,1978,476
56,24095,24216,196,1920,1983,1305
56,24095,24216,197,1768,1971,339
56,24095,24216,198,1775,1978,360
56,24095,24216,199,1774,1972,369
56,24095,24216,200,1778,1977,382
56,24095,24216,201,1780,1978,398
56,24095,24216,202,1777,1973,411
56,24095,24216,203,1783,1977,426
56,24095,24216,204,1786,1979,437
56,24095,24216,205,1782,1974,453
56,24095,24216,206,1789,1978,1807
56,24095,24216,207,1791,1979,479
56,24095,24216,208,1787,1973,498
56,24095,24216,209,1792,1979,1814
56,24095,24216,210,1990,1997,1945
56,24095,24216,211,1785,1964,1820
56,24095,24216,212,1992,1995,1983
56,24095,24216,213,1987,1985,1987
56,24095,24216,214,1980,1980,1983
56,24095,24216,215,1984,1969,639
56,24095,24216,216,1808,1980,610
56,24095,24216,217,1800,1975,619
56,24095,24216,218,1808,1979,639
56,24095,24216,219,1810,1980,653
56,24095,24216,220,1806,1976,1837
56,24095,24216,221,1990,1994,1983
56,24095,24216,222,1988,1984,1985
56,24095,24216,223,1979,1980,1985
56,24095,24216,224,1988,1984,1985
56,24095,24216,225,1964,1970,738
56,24095,24216,226,1813,1977,756
56,24095,24216,227,1823,1979,766
56,24095,24216,228,1826,1980,780
56,24095,24216,229,1821,1978,789
56,24095,24216,230,1828,1979,809
56,24095,24216,231,1831,1980,822
56,24095,24216,232,1825,1978,836
56,24095,24216,233,1834,1980,851
56,24095,24216,234,1835,1980,865
56,24095,24216,235,1829,1978,880
56,24095,24216,236,1838,1980,893
56,24095,24216,237,1840,1980,909
56,24095,24216,238,1835,1979,924
56,24095,24216,239,1843,1980,918
56,24095,24216,240,1845,1980,1770
56,24095,24216,241,1841,1980,965
56,24095,24216,242,1849,1980,980
56,24095,24216,243,1851,1980,994
56,24095,24216,244,1846,1980,1009
56,24095,24216,245,1855,1980,1025
56,24095,24216,246,1856,1981,1035
56,24095,24216,247,1851,1981,1048
56,24095,24216,248,1858,1980,1857
56,24095,24216,249,1967,1987,1945
56,24095,24216,250,1855,1976,1093
56,24095,24216,251,1864,1980,1106
56,24095,24216,252,1866,1980,1122
56,24095,24216,253,1864,1981,1134
56,24095,24216,254,1869,1980,1880
56,24095,24216,255,1979,1987,1957
56,24095,24216,256,1977,1984,1974
56,24095,24216,257,1983,1983,1983
56,24095,24216,258,1985,1981,1979
56,24095,24216,259,1983,1975,1331
56,24095,24216,260,1878,1982,1226
56,24095,24216,261,1881,1979,1250
56,24095,24216,262,1880,1982,1266
56,24095,24216,263,1884,1983,1902
56,24095,24216,264,1986,1986,1980
56,24095,24216,265,1985,1984,1987
56,24095,24216,266,1985,1985,1989
56,24095,24216,267,1985,1979,1982
56,24095,24216,268,1986,1978,1303
56,24095,24216,269,1884,1983,1290
56,24095,24216,270,1883,1977,1277
56,24095,24216,271,1883,1982,1261
56,24095,24216,272,1879,1984,1247
56,24095,24216,273,1877,1978,1248
56,24095,24216,274,1878,1982,1897
56,24095,24216,275,1987,1992,1986
56,24095,24216,276,1981,1979,1982
56,24095,24216,277,1982,1984,1663
56,24095,24216,278,1869,1976,1160
56,24095,24216,279,1866,1977,1143
56,24095,24216,280,1868,1982,1131
56,24095,24216,281,1866,1982,1121
56,24095,24216,282,1859,1977,1106
56,24095,24216,283,1862,1981,1880
56,24095,24216,284,1989,1992,1985
56,24095,24216,285,1979,1979,1769
56,24095,24216,286,1951,1982,1956
56,24095,24216,287,1989,1985,1584
56,24095,24216,288,1845,1972,1021
56,24095,24216,289,1853,1981,1006
56,24095,24216,290,1851,1982,991
56,24095,24216,291,1843,1977,973
56,24095,24216,292,1847,1981,965
56,24095,24216,293,1847,1981,955
56,24095,24216,294,1837,1977,933
56,24095,24216,295,1842,1981,921
56,24095,24216,296,1841,1981,906
56,24095,24216,297,1832,1977,894
56,24095,24216,298,1837,1980,880
56,24095,24216,299,1836,1981,1850
56,24095,24216,300,1981,1981,853
56,24095,24216,301,1828,1979,839
56,24095,24216,302,1834,1981,1765
56,24095,24216,303,1822,1977,809
56,24095,24216,304,1828,1980,794
56,24095,24216,305,1825,1980,783
56,24095,24216,306,1814,1977,764
56,24095,24216,307,1821,1979,760
56,24095,24216,308,1820,1980,740
56,24095,24216,309,1810,1977,723
56,24095,24216,310,1816,1979,1837
56,24095,24216,311,1992,1994,1980
56,24095,24216,312,1800,1968,681
56,24095,24216,313,1813,1978,1830
56,24095,24216,314,1991,1994,1698
56,24095,24216,315,1795,1967,735
56,24095,24216,316,1926,1988,1930
56,24095,24216,317,1988,1987,1981
56,24095,24216,318,1979,1983,1970
56,24095,24216,319,1986,1982,1987
56,24095,24216,320,1988,1983,1819
56,24095,24216,321,1788,1966,555
56,24095,24216,322,1798,1977,1821
56,24095,24216,323,1990,1994,577
56,24095,24216,324,1782,1968,514
56,24095,24216,325,1792,1977,1817
56,24095,24216,326,1990,1994,1802
56,24095,24216,327,1777,1965,465
56,24095,24216,328,1788,1976,1812
56,24095,24216,329,1990,1994,1978
56,24095,24216,330,1982,1984,1988
56,24095,24216,331,1985,1983,1989
56,24095,24216,332,1986,1981,1981
56,24095,24216,333,1985,1983,1986
56,24095,24216,334,1985,1984,1989
56,24095,24216,335,1985,1980,1440
56,24095,24216,336,1766,1964,341
56,24095,24216,337,1773,1976,323
56,24095,24216,338,1770,1973,315
56,24095,24216,339,1767,1975,294
56,24095,24216,340,1766,1977,1791
56,24095,24216,341,1988,1993,1978
56,24095,24216,342,1984,1985,1987
56,24095,24216,343,1984,1986,1989
56,24095,24216,344,1979,1962,227
56,24095,24216,345,1761,1974,1783
56,24095,24216,346,1989,1999,1984
56,24095,24216,347,1745,1957,186
56,24095,24216,348,1756,1973,172
56,24095,24216,349,1762,1977,250
56,24095,24216,350,1768,1972,341
56,24095,24216,351,1780,1978,429
56,24095,24216,352,1793,1980,549
56,24095,24216,353,1803,1976,657
56,24095,24216,354,1819,1981,767
56,24095,24216,355,1835,1983,1857
57,24269,24390,0,1996,2024,1287
57,24269,24390,1,1889,1983,1335
57,24269,24390,2,1904,1983,1403
57,24269,24390,3,1905,1979,1489
57,24269,24390,4,1924,1983,1932
57,24269,24390,5,1989,1985,1689
57,24269,24390,6,1946,1981,1819
57,24269,24390,7,1970,1984,1973
57,24269,24390,8,1990,1984,1985
57,24269,24390,9,1979,1981,1986
57,24269,24390,10,1989,1983,2029
57,24269,24390,11,2041,1988,2439
57,24269,24390,12,2050,1983,2579
57,24269,24390,13,2076,1985,2715
57,24269,24390,14,2093,1986,2851
57,24269,24390,15,2105,1983,2954
57,24269,24390,16,2125,1986,3072
57,24269,24390,17,2138,1984,2094
57,24269,24390,18,2151,1987,3317
57,24269,24390,19,2177,1986,3450
57,24269,24390,20,2187,1985,3484
57,24269,24390,21,2179,1984,3472
57,24269,24390,22,2186,1985,2153
57,24269,24390,23,1986,1971,1987
57,24269,24390,24,1983,1982,1988
57,24269,24390,25,1987,1982,1988
57,24269,24390,26,1989,1998,3438
57,24269,24390,27,2175,1986,3425
57,24269,24390,28,2176,1985,3409
57,24269,24390,29,2172,1985,3394
57,24269,24390,30,2168,1985,3378
57,24269,24390,31,2169,1985,3363
57,24269,24390,32,2169,1985,3351
57,24269,24390,33,2163,1986,3335
57,24269,24390,34,2162,1983,2116
57,24269,24390,35,1985,1973,1985
57,24269,24390,36,1984,1983,1988
57,24269,24390,37,1986,1982,1989
57,24269,24390,38,1987,1995,3265
57,24269,24390,39,2155,1986,3251
57,24269,24390,40,2152,1986,3233
57,24269,24390,41,2149,1983,3218
57,24269,24390,42,2146,1986,2942
57,24269,24390,43,2009,1976,2012
57,24269,24390,44,1987,1978,1983
57,24269,24390,45,1985,1983,1988
57,24269,24390,46,1986,1985,1989
57,24269,24390,47,1985,1979,1982
57,24269,24390,48,1986,1984,1988
57,24269,24390,49,1985,1985,1988
57,24269,24390,50,1985,1979,1982
57,24269,24390,51,1986,1984,1987
57,24269,24390,52,1985,1986,1989
57,24269,24390,53,1984,1979,1983
57,24269,24390,54,1987,1984,2217
57,24269,24390,55,2125,1994,2089
57,24269,24390,56,1991,1981,3013
57,24269,24390,57,2117,1986,2996
57,24269,24390,58,2117,1987,2979
57,24269,24390,59,2112,1981,2970
57,24269,24390,60,2113,1985,2950
57,24269,24390,61,2112,1987,2938
57,24269,24390,62,2105,1981,2926
57,24269,24390,63,2108,1986,2909
57,24269,24390,64,2105,1986,2898
57,24269,24390,65,2098,1981,2882
57,24269,24390,66,2101,1985,2859
57,24269,24390,67,2049,1983,2852
57,24269,24390,68,2093,1982,2834
57,24269,24390,69,2096,1985,2078
57,24269,24390,70,1987,1977,1988
57,24269,24390,71,1981,1980,1985
57,24269,24390,72,1989,1984,1986
57,24269,24390,73,1989,1984,2002
57,24269,24390,74,2083,1987,2753
57,24269,24390,75,2085,1986,2741
57,24269,24390,76,2083,1985,2725
57,24269,24390,77,2074,1981,2710
57,24269,24390,78,2079,1985,2698
57,24269,24390,79,2076,1985,2685
57,24269,24390,80,2067,1982,2668
57,24269,24390,81,2073,1985,2653
57,24269,24390,82,2068,1985,2640
57,24269,24390,83,2062,1982,2616
57,24269,24390,84,2067,1984,2398
57,24269,24390,85,1996,1980,1992
57,24269,24390,86,1980,1987,2582
57,24269,24390,87,2062,1984,2049
57,24269,24390,88,1988,1979,2371
57,24269,24390,89,2055,1987,2556
57,24269,24390,90,2061,1985,2571
57,24269,24390,91,2064,1985,2586
57,24269,24390,92,2057,1983,2596
57,24269,24390,93,2067,1984,2612
57,24269,24390,94,2069,1985,2630
57,24269,24390,95,2065,1984,2586
57,24269,24390,96,2012,1980,2008
57,24269,24390,97,1989,1982,1985
57,24269,24390,98,1980,1982,1988
57,24269,24390,99,1987,1982,1987
57,24269,24390,100,1988,1983,1983
57,24269,24390,101,1985,1989,2716
57,24269,24390,102,2082,1984,2740
57,24269,24390,103,2086,1984,2753
57,24269,24390,104,2084,1984,2767
57,24269,24390,105,2090,1984,2781
57,24269,24390,106,2092,1985,2288
57,24269,24390,107,1984,1977,1992
57,24269,24390,108,1987,1982,1990
57,24269,24390,109,1988,1982,2070
57,24269,24390,110,2098,1992,2777
57,24269,24390,111,2018,1979,2017
57,24269,24390,112,1986,1979,1983
57,24269,24390,113,2106,1992,2897
57,24269,24390,114,2104,1985,2081
57,24269,24390,115,1984,1974,2932
57,24269,24390,116,2112,1990,2937
57,24269,24390,117,2111,1986,2958
57,24269,24390,118,2114,1982,2969
57,24269,24390,119,2115,1985,2979
57,24269,24390,120,2116,1986,2088
57,24269,24390,121,1985,1983,3009
57,24269,24390,122,2121,1985,2088
57,24269,24390,123,1984,1977,1991
57,24269,24390,124,1986,1979,1983
57,24269,24390,125,1987,1984,2721
57,24269,24390,126,2132,1996,3081
57,24269,24390,127,2130,1982,3094
57,24269,24390,128,2134,1986,2110
57,24269,24390,129,1984,1977,1991
57,24269,24390,130,1984,1978,1983
57,24269,24390,131,1987,1984,1988
57,24269,24390,132,2146,1997,3169
57,24269,24390,133,2140,1982,3181
57,24269,24390,134,2146,1986,3191
57,24269,24390,135,2149,1987,3206
57,24269,24390,136,2145,1982,3227
57,24269,24390,137,2152,1987,2154
57,24269,24390,138,1986,1975,1991
57,24269,24390,139,1982,1979,1984
57,24269,24390,140,2162,1998,3282
57,24269,24390,141,2160,1987,3293
57,24269,24390,142,2158,1983,3309
57,24269,24390,143,2165,1987,3324
57,24269,24390,144,2168,1987,3337
57,24269,24390,145,2163,1983,3353
57,24269,24390,146,2170,1987,2152
57,24269,24390,147,1990,1973,1992
57,24269,24390,148,2172,1994,3392
57,24269,24390,149,2176,1987,3407
57,24269,24390,150,2179,1987,3423
57,24269,24390,151,2174,1983,3435
57,24269,24390,152,2182,1987,3457
57,24269,24390,153,2185,1987,2152
57,24269,24390,154,1977,1968,1989
57,24269,24390,155,1990,1983,1986
57,24269,24390,156,2191,2000,3471
57,24269,24390,157,2180,1984,3486
57,24269,24390,158,2190,1987,3499
57,24269,24390,159,2192,1987,3509
57,24269,24390,160,2184,1984,3515
57,24269,24390,161,2193,1986,3521
57,24269,24390,162,2191,1985,3446
57,24269,24390,163,2165,1983,3338
57,24269,24390,164,2157,1985,3207
57,24269,24390,165,2138,1984,2110
57,24269,24390,166,1978,1972,1989
57,24269,24390,167,1989,1983,1985
57,24269,24390,168,1989,1984,1984
57,24269,24390,169,1979,1982,1988
57,24269,24390,170,2017,1987,2448
57,24269,24390,171,2035,1983,2324
57,24269,24390,172,2010,1982,2205
57,24269,24390,173,1999,1982,2085
57,24269,24390,174,1978,1982,1945
57,24269,24390,175,1958,1981,1810
57,24269,24390,176,1947,1981,1952
57,24269,24390,177,1988,1985,1981
57,24269,24390,178,1981,1983,1987
57,24269,24390,179,1986,1983,1988
57,24269,24390,180,1987,1983,1982
57,24269,24390,181,1981,1983,1987
57,24269,24390,182,1986,1982,1988
57,24269,24390,183,1987,1982,1981
57,24269,24390,184,1961,1972,717
57,24269,24390,185,1810,1976,591
57,24269,24390,186,1791,1975,448
57,24269,24390,187,1775,1976,349
57,24269,24390,188,1761,1974,226
57,24269,24390,189,1760,1973,229
57,24269,24390,190,1761,1975,238
57,24269,24390,191,1763,1976,251
57,24269,24390,192,1766,1973,268
57,24269,24390,193,1766,1976,284
57,24269,24390,194,1767,1976,298
57,24269,24390,195,1770,1972,1787
57,24269,24390,196,1989,1997,1982
57,24269,24390,197,1983,1986,1989
57,24269,24390,198,1985,1979,1982
57,24269,24390,199,1769,1964,554
57,24269,24390,200,1778,1978,380
57,24269,24390,201,1779,1973,394
57,24269,24390,202,1781,1977,411
57,24269,24390,203,1781,1979,423
57,24269,24390,204,1783,1973,439
57,24269,24390,205,1786,1978,453
57,24269,24390,206,1788,1979,466
57,24269,24390,207,1787,1974,487
57,24269,24390,208,1791,1979,495
57,24269,24390,209,1793,1980,1815
57,24269,24390,210,1985,1991,1979
57,24269,24390,211,1986,1984,1986
57,24269,24390,212,1986,1985,1988
57,24269,24390,213,1980,1978,635
57,24269,24390,214,1797,1971,580
57,24269,24390,215,1802,1979,1824
57,24269,24390,216,1982,1975,762
57,24269,24390,217,1802,1979,624
57,24269,24390,218,1809,1980,1829
57,24269,24390,219,1982,1991,1981
57,24269,24390,220,1986,1985,1986
57,24269,24390,221,1989,1984,1986
57,24269,24390,222,1979,1979,1985
57,24269,24390,223,1988,1985,1986
57,24269,24390,224,1989,1985,1986
57,24269,24390,225,1979,1980,1985
57,24269,24390,226,1988,1984,1986
57,24269,24390,227,1989,1984,1986
57,24269,24390,228,1814,1966,775
57,24269,24390,229,1828,1980,795
57,24269,24390,230,1828,1980,809
57,24269,24390,231,1823,1977,823
57,24269,24390,232,1832,1980,833
57,24269,24390,233,1834,1980,849
57,24269,24390,234,1829,1978,863
57,24269,24390,235,1837,1980,881
57,24269,24390,236,1839,1981,894
57,24269,24390,237,1833,1978,900
57,24269,24390,238,1843,1981,921
57,24269,24390,239,1844,1981,936
57,24269,24390,240,1838,1979,953
57,24269,24390,241,1847,1980,966
57,24269,24390,242,1849,1981,979
57,24269,24390,243,1843,1979,988
57,24269,24390,244,1853,1980,1005
57,24269,24390,245,1854,1981,1020
57,24269,24390,246,1850,1981,1036
57,24269,24390,247,1856,1980,1050
57,24269,24390,248,1860,1981,1071
57,24269,24390,249,1855,1980,1076
57,24269,24390,250,1863,1980,1087
57,24269,24390,251,1866,1981,1105
57,24269,24390,252,1860,1981,1123
57,24269,24390,253,1867,1981,1134
57,24269,24390,254,1870,1980,1881
57,24269,24390,255,1983,1990,1985
57,24269,24390,256,1986,1983,1988
57,24269,24390,257,1872,1974,1191
57,24269,24390,258,1873,1981,1205
57,24269,24390,259,1878,1981,1218
57,24269,24390,260,1881,1981,1228
57,24269,24390,261,1878,1981,1897
57,24269,24390,262,1987,1989,1987
57,24269,24390,263,1986,1981,1982
57,24269,24390,264,1983,1984,1987
57,24269,24390,265,1986,1984,1971
57,24269,24390,266,1888,1974,1437
57,24269,24390,267,1965,1988,1969
57,24269,24390,268,1985,1985,1988
57,24269,24390,269,1985,1972,1292
57,24269,24390,270,1882,1982,1276
57,24269,24390,271,1883,1982,1264
57,24269,24390,272,1883,1978,1246
57,24269,24390,273,1879,1982,1232
57,24269,24390,274,1877,1983,1220
57,24269,24390,275,1875,1978,1207
57,24269,24390,276,1873,1981,1386
57,24269,24390,277,1969,1991,1972
57,24269,24390,278,1983,1973,1166
57,24269,24390,279,1867,1982,1381
57,24269,24390,280,1971,1991,1974
57,24269,24390,281,1982,1980,1120
57,24269,24390,282,1860,1978,1881
57,24269,24390,283,1988,1992,1986
57,24269,24390,284,1980,1974,1080
57,24269,24390,285,1857,1980,1061
57,24269,24390,286,1858,1983,1875
57,24269,24390,287,1983,1987,1152
57,24269,24390,288,1849,1974,1020
57,24269,24390,289,1854,1982,1870
57,24269,24390,290,1981,1976,993
57,24269,24390,291,1848,1981,977
57,24269,24390,292,1847,1981,963
57,24269,24390,293,1839,1976,948
57,24269,24390,294,1843,1981,938
57,24269,24390,295,1843,1981,926
57,24269,24390,296,1834,1977,906
57,24269,24390,297,1838,1980,895
57,24269,24390,298,1837,1981,879
57,24269,24390,299,1828,1976,864
57,24269,24390,300,1833,1981,853
57,24269,24390,301,1832,1981,1850
57,24269,24390,302,1981,1983,822
57,24269,24390,303,1824,1979,1220
57,24269,24390,304,1976,1992,1970
57,24269,24390,305,1978,1981,1985
57,24269,24390,306,1985,1971,766
57,24269,24390,307,1825,1979,1839
57,24269,24390,308,1982,1990,1983
57,24269,24390,309,1987,1984,1985
57,24269,24390,310,1989,1984,1985
57,24269,24390,311,1979,1981,1986
57,24269,24390,312,1988,1983,1801
57,24269,24390,313,1807,1969,673
57,24269,24390,314,1805,1977,651
57,24269,24390,315,1808,1978,637
57,24269,24390,316,1807,1979,625
57,24269,24390,317,1798,1977,608
57,24269,24390,318,1804,1978,594
57,24269,24390,319,1801,1978,584
57,24269,24390,320,1794,1977,567
57,24269,24390,321,1799,1977,552
57,24269,24390,322,1797,1978,542
57,24269,24390,323,1789,1977,525
57,24269,24390,324,1794,1977,508
57,24269,24390,325,1792,1977,495
57,24269,24390,326,1785,1977,481
57,24269,24390,327,1787,1977,466
57,24269,24390,328,1787,1977,454
57,24269,24390,329,1781,1976,439
57,24269,24390,330,1783,1976,424
57,24269,24390,331,1782,1976,420
57,24269,24390,332,1776,1976,396
57,24269,24390,333,1779,1976,384
57,24269,24390,334,1778,1976,370
57,24269,24390,335,1771,1976,353
57,24269,24390,336,1774,1975,1235
57,24269,24390,337,1772,1974,323
57,24269,24390,338,1768,1976,309
57,24269,24390,339,1767,1975,297
57,24269,24390,340,1767,1973,283
57,24269,24390,341,1764,1975,270
57,24269,24390,342,1763,1975,254
57,24269,24390,343,1762,1972,240
57,24269,24390,344,1760,1975,236
57,24269,24390,345,1758,1975,211
57,24269,24390,346,1757,1971,203
57,24269,24390,347,1754,1974,184
57,24269,24390,348,1754,1975,179
57,24269,24390,349,1762,1972,259
57,24269,24390,350,1771,1977,349
57,24269,24390,351,1782,1980,1809
57,24269,24390,352,1987,1991,1979
57,24269,24390,353,1985,1984,1987
57,24269,24390,354,1984,1985,1989
57,24269,24390,355,1983,1979,1983
58,24442,24563,0,1992,2016,1120
58,24442,24563,1,1872,1983,1178
58,24442,24563,2,1874,1982,1270
58,24442,24563,3,1893,1982,1370
58,24442,24563,4,1908,1982,1917
58,24442,24563,5,1983,1982,1600
58,24442,24563,6,1938,1983,1750
58,24442,24563,7,1960,1983,1869
58,24442,24563,8,1973,1984,1995
58,24442,24563,9,1994,1984,2154
58,24442,24563,10,2013,1982,2003
58,24442,24563,11,1984,1982,2001
58,24442,24563,12,2058,1989,2570
58,24442,24563,13,2074,1983,2707
58,24442,24563,14,2088,1986,2832
58,24442,24563,15,2109,1988,3005
58,24442,24563,16,2130,1983,3133
58,24442,24563,17,2147,1986,3269
58,24442,24563,18,2168,1988,3407
58,24442,24563,19,2185,1983,3497
58,24442,24563,20,2185,1984,2128
58,24442,24563,21,1984,1974,1992
58,24442,24563,22,1986,1979,1983
58,24442,24563,23,1987,1984,1987
58,24442,24563,24,1985,1985,1988
58,24442,24563,25,1984,1979,1983
58,24442,24563,26,1987,1984,1987
58,24442,24563,27,1985,1986,1988
58,24442,24563,28,1983,1979,1982
58,24442,24563,29,1987,1984,1987
58,24442,24563,30,1985,1984,1988
58,24442,24563,31,1982,1979,1982
58,24442,24563,32,1987,1984,1987
58,24442,24563,33,1987,1985,1988
58,24442,24563,34,1981,1979,1984
58,24442,24563,35,2165,1998,3307
58,24442,24563,36,2160,1987,3296
58,24442,24563,37,2154,1982,3283
58,24442,24563,38,2157,1986,3266
58,24442,24563,39,2156,1987,3248
58,24442,24563,40,2147,1982,3235
58,24442,24563,41,2151,1987,3224
58,24442,24563,42,2150,1987,3205
58,24442,24563,43,2141,1982,3196
58,24442,24563,44,2144,1986,2490
58,24442,24563,45,1992,1975,1993
58,24442,24563,46,1981,1979,1985
58,24442,24563,47,1989,1984,1986
58,24442,24563,48,1990,1996,3124
58,24442,24563,49,2131,1982,3112
58,24442,24563,50,2133,1986,3094
58,24442,24563,51,2131,1986,2106
58,24442,24563,52,1977,1970,1988
58,24442,24563,53,1989,1983,1986
58,24442,24563,54,1989,1983,1985
58,24442,24563,55,1979,1980,1986
58,24442,24563,56,1988,1984,1986
58,24442,24563,57,1989,1984,1985
58,24442,24563,58,1980,1991,2981
58,24442,24563,59,2116,1985,2965
58,24442,24563,60,2114,1986,2092
58,24442,24563,61,1977,1973,1989
58,24442,24563,62,1989,1983,1986
58,24442,24563,63,1989,1984,1985
58,24442,24563,64,1979,1981,1987
58,24442,24563,65,1988,1983,2412
58,24442,24563,66,2105,1992,2863
58,24442,24563,67,2093,1984,2854
58,24442,24563,68,2098,1985,2841
58,24442,24563,69,2096,1985,2821
58,24442,24563,70,2088,1984,2808
58,24442,24563,71,2093,1984,2804
58,24442,24563,72,2091,1985,2783
58,24442,24563,73,2082,1984,2768
58,24442,24563,74,2087,1984,2755
58,24442,24563,75,2084,1984,2741
58,24442,24563,76,2075,1984,2724
58,24442,24563,77,2080,1984,2712
58,24442,24563,78,2078,1984,2699
58,24442,24563,79,2072,1984,2678
58,24442,24563,80,2074,1984,2674
58,24442,24563,81,2072,1983,2655
58,24442,24563,82,2065,1984,2638
58,24442,24563,83,2068,1983,2623
58,24442,24563,84,2069,1983,2613
58,24442,24563,85,2061,1984,2596
58,24442,24563,86,2061,1984,2581
58,24442,24563,87,2060,1982,2571
58,24442,24563,88,2055,1984,2554
58,24442,24563,89,2057,1984,2554
58,24442,24563,90,2060,1982,2569
58,24442,24563,91,2060,1985,2571
58,24442,24563,92,2063,1985,2595
58,24442,24563,93,2065,1981,2612
58,24442,24563,94,2065,1985,2623
58,24442,24563,95,2069,1986,2504
58,24442,24563,96,1998,1975,1994
58,24442,24563,97,1986,1988,2668
58,24442,24563,98,2076,1986,2675
58,24442,24563,99,2033,1977,2285
58,24442,24563,100,2061,1988,2712
58,24442,24563,101,2079,1987,2571
58,24442,24563,102,1998,1974,1997
58,24442,24563,103,2088,1991,2749
58,24442,24563,104,2087,1987,2074
58,24442,24563,105,1981,1973,1985
58,24442,24563,106,1988,1984,1987
58,24442,24563,107,1987,1985,1988
58,24442,24563,108,1982,1979,1983
58,24442,24563,109,1988,1984,1987
58,24442,24563,110,1987,1985,1988
58,24442,24563,111,1981,1979,1983
58,24442,24563,112,2023,1992,2880
58,24442,24563,113,2105,1987,2895
58,24442,24563,114,2102,1982,2621
58,24442,24563,115,2078,1985,2921
58,24442,24563,116,2112,1986,2933
58,24442,24563,117,2107,1982,2954
58,24442,24563,118,2116,1986,2965
58,24442,24563,119,2118,1987,2811
58,24442,24563,120,2004,1974,2007
58,24442,24563,121,1989,1982,1993
58,24442,24563,122,2125,1994,2806
58,24442,24563,123,2028,1976,2027
58,24442,24563,124,1995,1990,3052
58,24442,24563,125,2127,1987,2577
58,24442,24563,126,1993,1982,3080
58,24442,24563,127,2137,1986,3097
58,24442,24563,128,2134,1986,2108
58,24442,24563,129,1977,1971,1989
58,24442,24563,130,1989,1983,1986
58,24442,24563,131,1989,1984,1985
58,24442,24563,132,1979,1980,1986
58,24442,24563,133,1989,1984,1985
58,24442,24563,134,1990,1984,1985
58,24442,24563,135,1980,1995,3173
58,24442,24563,136,2153,1985,3222
58,24442,24563,137,2153,1986,3239
58,24442,24563,138,2148,1983,3252
58,24442,24563,139,2158,1986,3261
58,24442,24563,140,2156,1984,2106
58,24442,24563,141,1982,1985,3293
58,24442,24563,142,2162,1986,3307
58,24442,24563,143,2165,1986,3323
58,24442,24563,144,2161,1985,3335
58,24442,24563,145,2169,1985,3351
58,24442,24563,146,2172,1985,3063
58,24442,24563,147,2007,1973,2012
58,24442,24563,148,1988,1980,1988
58,24442,24563,149,1988,1983,1983
58,24442,24563,150,1980,1983,2294
58,24442,24563,151,2186,1998,3433
58,24442,24563,152,2181,1987,3449
58,24442,24563,153,2178,1986,3465
58,24442,24563,154,2183,1984,2128
58,24442,24563,155,1985,1972,1985
58,24442,24563,156,1983,1982,1988
58,24442,24563,157,1986,1982,1989
58,24442,24563,158,1987,1982,1982
58,24442,24563,159,1983,1998,3508
58,24442,24563,160,2194,1987,3516
58,24442,24563,161,2192,1985,3515
58,24442,24563,162,2187,1986,3479
58,24442,24563,163,2174,1985,3389
58,24442,24563,164,2164,1983,3277
58,24442,24563,165,2144,1985,2120
58,24442,24563,166,1984,1986,3047
58,24442,24563,167,2118,1982,2962
58,24442,24563,168,2102,1985,2862
58,24442,24563,169,2089,1985,2757
58,24442,24563,170,2074,1980,2644
58,24442,24563,171,2058,1984,2526
58,24442,24563,172,2039,1985,2386
58,24442,24563,173,2023,1979,2256
58,24442,24563,174,2002,1983,2115
58,24442,24563,175,1984,1985,1974
58,24442,24563,176,1962,1978,1917
58,24442,24563,177,1985,1986,1986
58,24442,24563,178,1986,1985,1988
58,24442,24563,179,1983,1979,1982
58,24442,24563,180,1985,1977,1304
58,24442,24563,181,1879,1982,1169
58,24442,24563,182,1856,1976,1019
58,24442,24563,183,1843,1980,877
58,24442,24563,184,1826,1981,748
58,24442,24563,185,1805,1974,559
58,24442,24563,186,1791,1977,444
58,24442,24563,187,1777,1977,311
58,24442,24563,188,1757,1970,214
58,24442,24563,189,1762,1975,227
58,24442,24563,190,1764,1976,1785
58,24442,24563,191,1984,1987,475
58,24442,24563,192,1759,1972,1787
58,24442,24563,193,1991,1979,485
58,24442,24563,194,1759,1972,298
58,24442,24563,195,1772,1976,310
58,24442,24563,196,1774,1977,326
58,24442,24563,197,1767,1973,342
58,24442,24563,198,1776,1977,1798
58,24442,24563,199,1993,1997,1982
58,24442,24563,200,1970,1966,1379
58,24442,24563,201,1785,1977,1802
58,24442,24563,202,1993,1997,1982
58,24442,24563,203,1968,1966,425
58,24442,24563,204,1790,1978,436
58,24442,24563,205,1787,1978,456
58,24442,24563,206,1782,1975,464
58,24442,24563,207,1791,1978,480
58,24442,24563,208,1793,1978,1357
58,24442,24563,209,1976,1993,1977
58,24442,24563,210,1986,1983,1985
58,24442,24563,211,1990,1984,1984
58,24442,24563,212,1980,1981,1986
58,24442,24563,213,1988,1984,1985
58,24442,24563,214,1797,1967,588
58,24442,24563,215,1798,1975,593
58,24442,24563,216,1805,1979,608
58,24442,24563,217,1805,1979,1825
58,24442,24563,218,1982,1993,1984
58,24442,24563,219,1987,1984,1987
58,24442,24563,220,1988,1983,1983
58,24442,24563,221,1980,1982,1987
58,24442,24563,222,1987,1983,1987
58,24442,24563,223,1988,1979,1117
58,24442,24563,224,1808,1972,722
58,24442,24563,225,1820,1978,730
58,24442,24563,226,1822,1979,753
58,24442,24563,227,1817,1979,764
58,24442,24563,228,1824,1979,788
58,24442,24563,229,1826,1979,797
58,24442,24563,230,1824,1980,1849
58,24442,24563,231,1988,1992,1986
58,24442,24563,232,1986,1983,1982
58,24442,24563,233,1983,1975,849
58,24442,24563,234,1831,1978,863
58,24442,24563,235,1837,1978,883
58,24442,24563,236,1835,1980,893
58,24442,24563,237,1839,1981,902
58,24442,24563,238,1841,1978,1855
58,24442,24563,239,1986,1993,1986
58,24442,24563,240,1984,1985,1989
58,24442,24563,241,1985,1980,1981
58,24442,24563,242,1985,1980,1209
58,24442,24563,243,1845,1979,980
58,24442,24563,244,1850,1977,1009
58,24442,24563,245,1851,1981,1019
58,24442,24563,246,1852,1982,1034
58,24442,24563,247,1856,1977,1047
58,24442,24563,248,1858,1982,1064
58,24442,24563,249,1859,1984,1076
58,24442,24563,250,1861,1977,1094
58,24442,24563,251,1863,1982,1105
58,24442,24563,252,1870,1983,1118
58,24442,24563,253,1864,1978,1139
58,24442,24563,254,1868,1982,1149
58,24442,24563,255,1870,1983,1158
58,24442,24563,256,1869,1978,1178
58,24442,24563,257,1875,1982,1193
58,24442,24563,258,1876,1983,1204
58,24442,24563,259,1874,1978,1218
58,24442,24563,260,1880,1982,1234
58,24442,24563,261,1884,1983,1248
58,24442,24563,262,1878,1977,1264
58,24442,24563,263,1886,1982,1275
58,24442,24563,264,1888,1983,1903
58,24442,24563,265,1981,1985,1983
58,24442,24563,266,1988,1985,1986
58,24442,24563,267,1988,1985,1987
58,24442,24563,268,1980,1980,1985
58,24442,24563,269,1886,1976,1290
58,24442,24563,270,1887,1982,1277
58,24442,24563,271,1878,1978,1264
58,24442,24563,272,1883,1982,1247
58,24442,24563,273,1882,1982,1233
58,24442,24563,274,1872,1978,1896
58,24442,24563,275,1990,1990,1984
58,24442,24563,276,1989,1984,1984
58,24442,24563,277,1979,1976,1205
58,24442,24563,278,1870,1980,1168
58,24442,24563,279,1870,1981,1148
58,24442,24563,280,1861,1978,1136
58,24442,24563,281,1867,1981,1121
58,24442,24563,282,1865,1981,1105
58,24442,24563,283,1856,1979,1089
58,24442,24563,284,1860,1981,1078
58,24442,24563,285,1860,1981,1875
58,24442,24563,286,1981,1989,1984
58,24442,24563,287,1987,1984,1985
58,24442,24563,288,1990,1984,1984
58,24442,24563,289,1980,1982,1987
58,24442,24563,290,1987,1983,1985
58,24442,24563,291,1989,1984,1983
58,24442,24563,292,1980,1982,1987
58,24442,24563,293,1987,1982,1814
58,24442,24563,294,1840,1972,939
58,24442,24563,295,1836,1979,922
58,24442,24563,296,1840,1979,908
58,24442,24563,297,1839,1980,1856
58,24442,24563,298,1982,1992,1985
58,24442,24563,299,1987,1983,1988
58,24442,24563,300,1988,1982,1982
58,24442,24563,301,1981,1982,1173
58,24442,24563,302,1826,1972,819
58,24442,24563,303,1829,1979,808
58,24442,24563,304,1822,1979,790
58,24442,24563,305,1824,1979,776
58,24442,24563,306,1823,1978,1838
58,24442,24563,307,1985,1993,1985
58,24442,24563,308,1984,1983,1989
58,24442,24563,309,1986,1980,1967
58,24442,24563,310,1936,1971,705
58,24442,24563,311,1817,1978,694
58,24442,24563,312,1812,1977,681
58,24442,24563,313,1809,1979,666
58,24442,24563,314,1808,1979,1832
58,24442,24563,315,1988,1991,1979
58,24442,24563,316,1983,1985,1987
58,24442,24563,317,1985,1985,1988
58,24442,24563,318,1873,1966,1725
58,24442,24563,319,1801,1978,582
58,24442,24563,320,1797,1980,566
58,24442,24563,321,1797,1975,553
58,24442,24563,322,1794,1979,542
58,24442,24563,323,1793,1979,526
58,24442,24563,324,1791,1974,513
58,24442,24563,325,1790,1978,497
58,24442,24563,326,1788,1980,482
58,24442,24563,327,1785,1974,471
58,24442,24563,328,1786,1977,457
58,24442,24563,329,1785,1979,438
58,24442,24563,330,1779,1973,426
58,24442,24563,331,1782,1978,412
58,24442,24563,332,1780,1978,396
58,24442,24563,333,1773,1973,381
58,24442,24563,334,1777,1977,368
58,24442,24563,335,1776,1978,352
58,24442,24563,336,1769,1972,338
58,24442,24563,337,1773,1976,327
58,24442,24563,338,1772,1977,311
58,24442,24563,339,1763,1972,297
58,24442,24563,340,1768,1976,285
58,24442,24563,341,1768,1976,270
58,24442,24563,342,1759,1971,257
58,24442,24563,343,1763,1976,239
58,24442,24563,344,1763,1976,213
58,24442,24563,345,1754,1971,212
58,24442,24563,346,1759,1975,200
58,24442,24563,347,1758,1975,185
58,24442,24563,348,1748,1970,170
58,24442,24563,349,1760,1975,223
58,24442,24563,350,1772,1977,325
58,24442,24563,351,1774,1974,420
58,24442,24563,352,1793,1979,526
58,24442,24563,353,1809,1980,661
58,24442,24563,354,1814,1978,763
58,24442,24563,355,1836,1981,901
59,24613,24734,0,1990,2023,1887
59,24613,24734,1,1985,1993,1986
59,24613,24734,2,1979,1980,1984
59,24613,24734,3,1988,1984,1986
59,24613,24734,4,1988,1985,1988
59,24613,24734,5,1980,1979,1969
59,24613,24734,6,1949,1981,1783
59,24613,24734,7,1966,1985,1915
59,24613,24734,8,1977,1981,2080
59,24613,24734,9,2009,1986,2236
59,24613,24734,10,2029,1986,2393
59,24613,24734,11,2042,1982,2534
59,24613,24734,12,2070,1986,2056
59,24613,24734,13,1988,1979,1987
59,24613,24734,14,1980,1980,1987
59,24613,24734,15,1988,1983,1986
59,24613,24734,16,1990,1984,1986
59,24613,24734,17,1980,1994,3338
59,24613,24734,18,2179,1987,3468
59,24613,24734,19,2189,1986,3496
59,24613,24734,20,2181,1982,3483
59,24613,24734,21,2187,1986,2844
59,24613,24734,22,2000,1972,1998
59,24613,24734,23,1981,1980,1987
59,24613,24734,24,1988,1983,1986
59,24613,24734,25,1990,1983,1984
59,24613,24734,26,1980,1982,1987
59,24613,24734,27,1987,1982,1986
59,24613,24734,28,1991,1990,3333
59,24613,24734,29,2172,1989,3392
59,24613,24734,30,2172,1986,3379
59,24613,24734,31,2171,1986,3365
59,24613,24734,32,2162,1984,3350
59,24613,24734,33,2167,1985,3340
59,24613,24734,34,2165,1986,3321
59,24613,24734,35,2157,1985,3308
59,24613,24734,36,2160,1985,3292
59,24613,24734,37,2159,1985,3280
59,24613,24734,38,2153,1985,3265
59,24613,24734,39,2154,1985,3249
59,24613,24734,40,2153,1985,3238
59,24613,24734,41,2146,1986,3229
59,24613,24734,42,2148,1985,3209
59,24613,24734,43,2148,1985,3193
59,24613,24734,44,2140,1985,3181
59,24613,24734,45,2142,1985,3164
59,24613,24734,46,2140,1984,2112
59,24613,24734,47,1981,1974,1991
59,24613,24734,48,1987,1982,1991
59,24613,24734,49,2137,1993,3112
59,24613,24734,50,2129,1985,3094
59,24613,24734,51,2130,1986,3080
59,24613,24734,52,2128,1982,3065
59,24613,24734,53,2126,1985,3054
59,24613,24734,54,2123,1986,2106
59,24613,24734,55,1984,1971,1985
59,24613,24734,56,1986,1983,1987
59,24613,24734,57,1986,1985,1989
59,24613,24734,58,1986,1988,2980
59,24613,24734,59,2116,1986,2970
59,24613,24734,60,2111,1987,2953
59,24613,24734,61,2109,1981,2095
59,24613,24734,62,1985,1976,1988
59,24613,24734,63,1986,1985,1989
59,24613,24734,64,1983,1979,1983
59,24613,24734,65,1987,1984,1986
59,24613,24734,66,1986,1986,1988
59,24613,24734,67,1983,1979,1983
59,24613,24734,68,1987,1984,1987
59,24613,24734,69,1987,1985,1988
59,24613,24734,70,1982,1979,1983
59,24613,24734,71,1987,1984,1987
59,24613,24734,72,1987,1994,2782
59,24613,24734,73,2085,1982,2774
59,24613,24734,74,2086,1985,2754
59,24613,24734,75,2085,1986,2312
59,24613,24734,76,1982,1974,1988
59,24613,24734,77,1989,1991,2714
59,24613,24734,78,2079,1986,2698
59,24613,24734,79,2072,1981,2684
59,24613,24734,80,2073,1985,2666
59,24613,24734,81,2074,1986,2059
59,24613,24734,82,1978,1974,1986
59,24613,24734,83,1989,1984,1986
59,24613,24734,84,1989,1984,1986
59,24613,24734,85,1980,1980,1986
59,24613,24734,86,1992,1989,2584
59,24613,24734,87,2060,1985,2570
59,24613,24734,88,2053,1981,2042
59,24613,24734,89,1987,1980,1987
59,24613,24734,90,1990,1984,1985
59,24613,24734,91,1979,1980,1986
59,24613,24734,92,1991,1989,2589
59,24613,24734,93,2067,1986,2611
59,24613,24734,94,2063,1982,2626
59,24613,24734,95,2071,1985,2643
59,24613,24734,96,2072,1985,2655
59,24613,24734,97,2068,1983,2670
59,24613,24734,98,2077,1985,2683
59,24613,24734,99,2079,1985,2698
59,24613,24734,100,2073,1983,2714
59,24613,24734,101,2082,1984,2726
59,24613,24734,102,2085,1985,2742
59,24613,24734,103,2079,1983,2753
59,24613,24734,104,2089,1985,2768
59,24613,24734,105,2090,1985,2782
59,24613,24734,106,2086,1984,2797
59,24613,24734,107,2094,1984,2811
59,24613,24734,108,2097,1985,2826
59,24613,24734,109,2093,1984,2838
59,24613,24734,110,2099,1985,2852
59,24613,24734,111,2101,1985,2870
59,24613,24734,112,2098,1984,2882
59,24613,24734,113,2105,1984,2886
59,24613,24734,114,2108,1985,2915
59,24613,24734,115,2104,1984,2925
59,24613,24734,116,2111,1984,2937
59,24613,24734,117,2113,1985,2955
59,24613,24734,118,2112,1985,2977
59,24613,24734,119,2117,1985,2978
59,24613,24734,120,2119,1984,2996
59,24613,24734,121,2118,1985,3007
59,24613,24734,122,2122,1985,3022
59,24613,24734,123,2125,1983,3042
59,24613,24734,124,2123,1986,3052
59,24613,24734,125,2128,1986,3064
59,24613,24734,126,2131,1983,3077
59,24613,24734,127,2130,1985,3094
59,24613,24734,128,2132,1986,3111
59,24613,24734,129,2136,1983,3123
59,24613,24734,130,2136,1986,3138
59,24613,24734,131,2140,1987,3150
59,24613,24734,132,2141,1982,3167
59,24613,24734,133,2143,1986,3188
59,24613,24734,134,2145,1987,3195
59,24613,24734,135,2147,1982,3208
59,24613,24734,136,2149,1986,3227
59,24613,24734,137,2150,1988,3237
59,24613,24734,138,2152,1982,2126
59,24613,24734,139,1984,1973,1990
59,24613,24734,140,2022,1996,2132
59,24613,24734,141,1978,1969,1986
59,24613,24734,142,1989,1984,1987
59,24613,24734,143,2066,1998,3322
59,24613,24734,144,2160,1983,3335
59,24613,24734,145,2168,1987,3350
59,24613,24734,146,2170,1988,3363
59,24613,24734,147,2168,1982,3377
59,24613,24734,148,2174,1987,3392
59,24613,24734,149,2177,1987,3406
59,24613,24734,150,2172,1982,3420
59,24613,24734,151,2180,1987,3435
59,24613,24734,152,2183,1987,3450
59,24613,24734,153,2178,1982,2153
59,24613,24734,154,2185,1987,3476
59,24613,24734,155,2186,1988,3471
59,24613,24734,156,2180,1983,3471
59,24613,24734,157,2188,1987,3484
59,24613,24734,158,2190,1988,3493
59,24613,24734,159,2183,1984,3507
59,24613,24734,160,2191,1987,3514
59,24613,24734,161,2193,1988,3189
59,24613,24734,162,2010,1969,2014
59,24613,24734,163,1990,1982,1987
59,24613,24734,164,1989,1984,2066
59,24613,24734,165,2155,1993,3226
59,24613,24734,166,2138,1985,3087
59,24613,24734,167,2124,1985,2966
59,24613,24734,168,2097,1982,2814
59,24613,24734,169,2084,1983,2690
59,24613,24734,170,2069,1984,2560
59,24613,24734,171,2039,1981,2431
59,24613,24734,172,2027,1983,2274
59,24613,24734,173,2011,1983,2147
59,24613,24734,174,1982,1980,2018
59,24613,24734,175,1974,1981,1860
59,24613,24734,176,1956,1983,1729
59,24613,24734,177,1926,1980,1590
59,24613,24734,178,1923,1981,1513
59,24613,24734,179,1906,1981,1398
59,24613,24734,180,1881,1978,1222
59,24613,24734,181,1865,1979,1062
59,24613,24734,182,1850,1979,917
59,24613,24734,183,1824,1978,766
59,24613,24734,184,1811,1977,638
59,24613,24734,185,1796,1977,486
59,24613,24734,186,1775,1975,345
59,24613,24734,187,1766,1973,205
59,24613,24734,188,1760,1974,212
59,24613,24734,189,1758,1975,226
59,24613,24734,190,1763,1974,239
59,24613,24734,191,1765,1975,254
59,24613,24734,192,1763,1975,1789
59,24613,24734,193,1990,1996,1985
59,24613,24734,194,1985,1983,1982
59,24613,24734,195,1982,1966,312
59,24613,24734,196,1767,1974,326
59,24613,24734,197,1775,1974,340
59,24613,24734,198,1772,1976,353
59,24613,24734,199,1776,1977,1800
59,24613,24734,200,1989,1993,1978
59,24613,24734,201,1982,1984,1987
59,24613,24734,202,1985,1984,1989
59,24613,24734,203,1985,1980,1981
59,24613,24734,204,1777,1965,440
59,24613,24734,205,1787,1978,454
59,24613,24734,206,1787,1974,469
59,24613,24734,207,1787,1978,484
59,24613,24734,208,1790,1979,495
59,24613,24734,209,1792,1974,514
59,24613,24734,210,1792,1978,1815
59,24613,24734,211,1988,1997,1985
59,24613,24734,212,1983,1979,1982
59,24613,24734,213,1986,1969,647
59,24613,24734,214,1796,1980,580
59,24613,24734,215,1800,1975,595
59,24613,24734,216,1804,1979,610
59,24613,24734,217,1805,1980,620
59,24613,24734,218,1804,1975,1317
59,24613,24734,219,1981,1994,1976
59,24613,24734,220,1986,1986,1988
59,24613,24734,221,1980,1975,694
59,24613,24734,222,1811,1977,694
59,24613,24734,223,1817,1981,721
59,24613,24734,224,1812,1976,721
59,24613,24734,225,1820,1980,740
59,24613,24734,226,1823,1982,1842
59,24613,24734,227,1983,1989,1980
59,24613,24734,228,1987,1985,1986
59,24613,24734,229,1988,1984,1986
59,24613,24734,230,1817,1966,827
59,24613,24734,231,1831,1980,821
59,24613,24734,232,1832,1981,836
59,24613,24734,233,1827,1977,849
59,24613,24734,234,1836,1981,1854
59,24613,24734,235,1991,1993,1983
59,24613,24734,236,1978,1981,1985
59,24613,24734,237,1980,1974,908
59,24613,24734,238,1844,1981,923
59,24613,24734,239,1837,1977,934
59,24613,24734,240,1846,1981,953
59,24613,24734,241,1847,1981,963
59,24613,24734,242,1842,1978,980
59,24613,24734,243,1851,1981,1059
59,24613,24734,244,1941,1988,1942
59,24613,24734,245,1979,1984,1985
59,24613,24734,246,1988,1983,1985
59,24613,24734,247,1990,1984,1985
59,24613,24734,248,1980,1981,1063
59,24613,24734,249,1858,1978,1081
59,24613,24734,250,1864,1981,1095
59,24613,24734,251,1859,1980,1108
59,24613,24734,252,1871,1980,1882
59,24613,24734,253,1991,1991,1982
59,24613,24734,254,1979,1983,1987
59,24613,24734,255,1988,1983,1986
59,24613,24734,256,1988,1982,1198
59,24613,24734,257,1866,1977,1191
59,24613,24734,258,1877,1981,1205
59,24613,24734,259,1879,1981,1221
59,24613,24734,260,1875,1981,1232
59,24613,24734,261,1882,1981,1250
59,24613,24734,262,1884,1981,1273
59,24613,24734,263,1881,1981,1284
59,24613,24734,264,1887,1981,1293
59,24613,24734,265,1889,1981,1311
59,24613,24734,266,1887,1982,1322
59,24613,24734,267,1890,1981,1329
59,24613,24734,268,1935,1985,1938
59,24613,24734,269,1983,1986,1986
59,24613,24734,270,1984,1974,1346
59,24613,24734,271,1883,1979,1260
59,24613,24734,272,1879,1982,1251
59,24613,24734,273,1879,1981,1232
59,24613,24734,274,1878,1979,1889
59,24613,24734,275,1986,1990,1985
59,24613,24734,276,1984,1985,1989
59,24613,24734,277,1984,1971,1179
59,24613,24734,278,1869,1981,1164
59,24613,24734,279,1868,1982,1147
59,24613,24734,280,1866,1978,1134
59,24613,24734,281,1864,1981,1118
59,24613,24734,282,1863,1983,1108
59,24613,24734,283,1861,1977,1092
59,24613,24734,284,1859,1981,1080
59,24613,24734,285,1858,1982,1063
59,24613,24734,286,1855,1977,1051
59,24613,24734,287,1854,1981,1034
59,24613,24734,288,1852,1982,1020
59,24613,24734,289,1849,1977,1008
59,24613,24734,290,1850,1981,993
59,24613,24734,291,1848,1982,979
59,24613,24734,292,1843,1977,965
59,24613,24734,293,1843,1981,1864
59,24613,24734,294,1989,1994,1985
59,24613,24734,295,1980,1980,1983
59,24613,24734,296,1988,1984,1986
59,24613,24734,297,1983,1973,899
59,24613,24734,298,1831,1976,880
59,24613,24734,299,1835,1981,863
59,24613,24734,300,1834,1981,846
59,24613,24734,301,1826,1977,843
59,24613,24734,302,1830,1981,821
59,24613,24734,303,1830,1982,806
59,24613,24734,304,1821,1976,795
59,24613,24734,305,1825,1981,779
59,24613,24734,306,1824,1981,766
59,24613,24734,307,1815,1976,752
59,24613,24734,308,1820,1980,736
59,24613,24734,309,1819,1980,722
59,24613,24734,310,1810,1976,711
59,24613,24734,311,1815,1980,695
59,24613,24734,312,1813,1980,679
59,24613,24734,313,1804,1976,671
59,24613,24734,314,1810,1979,648
59,24613,24734,315,1809,1979,642
59,24613,24734,316,1800,1975,623
59,24613,24734,317,1805,1979,609
59,24613,24734,318,1804,1979,596
59,24613,24734,319,1795,1976,578
59,24613,24734,320,1801,1978,567
59,24613,24734,321,1799,1978,552
59,24613,24734,322,1790,1976,530
59,24613,24734,323,1795,1979,522
59,24613,24734,324,1794,1978,510
59,24613,24734,325,1786,1976,496
59,24613,24734,326,1791,1977,484
59,24613,24734,327,1790,1977,471
59,24613,24734,328,1780,1975,454
59,24613,24734,329,1786,1976,444
59,24613,24734,330,1784,1977,1800
59,24613,24734,331,1983,1995,1983
59,24613,24734,332,1985,1984,1987
59,24613,24734,333,1988,1983,1983
59,24613,24734,334,1981,1982,1786
59,24613,24734,335,1769,1963,355
59,24613,24734,336,1776,1976,341
59,24613,24734,337,1768,1975,327
59,24613,24734,338,1771,1975,311
59,24613,24734,339,1770,1975,301
59,24613,24734,340,1763,1975,281
59,24613,24734,341,1765,1974,268
59,24613,24734,342,1765,1974,256
59,24613,24734,343,1760,1975,240
59,24613,24734,344,1761,1974,230
59,24613,24734,345,1759,1973,216
59,24613,24734,346,1755,1974,197
59,24613,24734,347,1754,1974,185
59,24613,24734,348,1754,1972,174
59,24613,24734,349,1761,1975,249
59,24613,24734,350,1770,1977,340
59,24613,24734,351,1781,1975,439
59,24613,24734,352,1797,1980,594
59,24613,24734,353,1811,1981,736
59,24613,24734,354,1829,1978,857
59,24613,24734,355,1846,1983,1016
60,24802,24923,0,2019,2036,1294
60,24802,24923,1,1882,1981,1337
60,24802,24923,2,1903,1982,1412
60,24802,24923,3,1913,1983,1480
60,24802,24923,4,1918,1982,1603
60,24802,24923,5,1938,1983,1691
60,24802,24923,6,1957,1985,1822
60,24802,24923,7,1962,1982,1937
60,24802,24923,8,1986,1983,2056
60,24802,24923,9,2003,1984,2188
60,24802,24923,10,2016,1984,2323
60,24802,24923,11,2040,1984,2451
60,24802,24923,12,2059,1985,2577
60,24802,24923,13,2070,1985,2725
60,24802,24923,14,2093,1985,2867
60,24802,24923,15,2111,1984,2952
60,24802,24923,16,2118,1985,3071
60,24802,24923,17,2140,1985,3186
60,24802,24923,18,2160,1986,3326
60,24802,24923,19,2174,1986,3463
60,24802,24923,20,2186,1985,3484
60,24802,24923,21,2186,1985,3471
60,24802,24923,22,2181,1986,3472
60,24802,24923,23,2186,1985,3476
60,24802,24923,24,2184,1984,2150
60,24802,24923,25,1981,1971,1991
60,24802,24923,26,1987,1983,1992
60,24802,24923,27,1991,1996,3410
60,24802,24923,28,2174,1987,3406
60,24802,24923,29,2173,1986,3390
60,24802,24923,30,2172,1983,3380
60,24802,24923,31,2167,1986,3362
60,24802,24923,32,2167,1987,3349
60,24802,24923,33,2162,1982,2131
60,24802,24923,34,1983,1973,1990
60,24802,24923,35,2164,1998,2834
60,24802,24923,36,1997,1970,1997
60,24802,24923,37,1987,1983,2280
60,24802,24923,38,2159,1998,3262
60,24802,24923,39,2149,1981,2104
60,24802,24923,40,1992,1986,3237
60,24802,24923,41,2147,1988,3220
60,24802,24923,42,2145,1982,3208
60,24802,24923,43,2147,1986,3199
60,24802,24923,44,2145,1987,3179
60,24802,24923,45,2139,1981,3167
60,24802,24923,46,2140,1986,3154
60,24802,24923,47,2139,1987,3139
60,24802,24923,48,2133,1982,3126
60,24802,24923,49,2134,1985,3077
60,24802,24923,50,2134,1988,3094
60,24802,24923,51,2125,1982,3081
60,24802,24923,52,2129,1986,3067
60,24802,24923,53,2128,1987,3061
60,24802,24923,54,2119,1982,3034
60,24802,24923,55,2124,1986,3024
60,24802,24923,56,2123,1986,3008
60,24802,24923,57,2113,1981,2991
60,24802,24923,58,2117,1986,2979
60,24802,24923,59,2116,1986,2968
60,24802,24923,60,2107,1981,2952
60,24802,24923,61,2112,1986,2937
60,24802,24923,62,2111,1986,2923
60,24802,24923,63,2103,1982,2911
60,24802,24923,64,2106,1985,2895
60,24802,24923,65,2105,1986,2881
60,24802,24923,66,2094,1981,2867
60,24802,24923,67,2100,1985,2852
60,24802,24923,68,2099,1986,2842
60,24802,24923,69,2089,1982,2826
60,24802,24923,70,2094,1985,2811
60,24802,24923,71,2093,1985,2798
60,24802,24923,72,2083,1982,2783
60,24802,24923,73,2089,1985,2767
60,24802,24923,74,2086,1985,2752
60,24802,24923,75,2078,1982,2741
60,24802,24923,76,2082,1985,2726
60,24802,24923,77,2082,1985,2708
60,24802,24923,78,2072,1982,2701
60,24802,24923,79,2076,1985,2680
60,24802,24923,80,2075,1985,2667
60,24802,24923,81,2066,1983,2657
60,24802,24923,82,2071,1984,2641
60,24802,24923,83,2068,1984,2053
60,24802,24923,84,1989,1983,2613
60,24802,24923,85,2064,1984,2595
60,24802,24923,86,2063,1984,2586
60,24802,24923,87,2054,1984,2573
60,24802,24923,88,2060,1984,2558
60,24802,24923,89,2060,1984,2046
60,24802,24923,90,1979,1979,1999
60,24802,24923,91,2065,1988,2317
60,24802,24923,92,1991,1978,1988
60,24802,24923,93,1982,1988,2607
60,24802,24923,94,2069,1984,2624
60,24802,24923,95,2071,1984,2642
60,24802,24923,96,2068,1984,2654
60,24802,24923,97,2075,1984,2666
60,24802,24923,98,2075,1983,2682
60,24802,24923,99,2074,1985,2696
60,24802,24923,100,2078,1985,2712
60,24802,24923,101,2082,1983,2725
60,24802,24923,102,2080,1985,2738
60,24802,24923,103,2085,1985,2754
60,24802,24923,104,2087,1982,2770
60,24802,24923,105,2087,1985,2787
60,24802,24923,106,2091,1986,2795
60,24802,24923,107,2093,1982,2811
60,24802,24923,108,2094,1985,2823
60,24802,24923,109,2096,1986,2835
60,24802,24923,110,2099,1982,2852
60,24802,24923,111,2100,1986,2866
60,24802,24923,112,2101,1987,2884
60,24802,24923,113,2104,1981,2897
60,24802,24923,114,2106,1985,2910
60,24802,24923,115,2108,1987,2925
60,24802,24923,116,2108,1981,2935
60,24802,24923,117,2113,1986,2952
60,24802,24923,118,2115,1987,2966
60,24802,24923,119,2114,1982,2981
60,24802,24923,120,2118,1986,2996
60,24802,24923,121,2121,1987,3012
60,24802,24923,122,2118,1982,3022
60,24802,24923,123,2124,1986,3038
60,24802,24923,124,2128,1987,3047
60,24802,24923,125,2125,1982,3064
60,24802,24923,126,2131,1987,3080
60,24802,24923,127,2133,1987,3096
60,24802,24923,128,2130,1982,3110
60,24802,24923,129,2135,1986,3127
60,24802,24923,130,2139,1986,2099
60,24802,24923,131,2017,1981,3154
60,24802,24923,132,2141,1987,3167
60,24802,24923,133,2143,1985,2100
60,24802,24923,134,1978,1971,1988
60,24802,24923,135,1989,1984,1986
60,24802,24923,136,1989,1985,1987
60,24802,24923,137,1979,1980,1985
60,24802,24923,138,1989,1984,1986
60,24802,24923,139,1990,1984,1986
60,24802,24923,140,1979,1980,1985
60,24802,24923,141,1988,1985,1987
60,24802,24923,142,1989,1985,1986
60,24802,24923,143,1979,1980,1986
60,24802,24923,144,1989,1984,1986
60,24802,24923,145,1989,1984,1985
60,24802,24923,146,1979,1980,1987
60,24802,24923,147,1988,1983,1985
60,24802,24923,148,1990,1984,1985
60,24802,24923,149,2174,1995,3403
60,24802,24923,150,2177,1986,3421
60,24802,24923,151,2181,1986,3437
60,24802,24923,152,2176,1984,3452
60,24802,24923,153,2184,1986,3465
60,24802,24923,154,2187,1986,3475
60,24802,24923,155,2179,1984,3472
60,24802,24923,156,2186,1986,3471
60,24802,24923,157,2188,1986,3484
60,24802,24923,158,2183,1985,3501
60,24802,24923,159,2192,1986,3508
60,24802,24923,160,2191,1986,3516
60,24802,24923,161,2187,1986,3516
60,24802,24923,162,2190,1984,3446
60,24802,24923,163,2170,1985,3339
60,24802,24923,164,2150,1984,3190
60,24802,24923,165,2138,1983,3084
60,24802,24923,166,2121,1984,2960
60,24802,24923,167,2099,1984,2832
60,24802,24923,168,2086,1983,2717
60,24802,24923,169,2071,1983,2581
60,24802,24923,170,2044,1983,2463
60,24802,24923,171,2035,1982,2343
60,24802,24923,172,2021,1982,2213
60,24802,24923,173,1997,1982,2076
60,24802,24923,174,1981,1982,1965
60,24802,24923,175,1965,1980,1796
60,24802,24923,176,1945,1982,1685
60,24802,24923,177,1931,1982,1563
60,24802,24923,178,1918,1980,1500
60,24802,24923,179,1899,1981,1360
60,24802,24923,180,1884,1981,1284
60,24802,24923,181,1870,1977,1109
60,24802,24923,182,1852,1980,974
60,24802,24923,183,1841,1981,875
60,24802,24923,184,1822,1975,724
60,24802,24923,185,1805,1978,571
60,24802,24923,186,1789,1979,460
60,24802,24923,187,1774,1972,347
60,24802,24923,188,1765,1975,224
60,24802,24923,189,1759,1978,1792
60,24802,24923,190,1988,1993,1978
60,24802,24923,191,1914,1968,1785
60,24802,24923,192,1992,1999,1984
60,24802,24923,193,1981,1980,1937
60,24802,24923,194,1763,1963,294
60,24802,24923,195,1773,1977,362
60,24802,24923,196,1880,1977,329
60,24802,24923,197,1770,1976,339
60,24802,24923,198,1776,1978,353
60,24802,24923,199,1772,1972,367
60,24802,24923,200,1779,1977,384
60,24802,24923,201,1781,1978,397
60,24802,24923,202,1777,1973,412
60,24802,24923,203,1784,1978,424
60,24802,24923,204,1786,1978,439
60,24802,24923,205,1781,1974,454
60,24802,24923,206,1788,1978,466
60,24802,24923,207,1790,1979,487
60,24802,24923,208,1786,1974,500
60,24802,24923,209,1794,1979,1818
60,24802,24923,210,1991,1996,1982
60,24802,24923,211,1978,1980,1984
60,24802,24923,212,1987,1984,1985
60,24802,24923,213,1989,1984,1985
60,24802,24923,214,1979,1980,1985
60,24802,24923,215,1988,1984,1979
60,24802,24923,216,1871,1970,607
60,24802,24923,217,1802,1975,623
60,24802,24923,218,1809,1980,638
60,24802,24923,219,1810,1979,650
60,24802,24923,220,1804,1976,663
60,24802,24923,221,1813,1980,680
60,24802,24923,222,1815,1980,692
60,24802,24923,223,1809,1977,709
60,24802,24923,224,1819,1979,723
60,24802,24923,225,1820,1979,736
60,24802,24923,226,1815,1977,749
60,24802,24923,227,1823,1980,765
60,24802,24923,228,1825,1980,779
60,24802,24923,229,1820,1978,794
60,24802,24923,230,1829,1979,807
60,24802,24923,231,1830,1980,824
60,24802,24923,232,1825,1979,836
60,24802,24923,233,1834,1980,851
60,24802,24923,234,1835,1980,863
60,24802,24923,235,1829,1979,878
60,24802,24923,236,1839,1980,895
60,24802,24923,237,1840,1981,911
60,24802,24923,238,1836,1980,921
60,24802,24923,239,1845,1980,930
60,24802,24923,240,1845,1980,950
60,24802,24923,241,1842,1981,965
60,24802,24923,242,1848,1981,979
60,24802,24923,243,1851,1981,994
60,24802,24923,244,1847,1980,1003
60,24802,24923,245,1853,1980,1021
60,24802,24923,246,1855,1980,1038
60,24802,24923,247,1853,1981,1049
60,24802,24923,248,1857,1980,1062
60,24802,24923,249,1860,1980,1077
60,24802,24923,250,1859,1981,1091
60,24802,24923,251,1863,1981,1106
60,24802,24923,252,1866,1979,1121
60,24802,24923,253,1865,1981,1135
60,24802,24923,254,1868,1982,1147
60,24802,24923,255,1870,1978,1164
60,24802,24923,256,1870,1982,1177
60,24802,24923,257,1873,1983,1189
60,24802,24923,258,1875,1978,1204
60,24802,24923,259,1876,1982,1220
60,24802,24923,260,1879,1983,1233
60,24802,24923,261,1881,1978,1245
60,24802,24923,262,1882,1982,1263
60,24802,24923,263,1885,1983,1277
60,24802,24923,264,1886,1978,1290
60,24802,24923,265,1888,1983,1304
60,24802,24923,266,1890,1984,1321
60,24802,24923,267,1888,1978,1320
60,24802,24923,268,1887,1982,1305
60,24802,24923,269,1887,1983,1290
60,24802,24923,270,1882,1978,1900
60,24802,24923,271,1988,1990,1985
60,24802,24923,272,1986,1986,1987
60,24802,24923,273,1979,1979,1969
60,24802,24923,274,1883,1976,1228
60,24802,24923,275,1878,1983,1208
60,24802,24923,276,1870,1978,1196
60,24802,24923,277,1873,1981,1181
60,24802,24923,278,1872,1982,1162
60,24802,24923,279,1864,1977,1148
60,24802,24923,280,1868,1982,1133
60,24802,24923,281,1868,1982,1110
60,24802,24923,282,1858,1977,1104
60,24802,24923,283,1863,1981,1094
60,24802,24923,284,1861,1981,1080
60,24802,24923,285,1853,1978,1063
60,24802,24923,286,1858,1981,1049
60,24802,24923,287,1856,1982,1037
60,24802,24923,288,1847,1977,1019
60,24802,24923,289,1852,1981,1003
60,24802,24923,290,1856,1981,996
60,24802,24923,291,1842,1977,976
60,24802,24923,292,1848,1982,1854
60,24802,24923,293,1863,1981,951
60,24802,24923,294,1836,1977,937
60,24802,24923,295,1842,1980,921
60,24802,24923,296,1841,1980,907
60,24802,24923,297,1832,1978,890
60,24802,24923,298,1837,1980,1857
60,24802,24923,299,1991,1993,1981
60,24802,24923,300,1978,1982,1987
60,24802,24923,301,1988,1983,1986
60,24802,24923,302,1990,1972,825
60,24802,24923,303,1819,1977,807
60,24802,24923,304,1827,1980,1844
60,24802,24923,305,1831,1980,783
60,24802,24923,306,1817,1978,764
60,24802,24923,307,1822,1979,748
60,24802,24923,308,1820,1979,738
60,24802,24923,309,1812,1978,723
60,24802,24923,310,1815,1978,963
60,24802,24923,311,1958,1991,1953
60,24802,24923,312,1980,1985,1986
60,24802,24923,313,1986,1983,1988
60,24802,24923,314,1988,1982,1983
60,24802,24923,315,1980,1967,637
60,24802,24923,316,1804,1978,625
60,24802,24923,317,1805,1978,609
60,24802,24923,318,1798,1978,592
60,24802,24923,319,1801,1977,582
60,24802,24923,320,1800,1977,1815
60,24802,24923,321,1986,1995,1984
60,24802,24923,322,1984,1982,738
60,24802,24923,323,1789,1964,523
60,24802,24923,324,1790,1977,511
60,24802,24923,325,1790,1977,495
60,24802,24923,326,1789,1975,487
60,24802,24923,327,1785,1977,465
60,24802,24923,328,1786,1977,450
60,24802,24923,329,1785,1974,985
60,24802,24923,330,1957,1980,423
60,24802,24923,331,1781,1978,418
60,24802,24923,332,1779,1973,400
60,24802,24923,333,1776,1977,382
60,24802,24923,334,1776,1978,366
60,24802,24923,335,1774,1973,353
60,24802,24923,336,1772,1977,338
60,24802,24923,337,1771,1978,327
60,24802,24923,338,1770,1972,314
60,24802,24923,339,1768,1976,298
60,24802,24923,340,1766,1977,285
60,24802,24923,341,1763,1971,268
60,24802,24923,342,1764,1975,258
60,24802,24923,343,1762,1977,236
60,24802,24923,344,1758,1970,224
60,24802,24923,345,1758,1975,214
60,24802,24923,346,1758,1975,198
60,24802,24923,347,1753,1970,184
60,24802,24923,348,1755,1974,172
60,24802,24923,349,1760,1976,221
60,24802,24923,350,1767,1972,325
60,24802,24923,351,1782,1978,435
60,24802,24923,352,1796,1979,558
60,24802,24923,353,1803,1975,675
60,24802,24923,354,1822,1981,784
60,24802,24923,355,1837,1982,927
61,24977,25098,0,1992,2023,1136
61,24977,25098,1,1874,1983,1216
61,24977,25098,2,1880,1980,1715
61,24977,25098,3,1986,1989,1983
61,24977,25098,4,1988,1984,1983
61,24977,25098,5,1980,1977,1634
61,24977,25098,6,1945,1984,1769
61,24977,25098,7,1965,1984,1893
61,24977,25098,8,1974,1983,2026
61,24977,25098,9,1998,1984,2164
61,24977,25098,10,2017,1985,2302
61,24977,25098,11,2033,1985,2032
61,24977,25098,12,1986,1979,1990
61,24977,25098,13,1988,1982,1983
61,24977,25098,14,1983,1986,2841
61,24977,25098,15,2115,1987,2995
61,24977,25098,16,2134,1986,3169
61,24977,25098,17,2152,1987,3321
61,24977,25098,18,2171,1984,2121
61,24977,25098,19,1985,1971,1985
61,24977,25098,20,1985,1983,1988
61,24977,25098,21,1986,1983,1989
61,24977,25098,22,1986,1980,1982
61,24977,25098,23,1985,1984,2974
61,24977,25098,24,2187,1999,3460
61,24977,25098,25,2181,1983,3452
61,24977,25098,26,2177,1986,3434
61,24977,25098,27,2176,1988,3417
61,24977,25098,28,2175,1983,3415
61,24977,25098,29,2172,1986,3393
61,24977,25098,30,2171,1987,3379
61,24977,25098,31,2169,1982,3366
61,24977,25098,32,2166,1987,3347
61,24977,25098,33,2164,1988,3335
61,24977,25098,34,2162,1982,3317
61,24977,25098,35,2161,1986,3305
61,24977,25098,36,2159,1988,3292
61,24977,25098,37,2156,1983,3279
61,24977,25098,38,2156,1987,3268
61,24977,25098,39,2154,1989,2131
61,24977,25098,40,1980,1968,1986
61,24977,25098,41,1989,1984,1987
61,24977,25098,42,1986,1985,1989
61,24977,25098,43,2138,1992,3193
61,24977,25098,44,2143,1986,3182
61,24977,25098,45,2143,1986,3166
61,24977,25098,46,2136,1982,3155
61,24977,25098,47,2139,1986,3137
61,24977,25098,48,2138,1987,3123
61,24977,25098,49,2129,1982,3106
61,24977,25098,50,2133,1986,3098
61,24977,25098,51,2133,1987,3078
61,24977,25098,52,2123,1982,3067
61,24977,25098,53,2127,1986,3054
61,24977,25098,54,2126,1986,3039
61,24977,25098,55,2117,1982,3024
61,24977,25098,56,2122,1986,3011
61,24977,25098,57,2121,1986,2996
61,24977,25098,58,2111,1982,2979
61,24977,25098,59,2117,1986,2968
61,24977,25098,60,2114,1986,2950
61,24977,25098,61,2105,1982,2936
61,24977,25098,62,2110,1985,2077
61,24977,25098,63,1988,1977,1987
61,24977,25098,64,1985,1988,2891
61,24977,25098,65,2102,1986,2885
61,24977,25098,66,2102,1985,2867
61,24977,25098,67,2093,1983,2853
61,24977,25098,68,2098,1985,2837
61,24977,25098,69,2097,1985,2066
61,24977,25098,70,1979,1976,1989
61,24977,25098,71,1989,1983,2115
61,24977,25098,72,2094,1992,2784
61,24977,25098,73,2081,1983,2765
61,24977,25098,74,2086,1984,2754
61,24977,25098,75,2085,1985,2743
61,24977,25098,76,2076,1983,2068
61,24977,25098,77,1987,1977,1988
61,24977,25098,78,1989,1983,2071
61,24977,25098,79,2073,1989,2684
61,24977,25098,80,2076,1984,2665
61,24977,25098,81,2072,1984,2657
61,24977,25098,82,2067,1984,2640
61,24977,25098,83,2068,1984,2057
61,24977,25098,84,1987,1978,1984
61,24977,25098,85,1982,1983,1988
61,24977,25098,86,1988,1983,1989
61,24977,25098,87,1988,1983,2372
61,24977,25098,88,2056,1989,2557
61,24977,25098,89,2058,1984,2554
61,24977,25098,90,2060,1984,2571
61,24977,25098,91,2058,1984,2046
61,24977,25098,92,1986,1978,1991
61,24977,25098,93,1987,1981,1982
61,24977,25098,94,1984,1984,1989
61,24977,25098,95,1988,1990,2638
61,24977,25098,96,2072,1983,2659
61,24977,25098,97,2071,1985,2060
61,24977,25098,98,1984,1978,1990
61,24977,25098,99,1990,1987,2695
61,24977,25098,100,2077,1985,2711
61,24977,25098,101,2079,1986,2722
61,24977,25098,102,2083,1981,2744
61,24977,25098,103,2084,1985,2760
61,24977,25098,104,2086,1986,2755
61,24977,25098,105,2089,1982,2072
61,24977,25098,106,1985,1977,1989
61,24977,25098,107,1986,1985,2730
61,24977,25098,108,2097,1988,2827
61,24977,25098,109,2096,1985,2840
61,24977,25098,110,2098,1987,2854
61,24977,25098,111,2099,1981,2868
61,24977,25098,112,2103,1986,2883
61,24977,25098,113,2105,1987,2088
61,24977,25098,114,1981,1972,1985
61,24977,25098,115,1988,1984,1987
61,24977,25098,116,1987,1990,2940
61,24977,25098,117,2111,1983,2953
61,24977,25098,118,2115,1986,2966
61,24977,25098,119,2117,1987,2976
61,24977,25098,120,2114,1982,2992
61,24977,25098,121,2121,1986,3010
61,24977,25098,122,2123,1986,2089
61,24977,25098,123,1979,1972,1986
61,24977,25098,124,1989,1995,3053
61,24977,25098,125,2133,1987,3066
61,24977,25098,126,2125,1982,3078
61,24977,25098,127,2133,1986,3095
61,24977,25098,128,2136,1986,2110
61,24977,25098,129,1978,1971,1988
61,24977,25098,130,1990,1984,1986
61,24977,25098,131,1989,1985,1987
61,24977,25098,132,2139,1992,2119
61,24977,25098,133,1985,1975,1989
61,24977,25098,134,1991,1984,1986
61,24977,25098,135,1979,1980,1986
61,24977,25098,136,1988,1984,1986
61,24977,25098,137,1990,1984,1986
61,24977,25098,138,1980,1981,1987
61,24977,25098,139,1988,1983,1986
61,24977,25098,140,1989,1984,1986
61,24977,25098,141,1979,1980,1995
61,24977,25098,142,2167,1997,3306
61,24977,25098,143,2163,1987,3324
61,24977,25098,144,2159,1984,3334
61,24977,25098,145,2169,1986,3350
61,24977,25098,146,2171,1987,3367
61,24977,25098,147,2166,1984,3380
61,24977,25098,148,2174,1985,3394
61,24977,25098,149,2177,1986,3406
61,24977,25098,150,2170,1985,3422
61,24977,25098,151,2180,1986,3438
61,24977,25098,152,2183,1986,3450
61,24977,25098,153,2179,1985,3461
61,24977,25098,154,2187,1986,3477
61,24977,25098,155,2186,1986,3472
61,24977,25098,156,2179,1985,3471
61,24977,25098,157,2188,1985,3485
61,24977,25098,158,2189,1986,3494
61,24977,25098,159,2185,1986,3509
61,24977,25098,160,2193,1986,3516
61,24977,25098,161,2192,1986,3513
61,24977,25098,162,2186,1986,3487
61,24977,25098,163,2178,1985,3447
61,24977,25098,164,2172,1985,3359
61,24977,25098,165,2155,1985,3249
61,24977,25098,166,2141,1984,3159
61,24977,25098,167,2132,1983,2103
61,24977,25098,168,1981,1975,1990
61,24977,25098,169,1986,1983,2014
61,24977,25098,170,2079,1988,2649
61,24977,25098,171,2056,1983,2279
61,24977,25098,172,1990,1980,1994
61,24977,25098,173,1986,1980,1981
61,24977,25098,174,1985,1984,2024
61,24977,25098,175,1975,1983,1929
61,24977,25098,176,1958,1979,1765
61,24977,25098,177,1935,1982,1608
61,24977,25098,178,1924,1984,1540
61,24977,25098,179,1909,1978,1418
61,24977,25098,180,1890,1981,1907
61,24977,25098,181,1986,1991,1987
61,24977,25098,182,1984,1980,1982
61,24977,25098,183,1986,1984,1987
61,24977,25098,184,1985,1986,1988
61,24977,25098,185,1984,1979,1982
61,24977,25098,186,1987,1984,1986
61,24977,25098,187,1986,1986,1988
61,24977,25098,188,1982,1979,1983
61,24977,25098,189,1987,1984,1986
61,24977,25098,190,1986,1985,653
61,24977,25098,191,1753,1958,254
61,24977,25098,192,1767,1976,1789
61,24977,25098,193,1991,1998,1983
61,24977,25098,194,1975,1962,292
61,24977,25098,195,1772,1976,312
61,24977,25098,196,1774,1977,328
61,24977,25098,197,1770,1972,339
61,24977,25098,198,1776,1977,356
61,24977,25098,199,1779,1978,369
61,24977,25098,200,1773,1973,381
61,24977,25098,201,1781,1978,394
61,24977,25098,202,1783,1978,413
61,24977,25098,203,1778,1974,425
61,24977,25098,204,1786,1978,439
61,24977,25098,205,1789,1979,456
61,24977,25098,206,1783,1974,468
61,24977,25098,207,1791,1978,482
61,24977,25098,208,1793,1978,494
61,24977,25098,209,1791,1975,508
61,24977,25098,210,1796,1978,524
61,24977,25098,211,1797,1978,535
61,24977,25098,212,1792,1976,554
61,24977,25098,213,1800,1979,566
61,24977,25098,214,1802,1979,629
61,24977,25098,215,1798,1976,590
61,24977,25098,216,1806,1979,612
61,24977,25098,217,1807,1979,626
61,24977,25098,218,1802,1977,639
61,24977,25098,219,1810,1979,650
61,24977,25098,220,1811,1980,665
61,24977,25098,221,1807,1978,680
61,24977,25098,222,1815,1978,693
61,24977,25098,223,1817,1979,709
61,24977,25098,224,1812,1978,1841
61,24977,25098,225,1990,1993,1982
61,24977,25098,226,1988,1984,1968
61,24977,25098,227,1812,1968,762
61,24977,25098,228,1827,1979,780
61,24977,25098,229,1826,1980,801
61,24977,25098,230,1822,1979,805
61,24977,25098,231,1829,1979,1848
61,24977,25098,232,1990,1993,1980
61,24977,25098,233,1973,1973,848
61,24977,25098,234,1836,1979,861
61,24977,25098,235,1837,1980,883
61,24977,25098,236,1834,1980,892
61,24977,25098,237,1839,1979,904
61,24977,25098,238,1842,1980,921
61,24977,25098,239,1839,1980,1862
61,24977,25098,240,1988,1991,1986
61,24977,25098,241,1985,1983,1982
61,24977,25098,242,1983,1983,1987
61,24977,25098,243,1845,1971,991
61,24977,25098,244,1853,1979,1006
61,24977,25098,245,1851,1980,1021
61,24977,25098,246,1854,1981,1037
61,24977,25098,247,1856,1979,1873
61,24977,25098,248,1985,1981,1064
61,24977,25098,249,1857,1982,1075
61,24977,25098,250,1862,1978,1094
61,24977,25098,251,1862,1981,1108
61,24977,25098,252,1865,1982,1120
61,24977,25098,253,1867,1978,1132
61,24977,25098,254,1868,1982,1152
61,24977,25098,255,1868,1983,1163
61,24977,25098,256,1872,1978,1179
61,24977,25098,257,1873,1982,1190
61,24977,25098,258,1875,1984,1896
61,24977,25098,259,1985,1986,1980
61,24977,25098,260,1986,1984,1986
61,24977,25098,261,1985,1986,1989
61,24977,25098,262,1979,1973,1269
61,24977,25098,263,1887,1982,1276
61,24977,25098,264,1887,1983,1291
61,24977,25098,265,1885,1978,1309
61,24977,25098,266,1891,1982,1722
61,24977,25098,267,1985,1991,1983
61,24977,25098,268,1980,1980,1983
61,24977,25098,269,1988,1984,1986
61,24977,25098,270,1988,1983,1279
61,24977,25098,271,1877,1976,1261
61,24977,25098,272,1882,1982,1251
61,24977,25098,273,1882,1983,1236
61,24977,25098,274,1873,1978,1220
61,24977,25098,275,1877,1982,1207
61,24977,25098,276,1876,1982,1191
61,24977,25098,277,1868,1978,1177
61,24977,25098,278,1872,1982,1161
61,24977,25098,279,1871,1982,1150
61,24977,25098,280,1862,1978,1135
61,24977,25098,281,1866,1981,1124
61,24977,25098,282,1865,1982,1108
61,24977,25098,283,1856,1978,1091
61,24977,25098,284,1861,1981,1080
61,24977,25098,285,1860,1982,1064
61,24977,25098,286,1850,1977,1048
61,24977,25098,287,1855,1981,1035
61,24977,25098,288,1855,1981,1022
61,24977,25098,289,1845,1978,1000
61,24977,25098,290,1850,1980,995
61,24977,25098,291,1849,1981,1276
61,24977,25098,292,1964,1988,1970
61,24977,25098,293,1987,1984,1984
61,24977,25098,294,1989,1984,1984
61,24977,25098,295,1980,1982,1986
61,24977,25098,296,1836,1971,910
61,24977,25098,297,1840,1980,894
61,24977,25098,298,1830,1978,877
61,24977,25098,299,1836,1980,866
61,24977,25098,300,1834,1980,1848
61,24977,25098,301,1982,1992,1984
61,24977,25098,302,1986,1983,1986
61,24977,25098,303,1988,1983,1115
61,24977,25098,304,1816,1969,789
61,24977,25098,305,1825,1979,780
61,24977,25098,306,1823,1979,767
61,24977,25098,307,1816,1979,749
61,24977,25098,308,1819,1979,1843
61,24977,25098,309,1990,1993,1979
61,24977,25098,310,1980,1983,1987
61,24977,25098,311,1810,1968,694
61,24977,25098,312,1814,1978,681
61,24977,25098,313,1807,1978,665
61,24977,25098,314,1809,1978,654
61,24977,25098,315,1808,1978,725
61,24977,25098,316,1919,1989,1929
61,24977,25098,317,1986,1987,1987
61,24977,25098,318,1985,1981,1981
61,24977,25098,319,1984,1984,1987
61,24977,25098,320,1985,1983,1279
61,24977,25098,321,1792,1964,554
61,24977,25098,322,1795,1978,1818
61,24977,25098,323,1988,1996,1985
61,24977,25098,324,1984,1980,1981
61,24977,25098,325,1784,1966,493
61,24977,25098,326,1788,1978,477
61,24977,25098,327,1787,1974,467
61,24977,25098,328,1785,1977,455
61,24977,25098,329,1784,1978,439
61,24977,25098,330,1783,1973,424
61,24977,25098,331,1781,1977,412
61,24977,25098,332,1778,1978,397
61,24977,25098,333,1777,1972,1796
61,24977,25098,334,1990,1997,1983
61,24977,25098,335,1983,1986,1988
61,24977,25098,336,1983,1979,1982
61,24977,25098,337,1987,1964,320
61,24977,25098,338,1765,1978,309
61,24977,25098,339,1765,1971,296
61,24977,25098,340,1767,1976,283
61,24977,25098,341,1766,1976,269
61,24977,25098,342,1760,1972,256
61,24977,25098,343,1763,1976,241
61,24977,25098,344,1762,1976,1784
61,24977,25098,345,1984,1993,1979
61,24977,25098,346,1986,1985,464
61,24977,25098,347,1751,1961,187
61,24977,25098,348,1751,1970,195
61,24977,25098,349,1763,1976,233
61,24977,25098,350,1768,1978,352
61,24977,25098,351,1776,1973,1806
61,24977,25098,352,1991,1985,543
61,24977,25098,353,1803,1979,661
61,24977,25098,354,1813,1977,794
61,24977,25098,355,1837,1982,916
62,25151,25272,0,1999,2027,1334
62,25151,25272,1,1896,1984,1531
62,25151,25272,2,1977,1989,1974
62,25151,25272,3,1979,1975,1534
62,25151,25272,4,1928,1984,1606
62,25151,25272,5,1941,1984,1715
62,25151,25272,6,1942,1981,1830
62,25151,25272,7,1972,1985,1957
62,25151,25272,8,1988,1985,1983
62,25151,25272,9,1979,1980,1987
62,25151,25272,10,1988,1984,1986
62,25151,25272,11,1990,1984,1985
62,25151,25272,12,2052,1986,2584
62,25151,25272,13,2074,1986,2715
62,25151,25272,14,2095,1986,2849
62,25151,25272,15,2106,1984,2993
62,25151,25272,16,2133,1986,3105
62,25151,25272,17,2153,1987,3263
62,25151,25272,18,2157,1985,3357
62,25151,25272,19,2183,1987,2150
62,25151,25272,20,1987,1971,1988
62,25151,25272,21,1981,1982,2055
62,25151,25272,22,2000,1983,1995
62,25151,25272,23,1989,1983,1987
62,25151,25272,24,2183,1998,3464
62,25151,25272,25,2180,1985,3451
62,25151,25272,26,2181,1986,3436
62,25151,25272,27,2174,1986,3421
62,25151,25272,28,2176,1985,3409
62,25151,25272,29,2175,1986,3399
62,25151,25272,30,2168,1985,3383
62,25151,25272,31,2171,1985,3364
62,25151,25272,32,2168,1985,3351
62,25151,25272,33,2161,1985,3337
62,25151,25272,34,2164,1985,3318
62,25151,25272,35,2160,1983,2108
62,25151,25272,36,2157,1988,3291
62,25151,25272,37,2157,1985,3281
62,25151,25272,38,2157,1985,3265
62,25151,25272,39,2152,1986,3251
62,25151,25272,40,2152,1986,3233
62,25151,25272,41,2150,1984,3223
62,25151,25272,42,2147,1987,3208
62,25151,25272,43,2146,1986,3195
62,25151,25272,44,2145,1983,3180
62,25151,25272,45,2141,1986,3168
62,25151,25272,46,2140,1987,3149
62,25151,25272,47,2138,1983,3138
62,25151,25272,48,2134,1986,3122
62,25151,25272,49,2134,1987,3110
62,25151,25272,50,2131,1982,3100
62,25151,25272,51,2129,1986,3081
62,25151,25272,52,2127,1987,3065
62,25151,25272,53,2125,1981,3047
62,25151,25272,54,2124,1986,3040
62,25151,25272,55,2121,1988,3024
62,25151,25272,56,2119,1982,3006
62,25151,25272,57,2118,1986,2994
62,25151,25272,58,2119,1987,2977
62,25151,25272,59,2112,1982,2973
62,25151,25272,60,2113,1986,2950
62,25151,25272,61,2111,1987,2937
62,25151,25272,62,2106,1982,2928
62,25151,25272,63,2108,1986,2913
62,25151,25272,64,2106,1987,2894
62,25151,25272,65,2099,1981,2879
62,25151,25272,66,2103,1986,2869
62,25151,25272,67,2101,1987,2853
62,25151,25272,68,2092,1981,2839
62,25151,25272,69,2096,1986,2822
62,25151,25272,70,2095,1986,2811
62,25151,25272,71,2086,1981,2795
62,25151,25272,72,2090,1986,2785
62,25151,25272,73,2089,1986,2768
62,25151,25272,74,2081,1982,2758
62,25151,25272,75,2085,1986,2744
62,25151,25272,76,2083,1986,2724
62,25151,25272,77,2073,1981,2709
62,25151,25272,78,2079,1986,2697
62,25151,25272,79,2077,1986,2685
62,25151,25272,80,2068,1982,2669
62,25151,25272,81,2071,1986,2656
62,25151,25272,82,2071,1985,2639
62,25151,25272,83,2062,1981,2626
62,25151,25272,84,2068,1985,2610
62,25151,25272,85,2066,1985,2597
62,25151,25272,86,2056,1982,2581
62,25151,25272,87,2062,1984,2573
62,25151,25272,88,2059,1985,2558
62,25151,25272,89,2052,1982,2518
62,25151,25272,90,2062,1985,2578
62,25151,25272,91,2064,1985,2285
62,25151,25272,92,1982,1977,1992
62,25151,25272,93,1989,1983,1987
62,25151,25272,94,1990,1983,1985
62,25151,25272,95,1980,1982,1988
62,25151,25272,96,1989,1990,2647
62,25151,25272,97,2076,1985,2669
62,25151,25272,98,2071,1984,2682
62,25151,25272,99,2079,1984,2698
62,25151,25272,100,2080,1984,2712
62,25151,25272,101,2077,1984,2725
62,25151,25272,102,2084,1984,2751
62,25151,25272,103,2087,1985,2753
62,25151,25272,104,2082,1985,2768
62,25151,25272,105,2089,1985,2779
62,25151,25272,106,2092,1984,2074
62,25151,25272,107,1980,1977,1990
62,25151,25272,108,2098,1991,2821
62,25151,25272,109,2097,1985,2839
62,25151,25272,110,2096,1985,2852
62,25151,25272,111,2101,1984,2864
62,25151,25272,112,2104,1984,2889
62,25151,25272,113,2102,1986,2895
62,25151,25272,114,2104,1985,2913
62,25151,25272,115,2109,1983,2927
62,25151,25272,116,2108,1985,2936
62,25151,25272,117,2112,1985,2951
62,25151,25272,118,2113,1983,2967
62,25151,25272,119,2113,1984,2698
62,25151,25272,120,2118,1987,3007
62,25151,25272,121,2120,1982,3012
62,25151,25272,122,2121,1986,3021
62,25151,25272,123,2124,1986,3038
62,25151,25272,124,2126,1982,2824
62,25151,25272,125,2007,1987,3065
62,25151,25272,126,2132,1987,3084
62,25151,25272,127,2131,1982,3094
62,25151,25272,128,2134,1986,3107
62,25151,25272,129,2135,1988,3126
62,25151,25272,130,2136,1981,2112
62,25151,25272,131,1984,1975,1991
62,25151,25272,132,1991,1995,2378
62,25151,25272,133,1986,1971,1991
62,25151,25272,134,2150,1996,3197
62,25151,25272,135,2147,1988,3210
62,25151,25272,136,2146,1982,3222
62,25151,25272,137,2152,1987,3237
62,25151,25272,138,2155,1988,3250
62,25151,25272,139,2152,1982,3263
62,25151,25272,140,2158,1987,3283
62,25151,25272,141,2161,1987,3294
62,25151,25272,142,2157,1982,3310
62,25151,25272,143,2165,1987,3323
62,25151,25272,144,2168,1988,3336
62,25151,25272,145,2164,1982,3353
62,25151,25272,146,2170,1987,3362
62,25151,25272,147,2172,1986,2119
62,25151,25272,148,1978,1970,1988
62,25151,25272,149,1993,1997,3406
62,25151,25272,150,2176,1988,3422
62,25151,25272,151,2174,1983,3441
62,25151,25272,152,2182,1987,3449
62,25151,25272,153,2186,1987,3466
62,25151,25272,154,2179,1983,3478
62,25151,25272,155,2186,1987,3472
62,25151,25272,156,2186,1987,3471
62,25151,25272,157,2182,1984,3499
62,25151,25272,158,2188,1986,3500
62,25151,25272,159,2192,1988,3508
62,25151,25272,160,2185,1984,3518
62,25151,25272,161,2194,1987,3512
62,25151,25272,162,2192,1988,3499
62,25151,25272,163,2179,1983,3409
62,25151,25272,164,2166,1985,3264
62,25151,25272,165,2149,1985,2114
62,25151,25272,166,1977,1972,1989
62,25151,25272,167,2001,1990,2868
62,25151,25272,168,2087,1985,2719
62,25151,25272,169,2068,1982,2579
62,25151,25272,170,2052,1983,2451
62,25151,25272,171,2033,1983,2310
62,25151,25272,172,2009,1981,2183
62,25151,25272,173,1997,1982,2058
62,25151,25272,174,1980,1982,1927
62,25151,25272,175,1955,1981,1797
62,25151,25272,176,1945,1981,1647
62,25151,25272,177,1928,1981,1543
62,25151,25272,178,1911,1981,1474
62,25151,25272,179,1900,1980,1363
62,25151,25272,180,1887,1981,1258
62,25151,25272,181,1867,1979,1114
62,25151,25272,182,1853,1979,988
62,25151,25272,183,1840,1978,849
62,25151,25272,184,1818,1978,710
62,25151,25272,185,1806,1978,604
62,25151,25272,186,1792,1976,445
62,25151,25272,187,1774,1975,308
62,25151,25272,188,1761,1974,1786
62,25151,25272,189,1990,1995,1978
62,25151,25272,190,1982,1985,1988
62,25151,25272,191,1985,1983,1989
62,25151,25272,192,1986,1981,1982
62,25151,25272,193,1971,1968,282
62,25151,25272,194,1771,1976,287
62,25151,25272,195,1770,1973,312
62,25151,25272,196,1771,1976,323
62,25151,25272,197,1772,1978,342
62,25151,25272,198,1775,1974,354
62,25151,25272,199,1775,1977,1799
62,25151,25272,200,1988,1998,1376
62,25151,25272,201,1771,1961,399
62,25151,25272,202,1782,1977,411
62,25151,25272,203,1782,1979,417
62,25151,25272,204,1784,1974,1807
62,25151,25272,205,1989,1996,1984
62,25151,25272,206,1984,1967,469
62,25151,25272,207,1784,1974,482
62,25151,25272,208,1791,1979,495
62,25151,25272,209,1793,1980,514
62,25151,25272,210,1792,1974,623
62,25151,25272,211,1919,1990,1925
62,25151,25272,212,1986,1990,1987
62,25151,25272,213,1971,1966,569
62,25151,25272,214,1804,1978,581
62,25151,25272,215,1803,1980,601
62,25151,25272,216,1799,1975,610
62,25151,25272,217,1807,1979,1827
62,25151,25272,218,1991,1996,1984
62,25151,25272,219,1979,1980,1983
62,25151,25272,220,1988,1984,1986
62,25151,25272,221,1989,1985,1979
62,25151,25272,222,1804,1965,691
62,25151,25272,223,1818,1980,1837
62,25151,25272,224,1992,1995,1983
62,25151,25272,225,1972,1968,739
62,25151,25272,226,1824,1980,751
62,25151,25272,227,1824,1981,765
62,25151,25272,228,1818,1976,775
62,25151,25272,229,1827,1980,794
62,25151,25272,230,1828,1981,811
62,25151,25272,231,1824,1977,822
62,25151,25272,232,1834,1981,836
62,25151,25272,233,1834,1981,853
62,25151,25272,234,1828,1977,865
62,25151,25272,235,1837,1981,879
62,25151,25272,236,1839,1981,893
62,25151,25272,237,1833,1978,905
62,25151,25272,238,1841,1981,921
62,25151,25272,239,1844,1981,937
62,25151,25272,240,1839,1979,951
62,25151,25272,241,1848,1980,964
62,25151,25272,242,1850,1981,978
62,25151,25272,243,1845,1980,992
62,25151,25272,244,1852,1980,1527
62,25151,25272,245,1986,1991,1977
62,25151,25272,246,1979,1983,1986
62,25151,25272,247,1987,1983,1986
62,25151,25272,248,1856,1972,1062
62,25151,25272,249,1856,1979,1878
62,25151,25272,250,1863,1981,1743
62,25151,25272,251,1988,1991,1980
62,25151,25272,252,1978,1977,1121
62,25151,25272,253,1867,1980,1134
62,25151,25272,254,1870,1981,1150
62,25151,25272,255,1866,1981,1162
62,25151,25272,256,1872,1980,1174
62,25151,25272,257,1875,1981,1886
62,25151,25272,258,1984,1990,1985
62,25151,25272,259,1985,1983,1990
62,25151,25272,260,1987,1983,1982
62,25151,25272,261,1982,1984,1987
62,25151,25272,262,1986,1974,1262
62,25151,25272,263,1886,1980,1279
62,25151,25272,264,1883,1982,1289
62,25151,25272,265,1889,1982,1907
62,25151,25272,266,1987,1987,1980
62,25151,25272,267,1982,1984,1988
62,25151,25272,268,1986,1983,1989
62,25151,25272,269,1986,1980,1982
62,25151,25272,270,1984,1975,1276
62,25151,25272,271,1880,1982,1262
62,25151,25272,272,1881,1978,1249
62,25151,25272,273,1878,1981,1239
62,25151,25272,274,1877,1982,1897
62,25151,25272,275,1986,1986,1980
62,25151,25272,276,1974,1977,1184
62,25151,25272,277,1874,1983,1176
62,25151,25272,278,1870,1977,1166
62,25151,25272,279,1868,1982,1151
62,25151,25272,280,1866,1983,1137
62,25151,25272,281,1863,1977,1122
62,25151,25272,282,1862,1982,1103
62,25151,25272,283,1862,1982,1096
62,25151,25272,284,1857,1977,1078
62,25151,25272,285,1858,1982,1058
62,25151,25272,286,1857,1982,1049
62,25151,25272,287,1851,1977,1036
62,25151,25272,288,1854,1981,1872
62,25151,25272,289,1989,1993,1985
62,25151,25272,290,1979,1980,1983
62,25151,25272,291,1988,1984,1986
62,25151,25272,292,1988,1985,1408
62,25151,25272,293,1836,1968,952
62,25151,25272,294,1844,1981,937
62,25151,25272,295,1843,1982,922
62,25151,25272,296,1834,1977,1607
62,25151,25272,297,1987,1993,1981
62,25151,25272,298,1987,1985,1986
62,25151,25272,299,1979,1980,1984
62,25151,25272,300,1988,1984,1986
62,25151,25272,301,1989,1984,1174
62,25151,25272,302,1819,1968,823
62,25151,25272,303,1830,1980,1845
62,25151,25272,304,1992,1994,1983
62,25151,25272,305,1978,1981,1985
62,25151,25272,306,1988,1984,1986
62,25151,25272,307,1990,1984,1985
62,25151,25272,308,1979,1980,1986
62,25151,25272,309,1988,1984,1986
62,25151,25272,310,1989,1984,1984
62,25151,25272,311,1911,1968,697
62,25151,25272,312,1816,1978,678
62,25151,25272,313,1813,1979,668
62,25151,25272,314,1803,1976,651
62,25151,25272,315,1809,1979,638
62,25151,25272,316,1808,1979,644
62,25151,25272,317,1880,1984,1899
62,25151,25272,318,1978,1982,1134
62,25151,25272,319,1801,1975,581
62,25151,25272,320,1794,1976,565
62,25151,25272,321,1798,1978,1821
62,25151,25272,322,1992,1995,1980
62,25151,25272,323,1978,1983,1987
62,25151,25272,324,1988,1983,1986
62,25151,25272,325,1988,1983,1983
62,25151,25272,326,1896,1968,481
62,25151,25272,327,1792,1976,471
62,25151,25272,328,1787,1977,452
62,25151,25272,329,1779,1976,438
62,25151,25272,330,1784,1976,583
62,25151,25272,331,1928,1990,1927
62,25151,25272,332,1981,1988,1986
62,25151,25272,333,1986,1983,1988
62,25151,25272,334,1987,1983,1981
62,25151,25272,335,1982,1983,1978
62,25151,25272,336,1878,1966,341
62,25151,25272,337,1775,1974,329
62,25151,25272,338,1768,1976,311
62,25151,25272,339,1769,1975,296
62,25151,25272,340,1767,1973,286
62,25151,25272,341,1763,1976,1794
62,25151,25272,342,1990,1997,1984
62,25151,25272,343,1984,1981,1981
62,25151,25272,344,1969,1968,227
62,25151,25272,345,1762,1975,210
62,25151,25272,346,1757,1971,200
62,25151,25272,347,1755,1974,186
62,25151,25272,348,1757,1976,221
62,25151,25272,349,1763,1971,1782
62,25151,25272,350,1989,1998,1983
62,25151,25272,351,1983,1986,1989
62,25151,25272,352,1984,1979,1982
62,25151,25272,353,1986,1984,1403
62,25151,25272,354,1813,1972,1036
62,25151,25272,355,1836,1977,918
63,25328,25449,0,1994,2027,1161
63,25328,25449,1,1877,1982,1244
63,25328,25449,2,1886,1983,1334
63,25328,25449,3,1906,1983,1463
63,25328,25449,4,1918,1981,1554
63,25328,25449,5,1929,1983,1669
63,25328,25449,6,1950,1984,1959
63,25328,25449,7,1986,1982,1982
63,25328,25449,8,1985,1984,1988
63,25328,25449,9,1986,1985,1989
63,25328,25449,10,1985,1979,1982
63,25328,25449,11,1986,1984,2307
63,25328,25449,12,2054,1991,2567
63,25328,25449,13,2073,1982,2731
63,25328,25449,14,2098,1987,2888
63,25328,25449,15,2119,1989,3060
63,25328,25449,16,2140,1983,3215
63,25328,25449,17,2157,1985,2110
63,25328,25449,18,1985,1976,1992
63,25328,25449,19,1984,1979,2000
63,25328,25449,20,2192,1999,3480
63,25328,25449,21,2183,1988,3471
63,25328,25449,22,2181,1982,3472
63,25328,25449,23,2185,1987,3475
63,25328,25449,24,2184,1987,3466
63,25328,25449,25,2174,1980,2121
63,25328,25449,26,1986,1974,1990
63,25328,25449,27,1988,1984,1988
63,25328,25449,28,1990,1992,3407
63,25328,25449,29,2171,1987,3389
63,25328,25449,30,2173,1987,3379
63,25328,25449,31,2164,1982,3362
63,25328,25449,32,2168,1986,3349
63,25328,25449,33,2167,1987,3342
63,25328,25449,34,2159,1983,3323
63,25328,25449,35,2163,1987,3310
63,25328,25449,36,2161,1987,2132
63,25328,25449,37,1977,1969,1988
63,25328,25449,38,1990,1983,1985
63,25328,25449,39,1989,1984,1986
63,25328,25449,40,1979,1980,2652
63,25328,25449,41,2155,1997,3217
63,25328,25449,42,2148,1987,3208
63,25328,25449,43,2140,1982,3191
63,25328,25449,44,2146,1986,3176
63,25328,25449,45,2142,1985,2098
63,25328,25449,46,1978,1971,1989
63,25328,25449,47,1990,1984,1986
63,25328,25449,48,1990,1984,1985
63,25328,25449,49,1980,1981,1987
63,25328,25449,50,1988,1983,1985
63,25328,25449,51,1990,1984,1984
63,25328,25449,52,1979,1981,1987
63,25328,25449,53,1988,1983,1985
63,25328,25449,54,1990,1984,1984
63,25328,25449,55,2121,1993,3022
63,25328,25449,56,2121,1985,3010
63,25328,25449,57,2120,1985,3000
63,25328,25449,58,2110,1983,2978
63,25328,25449,59,2116,1985,2398
63,25328,25449,60,1991,1975,1989
63,25328,25449,61,1981,1982,1987
63,25328,25449,62,1987,1982,2013
63,25328,25449,63,2025,1986,2013
63,25328,25449,64,1981,1984,2543
63,25328,25449,65,2106,1988,2885
63,25328,25449,66,2102,1985,2871
63,25328,25449,67,2094,1984,2853
63,25328,25449,68,2098,1984,2839
63,25328,25449,69,2096,1984,2827
63,25328,25449,70,2089,1984,2810
63,25328,25449,71,2091,1984,2796
63,25328,25449,72,2089,1984,2781
63,25328,25449,73,2084,1984,2066
63,25328,25449,74,1985,1977,1991
63,25328,25449,75,1992,1988,2743
63,25328,25449,76,2077,1985,2725
63,25328,25449,77,2079,1984,2063
63,25328,25449,78,1989,1982,2701
63,25328,25449,79,2072,1985,2680
63,25328,25449,80,2073,1985,2665
63,25328,25449,81,2072,1982,2658
63,25328,25449,82,2068,1985,2640
63,25328,25449,83,2067,1986,2056
63,25328,25449,84,1984,1975,1984
63,25328,25449,85,1986,1984,1987
63,25328,25449,86,1985,1985,1989
63,25328,25449,87,1985,1979,1982
63,25328,25449,88,1986,1984,1987
63,25328,25449,89,1984,1986,2260
63,25328,25449,90,2060,1985,2570
63,25328,25449,91,2061,1985,2581
63,25328,25449,92,2063,1987,2598
63,25328,25449,93,2063,1980,2043
63,25328,25449,94,1986,1980,1988
63,25328,25449,95,1987,1985,1988
63,25328,25449,96,1982,1979,1983
63,25328,25449,97,1987,1984,1987
63,25328,25449,98,1986,1985,1988
63,25328,25449,99,1981,1979,1986
63,25328,25449,100,2083,1992,2711
63,25328,25449,101,2081,1987,2727
63,25328,25449,102,2078,1981,2652
63,25328,25449,103,2085,1985,2754
63,25328,25449,104,2089,1986,2767
63,25328,25449,105,2084,1981,2073
63,25328,25449,106,2093,1986,2795
63,25328,25449,107,2095,1987,2810
63,25328,25449,108,2090,1981,2820
63,25328,25449,109,2099,1986,2837
63,25328,25449,110,2099,1986,2852
63,25328,25449,111,2096,1982,2868
63,25328,25449,112,2104,1986,2881
63,25328,25449,113,2106,1986,2325
63,25328,25449,114,1982,1973,1991
63,25328,25449,115,1990,1983,1987
63,25328,25449,116,1990,1984,1986
63,25328,25449,117,1980,1980,1986
63,25328,25449,118,2120,1995,2971
63,25328,25449,119,2116,1986,2982
63,25328,25449,120,2113,1982,2989
63,25328,25449,121,2122,1985,3006
63,25328,25449,122,2124,1986,3024
63,25328,25449,123,2119,1983,3037
63,25328,25449,124,2127,1985,2536
63,25328,25449,125,1995,1975,1993
63,25328,25449,126,1981,1980,1987
63,25328,25449,127,1988,1983,1986
63,25328,25449,128,1990,1983,1984
63,25328,25449,129,1979,1982,1987
63,25328,25449,130,1990,1984,1988
63,25328,25449,131,1990,1993,2237
63,25328,25449,132,1982,1974,2356
63,25328,25449,133,2150,1995,3183
63,25328,25449,134,2146,1986,3197
63,25328,25449,135,2142,1985,3207
63,25328,25449,136,2151,1985,3225
63,25328,25449,137,2153,1986,3238
63,25328,25449,138,2145,1984,2107
63,25328,25449,139,1986,1973,1991
63,25328,25449,140,1989,1983,1989
63,25328,25449,141,1981,1983,2351
63,25328,25449,142,2166,1995,3169
63,25328,25449,143,2162,1985,3322
63,25328,25449,144,2162,1986,2138
63,25328,25449,145,1984,1971,1993
63,25328,25449,146,1988,1990,3201
63,25328,25449,147,2172,1989,3378
63,25328,25449,148,2173,1986,3391
63,25328,25449,149,2176,1985,3410
63,25328,25449,150,2176,1986,3420
63,25328,25449,151,2171,1984,2122
63,25328,25449,152,1986,1987,3268
63,25328,25449,153,2184,1986,2153
63,25328,25449,154,1984,1971,2028
63,25328,25449,155,2190,1995,3472
63,25328,25449,156,2182,1987,2154
63,25328,25449,157,1983,1972,1992
63,25328,25449,158,1987,1979,3155
63,25328,25449,159,2193,1999,3509
63,25328,25449,160,2188,1988,3515
63,25328,25449,161,2191,1983,3523
63,25328,25449,162,2189,1987,3510
63,25328,25449,163,2188,1988,2157
63,25328,25449,164,1983,1982,3382
63,25328,25449,165,2162,1985,2134
63,25328,25449,166,1983,1975,1992
63,25328,25449,167,2127,1990,3047
63,25328,25449,168,2114,1985,2898
63,25328,25449,169,2093,1986,2778
63,25328,25449,170,2073,1980,2058
63,25328,25449,171,1986,1978,1988
63,25328,25449,172,1987,1985,1988
63,25328,25449,173,1981,1979,1982
63,25328,25449,174,1988,1984,1986
63,25328,25449,175,1987,1986,1988
63,25328,25449,176,1980,1979,1983
63,25328,25449,177,1988,1984,1986
63,25328,25449,178,1988,1985,1988
63,25328,25449,179,1980,1979,1983
63,25328,25449,180,1987,1985,1985
63,25328,25449,181,1988,1985,1987
63,25328,25449,182,1846,1968,969
63,25328,25449,183,1843,1980,867
63,25328,25449,184,1826,1980,737
63,25328,25449,185,1797,1973,557
63,25328,25449,186,1789,1976,1124
63,25328,25449,187,1979,1996,1971
63,25328,25449,188,1974,1962,208
63,25328,25449,189,1761,1975,1454
63,25328,25449,190,1988,1997,1978
63,25328,25449,191,1977,1981,1985
63,25328,25449,192,1988,1984,1986
63,25328,25449,193,1989,1984,1985
63,25328,25449,194,1979,1981,1986
63,25328,25449,195,1988,1983,1986
63,25328,25449,196,1989,1984,1985
63,25328,25449,197,1979,1981,1987
63,25328,25449,198,1988,1983,1985
63,25328,25449,199,1990,1984,1985
63,25328,25449,200,1979,1981,1783
63,25328,25449,201,1775,1964,398
63,25328,25449,202,1785,1977,411
63,25328,25449,203,1778,1975,429
63,25328,25449,204,1786,1977,440
63,25328,25449,205,1788,1977,454
63,25328,25449,206,1783,1976,466
63,25328,25449,207,1790,1977,482
63,25328,25449,208,1792,1977,1807
63,25328,25449,209,1983,1987,1096
63,25328,25449,210,1791,1973,523
63,25328,25449,211,1798,1978,539
63,25328,25449,212,1793,1978,550
63,25328,25449,213,1799,1978,566
63,25328,25449,214,1802,1978,583
63,25328,25449,215,1800,1978,596
63,25328,25449,216,1804,1978,1829
63,25328,25449,217,1990,1994,1979
63,25328,25449,218,1981,1984,1987
63,25328,25449,219,1986,1982,1988
63,25328,25449,220,1987,1982,1982
63,25328,25449,221,1983,1983,1987
63,25328,25449,222,1984,1969,696
63,25328,25449,223,1815,1978,708
63,25328,25449,224,1814,1979,724
63,25328,25449,225,1818,1979,733
63,25328,25449,226,1821,1978,749
63,25328,25449,227,1819,1980,764
63,25328,25449,228,1824,1980,777
63,25328,25449,229,1825,1977,793
63,25328,25449,230,1826,1980,806
63,25328,25449,231,1829,1981,1645
63,25328,25449,232,1984,1990,1977
63,25328,25449,233,1985,1985,1987
63,25328,25449,234,1985,1985,1989
63,25328,25449,235,1985,1979,1982
63,25328,25449,236,1985,1984,1987
63,25328,25449,237,1833,1973,907
63,25328,25449,238,1841,1976,922
63,25328,25449,239,1842,1981,936
63,25328,25449,240,1843,1983,950
63,25328,25449,241,1844,1977,964
63,25328,25449,242,1847,1981,1868
63,25328,25449,243,1988,1994,1985
63,25328,25449,244,1981,1980,1983
63,25328,25449,245,1988,1984,1986
63,25328,25449,246,1973,1976,1036
63,25328,25449,247,1855,1977,1050
63,25328,25449,248,1859,1982,1063
63,25328,25449,249,1860,1982,1079
63,25328,25449,250,1858,1977,1087
63,25328,25449,251,1864,1981,1882
63,25328,25449,252,1989,1992,1597
63,25328,25449,253,1858,1970,1133
63,25328,25449,254,1870,1982,1149
63,25328,25449,255,1872,1982,1163
63,25328,25449,256,1867,1978,1176
63,25328,25449,257,1876,1982,1191
63,25328,25449,258,1877,1983,1207
63,25328,25449,259,1873,1979,1897
63,25328,25449,260,1990,1990,1984
63,25328,25449,261,1988,1985,1986
63,25328,25449,262,1980,1980,1985
63,25328,25449,263,1988,1984,1986
63,25328,25449,264,1989,1984,1986
63,25328,25449,265,1979,1979,1589
63,25328,25449,266,1889,1978,1321
63,25328,25449,267,1892,1982,1321
63,25328,25449,268,1882,1978,1306
63,25328,25449,269,1888,1982,1902
63,25328,25449,270,1990,1990,1983
63,25328,25449,271,1934,1974,1261
63,25328,25449,272,1884,1981,1736
63,25328,25449,273,1988,1990,1981
63,25328,25449,274,1978,1982,1986
63,25328,25449,275,1988,1983,1985
63,25328,25449,276,1989,1984,1984
63,25328,25449,277,1979,1982,1987
63,25328,25449,278,1988,1983,1985
63,25328,25449,279,1868,1974,1149
63,25328,25449,280,1862,1979,1132
63,25328,25449,281,1867,1980,1121
63,25328,25449,282,1864,1981,1105
63,25328,25449,283,1855,1980,1091
63,25328,25449,284,1861,1980,1877
63,25328,25449,285,1990,1991,1981
63,25328,25449,286,1980,1983,1986
63,25328,25449,287,1986,1982,1987
63,25328,25449,288,1988,1972,1024
63,25328,25449,289,1845,1980,1005
63,25328,25449,290,1849,1980,990
63,25328,25449,291,1849,1980,980
63,25328,25449,292,1842,1980,1866
63,25328,25449,293,1989,1990,1986
63,25328,25449,294,1986,1983,999
63,25328,25449,295,1833,1972,919
63,25328,25449,296,1840,1980,907
63,25328,25449,297,1838,1979,894
63,25328,25449,298,1833,1980,879
63,25328,25449,299,1834,1979,902
63,25328,25449,300,1919,1985,1922
63,25328,25449,301,1985,1988,1985
63,25328,25449,302,1985,1984,1989
63,25328,25449,303,1986,1980,1982
63,25328,25449,304,1984,1969,792
63,25328,25449,305,1822,1980,779
63,25328,25449,306,1822,1976,767
63,25328,25449,307,1819,1980,1840
63,25328,25449,308,1988,1995,1986
63,25328,25449,309,1984,1980,1982
63,25328,25449,310,1986,1984,1988
63,25328,25449,311,1984,1986,1989
63,25328,25449,312,1985,1979,1982
63,25328,25449,313,1986,1969,668
63,25328,25449,314,1807,1981,652
63,25328,25449,315,1805,1975,638
63,25328,25449,316,1805,1979,623
63,25328,25449,317,1802,1981,1243
63,25328,25449,318,1974,1990,1970
63,25328,25449,319,1985,1986,1986
63,25328,25449,320,1986,1986,1988
63,25328,25449,321,1981,1979,1982
63,25328,25449,322,1987,1984,1986
63,25328,25449,323,1986,1985,1987
63,25328,25449,324,1981,1967,512
63,25328,25449,325,1788,1977,494
63,25328,25449,326,1791,1979,633
63,25328,25449,327,1923,1987,1930
63,25328,25449,328,1988,1988,1985
63,25328,25449,329,1988,1985,1988
63,25328,25449,330,1980,1979,1826
63,25328,25449,331,1776,1965,411
63,25328,25449,332,1783,1977,397
63,25328,25449,333,1773,1973,1801
63,25328,25449,334,1991,1996,1981
63,25328,25449,335,1988,1985,1986
63,25328,25449,336,1979,1980,1984
63,25328,25449,337,1988,1984,1940
63,25328,25449,338,1827,1966,314
63,25328,25449,339,1765,1972,295
63,25328,25449,340,1768,1976,285
63,25328,25449,341,1767,1976,269
63,25328,25449,342,1758,1972,257
63,25328,25449,343,1764,1975,237
63,25328,25449,344,1762,1976,226
63,25328,25449,345,1754,1972,209
63,25328,25449,346,1759,1974,199
63,25328,25449,347,1758,1975,184
63,25328,25449,348,1749,1972,172
63,25328,25449,349,1763,1975,245
63,25328,25449,350,1775,1976,316
63,25328,25449,351,1776,1975,436
63,25328,25449,352,1793,1978,1376
63,25328,25449,353,1986,1995,1976
63,25328,25449,354,1978,1982,1987
63,25328,25449,355,1988,1983,1985
64,25502,25623,0,1996,2018,1311
64,25502,25623,1,1891,1984,1358
64,25502,25623,2,1903,1984,1390
64,25502,25623,3,1905,1979,1496
64,25502,25623,4,1923,1984,1592
64,25502,25623,5,1940,1985,1720
64,25502,25623,6,1948,1980,1830
64,25502,25623,7,1966,1985,1973
64,25502,25623,8,1988,1986,1988
64,25502,25623,9,1980,1979,1984
64,25502,25623,10,2000,1987,2320
64,25502,25623,11,2041,1986,2460
64,25502,25623,12,2051,1981,2583
64,25502,25623,13,2076,1986,2714
64,25502,25623,14,2098,1987,2081
64,25502,25623,15,1978,1974,2285
64,25502,25623,16,2057,1991,2105
64,25502,25623,17,1987,1985,2130
64,25502,25623,18,1986,1973,2205
64,25502,25623,19,2183,1997,3453
64,25502,25623,20,2186,1987,3483
64,25502,25623,21,2179,1982,3472
64,25502,25623,22,2186,1987,3475
64,25502,25623,23,2187,1987,3477
64,25502,25623,24,2178,1983,3463
64,25502,25623,25,2183,1986,2150
64,25502,25623,26,1987,1972,1988
64,25502,25623,27,1981,1980,1987
64,25502,25623,28,1988,1983,1986
64,25502,25623,29,1990,1988,2836
64,25502,25623,30,2169,1992,3381
64,25502,25623,31,2170,1986,3364
64,25502,25623,32,2168,1986,3351
64,25502,25623,33,2160,1984,3335
64,25502,25623,34,2132,1982,2093
64,25502,25623,35,1988,1975,1986
64,25502,25623,36,2006,1994,3295
64,25502,25623,37,2156,1985,3282
64,25502,25623,38,2156,1985,3264
64,25502,25623,39,2148,1985,3248
64,25502,25623,40,2153,1985,3238
64,25502,25623,41,2152,1986,3221
64,25502,25623,42,2144,1985,3207
64,25502,25623,43,2146,1985,3194
64,25502,25623,44,2145,1985,3180
64,25502,25623,45,2138,1985,3165
64,25502,25623,46,2140,1985,3149
64,25502,25623,47,2139,1985,3137
64,25502,25623,48,2132,1985,3121
64,25502,25623,49,2135,1985,3107
64,25502,25623,50,2133,1984,3097
64,25502,25623,51,2128,1985,3080
64,25502,25623,52,2129,1985,3068
64,25502,25623,53,2126,1983,2086
64,25502,25623,54,1982,1976,1990
64,25502,25623,55,1987,1983,2062
64,25502,25623,56,2125,1991,2997
64,25502,25623,57,2115,1985,2997
64,25502,25623,58,2113,1984,2087
64,25502,25623,59,1986,1976,2079
64,25502,25623,60,2114,1992,2952
64,25502,25623,61,2109,1986,2937
64,25502,25623,62,2109,1982,2923
64,25502,25623,63,2105,1986,2911
64,25502,25623,64,2104,1987,2895
64,25502,25623,65,2102,1981,2885
64,25502,25623,66,2099,1985,2871
64,25502,25623,67,2098,1987,2587
64,25502,25623,68,1995,1973,1994
64,25502,25623,69,1987,1983,1987
64,25502,25623,70,1985,1986,1989
64,25502,25623,71,1983,1979,1983
64,25502,25623,72,1987,1984,1986
64,25502,25623,73,1987,1986,1988
64,25502,25623,74,1982,1979,1985
64,25502,25623,75,1995,1992,2716
64,25502,25623,76,2082,1986,2063
64,25502,25623,77,1981,1974,1986
64,25502,25623,78,1997,1985,2001
64,25502,25623,79,1987,1984,1989
64,25502,25623,80,1981,1979,1983
64,25502,25623,81,1988,1984,1987
64,25502,25623,82,1988,1985,1989
64,25502,25623,83,2061,1986,2627
64,25502,25623,84,2066,1985,2614
64,25502,25623,85,2065,1986,2598
64,25502,25623,86,2057,1981,2584
64,25502,25623,87,2061,1985,2313
64,25502,25623,88,1993,1981,1992
64,25502,25623,89,1980,1979,1986
64,25502,25623,90,1992,1989,2569
64,25502,25623,91,2063,1986,2543
64,25502,25623,92,2058,1982,2602
64,25502,25623,93,2068,1986,2610
64,25502,25623,94,2069,1986,2624
64,25502,25623,95,2027,1982,2642
64,25502,25623,96,2074,1985,2656
64,25502,25623,97,2075,1986,2670
64,25502,25623,98,2070,1982,2682
64,25502,25623,99,2079,1985,2065
64,25502,25623,100,1989,1978,1987
64,25502,25623,101,1980,1980,1987
64,25502,25623,102,1993,1990,2747
64,25502,25623,103,2085,1986,2754
64,25502,25623,104,2081,1983,2764
64,25502,25623,105,2090,1985,2784
64,25502,25623,106,2093,1985,2063
64,25502,25623,107,1978,1976,1989
64,25502,25623,108,1988,1983,1986
64,25502,25623,109,1990,1983,2289
64,25502,25623,110,2096,1990,2852
64,25502,25623,111,2101,1985,2867
64,25502,25623,112,2105,1986,2882
64,25502,25623,113,2099,1984,2895
64,25502,25623,114,2107,1985,2088
64,25502,25623,115,1987,1975,1985
64,25502,25623,116,1981,1982,1987
64,25502,25623,117,1987,1982,1988
64,25502,25623,118,1988,1982,1983
64,25502,25623,119,2006,1992,2981
64,25502,25623,120,2117,1985,2996
64,25502,25623,121,2121,1985,3010
64,25502,25623,122,2117,1985,2103
64,25502,25623,123,1985,1973,1991
64,25502,25623,124,1988,1982,1982
64,25502,25623,125,1982,1984,1988
64,25502,25623,126,1987,1982,1990
64,25502,25623,127,1986,1981,2088
64,25502,25623,128,2135,1995,3107
64,25502,25623,129,2135,1986,3120
64,25502,25623,130,2138,1983,2111
64,25502,25623,131,1981,1974,1990
64,25502,25623,132,2035,1994,3066
64,25502,25623,133,2141,1983,3182
64,25502,25623,134,2144,1986,3188
64,25502,25623,135,2148,1987,3207
64,25502,25623,136,2149,1983,3224
64,25502,25623,137,2150,1986,3238
64,25502,25623,138,2154,1987,3251
64,25502,25623,139,2155,1983,3267
64,25502,25623,140,2156,1987,2133
64,25502,25623,141,1983,1975,1992
64,25502,25623,142,1986,1978,1983
64,25502,25623,143,1987,1984,1987
64,25502,25623,144,1986,1985,1988
64,25502,25623,145,1983,1979,1983
64,25502,25623,146,1987,1984,1987
64,25502,25623,147,1986,1986,1989
64,25502,25623,148,1983,1995,3401
64,25502,25623,149,2178,1986,3407
64,25502,25623,150,2179,1988,3423
64,25502,25623,151,2175,1982,3433
64,25502,25623,152,2182,1987,3447
64,25502,25623,153,2184,1988,3460
64,25502,25623,154,2181,1983,3477
64,25502,25623,155,2185,1987,3472
64,25502,25623,156,2186,1988,3471
64,25502,25623,157,2182,1983,3486
64,25502,25623,158,2190,1987,3499
64,25502,25623,159,2192,1988,2157
64,25502,25623,160,1978,1967,1988
64,25502,25623,161,1989,1983,1987
64,25502,25623,162,1989,1985,1987
64,25502,25623,163,1979,1979,1983
64,25502,25623,164,1988,1984,1986
64,25502,25623,165,1989,1984,1986
64,25502,25623,166,1979,1980,1984
64,25502,25623,167,1988,1985,1987
64,25502,25623,168,1989,1984,1986
64,25502,25623,169,1979,1981,1985
64,25502,25623,170,1988,1988,2440
64,25502,25623,171,2036,1984,2317
64,25502,25623,172,2008,1980,2184
64,25502,25623,173,1998,1983,2047
64,25502,25623,174,1981,1983,1935
64,25502,25623,175,1958,1979,1819
64,25502,25623,176,1948,1982,1701
64,25502,25623,177,1930,1981,1554
64,25502,25623,178,1911,1979,1485
64,25502,25623,179,1903,1982,1354
64,25502,25623,180,1889,1981,1251
64,25502,25623,181,1864,1978,1138
64,25502,25623,182,1856,1980,978
64,25502,25623,183,1842,1979,848
64,25502,25623,184,1815,1977,1845
64,25502,25623,185,1990,1994,1983
64,25502,25623,186,1987,1984,1983
64,25502,25623,187,1980,1982,1987
64,25502,25623,188,1988,1984,1987
64,25502,25623,189,1989,1984,1982
64,25502,25623,190,1980,1983,1977
64,25502,25623,191,1982,1982,1983
64,25502,25623,192,1988,1983,1971
64,25502,25623,193,1757,1961,280
64,25502,25623,194,1771,1975,299
64,25502,25623,195,1772,1975,316
64,25502,25623,196,1767,1975,325
64,25502,25623,197,1774,1975,338
64,25502,25623,198,1774,1975,358
64,25502,25623,199,1772,1976,369
64,25502,25623,200,1779,1975,1802
64,25502,25623,201,1990,1995,1978
64,25502,25623,202,1980,1984,1987
64,25502,25623,203,1986,1982,1989
64,25502,25623,204,1986,1981,1982
64,25502,25623,205,1983,1984,1987
64,25502,25623,206,1986,1984,1990
64,25502,25623,207,1986,1980,1982
64,25502,25623,208,1984,1984,1988
64,25502,25623,209,1986,1985,1989
64,25502,25623,210,1985,1980,1982
64,25502,25623,211,1984,1984,1987
64,25502,25623,212,1986,1984,1989
64,25502,25623,213,1985,1979,1605
64,25502,25623,214,1794,1968,583
64,25502,25623,215,1803,1980,597
64,25502,25623,216,1803,1975,613
64,25502,25623,217,1805,1979,627
64,25502,25623,218,1807,1981,1830
64,25502,25623,219,1987,1990,1979
64,25502,25623,220,1985,1985,1986
64,25502,25623,221,1986,1986,1980
64,25502,25623,222,1808,1964,693
64,25502,25623,223,1818,1979,708
64,25502,25623,224,1818,1981,723
64,25502,25623,225,1815,1976,1841
64,25502,25623,226,1821,1980,1833
64,25502,25623,227,1943,1983,1065
64,25502,25623,228,1819,1976,780
64,25502,25623,229,1826,1980,794
64,25502,25623,230,1830,1982,811
64,25502,25623,231,1824,1976,819
64,25502,25623,232,1831,1981,837
64,25502,25623,233,1834,1982,1850
64,25502,25623,234,1980,1988,1972
64,25502,25623,235,1982,1984,1980
64,25502,25623,236,1988,1976,1475
64,25502,25623,237,1831,1976,910
64,25502,25623,238,1842,1981,921
64,25502,25623,239,1845,1981,936
64,25502,25623,240,1839,1978,947
64,25502,25623,241,1847,1981,1866
64,25502,25623,242,1992,1992,1983
64,25502,25623,243,1978,1981,1985
64,25502,25623,244,1988,1984,1986
64,25502,25623,245,1990,1984,1985
64,25502,25623,246,1980,1980,1986
64,25502,25623,247,1987,1984,1986
64,25502,25623,248,1990,1983,1984
64,25502,25623,249,1979,1981,1985
64,25502,25623,250,1988,1983,1986
64,25502,25623,251,1990,1983,1982
64,25502,25623,252,1974,1972,1119
64,25502,25623,253,1869,1981,1136
64,25502,25623,254,1870,1982,1151
64,25502,25623,255,1869,1979,1164
64,25502,25623,256,1873,1981,1179
64,25502,25623,257,1876,1981,1192
64,25502,25623,258,1871,1980,1203
64,25502,25623,259,1878,1981,1218
64,25502,25623,260,1881,1982,1241
64,25502,25623,261,1878,1980,1899
64,25502,25623,262,1989,1989,1984
64,25502,25623,263,1986,1976,1311
64,25502,25623,264,1908,1982,1924
64,25502,25623,265,1974,1982,1659
64,25502,25623,266,1890,1981,1903
64,25502,25623,267,1982,1987,1977
64,25502,25623,268,1974,1981,1956
64,25502,25623,269,1989,1985,1981
64,25502,25623,270,1982,1982,1987
64,25502,25623,271,1987,1983,1989
64,25502,25623,272,1987,1983,1982
64,25502,25623,273,1982,1982,1987
64,25502,25623,274,1916,1975,1219
64,25502,25623,275,1878,1980,1211
64,25502,25623,276,1871,1981,1194
64,25502,25623,277,1873,1981,1174
64,25502,25623,278,1871,1979,1165
64,25502,25623,279,1866,1981,1148
64,25502,25623,280,1867,1981,1132
64,25502,25623,281,1866,1979,1117
64,25502,25623,282,1861,1981,1107
64,25502,25623,283,1861,1981,1881
64,25502,25623,284,1986,1987,1980
64,25502,25623,285,1983,1984,1987
64,25502,25623,286,1987,1985,1989
64,25502,25623,287,1985,1980,1982
64,25502,25623,288,1985,1984,1987
64,25502,25623,289,1986,1986,1989
64,25502,25623,290,1984,1979,1983
64,25502,25623,291,1986,1984,1987
64,25502,25623,292,1985,1986,1989
64,25502,25623,293,1984,1979,1983
64,25502,25623,294,1985,1983,1407
64,25502,25623,295,1838,1976,944
64,25502,25623,296,1838,1976,913
64,25502,25623,297,1837,1980,894
64,25502,25623,298,1835,1982,878
64,25502,25623,299,1830,1976,864
64,25502,25623,300,1833,1980,853
64,25502,25623,301,1832,1982,837
64,25502,25623,302,1825,1977,821
64,25502,25623,303,1827,1980,809
64,25502,25623,304,1829,1982,1846
64,25502,25623,305,1982,1989,1981
64,25502,25623,306,1986,1984,1986
64,25502,25623,307,1988,1985,1988
64,25502,25623,308,1979,1980,1984
64,25502,25623,309,1987,1984,1986
64,25502,25623,310,1988,1984,1986
64,25502,25623,311,1979,1980,1984
64,25502,25623,312,1988,1984,1986
64,25502,25623,313,1985,1982,1986
64,25502,25623,314,1985,1983,1986
64,25502,25623,315,1986,1983,1978
64,25502,25623,316,1857,1968,624
64,25502,25623,317,1805,1977,606
64,25502,25623,318,1799,1977,595
64,25502,25623,319,1800,1977,578
64,25502,25623,320,1799,1978,566
64,25502,25623,321,1797,1977,557
64,25502,25623,322,1795,1977,537
64,25502,25623,323,1794,1977,522
64,25502,25623,324,1792,1977,511
64,25502,25623,325,1790,1978,492
64,25502,25623,326,1787,1976,1265
64,25502,25623,327,1979,1993,1974
64,25502,25623,328,1984,1984,1985
64,25502,25623,329,1985,1983,1985
64,25502,25623,330,1985,1983,1985
64,25502,25623,331,1985,1983,1986
64,25502,25623,332,1985,1982,1985
64,25502,25623,333,1985,1983,1986
64,25502,25623,334,1985,1982,1985
64,25502,25623,335,1769,1963,353
64,25502,25623,336,1774,1975,1798
64,25502,25623,337,1989,1996,1982
64,25502,25623,338,1984,1983,1985
64,25502,25623,339,1761,1962,295
64,25502,25623,340,1768,1974,1788
64,25502,25623,341,1989,1996,1981
64,25502,25623,342,1755,1961,253
64,25502,25623,343,1763,1974,241
64,25502,25623,344,1760,1974,226
64,25502,25623,345,1758,1974,217
64,25502,25623,346,1757,1973,201
64,25502,25623,347,1754,1973,183
64,25502,25623,348,1754,1973,899
64,25502,25623,349,1969,1995,1966
64,25502,25623,350,1983,1985,1986
64,25502,25623,351,1985,1983,1986
64,25502,25623,352,1985,1983,1986
64,25502,25623,353,1985,1983,1985
64,25502,25623,354,1985,1983,1849
64,25502,25623,355,1829,1971,1859
65,25676,25797,0,1997,2024,1889
65,25676,25797,1,1983,1991,1983
65,25676,25797,2,1984,1983,1985
65,25676,25797,3,1986,1983,1986
65,25676,25797,4,1974,1978,1509
65,25676,25797,5,1926,1983,1635
65,25676,25797,6,1940,1984,1767
65,25676,25797,7,1962,1984,1894
65,25676,25797,8,1977,1984,2014
65,25676,25797,9,1998,1984,2156
65,25676,25797,10,2012,1985,2284
65,25676,25797,11,2033,1985,2421
65,25676,25797,12,2054,1985,2560
65,25676,25797,13,2069,1985,2695
65,25676,25797,14,2089,1984,2065
65,25676,25797,15,1984,1978,1987
65,25676,25797,16,1986,1982,1987
65,25676,25797,17,1986,1983,1987
65,25676,25797,18,1986,1983,1986
65,25676,25797,19,1986,1983,1986
65,25676,25797,20,1986,1982,1986
65,25676,25797,21,1986,1982,1986
65,25676,25797,22,1985,1983,1986
65,25676,25797,23,1986,1998,3476
65,25676,25797,24,2185,1985,3464
65,25676,25797,25,2181,1985,3451
65,25676,25797,26,2178,1985,3439
65,25676,25797,27,2176,1986,3424
65,25676,25797,28,2174,1985,3408
65,25676,25797,29,2172,1985,3387
65,25676,25797,30,2170,1985,3378
65,25676,25797,31,2170,1985,3362
65,25676,25797,32,2166,1985,3352
65,25676,25797,33,2162,1984,2114
65,25676,25797,34,1984,1974,1989
65,25676,25797,35,1986,1982,1986
65,25676,25797,36,1986,1983,1986
65,25676,25797,37,1986,1983,1986
65,25676,25797,38,1986,1982,1986
65,25676,25797,39,1986,1983,1986
65,25676,25797,40,1986,1983,1986
65,25676,25797,41,1986,1983,1986
65,25676,25797,42,1986,1983,1992
65,25676,25797,43,2004,1992,2736
65,25676,25797,44,2143,1987,3182
65,25676,25797,45,2140,1985,3166
65,25676,25797,46,2139,1985,3150
65,25676,25797,47,2137,1985,3136
65,25676,25797,48,2135,1985,3121
65,25676,25797,49,2133,1985,3111
65,25676,25797,50,2132,1985,3094
65,25676,25797,51,2129,1984,3083
65,25676,25797,52,2127,1985,3068
65,25676,25797,53,2125,1985,2105
65,25676,25797,54,1984,1974,1989
65,25676,25797,55,1987,1983,1986
65,25676,25797,56,1986,1983,1986
65,25676,25797,57,1986,1983,1986
65,25676,25797,58,1985,1983,1986
65,25676,25797,59,1985,1983,1987
65,25676,25797,60,1985,1983,1986
65,25676,25797,61,1985,1983,1986
65,25676,25797,62,1986,1983,1986
65,25676,25797,63,1987,1992,2885
65,25676,25797,64,2105,1985,2896
65,25676,25797,65,2102,1985,2876
65,25676,25797,66,2100,1984,2868
65,25676,25797,67,2098,1985,2852
65,25676,25797,68,2097,1984,2838
65,25676,25797,69,2095,1985,2828
65,25676,25797,70,2092,1984,2813
65,25676,25797,71,2091,1984,2795
65,25676,25797,72,2089,1984,2074
65,25676,25797,73,1984,1976,1988
65,25676,25797,74,1986,1983,1986
65,25676,25797,75,1985,1982,1986
65,25676,25797,76,1986,1983,1986
65,25676,25797,77,1985,1983,1986
65,25676,25797,78,1985,1983,1986
65,25676,25797,79,1985,1983,1986
65,25676,25797,80,1986,1983,1985
65,25676,25797,81,1985,1983,1986
65,25676,25797,82,1985,1983,1989
65,25676,25797,83,2062,1989,2627
65,25676,25797,84,2064,1984,2609
65,25676,25797,85,2063,1983,2598
65,25676,25797,86,2061,1983,2580
65,25676,25797,87,2058,1984,2564
65,25676,25797,88,2058,1983,2554
65,25676,25797,89,2057,1984,2555
65,25676,25797,90,2060,1984,2568
65,25676,25797,91,2061,1983,2585
65,25676,25797,92,2063,1984,2052
65,25676,25797,93,1984,1977,1988
65,25676,25797,94,1986,1982,1987
65,25676,25797,95,1985,1982,1986
65,25676,25797,96,1986,1982,1986
65,25676,25797,97,1986,1983,1986
65,25676,25797,98,1986,1983,1986
65,25676,25797,99,1985,1983,1986
65,25676,25797,100,1985,1983,1986
65,25676,25797,101,1986,1983,1986
65,25676,25797,102,1993,1990,2735
65,25676,25797,103,2083,1985,2750
65,25676,25797,104,2085,1984,2767
65,25676,25797,105,2089,1985,2782
65,25676,25797,106,2090,1984,2792
65,25676,25797,107,2092,1985,2809
65,25676,25797,108,2094,1985,2823
65,25676,25797,109,2096,1985,2837
65,25676,25797,110,2098,1985,2853
65,25676,25797,111,2100,1984,2595
65,25676,25797,112,1996,1976,1997
65,25676,25797,113,1986,1982,1986
65,25676,25797,114,1985,1983,1986
65,25676,25797,115,1985,1982,1986
65,25676,25797,116,1986,1983,1986
65,25676,25797,117,1986,1982,1987
65,25676,25797,118,1986,1982,1986
65,25676,25797,119,1985,1983,1987
65,25676,25797,120,1985,1983,1985
65,25676,25797,121,1985,1983,1988
65,25676,25797,122,1998,1993,3019
65,25676,25797,123,2122,1985,3036
65,25676,25797,124,2125,1985,3053
65,25676,25797,125,2124,1985,3065
65,25676,25797,126,2129,1985,3079
65,25676,25797,127,2131,1985,3094
65,25676,25797,128,2133,1985,3106
65,25676,25797,129,2134,1985,3123
65,25676,25797,130,2136,1985,3137
65,25676,25797,131,2139,1985,2471
65,25676,25797,132,1989,1973,1992
65,25676,25797,133,1987,1982,1986
65,25676,25797,134,1986,1983,1986
65,25676,25797,135,1985,1983,1986
65,25676,25797,136,1986,1982,1986
65,25676,25797,137,1985,1982,1986
65,25676,25797,138,1985,1983,1986
65,25676,25797,139,1985,1982,1986
65,25676,25797,140,1986,1983,1986
65,25676,25797,141,1986,1988,2555
65,25676,25797,142,2163,1991,3306
65,25676,25797,143,2161,1986,3320
65,25676,25797,144,2164,1986,3336
65,25676,25797,145,2166,1986,3349
65,25676,25797,146,2168,1986,3367
65,25676,25797,147,2170,1986,3376
65,25676,25797,148,2172,1986,3392
65,25676,25797,149,2174,1985,3408
65,25676,25797,150,2176,1985,3285
65,25676,25797,151,2039,1975,2033
65,25676,25797,152,1986,1979,1987
65,25676,25797,153,1986,1983,1986
65,25676,25797,154,1985,1983,1986
65,25676,25797,155,1984,1983,1987
65,25676,25797,156,1985,1983,1986
65,25676,25797,157,1985,1983,1986
65,25676,25797,158,1985,1983,1986
65,25676,25797,159,1986,1983,1986
65,25676,25797,160,1985,1983,1992
65,25676,25797,161,2009,1997,3061
65,25676,25797,162,2186,1987,3473
65,25676,25797,163,2175,1985,3384
65,25676,25797,164,2161,1984,3296
65,25676,25797,165,2153,1985,3196
65,25676,25797,166,2138,1985,3095
65,25676,25797,167,2121,1984,3002
65,25676,25797,168,2105,1984,2888
65,25676,25797,169,2091,1984,2767
65,25676,25797,170,2075,1983,2057
65,25676,25797,171,1984,1978,1987
65,25676,25797,172,1986,1982,1985
65,25676,25797,173,1985,1983,1985
65,25676,25797,174,1985,1983,1985
65,25676,25797,175,1985,1983,1985
65,25676,25797,176,1985,1982,1986
65,25676,25797,177,1985,1983,1986
65,25676,25797,178,1985,1983,1985
65,25676,25797,179,1985,1983,1985
65,25676,25797,180,1985,1978,1513
65,25676,25797,181,1871,1978,1144
65,25676,25797,182,1857,1979,1014
65,25676,25797,183,1842,1978,881
65,25676,25797,184,1826,1978,751
65,25676,25797,185,1808,1977,599
65,25676,25797,186,1794,1975,447
65,25676,25797,187,1776,1975,323
65,25676,25797,188,1759,1973,215
65,25676,25797,189,1761,1974,1784
65,25676,25797,190,1989,1997,1981
65,25676,25797,191,1983,1984,1985
65,25676,25797,192,1985,1983,1986
65,25676,25797,193,1985,1983,1986
65,25676,25797,194,1985,1982,1985
65,25676,25797,195,1986,1983,1985
65,25676,25797,196,1985,1983,1985
65,25676,25797,197,1985,1983,1986
65,25676,25797,198,1985,1983,1986
65,25676,25797,199,1985,1982,1950
65,25676,25797,200,1858,1967,558
65,25676,25797,201,1780,1976,398
65,25676,25797,202,1782,1976,410
65,25676,25797,203,1783,1976,425
65,25676,25797,204,1784,1977,439
65,25676,25797,205,1785,1977,454
65,25676,25797,206,1787,1977,467
65,25676,25797,207,1789,1977,482
65,25676,25797,208,1790,1978,496
65,25676,25797,209,1792,1977,1812
65,25676,25797,210,1989,1994,1982
65,25676,25797,211,1984,1983,1986
65,25676,25797,212,1986,1982,1985
65,25676,25797,213,1986,1983,1985
65,25676,25797,214,1986,1983,1986
65,25676,25797,215,1986,1983,1986
65,25676,25797,216,1985,1983,1986
65,25676,25797,217,1985,1983,1985
65,25676,25797,218,1984,1980,1812
65,25676,25797,219,1839,1972,679
65,25676,25797,220,1811,1978,668
65,25676,25797,221,1812,1979,679
65,25676,25797,222,1812,1978,692
65,25676,25797,223,1815,1979,708
65,25676,25797,224,1817,1978,722
65,25676,25797,225,1818,1979,735
65,25676,25797,226,1819,1979,745
65,25676,25797,227,1822,1979,764
65,25676,25797,228,1823,1979,1844
65,25676,25797,229,1987,1993,1983
65,25676,25797,230,1984,1983,1985
65,25676,25797,231,1986,1982,1986
65,25676,25797,232,1986,1983,1986
65,25676,25797,233,1986,1983,1986
65,25676,25797,234,1985,1983,1985
65,25676,25797,235,1986,1983,1986
65,25676,25797,236,1985,1982,1985
65,25676,25797,237,1986,1983,1983
65,25676,25797,238,1967,1971,1036
65,25676,25797,239,1842,1979,936
65,25676,25797,240,1843,1980,952
65,25676,25797,241,1845,1980,965
65,25676,25797,242,1846,1981,979
65,25676,25797,243,1849,1980,993
65,25676,25797,244,1850,1981,1007
65,25676,25797,245,1851,1980,1028
65,25676,25797,246,1854,1980,1038
65,25676,25797,247,1855,1980,1083
65,25676,25797,248,1921,1985,1929
65,25676,25797,249,1986,1987,1985
65,25676,25797,250,1985,1982,1986
65,25676,25797,251,1985,1983,1985
65,25676,25797,252,1985,1983,1986
65,25676,25797,253,1985,1983,1986
65,25676,25797,254,1985,1983,1986
65,25676,25797,255,1985,1983,1986
65,25676,25797,256,1986,1983,1985
65,25676,25797,257,1984,1978,1463
65,25676,25797,258,1873,1979,1209
65,25676,25797,259,1877,1981,1214
65,25676,25797,260,1879,1981,1229
65,25676,25797,261,1880,1982,1249
65,25676,25797,262,1881,1981,1267
65,25676,25797,263,1885,1981,1272
65,25676,25797,264,1886,1981,1297
65,25676,25797,265,1887,1981,1304
65,25676,25797,266,1888,1981,1318
65,25676,25797,267,1889,1981,1908
65,25676,25797,268,1987,1989,1984
65,25676,25797,269,1985,1983,1986
65,25676,25797,270,1985,1982,1986
65,25676,25797,271,1986,1983,1986
65,25676,25797,272,1985,1983,1986
65,25676,25797,273,1986,1983,1985
65,25676,25797,274,1986,1983,1985
65,25676,25797,275,1985,1982,1984
65,25676,25797,276,1977,1978,1832
65,25676,25797,277,1879,1978,1176
65,25676,25797,278,1870,1980,1162
65,25676,25797,279,1868,1981,1150
65,25676,25797,280,1866,1980,1135
65,25676,25797,281,1865,1981,1120
65,25676,25797,282,1863,1980,1104
65,25676,25797,283,1861,1980,1090
65,25676,25797,284,1860,1980,1078
65,25676,25797,285,1858,1980,1063
65,25676,25797,286,1855,1980,1873
65,25676,25797,287,1988,1991,1983
65,25676,25797,288,1984,1983,1985
65,25676,25797,289,1986,1983,1985
65,25676,25797,290,1986,1983,1986
65,25676,25797,291,1985,1982,1986
65,25676,25797,292,1986,1982,1986
65,25676,25797,293,1985,1983,1985
65,25676,25797,294,1985,1983,1986
65,25676,25797,295,1985,1982,1953
65,25676,25797,296,1889,1972,909
65,25676,25797,297,1838,1980,893
65,25676,25797,298,1834,1979,878
65,25676,25797,299,1833,1980,866
65,25676,25797,300,1831,1980,854
65,25676,25797,301,1830,1979,837
65,25676,25797,302,1827,1979,823
65,25676,25797,303,1826,1979,807
65,25676,25797,304,1825,1979,791
65,25676,25797,305,1823,1979,781
65,25676,25797,306,1821,1979,1840
65,25676,25797,307,1987,1993,1981
65,25676,25797,308,1984,1983,1985
65,25676,25797,309,1986,1983,1985
65,25676,25797,310,1985,1983,1985
65,25676,25797,311,1986,1983,1985
65,25676,25797,312,1986,1983,1986
65,25676,25797,313,1985,1983,1986
65,25676,25797,314,1985,1981,1888
65,25676,25797,315,1863,1971,666
65,25676,25797,316,1806,1978,625
65,25676,25797,317,1803,1978,611
65,25676,25797,318,1802,1978,595
65,25676,25797,319,1799,1978,584
65,25676,25797,320,1798,1978,567
65,25676,25797,321,1796,1978,554
65,25676,25797,322,1795,1977,542
65,25676,25797,323,1793,1977,521
65,25676,25797,324,1792,1977,1647
65,25676,25797,325,1986,1995,1980
65,25676,25797,326,1983,1984,1985
65,25676,25797,327,1985,1983,1985
65,25676,25797,328,1985,1983,1985
65,25676,25797,329,1986,1983,1985
65,25676,25797,330,1985,1982,1986
65,25676,25797,331,1986,1983,1985
65,25676,25797,332,1985,1983,1986
65,25676,25797,333,1985,1982,1957
65,25676,25797,334,1926,1971,1509
65,25676,25797,335,1774,1972,352
65,25676,25797,336,1773,1975,339
65,25676,25797,337,1770,1974,326
65,25676,25797,338,1770,1975,312
65,25676,25797,339,1767,1975,297
65,25676,25797,340,1766,1975,284
65,25676,25797,341,1766,1975,261
65,25676,25797,342,1763,1975,259
65,25676,25797,343,1761,1974,239
65,25676,25797,344,1759,1974,1242
65,25676,25797,345,1980,1996,1974
65,25676,25797,346,1984,1984,1985
65,25676,25797,347,1985,1983,1985
65,25676,25797,348,1986,1982,1985
65,25676,25797,349,1986,1982,1986
65,25676,25797,350,1986,1983,1986
65,25676,25797,351,1986,1982,1986
65,25676,25797,352,1986,1982,1965
65,25676,25797,353,1890,1969,1089
65,25676,25797,354,1819,1979,774
65,25676,25797,355,1833,1980,907
66,25860,25981,0,2004,2030,1881
66,25860,25981,1,1948,1984,1188
66,25860,25981,2,1880,1981,1290
66,25860,25981,3,1899,1981,1377
66,25860,25981,4,1910,1983,1509
66,25860,25981,5,1927,1983,1625
66,25860,25981,6,1942,1984,1746
66,25860,25981,7,1961,1984,1882
66,25860,25981,8,1976,1984,2019
66,25860,25981,9,1998,1984,2175
66,25860,25981,10,2015,1984,2275
66,25860,25981,11,2030,1985,2429
66,25860,25981,12,2052,1984,2564
66,25860,25981,13,2071,1985,2696
66,25860,25981,14,2090,1986,2858
66,25860,25981,15,2110,1985,2979
66,25860,25981,16,2126,1984,2093
66,25860,25981,17,1985,1976,1991
66,25860,25981,18,1987,1982,1988
66,25860,25981,19,1986,1983,2023
66,25860,25981,20,2076,1996,3229
66,25860,25981,21,2181,1985,3471
66,25860,25981,22,2182,1985,3472
66,25860,25981,23,2184,1986,3476
66,25860,25981,24,2181,1985,3463
66,25860,25981,25,2180,1985,3451
66,25860,25981,26,2179,1985,3436
66,25860,25981,27,2177,1985,3416
66,25860,25981,28,2174,1985,3406
66,25860,25981,29,2172,1985,3395
66,25860,25981,30,2170,1985,3381
66,25860,25981,31,2168,1985,3358
66,25860,25981,32,2167,1985,3351
66,25860,25981,33,2167,1985,3335
66,25860,25981,34,2162,1985,3319
66,25860,25981,35,2161,1986,3308
66,25860,25981,36,2157,1985,3301
66,25860,25981,37,2157,1985,2197
66,25860,25981,38,2085,1985,3266
66,25860,25981,39,2152,1986,3250
66,25860,25981,40,2151,1985,3237
66,25860,25981,41,2149,1985,3228
66,25860,25981,42,2148,1985,3209
66,25860,25981,43,2144,1985,3196
66,25860,25981,44,2143,1985,3181
66,25860,25981,45,2140,1985,3164
66,25860,25981,46,2139,1985,3149
66,25860,25981,47,2137,1985,3136
66,25860,25981,48,2135,1985,3122
66,25860,25981,49,2133,1985,3110
66,25860,25981,50,2132,1985,3091
66,25860,25981,51,2129,1985,3085
66,25860,25981,52,2128,1984,3065
66,25860,25981,53,2125,1985,2103
66,25860,25981,54,1984,1974,1988
66,25860,25981,55,1987,1982,1987
66,25860,25981,56,1993,1989,2233
66,25860,25981,57,2119,1988,2996
66,25860,25981,58,2115,1985,2981
66,25860,25981,59,2113,1984,2965
66,25860,25981,60,2111,1985,2954
66,25860,25981,61,2110,1984,2937
66,25860,25981,62,2108,1985,2924
66,25860,25981,63,2106,1984,2906
66,25860,25981,64,2104,1984,2894
66,25860,25981,65,2103,1985,2883
66,25860,25981,66,2100,1985,2866
66,25860,25981,67,2098,1984,2850
66,25860,25981,68,2096,1984,2839
66,25860,25981,69,2095,1984,2825
66,25860,25981,70,2092,1984,2814
66,25860,25981,71,2090,1984,2797
66,25860,25981,72,2087,1984,2779
66,25860,25981,73,2085,1984,2765
66,25860,25981,74,2083,1984,2752
66,25860,25981,75,2082,1985,2740
66,25860,25981,76,2080,1984,2727
66,25860,25981,77,2079,1984,2716
66,25860,25981,78,2076,1984,2701
66,25860,25981,79,2075,1984,2684
66,25860,25981,80,2073,1984,2664
66,25860,25981,81,2071,1984,2654
66,25860,25981,82,2069,1984,2640
66,25860,25981,83,2067,1984,2625
66,25860,25981,84,2064,1984,2611
66,25860,25981,85,2063,1984,2600
66,25860,25981,86,2062,1984,2585
66,25860,25981,87,2059,1984,2572
66,25860,25981,88,2057,1984,2556
66,25860,25981,89,2057,1984,2551
66,25860,25981,90,2059,1984,2564
66,25860,25981,91,2061,1984,2582
66,25860,25981,92,2062,1983,2603
66,25860,25981,93,2065,1984,2614
66,25860,25981,94,2067,1984,2622
66,25860,25981,95,2068,1984,2643
66,25860,25981,96,2072,1984,2655
66,25860,25981,97,2073,1984,2666
66,25860,25981,98,2074,1985,2684
66,25860,25981,99,2076,1985,2696
66,25860,25981,100,2079,1984,2714
66,25860,25981,101,2080,1985,2728
66,25860,25981,102,2082,1984,2740
66,25860,25981,103,2085,1984,2754
66,25860,25981,104,2085,1984,2767
66,25860,25981,105,2089,1984,2780
66,25860,25981,106,2090,1984,2797
66,25860,25981,107,2092,1984,2811
66,25860,25981,108,2094,1984,2825
66,25860,25981,109,2097,1984,2839
66,25860,25981,110,2097,1985,2854
66,25860,25981,111,2100,1985,2868
66,25860,25981,112,2102,1985,2879
66,25860,25981,113,2104,1985,2895
66,25860,25981,114,2106,1985,2908
66,25860,25981,115,2107,1985,2921
66,25860,25981,116,2110,1985,2939
66,25860,25981,117,2109,1984,2951
66,25860,25981,118,2114,1985,2969
66,25860,25981,119,2115,1985,2981
66,25860,25981,120,2118,1985,2997
66,25860,25981,121,2119,1985,3010
66,25860,25981,122,2121,1985,3022
66,25860,25981,123,2123,1985,3038
66,25860,25981,124,2125,1985,3052
66,25860,25981,125,2126,1985,3066
66,25860,25981,126,2131,1986,3077
66,25860,25981,127,2131,1986,3094
66,25860,25981,128,2132,1985,3108
66,25860,25981,129,2135,1985,3126
66,25860,25981,130,2138,1985,3136
66,25860,25981,131,2139,1985,3160
66,25860,25981,132,2141,1985,3165
66,25860,25981,133,2144,1985,3180
66,25860,25981,134,2145,1985,3195
66,25860,25981,135,2147,1986,3209
66,25860,25981,136,2149,1985,3221
66,25860,25981,137,2151,1986,3237
66,25860,25981,138,2153,1986,3250
66,25860,25981,139,2154,1986,3264
66,25860,25981,140,2156,1985,3276
66,25860,25981,141,2159,1985,3294
66,25860,25981,142,2160,1985,3310
66,25860,25981,143,2163,1985,3322
66,25860,25981,144,2165,1985,3334
66,25860,25981,145,2166,1986,3349
66,25860,25981,146,2167,1986,3362
66,25860,25981,147,2170,1985,3375
66,25860,25981,148,2173,1985,3393
66,25860,25981,149,2175,1986,3408
66,25860,25981,150,2176,1986,3420
66,25860,25981,151,2179,1985,3433
66,25860,25981,152,2179,1986,3451
66,25860,25981,153,2183,1986,3466
66,25860,25981,154,2184,1986,3477
66,25860,25981,155,2184,1986,3472
66,25860,25981,156,2183,1986,3471
66,25860,25981,157,2186,1986,3479
66,25860,25981,158,2188,1986,3496
66,25860,25981,159,2189,1986,3513
66,25860,25981,160,2191,1987,3520
66,25860,25981,161,2191,1985,3514
66,25860,25981,162,2187,1986,3465
66,25860,25981,163,2176,1985,3381
66,25860,25981,164,2161,1985,3300
66,25860,25981,165,2156,1985,3208
66,25860,25981,166,2141,1985,3112
66,25860,25981,167,2126,1985,3024
66,25860,25981,168,2110,1984,2901
66,25860,25981,169,2097,1984,2776
66,25860,25981,170,2076,1983,2664
66,25860,25981,171,2059,1982,2517
66,25860,25981,172,2037,1983,2376
66,25860,25981,173,2020,1982,2218
66,25860,25981,174,1998,1982,2077
66,25860,25981,175,1981,1981,1902
66,25860,25981,176,1955,1981,1762
66,25860,25981,177,1938,1980,1628
66,25860,25981,178,1925,1981,1557
66,25860,25981,179,1907,1980,1412
66,25860,25981,180,1895,1981,1293
66,25860,25981,181,1872,1980,1146
66,25860,25981,182,1858,1979,1008
66,25860,25981,183,1837,1979,861
66,25860,25981,184,1825,1978,736
66,25860,25981,185,1806,1978,597
66,25860,25981,186,1794,1976,456
66,25860,25981,187,1776,1975,312
66,25860,25981,188,1759,1974,208
66,25860,25981,189,1760,1975,230
66,25860,25981,190,1761,1975,240
66,25860,25981,191,1762,1975,252
66,25860,25981,192,1764,1975,269
66,25860,25981,193,1767,1975,282
66,25860,25981,194,1767,1975,299
66,25860,25981,195,1769,1975,309
66,25860,25981,196,1770,1976,325
66,25860,25981,197,1773,1975,339
66,25860,25981,198,1774,1976,351
66,25860,25981,199,1776,1976,368
66,25860,25981,200,1778,1977,382
66,25860,25981,201,1778,1976,388
66,25860,25981,202,1781,1976,416
66,25860,25981,203,1782,1976,425
66,25860,25981,204,1784,1976,438
66,25860,25981,205,1786,1976,453
66,25860,25981,206,1787,1977,468
66,25860,25981,207,1788,1978,481
66,25860,25981,208,1791,1977,495
66,25860,25981,209,1791,1977,509
66,25860,25981,210,1794,1977,526
66,25860,25981,211,1795,1978,538
66,25860,25981,212,1796,1977,546
66,25860,25981,213,1799,1978,561
66,25860,25981,214,1800,1978,582
66,25860,25981,215,1801,1978,595
66,25860,25981,216,1803,1978,608
66,25860,25981,217,1805,1979,623
66,25860,25981,218,1806,1978,640
66,25860,25981,219,1808,1979,652
66,25860,25981,220,1811,1979,666
66,25860,25981,221,1811,1978,679
66,25860,25981,222,1812,1978,695
66,25860,25981,223,1814,1979,709
66,25860,25981,224,1816,1979,722
66,25860,25981,225,1819,1979,737
66,25860,25981,226,1819,1979,750
66,25860,25981,227,1821,1979,772
66,25860,25981,228,1822,1979,781
66,25860,25981,229,1825,1979,793
66,25860,25981,230,1826,1979,809
66,25860,25981,231,1828,1979,822
66,25860,25981,232,1830,1979,839
66,25860,25981,233,1832,1979,848
66,25860,25981,234,1834,1980,865
66,25860,25981,235,1834,1980,881
66,25860,25981,236,1835,1979,901
66,25860,25981,237,1838,1980,908
66,25860,25981,238,1840,1979,919
66,25860,25981,239,1841,1980,934
66,25860,25981,240,1843,1979,950
66,25860,25981,241,1844,1980,964
66,25860,25981,242,1847,1980,977
66,25860,25981,243,1848,1980,993
66,25860,25981,244,1850,1980,1004
66,25860,25981,245,1852,1980,1021
66,25860,25981,246,1855,1980,1036
66,25860,25981,247,1856,1980,1050
66,25860,25981,248,1858,1980,1061
66,25860,25981,249,1859,1980,1077
66,25860,25981,250,1859,1981,1094
66,25860,25981,251,1862,1981,1104
66,25860,25981,252,1865,1981,1125
66,25860,25981,253,1866,1980,1136
66,25860,25981,254,1868,1980,1149
66,25860,25981,255,1870,1980,1164
66,25860,25981,256,1872,1981,1179
66,25860,25981,257,1873,1981,1192
66,25860,25981,258,1873,1980,1206
66,25860,25981,259,1877,1982,1223
66,25860,25981,260,1878,1981,1233
66,25860,25981,261,1879,1982,1250
66,25860,25981,262,1882,1981,1263
66,25860,25981,263,1887,1982,1276
66,25860,25981,264,1884,1981,1291
66,25860,25981,265,1888,1982,1304
66,25860,25981,266,1889,1981,1315
66,25860,25981,267,1889,1981,1320
66,25860,25981,268,1888,1981,1309
66,25860,25981,269,1886,1981,1290
66,25860,25981,270,1884,1981,1280
66,25860,25981,271,1883,1981,1261
66,25860,25981,272,1880,1981,1247
66,25860,25981,273,1878,1981,1232
66,25860,25981,274,1877,1980,1220
66,25860,25981,275,1875,1980,1208
66,25860,25981,276,1874,1980,1193
66,25860,25981,277,1871,1981,1178
66,25860,25981,278,1871,1981,1160
66,25860,25981,279,1868,1980,1147
66,25860,25981,280,1866,1981,1142
66,25860,25981,281,1864,1980,1122
66,25860,25981,282,1860,1980,1104
66,25860,25981,283,1860,1980,1093
66,25860,25981,284,1858,1980,1072
66,25860,25981,285,1857,1980,1062
66,25860,25981,286,1856,1980,1049
66,25860,25981,287,1855,1980,1034
66,25860,25981,288,1851,1980,1015
66,25860,25981,289,1850,1980,1006
66,25860,25981,290,1849,1980,992
66,25860,25981,291,1847,1980,978
66,25860,25981,292,1846,1979,964
66,25860,25981,293,1844,1979,952
66,25860,25981,294,1842,1980,935
66,25860,25981,295,1840,1980,925
66,25860,25981,296,1839,1980,908
66,25860,25981,297,1836,1980,893
66,25860,25981,298,1835,1979,880
66,25860,25981,299,1833,1980,863
66,25860,25981,300,1832,1979,849
66,25860,25981,301,1830,1980,837
66,25860,25981,302,1828,1979,822
66,25860,25981,303,1826,1979,807
66,25860,25981,304,1825,1979,792
66,25860,25981,305,1823,1980,779
66,25860,25981,306,1822,1979,765
66,25860,25981,307,1820,1978,754
66,25860,25981,308,1819,1979,740
66,25860,25981,309,1818,1978,722
66,25860,25981,310,1814,1979,708
66,25860,25981,311,1813,1978,695
66,25860,25981,312,1812,1978,674
66,25860,25981,313,1809,1978,665
66,25860,25981,314,1809,1978,652
66,25860,25981,315,1807,1979,637
66,25860,25981,316,1803,1978,619
66,25860,25981,317,1803,1978,610
66,25860,25981,318,1801,1978,592
66,25860,25981,319,1800,1978,584
66,25860,25981,320,1798,1977,565
66,25860,25981,321,1797,1978,553
66,25860,25981,322,1795,1977,537
66,25860,25981,323,1792,1977,524
66,25860,25981,324,1792,1978,511
66,25860,25981,325,1790,1977,495
66,25860,25981,326,1789,1977,481
66,25860,25981,327,1786,1977,469
66,25860,25981,328,1787,1977,450
66,25860,25981,329,1784,1976,441
66,25860,25981,330,1782,1976,425
66,25860,25981,331,1781,1976,411
66,25860,25981,332,1779,1976,395
66,25860,25981,333,1777,1976,381
66,25860,25981,334,1776,1976,363
66,25860,25981,335,1774,1976,352
66,25860,25981,336,1773,1975,342
66,25860,25981,337,1771,1975,328
66,25860,25981,338,1770,1975,313
66,25860,25981,339,1767,1975,297
66,25860,25981,340,1766,1974,283
66,25860,25981,341,1764,1975,283
66,25860,25981,342,1763,1974,255
66,25860,25981,343,1762,1975,239
66,25860,25981,344,1760,1974,229
66,25860,25981,345,1758,1974,213
66,25860,25981,346,1756,1973,197
66,25860,25981,347,1755,1973,183
66,25860,25981,348,1753,1974,176
66,25860,25981,349,1761,1975,238
66,25860,25981,350,1764,1976,354
66,25860,25981,351,1781,1976,442
66,25860,25981,352,1792,1978,541
66,25860,25981,353,1804,1979,665
66,25860,25981,354,1820,1980,782
66,25860,25981,355,1832,1981,940
67,26036,26157,0,2007,2028,1255
67,26036,26157,1,1882,1983,1321
67,26036,26157,2,1900,1982,1409
67,26036,26157,3,1907,1982,1483
67,26036,26157,4,1918,1983,1575
67,26036,26157,5,1934,1983,1693
67,26036,26157,6,1950,1983,1806
67,26036,26157,7,1964,1984,1914
67,26036,26157,8,1982,1984,2050
67,26036,26157,9,2003,1984,2172
67,26036,26157,10,2018,1985,2323
67,26036,26157,11,2033,1985,2480
67,26036,26157,12,2058,1984,2551
67,26036,26157,13,2067,1984,2664
67,26036,26157,14,2084,1985,2793
67,26036,26157,15,2100,1984,2910
67,26036,26157,16,2117,1985,3012
67,26036,26157,17,2138,1986,3173
67,26036,26157,18,2154,1986,3307
67,26036,26157,19,2175,1986,3453
67,26036,26157,20,2185,1985,3478
67,26036,26157,21,2184,1985,3471
67,26036,26157,22,2184,1985,3472
67,26036,26157,23,2185,1986,3476
67,26036,26157,24,2182,1986,3466
67,26036,26157,25,2180,1986,3450
67,26036,26157,26,2179,1985,3441
67,26036,26157,27,2178,1986,3424
67,26036,26157,28,2173,1985,3408
67,26036,26157,29,2172,1985,3393
67,26036,26157,30,2171,1985,3389
67,26036,26157,31,2169,1985,3366
67,26036,26157,32,2167,1985,3349
67,26036,26157,33,2165,1985,3337
67,26036,26157,34,2162,1985,3321
67,26036,26157,35,2161,1985,3308
67,26036,26157,36,2159,1985,3294
67,26036,26157,37,2157,1985,3281
67,26036,26157,38,2155,1985,3266
67,26036,26157,39,2153,1985,3252
67,26036,26157,40,2151,1985,3239
67,26036,26157,41,2149,1985,3223
67,26036,26157,42,2147,1985,3207
67,26036,26157,43,2144,1985,3194
67,26036,26157,44,2143,1985,3180
67,26036,26157,45,2142,1985,3166
67,26036,26157,46,2138,1985,3153
67,26036,26157,47,2138,1985,3137
67,26036,26157,48,2135,1985,3112
67,26036,26157,49,2133,1985,3109
67,26036,26157,50,2131,1984,3094
67,26036,26157,51,2128,1984,3084
67,26036,26157,52,2127,1984,3066
67,26036,26157,53,2125,1984,3052
67,26036,26157,54,2124,1985,3039
67,26036,26157,55,2121,1985,3020
67,26036,26157,56,2120,1985,3010
67,26036,26157,57,2118,1985,2999
67,26036,26157,58,2116,1984,2984
67,26036,26157,59,2114,1984,2971
67,26036,26157,60,2112,1984,2953
67,26036,26157,61,2109,1984,2935
67,26036,26157,62,2108,1984,2920
67,26036,26157,63,2105,1985,2911
67,26036,26157,64,2104,1984,2894
67,26036,26157,65,2102,1984,2884
67,26036,26157,66,2101,1984,2862
67,26036,26157,67,2098,1984,2853
67,26036,26157,68,2096,1984,2839
67,26036,26157,69,2094,1984,2824
67,26036,26157,70,2094,1984,2809
67,26036,26157,71,2090,1984,2796
67,26036,26157,72,2088,1985,2779
67,26036,26157,73,2086,1984,2767
67,26036,26157,74,2084,1984,2754
67,26036,26157,75,2083,1984,2743
67,26036,26157,76,2081,1984,2724
67,26036,26157,77,2079,1984,2716
67,26036,26157,78,2077,1984,2696
67,26036,26157,79,2075,1984,2686
67,26036,26157,80,2073,1984,2675
67,26036,26157,81,2071,1984,2652
67,26036,26157,82,2068,1984,2642
67,26036,26157,83,2067,1984,2626
67,26036,26157,84,2065,1984,2620
67,26036,26157,85,2063,1984,2597
67,26036,26157,86,2062,1984,2584
67,26036,26157,87,2059,1984,2572
67,26036,26157,88,2057,1984,2566
67,26036,26157,89,2057,1984,2557
67,26036,26157,90,2060,1984,2571
67,26036,26157,91,2061,1984,2585
67,26036,26157,92,2064,1984,2598
67,26036,26157,93,2065,1983,2611
67,26036,26157,94,2067,1984,2623
67,26036,26157,95,2069,1984,2641
67,26036,26157,96,2071,1984,2656
67,26036,26157,97,2073,1984,2671
67,26036,26157,98,2075,1984,2681
67,26036,26157,99,2076,1984,2699
67,26036,26157,100,2079,1984,2708
67,26036,26157,101,2081,1983,2725
67,26036,26157,102,2083,1984,2743
67,26036,26157,103,2085,1984,2759
67,26036,26157,104,2086,1985,2764
67,26036,26157,105,2088,1984,2785
67,26036,26157,106,2090,1984,2797
67,26036,26157,107,2092,1984,2810
67,26036,26157,108,2094,1984,2827
67,26036,26157,109,2097,1984,2837
67,26036,26157,110,2098,1984,2850
67,26036,26157,111,2100,1984,2865
67,26036,26157,112,2102,1985,2882
67,26036,26157,113,2105,1985,2898
67,26036,26157,114,2105,1985,2912
67,26036,26157,115,2107,1985,2923
67,26036,26157,116,2110,1985,2940
67,26036,26157,117,2112,1985,2952
67,26036,26157,118,2112,1984,2961
67,26036,26157,119,2116,1985,2980
67,26036,26157,120,2118,1985,2997
67,26036,26157,121,2120,1985,3008
67,26036,26157,122,2122,1985,3022
67,26036,26157,123,2123,1985,3047
67,26036,26157,124,2127,1985,3052
67,26036,26157,125,2130,1985,3068
67,26036,26157,126,2129,1985,3080
67,26036,26157,127,2131,1985,3093
67,26036,26157,128,2134,1985,3108
67,26036,26157,129,2135,1985,3124
67,26036,26157,130,2138,1986,3167
67,26036,26157,131,2139,1985,3152
67,26036,26157,132,2141,1986,3168
67,26036,26157,133,2144,1985,3176
67,26036,26157,134,2145,1986,3195
67,26036,26157,135,2149,1985,3207
67,26036,26157,136,2149,1986,3223
67,26036,26157,137,2151,1985,3239
67,26036,26157,138,2154,1985,3252
67,26036,26157,139,2156,1985,3266
67,26036,26157,140,2158,1986,3285
67,26036,26157,141,2158,1985,3295
67,26036,26157,142,2161,1985,3305
67,26036,26157,143,2162,1985,3325
67,26036,26157,144,2165,1985,3339
67,26036,26157,145,2167,1985,3349
67,26036,26157,146,2167,1985,3373
67,26036,26157,147,2171,1986,3379
67,26036,26157,148,2171,1985,3393
67,26036,26157,149,2175,1986,3407
67,26036,26157,150,2176,1986,3420
67,26036,26157,151,2178,1986,3435
67,26036,26157,152,2180,1986,3447
67,26036,26157,153,2183,1986,3460
67,26036,26157,154,2184,1986,3476
67,26036,26157,155,2184,1986,3473
67,26036,26157,156,2184,1986,3471
67,26036,26157,157,2185,1986,3478
67,26036,26157,158,2187,1986,3496
67,26036,26157,159,2189,1986,3508
67,26036,26157,160,2189,1986,3515
67,26036,26157,161,2189,1986,3519
67,26036,26157,162,2179,1985,3397
67,26036,26157,163,2166,1985,3315
67,26036,26157,164,2151,1984,3186
67,26036,26157,165,2135,1984,3081
67,26036,26157,166,2116,1984,2961
67,26036,26157,167,2105,1983,2844
67,26036,26157,168,2083,1983,2747
67,26036,26157,169,2070,1982,2593
67,26036,26157,170,2053,1983,2479
67,26036,26157,171,2031,1982,2367
67,26036,26157,172,2019,1983,2238
67,26036,26157,173,2002,1982,2114
67,26036,26157,174,1984,1982,1974
67,26036,26157,175,1966,1982,1850
67,26036,26157,176,1947,1981,1716
67,26036,26157,177,1930,1981,1575
67,26036,26157,178,1918,1981,1503
67,26036,26157,179,1901,1981,1377
67,26036,26157,180,1887,1980,1264
67,26036,26157,181,1867,1980,1121
67,26036,26157,182,1855,1979,979
67,26036,26157,183,1835,1979,859
67,26036,26157,184,1824,1978,755
67,26036,26157,185,1811,1978,634
67,26036,26157,186,1798,1977,507
67,26036,26157,187,1784,1976,396
67,26036,26157,188,1769,1974,262
67,26036,26157,189,1760,1974,225
67,26036,26157,190,1762,1975,239
67,26036,26157,191,1763,1975,253
67,26036,26157,192,1765,1975,269
67,26036,26157,193,1766,1976,280
67,26036,26157,194,1768,1975,299
67,26036,26157,195,1768,1975,310
67,26036,26157,196,1771,1976,328
67,26036,26157,197,1771,1976,338
67,26036,26157,198,1775,1976,357
67,26036,26157,199,1776,1975,368
67,26036,26157,200,1777,1976,381
67,26036,26157,201,1779,1976,397
67,26036,26157,202,1780,1976,414
67,26036,26157,203,1782,1977,424
67,26036,26157,204,1784,1976,441
67,26036,26157,205,1785,1976,454
67,26036,26157,206,1787,1977,468
67,26036,26157,207,1788,1977,481
67,26036,26157,208,1790,1977,494
67,26036,26157,209,1792,1977,511
67,26036,26157,210,1793,1977,523
67,26036,26157,211,1795,1977,535
67,26036,26157,212,1796,1978,553
67,26036,26157,213,1799,1978,567
67,26036,26157,214,1800,1978,579
67,26036,26157,215,1801,1978,593
67,26036,26157,216,1803,1978,613
67,26036,26157,217,1805,1978,624
67,26036,26157,218,1807,1979,642
67,26036,26157,219,1808,1979,655
67,26036,26157,220,1810,1979,668
67,26036,26157,221,1811,1978,680
67,26036,26157,222,1813,1979,698
67,26036,26157,223,1814,1979,708
67,26036,26157,224,1816,1979,723
67,26036,26157,225,1817,1979,739
67,26036,26157,226,1820,1979,751
67,26036,26157,227,1821,1979,765
67,26036,26157,228,1823,1979,777
67,26036,26157,229,1825,1979,789
67,26036,26157,230,1826,1980,807
67,26036,26157,231,1828,1980,822
67,26036,26157,232,1829,1979,833
67,26036,26157,233,1831,1980,851
67,26036,26157,234,1834,1980,863
67,26036,26157,235,1835,1980,879
67,26036,26157,236,1836,1980,893
67,26036,26157,237,1838,1980,911
67,26036,26157,238,1840,1980,919
67,26036,26157,239,1842,1980,936
67,26036,26157,240,1843,1980,949
67,26036,26157,241,1845,1980,964
67,26036,26157,242,1848,1980,974
67,26036,26157,243,1849,1980,993
67,26036,26157,244,1850,1980,1009
67,26036,26157,245,1852,1981,1020
67,26036,26157,246,1854,1980,1026
67,26036,26157,247,1855,1981,1044
67,26036,26157,248,1857,1980,1062
67,26036,26157,249,1859,1980,1078
67,26036,26157,250,1861,1980,1092
67,26036,26157,251,1862,1981,1107
67,26036,26157,252,1864,1980,1122
67,26036,26157,253,1866,1981,1133
67,26036,26157,254,1869,1981,1149
67,26036,26157,255,1870,1981,1163
67,26036,26157,256,1871,1981,1178
67,26036,26157,257,1874,1981,1193
67,26036,26157,258,1874,1981,1207
67,26036,26157,259,1876,1981,1218
67,26036,26157,260,1878,1981,1236
67,26036,26157,261,1879,1981,1248
67,26036,26157,262,1883,1980,1270
67,26036,26157,263,1883,1981,1278
67,26036,26157,264,1886,1981,1289
67,26036,26157,265,1888,1981,1309
67,26036,26157,266,1889,1981,1321
67,26036,26157,267,1889,1981,1316
67,26036,26157,268,1888,1981,1308
67,26036,26157,269,1886,1982,1293
67,26036,26157,270,1884,1981,1269
67,26036,26157,271,1882,1981,1260
67,26036,26157,272,1880,1981,1248
67,26036,26157,273,1880,1981,1238
67,26036,26157,274,1877,1981,1219
67,26036,26157,275,1874,1981,1206
67,26036,26157,276,1874,1980,1193
67,26036,26157,277,1872,1981,1177
67,26036,26157,278,1869,1981,1160
67,26036,26157,279,1868,1981,1149
67,26036,26157,280,1866,1981,1127
67,26036,26157,281,1865,1981,1121
67,26036,26157,282,1863,1981,1108
67,26036,26157,283,1861,1981,1089
67,26036,26157,284,1859,1981,1078
67,26036,26157,285,1857,1981,1064
67,26036,26157,286,1858,1981,1051
67,26036,26157,287,1854,1980,1045
67,26036,26157,288,1852,1980,1021
67,26036,26157,289,1850,1980,1007
67,26036,26157,290,1848,1980,992
67,26036,26157,291,1846,1979,973
67,26036,26157,292,1846,1979,964
67,26036,26157,293,1843,1980,946
67,26036,26157,294,1842,1980,937
67,26036,26157,295,1839,1979,920
67,26036,26157,296,1838,1980,908
67,26036,26157,297,1836,1979,892
67,26036,26157,298,1835,1979,878
67,26036,26157,299,1833,1980,866
67,26036,26157,300,1832,1980,850
67,26036,26157,301,1829,1979,837
67,26036,26157,302,1828,1979,820
67,26036,26157,303,1825,1979,814
67,26036,26157,304,1825,1979,794
67,26036,26157,305,1823,1978,776
67,26036,26157,306,1822,1979,766
67,26036,26157,307,1818,1979,746
67,26036,26157,308,1818,1979,736
67,26036,26157,309,1816,1978,723
67,26036,26157,310,1815,1979,710
67,26036,26157,311,1812,1978,696
67,26036,26157,312,1812,1978,676
67,26036,26157,313,1810,1978,668
67,26036,26157,314,1810,1978,652
67,26036,26157,315,1806,1978,635
67,26036,26157,316,1804,1978,623
67,26036,26157,317,1803,1978,607
67,26036,26157,318,1802,1978,598
67,26036,26157,319,1799,1978,584
67,26036,26157,320,1798,1978,565
67,26036,26157,321,1797,1977,553
67,26036,26157,322,1795,1978,540
67,26036,26157,323,1794,1977,528
67,26036,26157,324,1791,1977,510
67,26036,26157,325,1789,1977,508
67,26036,26157,326,1789,1976,481
67,26036,26157,327,1788,1976,467
67,26036,26157,328,1785,1976,456
67,26036,26157,329,1783,1977,444
67,26036,26157,330,1782,1976,425
67,26036,26157,331,1779,1977,410
67,26036,26157,332,1779,1975,396
67,26036,26157,333,1778,1976,383
67,26036,26157,334,1775,1976,367
67,26036,26157,335,1774,1975,353
67,26036,26157,336,1772,1975,343
67,26036,26157,337,1771,1975,322
67,26036,26157,338,1769,1975,309
67,26036,26157,339,1767,1975,296
67,26036,26157,340,1766,1975,285
67,26036,26157,341,1764,1974,268
67,26036,26157,342,1762,1974,252
67,26036,26157,343,1761,1974,241
67,26036,26157,344,1760,1974,225
67,26036,26157,345,1758,1974,214
67,26036,26157,346,1757,1974,198
67,26036,26157,347,1755,1973,184
67,26036,26157,348,1753,1973,171
67,26036,26157,349,1761,1975,257
67,26036,26157,350,1770,1976,343
67,26036,26157,351,1782,1977,444
67,26036,26157,352,1794,1977,537
67,26036,26157,353,1807,1979,663
67,26036,26157,354,1820,1980,807
67,26036,26157,355,1834,1981,926
68,26211,26332,0,1994,2024,1154
68,26211,26332,1,1874,1983,1242
68,26211,26332,2,1886,1982,1333
68,26211,26332,3,1900,1982,1436
68,26211,26332,4,1912,1983,1534
68,26211,26332,5,1931,1983,1658
68,26211,26332,6,1943,1983,1783
68,26211,26332,7,1963,1983,1897
68,26211,26332,8,1979,1984,2037
68,26211,26332,9,2001,1984,2163
68,26211,26332,10,2018,1984,2294
68,26211,26332,11,2033,1984,2436
68,26211,26332,12,2052,1984,2575
68,26211,26332,13,2073,1985,2707
68,26211,26332,14,2092,1986,2909
68,26211,26332,15,2118,1985,3044
68,26211,26332,16,2139,1986,3221
68,26211,26332,17,2164,1986,3367
68,26211,26332,18,2181,1986,3483
68,26211,26332,19,2188,1985,3502
68,26211,26332,20,2187,1985,3480
68,26211,26332,21,2184,1985,3472
68,26211,26332,22,2184,1985,3473
68,26211,26332,23,2184,1986,3476
68,26211,26332,24,2182,1985,3464
68,26211,26332,25,2180,1985,3450
68,26211,26332,26,2179,1985,3435
68,26211,26332,27,2176,1985,3418
68,26211,26332,28,2175,1985,3408
68,26211,26332,29,2172,1985,3391
68,26211,26332,30,2170,1985,3376
68,26211,26332,31,2168,1985,3363
68,26211,26332,32,2169,1985,3349
68,26211,26332,33,2165,1985,3336
68,26211,26332,34,2163,1985,3322
68,26211,26332,35,2160,1985,3310
68,26211,26332,36,2158,1985,3295
68,26211,26332,37,2157,1985,3277
68,26211,26332,38,2155,1985,3264
68,26211,26332,39,2153,1985,3245
68,26211,26332,40,2151,1985,3235
68,26211,26332,41,2149,1985,3224
68,26211,26332,42,2148,1985,3210
68,26211,26332,43,2146,1985,3193
68,26211,26332,44,2143,1985,3179
68,26211,26332,45,2142,1985,3164
68,26211,26332,46,2138,1985,3154
68,26211,26332,47,2137,1985,3138
68,26211,26332,48,2135,1985,3125
68,26211,26332,49,2133,1986,3108
68,26211,26332,50,2131,1985,3094
68,26211,26332,51,2130,1985,3080
68,26211,26332,52,2128,1985,3066
68,26211,26332,53,2127,1984,3050
68,26211,26332,54,2123,1985,3041
68,26211,26332,55,2122,1985,3023
68,26211,26332,56,2120,1984,3009
68,26211,26332,57,2117,1985,2998
68,26211,26332,58,2115,1985,2982
68,26211,26332,59,2114,1984,2967
68,26211,26332,60,2111,1984,2953
68,26211,26332,61,2111,1984,2939
68,26211,26332,62,2108,1984,2925
68,26211,26332,63,2105,1985,2908
68,26211,26332,64,2103,1985,2890
68,26211,26332,65,2101,1985,2880
68,26211,26332,66,2100,1984,2869
68,26211,26332,67,2098,1985,2851
68,26211,26332,68,2096,1984,2838
68,26211,26332,69,2094,1984,2823
68,26211,26332,70,2093,1985,2811
68,26211,26332,71,2090,1984,2792
68,26211,26332,72,2088,1985,2783
68,26211,26332,73,2086,1984,2768
68,26211,26332,74,2084,1984,2752
68,26211,26332,75,2082,1984,2743
68,26211,26332,76,2081,1984,2724
68,26211,26332,77,2079,1984,2712
68,26211,26332,78,2078,1984,2697
68,26211,26332,79,2074,1984,2682
68,26211,26332,80,2073,1984,2668
68,26211,26332,81,2071,1984,2655
68,26211,26332,82,2069,1984,2638
68,26211,26332,83,2067,1983,2627
68,26211,26332,84,2065,1984,2610
68,26211,26332,85,2063,1984,2599
68,26211,26332,86,2061,1984,2585
68,26211,26332,87,2060,1984,2569
68,26211,26332,88,2056,1984,2555
68,26211,26332,89,2057,1984,2555
68,26211,26332,90,2059,1984,2568
68,26211,26332,91,2061,1984,2583
68,26211,26332,92,2062,1984,2596
68,26211,26332,93,2064,1984,2611
68,26211,26332,94,2067,1984,2628
68,26211,26332,95,2069,1984,2637
68,26211,26332,96,2072,1984,2655
68,26211,26332,97,2072,1984,2670
68,26211,26332,98,2075,1984,2683
68,26211,26332,99,2078,1985,2703
68,26211,26332,100,2079,1984,2709
68,26211,26332,101,2081,1984,2724
68,26211,26332,102,2082,1985,2736
68,26211,26332,103,2084,1984,2754
68,26211,26332,104,2086,1985,2770
68,26211,26332,105,2088,1984,2781
68,26211,26332,106,2090,1985,2794
68,26211,26332,107,2092,1985,2814
68,26211,26332,108,2094,1985,2824
68,26211,26332,109,2096,1985,2839
68,26211,26332,110,2098,1985,2851
68,26211,26332,111,2100,1985,2862
68,26211,26332,112,2102,1985,2882
68,26211,26332,113,2104,1985,2895
68,26211,26332,114,2106,1984,2910
68,26211,26332,115,2109,1984,2925
68,26211,26332,116,2110,1985,2941
68,26211,26332,117,2112,1985,2954
68,26211,26332,118,2114,1985,2966
68,26211,26332,119,2114,1985,2979
68,26211,26332,120,2118,1985,2992
68,26211,26332,121,2119,1985,3011
68,26211,26332,122,2121,1985,3031
68,26211,26332,123,2124,1985,3035
68,26211,26332,124,2124,1985,3052
68,26211,26332,125,2127,1985,3064
68,26211,26332,126,2128,1985,3076
68,26211,26332,127,2132,1986,3094
68,26211,26332,128,2133,1985,3107
68,26211,26332,129,2135,1985,3124
68,26211,26332,130,2136,1985,3139
68,26211,26332,131,2140,1985,3152
68,26211,26332,132,2142,1985,3164
68,26211,26332,133,2143,1985,3175
68,26211,26332,134,2144,1986,3191
68,26211,26332,135,2147,1985,3207
68,26211,26332,136,2149,1986,3232
68,26211,26332,137,2151,1985,3235
68,26211,26332,138,2153,1986,3251
68,26211,26332,139,2154,1986,3264
68,26211,26332,140,2157,1985,3278
68,26211,26332,141,2158,1986,3291
68,26211,26332,142,2161,1986,3304
68,26211,26332,143,2163,1986,3329
68,26211,26332,144,2164,1985,3334
68,26211,26332,145,2166,1985,3345
68,26211,26332,146,2170,1986,3362
68,26211,26332,147,2172,1986,3381
68,26211,26332,148,2172,1986,3393
68,26211,26332,149,2175,1985,3404
68,26211,26332,150,2177,1986,3422
68,26211,26332,151,2180,1986,3435
68,26211,26332,152,2180,1986,3450
68,26211,26332,153,2182,1986,3461
68,26211,26332,154,2184,1986,3476
68,26211,26332,155,2184,1986,3472
68,26211,26332,156,2183,1986,3471
68,26211,26332,157,2186,1986,3486
68,26211,26332,158,2187,1986,3493
68,26211,26332,159,2191,1987,3511
68,26211,26332,160,2189,1986,3516
68,26211,26332,161,2191,1986,3523
68,26211,26332,162,2189,1986,3510
68,26211,26332,163,2185,1986,3462
68,26211,26332,164,2174,1985,3357
68,26211,26332,165,2160,1984,3265
68,26211,26332,166,2146,1984,3150
68,26211,26332,167,2129,1984,3037
68,26211,26332,168,2112,1984,2915
68,26211,26332,169,2094,1983,2774
68,26211,26332,170,2074,1983,2637
68,26211,26332,171,2058,1982,2486
68,26211,26332,172,2033,1983,2336
68,26211,26332,173,2015,1982,2199
68,26211,26332,174,1992,1981,2036
68,26211,26332,175,1974,1981,1889
68,26211,26332,176,1951,1981,1752
68,26211,26332,177,1936,1981,1609
68,26211,26332,178,1922,1981,1533
68,26211,26332,179,1904,1980,1392
68,26211,26332,180,1887,1980,1271
68,26211,26332,181,1873,1980,1130
68,26211,26332,182,1855,1979,1002
68,26211,26332,183,1840,1979,877
68,26211,26332,184,1824,1978,732
68,26211,26332,185,1806,1978,597
68,26211,26332,186,1788,1975,416
68,26211,26332,187,1768,1974,241
68,26211,26332,188,1758,1974,213
68,26211,26332,189,1761,1975,227
68,26211,26332,190,1761,1974,240
68,26211,26332,191,1763,1975,255
68,26211,26332,192,1765,1975,275
68,26211,26332,193,1766,1975,283
68,26211,26332,194,1767,1975,291
68,26211,26332,195,1769,1975,313
68,26211,26332,196,1771,1975,325
68,26211,26332,197,1773,1975,337
68,26211,26332,198,1774,1976,354
68,26211,26332,199,1776,1976,369
68,26211,26332,200,1777,1976,382
68,26211,26332,201,1779,1976,392
68,26211,26332,202,1780,1976,414
68,26211,26332,203,1782,1976,424
68,26211,26332,204,1783,1976,438
68,26211,26332,205,1784,1977,454
68,26211,26332,206,1787,1977,467
68,26211,26332,207,1789,1977,480
68,26211,26332,208,1789,1977,496
68,26211,26332,209,1791,1977,507
68,26211,26332,210,1792,1977,526
68,26211,26332,211,1795,1977,540
68,26211,26332,212,1797,1978,551
68,26211,26332,213,1798,1978,569
68,26211,26332,214,1800,1978,583
68,26211,26332,215,1801,1978,595
68,26211,26332,216,1806,1978,610
68,26211,26332,217,1804,1979,625
68,26211,26332,218,1806,1978,639
68,26211,26332,219,1808,1978,651
68,26211,26332,220,1810,1978,668
68,26211,26332,221,1811,1979,679
68,26211,26332,222,1812,1978,693
68,26211,26332,223,1814,1979,709
68,26211,26332,224,1816,1978,707
68,26211,26332,225,1818,1979,737
68,26211,26332,226,1820,1978,751
68,26211,26332,227,1821,1979,768
68,26211,26332,228,1823,1979,781
68,26211,26332,229,1824,1980,795
68,26211,26332,230,1826,1979,808
68,26211,26332,231,1828,1979,822
68,26211,26332,232,1829,1980,837
68,26211,26332,233,1832,1980,851
68,26211,26332,234,1833,1980,865
68,26211,26332,235,1834,1979,880
68,26211,26332,236,1836,1979,894
68,26211,26332,237,1838,1979,906
68,26211,26332,238,1840,1979,921
68,26211,26332,239,1842,1979,934
68,26211,26332,240,1843,1980,952
68,26211,26332,241,1845,1980,964
68,26211,26332,242,1847,1980,980
68,26211,26332,243,1848,1981,991
68,26211,26332,244,1851,1980,1006
68,26211,26332,245,1852,1980,1022
68,26211,26332,246,1854,1980,1034
68,26211,26332,247,1856,1980,1049
68,26211,26332,248,1855,1981,1062
68,26211,26332,249,1858,1981,1077
68,26211,26332,250,1861,1980,1093
68,26211,26332,251,1863,1981,1106
68,26211,26332,252,1863,1981,1119
68,26211,26332,253,1866,1981,1133
68,26211,26332,254,1868,1980,1146
68,26211,26332,255,1869,1981,1167
68,26211,26332,256,1871,1980,1178
68,26211,26332,257,1873,1981,1190
68,26211,26332,258,1874,1981,1206
68,26211,26332,259,1878,1981,1218
68,26211,26332,260,1878,1981,1229
68,26211,26332,261,1881,1981,1248
68,26211,26332,262,1883,1981,1264
68,26211,26332,263,1884,1981,1274
68,26211,26332,264,1886,1981,1286
68,26211,26332,265,1888,1981,1304
68,26211,26332,266,1889,1981,1320
68,26211,26332,267,1889,1981,1320
68,26211,26332,268,1888,1980,1305
68,26211,26332,269,1885,1980,1290
68,26211,26332,270,1883,1981,1279
68,26211,26332,271,1882,1981,1263
68,26211,26332,272,1881,1981,1244
68,26211,26332,273,1879,1981,1235
68,26211,26332,274,1877,1981,1222
68,26211,26332,275,1874,1981,1212
68,26211,26332,276,1874,1981,1191
68,26211,26332,277,1873,1981,1185
68,26211,26332,278,1870,1981,1164
68,26211,26332,279,1868,1981,1147
68,26211,26332,280,1866,1981,1135
68,26211,26332,281,1864,1981,1119
68,26211,26332,282,1863,1981,1103
68,26211,26332,283,1861,1980,1096
68,26211,26332,284,1859,1980,1076
68,26211,26332,285,1858,1981,1063
68,26211,26332,286,1856,1981,1052
68,26211,26332,287,1854,1980,1037
68,26211,26332,288,1852,1980,1022
68,26211,26332,289,1850,1980,1007
68,26211,26332,290,1848,1980,990
68,26211,26332,291,1847,1980,979
68,26211,26332,292,1845,1980,965
68,26211,26332,293,1843,1980,951
68,26211,26332,294,1842,1980,936
68,26211,26332,295,1839,1980,923
68,26211,26332,296,1839,1980,910
68,26211,26332,297,1836,1980,893
68,26211,26332,298,1835,1980,880
68,26211,26332,299,1833,1980,865
68,26211,26332,300,1831,1979,852
68,26211,26332,301,1830,1979,835
68,26211,26332,302,1828,1979,824
68,26211,26332,303,1826,1979,807
68,26211,26332,304,1825,1979,798
68,26211,26332,305,1823,1979,778
68,26211,26332,306,1821,1979,766
68,26211,26332,307,1820,1979,750
68,26211,26332,308,1818,1978,738
68,26211,26332,309,1817,1979,722
68,26211,26332,310,1815,1979,711
68,26211,26332,311,1813,1979,692
68,26211,26332,312,1811,1979,679
68,26211,26332,313,1810,1979,665
68,26211,26332,314,1808,1978,651
68,26211,26332,315,1806,1978,640
68,26211,26332,316,1804,1978,624
68,26211,26332,317,1803,1978,608
68,26211,26332,318,1802,1978,594
68,26211,26332,319,1800,1977,581
68,26211,26332,320,1799,1977,565
68,26211,26332,321,1796,1976,550
68,26211,26332,322,1795,1977,537
68,26211,26332,323,1793,1977,526
68,26211,26332,324,1792,1977,508
68,26211,26332,325,1790,1977,494
68,26211,26332,326,1788,1977,475
68,26211,26332,327,1786,1976,466
68,26211,26332,328,1786,1977,451
68,26211,26332,329,1785,1977,436
68,26211,26332,330,1782,1976,424
68,26211,26332,331,1781,1976,409
68,26211,26332,332,1778,1976,397
68,26211,26332,333,1778,1975,384
68,26211,26332,334,1775,1976,371
68,26211,26332,335,1774,1975,356
68,26211,26332,336,1773,1975,341
68,26211,26332,337,1771,1975,328
68,26211,26332,338,1770,1975,310
68,26211,26332,339,1768,1975,297
68,26211,26332,340,1766,1975,284
68,26211,26332,341,1764,1974,268
68,26211,26332,342,1763,1974,254
68,26211,26332,343,1762,1974,243
68,26211,26332,344,1760,1974,226
68,26211,26332,345,1759,1974,215
68,26211,26332,346,1756,1974,199
68,26211,26332,347,1755,1973,183
68,26211,26332,348,1755,1973,172
68,26211,26332,349,1764,1975,255
68,26211,26332,350,1772,1976,354
68,26211,26332,351,1781,1976,437
68,26211,26332,352,1794,1978,554
68,26211,26332,353,1807,1978,674
68,26211,26332,354,1822,1980,795
68,26211,26332,355,1834,1980,924
69,26385,26506,0,2003,2028,1305
69,26385,26506,1,1890,1982,1348
69,26385,26506,2,1903,1982,1423
69,26385,26506,3,1919,1982,1520
69,26385,26506,4,1924,1982,1637
69,26385,26506,5,1939,1983,1731
69,26385,26506,6,1954,1983,1823
69,26385,26506,7,1969,1984,1977
69,26385,26506,8,1986,1984,2073
69,26385,26506,9,2005,1984,2197
69,26385,26506,10,2024,1984,2332
69,26385,26506,11,2040,1984,2463
69,26385,26506,12,2059,1984,2601
69,26385,26506,13,2076,1985,2742
69,26385,26506,14,2095,1986,2864
69,26385,26506,15,2118,1985,2991
69,26385,26506,16,2123,1985,3096
69,26385,26506,17,2141,1986,3209
69,26385,26506,18,2159,1985,3328
69,26385,26506,19,2177,1986,3465
69,26385,26506,20,2185,1985,3485
69,26385,26506,21,2183,1985,3471
69,26385,26506,22,2185,1985,3472
69,26385,26506,23,2183,1986,3478
69,26385,26506,24,2183,1985,3459
69,26385,26506,25,2180,1985,3450
69,26385,26506,26,2179,1986,3435
69,26385,26506,27,2176,1985,3421
69,26385,26506,28,2175,1986,3407
69,26385,26506,29,2173,1985,3394
69,26385,26506,30,2170,1985,3378
69,26385,26506,31,2171,1986,3365
69,26385,26506,32,2166,1985,3346
69,26385,26506,33,2164,1985,3338
69,26385,26506,34,2163,1985,3323
69,26385,26506,35,2162,1985,3306
69,26385,26506,36,2159,1985,3292
69,26385,26506,37,2158,1985,3277
69,26385,26506,38,2155,1985,3267
69,26385,26506,39,2153,1985,3251
69,26385,26506,40,2151,1985,3236
69,26385,26506,41,2149,1985,3222
69,26385,26506,42,2147,1985,3209
69,26385,26506,43,2145,1985,3212
69,26385,26506,44,2143,1985,3178
69,26385,26506,45,2141,1984,3164
69,26385,26506,46,2140,1985,3151
69,26385,26506,47,2137,1985,3135
69,26385,26506,48,2136,1984,3125
69,26385,26506,49,2134,1985,3106
69,26385,26506,50,2132,1985,3091
69,26385,26506,51,2129,1984,3083
69,26385,26506,52,2128,1985,3065
69,26385,26506,53,2126,1984,3049
69,26385,26506,54,2123,1985,3036
69,26385,26506,55,2122,1984,3019
69,26385,26506,56,2120,1985,3008
69,26385,26506,57,2118,1985,2999
69,26385,26506,58,2116,1985,2982
69,26385,26506,59,2113,1985,2970
69,26385,26506,60,2112,1985,2947
69,26385,26506,61,2110,1985,2938
69,26385,26506,62,2107,1985,2925
69,26385,26506,63,2105,1984,2911
69,26385,26506,64,2104,1984,2894
69,26385,26506,65,2102,1984,2883
69,26385,26506,66,2099,1984,2866
69,26385,26506,67,2098,1985,2854
69,26385,26506,68,2096,1984,2838
69,26385,26506,69,2094,1984,2825
69,26385,26506,70,2093,1984,2815
69,26385,26506,71,2090,1985,2794
69,26385,26506,72,2088,1985,2784
69,26385,26506,73,2086,1984,2767
69,26385,26506,74,2084,1983,2752
69,26385,26506,75,2083,1984,2738
69,26385,26506,76,2081,1984,2724
69,26385,26506,77,2078,1984,2709
69,26385,26506,78,2077,1984,2698
69,26385,26506,79,2074,1984,2683
69,26385,26506,80,2072,1984,2670
69,26385,26506,81,2071,1984,2655
69,26385,26506,82,2069,1984,2639
69,26385,26506,83,2066,1984,2627
69,26385,26506,84,2066,1984,2614
69,26385,26506,85,2061,1983,2597
69,26385,26506,86,2061,1984,2582
69,26385,26506,87,2058,1984,2564
69,26385,26506,88,2059,1983,2555
69,26385,26506,89,2057,1984,2551
69,26385,26506,90,2059,1984,2569
69,26385,26506,91,2061,1984,2595
69,26385,26506,92,2064,1984,2597
69,26385,26506,93,2065,1984,2613
69,26385,26506,94,2068,1984,2625
69,26385,26506,95,2069,1985,2637
69,26385,26506,96,2071,1984,2653
69,26385,26506,97,2073,1984,2669
69,26385,26506,98,2076,1984,2683
69,26385,26506,99,2077,1984,2697
69,26385,26506,100,2078,1985,2710
69,26385,26506,101,2081,1985,2727
69,26385,26506,102,2082,1984,2740
69,26385,26506,103,2085,1985,2752
69,26385,26506,104,2086,1984,2765
69,26385,26506,105,2087,1984,2787
69,26385,26506,106,2090,1984,2794
69,26385,26506,107,2093,1984,2816
69,26385,26506,108,2094,1985,2822
69,26385,26506,109,2096,1985,2837
69,26385,26506,110,2099,1985,2855
69,26385,26506,111,2100,1985,2867
69,26385,26506,112,2102,1985,2883
69,26385,26506,113,2103,1984,2894
69,26385,26506,114,2106,1984,2911
69,26385,26506,115,2108,1985,2922
69,26385,26506,116,2111,1985,2934
69,26385,26506,117,2111,1984,2951
69,26385,26506,118,2113,1985,2967
69,26385,26506,119,2115,1984,2983
69,26385,26506,120,2118,1985,2996
69,26385,26506,121,2121,1985,3011
69,26385,26506,122,2122,1985,3023
69,26385,26506,123,2123,1985,3040
69,26385,26506,124,2126,1985,3052
69,26385,26506,125,2128,1985,3065
69,26385,26506,126,2128,1984,3079
69,26385,26506,127,2133,1985,3093
69,26385,26506,128,2133,1985,3105
69,26385,26506,129,2136,1985,3123
69,26385,26506,130,2137,1985,3135
69,26385,26506,131,2140,1986,3149
69,26385,26506,132,2140,1985,3163
69,26385,26506,133,2143,1985,3180
69,26385,26506,134,2144,1985,3196
69,26385,26506,135,2147,1985,3210
69,26385,26506,136,2148,1985,3219
69,26385,26506,137,2151,1985,3235
69,26385,26506,138,2152,1986,3250
69,26385,26506,139,2156,1985,3264
69,26385,26506,140,2157,1985,3276
69,26385,26506,141,2159,1985,3294
69,26385,26506,142,2161,1986,3309
69,26385,26506,143,2163,1985,3321
69,26385,26506,144,2165,1986,3335
69,26385,26506,145,2167,1985,3346
69,26385,26506,146,2169,1986,3366
69,26385,26506,147,2171,1986,3377
69,26385,26506,148,2173,1986,3391
69,26385,26506,149,2174,1985,3411
69,26385,26506,150,2178,1986,3421
69,26385,26506,151,2177,1985,3436
69,26385,26506,152,2181,1986,3452
69,26385,26506,153,2182,1986,3466
69,26385,26506,154,2184,1986,3476
69,26385,26506,155,2184,1986,3472
69,26385,26506,156,2184,1985,3471
69,26385,26506,157,2186,1986,3486
69,26385,26506,158,2188,1986,3498
69,26385,26506,159,2188,1986,3508
69,26385,26506,160,2190,1986,3514
69,26385,26506,161,2192,1986,3519
69,26385,26506,162,2189,1985,3500
69,26385,26506,163,2171,1984,3345
69,26385,26506,164,2157,1984,3235
69,26385,26506,165,2138,1983,3087
69,26385,26506,166,2122,1985,2967
69,26385,26506,167,2101,1983,2835
69,26385,26506,168,2085,1983,2698
69,26385,26506,169,2067,1983,2596
69,26385,26506,170,2051,1983,2462
69,26385,26506,171,2032,1982,2320
69,26385,26506,172,2016,1982,2208
69,26385,26506,173,1998,1982,2081
69,26385,26506,174,1983,1982,1965
69,26385,26506,175,1964,1981,1831
69,26385,26506,176,1945,1982,1681
69,26385,26506,177,1928,1981,1582
69,26385,26506,178,1918,1981,1493
69,26385,26506,179,1902,1981,1375
69,26385,26506,180,1885,1980,1255
69,26385,26506,181,1873,1980,1119
69,26385,26506,182,1852,1980,983
69,26385,26506,183,1839,1979,852
69,26385,26506,184,1821,1978,720
69,26385,26506,185,1807,1977,591
69,26385,26506,186,1789,1976,444
69,26385,26506,187,1773,1975,329
69,26385,26506,188,1763,1975,270
69,26385,26506,189,1760,1973,224
69,26385,26506,190,1762,1974,242
69,26385,26506,191,1763,1975,254
69,26385,26506,192,1764,1975,265
69,26385,26506,193,1767,1975,285
69,26385,26506,194,1767,1975,296
69,26385,26506,195,1769,1975,311
69,26385,26506,196,1771,1976,322
69,26385,26506,197,1772,1976,339
69,26385,26506,198,1774,1975,356
69,26385,26506,199,1776,1976,367
69,26385,26506,200,1777,1976,383
69,26385,26506,201,1779,1976,397
69,26385,26506,202,1781,1976,408
69,26385,26506,203,1782,1976,425
69,26385,26506,204,1784,1976,440
69,26385,26506,205,1786,1977,451
69,26385,26506,206,1787,1977,469
69,26385,26506,207,1788,1977,481
69,26385,26506,208,1790,1978,496
69,26385,26506,209,1792,1978,510
69,26385,26506,210,1793,1978,525
69,26385,26506,211,1795,1978,538
69,26385,26506,212,1797,1977,552
69,26385,26506,213,1798,1977,567
69,26385,26506,214,1800,1978,577
69,26385,26506,215,1801,1978,597
69,26385,26506,216,1803,1978,611
69,26385,26506,217,1805,1978,622
69,26385,26506,218,1806,1978,637
69,26385,26506,219,1807,1979,652
69,26385,26506,220,1810,1978,666
69,26385,26506,221,1811,1978,677
69,26385,26506,222,1814,1979,695
69,26385,26506,223,1815,1979,706
69,26385,26506,224,1816,1979,726
69,26385,26506,225,1819,1979,736
69,26385,26506,226,1819,1979,750
69,26385,26506,227,1822,1979,765
69,26385,26506,228,1823,1979,778
69,26385,26506,229,1824,1980,789
69,26385,26506,230,1826,1979,808
69,26385,26506,231,1828,1979,821
69,26385,26506,232,1829,1980,835
69,26385,26506,233,1832,1979,849
69,26385,26506,234,1832,1979,867
69,26385,26506,235,1835,1980,881
69,26385,26506,236,1837,1980,896
69,26385,26506,237,1838,1980,908
69,26385,26506,238,1841,1980,923
69,26385,26506,239,1842,1980,934
69,26385,26506,240,1843,1980,939
69,26385,26506,241,1845,1980,964
69,26385,26506,242,1846,1980,977
69,26385,26506,243,1849,1981,993
69,26385,26506,244,1850,1981,1006
69,26385,26506,245,1852,1980,1021
69,26385,26506,246,1854,1981,1033
69,26385,26506,247,1855,1980,1067
69,26385,26506,248,1857,1981,1063
69,26385,26506,249,1859,1980,1079
69,26385,26506,250,1861,1981,1091
69,26385,26506,251,1863,1981,1110
69,26385,26506,252,1864,1980,1118
69,26385,26506,253,1866,1981,1135
69,26385,26506,254,1868,1981,1151
69,26385,26506,255,1870,1981,1163
69,26385,26506,256,1870,1981,1176
69,26385,26506,257,1873,1981,1191
69,26385,26506,258,1875,1981,1204
69,26385,26506,259,1878,1980,1220
69,26385,26506,260,1879,1981,1234
69,26385,26506,261,1880,1981,1249
69,26385,26506,262,1882,1981,1261
69,26385,26506,263,1885,1982,1277
69,26385,26506,264,1885,1982,1294
69,26385,26506,265,1887,1981,1305
69,26385,26506,266,1889,1981,1321
69,26385,26506,267,1890,1981,1315
69,26385,26506,268,1888,1981,1312
69,26385,26506,269,1886,1981,1289
69,26385,26506,270,1882,1981,1272
69,26385,26506,271,1882,1981,1260
69,26385,26506,272,1881,1981,1249
69,26385,26506,273,1878,1981,1236
69,26385,26506,274,1877,1980,1221
69,26385,26506,275,1875,1981,1205
69,26385,26506,276,1874,1980,1193
69,26385,26506,277,1871,1981,1177
69,26385,26506,278,1869,1981,1162
69,26385,26506,279,1868,1981,1150
69,26385,26506,280,1866,1981,1137
69,26385,26506,281,1864,1981,1121
69,26385,26506,282,1863,1981,1109
69,26385,26506,283,1861,1980,1084
69,26385,26506,284,1860,1980,1078
69,26385,26506,285,1857,1980,1069
69,26385,26506,286,1856,1981,1050
69,26385,26506,287,1854,1981,1027
69,26385,26506,288,1852,1981,1021
69,26385,26506,289,1850,1981,1005
69,26385,26506,290,1848,1980,993
69,26385,26506,291,1846,1980,983
69,26385,26506,292,1845,1980,962
69,26385,26506,293,1843,1981,948
69,26385,26506,294,1842,1981,938
69,26385,26506,295,1839,1979,923
69,26385,26506,296,1838,1980,912
69,26385,26506,297,1837,1980,893
69,26385,26506,298,1835,1980,879
69,26385,26506,299,1834,1980,893
69,26385,26506,300,1831,1980,853
69,26385,26506,301,1830,1980,836
69,26385,26506,302,1828,1980,822
69,26385,26506,303,1826,1979,808
69,26385,26506,304,1825,1980,793
69,26385,26506,305,1823,1979,780
69,26385,26506,306,1822,1979,765
69,26385,26506,307,1820,1978,749
69,26385,26506,308,1819,1979,738
69,26385,26506,309,1816,1979,725
69,26385,26506,310,1814,1978,710
69,26385,26506,311,1813,1978,700
69,26385,26506,312,1811,1978,681
69,26385,26506,313,1809,1978,659
69,26385,26506,314,1809,1978,651
69,26385,26506,315,1807,1978,636
69,26385,26506,316,1806,1978,622
69,26385,26506,317,1803,1978,613
69,26385,26506,318,1801,1978,596
69,26385,26506,319,1800,1978,580
69,26385,26506,320,1798,1978,568
69,26385,26506,321,1797,1977,555
69,26385,26506,322,1795,1978,537
69,26385,26506,323,1792,1977,523
69,26385,26506,324,1792,1977,510
69,26385,26506,325,1790,1976,497
69,26385,26506,326,1789,1977,479
69,26385,26506,327,1787,1977,470
69,26385,26506,328,1785,1977,454
69,26385,26506,329,1784,1977,437
69,26385,26506,330,1782,1976,424
69,26385,26506,331,1780,1976,413
69,26385,26506,332,1779,1975,397
69,26385,26506,333,1777,1976,381
69,26385,26506,334,1775,1976,367
69,26385,26506,335,1774,1976,354
69,26385,26506,336,1773,1976,338
69,26385,26506,337,1770,1976,323
69,26385,26506,338,1769,1975,317
69,26385,26506,339,1768,1975,299
69,26385,26506,340,1766,1974,286
69,26385,26506,341,1765,1974,269
69,26385,26506,342,1763,1975,253
69,26385,26506,343,1762,1974,237
69,26385,26506,344,1760,1974,226
69,26385,26506,345,1758,1974,213
69,26385,26506,346,1756,1974,198
69,26385,26506,347,1755,1974,185
69,26385,26506,348,1755,1973,177
69,26385,26506,349,1762,1975,253
69,26385,26506,350,1771,1976,345
69,26385,26506,351,1780,1977,458
69,26385,26506,352,1793,1978,554
69,26385,26506,353,1806,1980,673
69,26385,26506,354,1818,1980,795
69,26385,26506,355,1835,1980,916
70,26558,26679,0,1992,2023,1113
70,26558,26679,1,1871,1982,1193
70,26558,26679,2,1882,1982,1270
70,26558,26679,3,1893,1982,1363
70,26558,26679,4,1902,1983,1471
70,26558,26679,5,1921,1982,1586
70,26558,26679,6,1935,1983,1710
70,26558,26679,7,1954,1984,1845
70,26558,26679,8,1971,1983,1986
70,26558,26679,9,1990,1984,2124
70,26558,26679,10,2012,1984,2261
70,26558,26679,11,2030,1984,2396
70,26558,26679,12,2051,1985,2560
70,26558,26679,13,2070,1985,2702
70,26558,26679,14,2088,1985,2833
70,26558,26679,15,2110,1985,2955
70,26558,26679,16,2128,1985,3115
70,26558,26679,17,2148,1986,3263
70,26558,26679,18,2166,1986,3399
70,26558,26679,19,2184,1986,3497
70,26558,26679,20,2185,1986,3487
70,26558,26679,21,2186,1985,3471
70,26558,26679,22,2184,1986,3472
70,26558,26679,23,2184,1986,3474
70,26558,26679,24,2183,1986,3464
70,26558,26679,25,2180,1986,3449
70,26558,26679,26,2179,1986,3434
70,26558,26679,27,2177,1985,3420
70,26558,26679,28,2175,1985,3407
70,26558,26679,29,2173,1985,3395
70,26558,26679,30,2172,1986,3380
70,26558,26679,31,2168,1985,3363
70,26558,26679,32,2167,1985,3349
70,26558,26679,33,2164,1985,3336
70,26558,26679,34,2162,1985,3322
70,26558,26679,35,2161,1985,3308
70,26558,26679,36,2159,1986,3287
70,26558,26679,37,2157,1985,3279
70,26558,26679,38,2154,1985,3271
70,26558,26679,39,2153,1985,3258
70,26558,26679,40,2152,1985,3237
70,26558,26679,41,2149,1985,3222
70,26558,26679,42,2148,1985,3206
70,26558,26679,43,2146,1985,3193
70,26558,26679,44,2142,1985,3178
70,26558,26679,45,2141,1985,3166
70,26558,26679,46,2138,1985,3148
70,26558,26679,47,2136,1985,3138
70,26558,26679,48,2135,1985,3128
70,26558,26679,49,2134,1984,3107
70,26558,26679,50,2131,1985,3089
70,26558,26679,51,2129,1985,3078
70,26558,26679,52,2127,1985,3066
70,26558,26679,53,2125,1985,3049
70,26558,26679,54,2124,1985,3040
70,26558,26679,55,2122,1985,3023
70,26558,26679,56,2120,1984,3004
70,26558,26679,57,2118,1984,2991
70,26558,26679,58,2116,1984,2978
70,26558,26679,59,2113,1985,2965
70,26558,26679,60,2112,1985,2951
70,26558,26679,61,2109,1984,2938
70,26558,26679,62,2108,1984,2923
70,26558,26679,63,2105,1985,2908
70,26558,26679,64,2103,1984,2887
70,26558,26679,65,2102,1984,2881
70,26558,26679,66,2099,1984,2874
70,26558,26679,67,2097,1984,2850
70,26558,26679,68,2096,1984,2839
70,26558,26679,69,2094,1984,2824
70,26558,26679,70,2094,1984,2809
70,26558,26679,71,2091,1985,2799
70,26558,26679,72,2088,1984,2781
70,26558,26679,73,2086,1983,2766
70,26558,26679,74,2084,1984,2758
70,26558,26679,75,2082,1984,2740
70,26558,26679,76,2080,1984,2723
70,26558,26679,77,2079,1984,2711
70,26558,26679,78,2076,1984,2694
70,26558,26679,79,2076,1983,2677
70,26558,26679,80,2072,1984,2666
70,26558,26679,81,2072,1984,2656
70,26558,26679,82,2069,1984,2636
70,26558,26679,83,2067,1984,2626
70,26558,26679,84,2065,1984,2614
70,26558,26679,85,2064,1984,2596
70,26558,26679,86,2061,1984,2585
70,26558,26679,87,2060,1984,2568
70,26558,26679,88,2058,1984,2556
70,26558,26679,89,2057,1983,2553
70,26558,26679,90,2059,1984,2561
70,26558,26679,91,2061,1984,2585
70,26558,26679,92,2064,1984,2596
70,26558,26679,93,2065,1984,2611
70,26558,26679,94,2066,1984,2629
70,26558,26679,95,2069,1984,2639
70,26558,26679,96,2070,1984,2656
70,26558,26679,97,2073,1984,2668
70,26558,26679,98,2074,1983,2680
70,26558,26679,99,2077,1984,2690
70,26558,26679,100,2079,1984,2713
70,26558,26679,101,2080,1985,2724
70,26558,26679,102,2082,1985,2737
70,26558,26679,103,2084,1984,2753
70,26558,26679,104,2086,1985,2764
70,26558,26679,105,2087,1984,2785
70,26558,26679,106,2090,1984,2793
70,26558,26679,107,2092,1984,2810
70,26558,26679,108,2094,1985,2824
70,26558,26679,109,2095,1984,2841
70,26558,26679,110,2098,1984,2852
70,26558,26679,111,2100,1984,2866
70,26558,26679,112,2101,1985,2883
70,26558,26679,113,2104,1984,2897
70,26558,26679,114,2107,1984,2917
70,26558,26679,115,2108,1984,2922
70,26558,26679,116,2110,1985,2937
70,26558,26679,117,2112,1985,2952
70,26558,26679,118,2113,1985,2967
70,26558,26679,119,2116,1985,2981
70,26558,26679,120,2118,1985,2988
70,26558,26679,121,2120,1985,3009
70,26558,26679,122,2122,1985,3019
70,26558,26679,123,2123,1985,3037
70,26558,26679,124,2127,1985,3048
70,26558,26679,125,2127,1985,3065
70,26558,26679,126,2129,1985,3079
70,26558,26679,127,2131,1985,3096
70,26558,26679,128,2134,1985,3105
70,26558,26679,129,2135,1985,3126
70,26558,26679,130,2137,1985,3135
70,26558,26679,131,2139,1985,3149
70,26558,26679,132,2141,1985,3162
70,26558,26679,133,2143,1984,3183
70,26558,26679,134,2145,1985,3194
70,26558,26679,135,2147,1985,3207
70,26558,26679,136,2150,1986,3226
70,26558,26679,137,2151,1985,3236
70,26558,26679,138,2153,1985,3248
70,26558,26679,139,2155,1985,3261
70,26558,26679,140,2157,1985,3279
70,26558,26679,141,2159,1986,3294
70,26558,26679,142,2161,1985,3306
70,26558,26679,143,2163,1986,3313
70,26558,26679,144,2165,1986,3336
70,26558,26679,145,2167,1985,3353
70,26558,26679,146,2170,1985,3367
70,26558,26679,147,2171,1985,3376
70,26558,26679,148,2173,1985,3396
70,26558,26679,149,2175,1986,3404
70,26558,26679,150,2177,1985,3424
70,26558,26679,151,2180,1986,3434
70,26558,26679,152,2180,1986,3448
70,26558,26679,153,2183,1986,3472
70,26558,26679,154,2184,1985,3476
70,26558,26679,155,2184,1985,3472
70,26558,26679,156,2184,1985,3471
70,26558,26679,157,2184,1986,3476
70,26558,26679,158,2186,1986,3496
70,26558,26679,159,2188,1987,3510
70,26558,26679,160,2191,1986,3514
70,26558,26679,161,2190,1986,3522
70,26558,26679,162,2189,1986,3477
70,26558,26679,163,2177,1986,3420
70,26558,26679,164,2164,1984,3305
70,26558,26679,165,2153,1984,3181
70,26558,26679,166,2132,1984,3062
70,26558,26679,167,2117,1984,2939
70,26558,26679,168,2098,1984,2808
70,26558,26679,169,2083,1983,2723
70,26558,26679,170,2070,1984,2614
70,26558,26679,171,2055,1983,2500
70,26558,26679,172,2039,1983,2376
70,26558,26679,173,2020,1982,2245
70,26558,26679,174,2004,1982,2125
70,26558,26679,175,1985,1982,1983
70,26558,26679,176,1967,1981,1841
70,26558,26679,177,1946,1981,1693
70,26558,26679,178,1937,1982,1616
70,26558,26679,179,1913,1981,1467
70,26558,26679,180,1896,1980,1330
70,26558,26679,181,1876,1979,1165
70,26558,26679,182,1860,1979,1028
70,26558,26679,183,1844,1979,892
70,26558,26679,184,1826,1978,749
70,26558,26679,185,1807,1977,613
70,26558,26679,186,1793,1976,476
70,26558,26679,187,1777,1974,311
70,26558,26679,188,1761,1974,213
70,26558,26679,189,1760,1974,226
70,26558,26679,190,1761,1975,240
70,26558,26679,191,1763,1975,253
70,26558,26679,192,1765,1975,268
70,26558,26679,193,1766,1975,286
70,26558,26679,194,1768,1975,297
70,26558,26679,195,1768,1975,311
70,26558,26679,196,1771,1975,325
70,26558,26679,197,1773,1975,339
70,26558,26679,198,1774,1975,356
70,26558,26679,199,1776,1976,367
70,26558,26679,200,1777,1976,377
70,26558,26679,201,1778,1976,396
70,26558,26679,202,1781,1976,407
70,26558,26679,203,1782,1976,423
70,26558,26679,204,1784,1976,438
70,26558,26679,205,1786,1977,450
70,26558,26679,206,1786,1977,468
70,26558,26679,207,1789,1977,481
70,26558,26679,208,1790,1977,496
70,26558,26679,209,1792,1978,508
70,26558,26679,210,1794,1977,523
70,26558,26679,211,1795,1977,538
70,26558,26679,212,1798,1977,553
70,26558,26679,213,1798,1977,565
70,26558,26679,214,1800,1978,581
70,26558,26679,215,1801,1979,593
70,26558,26679,216,1803,1978,609
70,26558,26679,217,1805,1978,622
70,26558,26679,218,1806,1978,636
70,26558,26679,219,1809,1979,650
70,26558,26679,220,1810,1979,666
70,26558,26679,221,1811,1978,676
70,26558,26679,222,1813,1979,696
70,26558,26679,223,1814,1979,705
70,26558,26679,224,1816,1979,723
70,26558,26679,225,1818,1979,736
70,26558,26679,226,1819,1979,749
70,26558,26679,227,1821,1979,767
70,26558,26679,228,1823,1979,780
70,26558,26679,229,1825,1980,794
70,26558,26679,230,1826,1979,806
70,26558,26679,231,1828,1979,822
70,26558,26679,232,1830,1980,839
70,26558,26679,233,1830,1979,852
70,26558,26679,234,1832,1979,864
70,26558,26679,235,1835,1980,877
70,26558,26679,236,1837,1980,890
70,26558,26679,237,1839,1980,906
70,26558,26679,238,1839,1980,921
70,26558,26679,239,1841,1980,934
70,26558,26679,240,1843,1980,950
70,26558,26679,241,1846,1980,963
70,26558,26679,242,1847,1980,977
70,26558,26679,243,1849,1981,991
70,26558,26679,244,1850,1980,995
70,26558,26679,245,1852,1981,1023
70,26558,26679,246,1854,1980,1033
70,26558,26679,247,1855,1980,1046
70,26558,26679,248,1858,1980,1064
70,26558,26679,249,1859,1980,1077
70,26558,26679,250,1861,1980,1091
70,26558,26679,251,1863,1981,1107
70,26558,26679,252,1865,1980,1120
70,26558,26679,253,1866,1981,1133
70,26558,26679,254,1869,1981,1112
70,26558,26679,255,1869,1981,1162
70,26558,26679,256,1871,1980,1177
70,26558,26679,257,1873,1981,1192
70,26558,26679,258,1875,1981,1205
70,26558,26679,259,1876,1981,1218
70,26558,26679,260,1878,1981,1232
70,26558,26679,261,1882,1981,1223
70,26558,26679,262,1882,1981,1259
70,26558,26679,263,1884,1981,1276
70,26558,26679,264,1886,1981,1289
70,26558,26679,265,1887,1981,1306
70,26558,26679,266,1890,1981,1319
70,26558,26679,267,1889,1981,1317
70,26558,26679,268,1888,1981,1305
70,26558,26679,269,1886,1981,1291
70,26558,26679,270,1884,1981,1274
70,26558,26679,271,1882,1981,1259
70,26558,26679,272,1880,1981,1248
70,26558,26679,273,1879,1981,1234
70,26558,26679,274,1877,1981,1221
70,26558,26679,275,1874,1981,1205
70,26558,26679,276,1873,1981,1194
70,26558,26679,277,1872,1981,1176
70,26558,26679,278,1870,1980,1163
70,26558,26679,279,1868,1980,1150
70,26558,26679,280,1866,1980,1138
70,26558,26679,281,1865,1980,1120
70,26558,26679,282,1862,1980,1105
70,26558,26679,283,1861,1980,1089
70,26558,26679,284,1859,1980,1077
70,26558,26679,285,1857,1980,1063
70,26558,26679,286,1857,1980,1050
70,26558,26679,287,1854,1980,1035
70,26558,26679,288,1852,1980,1020
70,26558,26679,289,1850,1980,1006
70,26558,26679,290,1849,1980,991
70,26558,26679,291,1847,1980,980
70,26558,26679,292,1845,1980,964
70,26558,26679,293,1843,1980,951
70,26558,26679,294,1841,1980,934
70,26558,26679,295,1839,1979,922
70,26558,26679,296,1838,1979,909
70,26558,26679,297,1836,1979,893
70,26558,26679,298,1835,1979,876
70,26558,26679,299,1832,1979,863
70,26558,26679,300,1831,1979,850
70,26558,26679,301,1830,1979,838
70,26558,26679,302,1829,1979,820
70,26558,26679,303,1826,1979,807
70,26558,26679,304,1825,1979,793
70,26558,26679,305,1823,1979,778
70,26558,26679,306,1821,1979,766
70,26558,26679,307,1819,1979,747
70,26558,26679,308,1818,1979,737
70,26558,26679,309,1816,1979,720
70,26558,26679,310,1815,1978,709
70,26558,26679,311,1814,1978,692
70,26558,26679,312,1811,1978,680
70,26558,26679,313,1809,1978,666
70,26558,26679,314,1807,1978,653
70,26558,26679,315,1806,1978,640
70,26558,26679,316,1804,1978,626
70,26558,26679,317,1803,1977,608
70,26558,26679,318,1802,1978,597
70,26558,26679,319,1799,1977,580
70,26558,26679,320,1798,1978,567
70,26558,26679,321,1797,1977,551
70,26558,26679,322,1795,1977,536
70,26558,26679,323,1793,1978,519
70,26558,26679,324,1791,1977,512
70,26558,26679,325,1790,1977,496
70,26558,26679,326,1788,1977,480
70,26558,26679,327,1787,1976,469
70,26558,26679,328,1786,1976,454
70,26558,26679,329,1784,1976,440
70,26558,26679,330,1782,1976,427
70,26558,26679,331,1780,1976,410
70,26558,26679,332,1779,1976,396
70,26558,26679,333,1777,1975,382
70,26558,26679,334,1776,1975,367
70,26558,26679,335,1774,1975,362
70,26558,26679,336,1772,1975,339
70,26558,26679,337,1771,1975,324
70,26558,26679,338,1769,1975,310
70,26558,26679,339,1768,1976,297
70,26558,26679,340,1766,1975,282
70,26558,26679,341,1765,1975,264
70,26558,26679,342,1762,1974,252
70,26558,26679,343,1762,1974,240
70,26558,26679,344,1759,1974,228
70,26558,26679,345,1759,1974,210
70,26558,26679,346,1757,1974,198
70,26558,26679,347,1755,1973,185
70,26558,26679,348,1754,1973,169
70,26558,26679,349,1756,1973,181
70,26558,26679,350,1766,1975,291
70,26558,26679,351,1775,1977,386
70,26558,26679,352,1787,1978,501
70,26558,26679,353,1802,1979,633
70,26558,26679,354,1818,1980,769
70,26558,26679,355,1830,1980,911
71,26735,26856,0,2006,2030,1310
71,26735,26856,1,1888,1982,1379
71,26735,26856,2,1903,1982,1425
71,26735,26856,3,1914,1982,1502
71,26735,26856,4,1924,1982,1604
71,26735,26856,5,1945,1983,1763
71,26735,26856,6,1951,1982,1824
71,26735,26856,7,1970,1983,1947
71,26735,26856,8,1982,1984,2077
71,26735,26856,9,2003,1984,2191
71,26735,26856,10,2022,1984,2328
71,26735,26856,11,2037,1985,2473
71,26735,26856,12,2056,1985,2595
71,26735,26856,13,2076,1985,2726
71,26735,26856,14,2092,1985,2865
71,26735,26856,15,2114,1985,2959
71,26735,26856,16,2123,1985,3094
71,26735,26856,17,2143,1985,3208
71,26735,26856,18,2159,1985,3328
71,26735,26856,19,2178,1986,3465
71,26735,26856,20,2185,1985,3478
71,26735,26856,21,2183,1985,3471
71,26735,26856,22,2184,1985,3472
71,26735,26856,23,2184,1986,3473
71,26735,26856,24,2183,1986,3460
71,26735,26856,25,2181,1985,3448
71,26735,26856,26,2179,1985,3435
71,26735,26856,27,2177,1985,3424
71,26735,26856,28,2175,1986,3407
71,26735,26856,29,2172,1985,3394
71,26735,26856,30,2170,1985,3378
71,26735,26856,31,2169,1986,3363
71,26735,26856,32,2166,1985,3349
71,26735,26856,33,2165,1985,3336
71,26735,26856,34,2161,1985,3320
71,26735,26856,35,2161,1986,3306
71,26735,26856,36,2158,1985,3289
71,26735,26856,37,2156,1985,3247
71,26735,26856,38,2154,1985,3266
71,26735,26856,39,2153,1985,3250
71,26735,26856,40,2152,1985,3238
71,26735,26856,41,2149,1985,3221
71,26735,26856,42,2147,1985,3206
71,26735,26856,43,2145,1985,3192
71,26735,26856,44,2144,1985,3180
71,26735,26856,45,2140,1985,3159
71,26735,26856,46,2140,1985,3152
71,26735,26856,47,2137,1985,3138
71,26735,26856,48,2136,1985,3121
71,26735,26856,49,2132,1985,3108
71,26735,26856,50,2132,1985,3096
71,26735,26856,51,2128,1985,3081
71,26735,26856,52,2127,1985,3068
71,26735,26856,53,2125,1984,3052
71,26735,26856,54,2123,1985,3035
71,26735,26856,55,2120,1984,3023
71,26735,26856,56,2119,1985,3008
71,26735,26856,57,2117,1984,2994
71,26735,26856,58,2116,1985,2980
71,26735,26856,59,2114,1984,2965
71,26735,26856,60,2112,1985,2948
71,26735,26856,61,2109,1985,2935
71,26735,26856,62,2108,1985,2921
71,26735,26856,63,2106,1984,2911
71,26735,26856,64,2103,1984,2893
71,26735,26856,65,2102,1985,2883
71,26735,26856,66,2099,1984,2865
71,26735,26856,67,2098,1985,2853
71,26735,26856,68,2094,1984,2836
71,26735,26856,69,2094,1983,2822
71,26735,26856,70,2092,1984,2807
71,26735,26856,71,2090,1984,2796
71,26735,26856,72,2088,1984,2786
71,26735,26856,73,2087,1985,2767
71,26735,26856,74,2084,1984,2753
71,26735,26856,75,2082,1984,2738
71,26735,26856,76,2079,1984,2720
71,26735,26856,77,2078,1984,2709
71,26735,26856,78,2077,1984,2691
71,26735,26856,79,2074,1984,2683
71,26735,26856,80,2072,1983,2668
71,26735,26856,81,2070,1984,2653
71,26735,26856,82,2069,1985,2638
71,26735,26856,83,2067,1984,2627
71,26735,26856,84,2065,1984,2614
71,26735,26856,85,2063,1984,2596
71,26735,26856,86,2061,1984,2583
71,26735,26856,87,2058,1984,2567
71,26735,26856,88,2056,1984,2556
71,26735,26856,89,2057,1984,2554
71,26735,26856,90,2059,1984,2567
71,26735,26856,91,2060,1984,2582
71,26735,26856,92,2063,1984,2596
71,26735,26856,93,2065,1984,2612
71,26735,26856,94,2067,1984,2628
71,26735,26856,95,2068,1984,2639
71,26735,26856,96,2068,1984,2653
71,26735,26856,97,2072,1984,2670
71,26735,26856,98,2075,1984,2681
71,26735,26856,99,2076,1984,2696
71,26735,26856,100,2079,1984,2705
71,26735,26856,101,2081,1984,2723
71,26735,26856,102,2082,1984,2740
71,26735,26856,103,2084,1984,2754
71,26735,26856,104,2085,1984,2772
71,26735,26856,105,2088,1985,2780
71,26735,26856,106,2090,1984,2791
71,26735,26856,107,2092,1985,2811
71,26735,26856,108,2095,1985,2826
71,26735,26856,109,2097,1985,2840
71,26735,26856,110,2098,1985,2847
71,26735,26856,111,2101,1985,2866
71,26735,26856,112,2102,1984,2880
71,26735,26856,113,2103,1985,2904
71,26735,26856,114,2106,1984,2910
71,26735,26856,115,2107,1985,2922
71,26735,26856,116,2109,1984,2937
71,26735,26856,117,2111,1984,2948
71,26735,26856,118,2114,1984,2964
71,26735,26856,119,2115,1985,2981
71,26735,26856,120,2117,1985,2997
71,26735,26856,121,2120,1985,3007
71,26735,26856,122,2121,1985,3023
71,26735,26856,123,2123,1985,3033
71,26735,26856,124,2126,1985,3050
71,26735,26856,125,2127,1985,3065
71,26735,26856,126,2130,1985,3070
71,26735,26856,127,2131,1986,3096
71,26735,26856,128,2133,1985,3114
71,26735,26856,129,2134,1985,3121
71,26735,26856,130,2138,1985,3132
71,26735,26856,131,2138,1985,3152
71,26735,26856,132,2141,1985,3166
71,26735,26856,133,2144,1985,3181
71,26735,26856,134,2145,1985,3191
71,26735,26856,135,2148,1985,3210
71,26735,26856,136,2149,1985,3220
71,26735,26856,137,2152,1986,3232
71,26735,26856,138,2154,1986,3250
71,26735,26856,139,2154,1985,3264
71,26735,26856,140,2156,1985,3275
71,26735,26856,141,2158,1985,3291
71,26735,26856,142,2161,1986,3309
71,26735,26856,143,2163,1986,3325
71,26735,26856,144,2165,1985,3333
71,26735,26856,145,2167,1985,3352
71,26735,26856,146,2168,1985,3366
71,26735,26856,147,2169,1986,3375
71,26735,26856,148,2171,1985,3392
71,26735,26856,149,2175,1986,3407
71,26735,26856,150,2177,1985,3424
71,26735,26856,151,2179,1986,3432
71,26735,26856,152,2180,1985,3449
71,26735,26856,153,2182,1986,3462
71,26735,26856,154,2184,1986,3477
71,26735,26856,155,2184,1986,3472
71,26735,26856,156,2184,1985,3471
71,26735,26856,157,2186,1986,3484
71,26735,26856,158,2186,1986,3496
71,26735,26856,159,2189,1986,3508
71,26735,26856,160,2191,1986,3515
71,26735,26856,161,2191,1986,3520
71,26735,26856,162,2181,1986,3459
71,26735,26856,163,2168,1984,3334
71,26735,26856,164,2153,1985,3208
71,26735,26856,165,2139,1984,3086
71,26735,26856,166,2118,1984,2966
71,26735,26856,167,2105,1984,2849
71,26735,26856,168,2085,1983,2704
71,26735,26856,169,2070,1983,2582
71,26735,26856,170,2050,1982,2467
71,26735,26856,171,2033,1981,2339
71,26735,26856,172,2015,1982,2211
71,26735,26856,173,1998,1982,2088
71,26735,26856,174,1982,1982,1966
71,26735,26856,175,1964,1982,1840
71,26735,26856,176,1946,1981,1729
71,26735,26856,177,1928,1981,1579
71,26735,26856,178,1920,1981,1505
71,26735,26856,179,1898,1981,1372
71,26735,26856,180,1887,1980,1241
71,26735,26856,181,1869,1980,1118
71,26735,26856,182,1857,1978,982
71,26735,26856,183,1837,1979,855
71,26735,26856,184,1823,1978,721
71,26735,26856,185,1807,1977,590
71,26735,26856,186,1791,1977,483
71,26735,26856,187,1779,1975,358
71,26735,26856,188,1766,1975,263
71,26735,26856,189,1759,1974,225
71,26735,26856,190,1762,1975,245
71,26735,26856,191,1763,1975,253
71,26735,26856,192,1764,1975,267
71,26735,26856,193,1766,1975,281
71,26735,26856,194,1767,1975,297
71,26735,26856,195,1769,1975,310
71,26735,26856,196,1771,1976,329
71,26735,26856,197,1772,1975,335
71,26735,26856,198,1774,1976,348
71,26735,26856,199,1776,1976,367
71,26735,26856,200,1778,1976,381
71,26735,26856,201,1779,1976,395
71,26735,26856,202,1781,1976,409
71,26735,26856,203,1782,1976,423
71,26735,26856,204,1783,1977,442
71,26735,26856,205,1785,1977,455
71,26735,26856,206,1787,1977,468
71,26735,26856,207,1787,1977,483
71,26735,26856,208,1790,1977,495
71,26735,26856,209,1792,1977,512
71,26735,26856,210,1793,1977,520
71,26735,26856,211,1794,1977,542
71,26735,26856,212,1796,1977,551
71,26735,26856,213,1798,1977,569
71,26735,26856,214,1800,1977,580
71,26735,26856,215,1801,1978,594
71,26735,26856,216,1804,1978,609
71,26735,26856,217,1805,1979,624
71,26735,26856,218,1806,1978,637
71,26735,26856,219,1807,1978,651
71,26735,26856,220,1810,1978,667
71,26735,26856,221,1811,1979,678
71,26735,26856,222,1813,1978,693
71,26735,26856,223,1815,1978,708
71,26735,26856,224,1816,1979,726
71,26735,26856,225,1818,1979,741
71,26735,26856,226,1819,1979,750
71,26735,26856,227,1821,1979,762
71,26735,26856,228,1822,1979,779
71,26735,26856,229,1824,1979,792
71,26735,26856,230,1826,1979,807
71,26735,26856,231,1828,1979,825
71,26735,26856,232,1830,1979,837
71,26735,26856,233,1831,1980,851
71,26735,26856,234,1832,1980,864
71,26735,26856,235,1835,1980,881
71,26735,26856,236,1836,1980,890
71,26735,26856,237,1838,1980,905
71,26735,26856,238,1840,1980,921
71,26735,26856,239,1842,1980,936
71,26735,26856,240,1845,1980,947
71,26735,26856,241,1845,1980,977
71,26735,26856,242,1846,1980,978
71,26735,26856,243,1848,1980,993
71,26735,26856,244,1851,1980,1004
71,26735,26856,245,1853,1980,1019
71,26735,26856,246,1854,1980,1034
71,26735,26856,247,1855,1981,1048
71,26735,26856,248,1857,1981,1062
71,26735,26856,249,1859,1980,1078
71,26735,26856,250,1860,1981,1091
71,26735,26856,251,1862,1981,1108
71,26735,26856,252,1864,1981,1119
71,26735,26856,253,1865,1981,1136
71,26735,26856,254,1868,1980,1157
71,26735,26856,255,1870,1981,1161
71,26735,26856,256,1872,1981,1178
71,26735,26856,257,1873,1981,1191
71,26735,26856,258,1875,1981,1199
71,26735,26856,259,1877,1982,1220
71,26735,26856,260,1878,1981,1235
71,26735,26856,261,1881,1981,1247
71,26735,26856,262,1880,1981,1260
71,26735,26856,263,1885,1981,1281
71,26735,26856,264,1885,1981,1288
71,26735,26856,265,1888,1981,1305
71,26735,26856,266,1889,1981,1322
71,26735,26856,267,1890,1981,1318
71,26735,26856,268,1888,1981,1303
71,26735,26856,269,1886,1981,1291
71,26735,26856,270,1884,1981,1278
71,26735,26856,271,1882,1981,1261
71,26735,26856,272,1881,1980,1249
71,26735,26856,273,1879,1980,1235
71,26735,26856,274,1877,1981,1217
71,26735,26856,275,1875,1980,1206
71,26735,26856,276,1874,1981,1188
71,26735,26856,277,1871,1981,1177
71,26735,26856,278,1870,1981,1166
71,26735,26856,279,1868,1981,1150
71,26735,26856,280,1865,1981,1135
71,26735,26856,281,1865,1981,1123
71,26735,26856,282,1863,1981,1109
71,26735,26856,283,1860,1980,1091
71,26735,26856,284,1859,1980,1076
71,26735,26856,285,1857,1981,1062
71,26735,26856,286,1856,1980,1051
71,26735,26856,287,1856,1980,1035
71,26735,26856,288,1852,1980,1018
71,26735,26856,289,1850,1980,1007
71,26735,26856,290,1848,1980,991
71,26735,26856,291,1847,1981,983
71,26735,26856,292,1845,1980,961
71,26735,26856,293,1844,1979,948
71,26735,26856,294,1841,1980,935
71,26735,26856,295,1840,1980,920
71,26735,26856,296,1838,1980,908
71,26735,26856,297,1837,1980,887
71,26735,26856,298,1834,1979,877
71,26735,26856,299,1833,1979,865
71,26735,26856,300,1831,1980,851
71,26735,26856,301,1829,1980,837
71,26735,26856,302,1828,1979,820
71,26735,26856,303,1826,1979,806
71,26735,26856,304,1824,1979,793
71,26735,26856,305,1823,1979,779
71,26735,26856,306,1821,1980,768
71,26735,26856,307,1820,1979,752
71,26735,26856,308,1818,1979,737
71,26735,26856,309,1816,1979,724
71,26735,26856,310,1814,1979,709
71,26735,26856,311,1812,1979,695
71,26735,26856,312,1812,1979,677
71,26735,26856,313,1809,1978,669
71,26735,26856,314,1808,1978,653
71,26735,26856,315,1806,1978,643
71,26735,26856,316,1804,1978,622
71,26735,26856,317,1804,1977,604
71,26735,26856,318,1801,1978,594
71,26735,26856,319,1800,1978,578
71,26735,26856,320,1798,1978,562
71,26735,26856,321,1795,1978,546
71,26735,26856,322,1795,1977,536
71,26735,26856,323,1793,1977,524
71,26735,26856,324,1792,1977,507
71,26735,26856,325,1790,1977,494
71,26735,26856,326,1789,1977,480
71,26735,26856,327,1788,1977,468
71,26735,26856,328,1784,1976,454
71,26735,26856,329,1784,1977,438
71,26735,26856,330,1781,1976,428
71,26735,26856,331,1780,1976,410
71,26735,26856,332,1778,1976,395
71,26735,26856,333,1778,1976,384
71,26735,26856,334,1776,1976,370
71,26735,26856,335,1773,1976,352
71,26735,26856,336,1772,1976,340
71,26735,26856,337,1775,1976,324
71,26735,26856,338,1769,1975,309
71,26735,26856,339,1768,1975,297
71,26735,26856,340,1767,1974,283
71,26735,26856,341,1765,1974,268
71,26735,26856,342,1765,1973,243
71,26735,26856,343,1761,1974,239
71,26735,26856,344,1760,1975,227
71,26735,26856,345,1757,1974,212
71,26735,26856,346,1756,1973,194
71,26735,26856,347,1755,1973,184
71,26735,26856,348,1754,1973,180
71,26735,26856,349,1764,1975,271
71,26735,26856,350,1773,1976,351
71,26735,26856,351,1791,1977,475
71,26735,26856,352,1795,1978,563
71,26735,26856,353,1810,1978,715
71,26735,26856,354,1821,1981,810
71,26735,26856,355,1836,1980,911
72,26910,27030,0,1995,2024,1133
72,26910,27030,1,1870,1983,1202
72,26910,27030,2,1883,1982,1274
72,26910,27030,3,1891,1983,1401
72,26910,27030,4,1910,1983,1508
72,26910,27030,5,1925,1983,1642
72,26910,27030,6,1945,1983,1757
72,26910,27030,7,1959,1983,1899
72,26910,27030,8,1976,1983,2024
72,26910,27030,9,1996,1984,2163
72,26910,27030,10,2014,1985,2268
72,26910,27030,11,2033,1985,2420
72,26910,27030,12,2053,1986,2570
72,26910,27030,13,2071,1985,2700
72,26910,27030,14,2089,1985,2841
72,26910,27030,15,2116,1985,2999
72,26910,27030,16,2129,1986,3139
72,26910,27030,17,2150,1986,3300
72,26910,27030,18,2175,1987,3454
72,26910,27030,19,2187,1986,3493
72,26910,27030,20,2187,1985,3484
72,26910,27030,21,2184,1985,3472
72,26910,27030,22,2184,1985,3473
72,26910,27030,23,2184,1986,3478
72,26910,27030,24,2183,1986,3456
72,26910,27030,25,2180,1986,3450
72,26910,27030,26,2178,1985,3437
72,26910,27030,27,2177,1985,3421
72,26910,27030,28,2175,1985,3402
72,26910,27030,29,2172,1985,3393
72,26910,27030,30,2170,1985,3381
72,26910,27030,31,2168,1986,3366
72,26910,27030,32,2166,1985,3350
72,26910,27030,33,2165,1985,3337
72,26910,27030,34,2162,1985,3319
72,26910,27030,35,2161,1985,3306
72,26910,27030,36,2158,1985,3293
72,26910,27030,37,2157,1986,3278
72,26910,27030,38,2154,1985,3265
72,26910,27030,39,2154,1985,3251
72,26910,27030,40,2152,1985,3236
72,26910,27030,41,2149,1985,3221
72,26910,27030,42,2147,1984,3208
72,26910,27030,43,2145,1984,3198
72,26910,27030,44,2143,1985,3179
72,26910,27030,45,2142,1984,3162
72,26910,27030,46,2139,1985,3151
72,26910,27030,47,2137,1985,3134
72,26910,27030,48,2135,1985,3121
72,26910,27030,49,2134,1985,3108
72,26910,27030,50,2132,1985,3099
72,26910,27030,51,2128,1985,3084
72,26910,27030,52,2128,1984,3065
72,26910,27030,53,2125,1985,3050
72,26910,27030,54,2124,1985,3042
72,26910,27030,55,2121,1984,3022
72,26910,27030,56,2120,1985,3006
72,26910,27030,57,2117,1984,2995
72,26910,27030,58,2116,1985,2982
72,26910,27030,59,2114,1984,2967
72,26910,27030,60,2112,1985,2950
72,26910,27030,61,2110,1984,2938
72,26910,27030,62,2107,1984,2922
72,26910,27030,63,2106,1984,2910
72,26910,27030,64,2104,1984,2894
72,26910,27030,65,2103,1985,2882
72,26910,27030,66,2100,1984,2865
72,26910,27030,67,2098,1985,2854
72,26910,27030,68,2097,1985,2841
72,26910,27030,69,2093,1985,2821
72,26910,27030,70,2092,1984,2811
72,26910,27030,71,2091,1984,2795
72,26910,27030,72,2088,1984,2776
72,26910,27030,73,2087,1984,2770
72,26910,27030,74,2085,1984,2752
72,26910,27030,75,2083,1984,2738
72,26910,27030,76,2080,1983,2725
72,26910,27030,77,2078,1984,2709
72,26910,27030,78,2076,1983,2694
72,26910,27030,79,2075,1984,2682
72,26910,27030,80,2073,1984,2668
72,26910,27030,81,2071,1984,2659
72,26910,27030,82,2069,1983,2637
72,26910,27030,83,2067,1984,2623
72,26910,27030,84,2064,1984,2614
72,26910,27030,85,2062,1983,2598
72,26910,27030,86,2061,1983,2582
72,26910,27030,87,2059,1983,2569
72,26910,27030,88,2057,1984,2551
72,26910,27030,89,2056,1984,2557
72,26910,27030,90,2059,1984,2565
72,26910,27030,91,2060,1983,2584
72,26910,27030,92,2063,1983,2594
72,26910,27030,93,2064,1984,2610
72,26910,27030,94,2068,1984,2638
72,26910,27030,95,2068,1984,2639
72,26910,27030,96,2071,1984,2658
72,26910,27030,97,2072,1984,2672
72,26910,27030,98,2074,1984,2675
72,26910,27030,99,2076,1984,2697
72,26910,27030,100,2079,1984,2712
72,26910,27030,101,2080,1984,2727
72,26910,27030,102,2083,1984,2737
72,26910,27030,103,2086,1984,2754
72,26910,27030,104,2086,1984,2766
72,26910,27030,105,2089,1985,2780
72,26910,27030,106,2090,1985,2797
72,26910,27030,107,2093,1985,2809
72,26910,27030,108,2093,1984,2825
72,26910,27030,109,2097,1985,2833
72,26910,27030,110,2097,1984,2851
72,26910,27030,111,2100,1985,2870
72,26910,27030,112,2102,1985,2879
72,26910,27030,113,2103,1984,2894
72,26910,27030,114,2105,1984,2907
72,26910,27030,115,2108,1984,2925
72,26910,27030,116,2110,1985,2938
72,26910,27030,117,2112,1985,2954
72,26910,27030,118,2113,1985,2972
72,26910,27030,119,2116,1985,2980
72,26910,27030,120,2117,1985,2996
72,26910,27030,121,2119,1985,3007
72,26910,27030,122,2121,1985,3022
72,26910,27030,123,2124,1985,3040
72,26910,27030,124,2125,1985,3052
72,26910,27030,125,2128,1985,3066
72,26910,27030,126,2129,1985,3080
72,26910,27030,127,2130,1985,3095
72,26910,27030,128,2134,1985,3108
72,26910,27030,129,2136,1986,3121
72,26910,27030,130,2138,1985,3138
72,26910,27030,131,2140,1985,3152
72,26910,27030,132,2141,1985,3160
72,26910,27030,133,2144,1985,3178
72,26910,27030,134,2145,1985,3188
72,26910,27030,135,2147,1985,3209
72,26910,27030,136,2149,1986,3223
72,26910,27030,137,2151,1985,3234
72,26910,27030,138,2153,1985,3252
72,26910,27030,139,2155,1986,3266
72,26910,27030,140,2156,1985,3275
72,26910,27030,141,2159,1985,3295
72,26910,27030,142,2159,1985,3307
72,26910,27030,143,2163,1986,3322
72,26910,27030,144,2164,1985,3336
72,26910,27030,145,2166,1986,3349
72,26910,27030,146,2168,1985,3364
72,26910,27030,147,2171,1985,3379
72,26910,27030,148,2173,1985,3395
72,26910,27030,149,2175,1985,3407
72,26910,27030,150,2177,1986,3423
72,26910,27030,151,2179,1986,3434
72,26910,27030,152,2181,1986,3446
72,26910,27030,153,2183,1985,3460
72,26910,27030,154,2184,1985,3477
72,26910,27030,155,2184,1985,3472
72,26910,27030,156,2184,1986,3471
72,26910,27030,157,2186,1985,3486
72,26910,27030,158,2188,1987,3501
72,26910,27030,159,2188,1985,3509
72,26910,27030,160,2191,1987,3516
72,26910,27030,161,2191,1986,3516
72,26910,27030,162,2189,1985,3473
72,26910,27030,163,2176,1984,3377
72,26910,27030,164,2160,1985,3284
72,26910,27030,165,2156,1984,3225
72,26910,27030,166,2142,1985,3114
72,26910,27030,167,2125,1984,3021
72,26910,27030,168,2112,1983,2908
72,26910,27030,169,2096,1984,2783
72,26910,27030,170,2081,1983,2667
72,26910,27030,171,2057,1983,2520
72,26910,27030,172,2041,1982,2379
72,26910,27030,173,2017,1982,2243
72,26910,27030,174,2001,1981,2085
72,26910,27030,175,1979,1982,1944
72,26910,27030,176,1959,1981,1790
72,26910,27030,177,1938,1981,1648
72,26910,27030,178,1925,1981,1548
72,26910,27030,179,1907,1980,1419
72,26910,27030,180,1892,1980,1286
72,26910,27030,181,1875,1980,1153
72,26910,27030,182,1857,1979,1019
72,26910,27030,183,1842,1979,883
72,26910,27030,184,1826,1979,741
72,26910,27030,185,1807,1978,605
72,26910,27030,186,1794,1976,468
72,26910,27030,187,1775,1974,319
72,26910,27030,188,1761,1973,210
72,26910,27030,189,1760,1974,224
72,26910,27030,190,1761,1975,240
72,26910,27030,191,1762,1974,247
72,26910,27030,192,1764,1975,270
72,26910,27030,193,1767,1975,283
72,26910,27030,194,1768,1975,298
72,26910,27030,195,1769,1975,306
72,26910,27030,196,1771,1976,324
72,26910,27030,197,1773,1976,339
72,26910,27030,198,1774,1976,352
72,26910,27030,199,1776,1976,368
72,26910,27030,200,1777,1976,382
72,26910,27030,201,1779,1976,408
72,26910,27030,202,1780,1976,408
72,26910,27030,203,1785,1977,426
72,26910,27030,204,1784,1976,431
72,26910,27030,205,1786,1977,452
72,26910,27030,206,1786,1976,462
72,26910,27030,207,1789,1977,479
72,26910,27030,208,1790,1977,495
72,26910,27030,209,1792,1978,508
72,26910,27030,210,1794,1977,523
72,26910,27030,211,1796,1978,538
72,26910,27030,212,1796,1977,540
72,26910,27030,213,1799,1978,568
72,26910,27030,214,1801,1978,579
72,26910,27030,215,1801,1978,592
72,26910,27030,216,1803,1978,605
72,26910,27030,217,1805,1979,623
72,26910,27030,218,1806,1979,637
72,26910,27030,219,1808,1978,645
72,26910,27030,220,1810,1978,663
72,26910,27030,221,1811,1978,679
72,26910,27030,222,1813,1979,695
72,26910,27030,223,1814,1978,707
72,26910,27030,224,1817,1978,724
72,26910,27030,225,1818,1979,738
72,26910,27030,226,1820,1979,752
72,26910,27030,227,1821,1979,766
72,26910,27030,228,1824,1979,778
72,26910,27030,229,1826,1979,793
72,26910,27030,230,1826,1980,805
72,26910,27030,231,1828,1980,821
72,26910,27030,232,1829,1980,834
72,26910,27030,233,1832,1980,852
72,26910,27030,234,1833,1980,863
72,26910,27030,235,1834,1980,878
72,26910,27030,236,1836,1979,891
72,26910,27030,237,1838,1980,905
72,26910,27030,238,1840,1980,922
72,26910,27030,239,1842,1979,936
72,26910,27030,240,1844,1980,947
72,26910,27030,241,1844,1980,965
72,26910,27030,242,1846,1981,976
72,26910,27030,243,1848,1980,995
72,26910,27030,244,1850,1981,1008
72,26910,27030,245,1852,1981,1020
72,26910,27030,246,1854,1980,1031
72,26910,27030,247,1855,1980,1049
72,26910,27030,248,1857,1981,1059
72,26910,27030,249,1859,1981,1078
72,26910,27030,250,1861,1981,1093
72,26910,27030,251,1863,1981,1103
72,26910,27030,252,1864,1980,1120
72,26910,27030,253,1867,1981,1132
72,26910,27030,254,1868,1980,1149
72,26910,27030,255,1870,1981,1164
72,26910,27030,256,1873,1981,1183
72,26910,27030,257,1873,1981,1190
72,26910,27030,258,1875,1982,1207
72,26910,27030,259,1876,1981,1221
72,26910,27030,260,1879,1981,1229
72,26910,27030,261,1881,1980,1248
72,26910,27030,262,1882,1981,1256
72,26910,27030,263,1885,1981,1276
72,26910,27030,264,1886,1982,1289
72,26910,27030,265,1887,1981,1304
72,26910,27030,266,1889,1981,1318
72,26910,27030,267,1888,1981,1320
72,26910,27030,268,1887,1981,1301
72,26910,27030,269,1886,1981,1281
72,26910,27030,270,1884,1981,1275
72,26910,27030,271,1882,1980,1261
72,26910,27030,272,1881,1980,1247
72,26910,27030,273,1878,1981,1234
72,26910,27030,274,1878,1981,1218
72,26910,27030,275,1875,1981,1208
72,26910,27030,276,1873,1980,1189
72,26910,27030,277,1871,1980,1177
72,26910,27030,278,1870,1980,1160
72,26910,27030,279,1867,1981,1147
72,26910,27030,280,1866,1980,1138
72,26910,27030,281,1865,1980,1119
72,26910,27030,282,1862,1981,1105
72,26910,27030,283,1861,1980,1091
72,26910,27030,284,1859,1980,1079
72,26910,27030,285,1857,1981,1061
72,26910,27030,286,1854,1980,1050
72,26910,27030,287,1853,1980,1036
72,26910,27030,288,1852,1979,1023
72,26910,27030,289,1849,1980,1005
72,26910,27030,290,1846,1980,995
72,26910,27030,291,1847,1979,977
72,26910,27030,292,1845,1980,964
72,26910,27030,293,1843,1980,950
72,26910,27030,294,1841,1980,934
72,26910,27030,295,1840,1980,922
72,26910,27030,296,1838,1979,909
72,26910,27030,297,1835,1980,891
72,26910,27030,298,1834,1980,879
72,26910,27030,299,1832,1980,864
72,26910,27030,300,1831,1979,846
72,26910,27030,301,1829,1979,834
72,26910,27030,302,1828,1979,823
72,26910,27030,303,1826,1978,807
72,26910,27030,304,1825,1979,789
72,26910,27030,305,1823,1979,782
72,26910,27030,306,1821,1979,768
72,26910,27030,307,1819,1978,753
72,26910,27030,308,1818,1979,742
72,26910,27030,309,1816,1979,723
72,26910,27030,310,1815,1979,707
72,26910,27030,311,1813,1978,693
72,26910,27030,312,1812,1979,680
72,26910,27030,313,1809,1978,666
72,26910,27030,314,1808,1979,651
72,26910,27030,315,1806,1978,637
72,26910,27030,316,1804,1978,623
72,26910,27030,317,1804,1978,609
72,26910,27030,318,1800,1977,594
72,26910,27030,319,1800,1977,582
72,26910,27030,320,1798,1977,603
72,26910,27030,321,1796,1977,551
72,26910,27030,322,1795,1977,538
72,26910,27030,323,1793,1977,525
72,26910,27030,324,1792,1977,512
72,26910,27030,325,1791,1977,494
72,26910,27030,326,1788,1976,479
72,26910,27030,327,1787,1977,468
72,26910,27030,328,1785,1976,452
72,26910,27030,329,1784,1977,438
72,26910,27030,330,1782,1976,425
72,26910,27030,331,1781,1976,410
72,26910,27030,332,1779,1976,395
72,26910,27030,333,1777,1975,380
72,26910,27030,334,1777,1976,368
72,26910,27030,335,1774,1975,355
72,26910,27030,336,1774,1975,340
72,26910,27030,337,1771,1974,326
72,26910,27030,338,1770,1975,310
72,26910,27030,339,1768,1975,299
72,26910,27030,340,1768,1975,284
72,26910,27030,341,1764,1974,270
72,26910,27030,342,1763,1974,254
72,26910,27030,343,1761,1973,240
72,26910,27030,344,1760,1974,211
72,26910,27030,345,1758,1973,212
72,26910,27030,346,1756,1974,198
72,26910,27030,347,1754,1974,182
72,26910,27030,348,1753,1972,168
72,26910,27030,349,1762,1974,247
72,26910,27030,350,1772,1975,337
72,26910,27030,351,1781,1977,447
72,26910,27030,352,1796,1978,553
72,26910,27030,353,1807,1979,667
72,26910,27030,354,1821,1979,789
72,26910,27030,355,1834,1980,918
73,27083,27204,0,2000,2027,1324
73,27083,27204,1,1895,1983,1386
73,27083,27204,2,1907,1983,1481
73,27083,27204,3,1922,1983,1587
73,27083,27204,4,1930,1982,1670
73,27083,27204,5,1950,1983,1758
73,27083,27204,6,1962,1983,1888
73,27083,27204,7,1969,1983,1976
73,27083,27204,8,1990,1983,2097
73,27083,27204,9,2007,1984,2206
73,27083,27204,10,2021,1984,2344
73,27083,27204,11,2044,1984,2465
73,27083,27204,12,2055,1985,2591
73,27083,27204,13,2080,1984,2718
73,27083,27204,14,2093,1985,2864
73,27083,27204,15,2112,1985,2983
73,27083,27204,16,2130,1986,3134
73,27083,27204,17,2150,1986,3278
73,27083,27204,18,2170,1986,3408
73,27083,27204,19,2184,1986,3497
73,27083,27204,20,2186,1985,3482
73,27083,27204,21,2183,1985,3470
73,27083,27204,22,2184,1984,3473
73,27083,27204,23,2184,1985,3476
73,27083,27204,24,2182,1985,3469
73,27083,27204,25,2180,1985,3450
73,27083,27204,26,2178,1985,3436
73,27083,27204,27,2176,1985,3421
73,27083,27204,28,2175,1985,3407
73,27083,27204,29,2173,1985,3395
73,27083,27204,30,2171,1985,3378
73,27083,27204,31,2169,1986,3365
73,27083,27204,32,2166,1985,3351
73,27083,27204,33,2164,1986,3328
73,27083,27204,34,2164,1985,3325
73,27083,27204,35,2161,1985,3307
73,27083,27204,36,2159,1985,3297
73,27083,27204,37,2156,1985,3277
73,27083,27204,38,2153,1985,3264
73,27083,27204,39,2153,1985,3250
73,27083,27204,40,2150,1985,3239
73,27083,27204,41,2150,1985,3221
73,27083,27204,42,2147,1985,3206
73,27083,27204,43,2144,1984,3196
73,27083,27204,44,2143,1984,3181
73,27083,27204,45,2141,1985,3169
73,27083,27204,46,2139,1985,3149
73,27083,27204,47,2137,1985,3141
73,27083,27204,48,2135,1985,3123
73,27083,27204,49,2133,1985,3110
73,27083,27204,50,2131,1985,3094
73,27083,27204,51,2130,1985,3080
73,27083,27204,52,2127,1984,3069
73,27083,27204,53,2125,1984,3052
73,27083,27204,54,2123,1985,3036
73,27083,27204,55,2121,1985,3022
73,27083,27204,56,2119,1985,3009
73,27083,27204,57,2117,1985,2993
73,27083,27204,58,2116,1985,2978
73,27083,27204,59,2113,1985,2966
73,27083,27204,60,2111,1984,2952
73,27083,27204,61,2110,1985,2938
73,27083,27204,62,2108,1985,2925
73,27083,27204,63,2106,1984,2907
73,27083,27204,64,2105,1984,2895
73,27083,27204,65,2102,1984,2880
73,27083,27204,66,2101,1984,2864
73,27083,27204,67,2098,1984,2852
73,27083,27204,68,2096,1984,2840
73,27083,27204,69,2095,1984,2825
73,27083,27204,70,2092,1984,2809
73,27083,27204,71,2090,1984,2797
73,27083,27204,72,2088,1984,2780
73,27083,27204,73,2084,1984,2765
73,27083,27204,74,2084,1984,2754
73,27083,27204,75,2082,1984,2740
73,27083,27204,76,2082,1983,2721
73,27083,27204,77,2078,1984,2711
73,27083,27204,78,2077,1984,2696
73,27083,27204,79,2074,1983,2678
73,27083,27204,80,2072,1984,2666
73,27083,27204,81,2070,1984,2657
73,27083,27204,82,2069,1984,2637
73,27083,27204,83,2067,1984,2621
73,27083,27204,84,2065,1984,2608
73,27083,27204,85,2062,1984,2596
73,27083,27204,86,2061,1984,2584
73,27083,27204,87,2059,1984,2567
73,27083,27204,88,2057,1983,2556
73,27083,27204,89,2057,1984,2550
73,27083,27204,90,2059,1984,2568
73,27083,27204,91,2061,1984,2579
73,27083,27204,92,2062,1984,2599
73,27083,27204,93,2063,1984,2612
73,27083,27204,94,2067,1984,2627
73,27083,27204,95,2068,1984,2639
73,27083,27204,96,2070,1984,2656
73,27083,27204,97,2073,1984,2668
73,27083,27204,98,2075,1984,2685
73,27083,27204,99,2076,1984,2697
73,27083,27204,100,2078,1984,2709
73,27083,27204,101,2080,1984,2720
73,27083,27204,102,2083,1984,2740
73,27083,27204,103,2084,1984,2754
73,27083,27204,104,2086,1984,2768
73,27083,27204,105,2088,1984,2795
73,27083,27204,106,2090,1984,2794
73,27083,27204,107,2092,1984,2820
73,27083,27204,108,2094,1984,2827
73,27083,27204,109,2096,1985,2841
73,27083,27204,110,2098,1985,2852
73,27083,27204,111,2102,1985,2858
73,27083,27204,112,2102,1985,2882
73,27083,27204,113,2103,1985,2897
73,27083,27204,114,2105,1985,2909
73,27083,27204,115,2107,1985,2925
73,27083,27204,116,2109,1985,2939
73,27083,27204,117,2112,1985,2950
73,27083,27204,118,2113,1985,2967
73,27083,27204,119,2115,1985,2979
73,27083,27204,120,2117,1985,2997
73,27083,27204,121,2119,1984,2997
73,27083,27204,122,2122,1984,3022
73,27083,27204,123,2124,1984,3037
73,27083,27204,124,2125,1985,3050
73,27083,27204,125,2126,1985,3065
73,27083,27204,126,2130,1985,3081
73,27083,27204,127,2131,1985,3095
73,27083,27204,128,2134,1985,3108
73,27083,27204,129,2136,1985,3123
73,27083,27204,130,2136,1985,3136
73,27083,27204,131,2139,1985,3149
73,27083,27204,132,2140,1985,3170
73,27083,27204,133,2143,1985,3183
73,27083,27204,134,2146,1985,3194
73,27083,27204,135,2146,1986,3206
73,27083,27204,136,2148,1985,3219
73,27083,27204,137,2150,1985,3242
73,27083,27204,138,2153,1985,3250
73,27083,27204,139,2155,1985,3265
73,27083,27204,140,2156,1985,3277
73,27083,27204,141,2158,1985,3287
73,27083,27204,142,2160,1985,3310
73,27083,27204,143,2163,1985,3318
73,27083,27204,144,2164,1986,3337
73,27083,27204,145,2167,1986,3350
73,27083,27204,146,2168,1986,3365
73,27083,27204,147,2171,1986,3379
73,27083,27204,148,2173,1986,3391
73,27083,27204,149,2175,1986,3406
73,27083,27204,150,2177,1985,3421
73,27083,27204,151,2178,1986,3434
73,27083,27204,152,2181,1986,3452
73,27083,27204,153,2183,1986,3469
73,27083,27204,154,2184,1985,3477
73,27083,27204,155,2184,1985,3472
73,27083,27204,156,2183,1985,3471
73,27083,27204,157,2187,1986,3490
73,27083,27204,158,2187,1986,3495
73,27083,27204,159,2189,1986,3511
73,27083,27204,160,2190,1986,3518
73,27083,27204,161,2192,1986,3512
73,27083,27204,162,2187,1986,3475
73,27083,27204,163,2177,1985,3385
73,27083,27204,164,2162,1985,3293
73,27083,27204,165,2147,1984,3184
73,27083,27204,166,2134,1984,3065
73,27083,27204,167,2117,1983,2936
73,27083,27204,168,2098,1983,2805
73,27083,27204,169,2078,1982,2642
73,27083,27204,170,2054,1982,2489
73,27083,27204,171,2037,1982,2332
73,27083,27204,172,2014,1982,2193
73,27083,27204,173,1995,1981,2034
73,27083,27204,174,1974,1981,1909
73,27083,27204,175,1957,1981,1768
73,27083,27204,176,1942,1980,1629
73,27083,27204,177,1922,1981,1511
73,27083,27204,178,1908,1981,1456
73,27083,27204,179,1896,1980,1336
73,27083,27204,180,1879,1980,1203
73,27083,27204,181,1865,1980,1081
73,27083,27204,182,1852,1979,962
73,27083,27204,183,1834,1978,837
73,27083,27204,184,1822,1978,717
73,27083,27204,185,1802,1977,563
73,27083,27204,186,1790,1976,441
73,27083,27204,187,1774,1975,306
73,27083,27204,188,1759,1974,219
73,27083,27204,189,1760,1974,228
73,27083,27204,190,1762,1975,241
73,27083,27204,191,1762,1975,256
73,27083,27204,192,1765,1975,264
73,27083,27204,193,1767,1975,285
73,27083,27204,194,1768,1975,292
73,27083,27204,195,1769,1975,308
73,27083,27204,196,1770,1976,328
73,27083,27204,197,1773,1976,341
73,27083,27204,198,1774,1976,352
73,27083,27204,199,1776,1976,366
73,27083,27204,200,1777,1975,381
73,27083,27204,201,1779,1976,397
73,27083,27204,202,1781,1976,408
73,27083,27204,203,1782,1976,428
73,27083,27204,204,1784,1977,437
73,27083,27204,205,1785,1976,451
73,27083,27204,206,1787,1977,467
73,27083,27204,207,1789,1977,482
73,27083,27204,208,1790,1977,496
73,27083,27204,209,1792,1977,509
73,27083,27204,210,1794,1977,525
73,27083,27204,211,1795,1977,540
73,27083,27204,212,1797,1977,552
73,27083,27204,213,1798,1977,567
73,27083,27204,214,1798,1978,582
73,27083,27204,215,1801,1978,594
73,27083,27204,216,1803,1977,613
73,27083,27204,217,1805,1978,625
73,27083,27204,218,1806,1978,639
73,27083,27204,219,1807,1978,653
73,27083,27204,220,1809,1978,664
73,27083,27204,221,1811,1979,680
73,27083,27204,222,1812,1978,696
73,27083,27204,223,1815,1979,709
73,27083,27204,224,1816,1979,722
73,27083,27204,225,1818,1978,738
73,27083,27204,226,1820,1978,751
73,27083,27204,227,1821,1979,764
73,27083,27204,228,1823,1980,779
73,27083,27204,229,1825,1980,793
73,27083,27204,230,1825,1979,805
73,27083,27204,231,1828,1980,821
73,27083,27204,232,1829,1979,836
73,27083,27204,233,1832,1980,849
73,27083,27204,234,1833,1979,863
73,27083,27204,235,1834,1979,879
73,27083,27204,236,1837,1980,892
73,27083,27204,237,1837,1980,907
73,27083,27204,238,1840,1980,920
73,27083,27204,239,1842,1979,936
73,27083,27204,240,1843,1980,949
73,27083,27204,241,1846,1980,965
73,27083,27204,242,1847,1980,978
73,27083,27204,243,1849,1980,995
73,27083,27204,244,1851,1980,1006
73,27083,27204,245,1853,1981,1014
73,27083,27204,246,1854,1981,1035
73,27083,27204,247,1854,1980,1051
73,27083,27204,248,1857,1981,1061
73,27083,27204,249,1858,1980,1073
73,27083,27204,250,1860,1980,1090
73,27083,27204,251,1863,1980,1108
73,27083,27204,252,1863,1980,1120
73,27083,27204,253,1866,1980,1135
73,27083,27204,254,1866,1981,1150
73,27083,27204,255,1870,1980,1163
73,27083,27204,256,1871,1981,1189
73,27083,27204,257,1874,1980,1191
73,27083,27204,258,1876,1981,1206
73,27083,27204,259,1877,1981,1220
73,27083,27204,260,1878,1981,1243
73,27083,27204,261,1880,1981,1249
73,27083,27204,262,1882,1981,1261
73,27083,27204,263,1883,1981,1278
73,27083,27204,264,1885,1981,1289
73,27083,27204,265,1888,1980,1305
73,27083,27204,266,1890,1981,1318
73,27083,27204,267,1889,1981,1320
73,27083,27204,268,1887,1981,1302
73,27083,27204,269,1884,1981,1292
73,27083,27204,270,1884,1981,1278
73,27083,27204,271,1882,1980,1263
73,27083,27204,272,1880,1980,1247
73,27083,27204,273,1878,1981,1237
73,27083,27204,274,1877,1980,1221
73,27083,27204,275,1875,1981,1205
73,27083,27204,276,1874,1981,1189
73,27083,27204,277,1871,1981,1178
73,27083,27204,278,1870,1981,1163
73,27083,27204,279,1868,1981,1148
73,27083,27204,280,1866,1980,1132
73,27083,27204,281,1865,1980,1118
73,27083,27204,282,1862,1980,1107
73,27083,27204,283,1861,1981,1094
73,27083,27204,284,1860,1980,1077
73,27083,27204,285,1857,1981,1061
73,27083,27204,286,1855,1980,1051
73,27083,27204,287,1854,1980,1033
73,27083,27204,288,1852,1980,1018
73,27083,27204,289,1850,1979,1006
73,27083,27204,290,1848,1980,994
73,27083,27204,291,1847,1980,978
73,27083,27204,292,1845,1980,964
73,27083,27204,293,1844,1980,949
73,27083,27204,294,1841,1980,934
73,27083,27204,295,1839,1980,923
73,27083,27204,296,1839,1979,907
73,27083,27204,297,1837,1980,890
73,27083,27204,298,1834,1979,880
73,27083,27204,299,1833,1979,867
73,27083,27204,300,1831,1979,848
73,27083,27204,301,1829,1979,835
73,27083,27204,302,1827,1980,824
73,27083,27204,303,1826,1979,805
73,27083,27204,304,1825,1979,793
73,27083,27204,305,1823,1979,780
73,27083,27204,306,1821,1978,757
73,27083,27204,307,1820,1979,752
73,27083,27204,308,1818,1979,735
73,27083,27204,309,1816,1978,722
73,27083,27204,310,1815,1979,706
73,27083,27204,311,1812,1978,694
73,27083,27204,312,1811,1979,679
73,27083,27204,313,1810,1978,667
73,27083,27204,314,1808,1978,654
73,27083,27204,315,1807,1978,636
73,27083,27204,316,1804,1977,622
73,27083,27204,317,1803,1978,610
73,27083,27204,318,1800,1978,596
73,27083,27204,319,1800,1978,579
73,27083,27204,320,1797,1977,566
73,27083,27204,321,1797,1977,555
73,27083,27204,322,1794,1977,537
73,27083,27204,323,1794,1977,523
73,27083,27204,324,1792,1977,510
73,27083,27204,325,1790,1977,493
73,27083,27204,326,1788,1976,481
73,27083,27204,327,1787,1976,467
73,27083,27204,328,1784,1977,450
73,27083,27204,329,1784,1976,442
73,27083,27204,330,1781,1976,423
73,27083,27204,331,1781,1976,420
73,27083,27204,332,1778,1976,397
73,27083,27204,333,1776,1975,382
73,27083,27204,334,1775,1975,369
73,27083,27204,335,1774,1975,358
73,27083,27204,336,1772,1975,336
73,27083,27204,337,1772,1975,329
73,27083,27204,338,1769,1974,304
73,27083,27204,339,1767,1974,296
73,27083,27204,340,1766,1974,282
73,27083,27204,341,1765,1974,266
73,27083,27204,342,1764,1974,250
73,27083,27204,343,1761,1975,239
73,27083,27204,344,1760,1974,224
73,27083,27204,345,1758,1974,210
73,27083,27204,346,1756,1974,200
73,27083,27204,347,1756,1974,192
73,27083,27204,348,1762,1975,243
73,27083,27204,349,1769,1976,317
73,27083,27204,350,1780,1976,369
73,27083,27204,351,1785,1978,484
73,27083,27204,352,1797,1978,590
73,27083,27204,353,1809,1978,686
73,27083,27204,354,1825,1979,790
73,27083,27204,355,1836,1980,929
74,27259,27380,0,1997,2025,1126
74,27259,27380,1,1869,1981,1137
74,27259,27380,2,1880,1982,1263
74,27259,27380,3,1892,1981,1367
74,27259,27380,4,1909,1983,1497
74,27259,27380,5,1921,1983,1616
74,27259,27380,6,1938,1983,1735
74,27259,27380,7,1959,1983,1871
74,27259,27380,8,1988,1984,2029
74,27259,27380,9,1999,1984,2163
74,27259,27380,10,2014,1984,2294
74,27259,27380,11,2033,1984,2453
74,27259,27380,12,2054,1984,2576
74,27259,27380,13,2073,1985,2700
74,27259,27380,14,2095,1985,2848
74,27259,27380,15,2110,1986,2987
74,27259,27380,16,2139,1986,3125
74,27259,27380,17,2148,1986,3268
74,27259,27380,18,2171,1986,3412
74,27259,27380,19,2184,1986,3494
74,27259,27380,20,2185,1985,3489
74,27259,27380,21,2183,1985,3471
74,27259,27380,22,2184,1985,3471
74,27259,27380,23,2184,1986,3475
74,27259,27380,24,2183,1985,3462
74,27259,27380,25,2181,1986,3450
74,27259,27380,26,2179,1986,3438
74,27259,27380,27,2177,1986,3399
74,27259,27380,28,2175,1985,3407
74,27259,27380,29,2172,1985,3390
74,27259,27380,30,2170,1985,3378
74,27259,27380,31,2168,1985,3371
74,27259,27380,32,2167,1985,3353
74,27259,27380,33,2163,1985,3337
74,27259,27380,34,2163,1985,3323
74,27259,27380,35,2160,1985,3303
74,27259,27380,36,2160,1985,3294
74,27259,27380,37,2157,1985,3278
74,27259,27380,38,2156,1985,3265
74,27259,27380,39,2153,1985,3251
74,27259,27380,40,2151,1985,3245
74,27259,27380,41,2149,1986,3221
74,27259,27380,42,2147,1985,3206
74,27259,27380,43,2144,1985,3190
74,27259,27380,44,2143,1985,3177
74,27259,27380,45,2141,1985,3167
74,27259,27380,46,2140,1985,3152
74,27259,27380,47,2139,1985,3139
74,27259,27380,48,2135,1985,3123
74,27259,27380,49,2133,1984,3107
74,27259,27380,50,2130,1985,3093
74,27259,27380,51,2128,1985,3082
74,27259,27380,52,2127,1984,3066
74,27259,27380,53,2122,1985,3051
74,27259,27380,54,2124,1984,3035
74,27259,27380,55,2122,1985,3020
74,27259,27380,56,2119,1985,3009
74,27259,27380,57,2117,1985,2994
74,27259,27380,58,2116,1985,2980
74,27259,27380,59,2113,1985,2969
74,27259,27380,60,2110,1984,2950
74,27259,27380,61,2110,1984,2936
74,27259,27380,62,2107,1984,2920
74,27259,27380,63,2105,1984,2906
74,27259,27380,64,2104,1984,2900
74,27259,27380,65,2101,1983,2872
74,27259,27380,66,2100,1985,2869
74,27259,27380,67,2094,1984,2852
74,27259,27380,68,2096,1984,2838
74,27259,27380,69,2093,1984,2822
74,27259,27380,70,2092,1984,2808
74,27259,27380,71,2090,1984,2797
74,27259,27380,72,2089,1984,2785
74,27259,27380,73,2087,1984,2769
74,27259,27380,74,2084,1984,2751
74,27259,27380,75,2082,1984,2740
74,27259,27380,76,2080,1984,2733
74,27259,27380,77,2079,1984,2709
74,27259,27380,78,2076,1984,2693
74,27259,27380,79,2075,1984,2685
74,27259,27380,80,2072,1984,2668
74,27259,27380,81,2071,1984,2654
74,27259,27380,82,2069,1984,2643
74,27259,27380,83,2067,1984,2625
74,27259,27380,84,2064,1984,2610
74,27259,27380,85,2063,1983,2598
74,27259,27380,86,2060,1983,2581
74,27259,27380,87,2059,1984,2572
74,27259,27380,88,2057,1983,2554
74,27259,27380,89,2056,1984,2547
74,27259,27380,90,2058,1984,2567
74,27259,27380,91,2061,1984,2581
74,27259,27380,92,2063,1984,2608
74,27259,27380,93,2065,1984,2609
74,27259,27380,94,2066,1984,2629
74,27259,27380,95,2069,1983,2640
74,27259,27380,96,2071,1984,2656
74,27259,27380,97,2073,1984,2667
74,27259,27380,98,2075,1984,2684
74,27259,27380,99,2076,1984,2693
74,27259,27380,100,2078,1984,2710
74,27259,27380,101,2081,1984,2726
74,27259,27380,102,2082,1985,2740
74,27259,27380,103,2084,1984,2755
74,27259,27380,104,2086,1984,2765
74,27259,27380,105,2089,1984,2782
74,27259,27380,106,2090,1984,2803
74,27259,27380,107,2092,1984,2810
74,27259,27380,108,2095,1984,2821
74,27259,27380,109,2096,1984,2838
74,27259,27380,110,2097,1985,2850
74,27259,27380,111,2100,1985,2869
74,27259,27380,112,2101,1985,2879
74,27259,27380,113,2105,1985,2897
74,27259,27380,114,2106,1984,2911
74,27259,27380,115,2108,1985,2923
74,27259,27380,116,2108,1985,2939
74,27259,27380,117,2112,1986,2951
74,27259,27380,118,2114,1985,2968
74,27259,27380,119,2116,1984,2979
74,27259,27380,120,2118,1985,2996
74,27259,27380,121,2119,1985,3010
74,27259,27380,122,2122,1985,3023
74,27259,27380,123,2122,1985,3040
74,27259,27380,124,2124,1985,3049
74,27259,27380,125,2127,1985,3063
74,27259,27380,126,2130,1985,3080
74,27259,27380,127,2131,1985,3093
74,27259,27380,128,2134,1985,3104
74,27259,27380,129,2135,1986,3123
74,27259,27380,130,2137,1986,3134
74,27259,27380,131,2137,1985,3152
74,27259,27380,132,2141,1985,3167
74,27259,27380,133,2143,1985,3177
74,27259,27380,134,2145,1985,3194
74,27259,27380,135,2145,1984,3204
74,27259,27380,136,2150,1985,3221
74,27259,27380,137,2151,1985,3237
74,27259,27380,138,2153,1985,3251
74,27259,27380,139,2155,1986,3267
74,27259,27380,140,2156,1985,3282
74,27259,27380,141,2159,1986,3293
74,27259,27380,142,2160,1985,3312
74,27259,27380,143,2163,1985,3323
74,27259,27380,144,2164,1985,3333
74,27259,27380,145,2167,1985,3349
74,27259,27380,146,2167,1986,3363
74,27259,27380,147,2170,1986,3380
74,27259,27380,148,2173,1986,3390
74,27259,27380,149,2174,1986,3407
74,27259,27380,150,2177,1985,3421
74,27259,27380,151,2178,1986,3436
74,27259,27380,152,2183,1985,3449
74,27259,27380,153,2183,1986,3463
74,27259,27380,154,2184,1986,3473
74,27259,27380,155,2184,1986,3472
74,27259,27380,156,2184,1986,3471
74,27259,27380,157,2185,1986,3491
74,27259,27380,158,2186,1986,3495
74,27259,27380,159,2189,1986,3506
74,27259,27380,160,2190,1986,3517
74,27259,27380,161,2191,1985,3518
74,27259,27380,162,2188,1986,3480
74,27259,27380,163,2177,1984,3384
74,27259,27380,164,2160,1986,3315
74,27259,27380,165,2150,1983,3179
74,27259,27380,166,2127,1985,3089
74,27259,27380,167,2122,1984,3002
74,27259,27380,168,2104,1983,2891
74,27259,27380,169,2093,1983,2773
74,27259,27380,170,2077,1983,2644
74,27259,27380,171,2054,1983,2494
74,27259,27380,172,2041,1983,2378
74,27259,27380,173,2019,1982,2240
74,27259,27380,174,2000,1982,2099
74,27259,27380,175,1981,1981,1945
74,27259,27380,176,1960,1981,1789
74,27259,27380,177,1940,1982,1690
74,27259,27380,178,1927,1979,1560
74,27259,27380,179,1904,1980,1400
74,27259,27380,180,1892,1980,1281
74,27259,27380,181,1873,1980,1150
74,27259,27380,182,1860,1979,1007
74,27259,27380,183,1838,1979,853
74,27259,27380,184,1823,1978,752
74,27259,27380,185,1807,1977,601
74,27259,27380,186,1792,1976,458
74,27259,27380,187,1775,1974,317
74,27259,27380,188,1759,1973,212
74,27259,27380,189,1760,1974,226
74,27259,27380,190,1762,1975,244
74,27259,27380,191,1763,1974,254
74,27259,27380,192,1764,1975,271
74,27259,27380,193,1766,1974,284
74,27259,27380,194,1768,1974,296
74,27259,27380,195,1769,1975,311
74,27259,27380,196,1771,1976,329
74,27259,27380,197,1772,1975,338
74,27259,27380,198,1774,1976,346
74,27259,27380,199,1775,1976,368
74,27259,27380,200,1776,1976,382
74,27259,27380,201,1779,1976,396
74,27259,27380,202,1780,1976,408
74,27259,27380,203,1782,1976,423
74,27259,27380,204,1784,1977,440
74,27259,27380,205,1785,1977,447
74,27259,27380,206,1787,1977,466
74,27259,27380,207,1788,1977,478
74,27259,27380,208,1790,1978,493
74,27259,27380,209,1791,1977,507
74,27259,27380,210,1793,1977,525
74,27259,27380,211,1795,1978,537
74,27259,27380,212,1799,1977,554
74,27259,27380,213,1798,1978,570
74,27259,27380,214,1799,1978,582
74,27259,27380,215,1801,1979,593
74,27259,27380,216,1803,1979,608
74,27259,27380,217,1805,1979,622
74,27259,27380,218,1806,1978,637
74,27259,27380,219,1808,1979,653
74,27259,27380,220,1809,1979,664
74,27259,27380,221,1811,1978,678
74,27259,27380,222,1813,1979,695
74,27259,27380,223,1814,1979,707
74,27259,27380,224,1816,1979,723
74,27259,27380,225,1818,1978,738
74,27259,27380,226,1820,1980,751
74,27259,27380,227,1820,1979,767
74,27259,27380,228,1823,1979,778
74,27259,27380,229,1824,1979,795
74,27259,27380,230,1826,1979,807
74,27259,27380,231,1828,1979,820
74,27259,27380,232,1829,1979,835
74,27259,27380,233,1831,1980,849
74,27259,27380,234,1833,1980,874
74,27259,27380,235,1835,1980,877
74,27259,27380,236,1836,1980,892
74,27259,27380,237,1838,1980,905
74,27259,27380,238,1839,1980,919
74,27259,27380,239,1841,1980,934
74,27259,27380,240,1843,1979,950
74,27259,27380,241,1845,1980,948
74,27259,27380,242,1846,1980,975
74,27259,27380,243,1848,1980,993
74,27259,27380,244,1850,1980,1007
74,27259,27380,245,1852,1980,1020
74,27259,27380,246,1853,1980,1030
74,27259,27380,247,1855,1981,1050
74,27259,27380,248,1857,1980,1066
74,27259,27380,249,1858,1981,1078
74,27259,27380,250,1860,1980,1089
74,27259,27380,251,1863,1981,1100
74,27259,27380,252,1865,1981,1120
74,27259,27380,253,1866,1981,1133
74,27259,27380,254,1869,1981,1148
74,27259,27380,255,1869,1981,1163
74,27259,27380,256,1871,1981,1176
74,27259,27380,257,1874,1980,1189
74,27259,27380,258,1875,1981,1206
74,27259,27380,259,1877,1981,1220
74,27259,27380,260,1878,1981,1235
74,27259,27380,261,1880,1981,1244
74,27259,27380,262,1882,1981,1263
74,27259,27380,263,1884,1981,1278
74,27259,27380,264,1886,1982,1289
74,27259,27380,265,1887,1982,1303
74,27259,27380,266,1889,1981,1316
74,27259,27380,267,1889,1981,1317
74,27259,27380,268,1887,1981,1304
74,27259,27380,269,1886,1981,1290
74,27259,27380,270,1884,1981,1273
74,27259,27380,271,1882,1981,1261
74,27259,27380,272,1880,1981,1250
74,27259,27380,273,1877,1981,1234
74,27259,27380,274,1876,1980,1218
74,27259,27380,275,1875,1981,1209
74,27259,27380,276,1873,1980,1191
74,27259,27380,277,1871,1981,1175
74,27259,27380,278,1868,1981,1163
74,27259,27380,279,1868,1981,1148
74,27259,27380,280,1865,1981,1133
74,27259,27380,281,1864,1981,1124
74,27259,27380,282,1862,1980,1105
74,27259,27380,283,1860,1981,1092
74,27259,27380,284,1859,1980,1078
74,27259,27380,285,1857,1980,1062
74,27259,27380,286,1856,1980,1044
74,27259,27380,287,1854,1980,1034
74,27259,27380,288,1852,1980,1019
74,27259,27380,289,1851,1980,1008
74,27259,27380,290,1848,1980,993
74,27259,27380,291,1847,1979,978
74,27259,27380,292,1845,1980,966
74,27259,27380,293,1842,1980,960
74,27259,27380,294,1842,1980,937
74,27259,27380,295,1840,1980,921
74,27259,27380,296,1838,1980,907
74,27259,27380,297,1836,1979,895
74,27259,27380,298,1835,1979,878
74,27259,27380,299,1833,1979,866
74,27259,27380,300,1831,1979,849
74,27259,27380,301,1830,1979,838
74,27259,27380,302,1829,1980,824
74,27259,27380,303,1826,1979,808
74,27259,27380,304,1825,1979,794
74,27259,27380,305,1822,1979,781
74,27259,27380,306,1821,1979,765
74,27259,27380,307,1819,1978,747
74,27259,27380,308,1817,1979,735
74,27259,27380,309,1817,1979,723
74,27259,27380,310,1815,1979,706
74,27259,27380,311,1812,1979,697
74,27259,27380,312,1810,1978,680
74,27259,27380,313,1809,1978,664
74,27259,27380,314,1807,1978,651
74,27259,27380,315,1807,1978,639
74,27259,27380,316,1805,1978,623
74,27259,27380,317,1803,1978,607
74,27259,27380,318,1801,1977,596
74,27259,27380,319,1799,1978,580
74,27259,27380,320,1797,1978,564
74,27259,27380,321,1796,1978,552
74,27259,27380,322,1795,1977,539
74,27259,27380,323,1793,1977,527
74,27259,27380,324,1791,1977,510
74,27259,27380,325,1790,1977,492
74,27259,27380,326,1788,1977,478
74,27259,27380,327,1787,1977,467
74,27259,27380,328,1785,1977,453
74,27259,27380,329,1783,1977,437
74,27259,27380,330,1782,1977,427
74,27259,27380,331,1780,1976,412
74,27259,27380,332,1779,1976,396
74,27259,27380,333,1777,1976,383
74,27259,27380,334,1775,1975,366
74,27259,27380,335,1775,1976,354
74,27259,27380,336,1772,1976,339
74,27259,27380,337,1771,1975,325
74,27259,27380,338,1770,1975,314
74,27259,27380,339,1768,1975,296
74,27259,27380,340,1767,1975,281
74,27259,27380,341,1765,1975,266
74,27259,27380,342,1764,1974,257
74,27259,27380,343,1761,1974,241
74,27259,27380,344,1760,1975,225
74,27259,27380,345,1758,1974,212
74,27259,27380,346,1757,1973,196
74,27259,27380,347,1756,1974,182
74,27259,27380,348,1753,1973,169
74,27259,27380,349,1759,1975,219
74,27259,27380,350,1769,1975,278
74,27259,27380,351,1780,1977,423
74,27259,27380,352,1792,1977,522
74,27259,27380,353,1806,1979,661
74,27259,27380,354,1817,1980,777
74,27259,27380,355,1833,1980,903
75,27433,27554,0,2002,2028,1330
75,27433,27554,1,1893,1983,1402
75,27433,27554,2,1909,1982,1464
75,27433,27554,3,1919,1982,1568
75,27433,27554,4,1931,1982,1660
75,27433,27554,5,1944,1983,1765
75,27433,27554,6,1959,1982,1866
75,27433,27554,7,1972,1983,1968
75,27433,27554,8,1989,1983,2089
75,27433,27554,9,2004,1983,2210
75,27433,27554,10,2021,1985,2349
75,27433,27554,11,2039,1984,2464
75,27433,27554,12,2056,1985,2600
75,27433,27554,13,2076,1985,2733
75,27433,27554,14,2094,1986,2867
75,27433,27554,15,2112,1985,2980
75,27433,27554,16,2129,1986,3115
75,27433,27554,17,2149,1987,3291
75,27433,27554,18,2169,1986,3424
75,27433,27554,19,2185,1986,3497
75,27433,27554,20,2184,1985,3484
75,27433,27554,21,2184,1985,3470
75,27433,27554,22,2183,1985,3472
75,27433,27554,23,2184,1985,3475
75,27433,27554,24,2182,1985,3463
75,27433,27554,25,2181,1985,3450
75,27433,27554,26,2178,1985,3432
75,27433,27554,27,2175,1986,3420
75,27433,27554,28,2175,1985,3404
75,27433,27554,29,2173,1985,3382
75,27433,27554,30,2170,1985,3378
75,27433,27554,31,2169,1985,3365
75,27433,27554,32,2166,1986,3347
75,27433,27554,33,2166,1986,3334
75,27433,27554,34,2163,1986,3319
75,27433,27554,35,2161,1985,3306
75,27433,27554,36,2159,1985,3291
75,27433,27554,37,2157,1985,3277
75,27433,27554,38,2155,1985,3263
75,27433,27554,39,2153,1985,3250
75,27433,27554,40,2151,1985,3234
75,27433,27554,41,2149,1985,3223
75,27433,27554,42,2147,1985,3210
75,27433,27554,43,2144,1985,3192
75,27433,27554,44,2142,1985,3178
75,27433,27554,45,2140,1985,3164
75,27433,27554,46,2142,1986,3152
75,27433,27554,47,2136,1985,3139
75,27433,27554,48,2135,1985,3115
75,27433,27554,49,2133,1985,3108
75,27433,27554,50,2132,1985,3091
75,27433,27554,51,2128,1985,3080
75,27433,27554,52,2128,1985,3065
75,27433,27554,53,2125,1985,3055
75,27433,27554,54,2123,1984,3040
75,27433,27554,55,2122,1985,3020
75,27433,27554,56,2119,1985,3006
75,27433,27554,57,2119,1985,2994
75,27433,27554,58,2109,1984,2975
75,27433,27554,59,2113,1984,2966
75,27433,27554,60,2111,1985,2949
75,27433,27554,61,2109,1985,2935
75,27433,27554,62,2108,1984,2923
75,27433,27554,63,2107,1985,2917
75,27433,27554,64,2104,1985,2895
75,27433,27554,65,2103,1985,2881
75,27433,27554,66,2099,1984,2873
75,27433,27554,67,2098,1984,2860
75,27433,27554,68,2096,1984,2836
75,27433,27554,69,2094,1984,2822
75,27433,27554,70,2092,1984,2807
75,27433,27554,71,2090,1983,2796
75,27433,27554,72,2089,1983,2779
75,27433,27554,73,2087,1984,2767
75,27433,27554,74,2085,1984,2752
75,27433,27554,75,2082,1983,2739
75,27433,27554,76,2081,1984,2726
75,27433,27554,77,2078,1984,2710
75,27433,27554,78,2077,1984,2696
75,27433,27554,79,2075,1984,2680
75,27433,27554,80,2074,1984,2666
75,27433,27554,81,2070,1984,2654
75,27433,27554,82,2069,1985,2638
75,27433,27554,83,2066,1984,2627
75,27433,27554,84,2065,1984,2612
75,27433,27554,85,2063,1983,2598
75,27433,27554,86,2062,1984,2582
75,27433,27554,87,2058,1983,2569
75,27433,27554,88,2057,1983,2553
75,27433,27554,89,2057,1983,2552
75,27433,27554,90,2058,1983,2567
75,27433,27554,91,2061,1983,2583
75,27433,27554,92,2062,1984,2599
75,27433,27554,93,2065,1984,2612
75,27433,27554,94,2066,1984,2626
75,27433,27554,95,2069,1984,2637
75,27433,27554,96,2070,1984,2655
75,27433,27554,97,2073,1984,2667
75,27433,27554,98,2073,1984,2683
75,27433,27554,99,2076,1984,2695
75,27433,27554,100,2078,1984,2710
75,27433,27554,101,2081,1984,2727
75,27433,27554,102,2082,1984,2737
75,27433,27554,103,2084,1984,2757
75,27433,27554,104,2086,1984,2762
75,27433,27554,105,2087,1984,2783
75,27433,27554,106,2089,1984,2797
75,27433,27554,107,2092,1984,2809
75,27433,27554,108,2094,1984,2820
75,27433,27554,109,2096,1984,2836
75,27433,27554,110,2099,1985,2854
75,27433,27554,111,2099,1985,2868
75,27433,27554,112,2103,1984,2887
75,27433,27554,113,2104,1985,2892
75,27433,27554,114,2105,1985,2908
75,27433,27554,115,2107,1985,2914
75,27433,27554,116,2109,1985,2936
75,27433,27554,117,2111,1984,2952
75,27433,27554,118,2114,1985,2967
75,27433,27554,119,2115,1984,2979
75,27433,27554,120,2117,1984,2993
75,27433,27554,121,2119,1985,3008
75,27433,27554,122,2121,1985,3020
75,27433,27554,123,2123,1985,3039
75,27433,27554,124,2126,1985,3048
75,27433,27554,125,2127,1985,3066
75,27433,27554,126,2130,1985,3084
75,27433,27554,127,2131,1985,3093
75,27433,27554,128,2133,1985,3106
75,27433,27554,129,2133,1985,3122
75,27433,27554,130,2136,1985,3135
75,27433,27554,131,2139,1986,3150
75,27433,27554,132,2141,1985,3162
75,27433,27554,133,2143,1986,3178
75,27433,27554,134,2144,1985,3191
75,27433,27554,135,2148,1986,3207
75,27433,27554,136,2149,1985,3224
75,27433,27554,137,2151,1985,3238
75,27433,27554,138,2153,1985,3250
75,27433,27554,139,2155,1985,3264
75,27433,27554,140,2157,1985,3276
75,27433,27554,141,2158,1985,3295
75,27433,27554,142,2161,1985,3308
75,27433,27554,143,2162,1985,3321
75,27433,27554,144,2164,1986,3335
75,27433,27554,145,2166,1986,3350
75,27433,27554,146,2170,1986,3361
75,27433,27554,147,2171,1985,3379
75,27433,27554,148,2173,1986,3394
75,27433,27554,149,2175,1986,3408
75,27433,27554,150,2177,1986,3420
75,27433,27554,151,2178,1986,3434
75,27433,27554,152,2180,1986,3449
75,27433,27554,153,2182,1986,3464
75,27433,27554,154,2184,1985,3477
75,27433,27554,155,2183,1985,3485
75,27433,27554,156,2184,1985,3471
75,27433,27554,157,2186,1986,3482
75,27433,27554,158,2188,1987,3500
75,27433,27554,159,2189,1986,3510
75,27433,27554,160,2190,1985,3511
75,27433,27554,161,2191,1986,3519
75,27433,27554,162,2190,1986,3483
75,27433,27554,163,2176,1985,3401
75,27433,27554,164,2166,1984,3302
75,27433,27554,165,2146,1985,3188
75,27433,27554,166,2134,1983,3080
75,27433,27554,167,2119,1984,2943
75,27433,27554,168,2094,1982,2788
75,27433,27554,169,2071,1983,2620
75,27433,27554,170,2056,1982,2473
75,27433,27554,171,2031,1982,2330
75,27433,27554,172,2014,1981,2182
75,27433,27554,173,1994,1981,2046
75,27433,27554,174,1977,1982,1909
75,27433,27554,175,1958,1981,1779
75,27433,27554,176,1938,1981,1633
75,27433,27554,177,1920,1980,1506
75,27433,27554,178,1911,1981,1441
75,27433,27554,179,1894,1981,1338
75,27433,27554,180,1881,1981,1218
75,27433,27554,181,1869,1979,1114
75,27433,27554,182,1850,1980,979
75,27433,27554,183,1836,1979,829
75,27433,27554,184,1819,1978,709
75,27433,27554,185,1804,1977,579
75,27433,27554,186,1787,1976,442
75,27433,27554,187,1775,1975,305
75,27433,27554,188,1758,1973,209
75,27433,27554,189,1760,1974,225
75,27433,27554,190,1761,1974,238
75,27433,27554,191,1763,1974,257
75,27433,27554,192,1765,1975,269
75,27433,27554,193,1766,1975,280
75,27433,27554,194,1770,1975,297
75,27433,27554,195,1770,1976,308
75,27433,27554,196,1771,1976,326
75,27433,27554,197,1773,1975,341
75,27433,27554,198,1774,1976,355
75,27433,27554,199,1776,1976,365
75,27433,27554,200,1777,1976,383
75,27433,27554,201,1779,1976,395
75,27433,27554,202,1781,1976,414
75,27433,27554,203,1782,1977,423
75,27433,27554,204,1783,1977,439
75,27433,27554,205,1785,1976,454
75,27433,27554,206,1787,1977,466
75,27433,27554,207,1788,1977,481
75,27433,27554,208,1791,1977,493
75,27433,27554,209,1791,1977,508
75,27433,27554,210,1793,1977,525
75,27433,27554,211,1794,1978,537
75,27433,27554,212,1797,1978,572
75,27433,27554,213,1798,1977,565
75,27433,27554,214,1800,1978,576
75,27433,27554,215,1801,1978,593
75,27433,27554,216,1804,1979,609
75,27433,27554,217,1804,1978,623
75,27433,27554,218,1805,1978,636
75,27433,27554,219,1808,1978,650
75,27433,27554,220,1810,1978,667
75,27433,27554,221,1811,1978,685
75,27433,27554,222,1813,1978,696
75,27433,27554,223,1815,1979,707
75,27433,27554,224,1816,1979,724
75,27433,27554,225,1817,1979,737
75,27433,27554,226,1819,1979,751
75,27433,27554,227,1821,1979,764
75,27433,27554,228,1823,1979,782
75,27433,27554,229,1825,1979,794
75,27433,27554,230,1825,1979,807
75,27433,27554,231,1828,1980,825
75,27433,27554,232,1829,1979,836
75,27433,27554,233,1831,1980,848
75,27433,27554,234,1833,1980,864
75,27433,27554,235,1834,1980,876
75,27433,27554,236,1836,1979,894
75,27433,27554,237,1838,1979,904
75,27433,27554,238,1840,1979,913
75,27433,27554,239,1841,1980,937
75,27433,27554,240,1842,1979,951
75,27433,27554,241,1844,1980,956
75,27433,27554,242,1847,1980,975
75,27433,27554,243,1847,1980,991
75,27433,27554,244,1850,1980,1009
75,27433,27554,245,1852,1981,1022
75,27433,27554,246,1854,1981,1033
75,27433,27554,247,1854,1980,1051
75,27433,27554,248,1860,1981,1065
75,27433,27554,249,1859,1980,1073
75,27433,27554,250,1861,1981,1092
75,27433,27554,251,1862,1981,1108
75,27433,27554,252,1864,1981,1119
75,27433,27554,253,1866,1981,1133
75,27433,27554,254,1867,1980,1147
75,27433,27554,255,1869,1980,1163
75,27433,27554,256,1871,1981,1177
75,27433,27554,257,1873,1981,1190
75,27433,27554,258,1874,1981,1203
75,27433,27554,259,1877,1981,1219
75,27433,27554,260,1878,1981,1232
75,27433,27554,261,1880,1981,1248
75,27433,27554,262,1881,1981,1260
75,27433,27554,263,1884,1981,1276
75,27433,27554,264,1885,1981,1292
75,27433,27554,265,1888,1981,1301
75,27433,27554,266,1889,1981,1318
75,27433,27554,267,1889,1981,1316
75,27433,27554,268,1887,1980,1306
75,27433,27554,269,1885,1981,1289
75,27433,27554,270,1884,1981,1275
75,27433,27554,271,1883,1981,1260
75,27433,27554,272,1880,1981,1246
75,27433,27554,273,1879,1980,1235
75,27433,27554,274,1877,1981,1218
75,27433,27554,275,1875,1981,1205
75,27433,27554,276,1873,1980,1191
75,27433,27554,277,1872,1981,1176
75,27433,27554,278,1869,1980,1162
75,27433,27554,279,1868,1980,1149
75,27433,27554,280,1867,1980,1129
75,27433,27554,281,1865,1980,1118
75,27433,27554,282,1863,1980,1106
75,27433,27554,283,1861,1980,1123
75,27433,27554,284,1859,1980,1076
75,27433,27554,285,1857,1980,1062
75,27433,27554,286,1855,1980,1051
75,27433,27554,287,1854,1980,1033
75,27433,27554,288,1852,1980,1023
75,27433,27554,289,1849,1980,1005
75,27433,27554,290,1848,1980,993
75,27433,27554,291,1847,1980,978
75,27433,27554,292,1845,1981,965
75,27433,27554,293,1844,1980,949
75,27433,27554,294,1841,1979,936
75,27433,27554,295,1838,1980,919
75,27433,27554,296,1838,1979,908
75,27433,27554,297,1837,1979,890
75,27433,27554,298,1835,1980,880
75,27433,27554,299,1832,1979,867
75,27433,27554,300,1831,1979,850
75,27433,27554,301,1829,1979,835
75,27433,27554,302,1827,1979,817
75,27433,27554,303,1826,1979,805
75,27433,27554,304,1824,1979,789
75,27433,27554,305,1823,1979,781
75,27433,27554,306,1821,1979,766
75,27433,27554,307,1820,1979,753
75,27433,27554,308,1818,1980,738
75,27433,27554,309,1815,1978,723
75,27433,27554,310,1815,1978,708
75,27433,27554,311,1813,1978,695
75,27433,27554,312,1811,1978,677
75,27433,27554,313,1810,1978,669
75,27433,27554,314,1808,1978,652
75,27433,27554,315,1806,1978,637
75,27433,27554,316,1805,1977,622
75,27433,27554,317,1803,1978,607
75,27433,27554,318,1801,1978,595
75,27433,27554,319,1800,1978,588
75,27433,27554,320,1798,1978,566
75,27433,27554,321,1797,1977,553
75,27433,27554,322,1797,1977,541
75,27433,27554,323,1793,1976,520
75,27433,27554,324,1792,1977,511
75,27433,27554,325,1790,1977,496
75,27433,27554,326,1788,1976,481
75,27433,27554,327,1787,1977,467
75,27433,27554,328,1785,1976,454
75,27433,27554,329,1784,1976,437
75,27433,27554,330,1782,1976,427
75,27433,27554,331,1781,1976,409
75,27433,27554,332,1778,1975,394
75,27433,27554,333,1777,1976,380
75,27433,27554,334,1775,1976,366
75,27433,27554,335,1775,1975,336
75,27433,27554,336,1772,1975,339
75,27433,27554,337,1771,1975,322
75,27433,27554,338,1770,1975,306
75,27433,27554,339,1767,1975,294
75,27433,27554,340,1767,1975,280
75,27433,27554,341,1764,1975,267
75,27433,27554,342,1763,1975,254
75,27433,27554,343,1761,1975,239
75,27433,27554,344,1760,1974,225
75,27433,27554,345,1759,1974,212
75,27433,27554,346,1756,1974,195
75,27433,27554,347,1758,1973,187
75,27433,27554,348,1761,1974,243
75,27433,27554,349,1770,1975,299
75,27433,27554,350,1771,1976,363
75,27433,27554,351,1787,1978,476
75,27433,27554,352,1795,1979,613
75,27433,27554,353,1820,1978,712
75,27433,27554,354,1824,1980,805
75,27433,27554,355,1838,1980,901
76,27608,27729,0,1997,2025,1157
76,27608,27729,1,1869,1982,1184
76,27608,27729,2,1882,1981,1275
76,27608,27729,3,1894,1982,1372
76,27608,27729,4,1899,1982,1474
76,27608,27729,5,1918,1982,1591
76,27608,27729,6,1929,1983,1705
76,27608,27729,7,1952,1983,1849
76,27608,27729,8,1972,1984,1982
76,27608,27729,9,1991,1984,2117
76,27608,27729,10,2010,1985,2278
76,27608,27729,11,2030,1984,2414
76,27608,27729,12,2049,1985,2552
76,27608,27729,13,2071,1985,2691
76,27608,27729,14,2090,1985,2849
76,27608,27729,15,2111,1985,2982
76,27608,27729,16,2127,1985,3120
76,27608,27729,17,2149,1986,3260
76,27608,27729,18,2164,1986,3415
76,27608,27729,19,2184,1985,3493
76,27608,27729,20,2186,1984,3480
76,27608,27729,21,2184,1985,3471
76,27608,27729,22,2184,1985,3472
76,27608,27729,23,2184,1986,3476
76,27608,27729,24,2182,1986,3463
76,27608,27729,25,2181,1985,3448
76,27608,27729,26,2179,1986,3435
76,27608,27729,27,2177,1985,3419
76,27608,27729,28,2174,1985,3406
76,27608,27729,29,2173,1985,3390
76,27608,27729,30,2170,1986,3379
76,27608,27729,31,2169,1986,3364
76,27608,27729,32,2166,1985,3352
76,27608,27729,33,2164,1985,3336
76,27608,27729,34,2162,1985,3323
76,27608,27729,35,2162,1984,3307
76,27608,27729,36,2159,1985,3292
76,27608,27729,37,2157,1984,3276
76,27608,27729,38,2156,1985,3268
76,27608,27729,39,2152,1985,3249
76,27608,27729,40,2151,1986,3237
76,27608,27729,41,2149,1985,3220
76,27608,27729,42,2148,1985,3205
76,27608,27729,43,2146,1985,3194
76,27608,27729,44,2143,1985,3180
76,27608,27729,45,2139,1985,3166
76,27608,27729,46,2139,1985,3149
76,27608,27729,47,2137,1985,3136
76,27608,27729,48,2135,1984,3121
76,27608,27729,49,2132,1984,3109
76,27608,27729,50,2132,1984,3094
76,27608,27729,51,2129,1984,3076
76,27608,27729,52,2125,1984,3066
76,27608,27729,53,2126,1984,3051
76,27608,27729,54,2123,1984,3036
76,27608,27729,55,2121,1985,3021
76,27608,27729,56,2120,1985,3012
76,27608,27729,57,2118,1985,2993
76,27608,27729,58,2116,1984,2979
76,27608,27729,59,2113,1984,2965
76,27608,27729,60,2111,1984,2950
76,27608,27729,61,2109,1984,2938
76,27608,27729,62,2108,1984,2924
76,27608,27729,63,2106,1984,2908
76,27608,27729,64,2104,1984,2894
76,27608,27729,65,2102,1984,2880
76,27608,27729,66,2100,1985,2868
76,27608,27729,67,2098,1984,2851
76,27608,27729,68,2096,1984,2835
76,27608,27729,69,2094,1984,2827
76,27608,27729,70,2092,1985,2810
76,27608,27729,71,2090,1984,2793
76,27608,27729,72,2088,1984,2781
76,27608,27729,73,2087,1984,2770
76,27608,27729,74,2085,1983,2753
76,27608,27729,75,2084,1984,2735
76,27608,27729,76,2080,1984,2723
76,27608,27729,77,2078,1984,2717
76,27608,27729,78,2077,1984,2694
76,27608,27729,79,2075,1984,2682
76,27608,27729,80,2073,1984,2668
76,27608,27729,81,2071,1984,2657
76,27608,27729,82,2068,1984,2635
76,27608,27729,83,2067,1984,2627
76,27608,27729,84,2064,1984,2620
76,27608,27729,85,2062,1983,2596
76,27608,27729,86,2061,1984,2584
76,27608,27729,87,2058,1983,2567
76,27608,27729,88,2057,1983,2551
76,27608,27729,89,2058,1984,2553
76,27608,27729,90,2058,1984,2568
76,27608,27729,91,2062,1984,2581
76,27608,27729,92,2063,1984,2595
76,27608,27729,93,2065,1984,2612
76,27608,27729,94,2067,1984,2627
76,27608,27729,95,2069,1984,2639
76,27608,27729,96,2071,1984,2651
76,27608,27729,97,2072,1984,2665
76,27608,27729,98,2074,1984,2684
76,27608,27729,99,2077,1984,2696
76,27608,27729,100,2078,1984,2712
76,27608,27729,101,2080,1984,2722
76,27608,27729,102,2082,1985,2736
76,27608,27729,103,2084,1984,2756
76,27608,27729,104,2086,1984,2769
76,27608,27729,105,2088,1985,2784
76,27608,27729,106,2091,1985,2795
76,27608,27729,107,2091,1985,2809
76,27608,27729,108,2094,1984,2821
76,27608,27729,109,2096,1985,2838
76,27608,27729,110,2098,1984,2850
76,27608,27729,111,2100,1984,2866
76,27608,27729,112,2102,1984,2885
76,27608,27729,113,2104,1985,2895
76,27608,27729,114,2108,1985,2909
76,27608,27729,115,2107,1985,2923
76,27608,27729,116,2109,1985,2934
76,27608,27729,117,2110,1985,2950
76,27608,27729,118,2114,1985,2964
76,27608,27729,119,2116,1985,2979
76,27608,27729,120,2117,1985,2994
76,27608,27729,121,2120,1985,3008
76,27608,27729,122,2122,1985,3030
76,27608,27729,123,2123,1985,3036
76,27608,27729,124,2126,1985,3051
76,27608,27729,125,2127,1985,3062
76,27608,27729,126,2129,1985,3086
76,27608,27729,127,2132,1985,3093
76,27608,27729,128,2133,1985,3105
76,27608,27729,129,2135,1985,3122
76,27608,27729,130,2138,1985,3134
76,27608,27729,131,2140,1986,3147
76,27608,27729,132,2140,1985,3164
76,27608,27729,133,2143,1985,3177
76,27608,27729,134,2145,1985,3177
76,27608,27729,135,2148,1985,3208
76,27608,27729,136,2149,1985,3224
76,27608,27729,137,2151,1986,3236
76,27608,27729,138,2153,1985,3246
76,27608,27729,139,2154,1985,3252
76,27608,27729,140,2157,1986,3277
76,27608,27729,141,2158,1985,3295
76,27608,27729,142,2160,1986,3307
76,27608,27729,143,2162,1985,3322
76,27608,27729,144,2165,1985,3337
76,27608,27729,145,2167,1985,3349
76,27608,27729,146,2169,1986,3361
76,27608,27729,147,2170,1986,3380
76,27608,27729,148,2173,1986,3392
76,27608,27729,149,2175,1985,3405
76,27608,27729,150,2176,1985,3416
76,27608,27729,151,2179,1986,3435
76,27608,27729,152,2181,1986,3449
76,27608,27729,153,2183,1986,3461
76,27608,27729,154,2184,1986,3478
76,27608,27729,155,2184,1985,3473
76,27608,27729,156,2183,1986,3478
76,27608,27729,157,2186,1986,3482
76,27608,27729,158,2189,1986,3499
76,27608,27729,159,2189,1986,3510
76,27608,27729,160,2189,1986,3516
76,27608,27729,161,2191,1985,3510
76,27608,27729,162,2188,1985,3487
76,27608,27729,163,2176,1984,3386
76,27608,27729,164,2160,1985,3320
76,27608,27729,165,2148,1984,3172
76,27608,27729,166,2133,1984,3061
76,27608,27729,167,2113,1983,2919
76,27608,27729,168,2098,1984,2812
76,27608,27729,169,2083,1984,2727
76,27608,27729,170,2070,1983,2613
76,27608,27729,171,2056,1984,2498
76,27608,27729,172,2037,1983,2396
76,27608,27729,173,2023,1981,2252
76,27608,27729,174,2004,1982,2131
76,27608,27729,175,1986,1981,1973
76,27608,27729,176,1965,1981,1848
76,27608,27729,177,1944,1981,1685
76,27608,27729,178,1933,1981,1595
76,27608,27729,179,1916,1981,1462
76,27608,27729,180,1896,1980,1316
76,27608,27729,181,1876,1979,1166
76,27608,27729,182,1860,1979,1037
76,27608,27729,183,1843,1978,892
76,27608,27729,184,1823,1979,776
76,27608,27729,185,1795,1976,595
76,27608,27729,186,1791,1975,451
76,27608,27729,187,1775,1975,309
76,27608,27729,188,1760,1973,212
76,27608,27729,189,1761,1974,225
76,27608,27729,190,1761,1974,240
76,27608,27729,191,1763,1974,253
76,27608,27729,192,1765,1975,271
76,27608,27729,193,1766,1974,283
76,27608,27729,194,1768,1975,297
76,27608,27729,195,1769,1974,312
76,27608,27729,196,1772,1975,328
76,27608,27729,197,1772,1975,340
76,27608,27729,198,1774,1976,352
76,27608,27729,199,1775,1976,369
76,27608,27729,200,1777,1975,384
76,27608,27729,201,1778,1976,397
76,27608,27729,202,1781,1976,411
76,27608,27729,203,1780,1976,425
76,27608,27729,204,1784,1976,438
76,27608,27729,205,1785,1977,452
76,27608,27729,206,1787,1977,467
76,27608,27729,207,1788,1977,482
76,27608,27729,208,1791,1977,494
76,27608,27729,209,1792,1977,509
76,27608,27729,210,1795,1977,525
76,27608,27729,211,1795,1977,535
76,27608,27729,212,1797,1977,547
76,27608,27729,213,1798,1977,567
76,27608,27729,214,1800,1977,580
76,27608,27729,215,1802,1977,595
76,27608,27729,216,1803,1978,608
76,27608,27729,217,1804,1978,618
76,27608,27729,218,1806,1978,638
76,27608,27729,219,1808,1978,641
76,27608,27729,220,1810,1979,672
76,27608,27729,221,1812,1979,680
76,27608,27729,222,1813,1978,695
76,27608,27729,223,1815,1978,707
76,27608,27729,224,1817,1978,722
76,27608,27729,225,1818,1979,736
76,27608,27729,226,1819,1979,751
76,27608,27729,227,1821,1979,765
76,27608,27729,228,1822,1978,779
76,27608,27729,229,1825,1979,792
76,27608,27729,230,1825,1979,812
76,27608,27729,231,1828,1979,820
76,27608,27729,232,1830,1979,837
76,27608,27729,233,1832,1979,844
76,27608,27729,234,1833,1980,864
76,27608,27729,235,1835,1980,877
76,27608,27729,236,1836,1980,891
76,27608,27729,237,1838,1980,907
76,27608,27729,238,1840,1980,920
76,27608,27729,239,1841,1980,934
76,27608,27729,240,1844,1980,947
76,27608,27729,241,1845,1980,966
76,27608,27729,242,1847,1980,978
76,27608,27729,243,1848,1980,992
76,27608,27729,244,1849,1980,1005
76,27608,27729,245,1852,1980,1019
76,27608,27729,246,1855,1980,1036
76,27608,27729,247,1857,1981,1048
76,27608,27729,248,1857,1980,1062
76,27608,27729,249,1859,1980,1076
76,27608,27729,250,1862,1980,1090
76,27608,27729,251,1862,1981,1105
76,27608,27729,252,1864,1981,1122
76,27608,27729,253,1866,1981,1136
76,27608,27729,254,1868,1981,1151
76,27608,27729,255,1871,1980,1164
76,27608,27729,256,1872,1981,1178
76,27608,27729,257,1873,1980,1186
76,27608,27729,258,1875,1981,1205
76,27608,27729,259,1876,1981,1219
76,27608,27729,260,1879,1981,1236
76,27608,27729,261,1880,1981,1252
76,27608,27729,262,1882,1981,1261
76,27608,27729,263,1883,1981,1277
76,27608,27729,264,1886,1981,1287
76,27608,27729,265,1887,1981,1306
76,27608,27729,266,1890,1981,1320
76,27608,27729,267,1890,1981,1319
76,27608,27729,268,1887,1981,1300
76,27608,27729,269,1886,1981,1292
76,27608,27729,270,1884,1981,1277
76,27608,27729,271,1883,1981,1262
76,27608,27729,272,1881,1981,1246
76,27608,27729,273,1879,1981,1234
76,27608,27729,274,1877,1981,1219
76,27608,27729,275,1875,1981,1205
76,27608,27729,276,1872,1981,1195
76,27608,27729,277,1872,1981,1178
76,27608,27729,278,1870,1981,1160
76,27608,27729,279,1868,1981,1147
76,27608,27729,280,1866,1981,1133
76,27608,27729,281,1865,1981,1120
76,27608,27729,282,1863,1980,1105
76,27608,27729,283,1861,1981,1096
76,27608,27729,284,1859,1981,1080
76,27608,27729,285,1857,1980,1064
76,27608,27729,286,1855,1981,1047
76,27608,27729,287,1854,1981,1033
76,27608,27729,288,1852,1980,1022
76,27608,27729,289,1849,1980,1006
76,27608,27729,290,1848,1979,986
76,27608,27729,291,1846,1980,981
76,27608,27729,292,1845,1980,965
76,27608,27729,293,1843,1980,950
76,27608,27729,294,1842,1979,937
76,27608,27729,295,1840,1980,921
76,27608,27729,296,1838,1979,905
76,27608,27729,297,1837,1980,889
76,27608,27729,298,1834,1980,880
76,27608,27729,299,1833,1979,860
76,27608,27729,300,1831,1980,852
76,27608,27729,301,1829,1979,836
76,27608,27729,302,1828,1979,821
76,27608,27729,303,1827,1979,808
76,27608,27729,304,1824,1979,783
76,27608,27729,305,1823,1979,781
76,27608,27729,306,1822,1979,762
76,27608,27729,307,1820,1978,750
76,27608,27729,308,1818,1979,738
76,27608,27729,309,1816,1979,722
76,27608,27729,310,1814,1978,710
76,27608,27729,311,1813,1979,694
76,27608,27729,312,1811,1978,678
76,27608,27729,313,1809,1979,665
76,27608,27729,314,1808,1978,650
76,27608,27729,315,1806,1978,633
76,27608,27729,316,1805,1978,624
76,27608,27729,317,1803,1978,607
76,27608,27729,318,1804,1978,593
76,27608,27729,319,1800,1978,578
76,27608,27729,320,1798,1978,563
76,27608,27729,321,1797,1978,549
76,27608,27729,322,1795,1977,539
76,27608,27729,323,1793,1977,525
76,27608,27729,324,1791,1977,511
76,27608,27729,325,1790,1977,494
76,27608,27729,326,1789,1977,480
76,27608,27729,327,1786,1977,466
76,27608,27729,328,1785,1977,453
76,27608,27729,329,1783,1977,428
76,27608,27729,330,1783,1977,424
76,27608,27729,331,1779,1976,415
76,27608,27729,332,1779,1976,397
76,27608,27729,333,1777,1975,379
76,27608,27729,334,1776,1976,362
76,27608,27729,335,1774,1976,353
76,27608,27729,336,1772,1975,341
76,27608,27729,337,1772,1975,328
76,27608,27729,338,1769,1975,310
76,27608,27729,339,1768,1975,296
76,27608,27729,340,1766,1975,286
76,27608,27729,341,1764,1975,265
76,27608,27729,342,1763,1974,257
76,27608,27729,343,1761,1974,238
76,27608,27729,344,1759,1974,225
76,27608,27729,345,1759,1974,229
76,27608,27729,346,1756,1973,198
76,27608,27729,347,1755,1974,182
76,27608,27729,348,1754,1973,169
76,27608,27729,349,1758,1974,219
76,27608,27729,350,1769,1976,311
76,27608,27729,351,1776,1976,407
76,27608,27729,352,1791,1978,527
76,27608,27729,353,1801,1979,659
76,27608,27729,354,1819,1979,778
76,27608,27729,355,1834,1980,912
77,27782,27903,0,2000,2027,1286
77,27782,27903,1,1889,1984,1378
77,27782,27903,2,1905,1983,1477
77,27782,27903,3,1917,1983,1567
77,27782,27903,4,1933,1983,1677
77,27782,27903,5,1948,1983,1776
77,27782,27903,6,1961,1983,1900
77,27782,27903,7,1979,1984,2016
77,27782,27903,8,1994,1984,2131
77,27782,27903,9,2008,1984,2231
77,27782,27903,10,2025,1984,2356
77,27782,27903,11,2043,1984,2480
77,27782,27903,12,2058,1985,2599
77,27782,27903,13,2077,1985,2732
77,27782,27903,14,2095,1985,2852
77,27782,27903,15,2114,1986,2995
77,27782,27903,16,2132,1985,3139
77,27782,27903,17,2153,1986,3279
77,27782,27903,18,2172,1986,3419
77,27782,27903,19,2186,1986,3490
77,27782,27903,20,2186,1985,3483
77,27782,27903,21,2184,1985,3470
77,27782,27903,22,2184,1985,3472
77,27782,27903,23,2184,1985,3475
77,27782,27903,24,2184,1985,3470
77,27782,27903,25,2181,1985,3448
77,27782,27903,26,2178,1986,3437
77,27782,27903,27,2176,1986,3421
77,27782,27903,28,2174,1986,3407
77,27782,27903,29,2173,1985,3391
77,27782,27903,30,2172,1985,3380
77,27782,27903,31,2169,1985,3362
77,27782,27903,32,2168,1986,3350
77,27782,27903,33,2164,1985,3334
77,27782,27903,34,2163,1985,3318
77,27782,27903,35,2161,1986,3310
77,27782,27903,36,2159,1985,3295
77,27782,27903,37,2157,1985,3281
77,27782,27903,38,2155,1985,3263
77,27782,27903,39,2153,1985,3253
77,27782,27903,40,2150,1985,3237
77,27782,27903,41,2149,1986,3222
77,27782,27903,42,2147,1985,3214
77,27782,27903,43,2145,1985,3193
77,27782,27903,44,2143,1985,3178
77,27782,27903,45,2141,1985,3163
77,27782,27903,46,2139,1985,3160
77,27782,27903,47,2137,1985,3134
77,27782,27903,48,2135,1985,3124
77,27782,27903,49,2134,1985,3108
77,27782,27903,50,2132,1985,3092
77,27782,27903,51,2129,1985,3081
77,27782,27903,52,2127,1985,3065
77,27782,27903,53,2125,1985,3053
77,27782,27903,54,2122,1985,3037
77,27782,27903,55,2122,1984,3022
77,27782,27903,56,2121,1985,3012
77,27782,27903,57,2117,1985,2993
77,27782,27903,58,2116,1985,2980
77,27782,27903,59,2114,1985,2967
77,27782,27903,60,2112,1985,2949
77,27782,27903,61,2109,1985,2946
77,27782,27903,62,2108,1985,2922
77,27782,27903,63,2105,1985,2898
77,27782,27903,64,2104,1985,2895
77,27782,27903,65,2101,1985,2883
77,27782,27903,66,2100,1985,2866
77,27782,27903,67,2098,1985,2851
77,27782,27903,68,2095,1984,2820
77,27782,27903,69,2096,1985,2826
77,27782,27903,70,2093,1984,2809
77,27782,27903,71,2090,1984,2795
77,27782,27903,72,2088,1984,2780
77,27782,27903,73,2087,1984,2768
77,27782,27903,74,2083,1984,2750
77,27782,27903,75,2083,1984,2738
77,27782,27903,76,2080,1984,2725
77,27782,27903,77,2079,1984,2711
77,27782,27903,78,2077,1984,2698
77,27782,27903,79,2075,1984,2683
77,27782,27903,80,2073,1984,2667
77,27782,27903,81,2071,1984,2653
77,27782,27903,82,2069,1984,2640
77,27782,27903,83,2067,1984,2629
77,27782,27903,84,2064,1983,2609
77,27782,27903,85,2063,1984,2597
77,27782,27903,86,2060,1983,2578
77,27782,27903,87,2060,1984,2571
77,27782,27903,88,2058,1983,2554
77,27782,27903,89,2057,1984,2553
77,27782,27903,90,2060,1984,2571
77,27782,27903,91,2062,1985,2581
77,27782,27903,92,2063,1984,2598
77,27782,27903,93,2064,1984,2610
77,27782,27903,94,2067,1984,2626
77,27782,27903,95,2069,1984,2639
77,27782,27903,96,2074,1984,2653
77,27782,27903,97,2073,1984,2671
77,27782,27903,98,2075,1985,2682
77,27782,27903,99,2077,1984,2697
77,27782,27903,100,2078,1984,2712
77,27782,27903,101,2081,1984,2725
77,27782,27903,102,2083,1984,2736
77,27782,27903,103,2084,1984,2754
77,27782,27903,104,2087,1984,2767
77,27782,27903,105,2088,1984,2783
77,27782,27903,106,2090,1984,2793
77,27782,27903,107,2092,1984,2812
77,27782,27903,108,2094,1984,2827
77,27782,27903,109,2096,1984,2837
77,27782,27903,110,2098,1985,2853
77,27782,27903,111,2100,1984,2868
77,27782,27903,112,2102,1984,2883
77,27782,27903,113,2104,1985,2897
77,27782,27903,114,2105,1985,2909
77,27782,27903,115,2109,1985,2922
77,27782,27903,116,2110,1984,2936
77,27782,27903,117,2112,1985,2949
77,27782,27903,118,2114,1985,2968
77,27782,27903,119,2116,1985,2980
77,27782,27903,120,2116,1985,3000
77,27782,27903,121,2119,1985,3007
77,27782,27903,122,2121,1984,3011
77,27782,27903,123,2123,1984,3031
77,27782,27903,124,2125,1985,3049
77,27782,27903,125,2128,1984,3063
77,27782,27903,126,2129,1985,3080
77,27782,27903,127,2132,1985,3094
77,27782,27903,128,2133,1985,3107
77,27782,27903,129,2134,1985,3121
77,27782,27903,130,2137,1985,3135
77,27782,27903,131,2139,1985,3147
77,27782,27903,132,2140,1985,3164
77,27782,27903,133,2143,1985,3192
77,27782,27903,134,2145,1985,3194
77,27782,27903,135,2146,1985,3210
77,27782,27903,136,2150,1984,3219
77,27782,27903,137,2151,1985,3232
77,27782,27903,138,2153,1985,3251
77,27782,27903,139,2155,1985,3276
77,27782,27903,140,2158,1985,3279
77,27782,27903,141,2159,1986,3295
77,27782,27903,142,2160,1985,3306
77,27782,27903,143,2162,1985,3323
77,27782,27903,144,2165,1985,3342
77,27782,27903,145,2166,1985,3348
77,27782,27903,146,2169,1986,3365
77,27782,27903,147,2171,1986,3376
77,27782,27903,148,2173,1986,3391
77,27782,27903,149,2174,1986,3405
77,27782,27903,150,2178,1985,3419
77,27782,27903,151,2178,1986,3432
77,27782,27903,152,2180,1986,3448
77,27782,27903,153,2181,1985,3464
77,27782,27903,154,2184,1985,3477
77,27782,27903,155,2184,1986,3472
77,27782,27903,156,2183,1985,3470
77,27782,27903,157,2185,1986,3483
77,27782,27903,158,2187,1985,3498
77,27782,27903,159,2189,1986,3507
77,27782,27903,160,2190,1986,3516
77,27782,27903,161,2191,1986,3521
77,27782,27903,162,2188,1986,3479
77,27782,27903,163,2179,1985,3332
77,27782,27903,164,2162,1985,3286
77,27782,27903,165,2150,1985,3234
77,27782,27903,166,2133,1984,3077
77,27782,27903,167,2117,1984,2965
77,27782,27903,168,2099,1983,2814
77,27782,27903,169,2082,1983,2689
77,27782,27903,170,2066,1983,2543
77,27782,27903,171,2039,1982,2378
77,27782,27903,172,2019,1982,2228
77,27782,27903,173,1998,1981,2064
77,27782,27903,174,1977,1981,1916
77,27782,27903,175,1958,1981,1772
77,27782,27903,176,1937,1981,1634
77,27782,27903,177,1922,1981,1497
77,27782,27903,178,1908,1981,1436
77,27782,27903,179,1894,1980,1313
77,27782,27903,180,1878,1980,1185
77,27782,27903,181,1862,1980,1062
77,27782,27903,182,1851,1979,944
77,27782,27903,183,1833,1979,827
77,27782,27903,184,1821,1978,690
77,27782,27903,185,1802,1978,570
77,27782,27903,186,1790,1976,432
77,27782,27903,187,1774,1976,333
77,27782,27903,188,1763,1973,211
77,27782,27903,189,1761,1975,229
77,27782,27903,190,1761,1975,230
77,27782,27903,191,1763,1975,260
77,27782,27903,192,1765,1975,269
77,27782,27903,193,1766,1975,284
77,27782,27903,194,1767,1975,297
77,27782,27903,195,1769,1976,310
77,27782,27903,196,1770,1975,327
77,27782,27903,197,1773,1976,339
77,27782,27903,198,1774,1975,354
77,27782,27903,199,1776,1976,369
77,27782,27903,200,1778,1976,382
77,27782,27903,201,1779,1976,400
77,27782,27903,202,1781,1977,409
77,27782,27903,203,1781,1977,430
77,27782,27903,204,1783,1976,437
77,27782,27903,205,1786,1976,454
77,27782,27903,206,1787,1976,468
77,27782,27903,207,1789,1977,479
77,27782,27903,208,1790,1977,497
77,27782,27903,209,1792,1977,510
77,27782,27903,210,1794,1978,524
77,27782,27903,211,1795,1977,534
77,27782,27903,212,1796,1978,551
77,27782,27903,213,1798,1977,568
77,27782,27903,214,1800,1978,580
77,27782,27903,215,1802,1978,599
77,27782,27903,216,1803,1978,607
77,27782,27903,217,1805,1979,624
77,27782,27903,218,1806,1978,638
77,27782,27903,219,1808,1978,663
77,27782,27903,220,1809,1978,665
77,27782,27903,221,1812,1978,679
77,27782,27903,222,1813,1978,695
77,27782,27903,223,1815,1978,709
77,27782,27903,224,1816,1979,724
77,27782,27903,225,1818,1979,736
77,27782,27903,226,1819,1980,748
77,27782,27903,227,1820,1979,764
77,27782,27903,228,1823,1979,779
77,27782,27903,229,1824,1980,791
77,27782,27903,230,1826,1980,807
77,27782,27903,231,1828,1979,826
77,27782,27903,232,1830,1980,836
77,27782,27903,233,1832,1979,849
77,27782,27903,234,1833,1979,863
77,27782,27903,235,1836,1980,880
77,27782,27903,236,1837,1980,891
77,27782,27903,237,1838,1980,909
77,27782,27903,238,1840,1980,918
77,27782,27903,239,1841,1980,937
77,27782,27903,240,1843,1980,949
77,27782,27903,241,1846,1980,964
77,27782,27903,242,1846,1980,979
77,27782,27903,243,1848,1980,995
77,27782,27903,244,1850,1981,1006
77,27782,27903,245,1853,1981,1020
77,27782,27903,246,1853,1980,1033
77,27782,27903,247,1857,1981,1069
77,27782,27903,248,1857,1981,1064
77,27782,27903,249,1859,1981,1078
77,27782,27903,250,1861,1981,1092
77,27782,27903,251,1863,1981,1105
77,27782,27903,252,1864,1981,1122
77,27782,27903,253,1867,1981,1133
77,27782,27903,254,1868,1980,1150
77,27782,27903,255,1870,1980,1163
77,27782,27903,256,1872,1981,1176
77,27782,27903,257,1873,1981,1192
77,27782,27903,258,1874,1981,1205
77,27782,27903,259,1877,1981,1218
77,27782,27903,260,1878,1981,1240
77,27782,27903,261,1880,1981,1249
77,27782,27903,262,1883,1981,1263
77,27782,27903,263,1883,1981,1275
77,27782,27903,264,1886,1981,1289
77,27782,27903,265,1888,1981,1303
77,27782,27903,266,1890,1982,1317
77,27782,27903,267,1888,1982,1320
77,27782,27903,268,1889,1981,1304
77,27782,27903,269,1885,1981,1289
77,27782,27903,270,1884,1981,1276
77,27782,27903,271,1883,1980,1261
77,27782,27903,272,1880,1981,1247
77,27782,27903,273,1878,1980,1234
77,27782,27903,274,1877,1980,1219
77,27782,27903,275,1875,1981,1208
77,27782,27903,276,1874,1981,1191
77,27782,27903,277,1871,1981,1176
77,27782,27903,278,1870,1980,1168
77,27782,27903,279,1869,1981,1148
77,27782,27903,280,1865,1981,1135
77,27782,27903,281,1865,1980,1121
77,27782,27903,282,1862,1981,1101
77,27782,27903,283,1861,1981,1090
77,27782,27903,284,1858,1980,1078
77,27782,27903,285,1858,1981,1061
77,27782,27903,286,1855,1980,1050
77,27782,27903,287,1854,1980,1034
77,27782,27903,288,1852,1980,1021
77,27782,27903,289,1850,1980,1006
77,27782,27903,290,1848,1980,992
77,27782,27903,291,1847,1980,978
77,27782,27903,292,1845,1980,965
77,27782,27903,293,1843,1980,948
77,27782,27903,294,1844,1980,932
77,27782,27903,295,1840,1980,919
77,27782,27903,296,1839,1980,906
77,27782,27903,297,1836,1980,892
77,27782,27903,298,1835,1980,907
77,27782,27903,299,1834,1980,865
77,27782,27903,300,1832,1980,853
77,27782,27903,301,1829,1979,835
77,27782,27903,302,1828,1980,820
77,27782,27903,303,1826,1979,808
77,27782,27903,304,1824,1979,791
77,27782,27903,305,1822,1979,780
77,27782,27903,306,1821,1979,770
77,27782,27903,307,1819,1979,748
77,27782,27903,308,1818,1978,738
77,27782,27903,309,1817,1979,724
77,27782,27903,310,1814,1978,707
77,27782,27903,311,1813,1979,696
77,27782,27903,312,1810,1978,679
77,27782,27903,313,1809,1978,665
77,27782,27903,314,1808,1978,651
77,27782,27903,315,1806,1978,634
77,27782,27903,316,1805,1978,623
77,27782,27903,317,1803,1978,606
77,27782,27903,318,1802,1977,591
77,27782,27903,319,1800,1978,581
77,27782,27903,320,1797,1977,563
77,27782,27903,321,1796,1977,556
77,27782,27903,322,1795,1977,540
77,27782,27903,323,1794,1977,524
77,27782,27903,324,1791,1977,509
77,27782,27903,325,1791,1977,495
77,27782,27903,326,1789,1976,476
77,27782,27903,327,1787,1977,466
77,27782,27903,328,1786,1976,457
77,27782,27903,329,1783,1977,440
77,27782,27903,330,1782,1977,425
77,27782,27903,331,1779,1976,408
77,27782,27903,332,1779,1977,394
77,27782,27903,333,1777,1976,381
77,27782,27903,334,1776,1977,367
77,27782,27903,335,1774,1976,358
77,27782,27903,336,1772,1976,339
77,27782,27903,337,1770,1975,325
77,27782,27903,338,1771,1974,315
77,27782,27903,339,1768,1975,294
77,27782,27903,340,1766,1975,278
77,27782,27903,341,1765,1974,268
77,27782,27903,342,1763,1974,254
77,27782,27903,343,1762,1974,240
77,27782,27903,344,1760,1974,225
77,27782,27903,345,1759,1974,209
77,27782,27903,346,1757,1973,198
77,27782,27903,347,1755,1974,206
77,27782,27903,348,1766,1975,271
77,27782,27903,349,1771,1976,336
77,27782,27903,350,1783,1977,432
77,27782,27903,351,1791,1978,534
77,27782,27903,352,1797,1979,628
77,27782,27903,353,1811,1980,726
77,27782,27903,354,1825,1980,806
77,27782,27903,355,1838,1981,940
78,27960,28081,0,1996,2027,1158
78,27960,28081,1,1874,1983,1229
78,27960,28081,2,1889,1981,1327
78,27960,28081,3,1900,1982,1436
78,27960,28081,4,1916,1983,1536
78,27960,28081,5,1928,1983,1651
78,27960,28081,6,1946,1983,1768
78,27960,28081,7,1963,1984,1904
78,27960,28081,8,1980,1984,2033
78,27960,28081,9,1999,1984,2164
78,27960,28081,10,2016,1984,2309
78,27960,28081,11,2035,1984,2444
78,27960,28081,12,2056,1985,2575
78,27960,28081,13,2071,1985,2695
78,27960,28081,14,2092,1986,2876
78,27960,28081,15,2115,1986,3050
78,27960,28081,16,2140,1986,3210
78,27960,28081,17,2163,1987,3394
78,27960,28081,18,2182,1985,3482
78,27960,28081,19,2187,1985,3494
78,27960,28081,20,2185,1985,3483
78,27960,28081,21,2184,1985,3471
78,27960,28081,22,2184,1985,3472
78,27960,28081,23,2184,1986,3476
78,27960,28081,24,2184,1985,3457
78,27960,28081,25,2182,1985,3447
78,27960,28081,26,2180,1985,3438
78,27960,28081,27,2177,1985,3420
78,27960,28081,28,2175,1985,3405
78,27960,28081,29,2172,1985,3393
78,27960,28081,30,2171,1985,3378
78,27960,28081,31,2167,1985,3365
78,27960,28081,32,2166,1984,3352
78,27960,28081,33,2165,1985,3331
78,27960,28081,34,2163,1985,3321
78,27960,28081,35,2162,1986,3311
78,27960,28081,36,2159,1986,3287
78,27960,28081,37,2156,1985,3278
78,27960,28081,38,2156,1985,3268
78,27960,28081,39,2153,1985,3250
78,27960,28081,40,2151,1986,3245
78,27960,28081,41,2149,1985,3223
78,27960,28081,42,2146,1985,3210
78,27960,28081,43,2145,1985,3192
78,27960,28081,44,2142,1985,3178
78,27960,28081,45,2141,1985,3165
78,27960,28081,46,2138,1985,3152
78,27960,28081,47,2138,1985,3135
78,27960,28081,48,2136,1985,3125
78,27960,28081,49,2134,1984,3108
78,27960,28081,50,2132,1985,3092
78,27960,28081,51,2130,1985,3079
78,27960,28081,52,2127,1985,3067
78,27960,28081,53,2124,1985,3051
78,27960,28081,54,2124,1985,3036
78,27960,28081,55,2121,1984,3024
78,27960,28081,56,2120,1985,3008
78,27960,28081,57,2117,1984,2993
78,27960,28081,58,2116,1984,2981
78,27960,28081,59,2114,1984,2965
78,27960,28081,60,2113,1984,2952
78,27960,28081,61,2109,1984,2935
78,27960,28081,62,2107,1984,2923
78,27960,28081,63,2105,1985,2909
78,27960,28081,64,2104,1984,2894
78,27960,28081,65,2102,1984,2882
78,27960,28081,66,2100,1984,2865
78,27960,28081,67,2098,1984,2856
78,27960,28081,68,2096,1984,2837
78,27960,28081,69,2095,1985,2822
78,27960,28081,70,2093,1984,2810
78,27960,28081,71,2091,1985,2797
78,27960,28081,72,2087,1984,2781
78,27960,28081,73,2086,1984,2765
78,27960,28081,74,2084,1984,2751
78,27960,28081,75,2083,1984,2738
78,27960,28081,76,2080,1984,2723
78,27960,28081,77,2079,1984,2711
78,27960,28081,78,2077,1984,2696
78,27960,28081,79,2075,1984,2680
78,27960,28081,80,2072,1984,2668
78,27960,28081,81,2071,1984,2653
78,27960,28081,82,2068,1984,2641
78,27960,28081,83,2067,1984,2626
78,27960,28081,84,2065,1983,2611
78,27960,28081,85,2063,1984,2597
78,27960,28081,86,2061,1984,2581
78,27960,28081,87,2058,1984,2568
78,27960,28081,88,2059,1984,2552
78,27960,28081,89,2057,1984,2554
78,27960,28081,90,2059,1983,2570
78,27960,28081,91,2060,1984,2581
78,27960,28081,92,2064,1984,2599
78,27960,28081,93,2064,1984,2612
78,27960,28081,94,2067,1984,2617
78,27960,28081,95,2068,1984,2638
78,27960,28081,96,2070,1984,2654
78,27960,28081,97,2072,1985,2665
78,27960,28081,98,2075,1984,2683
78,27960,28081,99,2075,1984,2697
78,27960,28081,100,2078,1984,2711
78,27960,28081,101,2081,1984,2724
78,27960,28081,102,2083,1984,2738
78,27960,28081,103,2084,1984,2755
78,27960,28081,104,2086,1984,2768
78,27960,28081,105,2089,1984,2779
78,27960,28081,106,2089,1984,2797
78,27960,28081,107,2091,1984,2808
78,27960,28081,108,2095,1984,2824
78,27960,28081,109,2095,1984,2837
78,27960,28081,110,2098,1984,2856
78,27960,28081,111,2100,1985,2870
78,27960,28081,112,2102,1984,2879
78,27960,28081,113,2103,1985,2894
78,27960,28081,114,2104,1984,2910
78,27960,28081,115,2108,1985,2922
78,27960,28081,116,2109,1985,2942
78,27960,28081,117,2112,1985,2952
78,27960,28081,118,2114,1985,2967
78,27960,28081,119,2115,1985,2980
78,27960,28081,120,2118,1984,2996
78,27960,28081,121,2120,1984,3005
78,27960,28081,122,2121,1985,3025
78,27960,28081,123,2124,1985,3037
78,27960,28081,124,2125,1985,3049
78,27960,28081,125,2127,1984,3064
78,27960,28081,126,2130,1985,3078
78,27960,28081,127,2131,1985,3097
78,27960,28081,128,2133,1985,3108
78,27960,28081,129,2135,1985,3123
78,27960,28081,130,2138,1985,3137
78,27960,28081,131,2140,1985,3150
78,27960,28081,132,2140,1985,3166
78,27960,28081,133,2143,1985,3182
78,27960,28081,134,2145,1985,3191
78,27960,28081,135,2147,1985,3210
78,27960,28081,136,2147,1985,3221
78,27960,28081,137,2151,1985,3235
78,27960,28081,138,2154,1985,3250
78,27960,28081,139,2155,1985,3263
78,27960,28081,140,2157,1985,3288
78,27960,28081,141,2159,1985,3297
78,27960,28081,142,2161,1985,3305
78,27960,28081,143,2163,1985,3324
78,27960,28081,144,2164,1985,3341
78,27960,28081,145,2167,1986,3351
78,27960,28081,146,2169,1986,3364
78,27960,28081,147,2170,1985,3380
78,27960,28081,148,2172,1985,3391
78,27960,28081,149,2174,1985,3403
78,27960,28081,150,2176,1986,3420
78,27960,28081,151,2178,1986,3434
78,27960,28081,152,2181,1986,3450
78,27960,28081,153,2182,1985,3468
78,27960,28081,154,2185,1986,3474
78,27960,28081,155,2184,1985,3472
78,27960,28081,156,2184,1986,3470
78,27960,28081,157,2187,1985,3484
78,27960,28081,158,2187,1986,3495
78,27960,28081,159,2189,1986,3511
78,27960,28081,160,2191,1986,3515
78,27960,28081,161,2189,1986,3513
78,27960,28081,162,2190,1985,3513
78,27960,28081,163,2185,1985,3460
78,27960,28081,164,2179,1985,3381
78,27960,28081,165,2161,1985,3281
78,27960,28081,166,2147,1984,3176
78,27960,28081,167,2130,1984,3044
78,27960,28081,168,2114,1984,2914
78,27960,28081,169,2094,1983,2774
78,27960,28081,170,2079,1982,2643
78,27960,28081,171,2057,1982,2509
78,27960,28081,172,2036,1982,2345
78,27960,28081,173,2017,1981,2191
78,27960,28081,174,1993,1981,2037
78,27960,28081,175,1975,1981,1901
78,27960,28081,176,1953,1981,1758
78,27960,28081,177,1932,1981,1600
78,27960,28081,178,1923,1981,1510
78,27960,28081,179,1904,1981,1403
78,27960,28081,180,1891,1981,1266
78,27960,28081,181,1871,1980,1157
78,27960,28081,182,1855,1979,1004
78,27960,28081,183,1842,1979,875
78,27960,28081,184,1822,1979,741
78,27960,28081,185,1808,1977,594
78,27960,28081,186,1790,1975,422
78,27960,28081,187,1772,1974,250
78,27960,28081,188,1759,1974,219
78,27960,28081,189,1760,1974,226
78,27960,28081,190,1762,1975,237
78,27960,28081,191,1762,1974,254
78,27960,28081,192,1764,1975,268
78,27960,28081,193,1766,1975,283
78,27960,28081,194,1768,1974,299
78,27960,28081,195,1769,1975,312
78,27960,28081,196,1771,1975,323
78,27960,28081,197,1772,1975,338
78,27960,28081,198,1774,1975,352
78,27960,28081,199,1776,1976,367
78,27960,28081,200,1776,1976,375
78,27960,28081,201,1779,1977,394
78,27960,28081,202,1780,1976,412
78,27960,28081,203,1783,1976,426
78,27960,28081,204,1784,1976,439
78,27960,28081,205,1785,1976,450
78,27960,28081,206,1787,1977,464
78,27960,28081,207,1788,1977,482
78,27960,28081,208,1790,1977,492
78,27960,28081,209,1792,1977,510
78,27960,28081,210,1793,1978,522
78,27960,28081,211,1795,1978,537
78,27960,28081,212,1797,1978,553
78,27960,28081,213,1798,1978,565
78,27960,28081,214,1800,1978,581
78,27960,28081,215,1801,1978,596
78,27960,28081,216,1803,1978,610
78,27960,28081,217,1804,1979,627
78,27960,28081,218,1806,1978,638
78,27960,28081,219,1808,1978,650
78,27960,28081,220,1810,1978,666
78,27960,28081,221,1812,1978,679
78,27960,28081,222,1812,1979,687
78,27960,28081,223,1814,1979,708
78,27960,28081,224,1816,1979,723
78,27960,28081,225,1818,1979,737
78,27960,28081,226,1818,1979,750
78,27960,28081,227,1822,1980,765
78,27960,28081,228,1822,1979,780
78,27960,28081,229,1825,1979,795
78,27960,28081,230,1826,1979,809
78,27960,28081,231,1827,1979,821
78,27960,28081,232,1829,1980,840
78,27960,28081,233,1831,1980,852
78,27960,28081,234,1833,1980,864
78,27960,28081,235,1834,1979,877
78,27960,28081,236,1836,1979,895
78,27960,28081,237,1838,1979,907
78,27960,28081,238,1839,1980,918
78,27960,28081,239,1841,1980,936
78,27960,28081,240,1843,1979,949
78,27960,28081,241,1845,1979,964
78,27960,28081,242,1847,1980,978
78,27960,28081,243,1848,1980,992
78,27960,28081,244,1850,1980,1006
78,27960,28081,245,1852,1981,1016
78,27960,28081,246,1855,1980,1033
78,27960,28081,247,1855,1980,1045
78,27960,28081,248,1858,1981,1062
78,27960,28081,249,1859,1981,1078
78,27960,28081,250,1860,1981,1091
78,27960,28081,251,1862,1981,1105
78,27960,28081,252,1865,1981,1121
78,27960,28081,253,1866,1981,1137
78,27960,28081,254,1868,1981,1148
78,27960,28081,255,1870,1981,1162
78,27960,28081,256,1872,1981,1176
78,27960,28081,257,1873,1981,1190
78,27960,28081,258,1874,1980,1205
78,27960,28081,259,1876,1982,1221
78,27960,28081,260,1878,1981,1232
78,27960,28081,261,1880,1981,1246
78,27960,28081,262,1880,1981,1261
78,27960,28081,263,1884,1981,1275
78,27960,28081,264,1886,1981,1282
78,27960,28081,265,1888,1981,1306
78,27960,28081,266,1889,1981,1320
78,27960,28081,267,1890,1981,1318
78,27960,28081,268,1887,1981,1305
78,27960,28081,269,1886,1980,1291
78,27960,28081,270,1885,1981,1276
78,27960,28081,271,1882,1981,1262
78,27960,28081,272,1880,1981,1248
78,27960,28081,273,1878,1981,1212
78,27960,28081,274,1878,1981,1218
78,27960,28081,275,1874,1980,1204
78,27960,28081,276,1873,1981,1195
78,27960,28081,277,1871,1981,1176
78,27960,28081,278,1870,1981,1161
78,27960,28081,279,1868,1980,1148
78,27960,28081,280,1867,1980,1125
78,27960,28081,281,1864,1981,1121
78,27960,28081,282,1862,1980,1108
78,27960,28081,283,1861,1980,1091
78,27960,28081,284,1859,1981,1079
78,27960,28081,285,1857,1980,1061
78,27960,28081,286,1855,1980,1050
78,27960,28081,287,1855,1980,1025
78,27960,28081,288,1851,1981,1020
78,27960,28081,289,1850,1980,1005
78,27960,28081,290,1848,1981,991
78,27960,28081,291,1847,1981,977
78,27960,28081,292,1845,1980,968
78,27960,28081,293,1843,1980,950
78,27960,28081,294,1841,1980,939
78,27960,28081,295,1840,1980,923
78,27960,28081,296,1838,1980,912
78,27960,28081,297,1837,1980,896
78,27960,28081,298,1834,1980,876
78,27960,28081,299,1833,1980,866
78,27960,28081,300,1831,1979,852
78,27960,28081,301,1830,1979,840
78,27960,28081,302,1829,1979,821
78,27960,28081,303,1825,1979,807
78,27960,28081,304,1823,1980,795
78,27960,28081,305,1823,1979,777
78,27960,28081,306,1820,1979,765
78,27960,28081,307,1819,1979,750
78,27960,28081,308,1818,1978,736
78,27960,28081,309,1816,1979,724
78,27960,28081,310,1816,1979,707
78,27960,28081,311,1813,1979,696
78,27960,28081,312,1811,1979,678
78,27960,28081,313,1811,1979,665
78,27960,28081,314,1808,1979,653
78,27960,28081,315,1806,1978,639
78,27960,28081,316,1805,1978,623
78,27960,28081,317,1808,1978,607
78,27960,28081,318,1801,1977,594
78,27960,28081,319,1800,1978,579
78,27960,28081,320,1798,1977,566
78,27960,28081,321,1796,1978,551
78,27960,28081,322,1795,1977,543
78,27960,28081,323,1794,1977,525
78,27960,28081,324,1796,1978,511
78,27960,28081,325,1790,1977,495
78,27960,28081,326,1788,1977,483
78,27960,28081,327,1788,1977,469
78,27960,28081,328,1785,1977,453
78,27960,28081,329,1784,1977,440
78,27960,28081,330,1782,1977,424
78,27960,28081,331,1781,1976,410
78,27960,28081,332,1780,1976,395
78,27960,28081,333,1777,1976,383
78,27960,28081,334,1775,1976,370
78,27960,28081,335,1773,1976,353
78,27960,28081,336,1773,1976,341
78,27960,28081,337,1770,1976,325
78,27960,28081,338,1769,1975,315
78,27960,28081,339,1767,1975,298
78,27960,28081,340,1767,1975,279
78,27960,28081,341,1764,1974,267
78,27960,28081,342,1763,1975,252
78,27960,28081,343,1761,1974,243
78,27960,28081,344,1760,1974,226
78,27960,28081,345,1758,1973,210
78,27960,28081,346,1757,1974,198
78,27960,28081,347,1755,1973,185
78,27960,28081,348,1754,1974,176
78,27960,28081,349,1762,1975,251
78,27960,28081,350,1771,1975,341
78,27960,28081,351,1783,1977,435
78,27960,28081,352,1793,1978,554
78,27960,28081,353,1807,1979,652
78,27960,28081,354,1821,1980,785
78,27960,28081,355,1834,1981,898
