count,tInitial,tFinal,step,v_ref,adc_A,adc_B
0,7841,7962,0,2191,2194,3526
0,7841,7962,1,2160,1991,3352
0,7841,7962,2,2149,1984,2988
0,7841,7962,3,2107,1985,2736
0,7841,7962,4,2072,1980,2559
0,7841,7962,5,2053,1985,2450
0,7841,7962,6,2046,1985,2371
0,7841,7962,7,2031,1981,2382
0,7841,7962,8,2039,1985,2398
0,7841,7962,9,2046,1986,2451
0,7841,7962,10,2047,1982,2513
0,7841,7962,11,2064,1985,2606
0,7841,7962,12,2078,1987,2698
0,7841,7962,13,2081,1982,2063
0,7841,7962,14,1987,1978,1988
0,7841,7962,15,1990,1984,1986
0,7841,7962,16,1979,1980,1986
0,7841,7962,17,1988,1984,1986
0,7841,7962,18,1990,1984,1986
0,7841,7962,19,2178,1997,3496
0,7841,7962,20,2187,1987,3489
0,7841,7962,21,2188,1985,2247
0,7841,7962,22,2181,1986,3005
0,7841,7962,23,2006,1972,2005
0,7841,7962,24,1998,1995,3475
0,7841,7962,25,2175,1985,3455
0,7841,7962,26,2182,1986,3442
0,7841,7962,27,2179,1986,3431
0,7841,7962,28,2171,1985,3414
0,7841,7962,29,2176,1985,3412
0,7841,7962,30,2175,1986,3389
0,7841,7962,31,2166,1985,3374
0,7841,7962,32,2168,1985,3343
0,7841,7962,33,2169,1986,3347
0,7841,7962,34,2161,1985,3329
0,7841,7962,35,2163,1985,3314
0,7841,7962,36,2162,1985,3302
0,7841,7962,37,2154,1986,3288
0,7841,7962,38,2158,1985,3271
0,7841,7962,39,2156,1985,3260
0,7841,7962,40,2149,1985,3243
0,7841,7962,41,2146,1984,3233
0,7841,7962,42,2150,1985,3216
0,7841,7962,43,2144,1985,3202
0,7841,7962,44,2146,1985,3188
0,7841,7962,45,2144,1984,3175
0,7841,7962,46,2139,1985,3160
0,7841,7962,47,2139,1985,3147
0,7841,7962,48,2137,1984,3132
0,7841,7962,49,2132,1986,3119
0,7841,7962,50,2133,1986,3100
0,7841,7962,51,2131,1983,3088
0,7841,7962,52,2127,1986,3076
0,7841,7962,53,2127,1986,3059
0,7841,7962,54,2126,1983,3047
0,7841,7962,55,2121,1986,3031
0,7841,7962,56,2121,1987,3019
0,7841,7962,57,2119,1982,2354
0,7841,7962,58,1988,1975,1993
0,7841,7962,59,1999,1993,2975
0,7841,7962,60,2108,1982,2961
0,7841,7962,61,2111,1986,2950
0,7841,7962,62,2107,1987,2932
0,7841,7962,63,2107,1981,2922
0,7841,7962,64,2105,1986,2902
0,7841,7962,65,2103,1987,2888
0,7841,7962,66,2100,1982,2877
0,7841,7962,67,2100,1986,2859
0,7841,7962,68,2098,1987,2847
0,7841,7962,69,2092,1981,2832
0,7841,7962,70,2093,1986,2818
0,7841,7962,71,2092,1987,2803
0,7841,7962,72,2086,1981,2791
0,7841,7962,73,2088,1985,2774
0,7841,7962,74,2088,1986,2758
0,7841,7962,75,2081,1981,2748
0,7841,7962,76,2083,1985,2735
0,7841,7962,77,2083,1986,2715
0,7841,7962,78,2072,1981,2705
0,7841,7962,79,2078,1985,2696
0,7841,7962,80,2076,1986,2677
0,7841,7962,81,2067,1981,2662
0,7841,7962,82,2072,1985,2647
0,7841,7962,83,2071,1986,2637
0,7841,7962,84,2062,1981,2617
0,7841,7962,85,2066,1985,2602
0,7841,7962,86,2065,1985,2594
0,7841,7962,87,2056,1981,2574
0,7841,7962,88,2061,1985,2565
0,7841,7962,89,2060,1985,2564
0,7841,7962,90,2056,1982,2579
0,7841,7962,91,2064,1985,2597
0,7841,7962,92,2066,1985,2609
0,7841,7962,93,2062,1982,2616
0,7841,7962,94,2070,1985,2633
0,7841,7962,95,2073,1985,2650
0,7841,7962,96,2067,1982,2674
0,7841,7962,97,2076,1985,2679
0,7841,7962,98,2077,1985,2641
0,7841,7962,99,2073,1983,2624
0,7841,7962,100,2082,1984,2721
0,7841,7962,101,2084,1985,2732
0,7841,7962,102,2079,1983,2747
0,7841,7962,103,2091,1985,2762
0,7841,7962,104,2089,1985,2778
0,7841,7962,105,2085,1984,2789
0,7841,7962,106,2092,1984,2076
0,7841,7962,107,1989,1985,2822
0,7841,7962,108,2091,1984,2830
0,7841,7962,109,2100,1984,2845
0,7841,7962,110,2100,1985,2868
0,7841,7962,111,2098,1984,2874
0,7841,7962,112,2104,1984,2887
0,7841,7962,113,2107,1985,2895
0,7841,7962,114,2104,1984,2921
0,7841,7962,115,2110,1984,2825
0,7841,7962,116,2070,1983,2088
0,7841,7962,117,1982,1976,1991
0,7841,7962,118,1987,1982,1989
0,7841,7962,119,1987,1982,1982
0,7841,7962,120,1983,1983,1988
0,7841,7962,121,1986,1982,1990
0,7841,7962,122,1986,1981,1982
0,7841,7962,123,1983,1983,1987
0,7841,7962,124,1986,1983,1989
0,7841,7962,125,1992,1990,3078
0,7841,7962,126,2127,1986,3089
0,7841,7962,127,2132,1986,3102
0,7841,7962,128,2134,1982,3115
0,7841,7962,129,2136,1986,3131
0,7841,7962,130,2138,1987,3149
0,7841,7962,131,2141,1982,3158
0,7841,7962,132,2142,1986,3170
0,7841,7962,133,2145,1987,3187
0,7841,7962,134,2147,1982,3205
0,7841,7962,135,2149,1986,3220
0,7841,7962,136,2151,1988,3229
0,7841,7962,137,2152,1982,3246
0,7841,7962,138,2155,1987,3256
0,7841,7962,139,2157,1988,3272
0,7841,7962,140,2157,1982,3290
0,7841,7962,141,2160,1986,3304
0,7841,7962,142,2163,1988,3319
0,7841,7962,143,2162,1982,3332
0,7841,7962,144,2166,1987,3342
0,7841,7962,145,2169,1988,3358
0,7841,7962,146,2167,1982,3362
0,7841,7962,147,2173,1987,3387
0,7841,7962,148,2176,1988,3404
0,7841,7962,149,2172,1983,3415
0,7841,7962,150,2179,1987,3433
0,7841,7962,151,2183,1988,3443
0,7841,7962,152,2178,1983,3459
0,7841,7962,153,2185,1987,3466
0,7841,7962,154,2187,1988,3476
0,7841,7962,155,2180,1983,3474
0,7841,7962,156,2186,1987,3473
0,7841,7962,157,2190,1987,3499
0,7841,7962,158,2184,1983,3506
0,7841,7962,159,2193,1987,3515
0,7841,7962,160,2192,1988,3526
0,7841,7962,161,2185,1983,3517
0,7841,7962,162,2186,1987,3411
0,7841,7962,163,2175,1987,3389
0,7841,7962,164,2153,1982,3260
0,7841,7962,165,2144,1984,3131
0,7841,7962,166,2116,1985,2998
0,7841,7962,167,2105,1981,2879
0,7841,7962,168,2096,1984,2765
0,7841,7962,169,2076,1984,2646
0,7841,7962,170,2056,1981,2535
0,7841,7962,171,2046,1983,2407
0,7841,7962,172,2029,1983,2280
0,7841,7962,173,2002,1980,2148
0,7841,7962,174,1992,1982,2017
0,7841,7962,175,1975,1982,1888
0,7841,7962,176,1941,1980,1957
0,7841,7962,177,1988,1984,1985
0,7841,7962,178,1989,1983,1780
0,7841,7962,179,1897,1976,1919
0,7841,7962,180,1989,1979,1252
0,7841,7962,181,1870,1980,1112
0,7841,7962,182,1848,1978,984
0,7841,7962,183,1835,1978,826
0,7841,7962,184,1816,1978,685
0,7841,7962,185,1797,1977,1046
0,7841,7962,186,1970,1993,1968
0,7841,7962,187,1986,1984,1981
0,7841,7962,188,1982,1984,1987
0,7841,7962,189,1986,1983,1988
0,7841,7962,190,1987,1962,247
0,7841,7962,191,1758,1975,261
0,7841,7962,192,1766,1975,272
0,7841,7962,193,1768,1974,290
0,7841,7962,194,1766,1976,305
0,7841,7962,195,1770,1975,315
0,7841,7962,196,1773,1974,332
0,7841,7962,197,1771,1976,345
0,7841,7962,198,1775,1976,361
0,7841,7962,199,1777,1974,376
0,7841,7962,200,1777,1977,384
0,7841,7962,201,1779,1977,400
0,7841,7962,202,1781,1974,423
0,7841,7962,203,1782,1978,429
0,7841,7962,204,1785,1979,445
0,7841,7962,205,1786,1974,459
0,7841,7962,206,1787,1978,1814
0,7841,7962,207,1988,1979,485
0,7841,7962,208,1785,1974,496
0,7841,7962,209,1792,1978,515
0,7841,7962,210,1793,1980,527
0,7841,7962,211,1795,1974,544
0,7841,7962,212,1798,1979,555
0,7841,7962,213,1798,1980,572
0,7841,7962,214,1799,1975,588
0,7841,7962,215,1802,1979,600
0,7841,7962,216,1804,1980,616
0,7841,7962,217,1803,1975,628
0,7841,7962,218,1808,1979,642
0,7841,7962,219,1810,1981,657
0,7841,7962,220,1808,1975,670
0,7841,7962,221,1814,1980,687
0,7841,7962,222,1816,1981,697
0,7841,7962,223,1811,1975,714
0,7841,7962,224,1818,1980,729
0,7841,7962,225,1820,1980,749
0,7841,7962,226,1816,1976,756
0,7841,7962,227,1823,1980,769
0,7841,7962,228,1826,1981,782
0,7841,7962,229,1821,1976,798
0,7841,7962,230,1829,1981,812
0,7841,7962,231,1831,1981,827
0,7841,7962,232,1826,1976,840
0,7841,7962,233,1834,1981,858
0,7841,7962,234,1836,1981,867
0,7841,7962,235,1830,1977,884
0,7841,7962,236,1838,1980,898
0,7841,7962,237,1841,1981,914
0,7841,7962,238,1836,1977,926
0,7841,7962,239,1844,1981,941
0,7841,7962,240,1846,1981,956
0,7841,7962,241,1841,1977,969
0,7841,7962,242,1850,1980,984
0,7841,7962,243,1853,1981,999
0,7841,7962,244,1846,1978,1016
0,7841,7962,245,1854,1981,1026
0,7841,7962,246,1857,1981,1039
0,7841,7962,247,1851,1979,1051
0,7841,7962,248,1860,1980,1069
0,7841,7962,249,1862,1981,1084
0,7841,7962,250,1857,1979,1097
0,7841,7962,251,1865,1980,1112
0,7841,7962,252,1867,1981,1129
0,7841,7962,253,1862,1980,1138
0,7841,7962,254,1871,1981,1154
0,7841,7962,255,1872,1981,1169
0,7841,7962,256,1867,1980,1180
0,7841,7962,257,1876,1981,1192
0,7841,7962,258,1878,1981,1217
0,7841,7962,259,1875,1980,1226
0,7841,7962,260,1880,1981,1239
0,7841,7962,261,1882,1981,1254
0,7841,7962,262,1879,1981,1267
0,7841,7962,263,1886,1980,1283
0,7841,7962,264,1888,1981,1298
0,7841,7962,265,1886,1981,1309
0,7841,7962,266,1891,1981,1324
0,7841,7962,267,1891,1981,1322
0,7841,7962,268,1886,1981,1313
0,7841,7962,269,1887,1980,1294
0,7841,7962,270,1886,1980,1284
0,7841,7962,271,1880,1981,1268
0,7841,7962,272,1881,1981,1253
0,7841,7962,273,1879,1979,1239
0,7841,7962,274,1876,1981,1227
0,7841,7962,275,1876,1981,1212
0,7841,7962,276,1875,1979,1198
0,7841,7962,277,1871,1981,1190
0,7841,7962,278,1871,1982,1167
0,7841,7962,279,1869,1978,1158
0,7841,7962,280,1866,1981,1141
0,7841,7962,281,1865,1982,1127
0,7841,7962,282,1863,1977,1106
0,7841,7962,283,1862,1981,1095
0,7841,7962,284,1859,1982,1081
0,7841,7962,285,1858,1977,1069
0,7841,7962,286,1857,1981,1055
0,7841,7962,287,1854,1983,1039
0,7841,7962,288,1851,1977,1026
0,7841,7962,289,1850,1981,1017
0,7841,7962,290,1849,1982,996
0,7841,7962,291,1846,1976,989
0,7841,7962,292,1846,1981,969
0,7841,7962,293,1845,1982,954
0,7841,7962,294,1839,1976,931
0,7841,7962,295,1842,1981,923
0,7841,7962,296,1841,1981,912
0,7841,7962,297,1834,1976,892
0,7841,7962,298,1837,1981,881
0,7841,7962,299,1836,1981,870
0,7841,7962,300,1829,1976,857
0,7841,7962,301,1832,1981,840
0,7841,7962,302,1831,1981,828
0,7841,7962,303,1822,1976,808
0,7841,7962,304,1827,1980,799
0,7841,7962,305,1826,1981,783
0,7841,7962,306,1817,1976,768
0,7841,7962,307,1821,1980,754
0,7841,7962,308,1821,1980,744
0,7841,7962,309,1812,1976,727
0,7841,7962,310,1817,1979,721
0,7841,7962,311,1816,1980,702
0,7841,7962,312,1807,1975,1835
0,7841,7962,313,1990,1994,1978
0,7841,7962,314,1804,1970,655
0,7841,7962,315,1805,1976,644
0,7841,7962,316,1807,1979,635
0,7841,7962,317,1806,1979,615
0,7841,7962,318,1798,1976,597
0,7841,7962,319,1802,1978,589
0,7841,7962,320,1801,1978,574
0,7841,7962,321,1792,1976,554
0,7841,7962,322,1798,1978,542
0,7841,7962,323,1796,1978,530
0,7841,7962,324,1787,1976,513
0,7841,7962,325,1793,1977,501
0,7841,7962,326,1791,1978,495
0,7841,7962,327,1783,1976,475
0,7841,7962,328,1787,1977,461
0,7841,7962,329,1786,1977,446
0,7841,7962,330,1778,1976,431
0,7841,7962,331,1782,1976,417
0,7841,7962,332,1781,1976,402
0,7841,7962,333,1774,1975,386
0,7841,7962,334,1778,1976,370
0,7841,7962,335,1776,1975,362
0,7841,7962,336,1769,1975,345
0,7841,7962,337,1774,1975,329
0,7841,7962,338,1772,1975,307
0,7841,7962,339,1765,1975,299
0,7841,7962,340,1768,1975,287
0,7841,7962,341,1767,1974,277
0,7841,7962,342,1760,1974,259
0,7841,7962,343,1762,1974,245
0,7841,7962,344,1762,1974,235
0,7841,7962,345,1757,1974,219
0,7841,7962,346,1758,1974,200
0,7841,7962,347,1756,1972,190
0,7841,7962,348,1752,1973,172
0,7841,7962,349,1755,1975,201
0,7841,7962,350,1764,1973,266
0,7841,7962,351,1773,1977,372
0,7841,7962,352,1785,1979,501
0,7841,7962,353,1799,1975,597
0,7841,7962,354,1812,1980,716
0,7841,7962,355,1827,1983,865
1,8011,8132,0,1960,2015,1152
1,8011,8132,1,1875,1984,1215
1,8011,8132,2,1888,1985,1319
1,8011,8132,3,1896,1979,1403
1,8011,8132,4,1912,1984,1513
1,8011,8132,5,1928,1985,1645
1,8011,8132,6,1937,1980,1710
1,8011,8132,7,1960,1985,1860
1,8011,8132,8,1977,1985,1999
1,8011,8132,9,1987,1981,2124
1,8011,8132,10,2010,1985,2260
1,8011,8132,11,2025,1986,2378
1,8011,8132,12,2045,1982,2541
1,8011,8132,13,2071,1987,2692
1,8011,8132,14,2092,1987,2847
1,8011,8132,15,2106,1982,2990
1,8011,8132,16,2133,1988,3132
1,8011,8132,17,2155,1988,3287
1,8011,8132,18,2165,1984,3408
1,8011,8132,19,2186,1987,3503
1,8011,8132,20,2188,1986,3487
1,8011,8132,21,2179,1983,3473
1,8011,8132,22,2186,1986,3474
1,8011,8132,23,2188,1987,3477
1,8011,8132,24,2178,1983,3472
1,8011,8132,25,2185,1986,3454
1,8011,8132,26,2182,1987,3443
1,8011,8132,27,2173,1983,3430
1,8011,8132,28,2179,1986,3413
1,8011,8132,29,2176,1986,3401
1,8011,8132,30,2167,1984,3375
1,8011,8132,31,2173,1986,3374
1,8011,8132,32,2170,1986,3360
1,8011,8132,33,2162,1984,3348
1,8011,8132,34,2166,1985,3330
1,8011,8132,35,2164,1986,3316
1,8011,8132,36,2155,1984,3302
1,8011,8132,37,2161,1986,3287
1,8011,8132,38,2158,1985,3274
1,8011,8132,39,2150,1984,3260
1,8011,8132,40,2154,1985,3241
1,8011,8132,41,2152,1985,3230
1,8011,8132,42,2145,1985,3216
1,8011,8132,43,2148,1985,3202
1,8011,8132,44,2144,1985,3189
1,8011,8132,45,2138,1985,3174
1,8011,8132,46,2142,1985,3160
1,8011,8132,47,2139,1985,3145
1,8011,8132,48,2134,1985,3135
1,8011,8132,49,2135,1984,3118
1,8011,8132,50,2134,1985,3103
1,8011,8132,51,2129,1985,3088
1,8011,8132,52,2129,1985,3072
1,8011,8132,53,2127,1983,3061
1,8011,8132,54,2122,1985,3046
1,8011,8132,55,2123,1985,3040
1,8011,8132,56,2121,1983,3016
1,8011,8132,57,2116,1985,3004
1,8011,8132,58,2116,1986,2989
1,8011,8132,59,2116,1982,2974
1,8011,8132,60,2111,1985,2959
1,8011,8132,61,2110,1987,2947
1,8011,8132,62,2110,1982,2933
1,8011,8132,63,2106,1985,2916
1,8011,8132,64,2105,1986,2906
1,8011,8132,65,2104,1982,2891
1,8011,8132,66,2101,1985,2876
1,8011,8132,67,2099,1986,2860
1,8011,8132,68,2098,1981,2848
1,8011,8132,69,2095,1985,2835
1,8011,8132,70,2093,1987,2818
1,8011,8132,71,2091,1981,2806
1,8011,8132,72,2090,1985,2793
1,8011,8132,73,2088,1986,2772
1,8011,8132,74,2084,1981,2764
1,8011,8132,75,2085,1985,2745
1,8011,8132,76,2083,1986,2733
1,8011,8132,77,2077,1981,2718
1,8011,8132,78,2079,1985,2704
1,8011,8132,79,2078,1986,2692
1,8011,8132,80,2071,1981,2678
1,8011,8132,81,2073,1985,2663
1,8011,8132,82,2073,1986,2649
1,8011,8132,83,2064,1980,2634
1,8011,8132,84,2068,1985,2621
1,8011,8132,85,2067,1985,2614
1,8011,8132,86,2058,1981,2592
1,8011,8132,87,2062,1985,2579
1,8011,8132,88,2061,1986,2565
1,8011,8132,89,2053,1981,2562
1,8011,8132,90,2062,1985,2577
1,8011,8132,91,2064,1985,2591
1,8011,8132,92,2060,1981,2605
1,8011,8132,93,2068,1985,2620
1,8011,8132,94,2070,1985,2636
1,8011,8132,95,2065,1981,2650
1,8011,8132,96,2074,1986,2662
1,8011,8132,97,2076,1986,2674
1,8011,8132,98,2070,1982,2691
1,8011,8132,99,2080,1985,2704
1,8011,8132,100,2082,1985,2716
1,8011,8132,101,2076,1983,2732
1,8011,8132,102,2086,1985,2746
1,8011,8132,103,2088,1986,2760
1,8011,8132,104,2083,1983,2773
1,8011,8132,105,2091,1985,2787
1,8011,8132,106,2093,1985,2805
1,8011,8132,107,2088,1983,2816
1,8011,8132,108,2097,1985,2833
1,8011,8132,109,2098,1985,2845
1,8011,8132,110,2095,1984,2862
1,8011,8132,111,2103,1985,2874
1,8011,8132,112,2105,1985,2888
1,8011,8132,113,2100,1984,2904
1,8011,8132,114,2108,1984,2921
1,8011,8132,115,2111,1985,2933
1,8011,8132,116,2107,1984,2939
1,8011,8132,117,2116,1985,2960
1,8011,8132,118,2116,1984,2970
1,8011,8132,119,2113,1984,2988
1,8011,8132,120,2121,1984,3003
1,8011,8132,121,2123,1985,3018
1,8011,8132,122,2119,1985,3038
1,8011,8132,123,2126,1985,3044
1,8011,8132,124,2128,1985,3065
1,8011,8132,125,2126,1986,3076
1,8011,8132,126,2131,1985,3088
1,8011,8132,127,2134,1984,3101
1,8011,8132,128,2132,1985,3113
1,8011,8132,129,2138,1985,3130
1,8011,8132,130,2141,1983,3142
1,8011,8132,131,2139,1986,3159
1,8011,8132,132,2142,1987,3174
1,8011,8132,133,2145,1983,3191
1,8011,8132,134,2143,1986,3202
1,8011,8132,135,2147,1987,3216
1,8011,8132,136,2151,1983,3231
1,8011,8132,137,2151,1986,3246
1,8011,8132,138,2154,1987,3258
1,8011,8132,139,2157,1983,3279
1,8011,8132,140,2158,1986,3288
1,8011,8132,141,2160,1988,3302
1,8011,8132,142,2161,1982,3312
1,8011,8132,143,2168,1987,3331
1,8011,8132,144,2166,1988,3344
1,8011,8132,145,2167,1983,3361
1,8011,8132,146,2171,1987,3373
1,8011,8132,147,2173,1988,3384
1,8011,8132,148,2172,1982,3401
1,8011,8132,149,2176,1987,3415
1,8011,8132,150,2179,1988,3431
1,8011,8132,151,2177,1983,3443
1,8011,8132,152,2183,1987,3459
1,8011,8132,153,2186,1988,3471
1,8011,8132,154,2182,1983,3476
1,8011,8132,155,2185,1987,3474
1,8011,8132,156,2189,1988,3475
1,8011,8132,157,2183,1982,3486
1,8011,8132,158,2191,1987,3507
1,8011,8132,159,2192,1988,3513
1,8011,8132,160,2187,1983,3522
1,8011,8132,161,2193,1988,3520
1,8011,8132,162,2192,1987,3509
1,8011,8132,163,2173,1982,3391
1,8011,8132,164,2166,1986,3298
1,8011,8132,165,2153,1985,3175
1,8011,8132,166,2130,1982,3093
1,8011,8132,167,2119,1985,2946
1,8011,8132,168,2102,1985,2815
1,8011,8132,169,2076,1980,2662
1,8011,8132,170,2062,1986,2594
1,8011,8132,171,2050,1983,2401
1,8011,8132,172,2019,1980,2260
1,8011,8132,173,2006,1982,2118
1,8011,8132,174,1988,1983,1980
1,8011,8132,175,1960,1979,1828
1,8011,8132,176,1948,1982,1692
1,8011,8132,177,1931,1982,1563
1,8011,8132,178,1911,1979,1479
1,8011,8132,179,1901,1981,1348
1,8011,8132,180,1888,1981,1219
1,8011,8132,181,1863,1978,1091
1,8011,8132,182,1853,1979,957
1,8011,8132,183,1837,1979,809
1,8011,8132,184,1811,1976,637
1,8011,8132,185,1799,1976,497
1,8011,8132,186,1783,1976,365
1,8011,8132,187,1761,1973,207
1,8011,8132,188,1761,1974,220
1,8011,8132,189,1763,1975,230
1,8011,8132,190,1758,1975,244
1,8011,8132,191,1766,1975,258
1,8011,8132,192,1767,1975,275
1,8011,8132,193,1763,1975,285
1,8011,8132,194,1770,1975,301
1,8011,8132,195,1772,1976,321
1,8011,8132,196,1769,1976,329
1,8011,8132,197,1775,1975,351
1,8011,8132,198,1777,1976,358
1,8011,8132,199,1773,1976,374
1,8011,8132,200,1779,1976,387
1,8011,8132,201,1781,1975,398
1,8011,8132,202,1779,1977,418
1,8011,8132,203,1783,1977,430
1,8011,8132,204,1785,1975,443
1,8011,8132,205,1784,1977,460
1,8011,8132,206,1788,1978,475
1,8011,8132,207,1790,1975,488
1,8011,8132,208,1789,1978,502
1,8011,8132,209,1792,1979,516
1,8011,8132,210,1794,1974,529
1,8011,8132,211,1795,1978,544
1,8011,8132,212,1796,1979,558
1,8011,8132,213,1796,1974,573
1,8011,8132,214,1800,1979,586
1,8011,8132,215,1802,1980,598
1,8011,8132,216,1804,1975,615
1,8011,8132,217,1805,1979,629
1,8011,8132,218,1806,1981,640
1,8011,8132,219,1807,1975,658
1,8011,8132,220,1811,1980,672
1,8011,8132,221,1812,1981,685
1,8011,8132,222,1812,1975,701
1,8011,8132,223,1816,1980,714
1,8011,8132,224,1818,1981,726
1,8011,8132,225,1816,1976,741
1,8011,8132,226,1821,1980,757
1,8011,8132,227,1824,1981,772
1,8011,8132,228,1821,1976,786
1,8011,8132,229,1826,1981,800
1,8011,8132,230,1830,1981,815
1,8011,8132,231,1824,1976,826
1,8011,8132,232,1832,1981,841
1,8011,8132,233,1834,1981,856
1,8011,8132,234,1830,1977,871
1,8011,8132,235,1837,1981,885
1,8011,8132,236,1840,1981,898
1,8011,8132,237,1834,1977,912
1,8011,8132,238,1843,1981,929
1,8011,8132,239,1845,1981,939
1,8011,8132,240,1839,1977,953
1,8011,8132,241,1848,1981,967
1,8011,8132,242,1850,1981,985
1,8011,8132,243,1844,1977,997
1,8011,8132,244,1852,1981,1013
1,8011,8132,245,1855,1981,1027
1,8011,8132,246,1850,1978,1038
1,8011,8132,247,1858,1981,1050
1,8011,8132,248,1860,1981,1069
1,8011,8132,249,1855,1978,1088
1,8011,8132,250,1864,1981,1094
1,8011,8132,251,1865,1982,1111
1,8011,8132,252,1860,1979,1125
1,8011,8132,253,1869,1981,1140
1,8011,8132,254,1871,1982,1160
1,8011,8132,255,1866,1980,1167
1,8011,8132,256,1874,1981,1183
1,8011,8132,257,1875,1981,1205
1,8011,8132,258,1871,1980,1206
1,8011,8132,259,1879,1981,1227
1,8011,8132,260,1881,1982,1239
1,8011,8132,261,1878,1981,1253
1,8011,8132,262,1884,1981,1265
1,8011,8132,263,1886,1981,1284
1,8011,8132,264,1882,1980,1295
1,8011,8132,265,1889,1981,1308
1,8011,8132,266,1892,1981,1326
1,8011,8132,267,1887,1981,1321
1,8011,8132,268,1889,1981,1309
1,8011,8132,269,1888,1981,1297
1,8011,8132,270,1882,1981,1279
1,8011,8132,271,1884,1981,1265
1,8011,8132,272,1883,1981,1246
1,8011,8132,273,1877,1981,1238
1,8011,8132,274,1879,1981,1222
1,8011,8132,275,1877,1980,1214
1,8011,8132,276,1872,1981,1196
1,8011,8132,277,1874,1981,1182
1,8011,8132,278,1872,1979,1166
1,8011,8132,279,1867,1981,1155
1,8011,8132,280,1867,1981,1139
1,8011,8132,281,1866,1979,1128
1,8011,8132,282,1862,1981,1118
1,8011,8132,283,1863,1981,1096
1,8011,8132,284,1861,1978,1085
1,8011,8132,285,1857,1981,1068
1,8011,8132,286,1856,1982,1053
1,8011,8132,287,1855,1977,1042
1,8011,8132,288,1853,1981,1025
1,8011,8132,289,1851,1982,1010
1,8011,8132,290,1849,1977,997
1,8011,8132,291,1848,1981,984
1,8011,8132,292,1845,1982,971
1,8011,8132,293,1844,1977,957
1,8011,8132,294,1849,1981,946
1,8011,8132,295,1840,1982,927
1,8011,8132,296,1838,1976,919
1,8011,8132,297,1838,1981,900
1,8011,8132,298,1835,1981,884
1,8011,8132,299,1832,1976,870
1,8011,8132,300,1833,1981,856
1,8011,8132,301,1833,1982,844
1,8011,8132,302,1825,1976,830
1,8011,8132,303,1828,1980,813
1,8011,8132,304,1828,1981,799
1,8011,8132,305,1820,1976,776
1,8011,8132,306,1823,1981,769
1,8011,8132,307,1822,1981,754
1,8011,8132,308,1815,1976,740
1,8011,8132,309,1818,1980,728
1,8011,8132,310,1818,1980,714
1,8011,8132,311,1809,1975,693
1,8011,8132,312,1814,1979,686
1,8011,8132,313,1813,1980,669
1,8011,8132,314,1804,1975,660
1,8011,8132,315,1809,1979,642
1,8011,8132,316,1807,1979,629
1,8011,8132,317,1799,1975,612
1,8011,8132,318,1804,1979,599
1,8011,8132,319,1802,1979,586
1,8011,8132,320,1793,1975,571
1,8011,8132,321,1800,1978,558
1,8011,8132,322,1797,1979,547
1,8011,8132,323,1789,1975,526
1,8011,8132,324,1794,1978,497
1,8011,8132,325,1794,1978,501
1,8011,8132,326,1784,1975,484
1,8011,8132,327,1790,1977,832
1,8011,8132,328,1960,1993,1955
1,8011,8132,329,1978,1983,1985
1,8011,8132,330,1779,1965,428
1,8011,8132,331,1785,1976,404
1,8011,8132,332,1774,1975,398
1,8011,8132,333,1781,1976,389
1,8011,8132,334,1779,1976,373
1,8011,8132,335,1771,1975,357
1,8011,8132,336,1775,1976,344
1,8011,8132,337,1773,1976,329
1,8011,8132,338,1766,1975,316
1,8011,8132,339,1770,1975,301
1,8011,8132,340,1769,1975,291
1,8011,8132,341,1761,1974,268
1,8011,8132,342,1766,1974,258
1,8011,8132,343,1764,1975,246
1,8011,8132,344,1757,1974,230
1,8011,8132,345,1760,1974,217
1,8011,8132,346,1759,1974,204
1,8011,8132,347,1753,1974,190
1,8011,8132,348,1754,1973,173
1,8011,8132,349,1760,1974,217
1,8011,8132,350,1765,1976,312
1,8011,8132,351,1778,1976,409
1,8011,8132,352,1791,1976,524
1,8011,8132,353,1799,1979,626
1,8011,8132,354,1821,1980,759
1,8011,8132,355,1830,1978,875
2,8181,8302,0,1967,2018,1161
2,8181,8302,1,1877,1984,1243
2,8181,8302,2,1885,1978,1346
2,8181,8302,3,1904,1983,1445
2,8181,8302,4,1919,1983,1649
2,8181,8302,5,1971,1982,1974
2,8181,8302,6,1987,1984,1798
2,8181,8302,7,1965,1984,1924
2,8181,8302,8,1977,1980,2041
2,8181,8302,9,2003,1985,2169
2,8181,8302,10,2019,1986,2318
2,8181,8302,11,2030,1981,2435
2,8181,8302,12,2053,1985,2549
2,8181,8302,13,2072,1987,2692
2,8181,8302,14,2081,1982,2820
2,8181,8302,15,2108,1986,2951
2,8181,8302,16,2128,1987,3098
2,8181,8302,17,2140,1983,3223
2,8181,8302,18,2164,1987,3359
2,8181,8302,19,2186,1987,3475
2,8181,8302,20,2180,1983,3491
2,8181,8302,21,2186,1985,3474
2,8181,8302,22,2186,1986,3474
2,8181,8302,23,2180,1983,3476
2,8181,8302,24,2185,1986,3472
2,8181,8302,25,2184,1986,3462
2,8181,8302,26,2175,1984,3446
2,8181,8302,27,2180,1986,3432
2,8181,8302,28,2178,1986,3418
2,8181,8302,29,2170,1983,3401
2,8181,8302,30,2174,1985,3369
2,8181,8302,31,2172,1986,3374
2,8181,8302,32,2163,1984,3360
2,8181,8302,33,2168,1985,3343
2,8181,8302,34,2166,1986,3337
2,8181,8302,35,2158,1984,3315
2,8181,8302,36,2163,1985,3299
2,8181,8302,37,2160,1985,3291
2,8181,8302,38,2152,1985,3276
2,8181,8302,39,2155,1985,3258
2,8181,8302,40,2154,1985,3243
2,8181,8302,41,2146,1985,3230
2,8181,8302,42,2149,1985,3217
2,8181,8302,43,2149,1985,3203
2,8181,8302,44,2142,1985,3189
2,8181,8302,45,2143,1984,3173
2,8181,8302,46,2142,1985,3160
2,8181,8302,47,2136,1985,3139
2,8181,8302,48,2137,1984,3125
2,8181,8302,49,2133,1984,3116
2,8181,8302,50,2131,1985,3103
2,8181,8302,51,2131,1986,3095
2,8181,8302,52,2130,1983,3077
2,8181,8302,53,2125,1985,3067
2,8181,8302,54,2125,1986,3043
2,8181,8302,55,2123,1983,3030
2,8181,8302,56,2119,1985,3019
2,8181,8302,57,2119,1985,3002
2,8181,8302,58,2118,1982,2987
2,8181,8302,59,2113,1985,2975
2,8181,8302,60,2113,1986,2958
2,8181,8302,61,2111,1981,2946
2,8181,8302,62,2109,1985,2930
2,8181,8302,63,2106,1987,2913
2,8181,8302,64,2105,1981,2905
2,8181,8302,65,2103,1985,2889
2,8181,8302,66,2101,1987,2879
2,8181,8302,67,2098,1981,2863
2,8181,8302,68,2097,1985,2845
2,8181,8302,69,2096,1987,2834
2,8181,8302,70,2091,1981,2820
2,8181,8302,71,2092,1985,2798
2,8181,8302,72,2091,1986,2790
2,8181,8302,73,2084,1981,2779
2,8181,8302,74,2087,1985,2764
2,8181,8302,75,2085,1986,2745
2,8181,8302,76,2078,1981,2734
2,8181,8302,77,2081,1985,2718
2,8181,8302,78,2080,1986,2705
2,8181,8302,79,2071,1981,2690
2,8181,8302,80,2076,1985,2676
2,8181,8302,81,2074,1986,2662
2,8181,8302,82,2065,1981,2649
2,8181,8302,83,2069,1985,2635
2,8181,8302,84,2069,1985,2622
2,8181,8302,85,2060,1981,2604
2,8181,8302,86,2064,1985,2591
2,8181,8302,87,2063,1985,2573
2,8181,8302,88,2054,1981,2563
2,8181,8302,89,2060,1985,2562
2,8181,8302,90,2062,1985,2582
2,8181,8302,91,2057,1981,2590
2,8181,8302,92,2067,1985,2606
2,8181,8302,93,2069,1986,2621
2,8181,8302,94,2062,1981,2634
2,8181,8302,95,2072,1985,2646
2,8181,8302,96,2074,1985,2664
2,8181,8302,97,2069,1983,2678
2,8181,8302,98,2077,1985,2687
2,8181,8302,99,2080,1985,2704
2,8181,8302,100,2075,1982,2720
2,8181,8302,101,2084,1984,2733
2,8181,8302,102,2086,1985,2750
2,8181,8302,103,2081,1983,2763
2,8181,8302,104,2090,1984,2773
2,8181,8302,105,2091,1985,2793
2,8181,8302,106,2087,1983,2803
2,8181,8302,107,2094,1985,2817
2,8181,8302,108,2097,1985,2835
2,8181,8302,109,2092,1984,2847
2,8181,8302,110,2100,1985,2864
2,8181,8302,111,2102,1984,2875
2,8181,8302,112,2098,1984,2887
2,8181,8302,113,2109,1984,2898
2,8181,8302,114,2108,1985,2919
2,8181,8302,115,2105,1984,2928
2,8181,8302,116,2113,1984,2944
2,8181,8302,117,2115,1985,2963
2,8181,8302,118,2112,1985,2975
2,8181,8302,119,2118,1984,2984
2,8181,8302,120,2120,1985,3006
2,8181,8302,121,2118,1985,3017
2,8181,8302,122,2124,1985,3031
2,8181,8302,123,2125,1984,3041
2,8181,8302,124,2125,1985,3060
2,8181,8302,125,2129,1985,3074
2,8181,8302,126,2132,1983,3090
2,8181,8302,127,2132,1985,3101
2,8181,8302,128,2134,1986,3114
2,8181,8302,129,2138,1983,3132
2,8181,8302,130,2137,1986,3144
2,8181,8302,131,2141,1986,3158
2,8181,8302,132,2144,1982,3175
2,8181,8302,133,2144,1986,3185
2,8181,8302,134,2146,1987,3206
2,8181,8302,135,2148,1982,3218
2,8181,8302,136,2150,1986,3225
2,8181,8302,137,2151,1987,3246
2,8181,8302,138,2154,1982,3258
2,8181,8302,139,2156,1986,3275
2,8181,8302,140,2157,1988,3286
2,8181,8302,141,2159,1982,3301
2,8181,8302,142,2162,1986,3315
2,8181,8302,143,2164,1987,3328
2,8181,8302,144,2164,1982,3343
2,8181,8302,145,2169,1986,3359
2,8181,8302,146,2170,1987,3370
2,8181,8302,147,2169,1982,3391
2,8181,8302,148,2174,1987,3402
2,8181,8302,149,2177,1988,3413
2,8181,8302,150,2175,1982,3430
2,8181,8302,151,2181,1987,3440
2,8181,8302,152,2184,1987,3455
2,8181,8302,153,2180,1982,3474
2,8181,8302,154,2186,1987,3474
2,8181,8302,155,2186,1988,3474
2,8181,8302,156,2180,1983,3473
2,8181,8302,157,2187,1986,3499
2,8181,8302,158,2191,1988,3502
2,8181,8302,159,2185,1983,3516
2,8181,8302,160,2192,1987,3521
2,8181,8302,161,2193,1987,3514
2,8181,8302,162,2180,1982,3442
2,8181,8302,163,2173,1988,3416
2,8181,8302,164,2160,1985,3267
2,8181,8302,165,2140,1981,3153
2,8181,8302,166,2128,1985,3030
2,8181,8302,167,2117,1985,2913
2,8181,8302,168,2089,1981,2776
2,8181,8302,169,2077,1984,2645
2,8181,8302,170,2063,1984,2513
2,8181,8302,171,2036,1980,2383
2,8181,8302,172,2023,1983,2237
2,8181,8302,173,2006,1983,2096
2,8181,8302,174,1973,1979,1918
2,8181,8302,175,1962,1981,1766
2,8181,8302,176,1941,1981,1630
2,8181,8302,177,1914,1979,1485
2,8181,8302,178,1909,1981,1402
2,8181,8302,179,1895,1981,1283
2,8181,8302,180,1869,1979,1148
2,8181,8302,181,1860,1979,1025
2,8181,8302,182,1845,1979,890
2,8181,8302,183,1824,1977,751
2,8181,8302,184,1813,1978,635
2,8181,8302,185,1799,1977,510
2,8181,8302,186,1776,1975,374
2,8181,8302,187,1767,1973,232
2,8181,8302,188,1760,1974,219
2,8181,8302,189,1757,1974,230
2,8181,8302,190,1764,1974,245
2,8181,8302,191,1765,1975,260
2,8181,8302,192,1762,1975,273
2,8181,8302,193,1768,1975,288
2,8181,8302,194,1770,1975,301
2,8181,8302,195,1768,1976,313
2,8181,8302,196,1773,1975,329
2,8181,8302,197,1774,1975,348
2,8181,8302,198,1773,1976,359
2,8181,8302,199,1776,1975,370
2,8181,8302,200,1778,1974,389
2,8181,8302,201,1778,1976,400
2,8181,8302,202,1782,1976,415
2,8181,8302,203,1782,1974,430
2,8181,8302,204,1783,1977,442
2,8181,8302,205,1786,1978,459
2,8181,8302,206,1787,1974,474
2,8181,8302,207,1788,1978,491
2,8181,8302,208,1791,1979,500
2,8181,8302,209,1793,1974,515
2,8181,8302,210,1793,1978,527
2,8181,8302,211,1795,1980,545
2,8181,8302,212,1797,1975,560
2,8181,8302,213,1799,1979,570
2,8181,8302,214,1801,1981,590
2,8181,8302,215,1801,1975,600
2,8181,8302,216,1804,1979,615
2,8181,8302,217,1806,1980,630
2,8181,8302,218,1805,1975,645
2,8181,8302,219,1810,1980,655
2,8181,8302,220,1811,1980,670
2,8181,8302,221,1810,1975,682
2,8181,8302,222,1815,1980,698
2,8181,8302,223,1816,1981,713
2,8181,8302,224,1814,1975,729
2,8181,8302,225,1820,1980,743
2,8181,8302,226,1823,1981,759
2,8181,8302,227,1817,1976,771
2,8181,8302,228,1825,1980,786
2,8181,8302,229,1827,1981,799
2,8181,8302,230,1823,1976,813
2,8181,8302,231,1831,1981,827
2,8181,8302,232,1832,1981,842
2,8181,8302,233,1827,1977,855
2,8181,8302,234,1836,1981,876
2,8181,8302,235,1838,1981,882
2,8181,8302,236,1832,1977,898
2,8181,8302,237,1841,1981,910
2,8181,8302,238,1843,1981,919
2,8181,8302,239,1837,1977,939
2,8181,8302,240,1846,1981,954
2,8181,8302,241,1847,1981,971
2,8181,8302,242,1843,1978,983
2,8181,8302,243,1852,1981,999
2,8181,8302,244,1853,1982,1012
2,8181,8302,245,1847,1978,1024
2,8181,8302,246,1857,1981,1039
2,8181,8302,247,1858,1981,1045
2,8181,8302,248,1853,1979,1067
2,8181,8302,249,1862,1981,1083
2,8181,8302,250,1864,1982,1098
2,8181,8302,251,1859,1979,1110
2,8181,8302,252,1867,1980,1128
2,8181,8302,253,1869,1981,1146
2,8181,8302,254,1865,1980,1160
2,8181,8302,255,1872,1981,1167
2,8181,8302,256,1875,1981,1182
2,8181,8302,257,1869,1980,1195
2,8181,8302,258,1877,1981,1211
2,8181,8302,259,1879,1981,1228
2,8181,8302,260,1876,1981,1237
2,8181,8302,261,1882,1980,1255
2,8181,8302,262,1886,1981,1269
2,8181,8302,263,1882,1981,1283
2,8181,8302,264,1887,1981,1294
2,8181,8302,265,1890,1981,1306
2,8181,8302,266,1887,1982,1324
2,8181,8302,267,1891,1981,1324
2,8181,8302,268,1890,1981,1311
2,8181,8302,269,1884,1981,1296
2,8181,8302,270,1886,1980,1280
2,8181,8302,271,1884,1980,1271
2,8181,8302,272,1879,1981,1255
2,8181,8302,273,1880,1981,1238
2,8181,8302,274,1880,1979,1227
2,8181,8302,275,1875,1981,1210
2,8181,8302,276,1873,1981,1198
2,8181,8302,277,1873,1979,1183
2,8181,8302,278,1869,1982,1168
2,8181,8302,279,1869,1981,1152
2,8181,8302,280,1868,1978,1144
2,8181,8302,281,1865,1981,1121
2,8181,8302,282,1863,1982,1110
2,8181,8302,283,1862,1978,1097
2,8181,8302,284,1860,1981,1082
2,8181,8302,285,1859,1982,1070
2,8181,8302,286,1857,1977,1054
2,8181,8302,287,1855,1981,1024
2,8181,8302,288,1852,1982,1025
2,8181,8302,289,1851,1977,1011
2,8181,8302,290,1849,1981,996
2,8181,8302,291,1847,1982,982
2,8181,8302,292,1844,1977,969
2,8181,8302,293,1845,1981,959
2,8181,8302,294,1843,1982,937
2,8181,8302,295,1838,1976,927
2,8181,8302,296,1840,1981,916
2,8181,8302,297,1838,1982,896
2,8181,8302,298,1829,1977,884
2,8181,8302,299,1834,1980,869
2,8181,8302,300,1835,1981,854
2,8181,8302,301,1826,1976,841
2,8181,8302,302,1830,1980,824
2,8181,8302,303,1829,1980,816
2,8181,8302,304,1821,1976,797
2,8181,8302,305,1827,1980,783
2,8181,8302,306,1824,1981,772
2,8181,8302,307,1816,1976,754
2,8181,8302,308,1820,1980,741
2,8181,8302,309,1819,1980,727
2,8181,8302,310,1810,1976,716
2,8181,8302,311,1815,1980,697
2,8181,8302,312,1814,1980,688
2,8181,8302,313,1805,1976,670
2,8181,8302,314,1811,1979,659
2,8181,8302,315,1809,1979,642
2,8181,8302,316,1801,1975,630
2,8181,8302,317,1806,1978,615
2,8181,8302,318,1804,1979,603
2,8181,8302,319,1796,1976,584
2,8181,8302,320,1801,1978,572
2,8181,8302,321,1799,1978,558
2,8181,8302,322,1791,1976,546
2,8181,8302,323,1796,1977,527
2,8181,8302,324,1794,1977,514
2,8181,8302,325,1787,1975,502
2,8181,8302,326,1791,1977,485
2,8181,8302,327,1790,1977,474
2,8181,8302,328,1781,1975,458
2,8181,8302,329,1787,1977,443
2,8181,8302,330,1785,1977,429
2,8181,8302,331,1776,1976,411
2,8181,8302,332,1782,1976,400
2,8181,8302,333,1780,1976,388
2,8181,8302,334,1773,1975,374
2,8181,8302,335,1776,1975,357
2,8181,8302,336,1776,1976,342
2,8181,8302,337,1767,1975,328
2,8181,8302,338,1772,1975,315
2,8181,8302,339,1771,1975,302
2,8181,8302,340,1763,1974,287
2,8181,8302,341,1766,1974,273
2,8181,8302,342,1765,1974,258
2,8181,8302,343,1760,1974,244
2,8181,8302,344,1761,1974,230
2,8181,8302,345,1760,1974,217
2,8181,8302,346,1756,1974,202
2,8181,8302,347,1756,1974,189
2,8181,8302,348,1757,1972,187
2,8181,8302,349,1762,1975,271
2,8181,8302,350,1773,1976,366
2,8181,8302,351,1785,1975,429
2,8181,8302,352,1794,1978,554
2,8181,8302,353,1803,1980,680
2,8181,8302,354,1820,1978,792
2,8181,8302,355,1832,1981,901
3,8364,8484,0,1981,2027,1179
3,8364,8484,1,1873,1979,1235
3,8364,8484,2,1887,1983,1314
3,8364,8484,3,1899,1984,1413
3,8364,8484,4,1908,1979,1513
3,8364,8484,5,1927,1984,1652
3,8364,8484,6,1947,1985,1790
3,8364,8484,7,1962,1980,1918
3,8364,8484,8,1988,1985,2056
3,8364,8484,9,2003,1987,2209
3,8364,8484,10,2018,1981,2320
3,8364,8484,11,2040,1986,2465
3,8364,8484,12,2060,1986,2602
3,8364,8484,13,2071,1981,2715
3,8364,8484,14,2095,1986,2859
3,8364,8484,15,2112,1987,2986
3,8364,8484,16,2124,1982,3109
3,8364,8484,17,2148,1987,3233
3,8364,8484,18,2167,1988,3375
3,8364,8484,19,2179,1983,3476
3,8364,8484,20,2189,1986,3491
3,8364,8484,21,2189,1987,3480
3,8364,8484,22,2179,1982,3474
3,8364,8484,23,2186,1987,3477
3,8364,8484,24,2185,1987,3470
3,8364,8484,25,2177,1983,3456
3,8364,8484,26,2182,1987,3440
3,8364,8484,27,2179,1987,3432
3,8364,8484,28,2171,1983,3415
3,8364,8484,29,2177,1986,3403
3,8364,8484,30,2174,1986,3385
3,8364,8484,31,2165,1984,3375
3,8364,8484,32,2170,1986,3359
3,8364,8484,33,2168,1986,3342
3,8364,8484,34,2159,1984,3330
3,8364,8484,35,2164,1986,3314
3,8364,8484,36,2162,1986,3302
3,8364,8484,37,2154,1984,3284
3,8364,8484,38,2159,1985,3270
3,8364,8484,39,2156,1986,3261
3,8364,8484,40,2147,1984,3242
3,8364,8484,41,2152,1985,3230
3,8364,8484,42,2151,1986,3217
3,8364,8484,43,2142,1984,3197
3,8364,8484,44,2146,1984,3185
3,8364,8484,45,2144,1986,3172
3,8364,8484,46,2141,1984,3159
3,8364,8484,47,2139,1985,3141
3,8364,8484,48,2138,1985,3130
3,8364,8484,49,2129,1985,3114
3,8364,8484,50,2133,1984,3098
3,8364,8484,51,2132,1985,3089
3,8364,8484,52,2125,1985,3073
3,8364,8484,53,2127,1984,3061
3,8364,8484,54,2127,1985,3046
3,8364,8484,55,2120,1985,3028
3,8364,8484,56,2122,1984,3016
3,8364,8484,57,2120,1983,3007
3,8364,8484,58,2115,1985,2991
3,8364,8484,59,2115,1985,2975
3,8364,8484,60,2114,1983,2962
3,8364,8484,61,2109,1985,2946
3,8364,8484,62,2109,1985,2929
3,8364,8484,63,2108,1982,2914
3,8364,8484,64,2104,1985,2909
3,8364,8484,65,2103,1986,2887
3,8364,8484,66,2102,1982,2875
3,8364,8484,67,2099,1985,2863
3,8364,8484,68,2097,1986,2846
3,8364,8484,69,2096,1982,2830
3,8364,8484,70,2093,1985,2816
3,8364,8484,71,2091,1987,2801
3,8364,8484,72,2089,1981,2791
3,8364,8484,73,2088,1985,2774
3,8364,8484,74,2085,1987,2758
3,8364,8484,75,2082,1981,2741
3,8364,8484,76,2082,1985,2731
3,8364,8484,77,2080,1986,2718
3,8364,8484,78,2075,1981,2702
3,8364,8484,79,2076,1985,2690
3,8364,8484,80,2075,1986,2676
3,8364,8484,81,2069,1980,2664
3,8364,8484,82,2071,1985,2651
3,8364,8484,83,2070,1986,2634
3,8364,8484,84,2064,1981,2622
3,8364,8484,85,2066,1985,2607
3,8364,8484,86,2064,1986,2589
3,8364,8484,87,2056,1980,2576
3,8364,8484,88,2060,1985,2560
3,8364,8484,89,2061,1985,2565
3,8364,8484,90,2056,1981,2578
3,8364,8484,91,2064,1985,2591
3,8364,8484,92,2066,1986,2602
3,8364,8484,93,2061,1981,2618
3,8364,8484,94,2070,1986,2631
3,8364,8484,95,2072,1986,2650
3,8364,8484,96,2067,1981,2667
3,8364,8484,97,2075,1985,2676
3,8364,8484,98,2078,1985,2688
3,8364,8484,99,2073,1981,2703
3,8364,8484,100,2081,1985,2720
3,8364,8484,101,2084,1985,2734
3,8364,8484,102,2078,1982,2746
3,8364,8484,103,2088,1986,2759
3,8364,8484,104,2091,1986,2776
3,8364,8484,105,2084,1982,2796
3,8364,8484,106,2094,1985,2804
3,8364,8484,107,2096,1985,2818
3,8364,8484,108,2090,1982,2829
3,8364,8484,109,2099,1985,2846
3,8364,8484,110,2102,1985,2860
3,8364,8484,111,2096,1983,2873
3,8364,8484,112,2105,1985,2889
3,8364,8484,113,2107,1986,2908
3,8364,8484,114,2102,1983,2915
3,8364,8484,115,2111,1985,2933
3,8364,8484,116,2113,1985,2947
3,8364,8484,117,2108,1984,2954
3,8364,8484,118,2116,1984,2974
3,8364,8484,119,2119,1985,2988
3,8364,8484,120,2114,1984,3002
3,8364,8484,121,2123,1984,3016
3,8364,8484,122,2125,1985,3031
3,8364,8484,123,2122,1985,3045
3,8364,8484,124,2130,1985,3058
3,8364,8484,125,2130,1985,3074
3,8364,8484,126,2128,1985,3086
3,8364,8484,127,2133,1985,3102
3,8364,8484,128,2136,1985,3118
3,8364,8484,129,2133,1985,3131
3,8364,8484,130,2139,1985,3143
3,8364,8484,131,2142,1985,3165
3,8364,8484,132,2141,1985,3177
3,8364,8484,133,2145,1985,3187
3,8364,8484,134,2147,1984,3201
3,8364,8484,135,2146,1986,3216
3,8364,8484,136,2151,1985,3229
3,8364,8484,137,2153,1983,3241
3,8364,8484,138,2153,1986,3258
3,8364,8484,139,2157,1987,3272
3,8364,8484,140,2159,1983,3291
3,8364,8484,141,2159,1986,3301
3,8364,8484,142,2162,1987,3312
3,8364,8484,143,2161,1981,2109
3,8364,8484,144,1984,1974,1990
3,8364,8484,145,1990,1998,3358
3,8364,8484,146,2166,1983,3376
3,8364,8484,147,2171,1987,3385
3,8364,8484,148,2174,1988,3398
3,8364,8484,149,2174,1982,3416
3,8364,8484,150,2178,1987,3429
3,8364,8484,151,2180,1988,3447
3,8364,8484,152,2180,1982,3457
3,8364,8484,153,2183,1985,2126
3,8364,8484,154,2187,1990,3477
3,8364,8484,155,2181,1982,3474
3,8364,8484,156,2185,1987,3473
3,8364,8484,157,2188,1988,3488
3,8364,8484,158,2184,1983,3507
3,8364,8484,159,2190,1987,3512
3,8364,8484,160,2194,1987,3520
3,8364,8484,161,2188,1983,3515
3,8364,8484,162,2188,1987,3466
3,8364,8484,163,2177,1987,3374
3,8364,8484,164,2155,1981,3264
3,8364,8484,165,2145,1985,3149
3,8364,8484,166,2131,1985,3035
3,8364,8484,167,2107,1980,2900
3,8364,8484,168,2098,1984,2767
3,8364,8484,169,2078,1985,2645
3,8364,8484,170,2052,1979,2502
3,8364,8484,171,2042,1984,2377
3,8364,8484,172,2023,1984,2242
3,8364,8484,173,1998,1979,2112
3,8364,8484,174,1986,1982,1969
3,8364,8484,175,1969,1983,1848
3,8364,8484,176,1939,1978,1701
3,8364,8484,177,1926,1981,1548
3,8364,8484,178,1917,1982,1468
3,8364,8484,179,1889,1977,1309
3,8364,8484,180,1879,1981,1178
3,8364,8484,181,1862,1981,1042
3,8364,8484,182,1837,1976,895
3,8364,8484,183,1830,1979,759
3,8364,8484,184,1813,1979,631
3,8364,8484,185,1793,1975,501
3,8364,8484,186,1783,1975,363
3,8364,8484,187,1768,1975,219
3,8364,8484,188,1754,1973,215
3,8364,8484,189,1762,1974,230
3,8364,8484,190,1765,1975,247
3,8364,8484,191,1759,1974,255
3,8364,8484,192,1767,1975,269
3,8364,8484,193,1769,1975,292
3,8364,8484,194,1763,1974,310
3,8364,8484,195,1776,1975,318
3,8364,8484,196,1773,1976,330
3,8364,8484,197,1769,1975,343
3,8364,8484,198,1776,1975,357
3,8364,8484,199,1778,1976,374
3,8364,8484,200,1774,1976,386
3,8364,8484,201,1780,1976,400
3,8364,8484,202,1782,1976,415
3,8364,8484,203,1779,1977,425
3,8364,8484,204,1786,1976,443
3,8364,8484,205,1787,1976,461
3,8364,8484,206,1785,1977,472
3,8364,8484,207,1789,1976,483
3,8364,8484,208,1791,1976,503
3,8364,8484,209,1790,1978,512
3,8364,8484,210,1794,1978,526
3,8364,8484,211,1796,1976,540
3,8364,8484,212,1795,1978,555
3,8364,8484,213,1800,1978,568
3,8364,8484,214,1801,1975,587
3,8364,8484,215,1801,1979,596
3,8364,8484,216,1804,1979,617
3,8364,8484,217,1805,1975,629
3,8364,8484,218,1807,1979,641
3,8364,8484,219,1809,1980,656
3,8364,8484,220,1810,1975,672
3,8364,8484,221,1812,1979,682
3,8364,8484,222,1813,1981,698
3,8364,8484,223,1815,1975,713
3,8364,8484,224,1817,1980,728
3,8364,8484,225,1819,1981,743
3,8364,8484,226,1818,1976,755
3,8364,8484,227,1822,1980,769
3,8364,8484,228,1825,1981,784
3,8364,8484,229,1823,1976,797
3,8364,8484,230,1827,1980,812
3,8364,8484,231,1830,1981,834
3,8364,8484,232,1828,1976,841
3,8364,8484,233,1834,1981,856
3,8364,8484,234,1836,1982,876
3,8364,8484,235,1832,1977,884
3,8364,8484,236,1838,1981,899
3,8364,8484,237,1841,1982,913
3,8364,8484,238,1836,1977,928
3,8364,8484,239,1844,1981,940
3,8364,8484,240,1846,1982,957
3,8364,8484,241,1841,1977,970
3,8364,8484,242,1850,1982,987
3,8364,8484,243,1852,1982,999
3,8364,8484,244,1846,1977,1011
3,8364,8484,245,1855,1982,1015
3,8364,8484,246,1857,1982,1040
3,8364,8484,247,1852,1978,1061
3,8364,8484,248,1861,1982,1070
3,8364,8484,249,1862,1982,1085
3,8364,8484,250,1857,1978,1096
3,8364,8484,251,1865,1982,1111
3,8364,8484,252,1867,1982,1128
3,8364,8484,253,1861,1978,1141
3,8364,8484,254,1870,1982,1155
3,8364,8484,255,1872,1982,1170
3,8364,8484,256,1867,1979,1181
3,8364,8484,257,1876,1982,1196
3,8364,8484,258,1878,1982,1210
3,8364,8484,259,1873,1979,1228
3,8364,8484,260,1881,1982,1239
3,8364,8484,261,1884,1982,1251
3,8364,8484,262,1879,1980,1268
3,8364,8484,263,1887,1981,1281
3,8364,8484,264,1888,1981,1299
3,8364,8484,265,1883,1980,1310
3,8364,8484,266,1893,1981,1324
3,8364,8484,267,1892,1982,1325
3,8364,8484,268,1884,1980,1308
3,8364,8484,269,1889,1981,1298
3,8364,8484,270,1886,1981,1281
3,8364,8484,271,1879,1981,1267
3,8364,8484,272,1883,1981,1249
3,8364,8484,273,1881,1981,1238
3,8364,8484,274,1874,1981,1226
3,8364,8484,275,1879,1980,1210
3,8364,8484,276,1876,1981,1194
3,8364,8484,277,1869,1981,1181
3,8364,8484,278,1871,1980,1166
3,8364,8484,279,1870,1980,1152
3,8364,8484,280,1864,1981,1141
3,8364,8484,281,1866,1980,1124
3,8364,8484,282,1864,1979,1115
3,8364,8484,283,1859,1981,1097
3,8364,8484,284,1860,1981,1084
3,8364,8484,285,1859,1979,1071
3,8364,8484,286,1855,1981,1053
3,8364,8484,287,1855,1981,1039
3,8364,8484,288,1853,1978,1029
3,8364,8484,289,1850,1981,1012
3,8364,8484,290,1850,1982,993
3,8364,8484,291,1847,1977,986
3,8364,8484,292,1846,1981,969
3,8364,8484,293,1844,1982,956
3,8364,8484,294,1842,1977,941
3,8364,8484,295,1841,1981,924
3,8364,8484,296,1838,1982,912
3,8364,8484,297,1837,1976,901
3,8364,8484,298,1835,1981,884
3,8364,8484,299,1833,1982,868
3,8364,8484,300,1831,1976,858
3,8364,8484,301,1831,1981,838
3,8364,8484,302,1829,1981,826
3,8364,8484,303,1825,1976,814
3,8364,8484,304,1826,1980,799
3,8364,8484,305,1825,1982,784
3,8364,8484,306,1819,1976,768
3,8364,8484,307,1821,1980,754
3,8364,8484,308,1821,1980,741
3,8364,8484,309,1813,1975,727
3,8364,8484,310,1816,1979,713
3,8364,8484,311,1816,1980,698
3,8364,8484,312,1807,1976,683
3,8364,8484,313,1812,1979,670
3,8364,8484,314,1811,1980,657
3,8364,8484,315,1803,1975,643
3,8364,8484,316,1807,1979,629
3,8364,8484,317,1806,1979,616
3,8364,8484,318,1797,1975,601
3,8364,8484,319,1803,1979,585
3,8364,8484,320,1801,1979,571
3,8364,8484,321,1793,1975,555
3,8364,8484,322,1798,1979,543
3,8364,8484,323,1796,1979,537
3,8364,8484,324,1788,1974,515
3,8364,8484,325,1792,1978,501
3,8364,8484,326,1791,1978,486
3,8364,8484,327,1783,1974,472
3,8364,8484,328,1788,1978,462
3,8364,8484,329,1787,1978,443
3,8364,8484,330,1778,1974,429
3,8364,8484,331,1782,1976,416
3,8364,8484,332,1782,1977,407
3,8364,8484,333,1773,1974,382
3,8364,8484,334,1779,1976,374
3,8364,8484,335,1777,1976,359
3,8364,8484,336,1768,1974,344
3,8364,8484,337,1774,1975,325
3,8364,8484,338,1773,1975,316
3,8364,8484,339,1764,1974,299
3,8364,8484,340,1769,1975,290
3,8364,8484,341,1767,1975,273
3,8364,8484,342,1759,1974,257
3,8364,8484,343,1763,1974,246
3,8364,8484,344,1762,1974,233
3,8364,8484,345,1754,1973,215
3,8364,8484,346,1759,1974,203
3,8364,8484,347,1757,1973,193
3,8364,8484,348,1751,1973,178
3,8364,8484,349,1763,1974,250
3,8364,8484,350,1773,1976,361
3,8364,8484,351,1779,1977,458
3,8364,8484,352,1796,1977,567
3,8364,8484,353,1812,1979,688
3,8364,8484,354,1821,1980,803
3,8364,8484,355,1838,1980,937
4,8538,8659,0,1976,2018,1173
4,8538,8659,1,1879,1984,1242
4,8538,8659,2,1884,1979,1309
4,8538,8659,3,1901,1983,1434
4,8538,8659,4,1913,1984,1526
4,8538,8659,5,1921,1980,1642
4,8538,8659,6,1944,1984,1716
4,8538,8659,7,1957,1985,1857
4,8538,8659,8,1965,1980,1962
4,8538,8659,9,1987,1985,2078
4,8538,8659,10,2007,1985,2195
4,8538,8659,11,2015,1982,2344
4,8538,8659,12,2041,1985,2473
4,8538,8659,13,2063,1986,2613
4,8538,8659,14,2074,1983,2759
4,8538,8659,15,2101,1986,2888
4,8538,8659,16,2123,1986,3034
4,8538,8659,17,2133,1985,3186
4,8538,8659,18,2163,1986,3330
4,8538,8659,19,2181,1987,3475
4,8538,8659,20,2182,1984,3491
4,8538,8659,21,2186,1985,3473
4,8538,8659,22,2186,1985,3474
4,8538,8659,23,2180,1984,3477
4,8538,8659,24,2186,1985,3471
4,8538,8659,25,2185,1986,3457
4,8538,8659,26,2175,1985,3441
4,8538,8659,27,2184,1985,3430
4,8538,8659,28,2178,1986,3418
4,8538,8659,29,2170,1985,3400
4,8538,8659,30,2173,1986,3386
4,8538,8659,31,2172,1986,3374
4,8538,8659,32,2164,1986,3362
4,8538,8659,33,2168,1985,3344
4,8538,8659,34,2166,1985,3333
4,8538,8659,35,2160,1986,3317
4,8538,8659,36,2161,1985,3302
4,8538,8659,37,2160,1985,3289
4,8538,8659,38,2154,1986,3273
4,8538,8659,39,2152,1985,3258
4,8538,8659,40,2153,1984,3246
4,8538,8659,41,2149,1985,3230
4,8538,8659,42,2148,1986,3216
4,8538,8659,43,2147,1983,3203
4,8538,8659,44,2143,1986,3189
4,8538,8659,45,2143,1986,3172
4,8538,8659,46,2141,1983,3157
4,8538,8659,47,2137,1986,3146
4,8538,8659,48,2134,1987,3129
4,8538,8659,49,2135,1982,3118
4,8538,8659,50,2131,1986,3096
4,8538,8659,51,2131,1987,3085
4,8538,8659,52,2129,1982,3070
4,8538,8659,53,2127,1986,3061
4,8538,8659,54,2124,1987,3052
4,8538,8659,55,2123,1981,3031
4,8538,8659,56,2121,1986,3016
4,8538,8659,57,2120,1987,3001
4,8538,8659,58,2115,1981,2989
4,8538,8659,59,2115,1986,2975
4,8538,8659,60,2114,1987,2964
4,8538,8659,61,2109,1981,2943
4,8538,8659,62,2109,1986,2931
4,8538,8659,63,2108,1987,2916
4,8538,8659,64,2101,1982,2906
4,8538,8659,65,2104,1986,2890
4,8538,8659,66,2102,1986,2875
4,8538,8659,67,2096,1981,2859
4,8538,8659,68,2099,1985,2848
4,8538,8659,69,2096,1985,2071
4,8538,8659,70,1979,1973,1985
4,8538,8659,71,1989,1984,1987
4,8538,8659,72,1988,1984,1988
4,8538,8659,73,1980,1979,1984
4,8538,8659,74,2089,1992,2761
4,8538,8659,75,2085,1986,2748
4,8538,8659,76,2076,1981,2731
4,8538,8659,77,2082,1985,2718
4,8538,8659,78,2080,1985,2706
4,8538,8659,79,2070,1981,2691
4,8538,8659,80,2075,1985,2675
4,8538,8659,81,2074,1985,2661
4,8538,8659,82,2065,1981,2647
4,8538,8659,83,2070,1985,2631
4,8538,8659,84,2069,1985,2618
4,8538,8659,85,2059,1981,2607
4,8538,8659,86,2066,1985,2592
4,8538,8659,87,2062,1986,2576
4,8538,8659,88,2053,1982,2560
4,8538,8659,89,2061,1984,2565
4,8538,8659,90,2062,1985,2577
4,8538,8659,91,2058,1982,2592
4,8538,8659,92,2066,1984,2605
4,8538,8659,93,2069,1985,2621
4,8538,8659,94,2064,1983,2641
4,8538,8659,95,2073,1985,2648
4,8538,8659,96,2074,1985,2662
4,8538,8659,97,2069,1983,2675
4,8538,8659,98,2078,1985,2689
4,8538,8659,99,2080,1985,2708
4,8538,8659,100,2075,1984,2720
4,8538,8659,101,2084,1984,2735
4,8538,8659,102,2086,1985,2747
4,8538,8659,103,2081,1984,2760
4,8538,8659,104,2092,1984,2775
4,8538,8659,105,2091,1985,2791
4,8538,8659,106,2088,1984,2803
4,8538,8659,107,2095,1984,2818
4,8538,8659,108,2097,1985,2834
4,8538,8659,109,2094,1985,2848
4,8538,8659,110,2100,1985,2860
4,8538,8659,111,2102,1984,2877
4,8538,8659,112,2101,1985,2888
4,8538,8659,113,2105,1984,2902
4,8538,8659,114,2110,1984,2922
4,8538,8659,115,2106,1985,2932
4,8538,8659,116,2112,1985,2944
4,8538,8659,117,2114,1983,2962
4,8538,8659,118,2114,1986,2974
4,8538,8659,119,2117,1986,2988
4,8538,8659,120,2120,1983,3004
4,8538,8659,121,2120,1986,3015
4,8538,8659,122,2123,1987,3032
4,8538,8659,123,2126,1982,3045
4,8538,8659,124,2126,1986,3059
4,8538,8659,125,2128,1987,3072
4,8538,8659,126,2130,1982,3089
4,8538,8659,127,2131,1986,3094
4,8538,8659,128,2135,1987,3118
4,8538,8659,129,2136,1982,2115
4,8538,8659,130,1984,1974,1990
4,8538,8659,131,1985,1987,3151
4,8538,8659,132,2143,1985,2117
4,8538,8659,133,1989,1985,3190
4,8538,8659,134,2146,1988,3194
4,8538,8659,135,2147,1982,3216
4,8538,8659,136,2152,1986,3227
4,8538,8659,137,2153,1987,3239
4,8538,8659,138,2153,1982,3257
4,8538,8659,139,2157,1987,3272
4,8538,8659,140,2160,1988,3291
4,8538,8659,141,2156,1982,3306
4,8538,8659,142,2163,1987,3313
4,8538,8659,143,2168,1987,3331
4,8538,8659,144,2162,1982,3345
4,8538,8659,145,2169,1987,3356
4,8538,8659,146,2173,1987,3374
4,8538,8659,147,2168,1983,3386
4,8538,8659,148,2176,1986,3414
4,8538,8659,149,2178,1987,3413
4,8538,8659,150,2173,1983,3430
4,8538,8659,151,2182,1987,3450
4,8538,8659,152,2184,1987,3458
4,8538,8659,153,2179,1983,3470
4,8538,8659,154,2187,1987,3477
4,8538,8659,155,2186,1987,3474
4,8538,8659,156,2179,1983,3473
4,8538,8659,157,2189,1987,3502
4,8538,8659,158,2191,1987,3502
4,8538,8659,159,2184,1984,3513
4,8538,8659,160,2193,1986,3516
4,8538,8659,161,2193,1987,3507
4,8538,8659,162,2174,1983,3421
4,8538,8659,163,2170,1985,3326
4,8538,8659,164,2154,1985,3221
4,8538,8659,165,2134,1983,3115
4,8538,8659,166,2127,1984,3010
4,8538,8659,167,2111,1984,2884
4,8538,8659,168,2085,1982,2770
4,8538,8659,169,2075,1983,2628
4,8538,8659,170,2060,1983,2495
4,8538,8659,171,2032,1982,2364
4,8538,8659,172,2021,1982,2228
4,8538,8659,173,2003,1982,2107
4,8538,8659,174,1977,1980,1951
4,8538,8659,175,1968,1981,1816
4,8538,8659,176,1946,1981,1687
4,8538,8659,177,1921,1980,1548
4,8538,8659,178,1917,1980,1456
4,8538,8659,179,1903,1981,1352
4,8538,8659,180,1883,1980,1256
4,8538,8659,181,1872,1979,1131
4,8538,8659,182,1859,1980,1008
4,8538,8659,183,1837,1979,876
4,8538,8659,184,1822,1978,736
4,8538,8659,185,1809,1977,547
4,8538,8659,186,1789,1976,438
4,8538,8659,187,1774,1974,293
4,8538,8659,188,1760,1973,216
4,8538,8659,189,1759,1975,227
4,8538,8659,190,1763,1975,245
4,8538,8659,191,1764,1973,261
4,8538,8659,192,1764,1975,275
4,8538,8659,193,1767,1976,284
4,8538,8659,194,1769,1973,300
4,8538,8659,195,1768,1976,317
4,8538,8659,196,1772,1977,329
4,8538,8659,197,1774,1973,343
4,8538,8659,198,1774,1977,359
4,8538,8659,199,1776,1977,370
4,8538,8659,200,1778,1973,393
4,8538,8659,201,1779,1977,401
4,8538,8659,202,1781,1979,416
4,8538,8659,203,1782,1974,429
4,8538,8659,204,1784,1978,442
4,8538,8659,205,1786,1980,459
4,8538,8659,206,1786,1974,472
4,8538,8659,207,1789,1979,489
4,8538,8659,208,1791,1980,493
4,8538,8659,209,1790,1974,512
4,8538,8659,210,1795,1978,522
4,8538,8659,211,1796,1980,542
4,8538,8659,212,1794,1975,564
4,8538,8659,213,1800,1979,572
4,8538,8659,214,1802,1980,585
4,8538,8659,215,1799,1975,601
4,8538,8659,216,1805,1979,613
4,8538,8659,217,1808,1980,627
4,8538,8659,218,1803,1975,642
4,8538,8659,219,1810,1979,657
4,8538,8659,220,1813,1980,672
4,8538,8659,221,1808,1976,691
4,8538,8659,222,1815,1980,701
4,8538,8659,223,1817,1980,717
4,8538,8659,224,1812,1976,726
4,8538,8659,225,1820,1980,746
4,8538,8659,226,1823,1980,760
4,8538,8659,227,1817,1976,769
4,8538,8659,228,1826,1981,783
4,8538,8659,229,1827,1980,797
4,8538,8659,230,1822,1977,812
4,8538,8659,231,1832,1980,833
4,8538,8659,232,1832,1980,843
4,8538,8659,233,1828,1977,857
4,8538,8659,234,1835,1981,872
4,8538,8659,235,1836,1981,875
4,8538,8659,236,1832,1978,894
4,8538,8659,237,1841,1981,912
4,8538,8659,238,1843,1981,928
4,8538,8659,239,1838,1978,941
4,8538,8659,240,1846,1980,954
4,8538,8659,241,1848,1981,967
4,8538,8659,242,1843,1979,981
4,8538,8659,243,1851,1980,997
4,8538,8659,244,1854,1981,1012
4,8538,8659,245,1848,1979,1024
4,8538,8659,246,1856,1980,1034
4,8538,8659,247,1858,1981,1051
4,8538,8659,248,1853,1980,1067
4,8538,8659,249,1862,1980,1082
4,8538,8659,250,1864,1981,1098
4,8538,8659,251,1859,1980,1111
4,8538,8659,252,1867,1980,1128
4,8538,8659,253,1869,1981,1136
4,8538,8659,254,1866,1981,1153
4,8538,8659,255,1871,1980,1185
4,8538,8659,256,1875,1981,1184
4,8538,8659,257,1870,1982,1197
4,8538,8659,258,1876,1981,1209
4,8538,8659,259,1879,1981,1234
4,8538,8659,260,1877,1982,1238
4,8538,8659,261,1881,1980,1253
4,8538,8659,262,1885,1981,1269
4,8538,8659,263,1882,1981,1282
4,8538,8659,264,1887,1981,1291
4,8538,8659,265,1889,1980,1311
4,8538,8659,266,1888,1982,1324
4,8538,8659,267,1890,1982,1321
4,8538,8659,268,1889,1980,1311
4,8538,8659,269,1885,1982,1297
4,8538,8659,270,1883,1982,1280
4,8538,8659,271,1884,1979,1267
4,8538,8659,272,1880,1981,1251
4,8538,8659,273,1879,1982,1239
4,8538,8659,274,1878,1978,1224
4,8538,8659,275,1875,1982,1211
4,8538,8659,276,1874,1983,1193
4,8538,8659,277,1872,1977,1182
4,8538,8659,278,1870,1981,1167
4,8538,8659,279,1868,1983,1156
4,8538,8659,280,1866,1977,1141
4,8538,8659,281,1865,1982,1126
4,8538,8659,282,1863,1983,1110
4,8538,8659,283,1859,1977,1096
4,8538,8659,284,1860,1981,1082
4,8538,8659,285,1860,1983,1064
4,8538,8659,286,1853,1977,1055
4,8538,8659,287,1855,1981,1041
4,8538,8659,288,1854,1982,1022
4,8538,8659,289,1848,1977,1011
4,8538,8659,290,1850,1981,1003
4,8538,8659,291,1849,1982,986
4,8538,8659,292,1842,1977,970
4,8538,8659,293,1845,1981,952
4,8538,8659,294,1843,1982,940
4,8538,8659,295,1836,1977,923
4,8538,8659,296,1840,1981,915
4,8538,8659,297,1840,1981,897
4,8538,8659,298,1831,1977,881
4,8538,8659,299,1834,1981,871
4,8538,8659,300,1835,1981,859
4,8538,8659,301,1825,1977,837
4,8538,8659,302,1831,1980,827
4,8538,8659,303,1829,1981,813
4,8538,8659,304,1820,1977,794
4,8538,8659,305,1826,1980,783
4,8538,8659,306,1824,1980,771
4,8538,8659,307,1816,1977,759
4,8538,8659,308,1821,1980,742
4,8538,8659,309,1819,1981,728
4,8538,8659,310,1811,1976,712
4,8538,8659,311,1816,1980,696
4,8538,8659,312,1815,1980,684
4,8538,8659,313,1806,1977,670
4,8538,8659,314,1811,1979,656
4,8538,8659,315,1810,1979,634
4,8538,8659,316,1801,1977,623
4,8538,8659,317,1806,1978,614
4,8538,8659,318,1805,1979,602
4,8538,8659,319,1796,1977,585
4,8538,8659,320,1801,1978,571
4,8538,8659,321,1799,1978,564
4,8538,8659,322,1792,1977,543
4,8538,8659,323,1796,1977,529
4,8538,8659,324,1794,1978,518
4,8538,8659,325,1787,1977,501
4,8538,8659,326,1790,1977,485
4,8538,8659,327,1789,1977,474
4,8538,8659,328,1782,1977,460
4,8538,8659,329,1785,1976,445
4,8538,8659,330,1784,1976,439
4,8538,8659,331,1777,1976,414
4,8538,8659,332,1781,1976,403
4,8538,8659,333,1779,1976,388
4,8538,8659,334,1773,1976,372
4,8538,8659,335,1776,1975,358
4,8538,8659,336,1774,1975,346
4,8538,8659,337,1770,1976,338
4,8538,8659,338,1770,1975,314
4,8538,8659,339,1769,1973,303
4,8538,8659,340,1765,1975,280
4,8538,8659,341,1768,1975,271
4,8538,8659,342,1765,1973,259
4,8538,8659,343,1761,1975,246
4,8538,8659,344,1761,1976,228
4,8538,8659,345,1759,1972,218
4,8538,8659,346,1756,1974,202
4,8538,8659,347,1756,1975,188
4,8538,8659,348,1755,1971,180
4,8538,8659,349,1761,1976,223
4,8538,8659,350,1765,1977,290
4,8538,8659,351,1776,1973,373
4,8538,8659,352,1785,1978,467
4,8538,8659,353,1797,1981,585
4,8538,8659,354,1811,1976,700
4,8538,8659,355,1824,1981,810
5,8713,8834,0,1976,2019,1175
5,8713,8834,1,1876,1984,1236
5,8713,8834,2,1890,1983,1327
5,8713,8834,3,1892,1979,1407
5,8713,8834,4,1913,1984,1517
5,8713,8834,5,1927,1984,1625
5,8713,8834,6,1939,1980,1735
5,8713,8834,7,1961,1985,1889
5,8713,8834,8,1980,1986,2023
5,8713,8834,9,1993,1981,2171
5,8713,8834,10,2019,1986,2307
5,8713,8834,11,2040,1986,2457
5,8713,8834,12,2048,1982,2591
5,8713,8834,13,2076,1986,2722
5,8713,8834,14,2097,1987,2838
5,8713,8834,15,2109,1983,3000
5,8713,8834,16,2132,1986,3128
5,8713,8834,17,2156,1987,3261
5,8713,8834,18,2163,1984,3392
5,8713,8834,19,2186,1986,3494
5,8713,8834,20,2191,1987,3502
5,8713,8834,21,2182,1983,3472
5,8713,8834,22,2186,1986,3473
5,8713,8834,23,2187,1987,3477
5,8713,8834,24,2179,1984,3470
5,8713,8834,25,2184,1986,3463
5,8713,8834,26,2182,1986,3440
5,8713,8834,27,2173,1984,3429
5,8713,8834,28,2178,1986,3413
5,8713,8834,29,2176,1986,3402
5,8713,8834,30,2168,1985,3388
5,8713,8834,31,2172,1986,3372
5,8713,8834,32,2171,1986,3357
5,8713,8834,33,2161,1984,3342
5,8713,8834,34,2166,1986,3330
5,8713,8834,35,2164,1986,3316
5,8713,8834,36,2156,1985,3301
5,8713,8834,37,2160,1985,3285
5,8713,8834,38,2158,1986,3274
5,8713,8834,39,2150,1985,3256
5,8713,8834,40,2154,1985,3245
5,8713,8834,41,2152,1985,3232
5,8713,8834,42,2145,1985,3216
5,8713,8834,43,2148,1985,3200
5,8713,8834,44,2146,1985,3190
5,8713,8834,45,2140,1985,3172
5,8713,8834,46,2141,1985,3161
5,8713,8834,47,2140,1985,3144
5,8713,8834,48,2134,1985,3129
5,8713,8834,49,2135,1984,3117
5,8713,8834,50,2135,1984,3102
5,8713,8834,51,2128,1985,3089
5,8713,8834,52,2129,1986,3073
5,8713,8834,53,2128,1983,3060
5,8713,8834,54,2123,1985,3041
5,8713,8834,55,2123,1985,3030
5,8713,8834,56,2121,1982,3017
5,8713,8834,57,2114,1985,3002
5,8713,8834,58,2116,1986,2984
5,8713,8834,59,2115,1982,2972
5,8713,8834,60,2112,1986,2962
5,8713,8834,61,2110,1986,2945
5,8713,8834,62,2110,1981,2933
5,8713,8834,63,2107,1985,2917
5,8713,8834,64,2104,1986,2904
5,8713,8834,65,2103,1981,2886
5,8713,8834,66,2101,1985,2873
5,8713,8834,67,2096,1987,2855
5,8713,8834,68,2095,1981,2853
5,8713,8834,69,2093,1986,2835
5,8713,8834,70,2094,1987,2817
5,8713,8834,71,2090,1981,2801
5,8713,8834,72,2090,1985,2790
5,8713,8834,73,2089,1987,2772
5,8713,8834,74,2083,1981,2763
5,8713,8834,75,2085,1985,2748
5,8713,8834,76,2084,1986,2732
5,8713,8834,77,2076,1981,2718
5,8713,8834,78,2080,1986,2705
5,8713,8834,79,2078,1986,2686
5,8713,8834,80,2069,1981,2676
5,8713,8834,81,2074,1985,2661
5,8713,8834,82,2073,1986,2646
5,8713,8834,83,2064,1981,2633
5,8713,8834,84,2069,1986,2617
5,8713,8834,85,2067,1986,2607
5,8713,8834,86,2058,1981,2589
5,8713,8834,87,2062,1985,2577
5,8713,8834,88,2061,1985,2561
5,8713,8834,89,2053,1981,2563
5,8713,8834,90,2063,1986,2576
5,8713,8834,91,2064,1985,2592
5,8713,8834,92,2060,1982,2604
5,8713,8834,93,2067,1985,2618
5,8713,8834,94,2072,1986,2633
5,8713,8834,95,2064,1982,2644
5,8713,8834,96,2075,1984,2660
5,8713,8834,97,2075,1985,2677
5,8713,8834,98,2071,1982,2693
5,8713,8834,99,2080,1985,2704
5,8713,8834,100,2081,1985,2718
5,8713,8834,101,2076,1983,2732
5,8713,8834,102,2086,1985,2747
5,8713,8834,103,2088,1985,2761
5,8713,8834,104,2083,1983,2774
5,8713,8834,105,2090,1984,2790
5,8713,8834,106,2094,1985,2806
5,8713,8834,107,2088,1984,2814
5,8713,8834,108,2097,1984,2833
5,8713,8834,109,2099,1985,2851
5,8713,8834,110,2095,1984,2861
5,8713,8834,111,2102,1985,2870
5,8713,8834,112,2104,1985,2885
5,8713,8834,113,2101,1984,2901
5,8713,8834,114,2108,1984,2918
5,8713,8834,115,2111,1985,2932
5,8713,8834,116,2108,1985,2946
5,8713,8834,117,2114,1985,2959
5,8713,8834,118,2116,1985,2972
5,8713,8834,119,2114,1985,2988
5,8713,8834,120,2119,1984,3000
5,8713,8834,121,2124,1985,3018
5,8713,8834,122,2120,1985,3029
5,8713,8834,123,2126,1985,3049
5,8713,8834,124,2128,1984,3061
5,8713,8834,125,2127,1986,3072
5,8713,8834,126,2131,1985,3088
5,8713,8834,127,2138,1983,3106
5,8713,8834,128,2133,1985,3118
5,8713,8834,129,2137,1986,3128
5,8713,8834,130,2140,1983,3144
5,8713,8834,131,2139,1986,3158
5,8713,8834,132,2143,1987,3168
5,8713,8834,133,2144,1983,3185
5,8713,8834,134,2145,1986,3201
5,8713,8834,135,2147,1986,3214
5,8713,8834,136,2149,1983,3236
5,8713,8834,137,2152,1986,3244
5,8713,8834,138,2154,1987,3259
5,8713,8834,139,2157,1982,3274
5,8713,8834,140,2159,1986,3286
5,8713,8834,141,2159,1988,3301
5,8713,8834,142,2162,1982,3314
5,8713,8834,143,2164,1987,3328
5,8713,8834,144,2166,1988,3346
5,8713,8834,145,2165,1982,3358
5,8713,8834,146,2171,1986,3372
5,8713,8834,147,2173,1988,3384
5,8713,8834,148,2171,1982,3400
5,8713,8834,149,2177,1987,3414
5,8713,8834,150,2180,1988,3428
5,8713,8834,151,2176,1982,3447
5,8713,8834,152,2184,1987,3456
5,8713,8834,153,2186,1987,3468
5,8713,8834,154,2181,1982,3474
5,8713,8834,155,2185,1986,3474
5,8713,8834,156,2187,1987,3473
5,8713,8834,157,2181,1983,3489
5,8713,8834,158,2190,1987,3507
5,8713,8834,159,2192,1987,3514
5,8713,8834,160,2187,1983,3520
5,8713,8834,161,2194,1987,3525
5,8713,8834,162,2192,1987,3488
5,8713,8834,163,2172,1981,3383
5,8713,8834,164,2160,1986,3280
5,8713,8834,165,2150,1985,3171
5,8713,8834,166,2126,1981,3039
5,8713,8834,167,2108,1983,2900
5,8713,8834,168,2096,1985,2764
5,8713,8834,169,2070,1980,2631
5,8713,8834,170,2061,1984,2512
5,8713,8834,171,2042,1983,2381
5,8713,8834,172,2015,1980,2255
5,8713,8834,173,2004,1982,2110
5,8713,8834,174,1987,1982,1970
5,8713,8834,175,1959,1979,1838
5,8713,8834,176,1948,1981,1694
5,8713,8834,177,1929,1982,1563
5,8713,8834,178,1921,1979,1480
5,8713,8834,179,1901,1980,1329
5,8713,8834,180,1884,1980,1195
5,8713,8834,181,1859,1978,1042
5,8713,8834,182,1847,1979,913
5,8713,8834,183,1832,1979,768
5,8713,8834,184,1805,1977,623
5,8713,8834,185,1797,1976,489
5,8713,8834,186,1784,1976,356
5,8713,8834,187,1757,1973,207
5,8713,8834,188,1761,1974,217
5,8713,8834,189,1763,1975,232
5,8713,8834,190,1759,1974,244
5,8713,8834,191,1765,1974,258
5,8713,8834,192,1767,1975,274
5,8713,8834,193,1763,1975,285
5,8713,8834,194,1771,1975,301
5,8713,8834,195,1771,1975,316
5,8713,8834,196,1769,1975,332
5,8713,8834,197,1774,1975,342
5,8713,8834,198,1776,1974,356
5,8713,8834,199,1774,1977,374
5,8713,8834,200,1778,1976,387
5,8713,8834,201,1780,1974,401
5,8713,8834,202,1779,1976,416
5,8713,8834,203,1782,1977,426
5,8713,8834,204,1785,1974,443
5,8713,8834,205,1785,1978,457
5,8713,8834,206,1788,1978,471
5,8713,8834,207,1790,1974,487
5,8713,8834,208,1789,1978,501
5,8713,8834,209,1793,1979,513
5,8713,8834,210,1795,1974,530
5,8713,8834,211,1795,1978,543
5,8713,8834,212,1797,1979,555
5,8713,8834,213,1799,1975,570
5,8713,8834,214,1801,1979,584
5,8713,8834,215,1801,1980,600
5,8713,8834,216,1802,1975,616
5,8713,8834,217,1805,1979,625
5,8713,8834,218,1807,1980,640
5,8713,8834,219,1807,1975,657
5,8713,8834,220,1811,1980,674
5,8713,8834,221,1813,1980,683
5,8713,8834,222,1811,1975,698
5,8713,8834,223,1816,1980,713
5,8713,8834,224,1819,1981,723
5,8713,8834,225,1815,1976,744
5,8713,8834,226,1821,1980,755
5,8713,8834,227,1824,1981,769
5,8713,8834,228,1819,1976,787
5,8713,8834,229,1826,1980,797
5,8713,8834,230,1829,1981,814
5,8713,8834,231,1825,1976,847
5,8713,8834,232,1833,1981,842
5,8713,8834,233,1834,1981,855
5,8713,8834,234,1830,1977,874
5,8713,8834,235,1838,1981,894
5,8713,8834,236,1840,1981,900
5,8713,8834,237,1834,1977,910
5,8713,8834,238,1842,1981,923
5,8713,8834,239,1845,1981,942
5,8713,8834,240,1839,1977,952
5,8713,8834,241,1848,1981,965
5,8713,8834,242,1849,1981,981
5,8713,8834,243,1844,1978,996
5,8713,8834,244,1854,1981,1012
5,8713,8834,245,1855,1981,1026
5,8713,8834,246,1850,1978,1039
5,8713,8834,247,1857,1981,1052
5,8713,8834,248,1860,1982,1067
5,8713,8834,249,1854,1979,1083
5,8713,8834,250,1863,1981,1096
5,8713,8834,251,1865,1981,1111
5,8713,8834,252,1861,1979,1126
5,8713,8834,253,1869,1981,1139
5,8713,8834,254,1869,1982,1154
5,8713,8834,255,1865,1979,1166
5,8713,8834,256,1874,1981,1184
5,8713,8834,257,1875,1981,1193
5,8713,8834,258,1871,1980,1208
5,8713,8834,259,1879,1981,1226
5,8713,8834,260,1881,1981,1233
5,8713,8834,261,1877,1981,1256
5,8713,8834,262,1884,1981,1268
5,8713,8834,263,1886,1981,1282
5,8713,8834,264,1882,1981,1298
5,8713,8834,265,1890,1981,1311
5,8713,8834,266,1891,1981,1325
5,8713,8834,267,1887,1981,1324
5,8713,8834,268,1889,1980,1307
5,8713,8834,269,1887,1981,1298
5,8713,8834,270,1882,1981,1280
5,8713,8834,271,1884,1980,1268
5,8713,8834,272,1883,1981,1255
5,8713,8834,273,1877,1981,1240
5,8713,8834,274,1877,1981,1225
5,8713,8834,275,1877,1979,1212
5,8713,8834,276,1873,1981,1196
5,8713,8834,277,1875,1981,1181
5,8713,8834,278,1871,1979,1169
5,8713,8834,279,1868,1981,1153
5,8713,8834,280,1867,1982,1138
5,8713,8834,281,1866,1978,1129
5,8713,8834,282,1862,1981,1111
5,8713,8834,283,1861,1982,1094
5,8713,8834,284,1860,1977,1084
5,8713,8834,285,1858,1981,1067
5,8713,8834,286,1855,1982,1052
5,8713,8834,287,1854,1977,1039
5,8713,8834,288,1852,1981,1022
5,8713,8834,289,1851,1982,1010
5,8713,8834,290,1849,1977,997
5,8713,8834,291,1848,1981,982
5,8713,8834,292,1846,1982,965
5,8713,8834,293,1842,1976,955
5,8713,8834,294,1843,1981,940
5,8713,8834,295,1841,1982,927
5,8713,8834,296,1837,1977,912
5,8713,8834,297,1838,1981,902
5,8713,8834,298,1837,1981,880
5,8713,8834,299,1830,1976,870
5,8713,8834,300,1833,1981,856
5,8713,8834,301,1833,1981,840
5,8713,8834,302,1825,1976,833
5,8713,8834,303,1829,1980,808
5,8713,8834,304,1828,1981,800
5,8713,8834,305,1820,1975,786
5,8713,8834,306,1824,1980,770
5,8713,8834,307,1822,1980,759
5,8713,8834,308,1814,1976,741
5,8713,8834,309,1818,1980,730
5,8713,8834,310,1818,1980,716
5,8713,8834,311,1810,1976,701
5,8713,8834,312,1813,1979,685
5,8713,8834,313,1813,1980,671
5,8713,8834,314,1804,1975,658
5,8713,8834,315,1809,1979,643
5,8713,8834,316,1807,1979,628
5,8713,8834,317,1799,1975,611
5,8713,8834,318,1805,1979,603
5,8713,8834,319,1802,1979,586
5,8713,8834,320,1794,1975,567
5,8713,8834,321,1799,1978,556
5,8713,8834,322,1798,1979,535
5,8713,8834,323,1789,1975,527
5,8713,8834,324,1795,1978,513
5,8713,8834,325,1794,1978,501
5,8713,8834,326,1784,1975,481
5,8713,8834,327,1789,1977,472
5,8713,8834,328,1789,1977,460
5,8713,8834,329,1779,1976,444
5,8713,8834,330,1785,1977,429
5,8713,8834,331,1784,1976,414
5,8713,8834,332,1775,1975,402
5,8713,8834,333,1779,1976,387
5,8713,8834,334,1779,1976,374
5,8713,8834,335,1771,1975,356
5,8713,8834,336,1775,1975,340
5,8713,8834,337,1774,1976,331
5,8713,8834,338,1766,1975,316
5,8713,8834,339,1770,1975,300
5,8713,8834,340,1769,1975,289
5,8713,8834,341,1761,1975,273
5,8713,8834,342,1764,1974,260
5,8713,8834,343,1764,1974,245
5,8713,8834,344,1758,1975,232
5,8713,8834,345,1759,1974,215
5,8713,8834,346,1759,1973,206
5,8713,8834,347,1753,1974,189
5,8713,8834,348,1755,1973,175
5,8713,8834,349,1759,1972,217
5,8713,8834,350,1765,1976,307
5,8713,8834,351,1779,1978,438
5,8713,8834,352,1794,1977,553
5,8713,8834,353,1805,1980,671
5,8713,8834,354,1820,1981,811
5,8713,8834,355,1839,1977,930
6,8887,9008,0,1979,2022,1190
6,8887,9008,1,1872,1979,1260
6,8887,9008,2,1889,1983,1333
6,8887,9008,3,1903,1984,1427
6,8887,9008,4,1911,1979,1531
6,8887,9008,5,1926,1984,1628
6,8887,9008,6,1946,1985,1764
6,8887,9008,7,1955,1980,1886
6,8887,9008,8,1979,1985,1998
6,8887,9008,9,1994,1985,2117
6,8887,9008,10,2005,1981,2226
6,8887,9008,11,2027,1986,2355
6,8887,9008,12,2043,1986,2481
6,8887,9008,13,2054,1982,2632
6,8887,9008,14,2081,1987,2747
6,8887,9008,15,2097,1987,2886
6,8887,9008,16,2113,1983,3037
6,8887,9008,17,2139,1987,3166
6,8887,9008,18,2153,1988,3315
6,8887,9008,19,2172,1984,3469
6,8887,9008,20,2189,1987,3495
6,8887,9008,21,2187,1986,3481
6,8887,9008,22,2179,1983,3474
6,8887,9008,23,2188,1987,3479
6,8887,9008,24,2186,1986,3472
6,8887,9008,25,2177,1983,3459
6,8887,9008,26,2183,1986,3444
6,8887,9008,27,2180,1987,3429
6,8887,9008,28,2168,1984,3415
6,8887,9008,29,2176,1986,3395
6,8887,9008,30,2174,1986,3390
6,8887,9008,31,2165,1984,3371
6,8887,9008,32,2170,1985,3359
6,8887,9008,33,2169,1986,3342
6,8887,9008,34,2160,1984,3326
6,8887,9008,35,2165,1986,3315
6,8887,9008,36,2162,1985,3300
6,8887,9008,37,2154,1985,3288
6,8887,9008,38,2157,1985,3276
6,8887,9008,39,2156,1985,3267
6,8887,9008,40,2148,1985,3244
6,8887,9008,41,2152,1985,3224
6,8887,9008,42,2150,1985,3215
6,8887,9008,43,2144,1985,3202
6,8887,9008,44,2145,1985,3188
6,8887,9008,45,2144,1985,3173
6,8887,9008,46,2136,1985,3161
6,8887,9008,47,2138,1984,3144
6,8887,9008,48,2138,1985,3131
6,8887,9008,49,2132,1985,3115
6,8887,9008,50,2133,1985,3101
6,8887,9008,51,2132,1984,3089
6,8887,9008,52,2127,1985,3073
6,8887,9008,53,2127,1985,3058
6,8887,9008,54,2126,1983,3047
6,8887,9008,55,2121,1986,3030
6,8887,9008,56,2120,1986,3014
6,8887,9008,57,2120,1982,3007
6,8887,9008,58,2115,1985,2987
6,8887,9008,59,2114,1986,2973
6,8887,9008,60,2114,1982,2959
6,8887,9008,61,2110,1986,2947
6,8887,9008,62,2109,1987,2934
6,8887,9008,63,2107,1981,2920
6,8887,9008,64,2105,1986,2906
6,8887,9008,65,2104,1987,2885
6,8887,9008,66,2101,1981,2876
6,8887,9008,67,2100,1986,2860
6,8887,9008,68,2098,1987,2848
6,8887,9008,69,2093,1981,2830
6,8887,9008,70,2094,1986,2817
6,8887,9008,71,2093,1986,2805
6,8887,9008,72,2087,1981,2788
6,8887,9008,73,2088,1986,2775
6,8887,9008,74,2086,1986,2761
6,8887,9008,75,2081,1981,2747
6,8887,9008,76,2082,1985,2733
6,8887,9008,77,2083,1986,2721
6,8887,9008,78,2074,1981,2704
6,8887,9008,79,2079,1985,2692
6,8887,9008,80,2077,1986,2678
6,8887,9008,81,2068,1981,2661
6,8887,9008,82,2072,1985,2650
6,8887,9008,83,2071,1985,2635
6,8887,9008,84,2061,1980,2618
6,8887,9008,85,2066,1985,2606
6,8887,9008,86,2064,1985,2593
6,8887,9008,87,2056,1981,2577
6,8887,9008,88,2060,1985,2562
6,8887,9008,89,2060,1985,2570
6,8887,9008,90,2056,1981,2576
6,8887,9008,91,2064,1985,2586
6,8887,9008,92,2066,1986,2610
6,8887,9008,93,2061,1981,2621
6,8887,9008,94,2070,1985,2632
6,8887,9008,95,2072,1985,2649
6,8887,9008,96,2067,1982,2659
6,8887,9008,97,2076,1985,2675
6,8887,9008,98,2079,1985,2691
6,8887,9008,99,2072,1982,2705
6,8887,9008,100,2082,1985,2720
6,8887,9008,101,2084,1985,2731
6,8887,9008,102,2079,1983,2746
6,8887,9008,103,2088,1985,2760
6,8887,9008,104,2090,1985,2774
6,8887,9008,105,2085,1983,2789
6,8887,9008,106,2094,1985,2806
6,8887,9008,107,2094,1985,2822
6,8887,9008,108,2090,1983,2825
6,8887,9008,109,2100,1984,2851
6,8887,9008,110,2101,1985,2858
6,8887,9008,111,2098,1984,2875
6,8887,9008,112,2106,1985,2888
6,8887,9008,113,2107,1985,2902
6,8887,9008,114,2104,1985,2917
6,8887,9008,115,2110,1985,2930
6,8887,9008,116,2113,1985,2944
6,8887,9008,117,2109,1985,2958
6,8887,9008,118,2116,1984,2973
6,8887,9008,119,2119,1985,2991
6,8887,9008,120,2116,1985,3004
6,8887,9008,121,2122,1984,3017
6,8887,9008,122,2124,1984,3032
6,8887,9008,123,2122,1985,3044
6,8887,9008,124,2127,1984,3057
6,8887,9008,125,2131,1984,3075
6,8887,9008,126,2128,1986,3090
6,8887,9008,127,2132,1986,3099
6,8887,9008,128,2135,1983,3117
6,8887,9008,129,2134,1986,3133
6,8887,9008,130,2139,1986,3147
6,8887,9008,131,2141,1983,3163
6,8887,9008,132,2141,1986,3175
6,8887,9008,133,2144,1987,3182
6,8887,9008,134,2147,1983,3203
6,8887,9008,135,2147,1986,3214
6,8887,9008,136,2150,1987,3231
6,8887,9008,137,2152,1982,3247
6,8887,9008,138,2154,1986,3256
6,8887,9008,139,2155,1988,3273
6,8887,9008,140,2158,1982,3292
6,8887,9008,141,2159,1986,3302
6,8887,9008,142,2162,1989,3320
6,8887,9008,143,2163,1982,3331
6,8887,9008,144,2167,1987,3343
6,8887,9008,145,2169,1988,3358
6,8887,9008,146,2168,1982,3366
6,8887,9008,147,2172,1987,3387
6,8887,9008,148,2175,1988,3403
6,8887,9008,149,2173,1983,3414
6,8887,9008,150,2179,1987,3426
6,8887,9008,151,2182,1988,3442
6,8887,9008,152,2179,1983,3459
6,8887,9008,153,2185,1987,3471
6,8887,9008,154,2187,1988,3477
6,8887,9008,155,2180,1982,3475
6,8887,9008,156,2186,1987,3474
6,8887,9008,157,2191,1987,3492
6,8887,9008,158,2184,1983,3505
6,8887,9008,159,2192,1987,3513
6,8887,9008,160,2193,1988,3520
6,8887,9008,161,2185,1983,3506
6,8887,9008,162,2180,1986,3403
6,8887,9008,163,2167,1987,3318
6,8887,9008,164,2150,1982,3208
6,8887,9008,165,2141,1985,3129
6,8887,9008,166,2126,1985,3009
6,8887,9008,167,2101,1980,2862
6,8887,9008,168,2092,1985,2744
6,8887,9008,169,2076,1985,2634
6,8887,9008,170,2048,1979,2487
6,8887,9008,171,2042,1983,2356
6,8887,9008,172,2023,1983,2202
6,8887,9008,173,1994,1980,2077
6,8887,9008,174,1983,1982,1952
6,8887,9008,175,1966,1983,1820
6,8887,9008,176,1939,1979,1671
6,8887,9008,177,1927,1981,1533
6,8887,9008,178,1918,1981,1464
6,8887,9008,179,1891,1978,1344
6,8887,9008,180,1883,1981,1222
6,8887,9008,181,1871,1981,1108
6,8887,9008,182,1848,1978,1001
6,8887,9008,183,1842,1979,859
6,8887,9008,184,1826,1979,705
6,8887,9008,185,1802,1977,562
6,8887,9008,186,1793,1976,454
6,8887,9008,187,1773,1975,316
6,8887,9008,188,1755,1973,219
6,8887,9008,189,1762,1974,230
6,8887,9008,190,1764,1975,246
6,8887,9008,191,1760,1975,259
6,8887,9008,192,1767,1975,271
6,8887,9008,193,1768,1975,288
6,8887,9008,194,1765,1975,299
6,8887,9008,195,1771,1975,315
6,8887,9008,196,1773,1975,331
6,8887,9008,197,1771,1976,345
6,8887,9008,198,1776,1975,359
6,8887,9008,199,1778,1975,373
6,8887,9008,200,1776,1977,381
6,8887,9008,201,1780,1976,399
6,8887,9008,202,1783,1974,414
6,8887,9008,203,1780,1977,414
6,8887,9008,204,1785,1978,442
6,8887,9008,205,1786,1974,459
6,8887,9008,206,1786,1978,470
6,8887,9008,207,1789,1978,486
6,8887,9008,208,1791,1974,504
6,8887,9008,209,1792,1978,516
6,8887,9008,210,1794,1979,521
6,8887,9008,211,1796,1975,541
6,8887,9008,212,1796,1979,550
6,8887,9008,213,1799,1980,569
6,8887,9008,214,1801,1975,586
6,8887,9008,215,1803,1979,599
6,8887,9008,216,1803,1980,613
6,8887,9008,217,1804,1975,626
6,8887,9008,218,1807,1979,642
6,8887,9008,219,1810,1981,655
6,8887,9008,220,1808,1976,673
6,8887,9008,221,1812,1980,690
6,8887,9008,222,1815,1981,698
6,8887,9008,223,1812,1976,716
6,8887,9008,224,1818,1980,726
6,8887,9008,225,1821,1981,740
6,8887,9008,226,1817,1975,755
6,8887,9008,227,1823,1980,768
6,8887,9008,228,1826,1981,782
6,8887,9008,229,1821,1976,803
6,8887,9008,230,1828,1981,813
6,8887,9008,231,1831,1981,830
6,8887,9008,232,1826,1976,840
6,8887,9008,233,1833,1981,854
6,8887,9008,234,1837,1981,870
6,8887,9008,235,1831,1977,881
6,8887,9008,236,1839,1981,897
6,8887,9008,237,1840,1981,913
6,8887,9008,238,1836,1977,926
6,8887,9008,239,1845,1981,941
6,8887,9008,240,1846,1981,954
6,8887,9008,241,1841,1977,968
6,8887,9008,242,1849,1981,983
6,8887,9008,243,1851,1982,996
6,8887,9008,244,1846,1978,1010
6,8887,9008,245,1855,1980,1024
6,8887,9008,246,1859,1981,1035
6,8887,9008,247,1852,1978,1054
6,8887,9008,248,1860,1981,1068
6,8887,9008,249,1862,1981,1087
6,8887,9008,250,1856,1979,1098
6,8887,9008,251,1866,1981,1112
6,8887,9008,252,1867,1981,1125
6,8887,9008,253,1862,1979,1137
6,8887,9008,254,1871,1981,1153
6,8887,9008,255,1872,1982,1168
6,8887,9008,256,1867,1980,1180
6,8887,9008,257,1876,1981,1198
6,8887,9008,258,1877,1981,1209
6,8887,9008,259,1873,1981,1227
6,8887,9008,260,1881,1981,1239
6,8887,9008,261,1883,1982,1257
6,8887,9008,262,1877,1981,1268
6,8887,9008,263,1886,1981,1281
6,8887,9008,264,1887,1982,1293
6,8887,9008,265,1884,1981,1311
6,8887,9008,266,1892,1980,1327
6,8887,9008,267,1893,1981,1324
6,8887,9008,268,1885,1981,1310
6,8887,9008,269,1888,1981,1294
6,8887,9008,270,1886,1981,1281
6,8887,9008,271,1880,1981,1266
6,8887,9008,272,1882,1981,1250
6,8887,9008,273,1881,1980,1241
6,8887,9008,274,1875,1982,1225
6,8887,9008,275,1877,1980,1208
6,8887,9008,276,1876,1979,1196
6,8887,9008,277,1870,1982,1182
6,8887,9008,278,1870,1981,1166
6,8887,9008,279,1869,1978,1155
6,8887,9008,280,1865,1981,1138
6,8887,9008,281,1865,1982,1123
6,8887,9008,282,1863,1978,1113
6,8887,9008,283,1861,1981,1091
6,8887,9008,284,1860,1982,1082
6,8887,9008,285,1859,1977,1070
6,8887,9008,286,1856,1982,1040
6,8887,9008,287,1854,1982,1039
6,8887,9008,288,1853,1977,1027
6,8887,9008,289,1851,1981,1010
6,8887,9008,290,1849,1982,1000
6,8887,9008,291,1846,1976,984
6,8887,9008,292,1846,1981,970
6,8887,9008,293,1844,1982,953
6,8887,9008,294,1840,1977,940
6,8887,9008,295,1842,1981,926
6,8887,9008,296,1839,1982,908
6,8887,9008,297,1835,1976,898
6,8887,9008,298,1837,1981,884
6,8887,9008,299,1835,1982,867
6,8887,9008,300,1829,1976,857
6,8887,9008,301,1832,1980,841
6,8887,9008,302,1831,1981,831
6,8887,9008,303,1823,1976,812
6,8887,9008,304,1826,1980,799
6,8887,9008,305,1826,1981,784
6,8887,9008,306,1818,1976,771
6,8887,9008,307,1822,1980,757
6,8887,9008,308,1821,1981,743
6,8887,9008,309,1813,1975,727
6,8887,9008,310,1818,1980,719
6,8887,9008,311,1816,1980,700
6,8887,9008,312,1808,1976,683
6,8887,9008,313,1812,1980,669
6,8887,9008,314,1811,1980,658
6,8887,9008,315,1802,1975,639
6,8887,9008,316,1807,1978,629
6,8887,9008,317,1806,1979,617
6,8887,9008,318,1797,1975,600
6,8887,9008,319,1803,1978,585
6,8887,9008,320,1801,1979,573
6,8887,9008,321,1792,1975,558
6,8887,9008,322,1798,1978,542
6,8887,9008,323,1796,1978,531
6,8887,9008,324,1788,1975,514
6,8887,9008,325,1793,1977,500
6,8887,9008,326,1791,1978,485
6,8887,9008,327,1784,1976,471
6,8887,9008,328,1788,1976,457
6,8887,9008,329,1787,1977,443
6,8887,9008,330,1778,1975,427
6,8887,9008,331,1783,1976,413
6,8887,9008,332,1782,1977,401
6,8887,9008,333,1773,1976,388
6,8887,9008,334,1778,1976,371
6,8887,9008,335,1777,1976,358
6,8887,9008,336,1769,1975,343
6,8887,9008,337,1774,1975,328
6,8887,9008,338,1772,1975,316
6,8887,9008,339,1765,1975,303
6,8887,9008,340,1768,1974,291
6,8887,9008,341,1768,1975,274
6,8887,9008,342,1760,1975,259
6,8887,9008,343,1762,1974,234
6,8887,9008,344,1762,1974,232
6,8887,9008,345,1756,1974,217
6,8887,9008,346,1758,1973,202
6,8887,9008,347,1758,1974,188
6,8887,9008,348,1752,1973,172
6,8887,9008,349,1762,1974,243
6,8887,9008,350,1769,1974,322
6,8887,9008,351,1778,1977,418
6,8887,9008,352,1792,1978,511
6,8887,9008,353,1801,1976,600
6,8887,9008,354,1813,1980,718
6,8887,9008,355,1825,1981,834
7,9064,9185,0,1978,2021,1166
7,9064,9185,1,1873,1983,1239
7,9064,9185,2,1890,1980,1336
7,9064,9185,3,1899,1982,1412
7,9064,9185,4,1913,1984,1551
7,9064,9185,5,1933,1980,1674
7,9064,9185,6,1947,1984,1796
7,9064,9185,7,1964,1986,1941
7,9064,9185,8,1983,1981,2052
7,9064,9185,9,2000,1986,2253
7,9064,9185,10,2021,1986,2325
7,9064,9185,11,2039,1981,2460
7,9064,9185,12,2057,1986,2586
7,9064,9185,13,2075,1988,2724
7,9064,9185,14,2091,1982,2845
7,9064,9185,15,2112,1986,2990
7,9064,9185,16,2129,1988,3127
7,9064,9185,17,2144,1983,3256
7,9064,9185,18,2169,1987,3375
7,9064,9185,19,2186,1989,3491
7,9064,9185,20,2184,1982,3494
7,9064,9185,21,2186,1986,3474
7,9064,9185,22,2187,1987,3474
7,9064,9185,23,2180,1983,3476
7,9064,9185,24,2186,1987,3474
7,9064,9185,25,2184,1988,3461
7,9064,9185,26,2176,1982,3444
7,9064,9185,27,2179,1987,3430
7,9064,9185,28,2178,1987,3416
7,9064,9185,29,2170,1983,3405
7,9064,9185,30,2173,1987,3385
7,9064,9185,31,2174,1987,3372
7,9064,9185,32,2163,1982,3357
7,9064,9185,33,2169,1987,3344
7,9064,9185,34,2167,1987,3328
7,9064,9185,35,2158,1983,3314
7,9064,9185,36,2162,1987,3301
7,9064,9185,37,2161,1987,3289
7,9064,9185,38,2151,1983,3272
7,9064,9185,39,2157,1986,3258
7,9064,9185,40,2154,1986,3245
7,9064,9185,41,2146,1983,3229
7,9064,9185,42,2149,1986,3214
7,9064,9185,43,2149,1986,3201
7,9064,9185,44,2139,1984,3185
7,9064,9185,45,2145,1985,3177
7,9064,9185,46,2143,1986,3163
7,9064,9185,47,2133,1983,3146
7,9064,9185,48,2138,1985,3131
7,9064,9185,49,2136,1986,3118
7,9064,9185,50,2128,1984,3098
7,9064,9185,51,2133,1984,3087
7,9064,9185,52,2130,1986,3087
7,9064,9185,53,2122,1984,3058
7,9064,9185,54,2127,1985,3046
7,9064,9185,55,2124,1985,3033
7,9064,9185,56,2116,1984,3018
7,9064,9185,57,2120,1985,3002
7,9064,9185,58,2119,1985,2990
7,9064,9185,59,2110,1985,2974
7,9064,9185,60,2115,1984,2960
7,9064,9185,61,2112,1985,2947
7,9064,9185,62,2106,1984,2928
7,9064,9185,63,2108,1984,2911
7,9064,9185,64,2107,1985,2902
7,9064,9185,65,2100,1984,2890
7,9064,9185,66,2103,1984,2874
7,9064,9185,67,2101,1984,2861
7,9064,9185,68,2095,1985,2847
7,9064,9185,69,2095,1984,2829
7,9064,9185,70,2094,1983,2818
7,9064,9185,71,2089,1985,2802
7,9064,9185,72,2089,1985,2791
7,9064,9185,73,2089,1983,2778
7,9064,9185,74,2084,1985,2759
7,9064,9185,75,2084,1986,2751
7,9064,9185,76,2082,1982,2734
7,9064,9185,77,2079,1985,2718
7,9064,9185,78,2077,1986,2703
7,9064,9185,79,2076,1981,2691
7,9064,9185,80,2073,1985,2676
7,9064,9185,81,2072,1986,2663
7,9064,9185,82,2070,1981,2645
7,9064,9185,83,2068,1985,2635
7,9064,9185,84,2065,1986,2618
7,9064,9185,85,2064,1981,2607
7,9064,9185,86,2063,1985,2595
7,9064,9185,87,2061,1986,2575
7,9064,9185,88,2057,1981,2562
7,9064,9185,89,2058,1985,2560
7,9064,9185,90,2062,1987,2578
7,9064,9185,91,2060,1981,2592
7,9064,9185,92,2065,1985,2605
7,9064,9185,93,2068,1986,2618
7,9064,9185,94,2065,1981,2635
7,9064,9185,95,2071,1985,2643
7,9064,9185,96,2074,1986,2664
7,9064,9185,97,2070,1981,2678
7,9064,9185,98,2077,1986,2689
7,9064,9185,99,2080,1986,2707
7,9064,9185,100,2076,1981,2719
7,9064,9185,101,2083,1985,2732
7,9064,9185,102,2086,1986,2749
7,9064,9185,103,2081,1981,2761
7,9064,9185,104,2089,1986,2777
7,9064,9185,105,2090,1986,2788
7,9064,9185,106,2087,1981,2802
7,9064,9185,107,2095,1986,2817
7,9064,9185,108,2098,1986,2832
7,9064,9185,109,2094,1981,2845
7,9064,9185,110,2101,1986,2863
7,9064,9185,111,2103,1986,2874
7,9064,9185,112,2097,1982,2890
7,9064,9185,113,2108,1985,2904
7,9064,9185,114,2109,1986,2918
7,9064,9185,115,2104,1983,2932
7,9064,9185,116,2113,1985,2946
7,9064,9185,117,2116,1986,2965
7,9064,9185,118,2110,1982,2973
7,9064,9185,119,2119,1986,2988
7,9064,9185,120,2122,1986,3004
7,9064,9185,121,2115,1984,3018
7,9064,9185,122,2125,1985,3032
7,9064,9185,123,2126,1986,3047
7,9064,9185,124,2122,1984,3062
7,9064,9185,125,2131,1985,3073
7,9064,9185,126,2133,1986,3091
7,9064,9185,127,2129,1985,3102
7,9064,9185,128,2135,1985,3114
7,9064,9185,129,2139,1986,3127
7,9064,9185,130,2134,1984,3143
7,9064,9185,131,2142,1985,3157
7,9064,9185,132,2145,1986,3173
7,9064,9185,133,2140,1985,3187
7,9064,9185,134,2148,1985,3199
7,9064,9185,135,2148,1986,3220
7,9064,9185,136,2147,1986,3228
7,9064,9185,137,2153,1985,3244
7,9064,9185,138,2157,1985,3259
7,9064,9185,139,2153,1986,3273
7,9064,9185,140,2159,1985,3286
7,9064,9185,141,2162,1985,3296
7,9064,9185,142,2160,1986,3313
7,9064,9185,143,2165,1985,3327
7,9064,9185,144,2167,1985,3346
7,9064,9185,145,2166,1986,3354
7,9064,9185,146,2170,1986,3369
7,9064,9185,147,2173,1984,3386
7,9064,9185,148,2172,1986,3402
7,9064,9185,149,2176,1987,3414
7,9064,9185,150,2179,1984,3431
7,9064,9185,151,2178,1986,3441
7,9064,9185,152,2182,1986,3458
7,9064,9185,153,2184,1983,3470
7,9064,9185,154,2184,1987,3478
7,9064,9185,155,2183,1987,3473
7,9064,9185,156,2184,1983,3473
7,9064,9185,157,2185,1987,3489
7,9064,9185,158,2188,1988,3502
7,9064,9185,159,2190,1983,3513
7,9064,9185,160,2189,1987,3522
7,9064,9185,161,2191,1989,3510
7,9064,9185,162,2187,1982,3466
7,9064,9185,163,2168,1985,3359
7,9064,9185,164,2159,1987,3258
7,9064,9185,165,2140,1981,3142
7,9064,9185,166,2127,1985,3024
7,9064,9185,167,2111,1986,2902
7,9064,9185,168,2092,1980,2772
7,9064,9185,169,2077,1985,2639
7,9064,9185,170,2058,1985,2520
7,9064,9185,171,2037,1979,2374
7,9064,9185,172,2023,1983,2241
7,9064,9185,173,2005,1984,2108
7,9064,9185,174,1981,1979,1982
7,9064,9185,175,1968,1982,1858
7,9064,9185,176,1949,1983,1678
7,9064,9185,177,1919,1977,1520
7,9064,9185,178,1917,1982,1438
7,9064,9185,179,1897,1982,1312
7,9064,9185,180,1873,1976,1168
7,9064,9185,181,1862,1981,1050
7,9064,9185,182,1846,1981,907
7,9064,9185,183,1822,1976,764
7,9064,9185,184,1814,1979,637
7,9064,9185,185,1800,1978,512
7,9064,9185,186,1778,1973,370
7,9064,9185,187,1768,1974,237
7,9064,9185,188,1761,1976,218
7,9064,9185,189,1756,1971,209
7,9064,9185,190,1764,1976,248
7,9064,9185,191,1766,1975,261
7,9064,9185,192,1760,1973,269
7,9064,9185,193,1768,1975,287
7,9064,9185,194,1771,1976,302
7,9064,9185,195,1764,1973,313
7,9064,9185,196,1774,1976,329
7,9064,9185,197,1776,1976,345
7,9064,9185,198,1769,1974,356
7,9064,9185,199,1778,1976,374
7,9064,9185,200,1780,1977,389
7,9064,9185,201,1775,1975,400
7,9064,9185,202,1783,1976,414
7,9064,9185,203,1785,1977,420
7,9064,9185,204,1780,1976,445
7,9064,9185,205,1788,1976,459
7,9064,9185,206,1790,1977,472
7,9064,9185,207,1785,1977,487
7,9064,9185,208,1791,1977,497
7,9064,9185,209,1794,1977,515
7,9064,9185,210,1791,1977,525
7,9064,9185,211,1797,1977,545
7,9064,9185,212,1799,1977,559
7,9064,9185,213,1795,1978,571
7,9064,9185,214,1801,1977,586
7,9064,9185,215,1803,1978,597
7,9064,9185,216,1800,1978,613
7,9064,9185,217,1806,1978,626
7,9064,9185,218,1808,1978,642
7,9064,9185,219,1806,1978,656
7,9064,9185,220,1811,1978,670
7,9064,9185,221,1813,1977,678
7,9064,9185,222,1812,1980,698
7,9064,9185,223,1815,1979,711
7,9064,9185,224,1818,1977,729
7,9064,9185,225,1817,1980,743
7,9064,9185,226,1821,1981,755
7,9064,9185,227,1822,1977,771
7,9064,9185,228,1823,1980,785
7,9064,9185,229,1825,1981,799
7,9064,9185,230,1828,1976,813
7,9064,9185,231,1828,1980,825
7,9064,9185,232,1831,1982,837
7,9064,9185,233,1832,1976,856
7,9064,9185,234,1833,1981,866
7,9064,9185,235,1835,1982,881
7,9064,9185,236,1837,1977,898
7,9064,9185,237,1839,1981,911
7,9064,9185,238,1840,1983,926
7,9064,9185,239,1840,1977,939
7,9064,9185,240,1845,1981,958
7,9064,9185,241,1846,1982,968
7,9064,9185,242,1845,1977,982
7,9064,9185,243,1850,1981,1002
7,9064,9185,244,1853,1982,1007
7,9064,9185,245,1850,1977,1029
7,9064,9185,246,1856,1982,1036
7,9064,9185,247,1859,1982,1054
7,9064,9185,248,1854,1977,1071
7,9064,9185,249,1862,1982,1081
7,9064,9185,250,1864,1983,1095
7,9064,9185,251,1859,1978,1109
7,9064,9185,252,1867,1982,1124
7,9064,9185,253,1869,1983,1144
7,9064,9185,254,1864,1978,1152
7,9064,9185,255,1872,1982,1165
7,9064,9185,256,1874,1982,1180
7,9064,9185,257,1869,1978,1194
7,9064,9185,258,1877,1982,1214
7,9064,9185,259,1880,1982,1224
7,9064,9185,260,1874,1978,1238
7,9064,9185,261,1883,1982,1255
7,9064,9185,262,1885,1983,1268
7,9064,9185,263,1879,1979,1285
7,9064,9185,264,1888,1982,1296
7,9064,9185,265,1890,1982,1308
7,9064,9185,266,1885,1979,1322
7,9064,9185,267,1893,1982,1329
7,9064,9185,268,1890,1982,1311
7,9064,9185,269,1882,1979,1295
7,9064,9185,270,1886,1982,1281
7,9064,9185,271,1885,1982,1265
7,9064,9185,272,1876,1979,1252
7,9064,9185,273,1882,1981,1245
7,9064,9185,274,1879,1981,1225
7,9064,9185,275,1871,1979,1206
7,9064,9185,276,1877,1981,1196
7,9064,9185,277,1874,1981,1182
7,9064,9185,278,1866,1980,1165
7,9064,9185,279,1870,1981,1152
7,9064,9185,280,1870,1981,1141
7,9064,9185,281,1861,1980,1127
7,9064,9185,282,1864,1980,1106
7,9064,9185,283,1864,1981,1098
7,9064,9185,284,1856,1979,1080
7,9064,9185,285,1860,1980,1065
7,9064,9185,286,1858,1980,1054
7,9064,9185,287,1850,1980,1039
7,9064,9185,288,1854,1980,1026
7,9064,9185,289,1852,1980,1013
7,9064,9185,290,1846,1981,996
7,9064,9185,291,1849,1979,983
7,9064,9185,292,1847,1980,969
7,9064,9185,293,1842,1980,949
7,9064,9185,294,1843,1980,940
7,9064,9185,295,1841,1978,926
7,9064,9185,296,1836,1981,909
7,9064,9185,297,1838,1980,899
7,9064,9185,298,1836,1978,887
7,9064,9185,299,1832,1980,869
7,9064,9185,300,1832,1980,856
7,9064,9185,301,1830,1977,842
7,9064,9185,302,1828,1980,828
7,9064,9185,303,1827,1981,809
7,9064,9185,304,1826,1976,798
7,9064,9185,305,1823,1980,785
7,9064,9185,306,1821,1981,771
7,9064,9185,307,1819,1976,756
7,9064,9185,308,1818,1980,742
7,9064,9185,309,1817,1981,727
7,9064,9185,310,1815,1975,712
7,9064,9185,311,1814,1980,697
7,9064,9185,312,1812,1981,686
7,9064,9185,313,1808,1975,671
7,9064,9185,314,1810,1980,657
7,9064,9185,315,1808,1980,641
7,9064,9185,316,1802,1975,626
7,9064,9185,317,1805,1979,613
7,9064,9185,318,1804,1980,605
7,9064,9185,319,1798,1975,586
7,9064,9185,320,1800,1979,570
7,9064,9185,321,1799,1979,556
7,9064,9185,322,1792,1974,541
7,9064,9185,323,1795,1978,527
7,9064,9185,324,1795,1979,512
7,9064,9185,325,1787,1974,500
7,9064,9185,326,1791,1978,487
7,9064,9185,327,1790,1978,471
7,9064,9185,328,1782,1973,459
7,9064,9185,329,1786,1977,445
7,9064,9185,330,1785,1978,432
7,9064,9185,331,1776,1974,416
7,9064,9185,332,1782,1977,406
7,9064,9185,333,1780,1977,394
7,9064,9185,334,1772,1973,373
7,9064,9185,335,1777,1977,358
7,9064,9185,336,1776,1977,344
7,9064,9185,337,1767,1973,329
7,9064,9185,338,1773,1976,318
7,9064,9185,339,1771,1976,303
7,9064,9185,340,1762,1973,287
7,9064,9185,341,1768,1975,273
7,9064,9185,342,1766,1975,257
7,9064,9185,343,1758,1972,245
7,9064,9185,344,1762,1975,231
7,9064,9185,345,1761,1975,219
7,9064,9185,346,1753,1972,202
7,9064,9185,347,1758,1974,187
7,9064,9185,348,1756,1974,176
7,9064,9185,349,1757,1973,277
7,9064,9185,350,1776,1977,359
7,9064,9185,351,1786,1978,462
7,9064,9185,352,1791,1977,558
7,9064,9185,353,1811,1979,728
7,9064,9185,354,1912,1988,1915
7,9064,9185,355,1980,1987,1986
8,9238,9359,0,1980,2013,1183
8,9238,9359,1,1874,1980,1259
8,9238,9359,2,1891,1982,1325
8,9238,9359,3,1902,1983,1419
8,9238,9359,4,1908,1981,1524
8,9238,9359,5,1929,1983,1632
8,9238,9359,6,1945,1983,1739
8,9238,9359,7,1950,1982,1846
8,9238,9359,8,1965,1984,1942
8,9238,9359,9,1989,1984,2080
8,9238,9359,10,1997,1983,2192
8,9238,9359,11,2024,1984,2358
8,9238,9359,12,2044,1985,2483
8,9238,9359,13,2054,1984,2617
8,9238,9359,14,2083,1985,2767
8,9238,9359,15,2101,1986,2943
8,9238,9359,16,2116,1985,3051
8,9238,9359,17,2143,1986,3207
8,9238,9359,18,2161,1986,3350
8,9238,9359,19,2176,1986,3480
8,9238,9359,20,2187,1985,3489
8,9238,9359,21,2185,1985,3480
8,9238,9359,22,2181,1985,3474
8,9238,9359,23,2186,1985,3477
8,9238,9359,24,2185,1985,3473
8,9238,9359,25,2180,1986,3456
8,9238,9359,26,2180,1985,3442
8,9238,9359,27,2179,1984,3429
8,9238,9359,28,2174,1986,3415
8,9238,9359,29,2176,1986,3399
8,9238,9359,30,2173,1983,3384
8,9238,9359,31,2168,1986,3374
8,9238,9359,32,2168,1986,3357
8,9238,9359,33,2166,1982,3343
8,9238,9359,34,2163,1986,3329
8,9238,9359,35,2163,1988,3315
8,9238,9359,36,2161,1982,3309
8,9238,9359,37,2158,1986,3287
8,9238,9359,38,2156,1988,3275
8,9238,9359,39,2154,1982,3259
8,9238,9359,40,2153,1986,3243
8,9238,9359,41,2150,1987,3227
8,9238,9359,42,2147,1982,3215
8,9238,9359,43,2146,1986,3203
8,9238,9359,44,2146,1987,3186
8,9238,9359,45,2141,1982,3176
8,9238,9359,46,2141,1986,3157
8,9238,9359,47,2139,1987,3149
8,9238,9359,48,2134,1982,3132
8,9238,9359,49,2136,1986,3115
8,9238,9359,50,2135,1987,3102
8,9238,9359,51,2127,1981,3088
8,9238,9359,52,2130,1986,3065
8,9238,9359,53,2128,1987,3060
8,9238,9359,54,2120,1982,3044
8,9238,9359,55,2124,1986,3030
8,9238,9359,56,2123,1986,3017
8,9238,9359,57,2115,1981,2999
8,9238,9359,58,2117,1986,2990
8,9238,9359,59,2117,1986,2974
8,9238,9359,60,2108,1981,2957
8,9238,9359,61,2112,1986,2946
8,9238,9359,62,2111,1986,2935
8,9238,9359,63,2102,1982,2916
8,9238,9359,64,2107,1986,2903
8,9238,9359,65,2105,1986,2890
8,9238,9359,66,2098,1982,2873
8,9238,9359,67,2101,1985,2857
8,9238,9359,68,2100,1986,2848
8,9238,9359,69,2090,1981,2832
8,9238,9359,70,2096,1985,2816
8,9238,9359,71,2094,1985,2804
8,9238,9359,72,2084,1982,2792
8,9238,9359,73,2090,1985,2775
8,9238,9359,74,2088,1985,2746
8,9238,9359,75,2078,1983,2748
8,9238,9359,76,2083,1984,2727
8,9238,9359,77,2081,1985,2720
8,9238,9359,78,2074,1982,2703
8,9238,9359,79,2078,1984,2695
8,9238,9359,80,2076,1985,2676
8,9238,9359,81,2067,1983,2667
8,9238,9359,82,2071,1984,2648
8,9238,9359,83,2071,1985,2634
8,9238,9359,84,2060,1983,2618
8,9238,9359,85,2066,1984,2605
8,9238,9359,86,2064,1984,2595
8,9238,9359,87,2055,1983,2572
8,9238,9359,88,2060,1983,2561
8,9238,9359,89,2059,1984,2564
8,9238,9359,90,2056,1984,2575
8,9238,9359,91,2063,1984,2590
8,9238,9359,92,2065,1984,2605
8,9238,9359,93,2063,1984,2619
8,9238,9359,94,2069,1984,2630
8,9238,9359,95,2071,1984,2650
8,9238,9359,96,2069,1984,2662
8,9238,9359,97,2075,1983,2670
8,9238,9359,98,2078,1984,2691
8,9238,9359,99,2075,1985,2704
8,9238,9359,100,2081,1984,2718
8,9238,9359,101,2079,1983,2736
8,9238,9359,102,2082,1985,2746
8,9238,9359,103,2086,1985,2763
8,9238,9359,104,2088,1983,2774
8,9238,9359,105,2088,1985,2790
8,9238,9359,106,2091,1986,2807
8,9238,9359,107,2094,1982,2819
8,9238,9359,108,2094,1986,2836
8,9238,9359,109,2097,1986,2844
8,9238,9359,110,2100,1982,2858
8,9238,9359,111,2101,1986,2876
8,9238,9359,112,2103,1987,2890
8,9238,9359,113,2105,1982,2902
8,9238,9359,114,2107,1986,2916
8,9238,9359,115,2109,1987,2930
8,9238,9359,116,2110,1982,2947
8,9238,9359,117,2113,1986,2959
8,9238,9359,118,2115,1987,2974
8,9238,9359,119,2116,1982,2985
8,9238,9359,120,2119,1986,3002
8,9238,9359,121,2122,1987,3016
8,9238,9359,122,2120,1982,3026
8,9238,9359,123,2126,1986,3045
8,9238,9359,124,2128,1987,3059
8,9238,9359,125,2125,1982,3074
8,9238,9359,126,2131,1986,3087
8,9238,9359,127,2133,1987,3104
8,9238,9359,128,2129,1982,3111
8,9238,9359,129,2138,1986,3128
8,9238,9359,130,2141,1987,3143
8,9238,9359,131,2136,1982,3159
8,9238,9359,132,2144,1986,3173
8,9238,9359,133,2146,1987,3189
8,9238,9359,134,2142,1982,3200
8,9238,9359,135,2151,1986,3216
8,9238,9359,136,2152,1986,3232
8,9238,9359,137,2147,1982,3246
8,9238,9359,138,2155,1986,3259
8,9238,9359,139,2158,1986,3272
8,9238,9359,140,2153,1983,3291
8,9238,9359,141,2162,1987,3301
8,9238,9359,142,2164,1987,3316
8,9238,9359,143,2159,1983,3328
8,9238,9359,144,2169,1986,3338
8,9238,9359,145,2171,1987,3360
8,9238,9359,146,2165,1983,3374
8,9238,9359,147,2174,1986,3388
8,9238,9359,148,2176,1987,3399
8,9238,9359,149,2172,1983,3419
8,9238,9359,150,2180,1986,3428
8,9238,9359,151,2181,1987,3442
8,9238,9359,152,2176,1984,3455
8,9238,9359,153,2186,1987,3472
8,9238,9359,154,2186,1986,3477
8,9238,9359,155,2180,1985,3475
8,9238,9359,156,2186,1986,3473
8,9238,9359,157,2189,1987,3494
8,9238,9359,158,2184,1985,3512
8,9238,9359,159,2192,1986,3513
8,9238,9359,160,2193,1986,3519
8,9238,9359,161,2185,1985,3507
8,9238,9359,162,2182,1985,3416
8,9238,9359,163,2170,1985,3324
8,9238,9359,164,2149,1984,3224
8,9238,9359,165,2140,1984,3115
8,9238,9359,166,2126,1984,3010
8,9238,9359,167,2105,1984,2874
8,9238,9359,168,2092,1983,2746
8,9238,9359,169,2076,1983,2624
8,9238,9359,170,2052,1983,2494
8,9238,9359,171,2038,1982,2372
8,9238,9359,172,2020,1982,2221
8,9238,9359,173,1997,1982,2088
8,9238,9359,174,1981,1982,1957
8,9238,9359,175,1963,1980,1801
8,9238,9359,176,1939,1981,1666
8,9238,9359,177,1924,1982,1543
8,9238,9359,178,1917,1980,1494
8,9238,9359,179,1899,1982,1373
8,9238,9359,180,1886,1981,1271
8,9238,9359,181,1871,1978,1130
8,9238,9359,182,1855,1980,1000
8,9238,9359,183,1839,1980,865
8,9238,9359,184,1824,1975,732
8,9238,9359,185,1806,1978,577
8,9238,9359,186,1791,1978,452
8,9238,9359,187,1777,1972,307
8,9238,9359,188,1758,1974,210
8,9238,9359,189,1761,1976,230
8,9238,9359,190,1762,1971,249
8,9238,9359,191,1764,1975,258
8,9238,9359,192,1765,1977,274
8,9238,9359,193,1765,1972,288
8,9238,9359,194,1769,1976,300
8,9238,9359,195,1770,1977,315
8,9238,9359,196,1769,1972,332
8,9238,9359,197,1774,1977,346
8,9238,9359,198,1776,1978,359
8,9238,9359,199,1773,1972,375
8,9238,9359,200,1779,1977,384
8,9238,9359,201,1782,1978,402
8,9238,9359,202,1778,1973,416
8,9238,9359,203,1785,1977,429
8,9238,9359,204,1786,1979,441
8,9238,9359,205,1783,1974,458
8,9238,9359,206,1789,1978,470
8,9238,9359,207,1792,1979,479
8,9238,9359,208,1787,1974,498
8,9238,9359,209,1794,1978,514
8,9238,9359,210,1796,1979,528
8,9238,9359,211,1791,1974,542
8,9238,9359,212,1800,1979,557
8,9238,9359,213,1801,1979,574
8,9238,9359,214,1796,1975,585
8,9238,9359,215,1804,1980,600
8,9238,9359,216,1806,1979,613
8,9238,9359,217,1800,1975,629
8,9238,9359,218,1810,1980,643
8,9238,9359,219,1811,1980,658
8,9238,9359,220,1805,1976,660
8,9238,9359,221,1815,1980,683
8,9238,9359,222,1815,1980,702
8,9238,9359,223,1810,1977,712
8,9238,9359,224,1819,1979,729
8,9238,9359,225,1821,1980,738
8,9238,9359,226,1815,1977,755
8,9238,9359,227,1824,1980,773
8,9238,9359,228,1826,1980,797
8,9238,9359,229,1820,1978,793
8,9238,9359,230,1829,1980,814
8,9238,9359,231,1831,1980,829
8,9238,9359,232,1825,1978,841
8,9238,9359,233,1833,1980,855
8,9238,9359,234,1837,1980,870
8,9238,9359,235,1831,1980,885
8,9238,9359,236,1839,1980,899
8,9238,9359,237,1841,1980,913
8,9238,9359,238,1836,1980,926
8,9238,9359,239,1844,1979,942
8,9238,9359,240,1846,1980,957
8,9238,9359,241,1842,1980,968
8,9238,9359,242,1848,1980,984
8,9238,9359,243,1851,1980,998
8,9238,9359,244,1847,1980,1011
8,9238,9359,245,1855,1980,1027
8,9238,9359,246,1856,1980,1040
8,9238,9359,247,1853,1981,1061
8,9238,9359,248,1859,1980,1066
8,9238,9359,249,1861,1980,1083
8,9238,9359,250,1860,1981,1096
8,9238,9359,251,1863,1981,1107
8,9238,9359,252,1866,1979,1127
8,9238,9359,253,1864,1981,1140
8,9238,9359,254,1869,1982,1153
8,9238,9359,255,1872,1979,1167
8,9238,9359,256,1871,1982,1179
8,9238,9359,257,1875,1983,1195
8,9238,9359,258,1876,1979,1211
8,9238,9359,259,1876,1982,1223
8,9238,9359,260,1880,1983,1252
8,9238,9359,261,1881,1978,1253
8,9238,9359,262,1883,1982,1264
8,9238,9359,263,1885,1984,1281
8,9238,9359,264,1886,1978,1299
8,9238,9359,265,1888,1982,1309
8,9238,9359,266,1890,1983,1323
8,9238,9359,267,1889,1978,1323
8,9238,9359,268,1889,1982,1313
8,9238,9359,269,1887,1983,1289
8,9238,9359,270,1883,1977,1280
8,9238,9359,271,1883,1982,1267
8,9238,9359,272,1883,1984,1251
8,9238,9359,273,1877,1978,1242
8,9238,9359,274,1879,1982,1223
8,9238,9359,275,1878,1983,1208
8,9238,9359,276,1871,1978,1196
8,9238,9359,277,1873,1982,1184
8,9238,9359,278,1873,1982,1167
8,9238,9359,279,1865,1977,1161
8,9238,9359,280,1868,1982,1137
8,9238,9359,281,1868,1982,1123
8,9238,9359,282,1859,1977,1113
8,9238,9359,283,1863,1982,1094
8,9238,9359,284,1863,1982,1083
8,9238,9359,285,1853,1977,1065
8,9238,9359,286,1858,1982,1049
8,9238,9359,287,1857,1981,1044
8,9238,9359,288,1848,1977,1025
8,9238,9359,289,1853,1981,1008
8,9238,9359,290,1852,1981,1000
8,9238,9359,291,1839,1977,981
8,9238,9359,292,1848,1981,970
8,9238,9359,293,1846,1981,953
8,9238,9359,294,1837,1977,939
8,9238,9359,295,1842,1981,927
8,9238,9359,296,1841,1981,914
8,9238,9359,297,1832,1978,895
8,9238,9359,298,1837,1981,884
8,9238,9359,299,1836,1981,868
8,9238,9359,300,1827,1978,856
8,9238,9359,301,1832,1979,844
8,9238,9359,302,1831,1981,825
8,9238,9359,303,1822,1977,810
8,9238,9359,304,1828,1979,796
8,9238,9359,305,1825,1980,785
8,9238,9359,306,1817,1978,770
8,9238,9359,307,1822,1980,756
8,9238,9359,308,1821,1979,738
8,9238,9359,309,1812,1978,728
8,9238,9359,310,1817,1979,715
8,9238,9359,311,1815,1979,704
8,9238,9359,312,1809,1978,684
8,9238,9359,313,1811,1979,671
8,9238,9359,314,1811,1979,658
8,9238,9359,315,1802,1978,641
8,9238,9359,316,1807,1978,628
8,9238,9359,317,1805,1979,616
8,9238,9359,318,1799,1978,593
8,9238,9359,319,1801,1978,583
8,9238,9359,320,1800,1977,572
8,9238,9359,321,1795,1978,553
8,9238,9359,322,1797,1977,540
8,9238,9359,323,1795,1978,529
8,9238,9359,324,1790,1978,512
8,9238,9359,325,1791,1977,498
8,9238,9359,326,1790,1976,486
8,9238,9359,327,1785,1977,469
8,9238,9359,328,1787,1977,458
8,9238,9359,329,1785,1974,446
8,9238,9359,330,1781,1977,429
8,9238,9359,331,1781,1978,414
8,9238,9359,332,1780,1974,402
8,9238,9359,333,1777,1977,388
8,9238,9359,334,1776,1977,371
8,9238,9359,335,1775,1973,359
8,9238,9359,336,1774,1976,346
8,9238,9359,337,1772,1978,329
8,9238,9359,338,1770,1972,314
8,9238,9359,339,1768,1976,300
8,9238,9359,340,1766,1977,288
8,9238,9359,341,1764,1972,274
8,9238,9359,342,1765,1976,257
8,9238,9359,343,1760,1976,241
8,9238,9359,344,1759,1971,224
8,9238,9359,345,1760,1975,216
8,9238,9359,346,1759,1977,201
8,9238,9359,347,1754,1970,187
8,9238,9359,348,1756,1974,172
8,9238,9359,349,1762,1976,218
8,9238,9359,350,1763,1972,287
8,9238,9359,351,1776,1977,349
8,9238,9359,352,1787,1979,470
8,9238,9359,353,1794,1975,570
8,9238,9359,354,1810,1981,694
8,9238,9359,355,1825,1982,831
9,9412,9533,0,1973,2018,1167
9,9412,9533,1,1876,1984,1232
9,9412,9533,2,1890,1983,1313
9,9412,9533,3,1894,1979,1409
9,9412,9533,4,1911,1983,1526
9,9412,9533,5,1929,1984,1625
9,9412,9533,6,1935,1980,1754
9,9412,9533,7,1959,1983,1866
9,9412,9533,8,1981,1985,2022
9,9412,9533,9,1991,1982,2165
9,9412,9533,10,2018,1985,2315
9,9412,9533,11,2041,1985,2462
9,9412,9533,12,2051,1984,2594
9,9412,9533,13,2078,1985,2690
9,9412,9533,14,2098,1986,2874
9,9412,9533,15,2109,1985,3024
9,9412,9533,16,2136,1986,3147
9,9412,9533,17,2153,1987,3265
9,9412,9533,18,2164,1985,3408
9,9412,9533,19,2188,1985,3494
9,9412,9533,20,2188,1986,3489
9,9412,9533,21,2179,1984,3473
9,9412,9533,22,2186,1985,3480
9,9412,9533,23,2187,1986,3474
9,9412,9533,24,2179,1986,3469
9,9412,9533,25,2183,1985,3456
9,9412,9533,26,2181,1985,3443
9,9412,9533,27,2174,1986,3430
9,9412,9533,28,2177,1985,3410
9,9412,9533,29,2175,1986,3411
9,9412,9533,30,2169,1985,3385
9,9412,9533,31,2171,1985,3369
9,9412,9533,32,2169,1985,3360
9,9412,9533,33,2164,1985,3341
9,9412,9533,34,2165,1984,3318
9,9412,9533,35,2164,1985,3313
9,9412,9533,36,2158,1986,3301
9,9412,9533,37,2158,1985,3286
9,9412,9533,38,2157,1984,3269
9,9412,9533,39,2152,1986,3249
9,9412,9533,40,2153,1986,3242
9,9412,9533,41,2149,1983,3232
9,9412,9533,42,2146,1986,3216
9,9412,9533,43,2146,1987,3198
9,9412,9533,44,2145,1982,3186
9,9412,9533,45,2142,1986,3171
9,9412,9533,46,2141,1987,3160
9,9412,9533,47,2140,1982,3150
9,9412,9533,48,2137,1986,3129
9,9412,9533,49,2133,1987,3117
9,9412,9533,50,2132,1982,3101
9,9412,9533,51,2131,1986,3086
9,9412,9533,52,2128,1987,3071
9,9412,9533,53,2126,1981,3060
9,9412,9533,54,2124,1986,3045
9,9412,9533,55,2124,1987,3033
9,9412,9533,56,2118,1981,3018
9,9412,9533,57,2120,1986,3003
9,9412,9533,58,2118,1986,2988
9,9412,9533,59,2112,1981,2973
9,9412,9533,60,2114,1985,2962
9,9412,9533,61,2113,1987,2947
9,9412,9533,62,2105,1981,2932
9,9412,9533,63,2108,1986,2914
9,9412,9533,64,2107,1986,2901
9,9412,9533,65,2099,1981,2901
9,9412,9533,66,2102,1986,2877
9,9412,9533,67,2102,1986,2858
9,9412,9533,68,2093,1981,2844
9,9412,9533,69,2097,1985,2830
9,9412,9533,70,2095,1986,2821
9,9412,9533,71,2087,1981,2803
9,9412,9533,72,2091,1985,2790
9,9412,9533,73,2090,1986,2773
9,9412,9533,74,2080,1981,2763
9,9412,9533,75,2085,1985,2746
9,9412,9533,76,2083,1986,2734
9,9412,9533,77,2075,1981,2718
9,9412,9533,78,2080,1985,2703
9,9412,9533,79,2077,1985,2691
9,9412,9533,80,2069,1981,2677
9,9412,9533,81,2074,1985,2660
9,9412,9533,82,2073,1985,2645
9,9412,9533,83,2062,1982,2634
9,9412,9533,84,2068,1984,2620
9,9412,9533,85,2066,1985,2602
9,9412,9533,86,2058,1982,2589
9,9412,9533,87,2062,1984,2576
9,9412,9533,88,2060,1985,2565
9,9412,9533,89,2054,1983,2561
9,9412,9533,90,2062,1984,2579
9,9412,9533,91,2065,1985,2591
9,9412,9533,92,2059,1983,2603
9,9412,9533,93,2068,1984,2618
9,9412,9533,94,2070,1985,2632
9,9412,9533,95,2066,1984,2649
9,9412,9533,96,2074,1984,2660
9,9412,9533,97,2075,1984,2678
9,9412,9533,98,2071,1983,2687
9,9412,9533,99,2079,1984,2705
9,9412,9533,100,2081,1984,2718
9,9412,9533,101,2078,1983,2730
9,9412,9533,102,2084,1984,2745
9,9412,9533,103,2087,1984,2763
9,9412,9533,104,2084,1984,2774
9,9412,9533,105,2090,1984,2787
9,9412,9533,106,2092,1984,2805
9,9412,9533,107,2091,1984,2809
9,9412,9533,108,2095,1984,2830
9,9412,9533,109,2098,1985,2850
9,9412,9533,110,2096,1984,2861
9,9412,9533,111,2102,1984,2870
9,9412,9533,112,2104,1984,2896
9,9412,9533,113,2104,1985,2902
9,9412,9533,114,2107,1985,2917
9,9412,9533,115,2109,1983,2932
9,9412,9533,116,2109,1986,2944
9,9412,9533,117,2112,1986,2955
9,9412,9533,118,2116,1982,2973
9,9412,9533,119,2116,1985,2988
9,9412,9533,120,2118,1986,2998
9,9412,9533,121,2121,1982,3017
9,9412,9533,122,2122,1985,3027
9,9412,9533,123,2124,1987,3042
9,9412,9533,124,2127,1982,3058
9,9412,9533,125,2128,1986,3072
9,9412,9533,126,2133,1987,3086
9,9412,9533,127,2132,1982,3100
9,9412,9533,128,2134,1986,3115
9,9412,9533,129,2135,1987,3128
9,9412,9533,130,2136,1982,3142
9,9412,9533,131,2140,1986,3160
9,9412,9533,132,2142,1987,3175
9,9412,9533,133,2143,1982,3179
9,9412,9533,134,2147,1986,3207
9,9412,9533,135,2150,1987,3215
9,9412,9533,136,2147,1982,3229
9,9412,9533,137,2154,1987,3245
9,9412,9533,138,2155,1987,3259
9,9412,9533,139,2152,1982,3273
9,9412,9533,140,2159,1987,3286
9,9412,9533,141,2162,1988,3301
9,9412,9533,142,2157,1982,3309
9,9412,9533,143,2165,1986,3330
9,9412,9533,144,2169,1987,3343
9,9412,9533,145,2163,1983,3358
9,9412,9533,146,2172,1986,3373
9,9412,9533,147,2174,1987,3387
9,9412,9533,148,2169,1983,3401
9,9412,9533,149,2177,1987,3415
9,9412,9533,150,2180,1987,3429
9,9412,9533,151,2175,1983,3442
9,9412,9533,152,2184,1986,3456
9,9412,9533,153,2186,1987,3470
9,9412,9533,154,2180,1983,3479
9,9412,9533,155,2186,1986,3474
9,9412,9533,156,2187,1987,3472
9,9412,9533,157,2182,1984,3489
9,9412,9533,158,2191,1987,3501
9,9412,9533,159,2191,1987,3513
9,9412,9533,160,2187,1984,3517
9,9412,9533,161,2194,1986,3525
9,9412,9533,162,2192,1987,3510
9,9412,9533,163,2174,1983,3399
9,9412,9533,164,2167,1986,3337
9,9412,9533,165,2154,1984,3184
9,9412,9533,166,2128,1983,3054
9,9412,9533,167,2115,1982,2848
9,9412,9533,168,2097,1985,2782
9,9412,9533,169,2071,1982,2651
9,9412,9533,170,2060,1983,2505
9,9412,9533,171,2043,1983,2372
9,9412,9533,172,2015,1982,2231
9,9412,9533,173,2005,1982,2109
9,9412,9533,174,1985,1982,1968
9,9412,9533,175,1961,1981,1832
9,9412,9533,176,1948,1981,1692
9,9412,9533,177,1930,1981,1557
9,9412,9533,178,1917,1981,1462
9,9412,9533,179,1901,1980,1356
9,9412,9533,180,1885,1980,1206
9,9412,9533,181,1861,1980,1063
9,9412,9533,182,1845,1979,926
9,9412,9533,183,1829,1978,780
9,9412,9533,184,1809,1978,635
9,9412,9533,185,1796,1977,507
9,9412,9533,186,1780,1974,355
9,9412,9533,187,1764,1974,219
9,9412,9533,188,1759,1975,216
9,9412,9533,189,1761,1973,232
9,9412,9533,190,1761,1975,241
9,9412,9533,191,1764,1975,260
9,9412,9533,192,1767,1973,274
9,9412,9533,193,1766,1976,288
9,9412,9533,194,1769,1977,300
9,9412,9533,195,1770,1973,317
9,9412,9533,196,1772,1976,327
9,9412,9533,197,1774,1977,344
9,9412,9533,198,1775,1973,359
9,9412,9533,199,1776,1977,374
9,9412,9533,200,1778,1978,386
9,9412,9533,201,1780,1973,404
9,9412,9533,202,1781,1977,414
9,9412,9533,203,1782,1979,429
9,9412,9533,204,1783,1973,444
9,9412,9533,205,1787,1978,458
9,9412,9533,206,1788,1979,474
9,9412,9533,207,1787,1974,493
9,9412,9533,208,1791,1979,500
9,9412,9533,209,1793,1980,516
9,9412,9533,210,1791,1974,531
9,9412,9533,211,1795,1978,544
9,9412,9533,212,1800,1980,558
9,9412,9533,213,1795,1975,572
9,9412,9533,214,1801,1979,585
9,9412,9533,215,1805,1979,600
9,9412,9533,216,1799,1975,616
9,9412,9533,217,1807,1979,627
9,9412,9533,218,1809,1979,640
9,9412,9533,219,1805,1975,654
9,9412,9533,220,1812,1979,671
9,9412,9533,221,1816,1980,684
9,9412,9533,222,1810,1976,701
9,9412,9533,223,1816,1979,713
9,9412,9533,224,1819,1980,727
9,9412,9533,225,1814,1976,731
9,9412,9533,226,1822,1979,756
9,9412,9533,227,1824,1980,769
9,9412,9533,228,1819,1976,784
9,9412,9533,229,1828,1980,799
9,9412,9533,230,1829,1980,809
9,9412,9533,231,1824,1977,827
9,9412,9533,232,1832,1980,840
9,9412,9533,233,1834,1981,856
9,9412,9533,234,1829,1977,865
9,9412,9533,235,1837,1980,883
9,9412,9533,236,1839,1981,899
9,9412,9533,237,1834,1979,911
9,9412,9533,238,1843,1980,927
9,9412,9533,239,1844,1981,940
9,9412,9533,240,1839,1979,954
9,9412,9533,241,1848,1980,971
9,9412,9533,242,1850,1981,983
9,9412,9533,243,1844,1979,997
9,9412,9533,244,1853,1980,1009
9,9412,9533,245,1855,1981,1026
9,9412,9533,246,1850,1979,1037
9,9412,9533,247,1857,1980,1063
9,9412,9533,248,1861,1981,1064
9,9412,9533,249,1856,1980,1080
9,9412,9533,250,1863,1981,1098
9,9412,9533,251,1865,1981,1111
9,9412,9533,252,1861,1981,1126
9,9412,9533,253,1867,1980,1138
9,9412,9533,254,1871,1981,1154
9,9412,9533,255,1868,1981,1171
9,9412,9533,256,1872,1980,1180
9,9412,9533,257,1875,1980,1197
9,9412,9533,258,1873,1981,1206
9,9412,9533,259,1878,1980,1225
9,9412,9533,260,1881,1980,1242
9,9412,9533,261,1879,1981,1252
9,9412,9533,262,1883,1981,1267
9,9412,9533,263,1886,1979,1282
9,9412,9533,264,1884,1981,1294
9,9412,9533,265,1889,1981,1306
9,9412,9533,266,1890,1979,1324
9,9412,9533,267,1889,1981,1324
9,9412,9533,268,1888,1982,1306
9,9412,9533,269,1887,1979,1298
9,9412,9533,270,1884,1981,1278
9,9412,9533,271,1884,1983,1268
9,9412,9533,272,1881,1978,1253
9,9412,9533,273,1879,1982,1238
9,9412,9533,274,1877,1983,1224
9,9412,9533,275,1875,1977,1212
9,9412,9533,276,1874,1982,1198
9,9412,9533,277,1872,1983,1181
9,9412,9533,278,1870,1977,1168
9,9412,9533,279,1868,1981,1151
9,9412,9533,280,1867,1983,1136
9,9412,9533,281,1863,1977,1127
9,9412,9533,282,1864,1981,1109
9,9412,9533,283,1863,1983,1096
9,9412,9533,284,1857,1977,1083
9,9412,9533,285,1859,1981,1068
9,9412,9533,286,1858,1982,1050
9,9412,9533,287,1851,1977,1051
9,9412,9533,288,1855,1981,1024
9,9412,9533,289,1853,1982,1011
9,9412,9533,290,1846,1977,998
9,9412,9533,291,1849,1981,984
9,9412,9533,292,1848,1982,970
9,9412,9533,293,1839,1977,954
9,9412,9533,294,1844,1981,934
9,9412,9533,295,1843,1981,925
9,9412,9533,296,1834,1977,911
9,9412,9533,297,1839,1980,899
9,9412,9533,298,1838,1981,882
9,9412,9533,299,1829,1977,872
9,9412,9533,300,1834,1980,859
9,9412,9533,301,1832,1981,843
9,9412,9533,302,1823,1976,822
9,9412,9533,303,1829,1980,813
9,9412,9533,304,1826,1980,794
9,9412,9533,305,1818,1976,784
9,9412,9533,306,1824,1980,768
9,9412,9533,307,1822,1980,756
9,9412,9533,308,1814,1977,740
9,9412,9533,309,1819,1979,725
9,9412,9533,310,1818,1979,712
9,9412,9533,311,1808,1976,708
9,9412,9533,312,1813,1979,683
9,9412,9533,313,1812,1979,672
9,9412,9533,314,1803,1977,654
9,9412,9533,315,1809,1978,645
9,9412,9533,316,1807,1979,628
9,9412,9533,317,1799,1977,613
9,9412,9533,318,1804,1977,603
9,9412,9533,319,1802,1978,586
9,9412,9533,320,1794,1977,570
9,9412,9533,321,1800,1977,557
9,9412,9533,322,1799,1978,545
9,9412,9533,323,1790,1977,528
9,9412,9533,324,1794,1977,516
9,9412,9533,325,1792,1977,500
9,9412,9533,326,1786,1976,485
9,9412,9533,327,1788,1976,470
9,9412,9533,328,1787,1977,462
9,9412,9533,329,1781,1976,442
9,9412,9533,330,1785,1976,430
9,9412,9533,331,1782,1976,417
9,9412,9533,332,1777,1976,400
9,9412,9533,333,1778,1976,388
9,9412,9533,334,1777,1975,376
9,9412,9533,335,1773,1976,361
9,9412,9533,336,1776,1975,343
9,9412,9533,337,1773,1974,330
9,9412,9533,338,1768,1975,317
9,9412,9533,339,1768,1975,302
9,9412,9533,340,1768,1973,286
9,9412,9533,341,1764,1975,274
9,9412,9533,342,1764,1976,259
9,9412,9533,343,1762,1972,246
9,9412,9533,344,1760,1975,232
9,9412,9533,345,1759,1975,215
9,9412,9533,346,1759,1971,203
9,9412,9533,347,1756,1974,190
9,9412,9533,348,1754,1974,174
9,9412,9533,349,1759,1971,225
9,9412,9533,350,1767,1976,313
9,9412,9533,351,1775,1978,414
9,9412,9533,352,1792,1975,541
9,9412,9533,353,1806,1980,671
9,9412,9533,354,1819,1982,792
9,9412,9533,355,1836,1977,940
10,9586,9707,0,1980,2020,1184
10,9586,9707,1,1880,1983,1254
10,9586,9707,2,1883,1981,1342
10,9586,9707,3,1901,1982,1423
10,9586,9707,4,1917,1983,1503
10,9586,9707,5,1922,1983,1643
10,9586,9707,6,1944,1983,1773
10,9586,9707,7,1963,1983,1886
10,9586,9707,8,1975,1983,2004
10,9586,9707,9,1996,1983,2144
10,9586,9707,10,2015,1984,2254
10,9586,9707,11,2024,1985,2371
10,9586,9707,12,2046,1984,2494
10,9586,9707,13,2065,1984,2628
10,9586,9707,14,2074,1985,2759
10,9586,9707,15,2099,1985,2889
10,9586,9707,16,2117,1984,3036
10,9586,9707,17,2135,1986,3182
10,9586,9707,18,2156,1987,3331
10,9586,9707,19,2178,1984,3464
10,9586,9707,20,2185,1986,3490
10,9586,9707,21,2184,1986,3485
10,9586,9707,22,2185,1983,3474
10,9586,9707,23,2184,1986,3477
10,9586,9707,24,2184,1987,3469
10,9586,9707,25,2182,1983,3458
10,9586,9707,26,2179,1986,3444
10,9586,9707,27,2177,1988,3425
10,9586,9707,28,2176,1982,3415
10,9586,9707,29,2174,1986,3398
10,9586,9707,30,2172,1988,3384
10,9586,9707,31,2169,1982,3373
10,9586,9707,32,2169,1986,3355
10,9586,9707,33,2166,1988,3341
10,9586,9707,34,2162,1982,3329
10,9586,9707,35,2162,1986,3314
10,9586,9707,36,2163,1988,3303
10,9586,9707,37,2155,1982,3288
10,9586,9707,38,2157,1986,3273
10,9586,9707,39,2156,1988,3256
10,9586,9707,40,2150,1982,3245
10,9586,9707,41,2151,1986,3230
10,9586,9707,42,2150,1987,3213
10,9586,9707,43,2142,1982,3202
10,9586,9707,44,2145,1986,3185
10,9586,9707,45,2145,1987,3173
10,9586,9707,46,2136,1982,3157
10,9586,9707,47,2140,1986,3144
10,9586,9707,48,2139,1987,3129
10,9586,9707,49,2130,1982,3115
10,9586,9707,50,2134,1986,3110
10,9586,9707,51,2133,1986,3089
10,9586,9707,52,2123,1982,3079
10,9586,9707,53,2129,1986,3061
10,9586,9707,54,2126,1986,3043
10,9586,9707,55,2118,1982,3030
10,9586,9707,56,2123,1986,3016
10,9586,9707,57,2121,1986,3000
10,9586,9707,58,2112,1982,2986
10,9586,9707,59,2117,1985,2975
10,9586,9707,60,2115,1986,2958
10,9586,9707,61,2106,1982,2944
10,9586,9707,62,2111,1985,2934
10,9586,9707,63,2109,1985,2918
10,9586,9707,64,2101,1982,2901
10,9586,9707,65,2106,1985,2890
10,9586,9707,66,2103,1985,2876
10,9586,9707,67,2094,1983,2859
10,9586,9707,68,2099,1984,2846
10,9586,9707,69,2098,1985,2834
10,9586,9707,70,2089,1982,2814
10,9586,9707,71,2094,1984,2804
10,9586,9707,72,2091,1985,2786
10,9586,9707,73,2082,1983,2771
10,9586,9707,74,2087,1984,2762
10,9586,9707,75,2086,1984,2748
10,9586,9707,76,2078,1984,2731
10,9586,9707,77,2082,1984,2718
10,9586,9707,78,2079,1984,2705
10,9586,9707,79,2073,1984,2689
10,9586,9707,80,2075,1984,2676
10,9586,9707,81,2075,1984,2665
10,9586,9707,82,2065,1983,2644
10,9586,9707,83,2070,1984,2633
10,9586,9707,84,2068,1984,2620
10,9586,9707,85,2061,1984,2604
10,9586,9707,86,2063,1984,2592
10,9586,9707,87,2062,1984,2576
10,9586,9707,88,2053,1984,2560
10,9586,9707,89,2058,1984,2563
10,9586,9707,90,2061,1983,2578
10,9586,9707,91,2061,1984,2590
10,9586,9707,92,2064,1984,2603
10,9586,9707,93,2067,1982,2620
10,9586,9707,94,2066,1984,2632
10,9586,9707,95,2071,1985,2646
10,9586,9707,96,2072,1982,2663
10,9586,9707,97,2072,1985,2674
10,9586,9707,98,2076,1986,2689
10,9586,9707,99,2079,1982,2703
10,9586,9707,100,2078,1985,2719
10,9586,9707,101,2082,1987,2728
10,9586,9707,102,2083,1981,2745
10,9586,9707,103,2085,1985,2760
10,9586,9707,104,2087,1987,2774
10,9586,9707,105,2090,1981,2786
10,9586,9707,106,2091,1986,2804
10,9586,9707,107,2093,1987,2819
10,9586,9707,108,2094,1981,2833
10,9586,9707,109,2097,1986,2846
10,9586,9707,110,2100,1987,2858
10,9586,9707,111,2098,1981,2874
10,9586,9707,112,2105,1986,2889
10,9586,9707,113,2106,1987,2903
10,9586,9707,114,2103,1981,2915
10,9586,9707,115,2110,1986,2928
10,9586,9707,116,2112,1987,2948
10,9586,9707,117,2110,1982,2960
10,9586,9707,118,2115,1986,2975
10,9586,9707,119,2120,1987,2988
10,9586,9707,120,2114,1981,3002
10,9586,9707,121,2122,1986,3009
10,9586,9707,122,2125,1987,3017
10,9586,9707,123,2120,1982,3043
10,9586,9707,124,2126,1986,3058
10,9586,9707,125,2131,1986,3070
10,9586,9707,126,2125,1982,3087
10,9586,9707,127,2134,1986,3100
10,9586,9707,128,2136,1986,3117
10,9586,9707,129,2132,1982,3130
10,9586,9707,130,2142,1986,3146
10,9586,9707,131,2142,1986,3160
10,9586,9707,132,2137,1982,3174
10,9586,9707,133,2145,1987,3186
10,9586,9707,134,2148,1986,3202
10,9586,9707,135,2143,1983,3214
10,9586,9707,136,2151,1986,3233
10,9586,9707,137,2154,1986,3246
10,9586,9707,138,2149,1983,3258
10,9586,9707,139,2158,1985,3272
10,9586,9707,140,2160,1986,3287
10,9586,9707,141,2156,1983,3298
10,9586,9707,142,2164,1986,3316
10,9586,9707,143,2166,1986,3331
10,9586,9707,144,2161,1984,3343
10,9586,9707,145,2169,1985,3357
10,9586,9707,146,2172,1986,3374
10,9586,9707,147,2167,1984,3387
10,9586,9707,148,2175,1986,3399
10,9586,9707,149,2177,1986,3414
10,9586,9707,150,2174,1985,3426
10,9586,9707,151,2182,1985,3442
10,9586,9707,152,2184,1986,3459
10,9586,9707,153,2179,1985,3471
10,9586,9707,154,2186,1986,3478
10,9586,9707,155,2186,1986,3474
10,9586,9707,156,2180,1986,3473
10,9586,9707,157,2188,1986,3486
10,9586,9707,158,2190,1986,3506
10,9586,9707,159,2187,1986,3513
10,9586,9707,160,2190,1986,3519
10,9586,9707,161,2191,1986,3511
10,9586,9707,162,2175,1985,3407
10,9586,9707,163,2168,1984,3313
10,9586,9707,164,2154,1984,3204
10,9586,9707,165,2137,1984,3069
10,9586,9707,166,2123,1985,2983
10,9586,9707,167,2105,1982,2852
10,9586,9707,168,2084,1984,2738
10,9586,9707,169,2072,1985,2626
10,9586,9707,170,2056,1981,2483
10,9586,9707,171,2035,1984,2359
10,9586,9707,172,2019,1984,2227
10,9586,9707,173,2003,1979,2093
10,9586,9707,174,1981,1982,1964
10,9586,9707,175,1963,1983,1830
10,9586,9707,176,1944,1978,1681
10,9586,9707,177,1924,1982,1533
10,9586,9707,178,1914,1983,1474
10,9586,9707,179,1896,1977,1322
10,9586,9707,180,1880,1981,1207
10,9586,9707,181,1864,1982,1083
10,9586,9707,182,1849,1976,973
10,9586,9707,183,1838,1980,839
10,9586,9707,184,1821,1980,719
10,9586,9707,185,1804,1974,583
10,9586,9707,186,1795,1977,446
10,9586,9707,187,1777,1977,315
10,9586,9707,188,1758,1970,216
10,9586,9707,189,1762,1976,233
10,9586,9707,190,1764,1977,246
10,9586,9707,191,1760,1971,257
10,9586,9707,192,1766,1976,273
10,9586,9707,193,1769,1977,287
10,9586,9707,194,1765,1972,301
10,9586,9707,195,1772,1976,317
10,9586,9707,196,1774,1977,329
10,9586,9707,197,1770,1972,341
10,9586,9707,198,1777,1977,359
10,9586,9707,199,1779,1977,372
10,9586,9707,200,1774,1973,387
10,9586,9707,201,1783,1977,399
10,9586,9707,202,1784,1978,423
10,9586,9707,203,1778,1974,428
10,9586,9707,204,1787,1978,446
10,9586,9707,205,1788,1978,457
10,9586,9707,206,1783,1974,470
10,9586,9707,207,1791,1979,485
10,9586,9707,208,1792,1978,494
10,9586,9707,209,1787,1975,517
10,9586,9707,210,1796,1978,532
10,9586,9707,211,1798,1979,541
10,9586,9707,212,1792,1975,544
10,9586,9707,213,1801,1979,570
10,9586,9707,214,1803,1979,585
10,9586,9707,215,1798,1976,598
10,9586,9707,216,1806,1979,614
10,9586,9707,217,1808,1979,628
10,9586,9707,218,1802,1976,642
10,9586,9707,219,1811,1979,657
10,9586,9707,220,1813,1979,670
10,9586,9707,221,1807,1977,683
10,9586,9707,222,1816,1979,699
10,9586,9707,223,1817,1979,711
10,9586,9707,224,1812,1978,728
10,9586,9707,225,1820,1979,749
10,9586,9707,226,1823,1979,758
10,9586,9707,227,1818,1979,769
10,9586,9707,228,1825,1979,792
10,9586,9707,229,1827,1979,800
10,9586,9707,230,1822,1979,813
10,9586,9707,231,1830,1979,828
10,9586,9707,232,1831,1979,840
10,9586,9707,233,1829,1979,853
10,9586,9707,234,1834,1979,871
10,9586,9707,235,1837,1979,884
10,9586,9707,236,1833,1980,902
10,9586,9707,237,1840,1980,912
10,9586,9707,238,1842,1979,927
10,9586,9707,239,1840,1981,940
10,9586,9707,240,1845,1980,955
10,9586,9707,241,1846,1979,969
10,9586,9707,242,1845,1981,982
10,9586,9707,243,1850,1981,996
10,9586,9707,244,1852,1978,1010
10,9586,9707,245,1851,1981,1028
10,9586,9707,246,1854,1981,1039
10,9586,9707,247,1856,1977,1055
10,9586,9707,248,1857,1981,1066
10,9586,9707,249,1860,1982,1083
10,9586,9707,250,1862,1978,1097
10,9586,9707,251,1862,1981,1110
10,9586,9707,252,1865,1982,1122
10,9586,9707,253,1866,1977,1140
10,9586,9707,254,1868,1982,1155
10,9586,9707,255,1870,1983,1168
10,9586,9707,256,1871,1977,1185
10,9586,9707,257,1874,1982,1196
10,9586,9707,258,1875,1983,1205
10,9586,9707,259,1876,1978,1226
10,9586,9707,260,1880,1982,1238
10,9586,9707,261,1881,1983,1253
10,9586,9707,262,1880,1977,1271
10,9586,9707,263,1885,1983,1281
10,9586,9707,264,1888,1983,1295
10,9586,9707,265,1885,1978,1309
10,9586,9707,266,1891,1982,1325
10,9586,9707,267,1892,1983,1323
10,9586,9707,268,1884,1977,1310
10,9586,9707,269,1888,1982,1294
10,9586,9707,270,1887,1982,1282
10,9586,9707,271,1878,1977,1249
10,9586,9707,272,1883,1982,1252
10,9586,9707,273,1881,1982,1240
10,9586,9707,274,1873,1978,1222
10,9586,9707,275,1878,1982,1210
10,9586,9707,276,1876,1982,1198
10,9586,9707,277,1867,1978,1182
10,9586,9707,278,1872,1982,1170
10,9586,9707,279,1871,1982,1153
10,9586,9707,280,1862,1978,1137
10,9586,9707,281,1867,1982,1128
10,9586,9707,282,1865,1982,1114
10,9586,9707,283,1856,1978,1095
10,9586,9707,284,1862,1981,1084
10,9586,9707,285,1860,1981,1069
10,9586,9707,286,1851,1978,1054
10,9586,9707,287,1857,1981,1045
10,9586,9707,288,1855,1981,1026
10,9586,9707,289,1845,1978,1012
10,9586,9707,290,1851,1980,999
10,9586,9707,291,1850,1981,984
10,9586,9707,292,1841,1978,968
10,9586,9707,293,1846,1980,956
10,9586,9707,294,1844,1980,939
10,9586,9707,295,1836,1978,925
10,9586,9707,296,1841,1980,914
10,9586,9707,297,1839,1980,906
10,9586,9707,298,1831,1979,881
10,9586,9707,299,1836,1980,884
10,9586,9707,300,1834,1979,856
10,9586,9707,301,1825,1978,837
10,9586,9707,302,1830,1979,825
10,9586,9707,303,1827,1979,813
10,9586,9707,304,1821,1979,796
10,9586,9707,305,1824,1979,797
10,9586,9707,306,1824,1979,772
10,9586,9707,307,1816,1979,759
10,9586,9707,308,1820,1978,740
10,9586,9707,309,1819,1979,734
10,9586,9707,310,1812,1979,715
10,9586,9707,311,1814,1978,699
10,9586,9707,312,1814,1978,686
10,9586,9707,313,1808,1979,667
10,9586,9707,314,1809,1978,655
10,9586,9707,315,1808,1977,643
10,9586,9707,316,1803,1979,630
10,9586,9707,317,1804,1979,612
10,9586,9707,318,1803,1976,592
10,9586,9707,319,1799,1978,585
10,9586,9707,320,1799,1978,570
10,9586,9707,321,1798,1975,558
10,9586,9707,322,1794,1978,543
10,9586,9707,323,1794,1979,528
10,9586,9707,324,1792,1974,518
10,9586,9707,325,1790,1978,498
10,9586,9707,326,1788,1979,486
10,9586,9707,327,1788,1974,475
10,9586,9707,328,1786,1977,459
10,9586,9707,329,1783,1979,446
10,9586,9707,330,1782,1973,427
10,9586,9707,331,1781,1977,409
10,9586,9707,332,1779,1979,401
10,9586,9707,333,1776,1973,386
10,9586,9707,334,1777,1977,374
10,9586,9707,335,1775,1978,359
10,9586,9707,336,1771,1972,343
10,9586,9707,337,1773,1976,333
10,9586,9707,338,1771,1977,324
10,9586,9707,339,1765,1971,300
10,9586,9707,340,1768,1976,287
10,9586,9707,341,1767,1976,273
10,9586,9707,342,1760,1971,259
10,9586,9707,343,1763,1975,246
10,9586,9707,344,1763,1976,234
10,9586,9707,345,1755,1971,213
10,9586,9707,346,1759,1975,198
10,9586,9707,347,1758,1975,190
10,9586,9707,348,1750,1970,174
10,9586,9707,349,1761,1976,260
10,9586,9707,350,1772,1977,325
10,9586,9707,351,1774,1973,417
10,9586,9707,352,1792,1978,527
10,9586,9707,353,1809,1980,637
10,9586,9707,354,1812,1976,729
10,9586,9707,355,1829,1981,847
11,9781,9902,0,1995,2030,1169
11,9781,9902,1,1874,1985,1233
11,9781,9902,2,1891,1984,1344
11,9781,9902,3,1904,1979,1454
11,9781,9902,4,1921,1984,1581
11,9781,9902,5,1935,1985,1693
11,9781,9902,6,1946,1979,1810
11,9781,9902,7,1968,1984,1924
11,9781,9902,8,1985,1985,2060
11,9781,9902,9,1996,1980,2180
11,9781,9902,10,2020,1986,2315
11,9781,9902,11,2040,1986,2451
11,9781,9902,12,2050,1981,2565
11,9781,9902,13,2074,1986,2697
11,9781,9902,14,2092,1987,2827
11,9781,9902,15,2102,1982,2967
11,9781,9902,16,2127,1986,3097
11,9781,9902,17,2148,1987,3237
11,9781,9902,18,2160,1983,3366
11,9781,9902,19,2184,1987,3479
11,9781,9902,20,2188,1986,3496
11,9781,9902,21,2179,1982,3473
11,9781,9902,22,2186,1986,3474
11,9781,9902,23,2187,1987,3477
11,9781,9902,24,2179,1983,3470
11,9781,9902,25,2184,1986,3457
11,9781,9902,26,2183,1987,3442
11,9781,9902,27,2173,1984,3431
11,9781,9902,28,2178,1986,3415
11,9781,9902,29,2176,1986,3402
11,9781,9902,30,2167,1983,3387
11,9781,9902,31,2172,1986,3375
11,9781,9902,32,2170,1986,3358
11,9781,9902,33,2161,1984,3343
11,9781,9902,34,2167,1985,3332
11,9781,9902,35,2165,1986,3314
11,9781,9902,36,2155,1985,3301
11,9781,9902,37,2160,1985,3287
11,9781,9902,38,2158,1986,3272
11,9781,9902,39,2150,1985,3257
11,9781,9902,40,2155,1985,3243
11,9781,9902,41,2152,1985,3232
11,9781,9902,42,2144,1985,3217
11,9781,9902,43,2148,1985,3206
11,9781,9902,44,2146,1985,3188
11,9781,9902,45,2138,1985,3174
11,9781,9902,46,2141,1984,3155
11,9781,9902,47,2140,1985,3145
11,9781,9902,48,2134,1985,3136
11,9781,9902,49,2136,1984,3117
11,9781,9902,50,2134,1984,3103
11,9781,9902,51,2128,1985,3087
11,9781,9902,52,2129,1984,3073
11,9781,9902,53,2127,1983,3059
11,9781,9902,54,2123,1985,3045
11,9781,9902,55,2123,1985,3029
11,9781,9902,56,2122,1983,3016
11,9781,9902,57,2117,1986,3002
11,9781,9902,58,2117,1985,2987
11,9781,9902,59,2115,1982,2975
11,9781,9902,60,2112,1985,2964
11,9781,9902,61,2111,1986,2946
11,9781,9902,62,2110,1982,2926
11,9781,9902,63,2109,1985,2918
11,9781,9902,64,2104,1987,2901
11,9781,9902,65,2103,1981,2888
11,9781,9902,66,2101,1985,2871
11,9781,9902,67,2099,1986,2857
11,9781,9902,68,2097,1981,2846
11,9781,9902,69,2096,1985,2832
11,9781,9902,70,2093,1987,2816
11,9781,9902,71,2090,1981,2805
11,9781,9902,72,2091,1985,2791
11,9781,9902,73,2089,1986,2777
11,9781,9902,74,2082,1981,2759
11,9781,9902,75,2086,1985,2745
11,9781,9902,76,2083,1986,2732
11,9781,9902,77,2076,1981,2718
11,9781,9902,78,2079,1985,2705
11,9781,9902,79,2077,1986,2696
11,9781,9902,80,2071,1980,2675
11,9781,9902,81,2073,1985,2663
11,9781,9902,82,2072,1986,2647
11,9781,9902,83,2064,1981,2635
11,9781,9902,84,2067,1985,2622
11,9781,9902,85,2066,1986,2606
11,9781,9902,86,2054,1981,2590
11,9781,9902,87,2062,1985,2578
11,9781,9902,88,2060,1985,2563
11,9781,9902,89,2054,1981,2562
11,9781,9902,90,2062,1985,2577
11,9781,9902,91,2065,1985,2590
11,9781,9902,92,2059,1981,2602
11,9781,9902,93,2069,1985,2618
11,9781,9902,94,2070,1986,2632
11,9781,9902,95,2065,1981,2647
11,9781,9902,96,2073,1985,2665
11,9781,9902,97,2076,1985,2677
11,9781,9902,98,2070,1982,2690
11,9781,9902,99,2079,1984,2703
11,9781,9902,100,2082,1985,2715
11,9781,9902,101,2076,1982,2734
11,9781,9902,102,2084,1985,2747
11,9781,9902,103,2087,1986,2763
11,9781,9902,104,2083,1983,2778
11,9781,9902,105,2091,1984,2790
11,9781,9902,106,2092,1985,2803
11,9781,9902,107,2088,1983,2816
11,9781,9902,108,2097,1985,2833
11,9781,9902,109,2099,1985,2845
11,9781,9902,110,2095,1984,2861
11,9781,9902,111,2103,1984,2874
11,9781,9902,112,2106,1985,2888
11,9781,9902,113,2101,1984,2902
11,9781,9902,114,2110,1985,2916
11,9781,9902,115,2110,1985,2930
11,9781,9902,116,2107,1984,2945
11,9781,9902,117,2114,1985,2960
11,9781,9902,118,2116,1985,2973
11,9781,9902,119,2113,1985,2988
11,9781,9902,120,2120,1985,3001
11,9781,9902,121,2123,1985,3017
11,9781,9902,122,2120,1985,3031
11,9781,9902,123,2125,1984,3041
11,9781,9902,124,2129,1985,3059
11,9781,9902,125,2126,1985,3074
11,9781,9902,126,2131,1985,3085
11,9781,9902,127,2134,1984,3101
11,9781,9902,128,2131,1986,3111
11,9781,9902,129,2136,1985,3124
11,9781,9902,130,2139,1983,3145
11,9781,9902,131,2139,1986,3157
11,9781,9902,132,2143,1986,3171
11,9781,9902,133,2145,1983,3187
11,9781,9902,134,2145,1986,3197
11,9781,9902,135,2148,1987,3215
11,9781,9902,136,2151,1983,3227
11,9781,9902,137,2151,1986,3240
11,9781,9902,138,2154,1987,3255
11,9781,9902,139,2159,1982,3274
11,9781,9902,140,2157,1986,3285
11,9781,9902,141,2159,1988,3298
11,9781,9902,142,2163,1982,3317
11,9781,9902,143,2161,1986,3325
11,9781,9902,144,2165,1988,3344
11,9781,9902,145,2165,1982,3357
11,9781,9902,146,2170,1986,3374
11,9781,9902,147,2173,1988,3386
11,9781,9902,148,2172,1983,3398
11,9781,9902,149,2176,1986,3415
11,9781,9902,150,2180,1988,3428
11,9781,9902,151,2177,1983,3443
11,9781,9902,152,2184,1987,3458
11,9781,9902,153,2186,1988,3471
11,9781,9902,154,2181,1983,3478
11,9781,9902,155,2185,1987,3473
11,9781,9902,156,2187,1987,3473
11,9781,9902,157,2183,1983,3487
11,9781,9902,158,2189,1987,3499
11,9781,9902,159,2192,1988,3514
11,9781,9902,160,2188,1983,3523
11,9781,9902,161,2193,1987,3514
11,9781,9902,162,2190,1987,3456
11,9781,9902,163,2166,1982,3362
11,9781,9902,164,2158,1986,3255
11,9781,9902,165,2145,1985,3140
11,9781,9902,166,2121,1981,3033
11,9781,9902,167,2113,1985,2908
11,9781,9902,168,2097,1985,2786
11,9781,9902,169,2072,1981,2633
11,9781,9902,170,2062,1983,2567
11,9781,9902,171,2045,1984,2400
11,9781,9902,172,2017,1979,2250
11,9781,9902,173,2007,1983,2108
11,9781,9902,174,1985,1982,1934
11,9781,9902,175,1957,1979,1798
11,9781,9902,176,1941,1981,1643
11,9781,9902,177,1923,1981,1503
11,9781,9902,178,1904,1980,1420
11,9781,9902,179,1894,1980,1289
11,9781,9902,180,1882,1981,1167
11,9781,9902,181,1855,1978,1035
11,9781,9902,182,1848,1979,913
11,9781,9902,183,1832,1979,777
11,9781,9902,184,1808,1977,663
11,9781,9902,185,1801,1977,513
11,9781,9902,186,1786,1976,381
11,9781,9902,187,1762,1974,278
11,9781,9902,188,1760,1973,214
11,9781,9902,189,1763,1975,232
11,9781,9902,190,1758,1975,235
11,9781,9902,191,1765,1974,258
11,9781,9902,192,1767,1975,276
11,9781,9902,193,1764,1974,289
11,9781,9902,194,1769,1974,301
11,9781,9902,195,1772,1975,317
11,9781,9902,196,1769,1976,330
11,9781,9902,197,1773,1975,343
11,9781,9902,198,1776,1975,359
11,9781,9902,199,1774,1976,369
11,9781,9902,200,1779,1976,386
11,9781,9902,201,1780,1975,402
11,9781,9902,202,1780,1977,416
11,9781,9902,203,1783,1976,426
11,9781,9902,204,1785,1975,443
11,9781,9902,205,1785,1977,456
11,9781,9902,206,1787,1977,470
11,9781,9902,207,1789,1975,489
11,9781,9902,208,1788,1978,501
11,9781,9902,209,1792,1979,514
11,9781,9902,210,1794,1975,530
11,9781,9902,211,1795,1978,543
11,9781,9902,212,1797,1979,559
11,9781,9902,213,1799,1975,571
11,9781,9902,214,1800,1979,585
11,9781,9902,215,1801,1980,598
11,9781,9902,216,1803,1975,613
11,9781,9902,217,1805,1980,628
11,9781,9902,218,1805,1981,641
11,9781,9902,219,1807,1975,657
11,9781,9902,220,1811,1980,668
11,9781,9902,221,1812,1981,683
11,9781,9902,222,1812,1975,702
11,9781,9902,223,1816,1980,714
11,9781,9902,224,1818,1981,726
11,9781,9902,225,1816,1976,742
11,9781,9902,226,1821,1980,754
11,9781,9902,227,1822,1981,770
11,9781,9902,228,1819,1976,783
11,9781,9902,229,1827,1980,800
11,9781,9902,230,1829,1982,812
11,9781,9902,231,1825,1976,826
11,9781,9902,232,1832,1980,839
11,9781,9902,233,1835,1981,855
11,9781,9902,234,1830,1976,872
11,9781,9902,235,1837,1981,883
11,9781,9902,236,1839,1981,902
11,9781,9902,237,1834,1977,908
11,9781,9902,238,1843,1981,926
11,9781,9902,239,1845,1981,937
11,9781,9902,240,1839,1977,949
11,9781,9902,241,1847,1981,971
11,9781,9902,242,1849,1981,983
11,9781,9902,243,1844,1978,995
11,9781,9902,244,1853,1981,1014
11,9781,9902,245,1854,1981,1025
11,9781,9902,246,1849,1978,1040
11,9781,9902,247,1858,1981,1053
11,9781,9902,248,1859,1982,1069
11,9781,9902,249,1855,1978,1080
11,9781,9902,250,1864,1981,1096
11,9781,9902,251,1865,1981,1112
11,9781,9902,252,1861,1979,1124
11,9781,9902,253,1869,1981,1139
11,9781,9902,254,1871,1981,1155
11,9781,9902,255,1866,1979,1168
11,9781,9902,256,1874,1981,1183
11,9781,9902,257,1876,1981,1197
11,9781,9902,258,1870,1980,1207
11,9781,9902,259,1879,1981,1223
11,9781,9902,260,1881,1981,1244
11,9781,9902,261,1877,1980,1253
11,9781,9902,262,1888,1980,1267
11,9781,9902,263,1887,1981,1283
11,9781,9902,264,1883,1981,1293
11,9781,9902,265,1889,1981,1310
11,9781,9902,266,1890,1981,1327
11,9781,9902,267,1886,1981,1324
11,9781,9902,268,1890,1981,1308
11,9781,9902,269,1888,1981,1296
11,9781,9902,270,1882,1981,1278
11,9781,9902,271,1884,1981,1266
11,9781,9902,272,1883,1981,1255
11,9781,9902,273,1876,1981,1239
11,9781,9902,274,1877,1980,1224
11,9781,9902,275,1878,1980,1213
11,9781,9902,276,1872,1981,1199
11,9781,9902,277,1872,1980,1180
11,9781,9902,278,1872,1979,1169
11,9781,9902,279,1867,1981,1152
11,9781,9902,280,1868,1981,1137
11,9781,9902,281,1865,1978,1127
11,9781,9902,282,1863,1981,1112
11,9781,9902,283,1861,1982,1093
11,9781,9902,284,1860,1978,1082
11,9781,9902,285,1857,1981,1068
11,9781,9902,286,1856,1982,1055
11,9781,9902,287,1854,1977,1042
11,9781,9902,288,1852,1981,1025
11,9781,9902,289,1850,1982,1006
11,9781,9902,290,1849,1977,996
11,9781,9902,291,1847,1981,983
11,9781,9902,292,1845,1982,970
11,9781,9902,293,1843,1977,953
11,9781,9902,294,1842,1981,938
11,9781,9902,295,1840,1982,927
11,9781,9902,296,1837,1976,913
11,9781,9902,297,1838,1980,896
11,9781,9902,298,1837,1982,884
11,9781,9902,299,1832,1977,870
11,9781,9902,300,1832,1980,854
11,9781,9902,301,1831,1982,840
11,9781,9902,302,1825,1976,827
11,9781,9902,303,1828,1980,812
11,9781,9902,304,1827,1981,801
11,9781,9902,305,1820,1976,785
11,9781,9902,306,1823,1980,771
11,9781,9902,307,1823,1980,756
11,9781,9902,308,1813,1975,740
11,9781,9902,309,1818,1980,726
11,9781,9902,310,1817,1980,713
11,9781,9902,311,1809,1975,692
11,9781,9902,312,1814,1979,685
11,9781,9902,313,1813,1980,671
11,9781,9902,314,1804,1976,656
11,9781,9902,315,1809,1979,646
11,9781,9902,316,1808,1980,628
11,9781,9902,317,1799,1975,614
11,9781,9902,318,1804,1979,600
11,9781,9902,319,1803,1979,586
11,9781,9902,320,1795,1975,572
11,9781,9902,321,1799,1978,554
11,9781,9902,322,1798,1978,543
11,9781,9902,323,1789,1975,535
11,9781,9902,324,1794,1977,513
11,9781,9902,325,1793,1978,498
11,9781,9902,326,1785,1975,485
11,9781,9902,327,1789,1977,470
11,9781,9902,328,1788,1977,455
11,9781,9902,329,1780,1975,441
11,9781,9902,330,1785,1977,426
11,9781,9902,331,1783,1977,414
11,9781,9902,332,1774,1975,402
11,9781,9902,333,1780,1976,385
11,9781,9902,334,1779,1976,373
11,9781,9902,335,1771,1975,359
11,9781,9902,336,1774,1975,344
11,9781,9902,337,1774,1976,330
11,9781,9902,338,1765,1975,315
11,9781,9902,339,1770,1975,301
11,9781,9902,340,1768,1975,286
11,9781,9902,341,1761,1974,264
11,9781,9902,342,1765,1974,256
11,9781,9902,343,1765,1974,244
11,9781,9902,344,1757,1974,230
11,9781,9902,345,1760,1974,219
11,9781,9902,346,1759,1974,205
11,9781,9902,347,1753,1973,191
11,9781,9902,348,1756,1973,201
11,9781,9902,349,1765,1974,274
11,9781,9902,350,1771,1976,369
11,9781,9902,351,1782,1976,458
11,9781,9902,352,1797,1976,564
11,9781,9902,353,1805,1979,676
11,9781,9902,354,1821,1980,795
11,9781,9902,355,1836,1979,908
12,9956,10076,0,1982,2021,1182
12,9956,10076,1,1873,1983,1238
12,9956,10076,2,1890,1981,1322
12,9956,10076,3,1898,1981,1310
12,9956,10076,4,1903,1983,1471
12,9956,10076,5,1918,1982,1587
12,9956,10076,6,1939,1983,1690
12,9956,10076,7,1949,1984,1815
12,9956,10076,8,1969,1983,1959
12,9956,10076,9,1987,1982,2051
12,9956,10076,10,2002,1984,2203
12,9956,10076,11,2021,1986,2345
12,9956,10076,12,2044,1983,2493
12,9956,10076,13,2059,1986,2632
12,9956,10076,14,2085,1987,2800
12,9956,10076,15,2108,1983,2932
12,9956,10076,16,2121,1987,3065
12,9956,10076,17,2140,1988,3215
12,9956,10076,18,2161,1983,3356
12,9956,10076,19,2182,1987,3462
12,9956,10076,20,2187,1987,3495
12,9956,10076,21,2185,1982,3473
12,9956,10076,22,2184,1986,3474
12,9956,10076,23,2184,1989,3477
12,9956,10076,24,2183,1982,3470
12,9956,10076,25,2182,1987,3455
12,9956,10076,26,2180,1988,3441
12,9956,10076,27,2176,1983,3427
12,9956,10076,28,2176,1987,3417
12,9956,10076,29,2175,1988,3401
12,9956,10076,30,2169,1982,3388
12,9956,10076,31,2170,1987,3372
12,9956,10076,32,2169,1987,3358
12,9956,10076,33,2162,1982,3343
12,9956,10076,34,2166,1986,3318
12,9956,10076,35,2161,1987,3315
12,9956,10076,36,2157,1982,3298
12,9956,10076,37,2160,1986,3287
12,9956,10076,38,2159,1987,3275
12,9956,10076,39,2150,1982,3258
12,9956,10076,40,2155,1986,3243
12,9956,10076,41,2153,1987,3231
12,9956,10076,42,2144,1982,3224
12,9956,10076,43,2148,1986,3197
12,9956,10076,44,2147,1987,3187
12,9956,10076,45,2138,1982,3177
12,9956,10076,46,2142,1986,3159
12,9956,10076,47,2140,1986,3137
12,9956,10076,48,2131,1982,3128
12,9956,10076,49,2136,1986,3115
12,9956,10076,50,2134,1986,3103
12,9956,10076,51,2125,1982,3085
12,9956,10076,52,2131,1986,3077
12,9956,10076,53,2129,1987,3070
12,9956,10076,54,2119,1982,3041
12,9956,10076,55,2125,1986,3030
12,9956,10076,56,2123,1985,3018
12,9956,10076,57,2114,1983,3002
12,9956,10076,58,2117,1985,2988
12,9956,10076,59,2117,1986,2975
12,9956,10076,60,2110,1983,2960
12,9956,10076,61,2113,1984,2944
12,9956,10076,62,2112,1985,2934
12,9956,10076,63,2102,1983,2918
12,9956,10076,64,2107,1985,2901
12,9956,10076,65,2105,1985,2889
12,9956,10076,66,2096,1983,2874
12,9956,10076,67,2101,1985,2861
12,9956,10076,68,2100,1985,2846
12,9956,10076,69,2092,1984,2832
12,9956,10076,70,2094,1984,2819
12,9956,10076,71,2093,1984,2803
12,9956,10076,72,2085,1984,2789
12,9956,10076,73,2089,1984,2775
12,9956,10076,74,2087,1984,2766
12,9956,10076,75,2080,1983,2745
12,9956,10076,76,2083,1984,2730
12,9956,10076,77,2081,1984,2717
12,9956,10076,78,2075,1984,2710
12,9956,10076,79,2076,1984,2691
12,9956,10076,80,2074,1984,2676
12,9956,10076,81,2070,1984,2659
12,9956,10076,82,2070,1983,2652
12,9956,10076,83,2068,1983,2634
12,9956,10076,84,2064,1984,2618
12,9956,10076,85,2065,1985,2602
12,9956,10076,86,2063,1982,2588
12,9956,10076,87,2058,1985,2574
12,9956,10076,88,2059,1985,2563
12,9956,10076,89,2058,1981,2563
12,9956,10076,90,2058,1984,2577
12,9956,10076,91,2061,1985,2572
12,9956,10076,92,2064,1981,2603
12,9956,10076,93,2066,1985,2620
12,9956,10076,94,2067,1986,2639
12,9956,10076,95,2070,1981,2646
12,9956,10076,96,2071,1985,2661
12,9956,10076,97,2073,1986,2677
12,9956,10076,98,2076,1981,2692
12,9956,10076,99,2078,1985,2703
12,9956,10076,100,2080,1987,2717
12,9956,10076,101,2080,1981,2735
12,9956,10076,102,2084,1985,2748
12,9956,10076,103,2086,1987,2759
12,9956,10076,104,2085,1981,2779
12,9956,10076,105,2089,1986,2788
12,9956,10076,106,2093,1986,2802
12,9956,10076,107,2090,1981,2819
12,9956,10076,108,2096,1986,2833
12,9956,10076,109,2099,1986,2845
12,9956,10076,110,2095,1981,2862
12,9956,10076,111,2103,1986,2875
12,9956,10076,112,2105,1986,2886
12,9956,10076,113,2100,1981,2905
12,9956,10076,114,2107,1985,2914
12,9956,10076,115,2111,1986,2940
12,9956,10076,116,2106,1982,2944
12,9956,10076,117,2115,1986,2952
12,9956,10076,118,2119,1987,2975
12,9956,10076,119,2112,1982,2991
12,9956,10076,120,2121,1986,3004
12,9956,10076,121,2123,1986,3018
12,9956,10076,122,2117,1982,3029
12,9956,10076,123,2126,1986,3044
12,9956,10076,124,2128,1986,3060
12,9956,10076,125,2123,1983,3070
12,9956,10076,126,2133,1986,3084
12,9956,10076,127,2136,1986,3100
12,9956,10076,128,2129,1983,3116
12,9956,10076,129,2138,1986,3123
12,9956,10076,130,2141,1986,3147
12,9956,10076,131,2135,1983,3157
12,9956,10076,132,2144,1986,3176
12,9956,10076,133,2147,1986,3188
12,9956,10076,134,2142,1984,3200
12,9956,10076,135,2150,1986,3208
12,9956,10076,136,2152,1986,3230
12,9956,10076,137,2148,1984,3242
12,9956,10076,138,2156,1985,3259
12,9956,10076,139,2159,1986,3272
12,9956,10076,140,2154,1985,3285
12,9956,10076,141,2162,1985,3298
12,9956,10076,142,2165,1986,3315
12,9956,10076,143,2160,1985,3328
12,9956,10076,144,2168,1986,3343
12,9956,10076,145,2170,1986,3358
12,9956,10076,146,2167,1985,3371
12,9956,10076,147,2173,1985,3387
12,9956,10076,148,2176,1986,3399
12,9956,10076,149,2172,1986,3414
12,9956,10076,150,2179,1986,3429
12,9956,10076,151,2181,1986,3441
12,9956,10076,152,2179,1986,3457
12,9956,10076,153,2184,1985,3469
12,9956,10076,154,2186,1985,3475
12,9956,10076,155,2182,1986,3473
12,9956,10076,156,2185,1986,3473
12,9956,10076,157,2190,1985,3496
12,9956,10076,158,2187,1987,3505
12,9956,10076,159,2191,1987,3512
12,9956,10076,160,2190,1984,3523
12,9956,10076,161,2189,1987,3513
12,9956,10076,162,2185,1986,3438
12,9956,10076,163,2171,1982,3320
12,9956,10076,164,2154,1985,3233
12,9956,10076,165,2141,1986,3126
12,9956,10076,166,2125,1981,3002
12,9956,10076,167,2108,1985,2889
12,9956,10076,168,2092,1985,2758
12,9956,10076,169,2075,1980,2624
12,9956,10076,170,2059,1984,2510
12,9956,10076,171,2039,1984,2375
12,9956,10076,172,2021,1979,2227
12,9956,10076,173,2001,1983,2088
12,9956,10076,174,1981,1985,1986
12,9956,10076,175,1964,1978,1857
12,9956,10076,176,1949,1982,1722
12,9956,10076,177,1933,1984,1605
12,9956,10076,178,1917,1978,1520
12,9956,10076,179,1907,1982,1395
12,9956,10076,180,1890,1982,1254
12,9956,10076,181,1871,1976,1134
12,9956,10076,182,1856,1981,997
12,9956,10076,183,1846,1980,841
12,9956,10076,184,1820,1975,715
12,9956,10076,185,1807,1979,574
12,9956,10076,186,1792,1977,422
12,9956,10076,187,1767,1972,276
12,9956,10076,188,1760,1975,215
12,9956,10076,189,1764,1976,231
12,9956,10076,190,1758,1972,247
12,9956,10076,191,1765,1976,258
12,9956,10076,192,1768,1977,273
12,9956,10076,193,1762,1972,298
12,9956,10076,194,1770,1977,303
12,9956,10076,195,1772,1977,315
12,9956,10076,196,1767,1973,316
12,9956,10076,197,1775,1977,347
12,9956,10076,198,1778,1977,359
12,9956,10076,199,1771,1973,371
12,9956,10076,200,1780,1977,387
12,9956,10076,201,1782,1977,404
12,9956,10076,202,1776,1974,416
12,9956,10076,203,1785,1978,428
12,9956,10076,204,1788,1978,443
12,9956,10076,205,1781,1974,458
12,9956,10076,206,1790,1978,475
12,9956,10076,207,1792,1978,488
12,9956,10076,208,1785,1975,497
12,9956,10076,209,1794,1978,517
12,9956,10076,210,1796,1978,535
12,9956,10076,211,1791,1976,542
12,9956,10076,212,1799,1978,557
12,9956,10076,213,1801,1978,574
12,9956,10076,214,1796,1977,588
12,9956,10076,215,1804,1978,595
12,9956,10076,216,1806,1978,616
12,9956,10076,217,1801,1977,626
12,9956,10076,218,1809,1978,643
12,9956,10076,219,1811,1979,656
12,9956,10076,220,1806,1978,671
12,9956,10076,221,1813,1978,684
12,9956,10076,222,1815,1979,698
12,9956,10076,223,1812,1979,714
12,9956,10076,224,1818,1979,726
12,9956,10076,225,1820,1979,743
12,9956,10076,226,1816,1979,757
12,9956,10076,227,1822,1979,770
12,9956,10076,228,1825,1979,783
12,9956,10076,229,1823,1980,797
12,9956,10076,230,1827,1979,810
12,9956,10076,231,1829,1978,825
12,9956,10076,232,1828,1980,843
12,9956,10076,233,1832,1980,855
12,9956,10076,234,1835,1977,872
12,9956,10076,235,1835,1980,881
12,9956,10076,236,1837,1981,896
12,9956,10076,237,1840,1978,914
12,9956,10076,238,1839,1981,930
12,9956,10076,239,1842,1981,938
12,9956,10076,240,1844,1977,955
12,9956,10076,241,1844,1981,968
12,9956,10076,242,1848,1982,979
12,9956,10076,243,1850,1977,996
12,9956,10076,244,1851,1981,1012
12,9956,10076,245,1852,1983,1023
12,9956,10076,246,1854,1977,1039
12,9956,10076,247,1857,1981,1057
12,9956,10076,248,1857,1983,1066
12,9956,10076,249,1858,1977,1080
12,9956,10076,250,1862,1982,1099
12,9956,10076,251,1863,1983,1108
12,9956,10076,252,1863,1977,1127
12,9956,10076,253,1867,1982,1127
12,9956,10076,254,1869,1983,1152
12,9956,10076,255,1868,1978,1169
12,9956,10076,256,1872,1982,1178
12,9956,10076,257,1876,1983,1199
12,9956,10076,258,1872,1978,1212
12,9956,10076,259,1879,1982,1224
12,9956,10076,260,1881,1983,1235
12,9956,10076,261,1878,1978,1255
12,9956,10076,262,1886,1982,1267
12,9956,10076,263,1887,1982,1279
12,9956,10076,264,1882,1978,1295
12,9956,10076,265,1890,1982,1316
12,9956,10076,266,1893,1983,1322
12,9956,10076,267,1885,1978,1327
12,9956,10076,268,1891,1982,1307
12,9956,10076,269,1889,1982,1297
12,9956,10076,270,1880,1978,1277
12,9956,10076,271,1883,1981,1267
12,9956,10076,272,1883,1982,1254
12,9956,10076,273,1874,1978,1238
12,9956,10076,274,1880,1981,1224
12,9956,10076,275,1878,1982,1210
12,9956,10076,276,1868,1978,1194
12,9956,10076,277,1874,1982,1180
12,9956,10076,278,1873,1982,1171
12,9956,10076,279,1864,1978,1151
12,9956,10076,280,1869,1981,1142
12,9956,10076,281,1867,1982,1130
12,9956,10076,282,1858,1979,1111
12,9956,10076,283,1863,1980,1099
12,9956,10076,284,1861,1981,1083
12,9956,10076,285,1853,1978,1069
12,9956,10076,286,1858,1980,1053
12,9956,10076,287,1856,1981,1039
12,9956,10076,288,1848,1979,1027
12,9956,10076,289,1853,1980,1011
12,9956,10076,290,1851,1981,997
12,9956,10076,291,1842,1979,984
12,9956,10076,292,1847,1980,973
12,9956,10076,293,1846,1980,958
12,9956,10076,294,1838,1979,942
12,9956,10076,295,1842,1980,926
12,9956,10076,296,1841,1980,914
12,9956,10076,297,1833,1979,899
12,9956,10076,298,1837,1980,883
12,9956,10076,299,1836,1979,870
12,9956,10076,300,1828,1979,854
12,9956,10076,301,1831,1979,838
12,9956,10076,302,1830,1979,826
12,9956,10076,303,1823,1980,812
12,9956,10076,304,1826,1979,799
12,9956,10076,305,1825,1978,785
12,9956,10076,306,1820,1979,770
12,9956,10076,307,1821,1979,753
12,9956,10076,308,1820,1978,741
12,9956,10076,309,1815,1979,724
12,9956,10076,310,1816,1979,713
12,9956,10076,311,1815,1977,700
12,9956,10076,312,1811,1980,685
12,9956,10076,313,1810,1979,670
12,9956,10076,314,1809,1975,655
12,9956,10076,315,1807,1979,642
12,9956,10076,316,1805,1980,628
12,9956,10076,317,1804,1975,616
12,9956,10076,318,1801,1978,599
12,9956,10076,319,1800,1980,583
12,9956,10076,320,1799,1974,570
12,9956,10076,321,1798,1979,556
12,9956,10076,322,1795,1979,543
12,9956,10076,323,1794,1974,534
12,9956,10076,324,1793,1978,513
12,9956,10076,325,1792,1980,501
12,9956,10076,326,1787,1974,487
12,9956,10076,327,1789,1978,473
12,9956,10076,328,1787,1979,466
12,9956,10076,329,1782,1973,444
12,9956,10076,330,1783,1977,427
12,9956,10076,331,1783,1978,415
12,9956,10076,332,1776,1973,402
12,9956,10076,333,1779,1977,385
12,9956,10076,334,1779,1977,370
12,9956,10076,335,1771,1972,358
12,9956,10076,336,1775,1977,344
12,9956,10076,337,1774,1977,333
12,9956,10076,338,1765,1972,314
12,9956,10076,339,1770,1976,301
12,9956,10076,340,1769,1977,291
12,9956,10076,341,1761,1971,272
12,9956,10076,342,1766,1976,260
12,9956,10076,343,1764,1976,247
12,9956,10076,344,1756,1971,231
12,9956,10076,345,1761,1975,215
12,9956,10076,346,1759,1975,200
12,9956,10076,347,1750,1970,191
12,9956,10076,348,1757,1974,175
12,9956,10076,349,1759,1974,190
12,9956,10076,350,1757,1972,263
12,9956,10076,351,1775,1977,357
12,9956,10076,352,1788,1979,468
12,9956,10076,353,1791,1976,581
12,9956,10076,354,1809,1979,680
12,9956,10076,355,1834,1981,832
13,10130,10251,0,1976,2020,1185
13,10130,10251,1,1876,1984,1238
13,10130,10251,2,1883,1978,1299
13,10130,10251,3,1899,1983,1408
13,10130,10251,4,1914,1984,1535
13,10130,10251,5,1924,1980,1669
13,10130,10251,6,1946,1984,1793
13,10130,10251,7,1968,1985,1920
13,10130,10251,8,1979,1981,2059
13,10130,10251,9,2002,1985,2171
13,10130,10251,10,2022,1985,2313
13,10130,10251,11,2032,1981,2449
13,10130,10251,12,2054,1986,2584
13,10130,10251,13,2077,1986,2712
13,10130,10251,14,2087,1983,2840
13,10130,10251,15,2110,1987,2973
13,10130,10251,16,2131,1987,3109
13,10130,10251,17,2141,1984,3253
13,10130,10251,18,2165,1986,3369
13,10130,10251,19,2186,1987,3491
13,10130,10251,20,2180,1983,3487
13,10130,10251,21,2186,1985,3473
13,10130,10251,22,2186,1986,3473
13,10130,10251,23,2180,1984,3475
13,10130,10251,24,2186,1986,3472
13,10130,10251,25,2184,1986,3453
13,10130,10251,26,2174,1984,3442
13,10130,10251,27,2180,1986,3427
13,10130,10251,28,2175,1986,3412
13,10130,10251,29,2170,1985,3400
13,10130,10251,30,2173,1985,3386
13,10130,10251,31,2172,1986,3375
13,10130,10251,32,2164,1985,3360
13,10130,10251,33,2168,1985,3343
13,10130,10251,34,2165,1985,3328
13,10130,10251,35,2158,1984,3321
13,10130,10251,36,2162,1985,3298
13,10130,10251,37,2159,1985,3278
13,10130,10251,38,2152,1985,3273
13,10130,10251,39,2155,1985,3260
13,10130,10251,40,2153,1985,3244
13,10130,10251,41,2148,1985,3227
13,10130,10251,42,2148,1985,3214
13,10130,10251,43,2148,1984,3202
13,10130,10251,44,2141,1985,3184
13,10130,10251,45,2142,1985,3173
13,10130,10251,46,2142,1983,3159
13,10130,10251,47,2136,1986,3143
13,10130,10251,48,2136,1986,3127
13,10130,10251,49,2134,1983,3117
13,10130,10251,50,2131,1985,3100
13,10130,10251,51,2130,1986,3088
13,10130,10251,52,2130,1982,3073
13,10130,10251,53,2125,1985,3060
13,10130,10251,54,2122,1986,3045
13,10130,10251,55,2123,1982,3033
13,10130,10251,56,2120,1985,3013
13,10130,10251,57,2117,1986,3001
13,10130,10251,58,2117,1981,2991
13,10130,10251,59,2115,1985,2972
13,10130,10251,60,2112,1987,2960
13,10130,10251,61,2109,1981,2947
13,10130,10251,62,2110,1986,2929
13,10130,10251,63,2106,1987,2918
13,10130,10251,64,2103,1981,2905
13,10130,10251,65,2103,1985,2888
13,10130,10251,66,2102,1987,2873
13,10130,10251,67,2096,1981,2863
13,10130,10251,68,2098,1985,2844
13,10130,10251,69,2098,1986,2832
13,10130,10251,70,2090,1980,2817
13,10130,10251,71,2093,1986,2803
13,10130,10251,72,2091,1986,2797
13,10130,10251,73,2083,1981,2776
13,10130,10251,74,2086,1985,2761
13,10130,10251,75,2087,1986,2748
13,10130,10251,76,2078,1981,2733
13,10130,10251,77,2081,1985,2717
13,10130,10251,78,2080,1985,2701
13,10130,10251,79,2071,1981,2690
13,10130,10251,80,2076,1985,2675
13,10130,10251,81,2074,1985,2663
13,10130,10251,82,2066,1981,2648
13,10130,10251,83,2070,1985,2634
13,10130,10251,84,2067,1985,2620
13,10130,10251,85,2059,1981,2604
13,10130,10251,86,2065,1985,2593
13,10130,10251,87,2062,1985,2579
13,10130,10251,88,2052,1981,2566
13,10130,10251,89,2060,1984,2561
13,10130,10251,90,2061,1985,2576
13,10130,10251,91,2057,1982,2588
13,10130,10251,92,2066,1985,2604
13,10130,10251,93,2068,1985,2623
13,10130,10251,94,2063,1982,2634
13,10130,10251,95,2071,1984,2646
13,10130,10251,96,2075,1985,2662
13,10130,10251,97,2069,1983,2673
13,10130,10251,98,2077,1984,2690
13,10130,10251,99,2080,1985,2705
13,10130,10251,100,2075,1983,2703
13,10130,10251,101,2083,1984,2729
13,10130,10251,102,2085,1984,2746
13,10130,10251,103,2081,1984,2761
13,10130,10251,104,2089,1984,2771
13,10130,10251,105,2092,1984,2786
13,10130,10251,106,2086,1984,2803
13,10130,10251,107,2095,1984,2819
13,10130,10251,108,2097,1984,2836
13,10130,10251,109,2093,1985,2845
13,10130,10251,110,2100,1984,2863
13,10130,10251,111,2103,1985,2877
13,10130,10251,112,2100,1984,2884
13,10130,10251,113,2106,1984,2911
13,10130,10251,114,2108,1984,2919
13,10130,10251,115,2105,1985,2931
13,10130,10251,116,2112,1984,2945
13,10130,10251,117,2114,1984,2963
13,10130,10251,118,2112,1985,2972
13,10130,10251,119,2117,1985,2985
13,10130,10251,120,2119,1983,3002
13,10130,10251,121,2118,1986,3014
13,10130,10251,122,2122,1986,3027
13,10130,10251,123,2125,1983,3048
13,10130,10251,124,2125,1985,3061
13,10130,10251,125,2129,1986,3074
13,10130,10251,126,2131,1982,3087
13,10130,10251,127,2131,1986,3101
13,10130,10251,128,2134,1987,3113
13,10130,10251,129,2137,1982,3129
13,10130,10251,130,2137,1986,3143
13,10130,10251,131,2140,1987,3156
13,10130,10251,132,2142,1982,3175
13,10130,10251,133,2144,1986,3189
13,10130,10251,134,2146,1988,3197
13,10130,10251,135,2147,1982,3219
13,10130,10251,136,2150,1986,3230
13,10130,10251,137,2152,1988,3244
13,10130,10251,138,2152,1982,3261
13,10130,10251,139,2157,1987,3274
13,10130,10251,140,2159,1988,3281
13,10130,10251,141,2157,1982,3305
13,10130,10251,142,2163,1986,3315
13,10130,10251,143,2165,1987,3328
13,10130,10251,144,2163,1982,3345
13,10130,10251,145,2169,1987,3353
13,10130,10251,146,2171,1987,3374
13,10130,10251,147,2168,1982,3386
13,10130,10251,148,2175,1986,3400
13,10130,10251,149,2177,1987,3417
13,10130,10251,150,2174,1983,3429
13,10130,10251,151,2181,1987,3444
13,10130,10251,152,2183,1987,3455
13,10130,10251,153,2180,1982,3470
13,10130,10251,154,2186,1987,3476
13,10130,10251,155,2186,1987,3474
13,10130,10251,156,2180,1982,3473
13,10130,10251,157,2188,1987,3495
13,10130,10251,158,2190,1987,3499
13,10130,10251,159,2184,1983,3513
13,10130,10251,160,2191,1986,3522
13,10130,10251,161,2194,1987,3516
13,10130,10251,162,2185,1983,3492
13,10130,10251,163,2175,1985,3372
13,10130,10251,164,2162,1985,3262
13,10130,10251,165,2137,1981,3145
13,10130,10251,166,2126,1984,3028
13,10130,10251,167,2116,1984,2905
13,10130,10251,168,2087,1981,2793
13,10130,10251,169,2079,1983,2621
13,10130,10251,170,2060,1984,2512
13,10130,10251,171,2035,1981,2377
13,10130,10251,172,2023,1982,2238
13,10130,10251,173,2002,1983,2102
13,10130,10251,174,1979,1980,1960
13,10130,10251,175,1965,1982,1823
13,10130,10251,176,1948,1982,1674
13,10130,10251,177,1918,1980,1522
13,10130,10251,178,1913,1980,1419
13,10130,10251,179,1895,1981,1290
13,10130,10251,180,1873,1979,1168
13,10130,10251,181,1861,1979,1025
13,10130,10251,182,1846,1979,905
13,10130,10251,183,1822,1978,760
13,10130,10251,184,1811,1978,628
13,10130,10251,185,1799,1978,503
13,10130,10251,186,1777,1976,375
13,10130,10251,187,1767,1974,235
13,10130,10251,188,1760,1974,217
13,10130,10251,189,1758,1975,231
13,10130,10251,190,1763,1975,244
13,10130,10251,191,1765,1975,258
13,10130,10251,192,1762,1975,276
13,10130,10251,193,1767,1975,289
13,10130,10251,194,1770,1974,300
13,10130,10251,195,1769,1975,316
13,10130,10251,196,1772,1976,329
13,10130,10251,197,1774,1974,346
13,10130,10251,198,1773,1976,358
13,10130,10251,199,1776,1977,374
13,10130,10251,200,1778,1973,388
13,10130,10251,201,1778,1977,399
13,10130,10251,202,1781,1977,402
13,10130,10251,203,1783,1974,431
13,10130,10251,204,1784,1977,443
13,10130,10251,205,1785,1979,459
13,10130,10251,206,1788,1974,473
13,10130,10251,207,1791,1978,484
13,10130,10251,208,1791,1980,498
13,10130,10251,209,1792,1974,517
13,10130,10251,210,1794,1978,533
13,10130,10251,211,1795,1980,544
13,10130,10251,212,1796,1974,556
13,10130,10251,213,1799,1979,570
13,10130,10251,214,1800,1980,587
13,10130,10251,215,1799,1975,598
13,10130,10251,216,1804,1979,603
13,10130,10251,217,1807,1981,627
13,10130,10251,218,1804,1975,643
13,10130,10251,219,1809,1979,656
13,10130,10251,220,1814,1980,672
13,10130,10251,221,1808,1975,684
13,10130,10251,222,1815,1980,701
13,10130,10251,223,1818,1980,711
13,10130,10251,224,1813,1976,734
13,10130,10251,225,1820,1980,738
13,10130,10251,226,1823,1981,755
13,10130,10251,227,1817,1976,769
13,10130,10251,228,1826,1981,785
13,10130,10251,229,1828,1980,798
13,10130,10251,230,1822,1977,811
13,10130,10251,231,1831,1981,824
13,10130,10251,232,1833,1981,841
13,10130,10251,233,1827,1977,853
13,10130,10251,234,1836,1980,872
13,10130,10251,235,1838,1981,882
13,10130,10251,236,1832,1977,901
13,10130,10251,237,1841,1981,909
13,10130,10251,238,1843,1981,927
13,10130,10251,239,1838,1977,938
13,10130,10251,240,1846,1981,954
13,10130,10251,241,1847,1981,970
13,10130,10251,242,1843,1978,983
13,10130,10251,243,1851,1980,998
13,10130,10251,244,1853,1981,1011
13,10130,10251,245,1848,1979,1022
13,10130,10251,246,1856,1980,1040
13,10130,10251,247,1858,1981,1055
13,10130,10251,248,1853,1979,1071
13,10130,10251,249,1862,1980,1078
13,10130,10251,250,1864,1981,1099
13,10130,10251,251,1858,1979,1108
13,10130,10251,252,1867,1981,1125
13,10130,10251,253,1869,1981,1140
13,10130,10251,254,1864,1980,1153
13,10130,10251,255,1871,1980,1167
13,10130,10251,256,1874,1981,1190
13,10130,10251,257,1870,1980,1196
13,10130,10251,258,1877,1981,1213
13,10130,10251,259,1880,1980,1226
13,10130,10251,260,1876,1981,1239
13,10130,10251,261,1882,1980,1253
13,10130,10251,262,1885,1980,1261
13,10130,10251,263,1883,1981,1282
13,10130,10251,264,1887,1981,1294
13,10130,10251,265,1889,1981,1308
13,10130,10251,266,1887,1981,1324
13,10130,10251,267,1890,1981,1324
13,10130,10251,268,1888,1980,1311
13,10130,10251,269,1885,1981,1286
13,10130,10251,270,1885,1981,1279
13,10130,10251,271,1884,1979,1266
13,10130,10251,272,1880,1981,1254
13,10130,10251,273,1879,1982,1238
13,10130,10251,274,1878,1979,1225
13,10130,10251,275,1876,1981,1209
13,10130,10251,276,1874,1982,1195
13,10130,10251,277,1873,1978,1183
13,10130,10251,278,1870,1981,1164
13,10130,10251,279,1868,1982,1151
13,10130,10251,280,1867,1977,1139
13,10130,10251,281,1866,1981,1127
13,10130,10251,282,1863,1983,1105
13,10130,10251,283,1861,1977,1100
13,10130,10251,284,1860,1981,1079
13,10130,10251,285,1858,1983,1065
13,10130,10251,286,1855,1977,1053
13,10130,10251,287,1855,1981,1039
13,10130,10251,288,1853,1982,1025
13,10130,10251,289,1848,1977,1011
13,10130,10251,290,1850,1981,998
13,10130,10251,291,1849,1982,980
13,10130,10251,292,1843,1977,964
13,10130,10251,293,1845,1981,956
13,10130,10251,294,1847,1982,938
13,10130,10251,295,1837,1976,926
13,10130,10251,296,1840,1981,914
13,10130,10251,297,1839,1981,897
13,10130,10251,298,1829,1976,884
13,10130,10251,299,1836,1980,866
13,10130,10251,300,1835,1981,856
13,10130,10251,301,1826,1976,839
13,10130,10251,302,1831,1980,826
13,10130,10251,303,1828,1980,810
13,10130,10251,304,1821,1976,795
13,10130,10251,305,1826,1980,785
13,10130,10251,306,1825,1980,770
13,10130,10251,307,1815,1976,752
13,10130,10251,308,1821,1980,739
13,10130,10251,309,1819,1980,727
13,10130,10251,310,1810,1976,714
13,10130,10251,311,1817,1979,699
13,10130,10251,312,1814,1979,680
13,10130,10251,313,1805,1976,669
13,10130,10251,314,1810,1978,656
13,10130,10251,315,1809,1979,639
13,10130,10251,316,1800,1976,627
13,10130,10251,317,1806,1979,612
13,10130,10251,318,1804,1978,596
13,10130,10251,319,1795,1977,585
13,10130,10251,320,1800,1978,574
13,10130,10251,321,1799,1979,556
13,10130,10251,322,1791,1976,543
13,10130,10251,323,1796,1977,527
13,10130,10251,324,1794,1978,516
13,10130,10251,325,1786,1976,502
13,10130,10251,326,1791,1977,484
13,10130,10251,327,1789,1977,474
13,10130,10251,328,1782,1976,458
13,10130,10251,329,1786,1977,441
13,10130,10251,330,1785,1976,432
13,10130,10251,331,1777,1976,415
13,10130,10251,332,1781,1976,402
13,10130,10251,333,1779,1976,389
13,10130,10251,334,1773,1976,382
13,10130,10251,335,1776,1975,358
13,10130,10251,336,1775,1976,345
13,10130,10251,337,1769,1975,331
13,10130,10251,338,1772,1975,312
13,10130,10251,339,1769,1975,304
13,10130,10251,340,1764,1975,288
13,10130,10251,341,1766,1974,272
13,10130,10251,342,1765,1973,258
13,10130,10251,343,1760,1975,244
13,10130,10251,344,1760,1974,231
13,10130,10251,345,1760,1972,218
13,10130,10251,346,1756,1974,202
13,10130,10251,347,1756,1975,178
13,10130,10251,348,1754,1971,176
13,10130,10251,349,1758,1975,260
13,10130,10251,350,1771,1977,351
13,10130,10251,351,1783,1975,461
13,10130,10251,352,1793,1978,560
13,10130,10251,353,1808,1981,692
13,10130,10251,354,1823,1977,816
13,10130,10251,355,1836,1982,924
14,10307,10427,0,1979,2019,1168
14,10307,10427,1,1875,1984,1213
14,10307,10427,2,1887,1983,1277
14,10307,10427,3,1891,1979,1374
14,10307,10427,4,1909,1983,1481
14,10307,10427,5,1922,1984,1580
14,10307,10427,6,1931,1980,1696
14,10307,10427,7,1953,1984,1828
14,10307,10427,8,1974,1985,1963
14,10307,10427,9,1984,1981,2089
14,10307,10427,10,2012,1985,2231
14,10307,10427,11,2030,1986,2371
14,10307,10427,12,2041,1982,2498
14,10307,10427,13,2066,1986,2652
14,10307,10427,14,2087,1987,2788
14,10307,10427,15,2096,1983,2918
14,10307,10427,16,2123,1986,3065
14,10307,10427,17,2147,1987,3224
14,10307,10427,18,2155,1984,3359
14,10307,10427,19,2184,1986,3479
14,10307,10427,20,2187,1986,3489
14,10307,10427,21,2179,1983,3472
14,10307,10427,22,2186,1986,3472
14,10307,10427,23,2187,1986,3476
14,10307,10427,24,2179,1984,3471
14,10307,10427,25,2185,1986,3457
14,10307,10427,26,2182,1986,3444
14,10307,10427,27,2173,1984,3430
14,10307,10427,28,2178,1986,3414
14,10307,10427,29,2176,1986,3399
14,10307,10427,30,2167,1985,3385
14,10307,10427,31,2171,1985,3372
14,10307,10427,32,2170,1986,3354
14,10307,10427,33,2158,1985,3340
14,10307,10427,34,2165,1985,3328
14,10307,10427,35,2164,1985,3318
14,10307,10427,36,2157,1985,3300
14,10307,10427,37,2155,1985,3285
14,10307,10427,38,2157,1985,3270
14,10307,10427,39,2152,1985,3256
14,10307,10427,40,2154,1985,3245
14,10307,10427,41,2151,1985,3230
14,10307,10427,42,2145,1985,3215
14,10307,10427,43,2146,1985,3198
14,10307,10427,44,2145,1984,3190
14,10307,10427,45,2140,1985,3173
14,10307,10427,46,2141,1985,3161
14,10307,10427,47,2139,1983,3146
14,10307,10427,48,2135,1985,3126
14,10307,10427,49,2134,1986,3109
14,10307,10427,50,2133,1983,3097
14,10307,10427,51,2129,1985,3087
14,10307,10427,52,2129,1986,3067
14,10307,10427,53,2127,1982,3058
14,10307,10427,54,2123,1986,3043
14,10307,10427,55,2122,1986,3027
14,10307,10427,56,2121,1982,3015
14,10307,10427,57,2118,1986,3001
14,10307,10427,58,2116,1986,2987
14,10307,10427,59,2115,1981,2964
14,10307,10427,60,2113,1986,2948
14,10307,10427,61,2110,1987,2946
14,10307,10427,62,2108,1981,2930
14,10307,10427,63,2108,1986,2916
14,10307,10427,64,2105,1987,2906
14,10307,10427,65,2101,1981,2891
14,10307,10427,66,2101,1986,2875
14,10307,10427,67,2099,1987,2860
14,10307,10427,68,2095,1981,2845
14,10307,10427,69,2096,1985,2834
14,10307,10427,70,2095,1986,2816
14,10307,10427,71,2087,1981,2801
14,10307,10427,72,2091,1985,2791
14,10307,10427,73,2090,1986,2773
14,10307,10427,74,2081,1981,2760
14,10307,10427,75,2084,1985,2744
14,10307,10427,76,2084,1986,2731
14,10307,10427,77,2075,1981,2717
14,10307,10427,78,2078,1985,2706
14,10307,10427,79,2078,1985,2690
14,10307,10427,80,2069,1981,2675
14,10307,10427,81,2073,1985,2664
14,10307,10427,82,2072,1985,2648
14,10307,10427,83,2063,1981,2633
14,10307,10427,84,2068,1985,2622
14,10307,10427,85,2066,1985,2605
14,10307,10427,86,2057,1981,2590
14,10307,10427,87,2063,1985,2578
14,10307,10427,88,2060,1985,2563
14,10307,10427,89,2053,1982,2560
14,10307,10427,90,2062,1984,2571
14,10307,10427,91,2064,1985,2595
14,10307,10427,92,2059,1982,2604
14,10307,10427,93,2068,1985,2617
14,10307,10427,94,2069,1985,2636
14,10307,10427,95,2065,1983,2644
14,10307,10427,96,2073,1985,2676
14,10307,10427,97,2075,1984,2673
14,10307,10427,98,2073,1983,2684
14,10307,10427,99,2080,1984,2702
14,10307,10427,100,2082,1985,2716
14,10307,10427,101,2078,1984,2729
14,10307,10427,102,2084,1984,2748
14,10307,10427,103,2087,1985,2758
14,10307,10427,104,2083,1983,2774
14,10307,10427,105,2092,1985,2788
14,10307,10427,106,2094,1985,2804
14,10307,10427,107,2090,1984,2816
14,10307,10427,108,2097,1984,2830
14,10307,10427,109,2098,1984,2846
14,10307,10427,110,2096,1984,2858
14,10307,10427,111,2103,1984,2867
14,10307,10427,112,2105,1984,2893
14,10307,10427,113,2101,1985,2900
14,10307,10427,114,2108,1985,2916
14,10307,10427,115,2110,1984,2931
14,10307,10427,116,2108,1984,2944
14,10307,10427,117,2114,1985,2960
14,10307,10427,118,2115,1984,2975
14,10307,10427,119,2114,1985,2986
14,10307,10427,120,2116,1985,2996
14,10307,10427,121,2122,1983,3017
14,10307,10427,122,2120,1985,3036
14,10307,10427,123,2125,1985,3044
14,10307,10427,124,2126,1983,3060
14,10307,10427,125,2126,1985,3076
14,10307,10427,126,2130,1986,3096
14,10307,10427,127,2133,1982,3105
14,10307,10427,128,2134,1986,3114
14,10307,10427,129,2136,1987,3130
14,10307,10427,130,2138,1982,3144
14,10307,10427,131,2140,1986,3156
14,10307,10427,132,2143,1987,3171
14,10307,10427,133,2144,1982,3189
14,10307,10427,134,2146,1986,3199
14,10307,10427,135,2148,1988,3216
14,10307,10427,136,2148,1982,3231
14,10307,10427,137,2152,1986,3243
14,10307,10427,138,2154,1988,3257
14,10307,10427,139,2155,1982,3273
14,10307,10427,140,2159,1986,3282
14,10307,10427,141,2161,1987,3300
14,10307,10427,142,2160,1982,3313
14,10307,10427,143,2165,1987,3329
14,10307,10427,144,2168,1988,3343
14,10307,10427,145,2164,1982,3353
14,10307,10427,146,2171,1987,3375
14,10307,10427,147,2174,1987,3387
14,10307,10427,148,2170,1982,3399
14,10307,10427,149,2177,1987,3414
14,10307,10427,150,2180,1987,3427
14,10307,10427,151,2175,1983,3446
14,10307,10427,152,2183,1987,3456
14,10307,10427,153,2185,1987,3473
14,10307,10427,154,2180,1983,3477
14,10307,10427,155,2186,1986,3473
14,10307,10427,156,2187,1987,3473
14,10307,10427,157,2183,1983,3490
14,10307,10427,158,2191,1987,3502
14,10307,10427,159,2191,1987,3515
14,10307,10427,160,2185,1983,3520
14,10307,10427,161,2191,1987,3520
14,10307,10427,162,2191,1987,3467
14,10307,10427,163,2160,1982,3357
14,10307,10427,164,2158,1985,3250
14,10307,10427,165,2147,1985,3141
14,10307,10427,166,2121,1982,3025
14,10307,10427,167,2112,1984,2869
14,10307,10427,168,2095,1985,2764
14,10307,10427,169,2070,1981,2631
14,10307,10427,170,2059,1983,2505
14,10307,10427,171,2042,1984,2388
14,10307,10427,172,2019,1981,2267
14,10307,10427,173,2006,1982,2135
14,10307,10427,174,1992,1982,1997
14,10307,10427,175,1964,1980,1875
14,10307,10427,176,1954,1981,1745
14,10307,10427,177,1937,1981,1594
14,10307,10427,178,1917,1981,1529
14,10307,10427,179,1907,1981,1393
14,10307,10427,180,1891,1981,1277
14,10307,10427,181,1866,1979,1116
14,10307,10427,182,1857,1979,983
14,10307,10427,183,1841,1979,844
14,10307,10427,184,1817,1977,698
14,10307,10427,185,1805,1977,558
14,10307,10427,186,1791,1976,409
14,10307,10427,187,1768,1974,252
14,10307,10427,188,1759,1974,214
14,10307,10427,189,1762,1974,232
14,10307,10427,190,1760,1975,245
14,10307,10427,191,1764,1974,254
14,10307,10427,192,1767,1975,276
14,10307,10427,193,1764,1975,287
14,10307,10427,194,1769,1975,301
14,10307,10427,195,1771,1974,318
14,10307,10427,196,1770,1976,328
14,10307,10427,197,1773,1976,341
14,10307,10427,198,1775,1974,360
14,10307,10427,199,1776,1977,371
14,10307,10427,200,1778,1977,385
14,10307,10427,201,1781,1974,402
14,10307,10427,202,1780,1977,408
14,10307,10427,203,1783,1978,430
14,10307,10427,204,1785,1973,440
14,10307,10427,205,1784,1978,459
14,10307,10427,206,1787,1979,471
14,10307,10427,207,1788,1974,487
14,10307,10427,208,1791,1978,505
14,10307,10427,209,1791,1980,513
14,10307,10427,210,1793,1974,530
14,10307,10427,211,1796,1979,538
14,10307,10427,212,1798,1980,555
14,10307,10427,213,1797,1974,573
14,10307,10427,214,1801,1979,585
14,10307,10427,215,1802,1980,597
14,10307,10427,216,1801,1975,613
14,10307,10427,217,1809,1979,627
14,10307,10427,218,1808,1980,642
14,10307,10427,219,1805,1975,659
14,10307,10427,220,1812,1980,671
14,10307,10427,221,1814,1980,686
14,10307,10427,222,1810,1976,699
14,10307,10427,223,1817,1980,711
14,10307,10427,224,1819,1981,728
14,10307,10427,225,1814,1976,743
14,10307,10427,226,1821,1980,755
14,10307,10427,227,1825,1980,765
14,10307,10427,228,1819,1976,784
14,10307,10427,229,1826,1980,796
14,10307,10427,230,1829,1981,810
14,10307,10427,231,1824,1977,827
14,10307,10427,232,1832,1980,835
14,10307,10427,233,1834,1981,856
14,10307,10427,234,1829,1977,869
14,10307,10427,235,1837,1980,884
14,10307,10427,236,1838,1981,896
14,10307,10427,237,1834,1977,910
14,10307,10427,238,1843,1981,926
14,10307,10427,239,1845,1981,940
14,10307,10427,240,1839,1978,954
14,10307,10427,241,1848,1981,967
14,10307,10427,242,1849,1981,983
14,10307,10427,243,1844,1979,994
14,10307,10427,244,1853,1981,1010
14,10307,10427,245,1854,1981,1026
14,10307,10427,246,1849,1978,1038
14,10307,10427,247,1858,1981,1054
14,10307,10427,248,1860,1982,1067
14,10307,10427,249,1855,1979,1080
14,10307,10427,250,1864,1981,1094
14,10307,10427,251,1866,1981,1111
14,10307,10427,252,1861,1980,1120
14,10307,10427,253,1869,1981,1137
14,10307,10427,254,1871,1982,1151
14,10307,10427,255,1866,1980,1168
14,10307,10427,256,1874,1981,1181
14,10307,10427,257,1876,1981,1195
14,10307,10427,258,1871,1980,1209
14,10307,10427,259,1880,1981,1224
14,10307,10427,260,1881,1981,1239
14,10307,10427,261,1878,1981,1252
14,10307,10427,262,1884,1981,1271
14,10307,10427,263,1886,1981,1281
14,10307,10427,264,1883,1981,1294
14,10307,10427,265,1888,1981,1307
14,10307,10427,266,1891,1981,1325
14,10307,10427,267,1887,1982,1323
14,10307,10427,268,1888,1981,1309
14,10307,10427,269,1887,1979,1299
14,10307,10427,270,1883,1981,1278
14,10307,10427,271,1883,1981,1262
14,10307,10427,272,1881,1979,1253
14,10307,10427,273,1877,1981,1237
14,10307,10427,274,1878,1981,1223
14,10307,10427,275,1877,1979,1209
14,10307,10427,276,1874,1981,1198
14,10307,10427,277,1872,1982,1181
14,10307,10427,278,1871,1978,1169
14,10307,10427,279,1868,1981,1151
14,10307,10427,280,1867,1983,1140
14,10307,10427,281,1865,1978,1127
14,10307,10427,282,1863,1981,1112
14,10307,10427,283,1861,1983,1100
14,10307,10427,284,1859,1977,1082
14,10307,10427,285,1858,1981,1068
14,10307,10427,286,1856,1983,1049
14,10307,10427,287,1853,1977,1039
14,10307,10427,288,1853,1981,1025
14,10307,10427,289,1851,1982,1010
14,10307,10427,290,1847,1976,999
14,10307,10427,291,1848,1981,981
14,10307,10427,292,1847,1982,970
14,10307,10427,293,1841,1977,955
14,10307,10427,294,1843,1981,938
14,10307,10427,295,1843,1982,924
14,10307,10427,296,1835,1977,911
14,10307,10427,297,1839,1981,896
14,10307,10427,298,1837,1981,881
14,10307,10427,299,1830,1976,873
14,10307,10427,300,1834,1981,854
14,10307,10427,301,1833,1981,840
14,10307,10427,302,1824,1976,827
14,10307,10427,303,1829,1980,815
14,10307,10427,304,1828,1980,795
14,10307,10427,305,1819,1976,783
14,10307,10427,306,1825,1980,769
14,10307,10427,307,1822,1980,754
14,10307,10427,308,1813,1976,742
14,10307,10427,309,1819,1980,732
14,10307,10427,310,1817,1979,710
14,10307,10427,311,1809,1976,698
14,10307,10427,312,1814,1979,688
14,10307,10427,313,1814,1979,671
14,10307,10427,314,1804,1976,660
14,10307,10427,315,1808,1978,641
14,10307,10427,316,1807,1979,628
14,10307,10427,317,1799,1975,613
14,10307,10427,318,1804,1979,598
14,10307,10427,319,1803,1978,585
14,10307,10427,320,1792,1976,571
14,10307,10427,321,1799,1978,558
14,10307,10427,322,1798,1978,543
14,10307,10427,323,1789,1976,531
14,10307,10427,324,1795,1978,510
14,10307,10427,325,1792,1978,501
14,10307,10427,326,1785,1976,485
14,10307,10427,327,1790,1976,470
14,10307,10427,328,1788,1977,459
14,10307,10427,329,1781,1975,449
14,10307,10427,330,1785,1976,433
14,10307,10427,331,1783,1976,416
14,10307,10427,332,1774,1976,402
14,10307,10427,333,1779,1976,387
14,10307,10427,334,1777,1976,373
14,10307,10427,335,1771,1976,357
14,10307,10427,336,1775,1975,341
14,10307,10427,337,1774,1975,331
14,10307,10427,338,1767,1975,311
14,10307,10427,339,1768,1974,299
14,10307,10427,340,1769,1975,284
14,10307,10427,341,1762,1975,271
14,10307,10427,342,1765,1974,256
14,10307,10427,343,1763,1973,246
14,10307,10427,344,1757,1974,229
14,10307,10427,345,1759,1974,218
14,10307,10427,346,1759,1972,202
14,10307,10427,347,1755,1975,189
14,10307,10427,348,1754,1974,171
14,10307,10427,349,1756,1971,200
14,10307,10427,350,1761,1975,270
14,10307,10427,351,1774,1977,368
14,10307,10427,352,1785,1975,478
14,10307,10427,353,1797,1979,592
14,10307,10427,354,1810,1981,728
14,10307,10427,355,1829,1977,836
15,10481,10602,0,1978,2023,1172
15,10481,10602,1,1877,1980,1266
15,10481,10602,2,1891,1983,1357
15,10481,10602,3,1904,1984,1459
15,10481,10602,4,1921,1980,1578
15,10481,10602,5,1940,1983,1699
15,10481,10602,6,1954,1985,1822
15,10481,10602,7,1967,1980,1949
15,10481,10602,8,1984,1985,2067
15,10481,10602,9,2001,1986,2209
15,10481,10602,10,2018,1981,2311
15,10481,10602,11,2032,1986,2430
15,10481,10602,12,2054,1987,2577
15,10481,10602,13,2068,1981,2702
15,10481,10602,14,2092,1986,2831
15,10481,10602,15,2110,1988,2965
15,10481,10602,16,2124,1983,3125
15,10481,10602,17,2147,1987,3236
15,10481,10602,18,2166,1988,3384
15,10481,10602,19,2180,1983,3486
15,10481,10602,20,2187,1987,3491
15,10481,10602,21,2188,1987,3473
15,10481,10602,22,2180,1983,3480
15,10481,10602,23,2186,1987,3478
15,10481,10602,24,2186,1987,3471
15,10481,10602,25,2176,1982,3459
15,10481,10602,26,2181,1987,3454
15,10481,10602,27,2179,1987,3430
15,10481,10602,28,2172,1982,3414
15,10481,10602,29,2175,1987,3400
15,10481,10602,30,2174,1987,3385
15,10481,10602,31,2165,1983,3370
15,10481,10602,32,2171,1987,3356
15,10481,10602,33,2168,1987,3345
15,10481,10602,34,2159,1982,3325
15,10481,10602,35,2163,1986,3315
15,10481,10602,36,2162,1986,3300
15,10481,10602,37,2153,1982,3284
15,10481,10602,38,2158,1986,3272
15,10481,10602,39,2156,1986,3258
15,10481,10602,40,2148,1983,3242
15,10481,10602,41,2155,1986,3230
15,10481,10602,42,2150,1986,3215
15,10481,10602,43,2141,1983,3201
15,10481,10602,44,2146,1985,3187
15,10481,10602,45,2144,1986,3174
15,10481,10602,46,2135,1983,3159
15,10481,10602,47,2141,1985,3145
15,10481,10602,48,2139,1985,3129
15,10481,10602,49,2130,1984,3117
15,10481,10602,50,2134,1985,3101
15,10481,10602,51,2133,1985,3086
15,10481,10602,52,2125,1984,3073
15,10481,10602,53,2128,1985,3060
15,10481,10602,54,2127,1985,3047
15,10481,10602,55,2118,1985,3032
15,10481,10602,56,2122,1985,3016
15,10481,10602,57,2121,1985,3001
15,10481,10602,58,2113,1985,2989
15,10481,10602,59,2116,1984,2976
15,10481,10602,60,2115,1985,2963
15,10481,10602,61,2107,1984,2948
15,10481,10602,62,2111,1984,2929
15,10481,10602,63,2108,1985,2918
15,10481,10602,64,2101,1985,2900
15,10481,10602,65,2104,1984,2889
15,10481,10602,66,2102,1983,2875
15,10481,10602,67,2096,1985,2857
15,10481,10602,68,2098,1985,2841
15,10481,10602,69,2096,1983,2831
15,10481,10602,70,2091,1985,2818
15,10481,10602,71,2092,1985,2801
15,10481,10602,72,2090,1982,2789
15,10481,10602,73,2086,1985,2775
15,10481,10602,74,2086,1986,2757
15,10481,10602,75,2084,1981,2746
15,10481,10602,76,2080,1985,2732
15,10481,10602,77,2080,1986,2715
15,10481,10602,78,2078,1981,2706
15,10481,10602,79,2076,1985,2689
15,10481,10602,80,2073,1986,2676
15,10481,10602,81,2072,1981,2662
15,10481,10602,82,2070,1985,2647
15,10481,10602,83,2068,1987,2632
15,10481,10602,84,2065,1981,2619
15,10481,10602,85,2064,1985,2605
15,10481,10602,86,2062,1986,2592
15,10481,10602,87,2058,1981,2579
15,10481,10602,88,2059,1985,2566
15,10481,10602,89,2059,1986,2564
15,10481,10602,90,2057,1980,2577
15,10481,10602,91,2063,1985,2590
15,10481,10602,92,2066,1986,2605
15,10481,10602,93,2063,1981,2618
15,10481,10602,94,2070,1985,2634
15,10481,10602,95,2073,1986,2647
15,10481,10602,96,2068,1981,2668
15,10481,10602,97,2075,1985,2677
15,10481,10602,98,2078,1986,2688
15,10481,10602,99,2074,1981,2705
15,10481,10602,100,2082,1985,2717
15,10481,10602,101,2085,1986,2730
15,10481,10602,102,2079,1982,2757
15,10481,10602,103,2087,1986,2763
15,10481,10602,104,2089,1986,2774
15,10481,10602,105,2085,1982,2787
15,10481,10602,106,2093,1986,2802
15,10481,10602,107,2096,1986,2819
15,10481,10602,108,2089,1981,2831
15,10481,10602,109,2100,1986,2847
15,10481,10602,110,2101,1986,2859
15,10481,10602,111,2097,1982,2870
15,10481,10602,112,2105,1985,2890
15,10481,10602,113,2106,1986,2902
15,10481,10602,114,2101,1983,2916
15,10481,10602,115,2111,1985,2928
15,10481,10602,116,2112,1986,2943
15,10481,10602,117,2109,1983,2959
15,10481,10602,118,2117,1985,2976
15,10481,10602,119,2119,1986,2988
15,10481,10602,120,2113,1984,3002
15,10481,10602,121,2123,1985,3012
15,10481,10602,122,2125,1986,3032
15,10481,10602,123,2120,1983,3042
15,10481,10602,124,2128,1985,3057
15,10481,10602,125,2131,1986,3074
15,10481,10602,126,2125,1984,3085
15,10481,10602,127,2135,1985,3101
15,10481,10602,128,2137,1986,3120
15,10481,10602,129,2132,1985,3128
15,10481,10602,130,2141,1985,3143
15,10481,10602,131,2142,1985,3161
15,10481,10602,132,2138,1985,3170
15,10481,10602,133,2144,1985,3183
15,10481,10602,134,2148,1985,3204
15,10481,10602,135,2143,1986,3214
15,10481,10602,136,2152,1985,3229
15,10481,10602,137,2154,1985,3246
15,10481,10602,138,2151,1986,3257
15,10481,10602,139,2154,1985,3270
15,10481,10602,140,2160,1985,3288
15,10481,10602,141,2158,1986,3299
15,10481,10602,142,2163,1986,3313
15,10481,10602,143,2165,1984,3330
15,10481,10602,144,2165,1986,3343
15,10481,10602,145,2169,1986,3356
15,10481,10602,146,2171,1984,3373
15,10481,10602,147,2171,1986,3382
15,10481,10602,148,2174,1987,3398
15,10481,10602,149,2176,1983,3416
15,10481,10602,150,2177,1987,3427
15,10481,10602,151,2180,1988,3443
15,10481,10602,152,2181,1983,3456
15,10481,10602,153,2183,1987,3471
15,10481,10602,154,2185,1988,3476
15,10481,10602,155,2184,1982,3474
15,10481,10602,156,2184,1987,3473
15,10481,10602,157,2185,1989,3489
15,10481,10602,158,2186,1983,3504
15,10481,10602,159,2190,1987,3514
15,10481,10602,160,2190,1988,3520
15,10481,10602,161,2188,1983,3510
15,10481,10602,162,2188,1987,3458
15,10481,10602,163,2176,1987,3374
15,10481,10602,164,2158,1982,3263
15,10481,10602,165,2146,1986,3143
15,10481,10602,166,2130,1986,3034
15,10481,10602,167,2101,1980,2896
15,10481,10602,168,2095,1984,2779
15,10481,10602,169,2078,1986,2692
15,10481,10602,170,2056,1979,2522
15,10481,10602,171,2043,1984,2380
15,10481,10602,172,2025,1984,2266
15,10481,10602,173,1998,1978,2082
15,10481,10602,174,1982,1983,1918
15,10481,10602,175,1962,1983,1788
15,10481,10602,176,1936,1978,1645
15,10481,10602,177,1922,1982,1504
15,10481,10602,178,1913,1983,1426
15,10481,10602,179,1888,1977,1293
15,10481,10602,180,1878,1981,1173
15,10481,10602,181,1865,1981,1051
15,10481,10602,182,1840,1976,916
15,10481,10602,183,1831,1979,761
15,10481,10602,184,1818,1980,663
15,10481,10602,185,1793,1974,515
15,10481,10602,186,1785,1977,396
15,10481,10602,187,1771,1975,248
15,10481,10602,188,1754,1972,217
15,10481,10602,189,1762,1975,230
15,10481,10602,190,1765,1976,242
15,10481,10602,191,1758,1973,260
15,10481,10602,192,1767,1974,272
15,10481,10602,193,1769,1976,289
15,10481,10602,194,1763,1973,302
15,10481,10602,195,1772,1976,314
15,10481,10602,196,1773,1976,330
15,10481,10602,197,1769,1975,340
15,10481,10602,198,1777,1976,357
15,10481,10602,199,1778,1977,372
15,10481,10602,200,1773,1975,386
15,10481,10602,201,1782,1976,401
15,10481,10602,202,1783,1977,414
15,10481,10602,203,1778,1976,429
15,10481,10602,204,1785,1976,444
15,10481,10602,205,1788,1977,460
15,10481,10602,206,1784,1976,470
15,10481,10602,207,1790,1977,484
15,10481,10602,208,1792,1977,502
15,10481,10602,209,1789,1978,511
15,10481,10602,210,1795,1977,526
15,10481,10602,211,1797,1978,540
15,10481,10602,212,1794,1978,555
15,10481,10602,213,1800,1977,571
15,10481,10602,214,1802,1977,586
15,10481,10602,215,1800,1978,598
15,10481,10602,216,1804,1978,617
15,10481,10602,217,1805,1977,629
15,10481,10602,218,1806,1979,636
15,10481,10602,219,1809,1979,658
15,10481,10602,220,1811,1977,669
15,10481,10602,221,1809,1980,687
15,10481,10602,222,1813,1979,698
15,10481,10602,223,1815,1976,712
15,10481,10602,224,1816,1980,725
15,10481,10602,225,1818,1981,741
15,10481,10602,226,1820,1976,754
15,10481,10602,227,1821,1980,770
15,10481,10602,228,1823,1981,783
15,10481,10602,229,1825,1976,799
15,10481,10602,230,1826,1980,813
15,10481,10602,231,1828,1981,825
15,10481,10602,232,1830,1976,845
15,10481,10602,233,1832,1981,853
15,10481,10602,234,1834,1982,869
15,10481,10602,235,1833,1977,882
15,10481,10602,236,1838,1981,898
15,10481,10602,237,1841,1983,913
15,10481,10602,238,1838,1977,927
15,10481,10602,239,1843,1981,939
15,10481,10602,240,1846,1982,955
15,10481,10602,241,1843,1977,970
15,10481,10602,242,1848,1981,982
15,10481,10602,243,1851,1982,996
15,10481,10602,244,1847,1977,1010
15,10481,10602,245,1854,1982,1027
15,10481,10602,246,1856,1982,1040
15,10481,10602,247,1852,1977,1053
15,10481,10602,248,1860,1982,1062
15,10481,10602,249,1862,1982,1081
15,10481,10602,250,1857,1977,1094
15,10481,10602,251,1865,1981,1109
15,10481,10602,252,1868,1982,1125
15,10481,10602,253,1863,1978,1140
15,10481,10602,254,1870,1982,1153
15,10481,10602,255,1872,1982,1167
15,10481,10602,256,1867,1978,1182
15,10481,10602,257,1876,1982,1198
15,10481,10602,258,1878,1982,1210
15,10481,10602,259,1873,1978,1224
15,10481,10602,260,1881,1982,1232
15,10481,10602,261,1883,1982,1254
15,10481,10602,262,1878,1979,1268
15,10481,10602,263,1886,1981,1284
15,10481,10602,264,1889,1982,1296
15,10481,10602,265,1883,1979,1311
15,10481,10602,266,1894,1982,1324
15,10481,10602,267,1893,1982,1323
15,10481,10602,268,1883,1979,1306
15,10481,10602,269,1888,1982,1297
15,10481,10602,270,1887,1982,1281
15,10481,10602,271,1878,1980,1268
15,10481,10602,272,1882,1981,1253
15,10481,10602,273,1882,1982,1239
15,10481,10602,274,1873,1980,1224
15,10481,10602,275,1878,1981,1211
15,10481,10602,276,1876,1982,1198
15,10481,10602,277,1868,1980,1181
15,10481,10602,278,1873,1981,1167
15,10481,10602,279,1870,1981,1156
15,10481,10602,280,1864,1981,1136
15,10481,10602,281,1866,1981,1123
15,10481,10602,282,1865,1981,1114
15,10481,10602,283,1858,1980,1092
15,10481,10602,284,1861,1980,1084
15,10481,10602,285,1860,1980,1069
15,10481,10602,286,1853,1981,1053
15,10481,10602,287,1855,1980,1038
15,10481,10602,288,1853,1980,1027
15,10481,10602,289,1849,1980,1009
15,10481,10602,290,1850,1980,996
15,10481,10602,291,1849,1979,985
15,10481,10602,292,1844,1981,969
15,10481,10602,293,1845,1980,950
15,10481,10602,294,1843,1978,943
15,10481,10602,295,1839,1981,924
15,10481,10602,296,1839,1981,912
15,10481,10602,297,1838,1977,898
15,10481,10602,298,1835,1980,888
15,10481,10602,299,1833,1981,867
15,10481,10602,300,1832,1977,855
15,10481,10602,301,1829,1980,837
15,10481,10602,302,1828,1981,825
15,10481,10602,303,1827,1976,810
15,10481,10602,304,1822,1980,800
15,10481,10602,305,1822,1981,784
15,10481,10602,306,1821,1975,769
15,10481,10602,307,1821,1980,755
15,10481,10602,308,1816,1982,744
15,10481,10602,309,1815,1975,729
15,10481,10602,310,1815,1980,710
15,10481,10602,311,1814,1981,698
15,10481,10602,312,1809,1975,685
15,10481,10602,313,1812,1980,671
15,10481,10602,314,1810,1980,656
15,10481,10602,315,1804,1975,632
15,10481,10602,316,1806,1980,629
15,10481,10602,317,1806,1980,612
15,10481,10602,318,1798,1975,584
15,10481,10602,319,1801,1979,581
15,10481,10602,320,1803,1980,570
15,10481,10602,321,1793,1975,557
15,10481,10602,322,1796,1978,542
15,10481,10602,323,1797,1979,528
15,10481,10602,324,1788,1974,513
15,10481,10602,325,1792,1978,499
15,10481,10602,326,1791,1978,485
15,10481,10602,327,1783,1974,471
15,10481,10602,328,1788,1978,458
15,10481,10602,329,1786,1978,447
15,10481,10602,330,1778,1974,426
15,10481,10602,331,1783,1978,413
15,10481,10602,332,1782,1977,397
15,10481,10602,333,1773,1974,388
15,10481,10602,334,1778,1976,378
15,10481,10602,335,1778,1977,358
15,10481,10602,336,1768,1973,345
15,10481,10602,337,1774,1977,330
15,10481,10602,338,1772,1976,316
15,10481,10602,339,1763,1973,298
15,10481,10602,340,1769,1975,286
15,10481,10602,341,1767,1976,274
15,10481,10602,342,1760,1973,257
15,10481,10602,343,1764,1975,240
15,10481,10602,344,1762,1975,236
15,10481,10602,345,1754,1973,214
15,10481,10602,346,1759,1973,204
15,10481,10602,347,1758,1974,191
15,10481,10602,348,1753,1973,201
15,10481,10602,349,1768,1975,281
15,10481,10602,350,1776,1977,372
15,10481,10602,351,1778,1976,458
15,10481,10602,352,1799,1978,568
15,10481,10602,353,1810,1979,679
15,10481,10602,354,1817,1979,796
15,10481,10602,355,1837,1980,909
16,10655,10776,0,1979,2018,1163
16,10655,10776,1,1876,1984,1246
16,10655,10776,2,1891,1984,1336
16,10655,10776,3,1898,1978,1399
16,10655,10776,4,1910,1983,1496
16,10655,10776,5,1926,1985,1603
16,10655,10776,6,1933,1979,1702
16,10655,10776,7,1952,1984,1828
16,10655,10776,8,1970,1985,1937
16,10655,10776,9,1982,1981,2058
16,10655,10776,10,2006,1985,2207
16,10655,10776,11,2028,1986,2356
16,10655,10776,12,2039,1982,2487
16,10655,10776,13,2061,1986,2629
16,10655,10776,14,2085,1987,2785
16,10655,10776,15,2095,1983,2931
16,10655,10776,16,2122,1987,3071
16,10655,10776,17,2145,1987,3213
16,10655,10776,18,2154,1983,3353
16,10655,10776,19,2181,1987,3476
16,10655,10776,20,2189,1987,3490
16,10655,10776,21,2179,1982,3472
16,10655,10776,22,2186,1986,3474
16,10655,10776,23,2186,1986,3477
16,10655,10776,24,2179,1983,3471
16,10655,10776,25,2185,1987,3456
16,10655,10776,26,2182,1987,3442
16,10655,10776,27,2173,1983,3422
16,10655,10776,28,2178,1986,3414
16,10655,10776,29,2176,1986,3406
16,10655,10776,30,2167,1984,3386
16,10655,10776,31,2171,1985,3373
16,10655,10776,32,2170,1986,3359
16,10655,10776,33,2161,1984,3343
16,10655,10776,34,2165,1985,3326
16,10655,10776,35,2164,1986,3314
16,10655,10776,36,2155,1984,3298
16,10655,10776,37,2158,1985,3286
16,10655,10776,38,2158,1986,3275
16,10655,10776,39,2149,1984,3259
16,10655,10776,40,2154,1985,3241
16,10655,10776,41,2153,1986,3231
16,10655,10776,42,2144,1985,3210
16,10655,10776,43,2148,1985,3200
16,10655,10776,44,2146,1985,3190
16,10655,10776,45,2139,1985,3171
16,10655,10776,46,2142,1985,3160
16,10655,10776,47,2139,1985,3144
16,10655,10776,48,2132,1985,3129
16,10655,10776,49,2136,1984,3115
16,10655,10776,50,2133,1984,3101
16,10655,10776,51,2128,1986,3086
16,10655,10776,52,2129,1984,3072
16,10655,10776,53,2127,1984,3061
16,10655,10776,54,2123,1985,3050
16,10655,10776,55,2124,1985,3030
16,10655,10776,56,2121,1983,3020
16,10655,10776,57,2117,1985,3003
16,10655,10776,58,2116,1986,2988
16,10655,10776,59,2116,1983,2977
16,10655,10776,60,2112,1985,2960
16,10655,10776,61,2112,1986,2934
16,10655,10776,62,2109,1982,2930
16,10655,10776,63,2107,1985,2918
16,10655,10776,64,2105,1986,2904
16,10655,10776,65,2104,1982,2890
16,10655,10776,66,2101,1986,2874
16,10655,10776,67,2099,1987,2860
16,10655,10776,68,2097,1981,2845
16,10655,10776,69,2096,1985,2831
16,10655,10776,70,2092,1987,2814
16,10655,10776,71,2090,1981,2805
16,10655,10776,72,2089,1986,2786
16,10655,10776,73,2088,1987,2773
16,10655,10776,74,2083,1981,2757
16,10655,10776,75,2084,1985,2746
16,10655,10776,76,2082,1986,2728
16,10655,10776,77,2077,1981,2721
16,10655,10776,78,2078,1985,2700
16,10655,10776,79,2077,1987,2688
16,10655,10776,80,2070,1981,2672
16,10655,10776,81,2073,1985,2663
16,10655,10776,82,2072,1986,2647
16,10655,10776,83,2064,1981,2633
16,10655,10776,84,2067,1985,2616
16,10655,10776,85,2066,1985,2605
16,10655,10776,86,2057,1981,2591
16,10655,10776,87,2060,1985,2575
16,10655,10776,88,2060,1985,2562
16,10655,10776,89,2053,1981,2562
16,10655,10776,90,2062,1985,2576
16,10655,10776,91,2065,1986,2590
16,10655,10776,92,2059,1981,2598
16,10655,10776,93,2068,1985,2622
16,10655,10776,94,2070,1985,2631
16,10655,10776,95,2064,1982,2647
16,10655,10776,96,2074,1985,2659
16,10655,10776,97,2076,1985,2663
16,10655,10776,98,2071,1982,2688
16,10655,10776,99,2079,1985,2702
16,10655,10776,100,2082,1985,2717
16,10655,10776,101,2076,1982,2729
16,10655,10776,102,2085,1985,2749
16,10655,10776,103,2087,1985,2763
16,10655,10776,104,2083,1983,2774
16,10655,10776,105,2091,1985,2792
16,10655,10776,106,2094,1986,2805
16,10655,10776,107,2088,1983,2815
16,10655,10776,108,2097,1985,2829
16,10655,10776,109,2100,1985,2845
16,10655,10776,110,2095,1984,2860
16,10655,10776,111,2103,1985,2873
16,10655,10776,112,2105,1985,2890
16,10655,10776,113,2101,1984,2900
16,10655,10776,114,2109,1985,2916
16,10655,10776,115,2111,1985,2930
16,10655,10776,116,2108,1984,2947
16,10655,10776,117,2113,1985,2960
16,10655,10776,118,2117,1985,2973
16,10655,10776,119,2113,1984,2982
16,10655,10776,120,2120,1984,3002
16,10655,10776,121,2124,1985,3020
16,10655,10776,122,2120,1985,3028
16,10655,10776,123,2124,1984,3043
16,10655,10776,124,2128,1985,3061
16,10655,10776,125,2125,1985,3073
16,10655,10776,126,2131,1984,3085
16,10655,10776,127,2134,1984,3102
16,10655,10776,128,2133,1985,3117
16,10655,10776,129,2136,1985,3128
16,10655,10776,130,2138,1984,3141
16,10655,10776,131,2138,1986,3159
16,10655,10776,132,2141,1986,3171
16,10655,10776,133,2145,1983,3189
16,10655,10776,134,2145,1986,3201
16,10655,10776,135,2148,1986,3211
16,10655,10776,136,2151,1983,3226
16,10655,10776,137,2151,1986,3248
16,10655,10776,138,2153,1986,3257
16,10655,10776,139,2156,1983,3272
16,10655,10776,140,2157,1986,3292
16,10655,10776,141,2159,1988,3299
16,10655,10776,142,2162,1982,3318
16,10655,10776,143,2164,1986,3329
16,10655,10776,144,2165,1988,3341
16,10655,10776,145,2168,1982,3358
16,10655,10776,146,2170,1986,3367
16,10655,10776,147,2171,1988,3385
16,10655,10776,148,2171,1982,3400
16,10655,10776,149,2176,1987,3415
16,10655,10776,150,2178,1988,3432
16,10655,10776,151,2177,1982,3440
16,10655,10776,152,2182,1986,3456
16,10655,10776,153,2184,1988,3473
16,10655,10776,154,2182,1982,3478
16,10655,10776,155,2186,1987,3474
16,10655,10776,156,2186,1988,3472
16,10655,10776,157,2183,1983,3492
16,10655,10776,158,2189,1987,3505
16,10655,10776,159,2192,1987,3513
16,10655,10776,160,2187,1983,3522
16,10655,10776,161,2192,1987,3514
16,10655,10776,162,2185,1987,3458
16,10655,10776,163,2167,1982,3363
16,10655,10776,164,2157,1985,3253
16,10655,10776,165,2146,1986,3139
16,10655,10776,166,2122,1981,3006
16,10655,10776,167,2113,1985,2889
16,10655,10776,168,2095,1985,2766
16,10655,10776,169,2069,1980,2644
16,10655,10776,170,2060,1983,2504
16,10655,10776,171,2042,1984,2374
16,10655,10776,172,2014,1979,2226
16,10655,10776,173,2005,1982,2090
16,10655,10776,174,1987,1983,1972
16,10655,10776,175,1958,1980,1851
16,10655,10776,176,1949,1981,1722
16,10655,10776,177,1936,1982,1595
16,10655,10776,178,1917,1979,1541
16,10655,10776,179,1909,1981,1405
16,10655,10776,180,1889,1981,1270
16,10655,10776,181,1869,1978,1140
16,10655,10776,182,1859,1979,1007
16,10655,10776,183,1842,1980,868
16,10655,10776,184,1821,1977,736
16,10655,10776,185,1807,1977,576
16,10655,10776,186,1793,1977,433
16,10655,10776,187,1771,1974,284
16,10655,10776,188,1759,1974,217
16,10655,10776,189,1763,1975,234
16,10655,10776,190,1758,1974,245
16,10655,10776,191,1765,1975,261
16,10655,10776,192,1767,1975,279
16,10655,10776,193,1762,1975,284
16,10655,10776,194,1770,1975,299
16,10655,10776,195,1772,1976,316
16,10655,10776,196,1769,1976,331
16,10655,10776,197,1774,1976,344
16,10655,10776,198,1777,1976,356
16,10655,10776,199,1773,1976,370
16,10655,10776,200,1778,1976,385
16,10655,10776,201,1781,1976,402
16,10655,10776,202,1779,1977,413
16,10655,10776,203,1783,1977,427
16,10655,10776,204,1785,1975,435
16,10655,10776,205,1784,1977,456
16,10655,10776,206,1787,1978,470
16,10655,10776,207,1790,1975,483
16,10655,10776,208,1789,1978,500
16,10655,10776,209,1792,1979,514
16,10655,10776,210,1795,1975,530
16,10655,10776,211,1795,1978,543
16,10655,10776,212,1796,1979,555
16,10655,10776,213,1800,1975,566
16,10655,10776,214,1800,1979,585
16,10655,10776,215,1802,1980,598
16,10655,10776,216,1803,1975,615
16,10655,10776,217,1805,1979,626
16,10655,10776,218,1806,1980,640
16,10655,10776,219,1808,1975,656
16,10655,10776,220,1811,1979,670
16,10655,10776,221,1812,1981,690
16,10655,10776,222,1812,1975,700
16,10655,10776,223,1816,1979,716
16,10655,10776,224,1818,1981,724
16,10655,10776,225,1814,1976,741
16,10655,10776,226,1821,1980,752
16,10655,10776,227,1823,1981,769
16,10655,10776,228,1820,1976,783
16,10655,10776,229,1826,1980,797
16,10655,10776,230,1828,1981,813
16,10655,10776,231,1825,1976,824
16,10655,10776,232,1831,1981,833
16,10655,10776,233,1834,1981,852
16,10655,10776,234,1830,1977,874
16,10655,10776,235,1837,1981,883
16,10655,10776,236,1839,1982,901
16,10655,10776,237,1835,1977,910
16,10655,10776,238,1840,1981,924
16,10655,10776,239,1844,1982,940
16,10655,10776,240,1839,1977,957
16,10655,10776,241,1846,1981,968
16,10655,10776,242,1850,1981,983
16,10655,10776,243,1845,1977,999
16,10655,10776,244,1853,1981,1019
16,10655,10776,245,1854,1981,1024
16,10655,10776,246,1849,1978,1038
16,10655,10776,247,1859,1981,1053
16,10655,10776,248,1860,1982,1067
16,10655,10776,249,1854,1978,1080
16,10655,10776,250,1865,1982,1092
16,10655,10776,251,1866,1981,1110
16,10655,10776,252,1860,1979,1126
16,10655,10776,253,1869,1981,1138
16,10655,10776,254,1871,1982,1153
16,10655,10776,255,1866,1979,1166
16,10655,10776,256,1874,1981,1181
16,10655,10776,257,1877,1981,1195
16,10655,10776,258,1871,1980,1208
16,10655,10776,259,1880,1980,1224
16,10655,10776,260,1881,1982,1240
16,10655,10776,261,1877,1980,1251
16,10655,10776,262,1885,1981,1261
16,10655,10776,263,1887,1982,1283
16,10655,10776,264,1882,1980,1297
16,10655,10776,265,1890,1981,1310
16,10655,10776,266,1892,1982,1325
16,10655,10776,267,1886,1981,1323
16,10655,10776,268,1890,1981,1309
16,10655,10776,269,1889,1981,1293
16,10655,10776,270,1881,1981,1279
16,10655,10776,271,1883,1981,1268
16,10655,10776,272,1883,1981,1253
16,10655,10776,273,1876,1981,1239
16,10655,10776,274,1878,1980,1223
16,10655,10776,275,1877,1980,1212
16,10655,10776,276,1872,1981,1189
16,10655,10776,277,1874,1981,1210
16,10655,10776,278,1872,1979,1166
16,10655,10776,279,1867,1981,1154
16,10655,10776,280,1866,1980,1135
16,10655,10776,281,1866,1979,1125
16,10655,10776,282,1862,1980,1107
16,10655,10776,283,1861,1981,1091
16,10655,10776,284,1860,1978,1080
16,10655,10776,285,1856,1981,1066
16,10655,10776,286,1855,1982,1055
16,10655,10776,287,1855,1977,1038
16,10655,10776,288,1852,1981,1020
16,10655,10776,289,1851,1982,1014
16,10655,10776,290,1849,1977,999
16,10655,10776,291,1847,1981,981
16,10655,10776,292,1845,1982,972
16,10655,10776,293,1846,1977,955
16,10655,10776,294,1843,1981,940
16,10655,10776,295,1840,1983,921
16,10655,10776,296,1838,1977,913
16,10655,10776,297,1838,1981,898
16,10655,10776,298,1836,1982,887
16,10655,10776,299,1831,1976,871
16,10655,10776,300,1833,1980,856
16,10655,10776,301,1831,1982,840
16,10655,10776,302,1826,1977,828
16,10655,10776,303,1828,1981,814
16,10655,10776,304,1826,1981,795
16,10655,10776,305,1820,1976,785
16,10655,10776,306,1822,1980,769
16,10655,10776,307,1823,1981,754
16,10655,10776,308,1815,1976,741
16,10655,10776,309,1818,1980,727
16,10655,10776,310,1818,1980,715
16,10655,10776,311,1809,1975,697
16,10655,10776,312,1814,1980,685
16,10655,10776,313,1813,1980,670
16,10655,10776,314,1803,1975,658
16,10655,10776,315,1809,1979,644
16,10655,10776,316,1808,1980,627
16,10655,10776,317,1799,1975,613
16,10655,10776,318,1804,1978,599
16,10655,10776,319,1803,1979,576
16,10655,10776,320,1794,1975,571
16,10655,10776,321,1800,1978,558
16,10655,10776,322,1797,1978,543
16,10655,10776,323,1789,1975,528
16,10655,10776,324,1794,1977,515
16,10655,10776,325,1793,1978,500
16,10655,10776,326,1784,1975,488
16,10655,10776,327,1789,1977,470
16,10655,10776,328,1788,1977,460
16,10655,10776,329,1778,1975,443
16,10655,10776,330,1785,1977,429
16,10655,10776,331,1783,1977,414
16,10655,10776,332,1775,1974,400
16,10655,10776,333,1779,1976,388
16,10655,10776,334,1778,1976,370
16,10655,10776,335,1770,1975,358
16,10655,10776,336,1775,1976,343
16,10655,10776,337,1774,1976,330
16,10655,10776,338,1765,1974,313
16,10655,10776,339,1770,1975,299
16,10655,10776,340,1769,1975,287
16,10655,10776,341,1762,1974,273
16,10655,10776,342,1764,1974,258
16,10655,10776,343,1763,1974,244
16,10655,10776,344,1756,1974,228
16,10655,10776,345,1760,1974,213
16,10655,10776,346,1758,1974,202
16,10655,10776,347,1753,1973,186
16,10655,10776,348,1755,1972,173
16,10655,10776,349,1758,1973,193
16,10655,10776,350,1760,1975,258
16,10655,10776,351,1775,1975,371
16,10655,10776,352,1786,1976,463
16,10655,10776,353,1794,1978,573
16,10655,10776,354,1811,1979,711
16,10655,10776,355,1827,1979,843
17,10840,10961,0,1986,2025,1152
17,10840,10961,1,1870,1983,1194
17,10840,10961,2,1886,1983,1268
17,10840,10961,3,1890,1978,1361
17,10840,10961,4,1906,1984,1473
17,10840,10961,5,1921,1984,1586
17,10840,10961,6,1931,1980,1680
17,10840,10961,7,1952,1984,1820
17,10840,10961,8,1971,1985,1949
17,10840,10961,9,1982,1981,2093
17,10840,10961,10,2009,1985,2242
17,10840,10961,11,2030,1986,2375
17,10840,10961,12,2043,1982,2514
17,10840,10961,13,2066,1986,2663
17,10840,10961,14,2087,1986,2793
17,10840,10961,15,2099,1982,2937
17,10840,10961,16,2127,1987,3082
17,10840,10961,17,2145,1987,3226
17,10840,10961,18,2161,1983,3362
17,10840,10961,19,2183,1987,3482
17,10840,10961,20,2189,1986,3488
17,10840,10961,21,2179,1982,3473
17,10840,10961,22,2187,1986,3473
17,10840,10961,23,2187,1987,3477
17,10840,10961,24,2178,1983,3470
17,10840,10961,25,2185,1987,3456
17,10840,10961,26,2182,1986,3441
17,10840,10961,27,2172,1984,3425
17,10840,10961,28,2178,1986,3414
17,10840,10961,29,2176,1986,3400
17,10840,10961,30,2167,1984,3386
17,10840,10961,31,2172,1986,3371
17,10840,10961,32,2170,1986,3356
17,10840,10961,33,2163,1985,3343
17,10840,10961,34,2165,1985,3328
17,10840,10961,35,2163,1985,3314
17,10840,10961,36,2156,1984,3300
17,10840,10961,37,2160,1985,3285
17,10840,10961,38,2157,1985,3272
17,10840,10961,39,2150,1985,3255
17,10840,10961,40,2153,1985,3244
17,10840,10961,41,2151,1985,3226
17,10840,10961,42,2143,1985,3213
17,10840,10961,43,2147,1985,3199
17,10840,10961,44,2145,1985,3187
17,10840,10961,45,2140,1985,3166
17,10840,10961,46,2141,1985,3156
17,10840,10961,47,2140,1985,3145
17,10840,10961,48,2133,1985,3129
17,10840,10961,49,2135,1985,3117
17,10840,10961,50,2133,1984,3103
17,10840,10961,51,2128,1985,3085
17,10840,10961,52,2130,1985,3072
17,10840,10961,53,2128,1983,3060
17,10840,10961,54,2123,1985,3044
17,10840,10961,55,2123,1986,3027
17,10840,10961,56,2122,1983,3016
17,10840,10961,57,2117,1985,3003
17,10840,10961,58,2118,1986,2984
17,10840,10961,59,2114,1982,2970
17,10840,10961,60,2112,1985,2950
17,10840,10961,61,2111,1987,2943
17,10840,10961,62,2109,1981,2932
17,10840,10961,63,2106,1986,2914
17,10840,10961,64,2104,1987,2901
17,10840,10961,65,2104,1981,2892
17,10840,10961,66,2102,1985,2874
17,10840,10961,67,2100,1987,2857
17,10840,10961,68,2096,1981,2848
17,10840,10961,69,2096,1985,2833
17,10840,10961,70,2093,1987,2817
17,10840,10961,71,2088,1981,2804
17,10840,10961,72,2090,1985,2789
17,10840,10961,73,2087,1986,2773
17,10840,10961,74,2082,1981,2760
17,10840,10961,75,2085,1985,2745
17,10840,10961,76,2083,1986,2734
17,10840,10961,77,2076,1980,2719
17,10840,10961,78,2079,1985,2705
17,10840,10961,79,2078,1986,2691
17,10840,10961,80,2070,1981,2676
17,10840,10961,81,2072,1985,2661
17,10840,10961,82,2072,1985,2647
17,10840,10961,83,2064,1981,2631
17,10840,10961,84,2068,1985,2619
17,10840,10961,85,2067,1985,2606
17,10840,10961,86,2058,1981,2593
17,10840,10961,87,2062,1985,2574
17,10840,10961,88,2060,1985,2564
17,10840,10961,89,2052,1981,2562
17,10840,10961,90,2061,1985,2577
17,10840,10961,91,2063,1985,2594
17,10840,10961,92,2059,1981,2601
17,10840,10961,93,2068,1985,2618
17,10840,10961,94,2070,1985,2630
17,10840,10961,95,2065,1982,2646
17,10840,10961,96,2073,1985,2658
17,10840,10961,97,2076,1985,2676
17,10840,10961,98,2071,1982,2689
17,10840,10961,99,2080,1985,2703
17,10840,10961,100,2081,1985,2716
17,10840,10961,101,2076,1982,2734
17,10840,10961,102,2086,1985,2744
17,10840,10961,103,2087,1985,2758
17,10840,10961,104,2082,1983,2776
17,10840,10961,105,2092,1985,2791
17,10840,10961,106,2093,1985,2802
17,10840,10961,107,2089,1983,2815
17,10840,10961,108,2097,1984,2830
17,10840,10961,109,2099,1985,2842
17,10840,10961,110,2094,1983,2856
17,10840,10961,111,2103,1984,2872
17,10840,10961,112,2105,1985,2889
17,10840,10961,113,2101,1984,2904
17,10840,10961,114,2109,1984,2924
17,10840,10961,115,2111,1985,2928
17,10840,10961,116,2105,1984,2943
17,10840,10961,117,2113,1985,2962
17,10840,10961,118,2116,1985,2971
17,10840,10961,119,2110,1985,2986
17,10840,10961,120,2120,1984,2999
17,10840,10961,121,2122,1984,3019
17,10840,10961,122,2120,1985,3030
17,10840,10961,123,2125,1984,3041
17,10840,10961,124,2127,1984,3060
17,10840,10961,125,2126,1985,3070
17,10840,10961,126,2131,1985,3086
17,10840,10961,127,2133,1983,3097
17,10840,10961,128,2132,1985,3119
17,10840,10961,129,2136,1985,3127
17,10840,10961,130,2139,1983,3144
17,10840,10961,131,2138,1986,3156
17,10840,10961,132,2142,1986,3171
17,10840,10961,133,2144,1983,3187
17,10840,10961,134,2144,1986,3204
17,10840,10961,135,2148,1987,3213
17,10840,10961,136,2150,1982,3232
17,10840,10961,137,2151,1986,3240
17,10840,10961,138,2154,1987,3258
17,10840,10961,139,2156,1982,3270
17,10840,10961,140,2158,1986,3284
17,10840,10961,141,2157,1988,3297
17,10840,10961,142,2161,1982,3321
17,10840,10961,143,2164,1986,3325
17,10840,10961,144,2167,1988,3343
17,10840,10961,145,2165,1982,3358
17,10840,10961,146,2170,1987,3372
17,10840,10961,147,2172,1987,3384
17,10840,10961,148,2171,1982,3400
17,10840,10961,149,2176,1987,3414
17,10840,10961,150,2179,1988,3428
17,10840,10961,151,2176,1982,3447
17,10840,10961,152,2183,1987,3459
17,10840,10961,153,2186,1988,3470
17,10840,10961,154,2181,1982,3476
17,10840,10961,155,2186,1986,3473
17,10840,10961,156,2187,1987,3473
17,10840,10961,157,2183,1982,3495
17,10840,10961,158,2190,1987,3511
17,10840,10961,159,2192,1987,3513
17,10840,10961,160,2185,1983,3524
17,10840,10961,161,2193,1987,3514
17,10840,10961,162,2190,1986,3463
17,10840,10961,163,2168,1982,3367
17,10840,10961,164,2161,1985,3247
17,10840,10961,165,2148,1986,3142
17,10840,10961,166,2121,1980,3005
17,10840,10961,167,2112,1985,2892
17,10840,10961,168,2094,1984,2728
17,10840,10961,169,2070,1981,2632
17,10840,10961,170,2058,1983,2518
17,10840,10961,171,2044,1984,2406
17,10840,10961,172,2020,1980,2277
17,10840,10961,173,2010,1983,2154
17,10840,10961,174,1987,1983,2012
17,10840,10961,175,1964,1980,1866
17,10840,10961,176,1954,1981,1747
17,10840,10961,177,1938,1981,1606
17,10840,10961,178,1919,1979,1530
17,10840,10961,179,1911,1980,1398
17,10840,10961,180,1892,1980,1264
17,10840,10961,181,1866,1978,1127
17,10840,10961,182,1856,1979,964
17,10840,10961,183,1838,1979,839
17,10840,10961,184,1812,1977,695
17,10840,10961,185,1804,1977,562
17,10840,10961,186,1790,1976,424
17,10840,10961,187,1768,1974,270
17,10840,10961,188,1759,1973,217
17,10840,10961,189,1762,1974,235
17,10840,10961,190,1758,1974,244
17,10840,10961,191,1766,1974,256
17,10840,10961,192,1767,1974,275
17,10840,10961,193,1764,1975,286
17,10840,10961,194,1769,1975,296
17,10840,10961,195,1771,1975,316
17,10840,10961,196,1769,1976,332
17,10840,10961,197,1774,1975,344
17,10840,10961,198,1776,1975,356
17,10840,10961,199,1774,1976,370
17,10840,10961,200,1779,1976,386
17,10840,10961,201,1780,1975,401
17,10840,10961,202,1780,1976,412
17,10840,10961,203,1783,1977,432
17,10840,10961,204,1785,1975,446
17,10840,10961,205,1785,1978,457
17,10840,10961,206,1786,1978,469
17,10840,10961,207,1790,1975,485
17,10840,10961,208,1790,1978,499
17,10840,10961,209,1791,1979,513
17,10840,10961,210,1794,1974,529
17,10840,10961,211,1795,1978,545
17,10840,10961,212,1797,1979,556
17,10840,10961,213,1799,1974,570
17,10840,10961,214,1800,1979,584
17,10840,10961,215,1802,1980,598
17,10840,10961,216,1803,1975,613
17,10840,10961,217,1805,1979,626
17,10840,10961,218,1807,1981,645
17,10840,10961,219,1809,1975,657
17,10840,10961,220,1811,1980,671
17,10840,10961,221,1811,1981,682
17,10840,10961,222,1811,1975,703
17,10840,10961,223,1816,1979,716
17,10840,10961,224,1818,1981,730
17,10840,10961,225,1814,1975,738
17,10840,10961,226,1822,1980,760
17,10840,10961,227,1824,1981,769
17,10840,10961,228,1819,1975,783
17,10840,10961,229,1827,1980,796
17,10840,10961,230,1829,1981,810
17,10840,10961,231,1824,1976,826
17,10840,10961,232,1832,1980,840
17,10840,10961,233,1834,1981,853
17,10840,10961,234,1829,1977,869
17,10840,10961,235,1837,1981,883
17,10840,10961,236,1839,1981,900
17,10840,10961,237,1835,1977,911
17,10840,10961,238,1842,1981,929
17,10840,10961,239,1845,1981,939
17,10840,10961,240,1839,1977,953
17,10840,10961,241,1848,1981,965
17,10840,10961,242,1851,1981,984
17,10840,10961,243,1844,1978,994
17,10840,10961,244,1852,1981,1013
17,10840,10961,245,1855,1982,1028
17,10840,10961,246,1849,1978,1038
17,10840,10961,247,1859,1981,1054
17,10840,10961,248,1862,1982,1068
17,10840,10961,249,1855,1978,1076
17,10840,10961,250,1864,1981,1094
17,10840,10961,251,1865,1982,1107
17,10840,10961,252,1860,1979,1124
17,10840,10961,253,1869,1981,1136
17,10840,10961,254,1870,1982,1157
17,10840,10961,255,1866,1980,1163
17,10840,10961,256,1874,1981,1181
17,10840,10961,257,1876,1982,1196
17,10840,10961,258,1871,1980,1207
17,10840,10961,259,1879,1980,1225
17,10840,10961,260,1881,1981,1238
17,10840,10961,261,1877,1980,1250
17,10840,10961,262,1885,1981,1268
17,10840,10961,263,1886,1981,1283
17,10840,10961,264,1883,1981,1302
17,10840,10961,265,1890,1981,1314
17,10840,10961,266,1892,1981,1323
17,10840,10961,267,1887,1981,1322
17,10840,10961,268,1888,1981,1309
17,10840,10961,269,1888,1981,1295
17,10840,10961,270,1882,1981,1274
17,10840,10961,271,1883,1980,1262
17,10840,10961,272,1882,1980,1253
17,10840,10961,273,1877,1981,1238
17,10840,10961,274,1878,1981,1226
17,10840,10961,275,1876,1980,1210
17,10840,10961,276,1871,1981,1198
17,10840,10961,277,1872,1981,1177
17,10840,10961,278,1871,1979,1168
17,10840,10961,279,1868,1981,1151
17,10840,10961,280,1867,1982,1134
17,10840,10961,281,1866,1978,1124
17,10840,10961,282,1863,1981,1112
17,10840,10961,283,1862,1982,1096
17,10840,10961,284,1860,1977,1082
17,10840,10961,285,1858,1981,1065
17,10840,10961,286,1856,1982,1046
17,10840,10961,287,1854,1977,1039
17,10840,10961,288,1852,1981,1026
17,10840,10961,289,1851,1982,1007
17,10840,10961,290,1848,1977,996
17,10840,10961,291,1848,1981,981
17,10840,10961,292,1846,1982,965
17,10840,10961,293,1842,1977,955
17,10840,10961,294,1843,1981,942
17,10840,10961,295,1842,1982,925
17,10840,10961,296,1837,1977,911
17,10840,10961,297,1838,1981,896
17,10840,10961,298,1836,1982,883
17,10840,10961,299,1830,1976,868
17,10840,10961,300,1833,1981,858
17,10840,10961,301,1832,1981,840
17,10840,10961,302,1825,1976,830
17,10840,10961,303,1827,1981,812
17,10840,10961,304,1828,1981,797
17,10840,10961,305,1818,1976,784
17,10840,10961,306,1823,1980,770
17,10840,10961,307,1822,1980,755
17,10840,10961,308,1814,1976,740
17,10840,10961,309,1818,1980,731
17,10840,10961,310,1817,1980,712
17,10840,10961,311,1808,1975,693
17,10840,10961,312,1814,1979,685
17,10840,10961,313,1813,1980,670
17,10840,10961,314,1805,1976,656
17,10840,10961,315,1811,1979,645
17,10840,10961,316,1808,1980,630
17,10840,10961,317,1798,1975,614
17,10840,10961,318,1804,1979,599
17,10840,10961,319,1803,1978,583
17,10840,10961,320,1794,1975,569
17,10840,10961,321,1799,1979,560
17,10840,10961,322,1797,1978,544
17,10840,10961,323,1789,1975,527
17,10840,10961,324,1793,1978,514
17,10840,10961,325,1793,1978,501
17,10840,10961,326,1784,1975,482
17,10840,10961,327,1789,1977,473
17,10840,10961,328,1787,1977,459
17,10840,10961,329,1780,1975,444
17,10840,10961,330,1784,1977,434
17,10840,10961,331,1783,1977,412
17,10840,10961,332,1776,1975,402
17,10840,10961,333,1780,1977,390
17,10840,10961,334,1778,1976,374
17,10840,10961,335,1770,1975,361
17,10840,10961,336,1775,1975,335
17,10840,10961,337,1773,1975,330
17,10840,10961,338,1766,1975,313
17,10840,10961,339,1770,1975,300
17,10840,10961,340,1768,1975,280
17,10840,10961,341,1762,1975,273
17,10840,10961,342,1764,1974,256
17,10840,10961,343,1763,1974,243
17,10840,10961,344,1757,1974,229
17,10840,10961,345,1761,1974,216
17,10840,10961,346,1759,1973,204
17,10840,10961,347,1752,1974,183
17,10840,10961,348,1755,1973,172
17,10840,10961,349,1756,1972,196
17,10840,10961,350,1760,1976,266
17,10840,10961,351,1775,1977,385
17,10840,10961,352,1789,1975,474
17,10840,10961,353,1797,1979,596
17,10840,10961,354,1815,1981,735
17,10840,10961,355,1828,1978,860
18,11015,11136,0,1978,2021,1894
18,11015,11136,1,1986,1992,1989
18,11015,11136,2,1986,1981,1379
18,11015,11136,3,1901,1979,1923
18,11015,11136,4,1990,1986,1573
18,11015,11136,5,1934,1981,1682
18,11015,11136,6,1942,1982,1811
18,11015,11136,7,1969,1986,1937
18,11015,11136,8,1982,1982,2029
18,11015,11136,9,1993,1982,2142
18,11015,11136,10,1993,1985,1995
18,11015,11136,11,1986,1983,2407
18,11015,11136,12,2047,1984,2206
18,11015,11136,13,1989,1983,1994
18,11015,11136,14,1992,1985,2817
18,11015,11136,15,2101,1985,2950
18,11015,11136,16,2128,1989,3095
18,11015,11136,17,2144,1982,3233
18,11015,11136,18,2162,1986,3377
18,11015,11136,19,2185,1990,2156
18,11015,11136,20,1982,1966,1984
18,11015,11136,21,1983,1982,1988
18,11015,11136,22,1988,1988,1990
18,11015,11136,23,1983,1978,1982
18,11015,11136,24,2188,2000,3466
18,11015,11136,25,2182,1988,3457
18,11015,11136,26,2177,1982,3445
18,11015,11136,27,2177,1986,3429
18,11015,11136,28,2181,1989,2145
18,11015,11136,29,1977,1965,1985
18,11015,11136,30,1989,1985,1989
18,11015,11136,31,1988,1985,1989
18,11015,11136,32,1981,1978,1982
18,11015,11136,33,1985,1984,3249
18,11015,11136,34,2170,1997,3329
18,11015,11136,35,2159,1986,3315
18,11015,11136,36,2160,1985,3302
18,11015,11136,37,2158,1985,3287
18,11015,11136,38,2155,1984,3273
18,11015,11136,39,2154,1983,2107
18,11015,11136,40,1983,1973,1989
18,11015,11136,41,1988,1982,1986
18,11015,11136,42,1986,1984,1995
18,11015,11136,43,2151,1996,3200
18,11015,11136,44,2142,1985,3187
18,11015,11136,45,2142,1985,3171
18,11015,11136,46,2139,1984,3157
18,11015,11136,47,2139,1985,3143
18,11015,11136,48,2136,1985,3126
18,11015,11136,49,2134,1985,3116
18,11015,11136,50,2133,1985,3100
18,11015,11136,51,2130,1985,3087
18,11015,11136,52,2128,1983,2092
18,11015,11136,53,1984,1974,1989
18,11015,11136,54,1986,1982,1987
18,11015,11136,55,1985,1983,1985
18,11015,11136,56,1986,1983,2174
18,11015,11136,57,2122,1993,2998
18,11015,11136,58,2115,1985,2986
18,11015,11136,59,2115,1985,2974
18,11015,11136,60,2112,1985,2966
18,11015,11136,61,2110,1984,2944
18,11015,11136,62,2108,1984,2930
18,11015,11136,63,2107,1985,2914
18,11015,11136,64,2105,1984,2902
18,11015,11136,65,2103,1984,2887
18,11015,11136,66,2102,1984,2074
18,11015,11136,67,1984,1976,1988
18,11015,11136,68,1986,1982,2520
18,11015,11136,69,2096,1991,2828
18,11015,11136,70,2091,1984,2816
18,11015,11136,71,2092,1985,2801
18,11015,11136,72,2088,1984,2788
18,11015,11136,73,2087,1984,2776
18,11015,11136,74,2086,1984,2758
18,11015,11136,75,2083,1984,2746
18,11015,11136,76,2081,1984,2733
18,11015,11136,77,2079,1984,2719
18,11015,11136,78,2075,1984,2554
18,11015,11136,79,2000,1978,1999
18,11015,11136,80,2075,1989,2672
18,11015,11136,81,2071,1983,2661
18,11015,11136,82,2069,1984,2648
18,11015,11136,83,2067,1984,2632
18,11015,11136,84,2066,1984,2620
18,11015,11136,85,2064,1984,2606
18,11015,11136,86,2062,1984,2588
18,11015,11136,87,2059,1983,2578
18,11015,11136,88,2057,1983,2562
18,11015,11136,89,2057,1983,2563
18,11015,11136,90,2059,1984,2575
18,11015,11136,91,2062,1984,2588
18,11015,11136,92,2064,1984,2602
18,11015,11136,93,2065,1984,2620
18,11015,11136,94,2068,1984,2618
18,11015,11136,95,2069,1984,2647
18,11015,11136,96,2071,1985,2664
18,11015,11136,97,2074,1984,2677
18,11015,11136,98,2076,1984,2689
18,11015,11136,99,2076,1984,2702
18,11015,11136,100,2079,1985,2711
18,11015,11136,101,2080,1984,2730
18,11015,11136,102,2084,1984,2744
18,11015,11136,103,2086,1984,2759
18,11015,11136,104,2086,1984,2776
18,11015,11136,105,2089,1984,2788
18,11015,11136,106,2090,1984,2803
18,11015,11136,107,2092,1984,2819
18,11015,11136,108,2096,1984,2831
18,11015,11136,109,2096,1984,2848
18,11015,11136,110,2099,1985,2859
18,11015,11136,111,2100,1984,2879
18,11015,11136,112,2103,1984,2889
18,11015,11136,113,2105,1984,2901
18,11015,11136,114,2107,1985,2916
18,11015,11136,115,2108,1985,2932
18,11015,11136,116,2111,1984,2946
18,11015,11136,117,2113,1985,2958
18,11015,11136,118,2115,1985,2972
18,11015,11136,119,2117,1985,2987
18,11015,11136,120,2118,1985,3004
18,11015,11136,121,2120,1985,3005
18,11015,11136,122,2123,1985,3028
18,11015,11136,123,2123,1984,3045
18,11015,11136,124,2127,1985,3066
18,11015,11136,125,2129,1984,3074
18,11015,11136,126,2130,1985,3087
18,11015,11136,127,2131,1984,3098
18,11015,11136,128,2134,1985,3117
18,11015,11136,129,2137,1985,3131
18,11015,11136,130,2138,1985,3143
18,11015,11136,131,2140,1985,3157
18,11015,11136,132,2142,1985,3173
18,11015,11136,133,2144,1985,3187
18,11015,11136,134,2146,1985,3200
18,11015,11136,135,2147,1985,3215
18,11015,11136,136,2150,1985,3227
18,11015,11136,137,2151,1985,3245
18,11015,11136,138,2153,1986,3259
18,11015,11136,139,2155,1985,3272
18,11015,11136,140,2158,1985,3284
18,11015,11136,141,2160,1985,3302
18,11015,11136,142,2161,1985,3316
18,11015,11136,143,2163,1986,3330
18,11015,11136,144,2165,1985,3341
18,11015,11136,145,2168,1985,3356
18,11015,11136,146,2170,1985,3370
18,11015,11136,147,2172,1986,3383
18,11015,11136,148,2174,1986,3388
18,11015,11136,149,2175,1986,3412
18,11015,11136,150,2177,1986,3423
18,11015,11136,151,2179,1985,3444
18,11015,11136,152,2184,1985,3457
18,11015,11136,153,2184,1985,3469
18,11015,11136,154,2184,1985,3476
18,11015,11136,155,2184,1985,3473
18,11015,11136,156,2184,1985,3473
18,11015,11136,157,2187,1985,3489
18,11015,11136,158,2188,1986,3507
18,11015,11136,159,2189,1986,3513
18,11015,11136,160,2190,1985,3522
18,11015,11136,161,2190,1985,3517
18,11015,11136,162,2183,1985,3443
18,11015,11136,163,2173,1984,3357
18,11015,11136,164,2158,1984,3241
18,11015,11136,165,2145,1984,3147
18,11015,11136,166,2127,1984,3030
18,11015,11136,167,2109,1984,2912
18,11015,11136,168,2095,1983,2770
18,11015,11136,169,2075,1982,2648
18,11015,11136,170,2056,1982,2493
18,11015,11136,171,2036,1982,2349
18,11015,11136,172,2017,1982,2219
18,11015,11136,173,1997,1981,2063
18,11015,11136,174,1977,1981,1883
18,11015,11136,175,1958,1981,1766
18,11015,11136,176,1938,1981,1639
18,11015,11136,177,1920,1981,1503
18,11015,11136,178,1909,1981,1433
18,11015,11136,179,1895,1980,1304
18,11015,11136,180,1879,1980,1195
18,11015,11136,181,1865,1979,1063
18,11015,11136,182,1846,1978,939
18,11015,11136,183,1832,1978,811
18,11015,11136,184,1816,1978,674
18,11015,11136,185,1798,1977,532
18,11015,11136,186,1786,1976,404
18,11015,11136,187,1768,1974,258
18,11015,11136,188,1758,1973,215
18,11015,11136,189,1761,1974,223
18,11015,11136,190,1761,1974,244
18,11015,11136,191,1764,1975,259
18,11015,11136,192,1766,1975,271
18,11015,11136,193,1767,1974,285
18,11015,11136,194,1768,1975,301
18,11015,11136,195,1771,1975,316
18,11015,11136,196,1771,1976,328
18,11015,11136,197,1773,1975,344
18,11015,11136,198,1773,1976,360
18,11015,11136,199,1777,1976,375
18,11015,11136,200,1777,1976,386
18,11015,11136,201,1779,1976,400
18,11015,11136,202,1781,1976,416
18,11015,11136,203,1783,1976,434
18,11015,11136,204,1785,1976,445
18,11015,11136,205,1786,1976,456
18,11015,11136,206,1787,1976,472
18,11015,11136,207,1790,1977,486
18,11015,11136,208,1792,1977,499
18,11015,11136,209,1792,1977,513
18,11015,11136,210,1794,1977,526
18,11015,11136,211,1795,1978,540
18,11015,11136,212,1797,1977,554
18,11015,11136,213,1799,1978,570
18,11015,11136,214,1800,1977,586
18,11015,11136,215,1803,1978,602
18,11015,11136,216,1803,1978,615
18,11015,11136,217,1805,1978,625
18,11015,11136,218,1807,1979,643
18,11015,11136,219,1808,1978,654
18,11015,11136,220,1810,1978,671
18,11015,11136,221,1812,1979,683
18,11015,11136,222,1813,1979,700
18,11015,11136,223,1815,1979,715
18,11015,11136,224,1817,1978,726
18,11015,11136,225,1818,1978,741
18,11015,11136,226,1820,1979,753
18,11015,11136,227,1822,1979,767
18,11015,11136,228,1824,1979,781
18,11015,11136,229,1825,1979,797
18,11015,11136,230,1826,1979,813
18,11015,11136,231,1829,1979,825
18,11015,11136,232,1830,1980,842
18,11015,11136,233,1831,1980,857
18,11015,11136,234,1834,1980,876
18,11015,11136,235,1836,1980,883
18,11015,11136,236,1837,1980,891
18,11015,11136,237,1838,1980,912
18,11015,11136,238,1841,1980,924
18,11015,11136,239,1841,1979,936
18,11015,11136,240,1844,1980,955
18,11015,11136,241,1845,1980,967
18,11015,11136,242,1848,1980,984
18,11015,11136,243,1849,1980,996
18,11015,11136,244,1851,1980,1011
18,11015,11136,245,1853,1981,1023
18,11015,11136,246,1854,1980,1044
18,11015,11136,247,1856,1980,1054
18,11015,11136,248,1858,1980,1065
18,11015,11136,249,1859,1980,1077
18,11015,11136,250,1862,1981,1098
18,11015,11136,251,1863,1981,1111
18,11015,11136,252,1865,1980,1125
18,11015,11136,253,1867,1981,1140
18,11015,11136,254,1868,1981,1152
18,11015,11136,255,1870,1981,1168
18,11015,11136,256,1872,1981,1181
18,11015,11136,257,1873,1981,1207
18,11015,11136,258,1876,1981,1211
18,11015,11136,259,1877,1981,1218
18,11015,11136,260,1879,1981,1240
18,11015,11136,261,1881,1981,1253
18,11015,11136,262,1882,1981,1266
18,11015,11136,263,1884,1981,1271
18,11015,11136,264,1892,1981,1294
18,11015,11136,265,1888,1981,1312
18,11015,11136,266,1890,1981,1322
18,11015,11136,267,1890,1981,1321
18,11015,11136,268,1888,1981,1308
18,11015,11136,269,1886,1981,1300
18,11015,11136,270,1884,1981,1282
18,11015,11136,271,1883,1981,1266
18,11015,11136,272,1881,1981,1254
18,11015,11136,273,1879,1980,1242
18,11015,11136,274,1877,1980,1226
18,11015,11136,275,1875,1980,1210
18,11015,11136,276,1874,1981,1197
18,11015,11136,277,1872,1981,1180
18,11015,11136,278,1870,1981,1166
18,11015,11136,279,1868,1980,1150
18,11015,11136,280,1867,1980,1133
18,11015,11136,281,1865,1980,1123
18,11015,11136,282,1863,1981,1108
18,11015,11136,283,1861,1980,1096
18,11015,11136,284,1859,1980,1082
18,11015,11136,285,1858,1981,1067
18,11015,11136,286,1855,1980,1051
18,11015,11136,287,1854,1981,1043
18,11015,11136,288,1852,1980,1024
18,11015,11136,289,1851,1980,1013
18,11015,11136,290,1849,1980,996
18,11015,11136,291,1847,1979,984
18,11015,11136,292,1845,1980,969
18,11015,11136,293,1844,1980,958
18,11015,11136,294,1842,1980,942
18,11015,11136,295,1840,1979,925
18,11015,11136,296,1839,1980,906
18,11015,11136,297,1837,1980,898
18,11015,11136,298,1835,1980,883
18,11015,11136,299,1834,1979,870
18,11015,11136,300,1832,1979,855
18,11015,11136,301,1830,1978,840
18,11015,11136,302,1829,1978,829
18,11015,11136,303,1826,1979,811
18,11015,11136,304,1825,1979,798
18,11015,11136,305,1823,1979,782
18,11015,11136,306,1821,1979,770
18,11015,11136,307,1820,1978,753
18,11015,11136,308,1818,1979,742
18,11015,11136,309,1817,1978,727
18,11015,11136,310,1815,1978,712
18,11015,11136,311,1814,1978,698
18,11015,11136,312,1810,1978,683
18,11015,11136,313,1810,1978,671
18,11015,11136,314,1809,1978,656
18,11015,11136,315,1806,1978,640
18,11015,11136,316,1806,1978,629
18,11015,11136,317,1803,1977,611
18,11015,11136,318,1802,1978,597
18,11015,11136,319,1800,1977,583
18,11015,11136,320,1799,1978,570
18,11015,11136,321,1797,1977,552
18,11015,11136,322,1795,1977,541
18,11015,11136,323,1794,1977,530
18,11015,11136,324,1792,1978,514
18,11015,11136,325,1790,1977,499
18,11015,11136,326,1789,1977,485
18,11015,11136,327,1787,1977,472
18,11015,11136,328,1785,1977,463
18,11015,11136,329,1784,1976,443
18,11015,11136,330,1782,1977,429
18,11015,11136,331,1781,1976,415
18,11015,11136,332,1779,1976,402
18,11015,11136,333,1776,1976,386
18,11015,11136,334,1777,1975,372
18,11015,11136,335,1775,1975,359
18,11015,11136,336,1775,1975,339
18,11015,11136,337,1771,1975,330
18,11015,11136,338,1770,1975,316
18,11015,11136,339,1768,1975,307
18,11015,11136,340,1767,1975,287
18,11015,11136,341,1765,1975,270
18,11015,11136,342,1763,1974,259
18,11015,11136,343,1762,1974,242
18,11015,11136,344,1761,1974,229
18,11015,11136,345,1760,1974,215
18,11015,11136,346,1758,1973,200
18,11015,11136,347,1755,1973,187
18,11015,11136,348,1758,1973,207
18,11015,11136,349,1765,1975,270
18,11015,11136,350,1772,1976,382
18,11015,11136,351,1785,1977,509
18,11015,11136,352,1796,1977,550
18,11015,11136,353,1809,1979,656
18,11015,11136,354,1821,1979,771
18,11015,11136,355,1832,1980,893
19,11190,11311,0,1979,2020,1149
19,11190,11311,1,1871,1983,1211
19,11190,11311,2,1883,1982,1277
19,11190,11311,3,1896,1982,1375
19,11190,11311,4,1906,1982,1477
19,11190,11311,5,1919,1983,1581
19,11190,11311,6,1933,1983,1705
19,11190,11311,7,1953,1983,1835
19,11190,11311,8,1969,1981,1849
19,11190,11311,9,1984,1985,2076
19,11190,11311,10,2003,1985,2238
19,11190,11311,11,2024,1983,2354
19,11190,11311,12,2044,1985,2512
19,11190,11311,13,2065,1984,2637
19,11190,11311,14,2082,1986,2799
19,11190,11311,15,2104,1985,2941
19,11190,11311,16,2121,1985,3065
19,11190,11311,17,2143,1986,3205
19,11190,11311,18,2161,1986,3360
19,11190,11311,19,2182,1986,3481
19,11190,11311,20,2186,1985,3490
19,11190,11311,21,2186,1985,3473
19,11190,11311,22,2184,1985,3474
19,11190,11311,23,2184,1985,3477
19,11190,11311,24,2184,1986,3472
19,11190,11311,25,2182,1986,3456
19,11190,11311,26,2179,1985,3442
19,11190,11311,27,2177,1985,3430
19,11190,11311,28,2175,1985,3415
19,11190,11311,29,2174,1985,3402
19,11190,11311,30,2172,1986,3382
19,11190,11311,31,2169,1985,3369
19,11190,11311,32,2167,1985,3357
19,11190,11311,33,2166,1985,3341
19,11190,11311,34,2163,1985,3335
19,11190,11311,35,2162,1985,3313
19,11190,11311,36,2160,1985,3301
19,11190,11311,37,2158,1985,3275
19,11190,11311,38,2156,1985,3265
19,11190,11311,39,2154,1985,3257
19,11190,11311,40,2153,1985,3241
19,11190,11311,41,2150,1985,3229
19,11190,11311,42,2149,1985,3215
19,11190,11311,43,2146,1985,3200
19,11190,11311,44,2144,1985,3184
19,11190,11311,45,2142,1985,3174
19,11190,11311,46,2141,1985,3156
19,11190,11311,47,2138,1985,3142
19,11190,11311,48,2136,1985,3127
19,11190,11311,49,2134,1985,3116
19,11190,11311,50,2132,1984,3102
19,11190,11311,51,2131,1985,3088
19,11190,11311,52,2129,1985,3072
19,11190,11311,53,2127,1985,3058
19,11190,11311,54,2124,1984,3045
19,11190,11311,55,2122,1985,3029
19,11190,11311,56,2121,1985,3015
19,11190,11311,57,2119,1985,3001
19,11190,11311,58,2117,1984,2985
19,11190,11311,59,2115,1985,2976
19,11190,11311,60,2109,1985,2959
19,11190,11311,61,2111,1985,2950
19,11190,11311,62,2108,1985,2930
19,11190,11311,63,2107,1985,2917
19,11190,11311,64,2103,1984,2904
19,11190,11311,65,2103,1984,2886
19,11190,11311,66,2101,1984,2873
19,11190,11311,67,2100,1984,2861
19,11190,11311,68,2097,1985,2841
19,11190,11311,69,2095,1984,2831
19,11190,11311,70,2092,1984,2817
19,11190,11311,71,2092,1984,2804
19,11190,11311,72,2089,1984,2790
19,11190,11311,73,2088,1984,2774
19,11190,11311,74,2085,1985,2762
19,11190,11311,75,2084,1984,2748
19,11190,11311,76,2081,1984,2734
19,11190,11311,77,2080,1984,2718
19,11190,11311,78,2077,1984,2703
19,11190,11311,79,2076,1984,2688
19,11190,11311,80,2073,1984,2674
19,11190,11311,81,2072,1984,2656
19,11190,11311,82,2070,1983,2649
19,11190,11311,83,2069,1984,2635
19,11190,11311,84,2066,1984,2618
19,11190,11311,85,2064,1984,2604
19,11190,11311,86,2062,1984,2589
19,11190,11311,87,2059,1983,2573
19,11190,11311,88,2058,1983,2562
19,11190,11311,89,2058,1984,2559
19,11190,11311,90,2060,1984,2575
19,11190,11311,91,2061,1984,2589
19,11190,11311,92,2063,1984,2602
19,11190,11311,93,2064,1984,2615
19,11190,11311,94,2068,1984,2633
19,11190,11311,95,2070,1984,2649
19,11190,11311,96,2072,1984,2661
19,11190,11311,97,2074,1984,2673
19,11190,11311,98,2076,1984,2693
19,11190,11311,99,2078,1985,2712
19,11190,11311,100,2079,1984,2718
19,11190,11311,101,2081,1984,2734
19,11190,11311,102,2083,1984,2745
19,11190,11311,103,2085,1984,2758
19,11190,11311,104,2087,1985,2772
19,11190,11311,105,2089,1984,2791
19,11190,11311,106,2092,1984,2801
19,11190,11311,107,2092,1984,2813
19,11190,11311,108,2095,1985,2830
19,11190,11311,109,2097,1985,2845
19,11190,11311,110,2099,1985,2862
19,11190,11311,111,2101,1984,2875
19,11190,11311,112,2103,1985,2890
19,11190,11311,113,2104,1985,2903
19,11190,11311,114,2107,1984,2916
19,11190,11311,115,2108,1985,2934
19,11190,11311,116,2111,1985,2942
19,11190,11311,117,2112,1985,2957
19,11190,11311,118,2114,1985,2973
19,11190,11311,119,2117,1985,2987
19,11190,11311,120,2118,1984,3001
19,11190,11311,121,2121,1984,3016
19,11190,11311,122,2123,1985,3030
19,11190,11311,123,2124,1984,3044
19,11190,11311,124,2126,1984,3060
19,11190,11311,125,2128,1985,3072
19,11190,11311,126,2131,1985,3088
19,11190,11311,127,2132,1985,3101
19,11190,11311,128,2135,1985,3118
19,11190,11311,129,2136,1985,3138
19,11190,11311,130,2138,1985,3147
19,11190,11311,131,2140,1985,3159
19,11190,11311,132,2142,1985,3171
19,11190,11311,133,2144,1985,3187
19,11190,11311,134,2145,1985,3200
19,11190,11311,135,2147,1985,3215
19,11190,11311,136,2150,1985,3226
19,11190,11311,137,2152,1985,3244
19,11190,11311,138,2154,1985,3254
19,11190,11311,139,2156,1985,3271
19,11190,11311,140,2157,1985,3283
19,11190,11311,141,2160,1985,3297
19,11190,11311,142,2162,1985,3314
19,11190,11311,143,2164,1985,3326
19,11190,11311,144,2166,1985,3341
19,11190,11311,145,2168,1986,3359
19,11190,11311,146,2170,1986,3372
19,11190,11311,147,2172,1985,3385
19,11190,11311,148,2173,1986,3399
19,11190,11311,149,2176,1986,3425
19,11190,11311,150,2178,1986,3420
19,11190,11311,151,2180,1986,3441
19,11190,11311,152,2181,1986,3454
19,11190,11311,153,2183,1986,3472
19,11190,11311,154,2184,1986,3479
19,11190,11311,155,2184,1986,3474
19,11190,11311,156,2184,1986,3472
19,11190,11311,157,2188,1986,3492
19,11190,11311,158,2188,1986,3505
19,11190,11311,159,2189,1987,3513
19,11190,11311,160,2191,1986,3521
19,11190,11311,161,2190,1986,3513
19,11190,11311,162,2183,1985,3441
19,11190,11311,163,2173,1985,3382
19,11190,11311,164,2157,1985,3253
19,11190,11311,165,2141,1984,3141
19,11190,11311,166,2126,1984,3018
19,11190,11311,167,2110,1984,2904
19,11190,11311,168,2094,1983,2772
19,11190,11311,169,2072,1983,2640
19,11190,11311,170,2058,1982,2499
19,11190,11311,171,2039,1983,2398
19,11190,11311,172,2025,1982,2280
19,11190,11311,173,2007,1982,2140
19,11190,11311,174,1987,1982,2009
19,11190,11311,175,1970,1981,1875
19,11190,11311,176,1953,1981,1742
19,11190,11311,177,1934,1981,1609
19,11190,11311,178,1922,1981,1543
19,11190,11311,179,1905,1980,1383
19,11190,11311,180,1890,1980,1290
19,11190,11311,181,1874,1979,1137
19,11190,11311,182,1853,1979,981
19,11190,11311,183,1837,1978,846
19,11190,11311,184,1821,1978,705
19,11190,11311,185,1804,1977,561
19,11190,11311,186,1788,1976,419
19,11190,11311,187,1772,1975,274
19,11190,11311,188,1758,1975,229
19,11190,11311,189,1760,1974,232
19,11190,11311,190,1761,1975,245
19,11190,11311,191,1763,1975,258
19,11190,11311,192,1765,1975,274
19,11190,11311,193,1766,1975,282
19,11190,11311,194,1768,1975,300
19,11190,11311,195,1770,1975,318
19,11190,11311,196,1770,1975,330
19,11190,11311,197,1773,1976,344
19,11190,11311,198,1774,1976,357
19,11190,11311,199,1776,1976,372
19,11190,11311,200,1778,1975,385
19,11190,11311,201,1780,1976,405
19,11190,11311,202,1782,1976,413
19,11190,11311,203,1783,1976,428
19,11190,11311,204,1784,1976,443
19,11190,11311,205,1786,1976,457
19,11190,11311,206,1788,1976,470
19,11190,11311,207,1789,1976,490
19,11190,11311,208,1791,1977,502
19,11190,11311,209,1792,1977,508
19,11190,11311,210,1794,1978,528
19,11190,11311,211,1795,1978,545
19,11190,11311,212,1797,1978,557
19,11190,11311,213,1798,1977,571
19,11190,11311,214,1801,1977,585
19,11190,11311,215,1802,1978,602
19,11190,11311,216,1803,1978,612
19,11190,11311,217,1805,1978,629
19,11190,11311,218,1807,1978,640
19,11190,11311,219,1809,1978,653
19,11190,11311,220,1810,1978,670
19,11190,11311,221,1812,1978,683
19,11190,11311,222,1814,1978,700
19,11190,11311,223,1815,1979,712
19,11190,11311,224,1817,1978,726
19,11190,11311,225,1820,1978,745
19,11190,11311,226,1820,1979,754
19,11190,11311,227,1822,1979,773
19,11190,11311,228,1823,1979,782
19,11190,11311,229,1824,1979,799
19,11190,11311,230,1827,1979,811
19,11190,11311,231,1829,1979,826
19,11190,11311,232,1830,1979,842
19,11190,11311,233,1832,1980,857
19,11190,11311,234,1833,1979,871
19,11190,11311,235,1835,1980,884
19,11190,11311,236,1837,1980,898
19,11190,11311,237,1839,1980,911
19,11190,11311,238,1841,1980,927
19,11190,11311,239,1842,1980,942
19,11190,11311,240,1843,1980,953
19,11190,11311,241,1846,1980,968
19,11190,11311,242,1846,1980,977
19,11190,11311,243,1850,1980,997
19,11190,11311,244,1851,1980,1008
19,11190,11311,245,1852,1980,1025
19,11190,11311,246,1854,1980,1041
19,11190,11311,247,1856,1980,1053
19,11190,11311,248,1858,1980,1065
19,11190,11311,249,1859,1981,1082
19,11190,11311,250,1860,1981,1099
19,11190,11311,251,1863,1980,1110
19,11190,11311,252,1865,1980,1124
19,11190,11311,253,1868,1980,1137
19,11190,11311,254,1868,1980,1156
19,11190,11311,255,1871,1980,1166
19,11190,11311,256,1872,1980,1181
19,11190,11311,257,1875,1981,1198
19,11190,11311,258,1876,1981,1210
19,11190,11311,259,1877,1981,1225
19,11190,11311,260,1879,1981,1239
19,11190,11311,261,1881,1981,1254
19,11190,11311,262,1881,1981,1266
19,11190,11311,263,1884,1981,1281
19,11190,11311,264,1886,1981,1293
19,11190,11311,265,1888,1981,1308
19,11190,11311,266,1890,1981,1323
19,11190,11311,267,1889,1981,1323
19,11190,11311,268,1889,1981,1310
19,11190,11311,269,1887,1980,1291
19,11190,11311,270,1884,1981,1279
19,11190,11311,271,1882,1981,1264
19,11190,11311,272,1881,1981,1254
19,11190,11311,273,1879,1981,1237
19,11190,11311,274,1877,1981,1225
19,11190,11311,275,1876,1981,1212
19,11190,11311,276,1873,1981,1194
19,11190,11311,277,1872,1981,1182
19,11190,11311,278,1870,1981,1166
19,11190,11311,279,1868,1981,1154
19,11190,11311,280,1867,1981,1136
19,11190,11311,281,1865,1980,1124
19,11190,11311,282,1863,1981,1109
19,11190,11311,283,1861,1981,1095
19,11190,11311,284,1859,1980,1084
19,11190,11311,285,1858,1980,1070
19,11190,11311,286,1857,1980,1055
19,11190,11311,287,1855,1980,1036
19,11190,11311,288,1853,1980,1025
19,11190,11311,289,1851,1980,1012
19,11190,11311,290,1849,1980,997
19,11190,11311,291,1847,1980,979
19,11190,11311,292,1845,1980,970
19,11190,11311,293,1844,1980,955
19,11190,11311,294,1842,1980,938
19,11190,11311,295,1841,1980,931
19,11190,11311,296,1839,1980,906
19,11190,11311,297,1837,1980,897
19,11190,11311,298,1835,1979,882
19,11190,11311,299,1833,1980,868
19,11190,11311,300,1832,1980,855
19,11190,11311,301,1831,1980,845
19,11190,11311,302,1829,1979,823
19,11190,11311,303,1827,1980,814
19,11190,11311,304,1825,1979,799
19,11190,11311,305,1825,1980,785
19,11190,11311,306,1822,1978,768
19,11190,11311,307,1820,1979,754
19,11190,11311,308,1818,1979,743
19,11190,11311,309,1817,1979,738
19,11190,11311,310,1815,1978,715
19,11190,11311,311,1813,1978,701
19,11190,11311,312,1813,1978,682
19,11190,11311,313,1811,1978,668
19,11190,11311,314,1808,1978,657
19,11190,11311,315,1808,1979,641
19,11190,11311,316,1804,1978,628
19,11190,11311,317,1803,1979,616
19,11190,11311,318,1801,1978,599
19,11190,11311,319,1800,1978,581
19,11190,11311,320,1798,1977,569
19,11190,11311,321,1798,1978,556
19,11190,11311,322,1795,1977,542
19,11190,11311,323,1794,1977,530
19,11190,11311,324,1792,1977,516
19,11190,11311,325,1790,1977,501
19,11190,11311,326,1788,1977,479
19,11190,11311,327,1787,1977,475
19,11190,11311,328,1786,1977,456
19,11190,11311,329,1784,1976,447
19,11190,11311,330,1783,1976,428
19,11190,11311,331,1781,1976,417
19,11190,11311,332,1779,1976,400
19,11190,11311,333,1778,1976,386
19,11190,11311,334,1776,1976,369
19,11190,11311,335,1776,1976,360
19,11190,11311,336,1772,1976,347
19,11190,11311,337,1772,1976,328
19,11190,11311,338,1770,1975,314
19,11190,11311,339,1769,1975,301
19,11190,11311,340,1767,1975,288
19,11190,11311,341,1765,1974,274
19,11190,11311,342,1764,1974,255
19,11190,11311,343,1761,1974,243
19,11190,11311,344,1761,1974,229
19,11190,11311,345,1759,1974,219
19,11190,11311,346,1757,1974,201
19,11190,11311,347,1755,1973,188
19,11190,11311,348,1754,1973,173
19,11190,11311,349,1757,1974,192
19,11190,11311,350,1763,1975,274
19,11190,11311,351,1775,1976,374
19,11190,11311,352,1779,1977,464
19,11190,11311,353,1801,1978,597
19,11190,11311,354,1810,1980,727
19,11190,11311,355,1833,1980,867
20,11364,11485,0,1980,2020,1176
20,11364,11485,1,1876,1983,1270
20,11364,11485,2,1893,1982,1372
20,11364,11485,3,1906,1982,1466
20,11364,11485,4,1919,1982,1582
20,11364,11485,5,1934,1982,1706
20,11364,11485,6,1952,1982,1807
20,11364,11485,7,1967,1983,1935
20,11364,11485,8,1981,1984,2069
20,11364,11485,9,2001,1984,2183
20,11364,11485,10,2018,1984,2314
20,11364,11485,11,2034,1984,2443
20,11364,11485,12,2054,1985,2581
20,11364,11485,13,2071,1984,2686
20,11364,11485,14,2093,1985,2824
20,11364,11485,15,2107,1986,2971
20,11364,11485,16,2127,1986,3108
20,11364,11485,17,2146,1986,3239
20,11364,11485,18,2164,1986,3372
20,11364,11485,19,2184,1986,3488
20,11364,11485,20,2186,1985,3488
20,11364,11485,21,2184,1986,3482
20,11364,11485,22,2184,1986,3473
20,11364,11485,23,2184,1986,3478
20,11364,11485,24,2183,1986,3469
20,11364,11485,25,2181,1986,3457
20,11364,11485,26,2178,1986,3442
20,11364,11485,27,2179,1985,3428
20,11364,11485,28,2175,1985,3414
20,11364,11485,29,2175,1985,3400
20,11364,11485,30,2171,1986,3384
20,11364,11485,31,2170,1986,3370
20,11364,11485,32,2167,1985,3360
20,11364,11485,33,2166,1985,3339
20,11364,11485,34,2164,1985,3328
20,11364,11485,35,2162,1985,3316
20,11364,11485,36,2160,1985,3302
20,11364,11485,37,2158,1985,3283
20,11364,11485,38,2156,1985,3274
20,11364,11485,39,2153,1985,3251
20,11364,11485,40,2152,1985,3242
20,11364,11485,41,2150,1985,3230
20,11364,11485,42,2148,1984,3211
20,11364,11485,43,2146,1985,3203
20,11364,11485,44,2143,1985,3186
20,11364,11485,45,2142,1985,3172
20,11364,11485,46,2141,1984,3159
20,11364,11485,47,2139,1984,3144
20,11364,11485,48,2136,1985,3133
20,11364,11485,49,2135,1985,3115
20,11364,11485,50,2132,1985,3098
20,11364,11485,51,2130,1985,3086
20,11364,11485,52,2128,1985,3071
20,11364,11485,53,2126,1985,3059
20,11364,11485,54,2124,1985,3045
20,11364,11485,55,2122,1984,3028
20,11364,11485,56,2120,1985,3014
20,11364,11485,57,2116,1984,3001
20,11364,11485,58,2117,1984,2980
20,11364,11485,59,2114,1985,2961
20,11364,11485,60,2112,1984,2962
20,11364,11485,61,2110,1984,2947
20,11364,11485,62,2109,1985,2929
20,11364,11485,63,2106,1984,2916
20,11364,11485,64,2105,1985,2891
20,11364,11485,65,2103,1984,2887
20,11364,11485,66,2102,1985,2875
20,11364,11485,67,2097,1984,2856
20,11364,11485,68,2097,1984,2845
20,11364,11485,69,2097,1984,2829
20,11364,11485,70,2093,1984,2815
20,11364,11485,71,2092,1984,2807
20,11364,11485,72,2089,1984,2787
20,11364,11485,73,2087,1984,2776
20,11364,11485,74,2085,1984,2762
20,11364,11485,75,2084,1984,2746
20,11364,11485,76,2081,1984,2731
20,11364,11485,77,2074,1983,2717
20,11364,11485,78,2076,1984,2703
20,11364,11485,79,2076,1984,2691
20,11364,11485,80,2074,1984,2674
20,11364,11485,81,2072,1984,2661
20,11364,11485,82,2070,1984,2647
20,11364,11485,83,2068,1984,2625
20,11364,11485,84,2066,1984,2620
20,11364,11485,85,2064,1984,2602
20,11364,11485,86,2063,1984,2592
20,11364,11485,87,2060,1983,2578
20,11364,11485,88,2058,1984,2562
20,11364,11485,89,2058,1984,2564
20,11364,11485,90,2060,1984,2577
20,11364,11485,91,2063,1985,2592
20,11364,11485,92,2063,1984,2602
20,11364,11485,93,2066,1985,2619
20,11364,11485,94,2068,1984,2631
20,11364,11485,95,2070,1984,2646
20,11364,11485,96,2071,1984,2659
20,11364,11485,97,2073,1984,2672
20,11364,11485,98,2075,1984,2694
20,11364,11485,99,2077,1985,2703
20,11364,11485,100,2079,1984,2718
20,11364,11485,101,2082,1984,2732
20,11364,11485,102,2083,1985,2747
20,11364,11485,103,2085,1984,2760
20,11364,11485,104,2087,1984,2776
20,11364,11485,105,2090,1984,2787
20,11364,11485,106,2091,1985,2804
20,11364,11485,107,2093,1985,2817
20,11364,11485,108,2096,1985,2831
20,11364,11485,109,2095,1985,2844
20,11364,11485,110,2098,1984,2863
20,11364,11485,111,2101,1985,2873
20,11364,11485,112,2102,1984,2884
20,11364,11485,113,2105,1985,2902
20,11364,11485,114,2106,1985,2916
20,11364,11485,115,2108,1984,2932
20,11364,11485,116,2111,1984,2940
20,11364,11485,117,2113,1985,2959
20,11364,11485,118,2114,1985,2974
20,11364,11485,119,2116,1985,2986
20,11364,11485,120,2118,1985,3002
20,11364,11485,121,2121,1985,3023
20,11364,11485,122,2122,1984,3031
20,11364,11485,123,2123,1985,3057
20,11364,11485,124,2126,1984,3061
20,11364,11485,125,2128,1985,3070
20,11364,11485,126,2130,1985,3089
20,11364,11485,127,2132,1985,3099
20,11364,11485,128,2135,1985,3118
20,11364,11485,129,2137,1985,3126
20,11364,11485,130,2138,1985,3145
20,11364,11485,131,2140,1985,3154
20,11364,11485,132,2142,1985,3172
20,11364,11485,133,2144,1985,3184
20,11364,11485,134,2145,1986,3203
20,11364,11485,135,2148,1986,3212
20,11364,11485,136,2150,1985,3230
20,11364,11485,137,2152,1985,3230
20,11364,11485,138,2154,1985,3257
20,11364,11485,139,2155,1985,3272
20,11364,11485,140,2158,1986,3285
20,11364,11485,141,2160,1985,3300
20,11364,11485,142,2154,1986,3317
20,11364,11485,143,2163,1985,3329
20,11364,11485,144,2166,1985,3343
20,11364,11485,145,2168,1985,3356
20,11364,11485,146,2170,1985,3371
20,11364,11485,147,2168,1985,3386
20,11364,11485,148,2174,1985,3396
20,11364,11485,149,2175,1985,3415
20,11364,11485,150,2177,1986,3428
20,11364,11485,151,2179,1986,3444
20,11364,11485,152,2180,1986,3457
20,11364,11485,153,2183,1986,3469
20,11364,11485,154,2185,1986,3477
20,11364,11485,155,2184,1985,3474
20,11364,11485,156,2187,1986,3473
20,11364,11485,157,2187,1985,3495
20,11364,11485,158,2188,1986,3500
20,11364,11485,159,2190,1986,3514
20,11364,11485,160,2191,1986,3520
20,11364,11485,161,2191,1986,3514
20,11364,11485,162,2188,1985,3454
20,11364,11485,163,2176,1985,3375
20,11364,11485,164,2159,1985,3269
20,11364,11485,165,2149,1984,3164
20,11364,11485,166,2130,1984,3045
20,11364,11485,167,2113,1983,2917
20,11364,11485,168,2096,1983,2786
20,11364,11485,169,2076,1983,2652
20,11364,11485,170,2059,1982,2512
20,11364,11485,171,2040,1983,2380
20,11364,11485,172,2027,1982,2241
20,11364,11485,173,1999,1982,2088
20,11364,11485,174,1981,1981,1943
20,11364,11485,175,1959,1981,1791
20,11364,11485,176,1938,1980,1633
20,11364,11485,177,1918,1981,1497
20,11364,11485,178,1909,1981,1421
20,11364,11485,179,1892,1980,1293
20,11364,11485,180,1877,1980,1174
20,11364,11485,181,1860,1979,1042
20,11364,11485,182,1845,1980,910
20,11364,11485,183,1829,1979,782
20,11364,11485,184,1814,1978,653
20,11364,11485,185,1798,1977,525
20,11364,11485,186,1783,1976,387
20,11364,11485,187,1768,1974,260
20,11364,11485,188,1760,1974,217
20,11364,11485,189,1761,1974,230
20,11364,11485,190,1763,1974,243
20,11364,11485,191,1764,1974,257
20,11364,11485,192,1765,1974,271
20,11364,11485,193,1767,1975,287
20,11364,11485,194,1768,1975,302
20,11364,11485,195,1770,1975,313
20,11364,11485,196,1771,1975,331
20,11364,11485,197,1773,1976,343
20,11364,11485,198,1775,1975,358
20,11364,11485,199,1776,1976,374
20,11364,11485,200,1778,1976,384
20,11364,11485,201,1780,1976,402
20,11364,11485,202,1782,1976,415
20,11364,11485,203,1782,1976,429
20,11364,11485,204,1784,1977,442
20,11364,11485,205,1786,1976,452
20,11364,11485,206,1787,1976,473
20,11364,11485,207,1790,1977,481
20,11364,11485,208,1790,1977,493
20,11364,11485,209,1792,1977,513
20,11364,11485,210,1794,1978,528
20,11364,11485,211,1795,1978,541
20,11364,11485,212,1797,1978,558
20,11364,11485,213,1798,1978,571
20,11364,11485,214,1800,1978,586
20,11364,11485,215,1802,1978,599
20,11364,11485,216,1804,1978,615
20,11364,11485,217,1805,1978,626
20,11364,11485,218,1807,1978,637
20,11364,11485,219,1808,1978,656
20,11364,11485,220,1810,1979,672
20,11364,11485,221,1812,1979,683
20,11364,11485,222,1814,1979,698
20,11364,11485,223,1815,1979,711
20,11364,11485,224,1817,1979,727
20,11364,11485,225,1818,1979,740
20,11364,11485,226,1821,1979,756
20,11364,11485,227,1821,1979,769
20,11364,11485,228,1824,1979,783
20,11364,11485,229,1825,1979,799
20,11364,11485,230,1827,1979,810
20,11364,11485,231,1828,1980,825
20,11364,11485,232,1830,1979,838
20,11364,11485,233,1830,1979,855
20,11364,11485,234,1834,1980,866
20,11364,11485,235,1835,1980,882
20,11364,11485,236,1837,1980,898
20,11364,11485,237,1839,1980,913
20,11364,11485,238,1840,1980,927
20,11364,11485,239,1842,1980,939
20,11364,11485,240,1844,1980,953
20,11364,11485,241,1845,1980,969
20,11364,11485,242,1848,1980,982
20,11364,11485,243,1851,1980,996
20,11364,11485,244,1851,1980,1013
20,11364,11485,245,1852,1980,1026
20,11364,11485,246,1854,1981,1038
20,11364,11485,247,1856,1980,1054
20,11364,11485,248,1857,1980,1070
20,11364,11485,249,1860,1980,1083
20,11364,11485,250,1861,1980,1095
20,11364,11485,251,1863,1981,1109
20,11364,11485,252,1862,1981,1123
20,11364,11485,253,1866,1981,1137
20,11364,11485,254,1868,1980,1152
20,11364,11485,255,1870,1981,1168
20,11364,11485,256,1871,1981,1180
20,11364,11485,257,1873,1981,1205
20,11364,11485,258,1874,1981,1210
20,11364,11485,259,1877,1981,1223
20,11364,11485,260,1879,1981,1238
20,11364,11485,261,1881,1981,1252
20,11364,11485,262,1883,1981,1265
20,11364,11485,263,1885,1981,1283
20,11364,11485,264,1886,1982,1294
20,11364,11485,265,1887,1981,1311
20,11364,11485,266,1890,1981,1323
20,11364,11485,267,1889,1981,1322
20,11364,11485,268,1888,1981,1308
20,11364,11485,269,1886,1981,1294
20,11364,11485,270,1885,1980,1281
20,11364,11485,271,1883,1980,1267
20,11364,11485,272,1881,1980,1253
20,11364,11485,273,1880,1981,1238
20,11364,11485,274,1877,1981,1225
20,11364,11485,275,1876,1981,1212
20,11364,11485,276,1873,1981,1196
20,11364,11485,277,1872,1981,1180
20,11364,11485,278,1870,1980,1167
20,11364,11485,279,1870,1980,1152
20,11364,11485,280,1867,1981,1140
20,11364,11485,281,1865,1980,1123
20,11364,11485,282,1866,1981,1110
20,11364,11485,283,1861,1980,1096
20,11364,11485,284,1860,1981,1081
20,11364,11485,285,1858,1980,1073
20,11364,11485,286,1856,1980,1053
20,11364,11485,287,1854,1980,1039
20,11364,11485,288,1852,1981,1025
20,11364,11485,289,1850,1980,1012
20,11364,11485,290,1849,1980,994
20,11364,11485,291,1847,1980,980
20,11364,11485,292,1846,1980,968
20,11364,11485,293,1843,1980,954
20,11364,11485,294,1841,1980,939
20,11364,11485,295,1840,1980,923
20,11364,11485,296,1838,1980,910
20,11364,11485,297,1837,1980,901
20,11364,11485,298,1835,1979,882
20,11364,11485,299,1833,1980,869
20,11364,11485,300,1832,1979,855
20,11364,11485,301,1829,1979,842
20,11364,11485,302,1828,1979,826
20,11364,11485,303,1826,1979,810
20,11364,11485,304,1825,1979,798
20,11364,11485,305,1823,1979,784
20,11364,11485,306,1822,1979,771
20,11364,11485,307,1819,1979,753
20,11364,11485,308,1818,1979,742
20,11364,11485,309,1817,1978,729
20,11364,11485,310,1816,1979,712
20,11364,11485,311,1813,1978,697
20,11364,11485,312,1812,1979,682
20,11364,11485,313,1809,1979,672
20,11364,11485,314,1809,1979,657
20,11364,11485,315,1806,1978,641
20,11364,11485,316,1805,1978,626
20,11364,11485,317,1803,1978,611
20,11364,11485,318,1803,1978,603
20,11364,11485,319,1800,1977,587
20,11364,11485,320,1798,1977,569
20,11364,11485,321,1797,1978,546
20,11364,11485,322,1795,1977,542
20,11364,11485,323,1794,1977,528
20,11364,11485,324,1792,1978,512
20,11364,11485,325,1790,1977,501
20,11364,11485,326,1789,1977,480
20,11364,11485,327,1788,1976,473
20,11364,11485,328,1787,1976,457
20,11364,11485,329,1785,1975,442
20,11364,11485,330,1782,1976,426
20,11364,11485,331,1782,1977,412
20,11364,11485,332,1779,1976,399
20,11364,11485,333,1778,1976,386
20,11364,11485,334,1776,1976,369
20,11364,11485,335,1774,1975,357
20,11364,11485,336,1772,1975,343
20,11364,11485,337,1771,1975,328
20,11364,11485,338,1770,1975,317
20,11364,11485,339,1769,1975,302
20,11364,11485,340,1766,1975,284
20,11364,11485,341,1765,1974,273
20,11364,11485,342,1764,1974,258
20,11364,11485,343,1761,1975,243
20,11364,11485,344,1760,1974,231
20,11364,11485,345,1758,1974,213
20,11364,11485,346,1757,1974,200
20,11364,11485,347,1756,1973,185
20,11364,11485,348,1759,1973,196
20,11364,11485,349,1764,1975,277
20,11364,11485,350,1774,1976,378
20,11364,11485,351,1784,1976,464
20,11364,11485,352,1796,1978,570
20,11364,11485,353,1807,1979,680
20,11364,11485,354,1821,1979,779
20,11364,11485,355,1833,1980,902
21,11541,11662,0,1981,2020,1104
21,11541,11662,1,1867,1982,1181
21,11541,11662,2,1881,1982,1264
21,11541,11662,3,1892,1982,1350
21,11541,11662,4,1906,1982,1488
21,11541,11662,5,1920,1982,1586
21,11541,11662,6,1936,1983,1712
21,11541,11662,7,1954,1983,1849
21,11541,11662,8,1970,1984,1980
21,11541,11662,9,1990,1984,2116
21,11541,11662,10,2008,1985,2251
21,11541,11662,11,2028,1984,2387
21,11541,11662,12,2048,1985,2524
21,11541,11662,13,2066,1985,2663
21,11541,11662,14,2084,1985,2804
21,11541,11662,15,2106,1986,2936
21,11541,11662,16,2123,1986,3082
21,11541,11662,17,2144,1986,3220
21,11541,11662,18,2161,1985,3340
21,11541,11662,19,2181,1986,3485
21,11541,11662,20,2187,1985,3494
21,11541,11662,21,2183,1985,3473
21,11541,11662,22,2184,1985,3472
21,11541,11662,23,2185,1985,3478
21,11541,11662,24,2184,1985,3471
21,11541,11662,25,2181,1985,3455
21,11541,11662,26,2179,1985,3441
21,11541,11662,27,2177,1985,3425
21,11541,11662,28,2176,1986,3413
21,11541,11662,29,2173,1985,3397
21,11541,11662,30,2171,1985,3385
21,11541,11662,31,2169,1985,3371
21,11541,11662,32,2167,1985,3357
21,11541,11662,33,2166,1986,3341
21,11541,11662,34,2163,1985,3328
21,11541,11662,35,2162,1985,3314
21,11541,11662,36,2159,1985,3300
21,11541,11662,37,2158,1985,3286
21,11541,11662,38,2155,1985,3277
21,11541,11662,39,2154,1985,3259
21,11541,11662,40,2151,1984,3242
21,11541,11662,41,2150,1985,3228
21,11541,11662,42,2148,1985,3212
21,11541,11662,43,2146,1985,3199
21,11541,11662,44,2143,1984,3187
21,11541,11662,45,2142,1985,3172
21,11541,11662,46,2140,1985,3156
21,11541,11662,47,2139,1985,3140
21,11541,11662,48,2137,1985,3129
21,11541,11662,49,2133,1985,3114
21,11541,11662,50,2131,1984,3102
21,11541,11662,51,2131,1985,3085
21,11541,11662,52,2128,1985,3072
21,11541,11662,53,2125,1985,3058
21,11541,11662,54,2124,1985,3062
21,11541,11662,55,2123,1984,3029
21,11541,11662,56,2121,1985,3015
21,11541,11662,57,2118,1985,3001
21,11541,11662,58,2117,1985,2988
21,11541,11662,59,2115,1984,2973
21,11541,11662,60,2112,1984,2955
21,11541,11662,61,2111,1985,2945
21,11541,11662,62,2108,1984,2930
21,11541,11662,63,2107,1984,2917
21,11541,11662,64,2106,1984,2901
21,11541,11662,65,2103,1984,2887
21,11541,11662,66,2101,1984,2874
21,11541,11662,67,2099,1984,2860
21,11541,11662,68,2098,1984,2844
21,11541,11662,69,2096,1984,2830
21,11541,11662,70,2093,1984,2805
21,11541,11662,71,2092,1984,2804
21,11541,11662,72,2089,1983,2791
21,11541,11662,73,2088,1984,2772
21,11541,11662,74,2086,1984,2758
21,11541,11662,75,2084,1984,2747
21,11541,11662,76,2081,1984,2734
21,11541,11662,77,2079,1984,2718
21,11541,11662,78,2077,1984,2704
21,11541,11662,79,2076,1984,2687
21,11541,11662,80,2074,1984,2674
21,11541,11662,81,2071,1984,2661
21,11541,11662,82,2070,1984,2646
21,11541,11662,83,2068,1984,2634
21,11541,11662,84,2066,1984,2619
21,11541,11662,85,2063,1984,2604
21,11541,11662,86,2063,1984,2590
21,11541,11662,87,2060,1984,2575
21,11541,11662,88,2059,1984,2563
21,11541,11662,89,2058,1984,2562
21,11541,11662,90,2060,1984,2574
21,11541,11662,91,2061,1984,2590
21,11541,11662,92,2064,1984,2607
21,11541,11662,93,2065,1984,2618
21,11541,11662,94,2067,1984,2634
21,11541,11662,95,2070,1984,2646
21,11541,11662,96,2072,1984,2660
21,11541,11662,97,2074,1984,2678
21,11541,11662,98,2075,1984,2691
21,11541,11662,99,2077,1984,2705
21,11541,11662,100,2080,1984,2719
21,11541,11662,101,2081,1984,2732
21,11541,11662,102,2083,1984,2745
21,11541,11662,103,2086,1984,2758
21,11541,11662,104,2088,1984,2773
21,11541,11662,105,2090,1984,2790
21,11541,11662,106,2092,1984,2804
21,11541,11662,107,2092,1984,2820
21,11541,11662,108,2095,1984,2832
21,11541,11662,109,2095,1984,2845
21,11541,11662,110,2099,1985,2856
21,11541,11662,111,2100,1984,2872
21,11541,11662,112,2102,1984,2885
21,11541,11662,113,2106,1985,2899
21,11541,11662,114,2107,1984,2917
21,11541,11662,115,2108,1985,2931
21,11541,11662,116,2110,1985,2943
21,11541,11662,117,2113,1985,2957
21,11541,11662,118,2115,1986,2991
21,11541,11662,119,2116,1985,2989
21,11541,11662,120,2118,1985,3002
21,11541,11662,121,2120,1984,3016
21,11541,11662,122,2122,1985,3031
21,11541,11662,123,2125,1985,3046
21,11541,11662,124,2126,1985,3057
21,11541,11662,125,2128,1985,3070
21,11541,11662,126,2130,1986,3084
21,11541,11662,127,2132,1985,3096
21,11541,11662,128,2134,1985,3115
21,11541,11662,129,2136,1985,3128
21,11541,11662,130,2138,1985,3144
21,11541,11662,131,2141,1985,3158
21,11541,11662,132,2141,1985,3175
21,11541,11662,133,2144,1985,3186
21,11541,11662,134,2146,1985,3202
21,11541,11662,135,2148,1985,3212
21,11541,11662,136,2149,1985,3229
21,11541,11662,137,2151,1985,3240
21,11541,11662,138,2154,1985,3256
21,11541,11662,139,2156,1985,3270
21,11541,11662,140,2157,1985,3285
21,11541,11662,141,2160,1985,3299
21,11541,11662,142,2162,1986,3316
21,11541,11662,143,2163,1985,3330
21,11541,11662,144,2166,1985,3344
21,11541,11662,145,2168,1985,3358
21,11541,11662,146,2170,1986,3374
21,11541,11662,147,2171,1985,3386
21,11541,11662,148,2174,1986,3399
21,11541,11662,149,2175,1986,3414
21,11541,11662,150,2178,1986,3427
21,11541,11662,151,2180,1985,3440
21,11541,11662,152,2182,1986,3458
21,11541,11662,153,2183,1986,3468
21,11541,11662,154,2185,1986,3477
21,11541,11662,155,2184,1986,3473
21,11541,11662,156,2184,1985,3473
21,11541,11662,157,2187,1986,3497
21,11541,11662,158,2187,1986,3506
21,11541,11662,159,2189,1986,3514
21,11541,11662,160,2191,1986,3517
21,11541,11662,161,2191,1986,3512
21,11541,11662,162,2187,1985,3457
21,11541,11662,163,2173,1985,3381
21,11541,11662,164,2157,1985,3236
21,11541,11662,165,2144,1984,3143
21,11541,11662,166,2125,1984,3017
21,11541,11662,167,2106,1984,2912
21,11541,11662,168,2097,1984,2801
21,11541,11662,169,2081,1984,2688
21,11541,11662,170,2062,1983,2521
21,11541,11662,171,2046,1983,2417
21,11541,11662,172,2029,1982,2305
21,11541,11662,173,2009,1982,2157
21,11541,11662,174,1986,1982,2021
21,11541,11662,175,1971,1981,1909
21,11541,11662,176,1953,1981,1732
21,11541,11662,177,1934,1980,1584
21,11541,11662,178,1919,1981,1503
21,11541,11662,179,1905,1980,1376
21,11541,11662,180,1883,1980,1235
21,11541,11662,181,1869,1979,1099
21,11541,11662,182,1851,1979,981
21,11541,11662,183,1836,1978,828
21,11541,11662,184,1817,1977,703
21,11541,11662,185,1804,1977,546
21,11541,11662,186,1786,1975,415
21,11541,11662,187,1771,1974,266
21,11541,11662,188,1759,1973,216
21,11541,11662,189,1760,1974,229
21,11541,11662,190,1761,1974,244
21,11541,11662,191,1764,1974,258
21,11541,11662,192,1765,1974,269
21,11541,11662,193,1767,1975,287
21,11541,11662,194,1768,1975,301
21,11541,11662,195,1769,1975,316
21,11541,11662,196,1771,1975,333
21,11541,11662,197,1773,1975,343
21,11541,11662,198,1774,1975,357
21,11541,11662,199,1776,1976,371
21,11541,11662,200,1778,1975,389
21,11541,11662,201,1781,1976,401
21,11541,11662,202,1781,1976,414
21,11541,11662,203,1783,1977,430
21,11541,11662,204,1783,1976,441
21,11541,11662,205,1785,1976,459
21,11541,11662,206,1787,1977,471
21,11541,11662,207,1789,1977,483
21,11541,11662,208,1791,1977,498
21,11541,11662,209,1793,1977,515
21,11541,11662,210,1793,1977,527
21,11541,11662,211,1795,1978,542
21,11541,11662,212,1796,1978,556
21,11541,11662,213,1798,1978,571
21,11541,11662,214,1801,1978,585
21,11541,11662,215,1801,1978,598
21,11541,11662,216,1803,1978,616
21,11541,11662,217,1806,1977,626
21,11541,11662,218,1807,1978,644
21,11541,11662,219,1810,1979,656
21,11541,11662,220,1810,1979,673
21,11541,11662,221,1811,1978,681
21,11541,11662,222,1813,1979,695
21,11541,11662,223,1816,1978,703
21,11541,11662,224,1816,1978,727
21,11541,11662,225,1819,1979,740
21,11541,11662,226,1820,1979,754
21,11541,11662,227,1822,1979,767
21,11541,11662,228,1824,1979,781
21,11541,11662,229,1824,1979,798
21,11541,11662,230,1827,1979,813
21,11541,11662,231,1828,1979,824
21,11541,11662,232,1830,1980,838
21,11541,11662,233,1832,1980,857
21,11541,11662,234,1834,1980,871
21,11541,11662,235,1835,1980,881
21,11541,11662,236,1837,1980,895
21,11541,11662,237,1839,1980,911
21,11541,11662,238,1841,1980,928
21,11541,11662,239,1842,1980,941
21,11541,11662,240,1844,1980,956
21,11541,11662,241,1845,1981,968
21,11541,11662,242,1847,1980,979
21,11541,11662,243,1848,1980,998
21,11541,11662,244,1851,1980,1009
21,11541,11662,245,1852,1980,1024
21,11541,11662,246,1854,1980,1036
21,11541,11662,247,1857,1980,1056
21,11541,11662,248,1858,1980,1068
21,11541,11662,249,1859,1980,1081
21,11541,11662,250,1862,1980,1095
21,11541,11662,251,1864,1980,1113
21,11541,11662,252,1865,1980,1123
21,11541,11662,253,1867,1981,1139
21,11541,11662,254,1869,1981,1154
21,11541,11662,255,1871,1981,1169
21,11541,11662,256,1872,1981,1182
21,11541,11662,257,1873,1981,1197
21,11541,11662,258,1875,1981,1216
21,11541,11662,259,1877,1981,1225
21,11541,11662,260,1879,1980,1237
21,11541,11662,261,1881,1981,1251
21,11541,11662,262,1883,1981,1269
21,11541,11662,263,1884,1981,1278
21,11541,11662,264,1886,1981,1295
21,11541,11662,265,1888,1982,1308
21,11541,11662,266,1890,1981,1325
21,11541,11662,267,1890,1981,1314
21,11541,11662,268,1887,1981,1310
21,11541,11662,269,1886,1981,1296
21,11541,11662,270,1885,1981,1282
21,11541,11662,271,1883,1981,1265
21,11541,11662,272,1881,1981,1250
21,11541,11662,273,1880,1981,1239
21,11541,11662,274,1877,1980,1223
21,11541,11662,275,1877,1980,1210
21,11541,11662,276,1874,1981,1196
21,11541,11662,277,1872,1981,1182
21,11541,11662,278,1870,1981,1166
21,11541,11662,279,1868,1980,1153
21,11541,11662,280,1867,1980,1140
21,11541,11662,281,1865,1981,1124
21,11541,11662,282,1863,1980,1111
21,11541,11662,283,1861,1981,1094
21,11541,11662,284,1860,1980,1081
21,11541,11662,285,1858,1980,1068
21,11541,11662,286,1856,1980,1051
21,11541,11662,287,1853,1980,1038
21,11541,11662,288,1854,1980,1026
21,11541,11662,289,1850,1980,1009
21,11541,11662,290,1849,1980,1000
21,11541,11662,291,1847,1980,982
21,11541,11662,292,1845,1980,968
21,11541,11662,293,1844,1980,951
21,11541,11662,294,1843,1980,940
21,11541,11662,295,1840,1980,924
21,11541,11662,296,1838,1980,913
21,11541,11662,297,1838,1979,891
21,11541,11662,298,1835,1979,882
21,11541,11662,299,1834,1979,870
21,11541,11662,300,1832,1980,849
21,11541,11662,301,1830,1979,845
21,11541,11662,302,1829,1980,827
21,11541,11662,303,1826,1979,812
21,11541,11662,304,1825,1979,796
21,11541,11662,305,1823,1979,786
21,11541,11662,306,1822,1979,768
21,11541,11662,307,1820,1979,756
21,11541,11662,308,1818,1979,742
21,11541,11662,309,1816,1979,730
21,11541,11662,310,1815,1978,711
21,11541,11662,311,1813,1979,711
21,11541,11662,312,1811,1978,683
21,11541,11662,313,1810,1978,669
21,11541,11662,314,1808,1979,653
21,11541,11662,315,1807,1978,642
21,11541,11662,316,1805,1978,626
21,11541,11662,317,1803,1977,614
21,11541,11662,318,1801,1978,599
21,11541,11662,319,1800,1977,583
21,11541,11662,320,1798,1977,566
21,11541,11662,321,1796,1977,562
21,11541,11662,322,1795,1977,542
21,11541,11662,323,1795,1977,527
21,11541,11662,324,1791,1977,516
21,11541,11662,325,1791,1977,501
21,11541,11662,326,1787,1976,483
21,11541,11662,327,1788,1977,473
21,11541,11662,328,1786,1976,458
21,11541,11662,329,1784,1976,443
21,11541,11662,330,1783,1976,427
21,11541,11662,331,1781,1976,415
21,11541,11662,332,1779,1975,392
21,11541,11662,333,1778,1975,386
21,11541,11662,334,1775,1976,371
21,11541,11662,335,1774,1975,360
21,11541,11662,336,1773,1975,342
21,11541,11662,337,1771,1976,332
21,11541,11662,338,1769,1975,316
21,11541,11662,339,1768,1975,304
21,11541,11662,340,1766,1975,288
21,11541,11662,341,1764,1975,273
21,11541,11662,342,1763,1975,256
21,11541,11662,343,1762,1974,242
21,11541,11662,344,1760,1974,230
21,11541,11662,345,1761,1975,220
21,11541,11662,346,1757,1974,201
21,11541,11662,347,1755,1974,186
21,11541,11662,348,1753,1973,174
21,11541,11662,349,1757,1974,208
21,11541,11662,350,1766,1976,299
21,11541,11662,351,1780,1976,398
21,11541,11662,352,1790,1977,500
21,11541,11662,353,1804,1979,620
21,11541,11662,354,1814,1979,728
21,11541,11662,355,1829,1980,873
22,11715,11836,0,1982,2021,1221
22,11715,11836,1,1878,1983,1308
22,11715,11836,2,1895,1982,1395
22,11715,11836,3,1908,1981,1522
22,11715,11836,4,1921,1982,1587
22,11715,11836,5,1935,1982,1689
22,11715,11836,6,1950,1983,1808
22,11715,11836,7,1967,1983,1934
22,11715,11836,8,1984,1983,2030
22,11715,11836,9,1997,1983,2165
22,11715,11836,10,2009,1984,2278
22,11715,11836,11,2032,1984,2414
22,11715,11836,12,2051,1985,2552
22,11715,11836,13,2068,1985,2685
22,11715,11836,14,2087,1985,2823
22,11715,11836,15,2104,1986,2953
22,11715,11836,16,2128,1985,3102
22,11715,11836,17,2145,1985,3226
22,11715,11836,18,2163,1986,3381
22,11715,11836,19,2183,1986,3480
22,11715,11836,20,2187,1985,3490
22,11715,11836,21,2184,1985,3473
22,11715,11836,22,2184,1985,3473
22,11715,11836,23,2184,1985,3477
22,11715,11836,24,2184,1986,3470
22,11715,11836,25,2182,1985,3459
22,11715,11836,26,2179,1986,3441
22,11715,11836,27,2177,1985,3424
22,11715,11836,28,2177,1985,3414
22,11715,11836,29,2173,1985,3400
22,11715,11836,30,2172,1985,3386
22,11715,11836,31,2170,1986,3366
22,11715,11836,32,2168,1985,3356
22,11715,11836,33,2166,1985,3340
22,11715,11836,34,2164,1985,3319
22,11715,11836,35,2162,1985,3314
22,11715,11836,36,2160,1984,3299
22,11715,11836,37,2157,1985,3289
22,11715,11836,38,2156,1985,3270
22,11715,11836,39,2154,1985,3260
22,11715,11836,40,2152,1985,3239
22,11715,11836,41,2150,1985,3230
22,11715,11836,42,2148,1985,3204
22,11715,11836,43,2146,1985,3201
22,11715,11836,44,2144,1985,3187
22,11715,11836,45,2142,1985,3173
22,11715,11836,46,2140,1985,3158
22,11715,11836,47,2138,1985,3143
22,11715,11836,48,2135,1985,3129
22,11715,11836,49,2134,1985,3115
22,11715,11836,50,2133,1984,3100
22,11715,11836,51,2129,1985,3076
22,11715,11836,52,2128,1984,3070
22,11715,11836,53,2126,1985,3056
22,11715,11836,54,2124,1985,3041
22,11715,11836,55,2122,1985,3029
22,11715,11836,56,2120,1985,3014
22,11715,11836,57,2119,1985,2996
22,11715,11836,58,2116,1985,2984
22,11715,11836,59,2114,1984,2988
22,11715,11836,60,2113,1985,2959
22,11715,11836,61,2111,1985,2944
22,11715,11836,62,2108,1984,2933
22,11715,11836,63,2107,1984,2917
22,11715,11836,64,2105,1985,2903
22,11715,11836,65,2103,1984,2889
22,11715,11836,66,2100,1984,2873
22,11715,11836,67,2099,1984,2861
22,11715,11836,68,2097,1985,2845
22,11715,11836,69,2095,1985,2833
22,11715,11836,70,2093,1984,2818
22,11715,11836,71,2091,1985,2801
22,11715,11836,72,2088,1984,2787
22,11715,11836,73,2088,1984,2770
22,11715,11836,74,2085,1984,2765
22,11715,11836,75,2084,1985,2746
22,11715,11836,76,2082,1984,2731
22,11715,11836,77,2080,1984,2717
22,11715,11836,78,2078,1984,2700
22,11715,11836,79,2076,1984,2690
22,11715,11836,80,2074,1984,2674
22,11715,11836,81,2072,1984,2659
22,11715,11836,82,2070,1984,2648
22,11715,11836,83,2067,1983,2634
22,11715,11836,84,2066,1984,2621
22,11715,11836,85,2063,1984,2624
22,11715,11836,86,2062,1984,2589
22,11715,11836,87,2060,1984,2580
22,11715,11836,88,2059,1983,2559
22,11715,11836,89,2057,1984,2560
22,11715,11836,90,2060,1984,2574
22,11715,11836,91,2062,1984,2594
22,11715,11836,92,2061,1984,2603
22,11715,11836,93,2065,1984,2619
22,11715,11836,94,2066,1984,2638
22,11715,11836,95,2069,1984,2648
22,11715,11836,96,2072,1984,2668
22,11715,11836,97,2073,1984,2676
22,11715,11836,98,2076,1984,2690
22,11715,11836,99,2078,1984,2704
22,11715,11836,100,2080,1984,2726
22,11715,11836,101,2081,1984,2730
22,11715,11836,102,2083,1984,2744
22,11715,11836,103,2084,1984,2750
22,11715,11836,104,2088,1984,2775
22,11715,11836,105,2089,1984,2787
22,11715,11836,106,2091,1985,2802
22,11715,11836,107,2093,1984,2821
22,11715,11836,108,2095,1984,2831
22,11715,11836,109,2097,1984,2844
22,11715,11836,110,2099,1984,2860
22,11715,11836,111,2100,1984,2873
22,11715,11836,112,2103,1985,2888
22,11715,11836,113,2104,1985,2894
22,11715,11836,114,2106,1985,2916
22,11715,11836,115,2109,1985,2928
22,11715,11836,116,2110,1984,2943
22,11715,11836,117,2112,1985,2959
22,11715,11836,118,2115,1985,2971
22,11715,11836,119,2117,1985,2989
22,11715,11836,120,2119,1985,3003
22,11715,11836,121,2121,1985,3017
22,11715,11836,122,2122,1985,3029
22,11715,11836,123,2124,1985,3045
22,11715,11836,124,2125,1985,3057
22,11715,11836,125,2127,1985,3072
22,11715,11836,126,2129,1985,3083
22,11715,11836,127,2132,1984,3099
22,11715,11836,128,2135,1986,3117
22,11715,11836,129,2136,1985,3130
22,11715,11836,130,2139,1985,3144
22,11715,11836,131,2140,1985,3158
22,11715,11836,132,2142,1985,3170
22,11715,11836,133,2144,1986,3187
22,11715,11836,134,2146,1986,3194
22,11715,11836,135,2147,1985,3215
22,11715,11836,136,2150,1986,3227
22,11715,11836,137,2152,1986,3241
22,11715,11836,138,2153,1986,3256
22,11715,11836,139,2156,1986,3265
22,11715,11836,140,2157,1985,3285
22,11715,11836,141,2160,1985,3300
22,11715,11836,142,2161,1985,3321
22,11715,11836,143,2163,1986,3328
22,11715,11836,144,2166,1986,3343
22,11715,11836,145,2168,1985,3358
22,11715,11836,146,2169,1986,3368
22,11715,11836,147,2172,1985,3385
22,11715,11836,148,2173,1985,3396
22,11715,11836,149,2176,1985,3408
22,11715,11836,150,2178,1985,3425
22,11715,11836,151,2180,1985,3440
22,11715,11836,152,2181,1985,3453
22,11715,11836,153,2183,1986,3468
22,11715,11836,154,2184,1985,3476
22,11715,11836,155,2184,1986,3474
22,11715,11836,156,2184,1986,3473
22,11715,11836,157,2186,1986,3489
22,11715,11836,158,2187,1986,3506
22,11715,11836,159,2189,1986,3512
22,11715,11836,160,2191,1986,3520
22,11715,11836,161,2191,1986,3513
22,11715,11836,162,2184,1986,3470
22,11715,11836,163,2172,1985,3370
22,11715,11836,164,2160,1984,3266
22,11715,11836,165,2144,1984,3153
22,11715,11836,166,2125,1984,3029
22,11715,11836,167,2111,1983,2898
22,11715,11836,168,2095,1983,2789
22,11715,11836,169,2076,1983,2644
22,11715,11836,170,2057,1982,2483
22,11715,11836,171,2036,1982,2354
22,11715,11836,172,2019,1982,2203
22,11715,11836,173,1995,1982,2055
22,11715,11836,174,1980,1981,1929
22,11715,11836,175,1959,1981,1778
22,11715,11836,176,1940,1981,1599
22,11715,11836,177,1922,1980,1508
22,11715,11836,178,1910,1981,1441
22,11715,11836,179,1894,1980,1312
22,11715,11836,180,1876,1980,1184
22,11715,11836,181,1865,1980,1058
22,11715,11836,182,1845,1979,929
22,11715,11836,183,1830,1978,812
22,11715,11836,184,1814,1978,675
22,11715,11836,185,1799,1977,537
22,11715,11836,186,1786,1975,396
22,11715,11836,187,1769,1974,256
22,11715,11836,188,1759,1974,215
22,11715,11836,189,1761,1974,234
22,11715,11836,190,1762,1975,244
22,11715,11836,191,1764,1975,255
22,11715,11836,192,1766,1975,274
22,11715,11836,193,1767,1975,286
22,11715,11836,194,1770,1975,300
22,11715,11836,195,1770,1975,315
22,11715,11836,196,1772,1975,326
22,11715,11836,197,1772,1976,345
22,11715,11836,198,1776,1976,367
22,11715,11836,199,1776,1976,370
22,11715,11836,200,1778,1976,385
22,11715,11836,201,1779,1976,400
22,11715,11836,202,1780,1976,414
22,11715,11836,203,1782,1976,429
22,11715,11836,204,1783,1976,444
22,11715,11836,205,1785,1976,458
22,11715,11836,206,1787,1977,474
22,11715,11836,207,1789,1977,487
22,11715,11836,208,1790,1977,501
22,11715,11836,209,1792,1977,514
22,11715,11836,210,1794,1977,527
22,11715,11836,211,1795,1978,542
22,11715,11836,212,1796,1978,555
22,11715,11836,213,1798,1978,569
22,11715,11836,214,1800,1978,585
22,11715,11836,215,1801,1977,601
22,11715,11836,216,1803,1978,610
22,11715,11836,217,1805,1979,629
22,11715,11836,218,1806,1978,642
22,11715,11836,219,1808,1979,650
22,11715,11836,220,1811,1978,669
22,11715,11836,221,1812,1979,686
22,11715,11836,222,1813,1979,700
22,11715,11836,223,1815,1979,713
22,11715,11836,224,1816,1979,725
22,11715,11836,225,1818,1979,738
22,11715,11836,226,1820,1979,757
22,11715,11836,227,1823,1979,768
22,11715,11836,228,1824,1979,783
22,11715,11836,229,1826,1979,798
22,11715,11836,230,1828,1979,814
22,11715,11836,231,1829,1980,824
22,11715,11836,232,1830,1980,839
22,11715,11836,233,1833,1980,856
22,11715,11836,234,1834,1979,870
22,11715,11836,235,1835,1980,885
22,11715,11836,236,1836,1980,895
22,11715,11836,237,1839,1980,914
22,11715,11836,238,1842,1980,928
22,11715,11836,239,1841,1980,939
22,11715,11836,240,1844,1981,958
22,11715,11836,241,1848,1981,968
22,11715,11836,242,1847,1980,981
22,11715,11836,243,1849,1979,997
22,11715,11836,244,1851,1980,1010
22,11715,11836,245,1852,1980,1026
22,11715,11836,246,1855,1980,1041
22,11715,11836,247,1855,1980,1051
22,11715,11836,248,1858,1980,1067
22,11715,11836,249,1860,1980,1084
22,11715,11836,250,1861,1981,1095
22,11715,11836,251,1863,1981,1108
22,11715,11836,252,1865,1980,1126
22,11715,11836,253,1867,1980,1137
22,11715,11836,254,1868,1980,1153
22,11715,11836,255,1870,1981,1170
22,11715,11836,256,1872,1981,1181
22,11715,11836,257,1874,1981,1197
22,11715,11836,258,1876,1981,1211
22,11715,11836,259,1877,1981,1224
22,11715,11836,260,1880,1981,1239
22,11715,11836,261,1881,1981,1252
22,11715,11836,262,1882,1982,1265
22,11715,11836,263,1884,1982,1283
22,11715,11836,264,1886,1982,1300
22,11715,11836,265,1888,1982,1307
22,11715,11836,266,1889,1981,1322
22,11715,11836,267,1890,1981,1325
22,11715,11836,268,1888,1981,1309
22,11715,11836,269,1886,1981,1295
22,11715,11836,270,1886,1981,1280
22,11715,11836,271,1883,1981,1264
22,11715,11836,272,1881,1981,1253
22,11715,11836,273,1879,1981,1238
22,11715,11836,274,1877,1981,1225
22,11715,11836,275,1875,1981,1209
22,11715,11836,276,1874,1981,1193
22,11715,11836,277,1872,1980,1179
22,11715,11836,278,1871,1980,1157
22,11715,11836,279,1869,1980,1151
22,11715,11836,280,1867,1981,1137
22,11715,11836,281,1865,1981,1125
22,11715,11836,282,1863,1981,1109
22,11715,11836,283,1861,1980,1095
22,11715,11836,284,1860,1981,1080
22,11715,11836,285,1858,1980,1069
22,11715,11836,286,1856,1980,1060
22,11715,11836,287,1854,1980,1028
22,11715,11836,288,1852,1981,1023
22,11715,11836,289,1850,1980,1010
22,11715,11836,290,1848,1980,996
22,11715,11836,291,1848,1980,983
22,11715,11836,292,1846,1980,968
22,11715,11836,293,1846,1980,953
22,11715,11836,294,1842,1980,914
22,11715,11836,295,1840,1980,926
22,11715,11836,296,1839,1979,913
22,11715,11836,297,1837,1979,897
22,11715,11836,298,1835,1979,874
22,11715,11836,299,1833,1979,869
22,11715,11836,300,1832,1980,855
22,11715,11836,301,1830,1979,839
22,11715,11836,302,1829,1979,819
22,11715,11836,303,1827,1979,811
22,11715,11836,304,1825,1978,796
22,11715,11836,305,1825,1979,781
22,11715,11836,306,1822,1978,762
22,11715,11836,307,1821,1979,753
22,11715,11836,308,1818,1979,742
22,11715,11836,309,1817,1979,725
22,11715,11836,310,1814,1979,711
22,11715,11836,311,1813,1979,701
22,11715,11836,312,1811,1979,683
22,11715,11836,313,1810,1979,671
22,11715,11836,314,1807,1978,660
22,11715,11836,315,1807,1978,640
22,11715,11836,316,1805,1979,628
22,11715,11836,317,1804,1978,613
22,11715,11836,318,1802,1977,600
22,11715,11836,319,1800,1978,585
22,11715,11836,320,1797,1978,572
22,11715,11836,321,1797,1977,559
22,11715,11836,322,1795,1977,542
22,11715,11836,323,1794,1978,527
22,11715,11836,324,1792,1977,516
22,11715,11836,325,1791,1977,499
22,11715,11836,326,1789,1977,485
22,11715,11836,327,1788,1976,468
22,11715,11836,328,1785,1977,460
22,11715,11836,329,1785,1976,442
22,11715,11836,330,1783,1976,427
22,11715,11836,331,1782,1976,412
22,11715,11836,332,1778,1976,399
22,11715,11836,333,1777,1976,389
22,11715,11836,334,1776,1976,370
22,11715,11836,335,1775,1975,356
22,11715,11836,336,1774,1975,344
22,11715,11836,337,1772,1975,328
22,11715,11836,338,1769,1976,317
22,11715,11836,339,1768,1975,300
22,11715,11836,340,1767,1975,287
22,11715,11836,341,1765,1974,272
22,11715,11836,342,1764,1974,263
22,11715,11836,343,1762,1974,242
22,11715,11836,344,1760,1974,230
22,11715,11836,345,1758,1974,215
22,11715,11836,346,1757,1973,203
22,11715,11836,347,1756,1973,185
22,11715,11836,348,1758,1974,203
22,11715,11836,349,1763,1975,280
22,11715,11836,350,1775,1977,360
22,11715,11836,351,1782,1977,438
22,11715,11836,352,1792,1977,551
22,11715,11836,353,1805,1979,654
22,11715,11836,354,1818,1980,772
22,11715,11836,355,1834,1980,887
23,11889,12010,0,1981,2021,1174
23,11889,12010,1,1874,1983,1221
23,11889,12010,2,1885,1981,1301
23,11889,12010,3,1895,1982,1373
23,11889,12010,4,1907,1982,1484
23,11889,12010,5,1918,1983,1576
23,11889,12010,6,1939,1983,1745
23,11889,12010,7,1951,1984,1835
23,11889,12010,8,1970,1984,1953
23,11889,12010,9,1985,1984,2090
23,11889,12010,10,2007,1984,2226
23,11889,12010,11,2026,1985,2379
23,11889,12010,12,2047,1984,2496
23,11889,12010,13,2064,1985,2663
23,11889,12010,14,2084,1985,2804
23,11889,12010,15,2105,1986,2938
23,11889,12010,16,2127,1986,3084
23,11889,12010,17,2144,1986,3243
23,11889,12010,18,2164,1985,3367
23,11889,12010,19,2181,1986,3484
23,11889,12010,20,2185,1985,3500
23,11889,12010,21,2186,1986,3473
23,11889,12010,22,2184,1985,3474
23,11889,12010,23,2185,1986,3475
23,11889,12010,24,2183,1986,3468
23,11889,12010,25,2181,1986,3455
23,11889,12010,26,2179,1985,3442
23,11889,12010,27,2178,1986,3429
23,11889,12010,28,2175,1985,3416
23,11889,12010,29,2174,1986,3399
23,11889,12010,30,2171,1985,3382
23,11889,12010,31,2169,1985,3369
23,11889,12010,32,2167,1985,3357
23,11889,12010,33,2165,1985,3344
23,11889,12010,34,2164,1986,3330
23,11889,12010,35,2162,1985,3313
23,11889,12010,36,2160,1985,3298
23,11889,12010,37,2156,1984,3285
23,11889,12010,38,2156,1985,3269
23,11889,12010,39,2155,1984,3254
23,11889,12010,40,2152,1985,3242
23,11889,12010,41,2150,1985,3228
23,11889,12010,42,2147,1985,3216
23,11889,12010,43,2146,1985,3199
23,11889,12010,44,2144,1985,3184
23,11889,12010,45,2142,1985,3171
23,11889,12010,46,2140,1985,3157
23,11889,12010,47,2140,1985,3144
23,11889,12010,48,2136,1984,3129
23,11889,12010,49,2134,1985,3113
23,11889,12010,50,2132,1985,3099
23,11889,12010,51,2130,1984,3085
23,11889,12010,52,2128,1985,3073
23,11889,12010,53,2126,1985,3059
23,11889,12010,54,2125,1984,3042
23,11889,12010,55,2122,1985,3031
23,11889,12010,56,2121,1985,3016
23,11889,12010,57,2118,1985,3001
23,11889,12010,58,2116,1985,2986
23,11889,12010,59,2114,1984,2972
23,11889,12010,60,2113,1984,2959
23,11889,12010,61,2110,1985,2944
23,11889,12010,62,2108,1985,2930
23,11889,12010,63,2110,1984,2917
23,11889,12010,64,2105,1984,2901
23,11889,12010,65,2104,1984,2886
23,11889,12010,66,2101,1985,2873
23,11889,12010,67,2098,1984,2862
23,11889,12010,68,2097,1984,2841
23,11889,12010,69,2095,1984,2832
23,11889,12010,70,2093,1984,2815
23,11889,12010,71,2091,1984,2804
23,11889,12010,72,2089,1984,2787
23,11889,12010,73,2087,1984,2775
23,11889,12010,74,2086,1984,2758
23,11889,12010,75,2083,1984,2744
23,11889,12010,76,2082,1984,2730
23,11889,12010,77,2079,1983,2718
23,11889,12010,78,2077,1984,2705
23,11889,12010,79,2075,1984,2689
23,11889,12010,80,2074,1983,2676
23,11889,12010,81,2075,1984,2660
23,11889,12010,82,2069,1984,2647
23,11889,12010,83,2067,1984,2633
23,11889,12010,84,2066,1984,2620
23,11889,12010,85,2064,1984,2604
23,11889,12010,86,2062,1984,2590
23,11889,12010,87,2060,1984,2572
23,11889,12010,88,2058,1984,2561
23,11889,12010,89,2058,1984,2563
23,11889,12010,90,2059,1984,2574
23,11889,12010,91,2062,1983,2589
23,11889,12010,92,2064,1983,2604
23,11889,12010,93,2066,1984,2617
23,11889,12010,94,2068,1984,2635
23,11889,12010,95,2070,1984,2642
23,11889,12010,96,2071,1985,2662
23,11889,12010,97,2073,1984,2676
23,11889,12010,98,2075,1984,2690
23,11889,12010,99,2079,1985,2704
23,11889,12010,100,2079,1985,2713
23,11889,12010,101,2082,1984,2732
23,11889,12010,102,2079,1984,2746
23,11889,12010,103,2086,1984,2758
23,11889,12010,104,2087,1984,2781
23,11889,12010,105,2089,1984,2787
23,11889,12010,106,2092,1984,2802
23,11889,12010,107,2093,1984,2814
23,11889,12010,108,2095,1984,2831
23,11889,12010,109,2096,1984,2844
23,11889,12010,110,2099,1984,2856
23,11889,12010,111,2101,1984,2871
23,11889,12010,112,2102,1984,2882
23,11889,12010,113,2105,1984,2902
23,11889,12010,114,2106,1984,2915
23,11889,12010,115,2108,1984,2929
23,11889,12010,116,2110,1985,2943
23,11889,12010,117,2111,1984,2956
23,11889,12010,118,2114,1985,2953
23,11889,12010,119,2116,1985,2989
23,11889,12010,120,2118,1984,3003
23,11889,12010,121,2120,1985,3019
23,11889,12010,122,2122,1985,3031
23,11889,12010,123,2125,1985,3043
23,11889,12010,124,2126,1985,3057
23,11889,12010,125,2128,1985,3072
23,11889,12010,126,2130,1985,3085
23,11889,12010,127,2132,1985,3100
23,11889,12010,128,2134,1985,3113
23,11889,12010,129,2136,1984,3125
23,11889,12010,130,2139,1985,3144
23,11889,12010,131,2138,1985,3157
23,11889,12010,132,2141,1985,3174
23,11889,12010,133,2144,1986,3190
23,11889,12010,134,2147,1986,3200
23,11889,12010,135,2148,1986,3213
23,11889,12010,136,2150,1985,3231
23,11889,12010,137,2152,1985,3243
23,11889,12010,138,2153,1986,3258
23,11889,12010,139,2152,1985,3268
23,11889,12010,140,2159,1985,3286
23,11889,12010,141,2159,1985,3301
23,11889,12010,142,2161,1986,3313
23,11889,12010,143,2164,1986,3334
23,11889,12010,144,2166,1986,3340
23,11889,12010,145,2167,1986,3348
23,11889,12010,146,2170,1986,3369
23,11889,12010,147,2171,1986,3382
23,11889,12010,148,2174,1985,3396
23,11889,12010,149,2176,1985,3414
23,11889,12010,150,2177,1986,3427
23,11889,12010,151,2179,1986,3440
23,11889,12010,152,2182,1985,3456
23,11889,12010,153,2182,1986,3468
23,11889,12010,154,2183,1986,3476
23,11889,12010,155,2184,1985,3474
23,11889,12010,156,2184,1986,3473
23,11889,12010,157,2185,1985,3498
23,11889,12010,158,2189,1986,3504
23,11889,12010,159,2192,1986,3514
23,11889,12010,160,2190,1986,3519
23,11889,12010,161,2191,1986,3512
23,11889,12010,162,2188,1985,3469
23,11889,12010,163,2173,1985,3364
23,11889,12010,164,2160,1984,3255
23,11889,12010,165,2145,1984,3149
23,11889,12010,166,2127,1983,2986
23,11889,12010,167,2110,1985,2889
23,11889,12010,168,2093,1984,2762
23,11889,12010,169,2073,1983,2644
23,11889,12010,170,2058,1983,2508
23,11889,12010,171,2038,1982,2377
23,11889,12010,172,2026,1982,2265
23,11889,12010,173,2007,1982,2128
23,11889,12010,174,1989,1982,2013
23,11889,12010,175,1970,1981,1883
23,11889,12010,176,1951,1982,1750
23,11889,12010,177,1933,1981,1607
23,11889,12010,178,1925,1981,1529
23,11889,12010,179,1908,1980,1405
23,11889,12010,180,1891,1979,1260
23,11889,12010,181,1871,1980,1132
23,11889,12010,182,1854,1979,977
23,11889,12010,183,1834,1979,849
23,11889,12010,184,1821,1977,668
23,11889,12010,185,1800,1977,555
23,11889,12010,186,1787,1976,416
23,11889,12010,187,1770,1975,277
23,11889,12010,188,1758,1974,218
23,11889,12010,189,1760,1974,233
23,11889,12010,190,1762,1974,244
23,11889,12010,191,1764,1974,259
23,11889,12010,192,1765,1975,273
23,11889,12010,193,1767,1975,286
23,11889,12010,194,1767,1975,299
23,11889,12010,195,1770,1976,314
23,11889,12010,196,1772,1976,329
23,11889,12010,197,1773,1975,342
23,11889,12010,198,1774,1976,355
23,11889,12010,199,1776,1976,372
23,11889,12010,200,1778,1976,388
23,11889,12010,201,1779,1976,400
23,11889,12010,202,1781,1977,415
23,11889,12010,203,1783,1977,428
23,11889,12010,204,1784,1977,443
23,11889,12010,205,1786,1977,456
23,11889,12010,206,1788,1977,472
23,11889,12010,207,1790,1977,483
23,11889,12010,208,1790,1977,498
23,11889,12010,209,1793,1977,512
23,11889,12010,210,1794,1977,531
23,11889,12010,211,1795,1977,543
23,11889,12010,212,1797,1977,551
23,11889,12010,213,1799,1978,569
23,11889,12010,214,1799,1978,582
23,11889,12010,215,1801,1977,597
23,11889,12010,216,1804,1978,613
23,11889,12010,217,1805,1978,625
23,11889,12010,218,1807,1979,643
23,11889,12010,219,1808,1978,653
23,11889,12010,220,1810,1980,672
23,11889,12010,221,1812,1979,683
23,11889,12010,222,1814,1979,698
23,11889,12010,223,1816,1979,718
23,11889,12010,224,1817,1979,728
23,11889,12010,225,1818,1979,740
23,11889,12010,226,1820,1979,757
23,11889,12010,227,1822,1979,772
23,11889,12010,228,1824,1979,786
23,11889,12010,229,1825,1980,799
23,11889,12010,230,1828,1980,810
23,11889,12010,231,1828,1980,828
23,11889,12010,232,1830,1979,841
23,11889,12010,233,1832,1980,853
23,11889,12010,234,1834,1980,866
23,11889,12010,235,1835,1979,874
23,11889,12010,236,1838,1980,901
23,11889,12010,237,1838,1980,910
23,11889,12010,238,1841,1980,925
23,11889,12010,239,1842,1980,940
23,11889,12010,240,1844,1980,954
23,11889,12010,241,1846,1980,966
23,11889,12010,242,1848,1980,982
23,11889,12010,243,1848,1980,994
23,11889,12010,244,1850,1980,1008
23,11889,12010,245,1852,1980,1027
23,11889,12010,246,1854,1980,1037
23,11889,12010,247,1856,1980,1052
23,11889,12010,248,1858,1980,1070
23,11889,12010,249,1860,1980,1082
23,11889,12010,250,1862,1980,1095
23,11889,12010,251,1864,1980,1110
23,11889,12010,252,1865,1980,1124
23,11889,12010,253,1867,1981,1145
23,11889,12010,254,1868,1981,1153
23,11889,12010,255,1870,1981,1167
23,11889,12010,256,1872,1981,1184
23,11889,12010,257,1874,1981,1195
23,11889,12010,258,1875,1981,1207
23,11889,12010,259,1877,1981,1222
23,11889,12010,260,1879,1981,1234
23,11889,12010,261,1881,1981,1252
23,11889,12010,262,1883,1981,1266
23,11889,12010,263,1884,1982,1281
23,11889,12010,264,1886,1981,1291
23,11889,12010,265,1889,1981,1308
23,11889,12010,266,1888,1981,1326
23,11889,12010,267,1890,1981,1322
23,11889,12010,268,1889,1981,1308
23,11889,12010,269,1887,1981,1294
23,11889,12010,270,1884,1981,1280
23,11889,12010,271,1883,1981,1268
23,11889,12010,272,1881,1980,1253
23,11889,12010,273,1879,1981,1236
23,11889,12010,274,1877,1981,1223
23,11889,12010,275,1876,1980,1208
23,11889,12010,276,1874,1981,1196
23,11889,12010,277,1872,1981,1182
23,11889,12010,278,1870,1980,1167
23,11889,12010,279,1869,1980,1155
23,11889,12010,280,1867,1980,1139
23,11889,12010,281,1865,1980,1124
23,11889,12010,282,1863,1980,1110
23,11889,12010,283,1861,1981,1096
23,11889,12010,284,1860,1980,1082
23,11889,12010,285,1859,1980,1064
23,11889,12010,286,1856,1980,1053
23,11889,12010,287,1854,1980,1040
23,11889,12010,288,1852,1980,1025
23,11889,12010,289,1850,1980,1009
23,11889,12010,290,1850,1980,994
23,11889,12010,291,1847,1980,982
23,11889,12010,292,1846,1980,968
23,11889,12010,293,1844,1980,953
23,11889,12010,294,1843,1980,954
23,11889,12010,295,1840,1980,926
23,11889,12010,296,1839,1980,908
23,11889,12010,297,1837,1980,902
23,11889,12010,298,1836,1980,887
23,11889,12010,299,1833,1980,870
23,11889,12010,300,1832,1979,853
23,11889,12010,301,1830,1979,840
23,11889,12010,302,1829,1980,825
23,11889,12010,303,1826,1979,811
23,11889,12010,304,1826,1978,798
23,11889,12010,305,1823,1979,784
23,11889,12010,306,1822,1979,768
23,11889,12010,307,1821,1979,755
23,11889,12010,308,1818,1979,737
23,11889,12010,309,1817,1979,728
23,11889,12010,310,1815,1978,712
23,11889,12010,311,1814,1978,701
23,11889,12010,312,1812,1978,682
23,11889,12010,313,1809,1978,667
23,11889,12010,314,1809,1978,658
23,11889,12010,315,1806,1978,641
23,11889,12010,316,1805,1978,627
23,11889,12010,317,1804,1978,614
23,11889,12010,318,1802,1978,597
23,11889,12010,319,1800,1977,586
23,11889,12010,320,1798,1978,571
23,11889,12010,321,1797,1977,559
23,11889,12010,322,1795,1977,542
23,11889,12010,323,1794,1977,527
23,11889,12010,324,1792,1977,512
23,11889,12010,325,1791,1977,502
23,11889,12010,326,1788,1976,484
23,11889,12010,327,1787,1977,471
23,11889,12010,328,1786,1977,461
23,11889,12010,329,1785,1977,444
23,11889,12010,330,1782,1977,428
23,11889,12010,331,1780,1976,422
23,11889,12010,332,1780,1976,399
23,11889,12010,333,1777,1976,387
23,11889,12010,334,1776,1976,372
23,11889,12010,335,1776,1976,358
23,11889,12010,336,1773,1976,344
23,11889,12010,337,1771,1976,329
23,11889,12010,338,1770,1976,312
23,11889,12010,339,1768,1976,301
23,11889,12010,340,1767,1975,282
23,11889,12010,341,1766,1975,272
23,11889,12010,342,1763,1974,261
23,11889,12010,343,1762,1975,243
23,11889,12010,344,1760,1974,232
23,11889,12010,345,1759,1974,213
23,11889,12010,346,1758,1974,200
23,11889,12010,347,1756,1973,186
23,11889,12010,348,1755,1973,174
23,11889,12010,349,1756,1974,194
23,11889,12010,350,1765,1975,272
23,11889,12010,351,1775,1977,381
23,11889,12010,352,1785,1977,480
23,11889,12010,353,1799,1979,600
23,11889,12010,354,1813,1979,726
23,11889,12010,355,1828,1980,853
24,12064,12184,0,1981,2021,1185
24,12064,12184,1,1880,1982,1248
24,12064,12184,2,1890,1982,1350
24,12064,12184,3,1904,1982,1466
24,12064,12184,4,1919,1982,1578
24,12064,12184,5,1934,1983,1697
24,12064,12184,6,1952,1983,1805
24,12064,12184,7,1965,1983,1941
24,12064,12184,8,1986,1984,2064
24,12064,12184,9,2001,1984,2187
24,12064,12184,10,2022,1984,2322
24,12064,12184,11,2037,1985,2450
24,12064,12184,12,2056,1985,2585
24,12064,12184,13,2072,1985,2699
24,12064,12184,14,2091,1985,2851
24,12064,12184,15,2109,1985,2974
24,12064,12184,16,2132,1985,3112
24,12064,12184,17,2146,1986,3256
24,12064,12184,18,2165,1986,3386
24,12064,12184,19,2181,1986,3484
24,12064,12184,20,2187,1985,3493
24,12064,12184,21,2187,1985,3473
24,12064,12184,22,2184,1986,3474
24,12064,12184,23,2184,1986,3477
24,12064,12184,24,2183,1985,3472
24,12064,12184,25,2181,1985,3457
24,12064,12184,26,2179,1985,3445
24,12064,12184,27,2177,1986,3428
24,12064,12184,28,2175,1985,3415
24,12064,12184,29,2174,1986,3399
24,12064,12184,30,2172,1985,3387
24,12064,12184,31,2170,1985,3370
24,12064,12184,32,2168,1986,3363
24,12064,12184,33,2165,1986,3341
24,12064,12184,34,2164,1985,3328
24,12064,12184,35,2161,1985,3314
24,12064,12184,36,2160,1985,3301
24,12064,12184,37,2159,1985,3285
24,12064,12184,38,2157,1985,3268
24,12064,12184,39,2155,1985,3259
24,12064,12184,40,2153,1985,3243
24,12064,12184,41,2151,1985,3228
24,12064,12184,42,2148,1985,3214
24,12064,12184,43,2146,1985,3201
24,12064,12184,44,2144,1985,3181
24,12064,12184,45,2142,1985,3169
24,12064,12184,46,2140,1985,3156
24,12064,12184,47,2138,1984,3146
24,12064,12184,48,2136,1985,3129
24,12064,12184,49,2135,1985,3113
24,12064,12184,50,2133,1985,3103
24,12064,12184,51,2130,1985,3086
24,12064,12184,52,2128,1985,3074
24,12064,12184,53,2127,1984,3055
24,12064,12184,54,2124,1984,3043
24,12064,12184,55,2123,1985,3027
24,12064,12184,56,2121,1984,3014
24,12064,12184,57,2118,1985,3004
24,12064,12184,58,2115,1985,2984
24,12064,12184,59,2115,1984,2971
24,12064,12184,60,2112,1984,2954
24,12064,12184,61,2110,1985,2942
24,12064,12184,62,2108,1984,2929
24,12064,12184,63,2107,1985,2915
24,12064,12184,64,2104,1984,2901
24,12064,12184,65,2103,1985,2886
24,12064,12184,66,2100,1985,2870
24,12064,12184,67,2099,1985,2858
24,12064,12184,68,2097,1984,2847
24,12064,12184,69,2096,1984,2824
24,12064,12184,70,2093,1984,2816
24,12064,12184,71,2091,1984,2801
24,12064,12184,72,2089,1984,2786
24,12064,12184,73,2088,1984,2773
24,12064,12184,74,2086,1985,2760
24,12064,12184,75,2084,1984,2745
24,12064,12184,76,2080,1984,2733
24,12064,12184,77,2080,1984,2718
24,12064,12184,78,2078,1984,2703
24,12064,12184,79,2075,1984,2691
24,12064,12184,80,2075,1984,2674
24,12064,12184,81,2071,1984,2661
24,12064,12184,82,2071,1984,2647
24,12064,12184,83,2068,1984,2631
24,12064,12184,84,2067,1985,2617
24,12064,12184,85,2063,1984,2608
24,12064,12184,86,2062,1985,2591
24,12064,12184,87,2060,1984,2583
24,12064,12184,88,2058,1984,2560
24,12064,12184,89,2058,1984,2562
24,12064,12184,90,2060,1984,2575
24,12064,12184,91,2060,1984,2589
24,12064,12184,92,2064,1984,2600
24,12064,12184,93,2066,1984,2618
24,12064,12184,94,2068,1984,2629
24,12064,12184,95,2069,1984,2647
24,12064,12184,96,2072,1984,2659
24,12064,12184,97,2073,1984,2672
24,12064,12184,98,2078,1984,2686
24,12064,12184,99,2077,1984,2707
24,12064,12184,100,2080,1984,2719
24,12064,12184,101,2081,1984,2730
24,12064,12184,102,2083,1984,2746
24,12064,12184,103,2085,1984,2761
24,12064,12184,104,2088,1984,2774
24,12064,12184,105,2089,1984,2786
24,12064,12184,106,2091,1984,2809
24,12064,12184,107,2093,1984,2818
24,12064,12184,108,2096,1984,2827
24,12064,12184,109,2097,1984,2847
24,12064,12184,110,2098,1984,2861
24,12064,12184,111,2101,1984,2873
24,12064,12184,112,2103,1985,2890
24,12064,12184,113,2105,1985,2903
24,12064,12184,114,2107,1984,2916
24,12064,12184,115,2108,1985,2927
24,12064,12184,116,2111,1985,2943
24,12064,12184,117,2113,1985,2960
24,12064,12184,118,2113,1985,2971
24,12064,12184,119,2117,1985,2991
24,12064,12184,120,2118,1985,3002
24,12064,12184,121,2121,1985,3019
24,12064,12184,122,2122,1985,3030
24,12064,12184,123,2124,1985,3029
24,12064,12184,124,2127,1985,3057
24,12064,12184,125,2128,1985,3072
24,12064,12184,126,2131,1985,3085
24,12064,12184,127,2131,1985,3091
24,12064,12184,128,2135,1986,3108
24,12064,12184,129,2136,1985,3127
24,12064,12184,130,2139,1985,3143
24,12064,12184,131,2140,1986,3154
24,12064,12184,132,2142,1985,3171
24,12064,12184,133,2144,1985,3186
24,12064,12184,134,2146,1985,3202
24,12064,12184,135,2148,1985,3213
24,12064,12184,136,2150,1986,3229
24,12064,12184,137,2152,1985,3243
24,12064,12184,138,2154,1985,3258
24,12064,12184,139,2156,1986,3270
24,12064,12184,140,2155,1985,3285
24,12064,12184,141,2160,1985,3299
24,12064,12184,142,2162,1985,3315
24,12064,12184,143,2165,1985,3326
24,12064,12184,144,2166,1985,3342
24,12064,12184,145,2168,1986,3356
24,12064,12184,146,2170,1986,3373
24,12064,12184,147,2172,1986,3385
24,12064,12184,148,2173,1986,3397
24,12064,12184,149,2171,1986,3410
24,12064,12184,150,2177,1986,3428
24,12064,12184,151,2180,1986,3440
24,12064,12184,152,2181,1985,3456
24,12064,12184,153,2183,1986,3471
24,12064,12184,154,2185,1985,3479
24,12064,12184,155,2184,1985,3474
24,12064,12184,156,2184,1985,3473
24,12064,12184,157,2186,1986,3490
24,12064,12184,158,2188,1986,3497
24,12064,12184,159,2189,1986,3512
24,12064,12184,160,2192,1987,3521
24,12064,12184,161,2191,1985,3515
24,12064,12184,162,2188,1985,3471
24,12064,12184,163,2175,1984,3372
24,12064,12184,164,2158,1985,3269
24,12064,12184,165,2147,1984,3155
24,12064,12184,166,2127,1984,3032
24,12064,12184,167,2114,1984,2909
24,12064,12184,168,2094,1983,2781
24,12064,12184,169,2078,1983,2654
24,12064,12184,170,2060,1983,2519
24,12064,12184,171,2043,1982,2384
24,12064,12184,172,2021,1983,2256
24,12064,12184,173,2003,1982,2107
24,12064,12184,174,1983,1981,1941
24,12064,12184,175,1960,1981,1783
24,12064,12184,176,1940,1980,1645
24,12064,12184,177,1920,1980,1496
24,12064,12184,178,1910,1981,1429
24,12064,12184,179,1891,1981,1289
24,12064,12184,180,1876,1980,1173
24,12064,12184,181,1859,1979,1017
24,12064,12184,182,1849,1979,907
24,12064,12184,183,1827,1979,780
24,12064,12184,184,1814,1978,654
24,12064,12184,185,1794,1977,512
24,12064,12184,186,1782,1975,383
24,12064,12184,187,1768,1974,251
24,12064,12184,188,1758,1973,214
24,12064,12184,189,1760,1975,230
24,12064,12184,190,1763,1974,246
24,12064,12184,191,1764,1974,257
24,12064,12184,192,1765,1975,274
24,12064,12184,193,1766,1975,287
24,12064,12184,194,1768,1974,297
24,12064,12184,195,1770,1975,320
24,12064,12184,196,1771,1975,330
24,12064,12184,197,1773,1976,340
24,12064,12184,198,1774,1975,357
24,12064,12184,199,1777,1976,371
24,12064,12184,200,1774,1976,387
24,12064,12184,201,1780,1977,400
24,12064,12184,202,1780,1976,417
24,12064,12184,203,1783,1977,429
24,12064,12184,204,1783,1977,443
24,12064,12184,205,1786,1976,458
24,12064,12184,206,1787,1976,471
24,12064,12184,207,1788,1977,485
24,12064,12184,208,1790,1978,498
24,12064,12184,209,1792,1977,515
24,12064,12184,210,1794,1978,528
24,12064,12184,211,1796,1977,546
24,12064,12184,212,1797,1978,564
24,12064,12184,213,1799,1978,570
24,12064,12184,214,1800,1978,587
24,12064,12184,215,1802,1977,586
24,12064,12184,216,1804,1978,603
24,12064,12184,217,1805,1978,630
24,12064,12184,218,1807,1978,643
24,12064,12184,219,1809,1978,655
24,12064,12184,220,1810,1978,669
24,12064,12184,221,1813,1979,684
24,12064,12184,222,1813,1978,710
24,12064,12184,223,1815,1979,714
24,12064,12184,224,1816,1979,726
24,12064,12184,225,1820,1979,740
24,12064,12184,226,1820,1979,752
24,12064,12184,227,1822,1980,768
24,12064,12184,228,1823,1979,784
24,12064,12184,229,1825,1979,797
24,12064,12184,230,1827,1979,812
24,12064,12184,231,1829,1979,827
24,12064,12184,232,1830,1980,841
24,12064,12184,233,1831,1980,854
24,12064,12184,234,1834,1980,871
24,12064,12184,235,1835,1979,884
24,12064,12184,236,1837,1980,897
24,12064,12184,237,1838,1979,910
24,12064,12184,238,1841,1980,925
24,12064,12184,239,1842,1980,943
24,12064,12184,240,1844,1980,957
24,12064,12184,241,1845,1980,968
24,12064,12184,242,1847,1980,984
24,12064,12184,243,1849,1980,1001
24,12064,12184,244,1850,1981,1008
24,12064,12184,245,1851,1980,1024
24,12064,12184,246,1853,1981,1038
24,12064,12184,247,1856,1981,1055
24,12064,12184,248,1858,1980,1066
24,12064,12184,249,1859,1981,1082
24,12064,12184,250,1861,1980,1097
24,12064,12184,251,1863,1980,1110
24,12064,12184,252,1865,1981,1125
24,12064,12184,253,1866,1980,1139
24,12064,12184,254,1869,1981,1152
24,12064,12184,255,1870,1980,1168
24,12064,12184,256,1872,1981,1182
24,12064,12184,257,1874,1980,1194
24,12064,12184,258,1876,1981,1208
24,12064,12184,259,1877,1981,1223
24,12064,12184,260,1879,1981,1236
24,12064,12184,261,1881,1981,1252
24,12064,12184,262,1883,1981,1268
24,12064,12184,263,1885,1981,1279
24,12064,12184,264,1886,1981,1295
24,12064,12184,265,1889,1981,1309
24,12064,12184,266,1889,1981,1323
24,12064,12184,267,1891,1982,1326
24,12064,12184,268,1888,1981,1309
24,12064,12184,269,1887,1981,1294
24,12064,12184,270,1885,1981,1278
24,12064,12184,271,1883,1981,1268
24,12064,12184,272,1881,1980,1252
24,12064,12184,273,1879,1981,1236
24,12064,12184,274,1878,1981,1222
24,12064,12184,275,1876,1981,1211
24,12064,12184,276,1874,1981,1191
24,12064,12184,277,1872,1980,1180
24,12064,12184,278,1871,1981,1169
24,12064,12184,279,1868,1981,1153
24,12064,12184,280,1867,1980,1141
24,12064,12184,281,1866,1981,1123
24,12064,12184,282,1863,1980,1112
24,12064,12184,283,1861,1980,1097
24,12064,12184,284,1860,1981,1081
24,12064,12184,285,1858,1980,1076
24,12064,12184,286,1856,1981,1058
24,12064,12184,287,1854,1980,1038
24,12064,12184,288,1852,1980,1023
24,12064,12184,289,1850,1980,1011
24,12064,12184,290,1849,1979,1000
24,12064,12184,291,1848,1980,982
24,12064,12184,292,1846,1980,967
24,12064,12184,293,1843,1980,954
24,12064,12184,294,1842,1980,940
24,12064,12184,295,1839,1980,927
24,12064,12184,296,1839,1980,912
24,12064,12184,297,1837,1980,898
24,12064,12184,298,1835,1980,887
24,12064,12184,299,1833,1979,869
24,12064,12184,300,1831,1980,851
24,12064,12184,301,1830,1979,829
24,12064,12184,302,1828,1980,827
24,12064,12184,303,1827,1979,813
24,12064,12184,304,1825,1979,800
24,12064,12184,305,1823,1979,783
24,12064,12184,306,1822,1979,767
24,12064,12184,307,1820,1979,756
24,12064,12184,308,1819,1978,742
24,12064,12184,309,1817,1978,725
24,12064,12184,310,1815,1979,710
24,12064,12184,311,1813,1979,698
24,12064,12184,312,1812,1978,683
24,12064,12184,313,1810,1978,669
24,12064,12184,314,1809,1978,646
24,12064,12184,315,1807,1978,641
24,12064,12184,316,1806,1978,628
24,12064,12184,317,1803,1978,616
24,12064,12184,318,1802,1978,598
24,12064,12184,319,1800,1978,583
24,12064,12184,320,1798,1977,573
24,12064,12184,321,1798,1977,557
24,12064,12184,322,1795,1978,541
24,12064,12184,323,1795,1978,530
24,12064,12184,324,1792,1977,511
24,12064,12184,325,1791,1978,504
24,12064,12184,326,1790,1977,483
24,12064,12184,327,1788,1977,474
24,12064,12184,328,1786,1976,455
24,12064,12184,329,1784,1977,444
24,12064,12184,330,1782,1976,430
24,12064,12184,331,1782,1977,414
24,12064,12184,332,1779,1976,404
24,12064,12184,333,1778,1976,383
24,12064,12184,334,1776,1976,372
24,12064,12184,335,1775,1976,361
24,12064,12184,336,1774,1975,344
24,12064,12184,337,1772,1976,330
24,12064,12184,338,1770,1975,315
24,12064,12184,339,1768,1975,309
24,12064,12184,340,1766,1975,289
24,12064,12184,341,1766,1975,274
24,12064,12184,342,1763,1975,258
24,12064,12184,343,1762,1974,243
24,12064,12184,344,1760,1974,229
24,12064,12184,345,1759,1974,213
24,12064,12184,346,1757,1973,203
24,12064,12184,347,1756,1974,188
24,12064,12184,348,1755,1974,192
24,12064,12184,349,1764,1975,276
24,12064,12184,350,1774,1976,362
24,12064,12184,351,1785,1977,463
24,12064,12184,352,1796,1978,575
24,12064,12184,353,1809,1979,682
24,12064,12184,354,1821,1979,814
24,12064,12184,355,1835,1980,922
25,12239,12360,0,1982,2021,1168
25,12239,12360,1,1875,1982,1218
25,12239,12360,2,1885,1982,1283
25,12239,12360,3,1897,1982,1388
25,12239,12360,4,1906,1983,1477
25,12239,12360,5,1920,1983,1585
25,12239,12360,6,1934,1983,1703
25,12239,12360,7,1954,1983,1826
25,12239,12360,8,1971,1984,1962
25,12239,12360,9,1987,1984,2105
25,12239,12360,10,2007,1983,2236
25,12239,12360,11,2027,1984,2383
25,12239,12360,12,2050,1985,2515
25,12239,12360,13,2065,1985,2661
25,12239,12360,14,2088,1985,2801
25,12239,12360,15,2105,1986,2965
25,12239,12360,16,2123,1986,3088
25,12239,12360,17,2144,1985,3228
25,12239,12360,18,2164,1986,3374
25,12239,12360,19,2184,1986,3480
25,12239,12360,20,2185,1985,3486
25,12239,12360,21,2184,1985,3472
25,12239,12360,22,2185,1986,3499
25,12239,12360,23,2188,1985,3499
25,12239,12360,24,2184,1985,3468
25,12239,12360,25,2181,1986,3460
25,12239,12360,26,2180,1985,3443
25,12239,12360,27,2178,1986,3426
25,12239,12360,28,2175,1986,3412
25,12239,12360,29,2173,1985,3398
25,12239,12360,30,2171,1985,3384
25,12239,12360,31,2170,1986,3371
25,12239,12360,32,2167,1985,3357
25,12239,12360,33,2166,1985,3357
25,12239,12360,34,2164,1985,3329
25,12239,12360,35,2162,1985,3313
25,12239,12360,36,2159,1985,3299
25,12239,12360,37,2158,1985,3283
25,12239,12360,38,2157,1985,3272
25,12239,12360,39,2154,1985,3258
25,12239,12360,40,2152,1985,3241
25,12239,12360,41,2150,1985,3228
25,12239,12360,42,2148,1985,3214
25,12239,12360,43,2146,1985,3200
25,12239,12360,44,2145,1985,3186
25,12239,12360,45,2142,1985,3172
25,12239,12360,46,2141,1985,3156
25,12239,12360,47,2137,1985,3142
25,12239,12360,48,2136,1985,3132
25,12239,12360,49,2135,1984,3112
25,12239,12360,50,2132,1985,3099
25,12239,12360,51,2130,1985,3086
25,12239,12360,52,2129,1985,3072
25,12239,12360,53,2126,1985,3058
25,12239,12360,54,2125,1985,3045
25,12239,12360,55,2122,1985,3036
25,12239,12360,56,2122,1984,3017
25,12239,12360,57,2118,1984,3000
25,12239,12360,58,2116,1985,2990
25,12239,12360,59,2115,1985,2972
25,12239,12360,60,2112,1985,2955
25,12239,12360,61,2110,1985,2946
25,12239,12360,62,2108,1984,2939
25,12239,12360,63,2107,1984,2910
25,12239,12360,64,2105,1985,2901
25,12239,12360,65,2103,1984,2893
25,12239,12360,66,2102,1984,2870
25,12239,12360,67,2099,1984,2860
25,12239,12360,68,2098,1984,2844
25,12239,12360,69,2096,1984,2828
25,12239,12360,70,2093,1984,2815
25,12239,12360,71,2091,1984,2802
25,12239,12360,72,2090,1985,2787
25,12239,12360,73,2087,1984,2776
25,12239,12360,74,2085,1983,2757
25,12239,12360,75,2084,1984,2745
25,12239,12360,76,2081,1984,2731
25,12239,12360,77,2079,1984,2715
25,12239,12360,78,2076,1984,2702
25,12239,12360,79,2075,1984,2688
25,12239,12360,80,2073,1984,2674
25,12239,12360,81,2071,1983,2661
25,12239,12360,82,2069,1983,2646
25,12239,12360,83,2067,1983,2637
25,12239,12360,84,2066,1984,2619
25,12239,12360,85,2063,1983,2605
25,12239,12360,86,2062,1984,2589
25,12239,12360,87,2061,1983,2575
25,12239,12360,88,2058,1984,2562
25,12239,12360,89,2058,1984,2561
25,12239,12360,90,2060,1984,2572
25,12239,12360,91,2061,1984,2573
25,12239,12360,92,2064,1984,2604
25,12239,12360,93,2066,1984,2618
25,12239,12360,94,2068,1984,2630
25,12239,12360,95,2070,1985,2641
25,12239,12360,96,2070,1984,2660
25,12239,12360,97,2074,1985,2675
25,12239,12360,98,2075,1984,2686
25,12239,12360,99,2077,1984,2700
25,12239,12360,100,2079,1984,2716
25,12239,12360,101,2082,1984,2731
25,12239,12360,102,2082,1985,2747
25,12239,12360,103,2085,1985,2759
25,12239,12360,104,2087,1984,2773
25,12239,12360,105,2088,1985,2787
25,12239,12360,106,2091,1985,2806
25,12239,12360,107,2092,1984,2817
25,12239,12360,108,2095,1984,2828
25,12239,12360,109,2097,1985,2843
25,12239,12360,110,2098,1985,2861
25,12239,12360,111,2100,1985,2870
25,12239,12360,112,2103,1985,2888
25,12239,12360,113,2105,1984,2900
25,12239,12360,114,2107,1985,2915
25,12239,12360,115,2108,1984,2929
25,12239,12360,116,2111,1984,2946
25,12239,12360,117,2113,1985,2959
25,12239,12360,118,2115,1984,2970
25,12239,12360,119,2117,1985,2984
25,12239,12360,120,2118,1985,2997
25,12239,12360,121,2119,1985,3012
25,12239,12360,122,2122,1985,3028
25,12239,12360,123,2124,1985,3040
25,12239,12360,124,2126,1985,3054
25,12239,12360,125,2128,1984,3074
25,12239,12360,126,2130,1985,3084
25,12239,12360,127,2132,1985,3101
25,12239,12360,128,2134,1985,3116
25,12239,12360,129,2135,1985,3128
25,12239,12360,130,2138,1984,3143
25,12239,12360,131,2140,1985,3155
25,12239,12360,132,2142,1985,3173
25,12239,12360,133,2143,1985,3187
25,12239,12360,134,2146,1985,3199
25,12239,12360,135,2148,1985,3217
25,12239,12360,136,2150,1985,3232
25,12239,12360,137,2151,1985,3243
25,12239,12360,138,2154,1985,3257
25,12239,12360,139,2156,1985,3272
25,12239,12360,140,2158,1985,3285
25,12239,12360,141,2160,1986,3299
25,12239,12360,142,2162,1985,3313
25,12239,12360,143,2164,1986,3336
25,12239,12360,144,2165,1986,3342
25,12239,12360,145,2168,1986,3353
25,12239,12360,146,2168,1985,3374
25,12239,12360,147,2171,1986,3384
25,12239,12360,148,2173,1986,3399
25,12239,12360,149,2176,1986,3415
25,12239,12360,150,2177,1986,3424
25,12239,12360,151,2180,1986,3439
25,12239,12360,152,2181,1986,3459
25,12239,12360,153,2183,1985,3470
25,12239,12360,154,2185,1986,3497
25,12239,12360,155,2189,1986,3515
25,12239,12360,156,2188,1986,3509
25,12239,12360,157,2189,1986,3511
25,12239,12360,158,2189,1986,3512
25,12239,12360,159,2189,1985,3512
25,12239,12360,160,2189,1986,3519
25,12239,12360,161,2191,1985,3514
25,12239,12360,162,2186,1985,3460
25,12239,12360,163,2173,1984,3361
25,12239,12360,164,2159,1984,3248
25,12239,12360,165,2142,1984,3146
25,12239,12360,166,2128,1983,2992
25,12239,12360,167,2109,1984,2887
25,12239,12360,168,2094,1983,2766
25,12239,12360,169,2074,1983,2640
25,12239,12360,170,2058,1983,2507
25,12239,12360,171,2039,1981,2351
25,12239,12360,172,2021,1983,2254
25,12239,12360,173,2005,1982,2147
25,12239,12360,174,1988,1982,2010
25,12239,12360,175,1971,1981,1886
25,12239,12360,176,1953,1981,1694
25,12239,12360,177,1936,1980,1607
25,12239,12360,178,1921,1981,1524
25,12239,12360,179,1907,1980,1406
25,12239,12360,180,1889,1980,1273
25,12239,12360,181,1873,1980,1138
25,12239,12360,182,1853,1979,988
25,12239,12360,183,1839,1978,856
25,12239,12360,184,1822,1977,708
25,12239,12360,185,1804,1977,580
25,12239,12360,186,1787,1976,428
25,12239,12360,187,1770,1975,280
25,12239,12360,188,1758,1974,216
25,12239,12360,189,1760,1974,230
25,12239,12360,190,1762,1974,237
25,12239,12360,191,1764,1974,258
25,12239,12360,192,1765,1975,271
25,12239,12360,193,1767,1975,288
25,12239,12360,194,1768,1975,303
25,12239,12360,195,1770,1975,314
25,12239,12360,196,1773,1975,328
25,12239,12360,197,1772,1975,353
25,12239,12360,198,1775,1976,345
25,12239,12360,199,1776,1975,372
25,12239,12360,200,1778,1977,385
25,12239,12360,201,1779,1976,400
25,12239,12360,202,1781,1977,411
25,12239,12360,203,1782,1977,427
25,12239,12360,204,1784,1976,441
25,12239,12360,205,1786,1976,455
25,12239,12360,206,1788,1977,471
25,12239,12360,207,1789,1977,483
25,12239,12360,208,1790,1978,502
25,12239,12360,209,1793,1978,513
25,12239,12360,210,1794,1977,526
25,12239,12360,211,1795,1978,544
25,12239,12360,212,1796,1977,557
25,12239,12360,213,1799,1978,572
25,12239,12360,214,1800,1978,585
25,12239,12360,215,1802,1978,595
25,12239,12360,216,1803,1977,612
25,12239,12360,217,1805,1978,626
25,12239,12360,218,1807,1978,643
25,12239,12360,219,1808,1978,656
25,12239,12360,220,1810,1978,668
25,12239,12360,221,1811,1979,682
25,12239,12360,222,1813,1978,698
25,12239,12360,223,1815,1979,712
25,12239,12360,224,1816,1978,725
25,12239,12360,225,1819,1979,742
25,12239,12360,226,1820,1979,757
25,12239,12360,227,1822,1979,768
25,12239,12360,228,1823,1979,788
25,12239,12360,229,1825,1979,798
25,12239,12360,230,1826,1979,811
25,12239,12360,231,1829,1979,824
25,12239,12360,232,1831,1979,839
25,12239,12360,233,1831,1980,857
25,12239,12360,234,1833,1980,869
25,12239,12360,235,1835,1979,883
25,12239,12360,236,1836,1980,898
25,12239,12360,237,1839,1980,911
25,12239,12360,238,1840,1980,924
25,12239,12360,239,1841,1980,939
25,12239,12360,240,1843,1980,952
25,12239,12360,241,1845,1980,968
25,12239,12360,242,1848,1980,985
25,12239,12360,243,1848,1980,994
25,12239,12360,244,1850,1980,1008
25,12239,12360,245,1852,1980,1025
25,12239,12360,246,1853,1980,1040
25,12239,12360,247,1856,1980,1052
25,12239,12360,248,1857,1980,1069
25,12239,12360,249,1860,1980,1077
25,12239,12360,250,1861,1981,1097
25,12239,12360,251,1863,1981,1105
25,12239,12360,252,1865,1981,1123
25,12239,12360,253,1866,1981,1138
25,12239,12360,254,1867,1981,1154
25,12239,12360,255,1869,1981,1168
25,12239,12360,256,1872,1981,1185
25,12239,12360,257,1874,1980,1196
25,12239,12360,258,1875,1981,1208
25,12239,12360,259,1878,1980,1224
25,12239,12360,260,1879,1981,1238
25,12239,12360,261,1881,1981,1251
25,12239,12360,262,1883,1981,1268
25,12239,12360,263,1884,1981,1279
25,12239,12360,264,1886,1981,1296
25,12239,12360,265,1887,1981,1311
25,12239,12360,266,1891,1981,1316
25,12239,12360,267,1889,1981,1318
25,12239,12360,268,1888,1980,1308
25,12239,12360,269,1887,1981,1293
25,12239,12360,270,1889,1983,1279
25,12239,12360,271,1878,1978,1267
25,12239,12360,272,1881,1982,1251
25,12239,12360,273,1882,1982,1239
25,12239,12360,274,1873,1979,1222
25,12239,12360,275,1877,1981,1208
25,12239,12360,276,1878,1982,1196
25,12239,12360,277,1867,1977,1180
25,12239,12360,278,1873,1982,1167
25,12239,12360,279,1871,1981,1155
25,12239,12360,280,1860,1978,1136
25,12239,12360,281,1867,1980,1123
25,12239,12360,282,1865,1981,1111
25,12239,12360,283,1859,1979,1092
25,12239,12360,284,1859,1980,1083
25,12239,12360,285,1861,1981,1069
25,12239,12360,286,1854,1980,1054
25,12239,12360,287,1854,1980,1038
25,12239,12360,288,1855,1981,1027
25,12239,12360,289,1846,1978,1010
25,12239,12360,290,1852,1981,996
25,12239,12360,291,1850,1980,982
25,12239,12360,292,1839,1978,971
25,12239,12360,293,1846,1980,954
25,12239,12360,294,1845,1980,941
25,12239,12360,295,1836,1979,928
25,12239,12360,296,1840,1979,909
25,12239,12360,297,1839,1980,897
25,12239,12360,298,1832,1979,879
25,12239,12360,299,1833,1980,868
25,12239,12360,300,1834,1979,855
25,12239,12360,301,1827,1980,842
25,12239,12360,302,1830,1979,822
25,12239,12360,303,1828,1980,812
25,12239,12360,304,1821,1979,796
25,12239,12360,305,1826,1979,781
25,12239,12360,306,1823,1979,771
25,12239,12360,307,1817,1979,756
25,12239,12360,308,1820,1978,739
25,12239,12360,309,1817,1977,728
25,12239,12360,310,1812,1979,712
25,12239,12360,311,1813,1979,693
25,12239,12360,312,1813,1977,684
25,12239,12360,313,1809,1979,674
25,12239,12360,314,1808,1979,657
25,12239,12360,315,1808,1976,641
25,12239,12360,316,1804,1979,631
25,12239,12360,317,1805,1979,613
25,12239,12360,318,1803,1975,600
25,12239,12360,319,1800,1979,584
25,12239,12360,320,1799,1980,568
25,12239,12360,321,1796,1974,559
25,12239,12360,322,1796,1978,542
25,12239,12360,323,1793,1979,528
25,12239,12360,324,1792,1974,513
25,12239,12360,325,1791,1978,498
25,12239,12360,326,1789,1979,483
25,12239,12360,327,1785,1973,471
25,12239,12360,328,1785,1978,457
25,12239,12360,329,1785,1979,441
25,12239,12360,330,1781,1973,427
25,12239,12360,331,1782,1977,415
25,12239,12360,332,1780,1978,401
25,12239,12360,333,1775,1972,387
25,12239,12360,334,1777,1977,372
25,12239,12360,335,1777,1977,357
25,12239,12360,336,1770,1972,345
25,12239,12360,337,1773,1977,327
25,12239,12360,338,1773,1977,315
25,12239,12360,339,1764,1972,300
25,12239,12360,340,1769,1977,1795
25,12239,12360,341,1992,1997,1983
25,12239,12360,342,1978,1980,1983
25,12239,12360,343,1980,1967,244
25,12239,12360,344,1765,1975,227
25,12239,12360,345,1754,1971,214
25,12239,12360,346,1760,1975,203
25,12239,12360,347,1757,1975,185
25,12239,12360,348,1749,1970,171
25,12239,12360,349,1759,1975,1779
25,12239,12360,350,1988,1980,278
25,12239,12360,351,1768,1974,378
25,12239,12360,352,1788,1979,487
25,12239,12360,353,1801,1979,606
25,12239,12360,354,1807,1977,725
25,12239,12360,355,1829,1981,836
26,12419,12540,0,1992,2024,1205
26,12419,12540,1,1876,1983,1272
26,12419,12540,2,1886,1982,1342
26,12419,12540,3,1904,1980,1443
26,12419,12540,4,1912,1983,1538
26,12419,12540,5,1929,1984,1674
26,12419,12540,6,1946,1981,1766
26,12419,12540,7,1958,1984,1889
26,12419,12540,8,1979,1985,2024
26,12419,12540,9,1996,1981,2113
26,12419,12540,10,2008,1985,2238
26,12419,12540,11,2031,1986,2374
26,12419,12540,12,2045,1982,2505
26,12419,12540,13,2063,1985,2626
26,12419,12540,14,2082,1987,2762
26,12419,12540,15,2098,1982,2900
26,12419,12540,16,2119,1987,3042
26,12419,12540,17,2136,1988,3179
26,12419,12540,18,2155,1983,3308
26,12419,12540,19,2175,1988,3472
26,12419,12540,20,2188,1987,3493
26,12419,12540,21,2184,1982,3473
26,12419,12540,22,2185,1987,3473
26,12419,12540,23,2186,1988,3477
26,12419,12540,24,2181,1982,3473
26,12419,12540,25,2182,1987,3453
26,12419,12540,26,2182,1988,3440
26,12419,12540,27,2174,1982,3428
26,12419,12540,28,2177,1987,3412
26,12419,12540,29,2174,1987,3396
26,12419,12540,30,2167,1982,3386
26,12419,12540,31,2172,1987,3371
26,12419,12540,32,2170,1987,3360
26,12419,12540,33,2161,1982,3341
26,12419,12540,34,2166,1987,3329
26,12419,12540,35,2164,1987,3313
26,12419,12540,36,2155,1982,3298
26,12419,12540,37,2161,1987,3283
26,12419,12540,38,2158,1987,3276
26,12419,12540,39,2149,1982,3258
26,12419,12540,40,2154,1986,3242
26,12419,12540,41,2151,1986,3235
26,12419,12540,42,2143,1982,3216
26,12419,12540,43,2148,1986,3202
26,12419,12540,44,2146,1986,3192
26,12419,12540,45,2137,1983,3170
26,12419,12540,46,2142,1986,3154
26,12419,12540,47,2139,1986,3142
26,12419,12540,48,2131,1982,3128
26,12419,12540,49,2136,1986,3114
26,12419,12540,50,2135,1986,3099
26,12419,12540,51,2126,1983,3082
26,12419,12540,52,2130,1985,3072
26,12419,12540,53,2129,1986,3059
26,12419,12540,54,2118,1983,3045
26,12419,12540,55,2125,1985,3028
26,12419,12540,56,2120,1985,3016
26,12419,12540,57,2114,1984,3001
26,12419,12540,58,2119,1985,2985
26,12419,12540,59,2117,1985,2973
26,12419,12540,60,2108,1984,2958
26,12419,12540,61,2113,1985,2943
26,12419,12540,62,2111,1985,2931
26,12419,12540,63,2102,1984,2918
26,12419,12540,64,2106,1984,2899
26,12419,12540,65,2105,1985,2888
26,12419,12540,66,2099,1984,2874
26,12419,12540,67,2100,1984,2857
26,12419,12540,68,2099,1984,2845
26,12419,12540,69,2091,1985,2830
26,12419,12540,70,2095,1984,2815
26,12419,12540,71,2093,1984,2801
26,12419,12540,72,2086,1984,2786
26,12419,12540,73,2088,1984,2772
26,12419,12540,74,2087,1984,2761
26,12419,12540,75,2081,1984,2741
26,12419,12540,76,2081,1984,2732
26,12419,12540,77,2080,1983,2718
26,12419,12540,78,2076,1985,2703
26,12419,12540,79,2075,1985,2687
26,12419,12540,80,2074,1982,2676
26,12419,12540,81,2071,1985,2660
26,12419,12540,82,2070,1986,2645
26,12419,12540,83,2068,1981,2634
26,12419,12540,84,2066,1985,2617
26,12419,12540,85,2064,1986,2601
26,12419,12540,86,2062,1981,2586
26,12419,12540,87,2059,1984,2575
26,12419,12540,88,2058,1986,2560
26,12419,12540,89,2058,1981,2561
26,12419,12540,90,2060,1985,2576
26,12419,12540,91,2060,1986,2589
26,12419,12540,92,2063,1981,2606
26,12419,12540,93,2066,1985,2619
26,12419,12540,94,2068,1987,2633
26,12419,12540,95,2068,1981,2647
26,12419,12540,96,2072,1985,2662
26,12419,12540,97,2075,1986,2678
26,12419,12540,98,2072,1981,2690
26,12419,12540,99,2079,1986,2701
26,12419,12540,100,2081,1986,2718
26,12419,12540,101,2078,1981,2737
26,12419,12540,102,2085,1985,2744
26,12419,12540,103,2087,1986,2761
26,12419,12540,104,2084,1981,2776
26,12419,12540,105,2091,1986,2789
26,12419,12540,106,2093,1986,2798
26,12419,12540,107,2089,1981,2820
26,12419,12540,108,2097,1986,2832
26,12419,12540,109,2098,1986,2845
26,12419,12540,110,2094,1982,2859
26,12419,12540,111,2103,1986,2872
26,12419,12540,112,2105,1986,2891
26,12419,12540,113,2099,1982,2899
26,12419,12540,114,2109,1986,2917
26,12419,12540,115,2111,1986,2932
26,12419,12540,116,2106,1982,2944
26,12419,12540,117,2114,1986,2958
26,12419,12540,118,2117,1986,2974
26,12419,12540,119,2112,1982,2975
26,12419,12540,120,2120,1986,3001
26,12419,12540,121,2123,1986,3016
26,12419,12540,122,2118,1983,3028
26,12419,12540,123,2126,1986,3047
26,12419,12540,124,2129,1986,3057
26,12419,12540,125,2123,1984,3071
26,12419,12540,126,2132,1985,3086
26,12419,12540,127,2134,1986,3099
26,12419,12540,128,2130,1984,3115
26,12419,12540,129,2139,1986,3124
26,12419,12540,130,2141,1986,3142
26,12419,12540,131,2135,1984,3153
26,12419,12540,132,2144,1986,3173
26,12419,12540,133,2146,1986,3186
26,12419,12540,134,2141,1985,3200
26,12419,12540,135,2150,1985,3214
26,12419,12540,136,2151,1986,3231
26,12419,12540,137,2147,1985,3243
26,12419,12540,138,2156,1985,3253
26,12419,12540,139,2157,1985,3271
26,12419,12540,140,2154,1985,3288
26,12419,12540,141,2161,1985,3303
26,12419,12540,142,2165,1986,3317
26,12419,12540,143,2160,1985,3328
26,12419,12540,144,2167,1985,3341
26,12419,12540,145,2169,1986,3361
26,12419,12540,146,2167,1986,3369
26,12419,12540,147,2173,1985,3382
26,12419,12540,148,2175,1985,3397
26,12419,12540,149,2173,1986,3418
26,12419,12540,150,2177,1985,3427
26,12419,12540,151,2182,1984,3442
26,12419,12540,152,2181,1986,3457
26,12419,12540,153,2184,1986,3469
26,12419,12540,154,2186,1984,3477
26,12419,12540,155,2182,1986,3474
26,12419,12540,156,2185,1987,3489
26,12419,12540,157,2188,1983,3496
26,12419,12540,158,2188,1987,3504
26,12419,12540,159,2189,1988,3516
26,12419,12540,160,2192,1983,3517
26,12419,12540,161,2187,1987,3491
26,12419,12540,162,2175,1987,3418
26,12419,12540,163,2166,1982,3311
26,12419,12540,164,2150,1986,3208
26,12419,12540,165,2135,1987,3118
26,12419,12540,166,2124,1980,2984
26,12419,12540,167,2106,1985,2870
26,12419,12540,168,2086,1986,2741
26,12419,12540,169,2073,1980,2625
26,12419,12540,170,2057,1984,2498
26,12419,12540,171,2040,1985,2368
26,12419,12540,172,2017,1979,2241
26,12419,12540,173,2003,1983,2098
26,12419,12540,174,1983,1984,1963
26,12419,12540,175,1962,1978,1822
26,12419,12540,176,1946,1982,1681
26,12419,12540,177,1929,1983,1549
26,12419,12540,178,1906,1978,1463
26,12419,12540,179,1898,1982,1341
26,12419,12540,180,1883,1982,1216
26,12419,12540,181,1861,1977,1106
26,12419,12540,182,1856,1981,1871
26,12419,12540,183,1991,1993,1984
26,12419,12540,184,1978,1980,1984
26,12419,12540,185,1988,1984,1985
26,12419,12540,186,1988,1982,472
26,12419,12540,187,1767,1967,320
26,12419,12540,188,1764,1975,217
26,12419,12540,189,1763,1976,218
26,12419,12540,190,1757,1972,245
26,12419,12540,191,1766,1976,1787
26,12419,12540,192,1866,1981,273
26,12419,12540,193,1763,1972,288
26,12419,12540,194,1771,1976,301
26,12419,12540,195,1773,1976,313
26,12419,12540,196,1767,1973,329
26,12419,12540,197,1775,1976,1797
26,12419,12540,198,1993,1997,1981
26,12419,12540,199,1978,1981,1986
26,12419,12540,200,1988,1983,1986
26,12419,12540,201,1990,1984,1985
26,12419,12540,202,1979,1981,1986
26,12419,12540,203,1988,1983,1985
26,12419,12540,204,1989,1984,1984
26,12419,12540,205,1979,1982,1987
26,12419,12540,206,1988,1983,1985
26,12419,12540,207,1785,1965,482
26,12419,12540,208,1788,1976,500
26,12419,12540,209,1793,1977,516
26,12419,12540,210,1796,1978,1811
26,12419,12540,211,1983,1995,1984
26,12419,12540,212,1986,1984,1987
26,12419,12540,213,1989,1983,1982
26,12419,12540,214,1791,1966,582
26,12419,12540,215,1806,1978,596
26,12419,12540,216,1806,1978,615
26,12419,12540,217,1801,1978,714
26,12419,12540,218,1922,1988,1930
26,12419,12540,219,1987,1987,1714
26,12419,12540,220,1801,1968,666
26,12419,12540,221,1815,1978,682
26,12419,12540,222,1815,1978,699
26,12419,12540,223,1812,1979,714
26,12419,12540,224,1818,1978,727
26,12419,12540,225,1820,1978,750
26,12419,12540,226,1818,1979,1842
26,12419,12540,227,1988,1993,1986
26,12419,12540,228,1985,1981,1981
26,12419,12540,229,1984,1983,1987
26,12419,12540,230,1985,1984,1989
26,12419,12540,231,1985,1980,1978
26,12419,12540,232,1826,1971,840
26,12419,12540,233,1833,1981,855
26,12419,12540,234,1834,1977,869
26,12419,12540,235,1835,1981,891
26,12419,12540,236,1836,1982,896
26,12419,12540,237,1839,1977,910
26,12419,12540,238,1840,1980,920
26,12419,12540,239,1842,1982,939
26,12419,12540,240,1844,1977,955
26,12419,12540,241,1846,1981,968
26,12419,12540,242,1847,1983,980
26,12419,12540,243,1847,1977,996
26,12419,12540,244,1851,1981,1007
26,12419,12540,245,1853,1983,1875
26,12419,12540,246,1984,1987,1981
26,12419,12540,247,1986,1984,1987
26,12419,12540,248,1987,1985,1988
26,12419,12540,249,1976,1971,1083
26,12419,12540,250,1865,1982,1097
26,12419,12540,251,1865,1983,1111
26,12419,12540,252,1861,1977,1127
26,12419,12540,253,1868,1982,1885
26,12419,12540,254,1989,1992,1986
26,12419,12540,255,1979,1980,1886
26,12419,12540,256,1871,1975,1892
26,12419,12540,257,1991,1991,1986
26,12419,12540,258,1979,1980,1984
26,12419,12540,259,1971,1977,1310
26,12419,12540,260,1884,1983,1238
26,12419,12540,261,1877,1978,1248
26,12419,12540,262,1884,1983,1265
26,12419,12540,263,1887,1983,1900
26,12419,12540,264,1980,1986,1983
26,12419,12540,265,1988,1984,1416
26,12419,12540,266,1889,1977,1905
26,12419,12540,267,1981,1986,1984
26,12419,12540,268,1988,1978,1309
26,12419,12540,269,1887,1982,1297
26,12419,12540,270,1879,1978,1900
26,12419,12540,271,1990,1990,1984
26,12419,12540,272,1990,1985,1985
26,12419,12540,273,1979,1980,1986
26,12419,12540,274,1989,1984,1985
26,12419,12540,275,1989,1984,1984
26,12419,12540,276,1979,1981,1986
26,12419,12540,277,1987,1983,1985
26,12419,12540,278,1989,1983,1984
26,12419,12540,279,1977,1972,1152
26,12419,12540,280,1870,1980,1139
26,12419,12540,281,1868,1981,1884
26,12419,12540,282,1981,1989,1979
26,12419,12540,283,1860,1974,1883
26,12419,12540,284,1992,1990,1981
26,12419,12540,285,1979,1982,1987
26,12419,12540,286,1988,1983,1987
26,12419,12540,287,1989,1983,1983
26,12419,12540,288,1981,1983,1987
26,12419,12540,289,1987,1983,1987
26,12419,12540,290,1983,1974,996
26,12419,12540,291,1846,1979,982
26,12419,12540,292,1847,1980,972
26,12419,12540,293,1846,1980,955
26,12419,12540,294,1839,1980,939
26,12419,12540,295,1841,1980,924
26,12419,12540,296,1840,1980,1857
26,12419,12540,297,1984,1992,1981
26,12419,12540,298,1985,1983,1989
26,12419,12540,299,1987,1982,1982
26,12419,12540,300,1983,1984,1987
26,12419,12540,301,1986,1983,1989
26,12419,12540,302,1985,1981,1982
26,12419,12540,303,1821,1970,1067
26,12419,12540,304,1948,1990,1953
26,12419,12540,305,1985,1982,807
26,12419,12540,306,1817,1974,768
26,12419,12540,307,1822,1980,753
26,12419,12540,308,1819,1976,744
26,12419,12540,309,1816,1980,728
26,12419,12540,310,1815,1980,710
26,12419,12540,311,1814,1975,700
26,12419,12540,312,1812,1979,684
26,12419,12540,313,1810,1981,1453
26,12419,12540,314,1808,1975,658
26,12419,12540,315,1807,1979,643
26,12419,12540,316,1805,1981,1828
26,12419,12540,317,1986,1991,1979
26,12419,12540,318,1985,1985,1986
26,12419,12540,319,1986,1986,1988
26,12419,12540,320,1975,1966,570
26,12419,12540,321,1801,1978,558
26,12419,12540,322,1797,1979,540
26,12419,12540,323,1791,1974,530
26,12419,12540,324,1794,1979,512
26,12419,12540,325,1792,1979,500
26,12419,12540,326,1785,1974,486
26,12419,12540,327,1790,1978,1810
26,12419,12540,328,1990,1997,1984
26,12419,12540,329,1978,1980,1983
26,12419,12540,330,1988,1984,1986
26,12419,12540,331,1988,1985,1987
26,12419,12540,332,1769,1960,406
26,12419,12540,333,1780,1977,386
26,12419,12540,334,1778,1978,372
26,12419,12540,335,1770,1973,358
26,12419,12540,336,1775,1977,348
26,12419,12540,337,1774,1977,331
26,12419,12540,338,1765,1973,315
26,12419,12540,339,1770,1976,1796
26,12419,12540,340,1993,1997,1981
26,12419,12540,341,1978,1961,269
26,12419,12540,342,1761,1976,1788
26,12419,12540,343,1993,1998,1962
26,12419,12540,344,1747,1959,232
26,12419,12540,345,1764,1975,1236
26,12419,12540,346,1985,1989,202
26,12419,12540,347,1744,1969,187
26,12419,12540,348,1756,1974,174
26,12419,12540,349,1763,1975,241
26,12419,12540,350,1763,1974,320
26,12419,12540,351,1781,1977,416
26,12419,12540,352,1797,1979,532
26,12419,12540,353,1797,1977,614
26,12419,12540,354,1818,1979,724
26,12419,12540,355,1834,1981,854
27,12594,12715,0,1977,2020,1884
27,12594,12715,1,1985,1991,1980
27,12594,12715,2,1981,1983,1987
27,12594,12715,3,1986,1975,1425
27,12594,12715,4,1933,1983,1938
27,12594,12715,5,1983,1986,1969
27,12594,12715,6,1984,1982,1988
27,12594,12715,7,1987,1981,1982
27,12594,12715,8,1974,1983,2038
27,12594,12715,9,1987,1983,1989
27,12594,12715,10,1987,1981,1982
27,12594,12715,11,1984,1983,1987
27,12594,12715,12,1986,1983,1989
27,12594,12715,13,1986,1980,1982
27,12594,12715,14,1984,1985,2852
27,12594,12715,15,2112,1989,2098
27,12594,12715,16,2134,1983,3148
27,12594,12715,17,2152,1987,3282
27,12594,12715,18,2169,1988,3451
27,12594,12715,19,2187,1983,3501
27,12594,12715,20,2186,1985,3489
27,12594,12715,21,2182,1985,2128
27,12594,12715,22,1985,1983,3473
27,12594,12715,23,2184,1986,2153
27,12594,12715,24,1983,1973,1991
27,12594,12715,25,1985,1978,1982
27,12594,12715,26,1986,1984,1987
27,12594,12715,27,1985,1985,1988
27,12594,12715,28,1982,1979,2776
27,12594,12715,29,2179,1999,3403
27,12594,12715,30,2171,1987,2121
27,12594,12715,31,1987,1982,3371
27,12594,12715,32,2167,1987,3358
27,12594,12715,33,2168,1987,3339
27,12594,12715,34,2160,1982,3326
27,12594,12715,35,2164,1987,3317
27,12594,12715,36,2161,1987,3300
27,12594,12715,37,2154,1982,3285
27,12594,12715,38,2157,1986,3269
27,12594,12715,39,2157,1987,2128
27,12594,12715,40,2147,1982,3245
27,12594,12715,41,2152,1986,2709
27,12594,12715,42,1997,1975,1999
27,12594,12715,43,1988,1988,3203
27,12594,12715,44,2142,1986,2119
27,12594,12715,45,1987,1975,1989
27,12594,12715,46,1988,1989,3155
27,12594,12715,47,2137,1986,3142
27,12594,12715,48,2137,1986,3126
27,12594,12715,49,2130,1982,3114
27,12594,12715,50,2134,1985,3105
27,12594,12715,51,2132,1986,3088
27,12594,12715,52,2123,1982,3073
27,12594,12715,53,2127,1985,2105
27,12594,12715,54,1988,1975,1988
27,12594,12715,55,1980,1991,3027
27,12594,12715,56,2124,1984,2086
27,12594,12715,57,1988,1976,1987
27,12594,12715,58,2116,1991,2986
27,12594,12715,59,2114,1984,2081
27,12594,12715,60,1988,1977,1987
27,12594,12715,61,2110,1991,2942
27,12594,12715,62,2109,1984,2078
27,12594,12715,63,1988,1977,1986
27,12594,12715,64,1981,1982,2594
27,12594,12715,65,2107,1991,2074
27,12594,12715,66,1988,1977,1986
27,12594,12715,67,1982,1991,2731
27,12594,12715,68,2049,1980,2036
27,12594,12715,69,1988,1979,1985
27,12594,12715,70,1985,1989,2813
27,12594,12715,71,2092,1984,2554
27,12594,12715,72,1998,1981,2781
27,12594,12715,73,2086,1985,2774
27,12594,12715,74,2087,1984,2074
27,12594,12715,75,1986,1976,2476
27,12594,12715,76,2081,1990,2732
27,12594,12715,77,2079,1985,2069
27,12594,12715,78,1986,1977,1984
27,12594,12715,79,2076,1990,2677
27,12594,12715,80,2033,1981,2028
27,12594,12715,81,1987,1987,2668
27,12594,12715,82,2069,1984,2648
27,12594,12715,83,2068,1984,2060
27,12594,12715,84,1994,1981,2618
27,12594,12715,85,2061,1984,2609
27,12594,12715,86,2062,1984,2048
27,12594,12715,87,1985,1976,1984
27,12594,12715,88,1989,1984,1991
27,12594,12715,89,1985,1984,1990
27,12594,12715,90,1986,1980,1982
27,12594,12715,91,1985,1984,1987
27,12594,12715,92,1985,1984,1989
27,12594,12715,93,1986,1980,1982
27,12594,12715,94,1985,1984,1987
27,12594,12715,95,1985,1985,1989
27,12594,12715,96,1984,1979,1983
27,12594,12715,97,1987,1984,1986
27,12594,12715,98,1985,1985,1988
27,12594,12715,99,1989,1985,2703
27,12594,12715,100,2078,1986,2719
27,12594,12715,101,2082,1987,2732
27,12594,12715,102,2082,1981,2748
27,12594,12715,103,2085,1986,2759
27,12594,12715,104,2088,1987,2645
27,12594,12715,105,2086,1981,2463
27,12594,12715,106,2093,1986,2076
27,12594,12715,107,1989,1985,2815
27,12594,12715,108,2090,1982,2079
27,12594,12715,109,1986,1977,1989
27,12594,12715,110,1988,1985,1988
27,12594,12715,111,1981,1979,1985
27,12594,12715,112,1988,1984,1986
27,12594,12715,113,1988,1985,2510
27,12594,12715,114,2105,1989,2915
27,12594,12715,115,2108,1986,2637
27,12594,12715,116,2000,1978,1999
27,12594,12715,117,1981,1990,2954
27,12594,12715,118,2118,1985,2970
27,12594,12715,119,2120,1986,2989
27,12594,12715,120,2113,1982,3002
27,12594,12715,121,2121,1986,3021
27,12594,12715,122,2124,1986,3029
27,12594,12715,123,2119,1982,3042
27,12594,12715,124,2128,1986,3058
27,12594,12715,125,2129,1986,3072
27,12594,12715,126,2125,1982,3082
27,12594,12715,127,2133,1986,3100
27,12594,12715,128,2136,1986,3116
27,12594,12715,129,2131,1983,3128
27,12594,12715,130,2140,1986,2647
27,12594,12715,131,2142,1986,2114
27,12594,12715,132,1977,1972,1989
27,12594,12715,133,1989,1983,1986
27,12594,12715,134,1989,1985,3047
27,12594,12715,135,2147,1991,3212
27,12594,12715,136,2151,1986,3228
27,12594,12715,137,2154,1986,3241
27,12594,12715,138,2146,1983,2108
27,12594,12715,139,1987,1974,1988
27,12594,12715,140,1991,1983,1984
27,12594,12715,141,1980,1982,1987
27,12594,12715,142,1988,1982,1986
27,12594,12715,143,1989,1983,1984
27,12594,12715,144,1981,1998,3343
27,12594,12715,145,2170,1985,2667
27,12594,12715,146,1994,1972,1993
27,12594,12715,147,1982,1981,1988
27,12594,12715,148,1987,1982,1988
27,12594,12715,149,1988,1983,1983
27,12594,12715,150,1981,1983,1987
27,12594,12715,151,1986,1982,1989
27,12594,12715,152,1987,1983,1982
27,12594,12715,153,1982,1982,1987
27,12594,12715,154,1987,1982,1988
27,12594,12715,155,1986,1982,1991
27,12594,12715,156,2186,1999,3079
27,12594,12715,157,2007,1972,2013
27,12594,12715,158,1987,1979,1983
27,12594,12715,159,1983,1983,1987
27,12594,12715,160,1986,1982,1989
27,12594,12715,161,1986,1981,1982
27,12594,12715,162,1984,1984,1991
27,12594,12715,163,1985,1984,1989
27,12594,12715,164,1985,1980,1982
27,12594,12715,165,1985,1983,1986
27,12594,12715,166,1985,1984,1989
27,12594,12715,167,1985,1980,1981
27,12594,12715,168,1985,1984,1987
27,12594,12715,169,1985,1985,1988
27,12594,12715,170,1988,1984,2527
27,12594,12715,171,2041,1984,2389
27,12594,12715,172,2024,1985,2262
27,12594,12715,173,2003,1979,1999
27,12594,12715,174,1985,1983,1987
27,12594,12715,175,1985,1986,1988
27,12594,12715,176,1983,1979,1982
27,12594,12715,177,1986,1984,1986
27,12594,12715,178,1985,1985,1988
27,12594,12715,179,1982,1979,1982
27,12594,12715,180,1987,1984,1986
27,12594,12715,181,1986,1985,1988
27,12594,12715,182,1981,1979,1982
27,12594,12715,183,1987,1984,1985
27,12594,12715,184,1986,1985,1987
27,12594,12715,185,1981,1979,792
27,12594,12715,186,1776,1965,351
27,12594,12715,187,1769,1975,210
27,12594,12715,188,1755,1971,217
27,12594,12715,189,1762,1976,231
27,12594,12715,190,1765,1977,246
27,12594,12715,191,1760,1972,261
27,12594,12715,192,1766,1976,269
27,12594,12715,193,1769,1976,298
27,12594,12715,194,1764,1973,302
27,12594,12715,195,1772,1976,1794
27,12594,12715,196,1993,1997,1981
27,12594,12715,197,1978,1981,1985
27,12594,12715,198,1988,1984,1986
27,12594,12715,199,1989,1984,1985
27,12594,12715,200,1979,1980,1985
27,12594,12715,201,1988,1984,1986
27,12594,12715,202,1989,1984,1984
27,12594,12715,203,1962,1966,430
27,12594,12715,204,1789,1977,1042
27,12594,12715,205,1788,1977,458
27,12594,12715,206,1783,1974,472
27,12594,12715,207,1791,1978,1810
27,12594,12715,208,1992,1995,1981
27,12594,12715,209,1977,1981,1986
27,12594,12715,210,1988,1983,1986
27,12594,12715,211,1989,1984,1984
27,12594,12715,212,1979,1981,1986
27,12594,12715,213,1987,1983,1985
27,12594,12715,214,1989,1984,1984
27,12594,12715,215,1979,1982,1986
27,12594,12715,216,1987,1983,1985
27,12594,12715,217,1988,1968,701
27,12594,12715,218,1800,1977,642
27,12594,12715,219,1811,1979,1422
27,12594,12715,220,1984,1993,1974
27,12594,12715,221,1978,1983,1987
27,12594,12715,222,1987,1982,1987
27,12594,12715,223,1987,1982,1982
27,12594,12715,224,1981,1983,1987
27,12594,12715,225,1987,1982,1988
27,12594,12715,226,1988,1982,1982
27,12594,12715,227,1981,1983,1987
27,12594,12715,228,1986,1983,1988
27,12594,12715,229,1987,1983,1982
27,12594,12715,230,1982,1983,1987
27,12594,12715,231,1986,1982,1990
27,12594,12715,232,1986,1981,1981
27,12594,12715,233,1983,1983,1988
27,12594,12715,234,1986,1983,1989
27,12594,12715,235,1986,1981,1982
27,12594,12715,236,1983,1984,1988
27,12594,12715,237,1986,1983,1988
27,12594,12715,238,1986,1981,1982
27,12594,12715,239,1985,1983,1987
27,12594,12715,240,1985,1984,1989
27,12594,12715,241,1985,1980,1982
27,12594,12715,242,1985,1984,1987
27,12594,12715,243,1985,1985,1989
27,12594,12715,244,1985,1979,1980
27,12594,12715,245,1896,1974,1022
27,12594,12715,246,1854,1982,1873
27,12594,12715,247,1986,1987,1980
27,12594,12715,248,1985,1984,1986
27,12594,12715,249,1984,1985,1988
27,12594,12715,250,1983,1979,1982
27,12594,12715,251,1987,1984,1987
27,12594,12715,252,1986,1985,1988
27,12594,12715,253,1982,1979,1983
27,12594,12715,254,1987,1984,1986
27,12594,12715,255,1986,1985,1988
27,12594,12715,256,1981,1979,1983
27,12594,12715,257,1980,1977,1545
27,12594,12715,258,1979,1991,1977
27,12594,12715,259,1979,1972,1224
27,12594,12715,260,1881,1982,1234
27,12594,12715,261,1883,1983,1253
27,12594,12715,262,1878,1978,1266
27,12594,12715,263,1885,1982,1280
27,12594,12715,264,1888,1983,1902
27,12594,12715,265,1981,1985,1982
27,12594,12715,266,1987,1984,1985
27,12594,12715,267,1989,1984,1986
27,12594,12715,268,1979,1980,1985
27,12594,12715,269,1988,1984,1986
27,12594,12715,270,1989,1984,1986
27,12594,12715,271,1980,1980,1985
27,12594,12715,272,1988,1984,1986
27,12594,12715,273,1989,1984,1985
27,12594,12715,274,1979,1979,1985
27,12594,12715,275,1988,1984,1985
27,12594,12715,276,1990,1984,1985
27,12594,12715,277,1979,1980,1985
27,12594,12715,278,1988,1984,1986
27,12594,12715,279,1990,1984,1985
27,12594,12715,280,1979,1980,1986
27,12594,12715,281,1988,1984,1986
27,12594,12715,282,1990,1984,1985
27,12594,12715,283,1979,1981,1987
27,12594,12715,284,1988,1983,1986
27,12594,12715,285,1989,1984,1984
27,12594,12715,286,1979,1982,1986
27,12594,12715,287,1987,1983,1986
27,12594,12715,288,1989,1984,1984
27,12594,12715,289,1843,1970,1008
27,12594,12715,290,1853,1981,1871
27,12594,12715,291,1991,1992,1981
27,12594,12715,292,1979,1982,1987
27,12594,12715,293,1988,1983,1987
27,12594,12715,294,1989,1982,1983
27,12594,12715,295,1980,1982,1988
27,12594,12715,296,1987,1983,1988
27,12594,12715,297,1988,1983,1983
27,12594,12715,298,1981,1983,1987
27,12594,12715,299,1986,1983,1988
27,12594,12715,300,1988,1983,1981
27,12594,12715,301,1823,1970,846
27,12594,12715,302,1831,1979,1852
27,12594,12715,303,1989,1992,1019
27,12594,12715,304,1817,1972,799
27,12594,12715,305,1826,1978,1847
27,12594,12715,306,1989,1992,1979
27,12594,12715,307,1981,1984,1987
27,12594,12715,308,1986,1983,1989
27,12594,12715,309,1987,1981,1982
27,12594,12715,310,1983,1983,1988
27,12594,12715,311,1985,1984,1989
27,12594,12715,312,1985,1981,1982
27,12594,12715,313,1984,1984,1988
27,12594,12715,314,1985,1984,1989
27,12594,12715,315,1986,1980,1982
27,12594,12715,316,1985,1984,1987
27,12594,12715,317,1985,1985,1989
27,12594,12715,318,1985,1980,1982
27,12594,12715,319,1986,1984,1987
27,12594,12715,320,1985,1985,1988
27,12594,12715,321,1985,1979,1982
27,12594,12715,322,1986,1984,1987
27,12594,12715,323,1984,1986,1988
27,12594,12715,324,1984,1979,1982
27,12594,12715,325,1987,1984,1987
27,12594,12715,326,1986,1986,1988
27,12594,12715,327,1983,1980,1982
27,12594,12715,328,1987,1984,1987
27,12594,12715,329,1986,1986,1989
27,12594,12715,330,1982,1979,1983
27,12594,12715,331,1988,1984,1987
27,12594,12715,332,1987,1985,1988
27,12594,12715,333,1981,1977,1784
27,12594,12715,334,1943,1985,1951
27,12594,12715,335,1989,1988,1986
27,12594,12715,336,1980,1968,631
27,12594,12715,337,1769,1974,1794
27,12594,12715,338,1992,1998,1984
27,12594,12715,339,1978,1980,1983
27,12594,12715,340,1989,1984,1986
27,12594,12715,341,1989,1984,1986
27,12594,12715,342,1978,1960,255
27,12594,12715,343,1764,1976,1788
27,12594,12715,344,1993,1998,1982
27,12594,12715,345,1746,1958,235
27,12594,12715,346,1761,1974,1448
27,12594,12715,347,1988,1997,1439
27,12594,12715,348,1741,1957,172
27,12594,12715,349,1765,1975,1784
27,12594,12715,350,1993,1998,1981
27,12594,12715,351,1977,1977,1446
27,12594,12715,352,1786,1970,1811
27,12594,12715,353,1994,1995,1982
27,12594,12715,354,1978,1981,1987
27,12594,12715,355,1988,1983,1986
28,12770,12891,0,1976,2012,1185
28,12770,12891,1,1879,1982,1389
28,12770,12891,2,1970,1988,1966
28,12770,12891,3,1894,1976,1420
28,12770,12891,4,1915,1982,1928
28,12770,12891,5,1990,1987,1983
28,12770,12891,6,1938,1979,1753
28,12770,12891,7,1959,1983,1963
28,12770,12891,8,1989,1985,1983
28,12770,12891,9,1980,1982,2089
28,12770,12891,10,2009,1984,2218
28,12770,12891,11,2024,1984,2016
28,12770,12891,12,2038,1985,2039
28,12770,12891,13,1986,1978,1990
28,12770,12891,14,1988,1982,1983
28,12770,12891,15,1982,1983,1988
28,12770,12891,16,1986,1982,1989
28,12770,12891,17,1987,1982,1982
28,12770,12891,18,1982,1983,1988
28,12770,12891,19,1987,1982,1989
28,12770,12891,20,1987,1981,1983
28,12770,12891,21,1983,1983,1991
28,12770,12891,22,1986,1982,1989
28,12770,12891,23,1987,1981,1982
28,12770,12891,24,1984,1984,1988
28,12770,12891,25,1986,1983,1988
28,12770,12891,26,1986,1981,1982
28,12770,12891,27,1984,1984,1987
28,12770,12891,28,1985,1984,1989
28,12770,12891,29,1985,1980,1982
28,12770,12891,30,1985,1984,1988
28,12770,12891,31,2154,1998,3367
28,12770,12891,32,2166,1982,3358
28,12770,12891,33,2165,1986,3339
28,12770,12891,34,2164,1987,3328
28,12770,12891,35,2161,1982,3316
28,12770,12891,36,2160,1986,2134
28,12770,12891,37,1983,1974,1992
28,12770,12891,38,1985,1978,1983
28,12770,12891,39,1987,1984,1986
28,12770,12891,40,1985,1985,1989
28,12770,12891,41,1982,1979,1983
28,12770,12891,42,2153,1997,3216
28,12770,12891,43,2144,1987,2105
28,12770,12891,44,2092,1982,3184
28,12770,12891,45,2141,1986,3171
28,12770,12891,46,2140,1986,2100
28,12770,12891,47,1980,1971,2116
28,12770,12891,48,2143,1995,2857
28,12770,12891,49,2006,1977,2007
28,12770,12891,50,1981,1977,2006
28,12770,12891,51,2136,1995,2108
28,12770,12891,52,1985,1976,1990
28,12770,12891,53,1981,1979,1984
28,12770,12891,54,1989,1984,1986
28,12770,12891,55,1989,1985,1987
28,12770,12891,56,1979,1979,1991
28,12770,12891,57,2123,1994,3003
28,12770,12891,58,2118,1985,2084
28,12770,12891,59,1985,1981,2973
28,12770,12891,60,2113,1986,2958
28,12770,12891,61,2114,1985,2080
28,12770,12891,62,1978,1973,1988
28,12770,12891,63,2001,1985,1994
28,12770,12891,64,1989,1983,1986
28,12770,12891,65,1979,1980,1986
28,12770,12891,66,1989,1984,1985
28,12770,12891,67,1989,1984,1986
28,12770,12891,68,1979,1980,1987
28,12770,12891,69,1988,1984,1985
28,12770,12891,70,1989,1984,1985
28,12770,12891,71,2078,1989,2802
28,12770,12891,72,2090,1985,2074
28,12770,12891,73,1988,1977,1986
28,12770,12891,74,1980,1982,2736
28,12770,12891,75,2055,1984,2037
28,12770,12891,76,1989,1979,1985
28,12770,12891,77,1980,1982,1987
28,12770,12891,78,1987,1983,1986
28,12770,12891,79,1989,1983,1984
28,12770,12891,80,1980,1982,1987
28,12770,12891,81,1988,1983,1987
28,12770,12891,82,1989,1983,1983
28,12770,12891,83,2065,1989,2631
28,12770,12891,84,2066,1983,2619
28,12770,12891,85,2065,1984,2603
28,12770,12891,86,2057,1984,2590
28,12770,12891,87,2061,1984,2574
28,12770,12891,88,2059,1984,2564
28,12770,12891,89,2055,1984,2049
28,12770,12891,90,1985,1978,1990
28,12770,12891,91,1988,1982,1982
28,12770,12891,92,1982,1983,1988
28,12770,12891,93,1986,1982,1989
28,12770,12891,94,1987,1982,1982
28,12770,12891,95,1983,1984,1988
28,12770,12891,96,1986,1983,1989
28,12770,12891,97,1986,1981,1982
28,12770,12891,98,1983,1983,1988
28,12770,12891,99,1986,1983,1989
28,12770,12891,100,1986,1980,1982
28,12770,12891,101,1984,1984,1988
28,12770,12891,102,1985,1984,1989
28,12770,12891,103,1986,1980,1982
28,12770,12891,104,1985,1984,1988
28,12770,12891,105,1985,1985,1989
28,12770,12891,106,1985,1980,1982
28,12770,12891,107,1988,1992,2078
28,12770,12891,108,1983,1978,1990
28,12770,12891,109,1987,1979,1982
28,12770,12891,110,2101,1993,2860
28,12770,12891,111,2099,1988,2873
28,12770,12891,112,2102,1982,2887
28,12770,12891,113,2105,1986,2899
28,12770,12891,114,2108,1988,2093
28,12770,12891,115,1981,1972,2001
28,12770,12891,116,2041,1988,2028
28,12770,12891,117,1985,1982,1989
28,12770,12891,118,1982,1978,1983
28,12770,12891,119,1987,1984,1986
28,12770,12891,120,1986,1985,1988
28,12770,12891,121,1981,1979,1983
28,12770,12891,122,1988,1984,1987
28,12770,12891,123,1987,1985,1988
28,12770,12891,124,1980,1979,1983
28,12770,12891,125,1988,1984,1987
28,12770,12891,126,1988,1985,1988
28,12770,12891,127,1987,1989,3100
28,12770,12891,128,2132,1985,2094
28,12770,12891,129,1987,1976,1989
28,12770,12891,130,1981,1982,2150
28,12770,12891,131,2024,1983,2014
28,12770,12891,132,1988,1982,1987
28,12770,12891,133,1979,1979,1985
28,12770,12891,134,1988,1983,1985
28,12770,12891,135,1989,1984,1986
28,12770,12891,136,1979,1979,1987
28,12770,12891,137,2158,1995,2104
28,12770,12891,138,1987,1976,1988
28,12770,12891,139,1980,1992,3267
28,12770,12891,140,2162,1987,2133
28,12770,12891,141,1987,1973,1988
28,12770,12891,142,1980,1994,2275
28,12770,12891,143,2011,1974,2006
28,12770,12891,144,1990,1995,3341
28,12770,12891,145,2166,1984,3356
28,12770,12891,146,2170,1984,2117
28,12770,12891,147,1988,1973,1987
28,12770,12891,148,1981,1980,1987
28,12770,12891,149,1988,1984,1986
28,12770,12891,150,2072,1997,3427
28,12770,12891,151,2171,1984,3441
28,12770,12891,152,2183,1986,3455
28,12770,12891,153,2185,1986,3471
28,12770,12891,154,2179,1984,3478
28,12770,12891,155,2183,1984,2125
28,12770,12891,156,1987,1972,1986
28,12770,12891,157,1982,1982,1987
28,12770,12891,158,1988,1982,1987
28,12770,12891,159,1988,1983,1983
28,12770,12891,160,1980,1983,1988
28,12770,12891,161,1988,1983,1988
28,12770,12891,162,1988,2000,3420
28,12770,12891,163,2168,1985,3343
28,12770,12891,164,2156,1984,3244
28,12770,12891,165,2144,1984,3128
28,12770,12891,166,2123,1984,3016
28,12770,12891,167,2110,1983,2093
28,12770,12891,168,1987,1983,2759
28,12770,12891,169,2072,1983,2628
28,12770,12891,170,2054,1982,2045
28,12770,12891,171,1986,1982,2368
28,12770,12891,172,2015,1983,2238
28,12770,12891,173,2003,1982,1999
28,12770,12891,174,1985,1980,1945
28,12770,12891,175,1964,1982,1933
28,12770,12891,176,1985,1985,1988
28,12770,12891,177,1985,1978,1525
28,12770,12891,178,1910,1981,1496
28,12770,12891,179,1899,1982,1918
28,12770,12891,180,1986,1985,1719
28,12770,12891,181,1869,1975,1144
28,12770,12891,182,1857,1982,1879
28,12770,12891,183,1986,1975,877
28,12770,12891,184,1820,1979,754
28,12770,12891,185,1807,1980,1832
28,12770,12891,186,1988,1990,1978
28,12770,12891,187,1984,1985,1986
28,12770,12891,188,1985,1986,1988
28,12770,12891,189,1983,1979,1982
28,12770,12891,190,1987,1984,1987
28,12770,12891,191,1985,1985,1988
28,12770,12891,192,1982,1979,1982
28,12770,12891,193,1986,1984,1985
28,12770,12891,194,1987,1985,1988
28,12770,12891,195,1981,1979,1983
28,12770,12891,196,1988,1984,1986
28,12770,12891,197,1987,1985,1988
28,12770,12891,198,1981,1979,1982
28,12770,12891,199,1988,1985,1987
28,12770,12891,200,1988,1985,1988
28,12770,12891,201,1980,1979,1983
28,12770,12891,202,1988,1984,1986
28,12770,12891,203,1988,1985,1988
28,12770,12891,204,1980,1979,1984
28,12770,12891,205,1781,1965,457
28,12770,12891,206,1791,1978,469
28,12770,12891,207,1785,1974,485
28,12770,12891,208,1793,1978,500
28,12770,12891,209,1795,1979,1816
28,12770,12891,210,1974,1978,529
28,12770,12891,211,1799,1978,540
28,12770,12891,212,1800,1979,1817
28,12770,12891,213,1977,1977,566
28,12770,12891,214,1804,1979,1316
28,12770,12891,215,1983,1995,1975
28,12770,12891,216,1978,1976,638
28,12770,12891,217,1803,1975,704
28,12770,12891,218,1925,1990,1926
28,12770,12891,219,1970,1973,653
28,12770,12891,220,1815,1979,1831
28,12770,12891,221,1992,1995,1981
28,12770,12891,222,1974,1967,698
28,12770,12891,223,1817,1979,1837
28,12770,12891,224,1992,1994,1981
28,12770,12891,225,1970,1971,747
28,12770,12891,226,1825,1979,1840
28,12770,12891,227,1991,1994,1981
28,12770,12891,228,1812,1969,783
28,12770,12891,229,1829,1979,1848
28,12770,12891,230,1991,1992,1980
28,12770,12891,231,1974,1971,827
28,12770,12891,232,1834,1979,1854
28,12770,12891,233,1991,1992,1981
28,12770,12891,234,1972,1972,864
28,12770,12891,235,1840,1979,1859
28,12770,12891,236,1990,1991,1980
28,12770,12891,237,1979,1972,912
28,12770,12891,238,1839,1979,1862
28,12770,12891,239,1989,1992,1979
28,12770,12891,240,1906,1973,952
28,12770,12891,241,1848,1979,1867
28,12770,12891,242,1989,1991,1980
28,12770,12891,243,1981,1984,1987
28,12770,12891,244,1986,1982,1989
28,12770,12891,245,1987,1982,1982
28,12770,12891,246,1848,1973,1038
28,12770,12891,247,1858,1980,1051
28,12770,12891,248,1858,1979,1068
28,12770,12891,249,1858,1981,1079
28,12770,12891,250,1862,1981,1885
28,12770,12891,251,1987,1988,1979
28,12770,12891,252,1860,1974,1124
28,12770,12891,253,1864,1982,1884
28,12770,12891,254,1987,1988,1980
28,12770,12891,255,1867,1975,1168
28,12770,12891,256,1873,1983,1891
28,12770,12891,257,1987,1986,1870
28,12770,12891,258,1872,1976,1528
28,12770,12891,259,1979,1991,1980
28,12770,12891,260,1984,1980,1982
28,12770,12891,261,1982,1977,1898
28,12770,12891,262,1988,1991,1987
28,12770,12891,263,1983,1980,1982
28,12770,12891,264,1884,1976,1298
28,12770,12891,265,1889,1984,1905
28,12770,12891,266,1983,1977,1323
28,12770,12891,267,1891,1982,1321
28,12770,12891,268,1891,1983,1906
28,12770,12891,269,1982,1977,1295
28,12770,12891,270,1883,1982,1572
28,12770,12891,271,1981,1990,1980
28,12770,12891,272,1980,1980,1982
28,12770,12891,273,1987,1984,1987
28,12770,12891,274,1987,1985,1987
28,12770,12891,275,1980,1979,1983
28,12770,12891,276,1988,1984,1986
28,12770,12891,277,1988,1985,1987
28,12770,12891,278,1980,1980,1442
28,12770,12891,279,1867,1975,1886
28,12770,12891,280,1991,1991,1984
28,12770,12891,281,1975,1971,1123
28,12770,12891,282,1867,1981,1880
28,12770,12891,283,1991,1992,1984
28,12770,12891,284,1978,1980,1985
28,12770,12891,285,1988,1984,1986
28,12770,12891,286,1989,1984,1985
28,12770,12891,287,1979,1980,1981
28,12770,12891,288,1851,1973,1871
28,12770,12891,289,1992,1992,1983
28,12770,12891,290,1978,1981,1822
28,12770,12891,291,1846,1973,1870
28,12770,12891,292,1992,1992,1982
28,12770,12891,293,1978,1978,955
28,12770,12891,294,1841,1977,1864
28,12770,12891,295,1992,1992,1982
28,12770,12891,296,1977,1969,911
28,12770,12891,297,1839,1980,1858
28,12770,12891,298,1991,1992,1981
28,12770,12891,299,1972,1972,868
28,12770,12891,300,1836,1980,1853
28,12770,12891,301,1992,1993,1981
28,12770,12891,302,1973,1971,823
28,12770,12891,303,1831,1979,1849
28,12770,12891,304,1992,1993,1981
28,12770,12891,305,1979,1982,903
28,12770,12891,306,1820,1969,1847
28,12770,12891,307,1992,1993,1980
28,12770,12891,308,1808,1969,739
28,12770,12891,309,1819,1978,727
28,12770,12891,310,1817,1979,715
28,12770,12891,311,1809,1978,698
28,12770,12891,312,1813,1978,683
28,12770,12891,313,1812,1979,671
28,12770,12891,314,1806,1979,1832
28,12770,12891,315,1990,1993,1985
28,12770,12891,316,1986,1983,1981
28,12770,12891,317,1982,1980,611
28,12770,12891,318,1799,1973,600
28,12770,12891,319,1803,1977,586
28,12770,12891,320,1797,1978,571
28,12770,12891,321,1797,1977,556
28,12770,12891,322,1796,1976,543
28,12770,12891,323,1793,1978,1816
28,12770,12891,324,1988,1977,511
28,12770,12891,325,1786,1976,498
28,12770,12891,326,1787,1978,484
28,12770,12891,327,1787,1978,471
28,12770,12891,328,1786,1974,460
28,12770,12891,329,1784,1977,1808
28,12770,12891,330,1988,1997,1984
28,12770,12891,331,1983,1967,413
28,12770,12891,332,1775,1976,561
28,12770,12891,333,1925,1993,1932
28,12770,12891,334,1771,1964,928
28,12770,12891,335,1969,1994,1966
28,12770,12891,336,1984,1987,1987
28,12770,12891,337,1983,1979,1982
28,12770,12891,338,1986,1984,1986
28,12770,12891,339,1985,1985,1565
28,12770,12891,340,1758,1958,287
28,12770,12891,341,1767,1975,276
28,12770,12891,342,1764,1977,1787
28,12770,12891,343,1985,1992,1978
28,12770,12891,344,1986,1985,1986
28,12770,12891,345,1986,1985,1987
28,12770,12891,346,1981,1971,201
28,12770,12891,347,1751,1971,1778
28,12770,12891,348,1992,1999,1983
28,12770,12891,349,1979,1979,1984
28,12770,12891,350,1988,1984,1986
28,12770,12891,351,1988,1985,1988
28,12770,12891,352,1980,1979,1984
28,12770,12891,353,1988,1984,1986
28,12770,12891,354,1903,1972,705
28,12770,12891,355,1822,1975,804
29,12945,13066,0,1984,2025,1889
29,12945,13066,1,1872,1979,1240
29,12945,13066,2,1888,1983,1331
29,12945,13066,3,1900,1984,1914
29,12945,13066,4,1982,1981,1530
29,12945,13066,5,1928,1983,1940
29,12945,13066,6,1989,1988,1987
29,12945,13066,7,1980,1979,1954
29,12945,13066,8,1976,1984,1981
29,12945,13066,9,1988,1985,1988
29,12945,13066,10,2013,1982,2306
29,12945,13066,11,2037,1986,2468
29,12945,13066,12,2060,1986,2594
29,12945,13066,13,2071,1982,2739
29,12945,13066,14,2102,1987,2891
29,12945,13066,15,2117,1987,3025
29,12945,13066,16,2128,1983,3160
29,12945,13066,17,2155,1985,3002
29,12945,13066,18,2022,1976,2015
29,12945,13066,19,1980,1992,3493
29,12945,13066,20,2191,1986,3491
29,12945,13066,21,2186,1986,3472
29,12945,13066,22,2179,1983,3473
29,12945,13066,23,2187,1987,3476
29,12945,13066,24,2186,1987,3469
29,12945,13066,25,2177,1983,3453
29,12945,13066,26,2180,1986,3442
29,12945,13066,27,2179,1986,3428
29,12945,13066,28,2171,1983,3417
29,12945,13066,29,2176,1986,2490
29,12945,13066,30,1992,1973,1992
29,12945,13066,31,2171,1995,3369
29,12945,13066,32,2168,1986,3355
29,12945,13066,33,2168,1986,3346
29,12945,13066,34,2159,1984,3331
29,12945,13066,35,2161,1985,3313
29,12945,13066,36,2162,1986,3298
29,12945,13066,37,2153,1985,3290
29,12945,13066,38,2157,1985,3271
29,12945,13066,39,2156,1986,3258
29,12945,13066,40,2147,1985,3242
29,12945,13066,41,2152,1985,3229
29,12945,13066,42,2150,1986,3216
29,12945,13066,43,2142,1985,3202
29,12945,13066,44,2145,1985,3187
29,12945,13066,45,2143,1985,3170
29,12945,13066,46,2137,1984,3154
29,12945,13066,47,2140,1985,3139
29,12945,13066,48,2138,1985,3132
29,12945,13066,49,2131,1985,3107
29,12945,13066,50,2133,1984,3099
29,12945,13066,51,2133,1985,3089
29,12945,13066,52,2126,1985,3070
29,12945,13066,53,2126,1985,3057
29,12945,13066,54,2125,1983,3035
29,12945,13066,55,2121,1985,3033
29,12945,13066,56,2121,1985,3013
29,12945,13066,57,2120,1983,3001
29,12945,13066,58,2115,1985,2986
29,12945,13066,59,2115,1986,2973
29,12945,13066,60,2113,1982,2957
29,12945,13066,61,2116,1985,2946
29,12945,13066,62,2109,1986,2928
29,12945,13066,63,2107,1982,2914
29,12945,13066,64,2104,1985,2900
29,12945,13066,65,2103,1987,2885
29,12945,13066,66,2101,1981,2873
29,12945,13066,67,2100,1985,2855
29,12945,13066,68,2095,1987,2794
29,12945,13066,69,2023,1982,2834
29,12945,13066,70,2095,1985,2823
29,12945,13066,71,2091,1987,2803
29,12945,13066,72,2089,1981,2789
29,12945,13066,73,2088,1985,2774
29,12945,13066,74,2087,1987,2761
29,12945,13066,75,2081,1981,2746
29,12945,13066,76,2083,1985,2735
29,12945,13066,77,2082,1986,2714
29,12945,13066,78,2074,1981,2707
29,12945,13066,79,2077,1985,2689
29,12945,13066,80,2076,1986,2675
29,12945,13066,81,2068,1981,2656
29,12945,13066,82,2071,1985,2647
29,12945,13066,83,2070,1985,2051
29,12945,13066,84,1983,1980,2618
29,12945,13066,85,2065,1985,2604
29,12945,13066,86,2064,1985,2589
29,12945,13066,87,2056,1981,2581
29,12945,13066,88,2060,1985,2563
29,12945,13066,89,2061,1986,2559
29,12945,13066,90,2055,1981,2576
29,12945,13066,91,2064,1985,2590
29,12945,13066,92,2066,1985,2601
29,12945,13066,93,2062,1982,2617
29,12945,13066,94,2070,1985,2635
29,12945,13066,95,2072,1985,2648
29,12945,13066,96,2067,1982,2657
29,12945,13066,97,2076,1985,2675
29,12945,13066,98,2078,1985,2688
29,12945,13066,99,2072,1982,2700
29,12945,13066,100,2082,1986,2716
29,12945,13066,101,2083,1985,2730
29,12945,13066,102,2080,1983,2743
29,12945,13066,103,2087,1984,2762
29,12945,13066,104,2090,1985,2781
29,12945,13066,105,2085,1983,2789
29,12945,13066,106,2093,1984,2798
29,12945,13066,107,2095,1985,2817
29,12945,13066,108,2090,1983,2830
29,12945,13066,109,2099,1985,2845
29,12945,13066,110,2101,1986,2858
29,12945,13066,111,2097,1984,2883
29,12945,13066,112,2106,1985,2891
29,12945,13066,113,2106,1985,2903
29,12945,13066,114,2103,1984,2914
29,12945,13066,115,2110,1985,2929
29,12945,13066,116,2113,1985,2943
29,12945,13066,117,2109,1984,2957
29,12945,13066,118,2115,1985,2974
29,12945,13066,119,2118,1985,2988
29,12945,13066,120,2116,1985,3000
29,12945,13066,121,2121,1985,3017
29,12945,13066,122,2125,1985,3029
29,12945,13066,123,2121,1984,3043
29,12945,13066,124,2127,1985,3058
29,12945,13066,125,2129,1985,3071
29,12945,13066,126,2128,1985,3085
29,12945,13066,127,2133,1985,3101
29,12945,13066,128,2135,1984,3123
29,12945,13066,129,2135,1985,3127
29,12945,13066,130,2138,1986,3140
29,12945,13066,131,2141,1984,3159
29,12945,13066,132,2142,1986,3169
29,12945,13066,133,2145,1987,3186
29,12945,13066,134,2147,1983,3203
29,12945,13066,135,2147,1986,3214
29,12945,13066,136,2150,1987,3226
29,12945,13066,137,2153,1982,3247
29,12945,13066,138,2154,1986,3257
29,12945,13066,139,2155,1987,3270
29,12945,13066,140,2158,1983,3289
29,12945,13066,141,2160,1986,3305
29,12945,13066,142,2161,1988,3314
29,12945,13066,143,2164,1983,3325
29,12945,13066,144,2166,1987,3344
29,12945,13066,145,2167,1988,3350
29,12945,13066,146,2168,1982,3374
29,12945,13066,147,2171,1987,3385
29,12945,13066,148,2175,1988,3399
29,12945,13066,149,2173,1983,3418
29,12945,13066,150,2179,1987,3424
29,12945,13066,151,2180,1988,3441
29,12945,13066,152,2178,1983,3456
29,12945,13066,153,2185,1987,3469
29,12945,13066,154,2187,1987,3477
29,12945,13066,155,2180,1982,3473
29,12945,13066,156,2185,1987,3472
29,12945,13066,157,2189,1988,3489
29,12945,13066,158,2185,1983,3499
29,12945,13066,159,2191,1987,3513
29,12945,13066,160,2192,1988,3524
29,12945,13066,161,2186,1983,3524
29,12945,13066,162,2192,1987,3508
29,12945,13066,163,2180,1986,3408
29,12945,13066,164,2159,1981,3295
29,12945,13066,165,2151,1985,3175
29,12945,13066,166,2134,1986,3056
29,12945,13066,167,2110,1981,2919
29,12945,13066,168,2098,1984,2786
29,12945,13066,169,2080,1984,2656
29,12945,13066,170,2055,1980,2523
29,12945,13066,171,2047,1983,2377
29,12945,13066,172,2025,1984,2247
29,12945,13066,173,1996,1980,2125
29,12945,13066,174,1987,1982,1982
29,12945,13066,175,1968,1982,1844
29,12945,13066,176,1942,1979,1680
29,12945,13066,177,1930,1982,1552
29,12945,13066,178,1921,1982,1486
29,12945,13066,179,1896,1979,1363
29,12945,13066,180,1885,1980,1201
29,12945,13066,181,1867,1981,1065
29,12945,13066,182,1836,1978,918
29,12945,13066,183,1829,1979,762
29,12945,13066,184,1814,1979,628
29,12945,13066,185,1791,1976,494
29,12945,13066,186,1781,1975,351
29,12945,13066,187,1769,1974,215
29,12945,13066,188,1755,1974,216
29,12945,13066,189,1762,1975,232
29,12945,13066,190,1764,1975,246
29,12945,13066,191,1760,1975,259
29,12945,13066,192,1767,1974,272
29,12945,13066,193,1769,1975,286
29,12945,13066,194,1765,1975,300
29,12945,13066,195,1772,1975,316
29,12945,13066,196,1773,1976,334
29,12945,13066,197,1771,1976,346
29,12945,13066,198,1775,1975,350
29,12945,13066,199,1777,1976,372
29,12945,13066,200,1775,1976,390
29,12945,13066,201,1780,1976,397
29,12945,13066,202,1782,1975,417
29,12945,13066,203,1781,1977,428
29,12945,13066,204,1784,1977,445
29,12945,13066,205,1787,1975,458
29,12945,13066,206,1786,1977,470
29,12945,13066,207,1789,1978,485
29,12945,13066,208,1791,1975,504
29,12945,13066,209,1792,1978,512
29,12945,13066,210,1794,1978,524
29,12945,13066,211,1796,1975,546
29,12945,13066,212,1797,1978,557
29,12945,13066,213,1798,1980,570
29,12945,13066,214,1800,1975,585
29,12945,13066,215,1801,1979,600
29,12945,13066,216,1803,1980,612
29,12945,13066,217,1805,1975,617
29,12945,13066,218,1808,1979,638
29,12945,13066,219,1807,1981,657
29,12945,13066,220,1809,1975,669
29,12945,13066,221,1812,1980,683
29,12945,13066,222,1814,1981,697
29,12945,13066,223,1813,1976,712
29,12945,13066,224,1817,1980,723
29,12945,13066,225,1819,1981,739
29,12945,13066,226,1817,1976,756
29,12945,13066,227,1822,1980,770
29,12945,13066,228,1826,1982,783
29,12945,13066,229,1822,1976,797
29,12945,13066,230,1828,1980,812
29,12945,13066,231,1831,1981,829
29,12945,13066,232,1826,1976,843
29,12945,13066,233,1834,1981,854
29,12945,13066,234,1836,1982,864
29,12945,13066,235,1831,1977,881
29,12945,13066,236,1839,1981,898
29,12945,13066,237,1841,1982,911
29,12945,13066,238,1836,1978,922
29,12945,13066,239,1844,1981,939
29,12945,13066,240,1846,1982,955
29,12945,13066,241,1840,1977,968
29,12945,13066,242,1850,1981,982
29,12945,13066,243,1851,1982,1002
29,12945,13066,244,1846,1978,1007
29,12945,13066,245,1855,1981,1023
29,12945,13066,246,1857,1982,1041
29,12945,13066,247,1851,1979,1050
29,12945,13066,248,1860,1981,1069
29,12945,13066,249,1862,1981,1081
29,12945,13066,250,1856,1978,1097
29,12945,13066,251,1865,1981,1109
29,12945,13066,252,1867,1982,1127
29,12945,13066,253,1862,1979,1138
29,12945,13066,254,1871,1981,1152
29,12945,13066,255,1872,1982,1168
29,12945,13066,256,1868,1980,1178
29,12945,13066,257,1876,1981,1194
29,12945,13066,258,1877,1981,1210
29,12945,13066,259,1873,1980,1221
29,12945,13066,260,1881,1981,1238
29,12945,13066,261,1882,1981,1255
29,12945,13066,262,1878,1980,1264
29,12945,13066,263,1886,1981,1281
29,12945,13066,264,1888,1982,1296
29,12945,13066,265,1884,1981,1308
29,12945,13066,266,1891,1981,1322
29,12945,13066,267,1891,1982,1323
29,12945,13066,268,1885,1981,1309
29,12945,13066,269,1887,1981,1296
29,12945,13066,270,1887,1981,1281
29,12945,13066,271,1880,1981,1270
29,12945,13066,272,1882,1980,1253
29,12945,13066,273,1881,1980,1237
29,12945,13066,274,1875,1981,1224
29,12945,13066,275,1877,1981,1897
29,12945,13066,276,1988,1989,1197
29,12945,13066,277,1867,1978,1181
29,12945,13066,278,1870,1980,1163
29,12945,13066,279,1870,1979,1157
29,12945,13066,280,1865,1981,1137
29,12945,13066,281,1865,1981,1887
29,12945,13066,282,1988,1988,1980
29,12945,13066,283,1984,1984,1987
29,12945,13066,284,1985,1984,1988
29,12945,13066,285,1854,1970,1066
29,12945,13066,286,1857,1981,1053
29,12945,13066,287,1857,1982,1038
29,12945,13066,288,1853,1977,1026
29,12945,13066,289,1851,1981,1012
29,12945,13066,290,1848,1983,1870
29,12945,13066,291,1987,1988,1980
29,12945,13066,292,1985,1985,1987
29,12945,13066,293,1978,1975,954
29,12945,13066,294,1844,1976,940
29,12945,13066,295,1840,1981,924
29,12945,13066,296,1839,1982,913
29,12945,13066,297,1835,1977,897
29,12945,13066,298,1837,1981,880
29,12945,13066,299,1834,1982,1856
29,12945,13066,300,1984,1988,1980
29,12945,13066,301,1986,1985,1986
29,12945,13066,302,1987,1985,1987
29,12945,13066,303,1981,1979,1983
29,12945,13066,304,1823,1971,797
29,12945,13066,305,1826,1981,1847
29,12945,13066,306,1975,1978,771
29,12945,13066,307,1823,1980,1841
29,12945,13066,308,1985,1983,743
29,12945,13066,309,1813,1976,725
29,12945,13066,310,1817,1980,1837
29,12945,13066,311,1991,1995,1984
29,12945,13066,312,1978,1980,1177
29,12945,13066,313,1808,1969,1832
29,12945,13066,314,1993,1980,655
29,12945,13066,315,1798,1975,639
29,12945,13066,316,1807,1979,627
29,12945,13066,317,1806,1979,615
29,12945,13066,318,1797,1975,599
29,12945,13066,319,1802,1978,585
29,12945,13066,320,1801,1979,572
29,12945,13066,321,1792,1975,555
29,12945,13066,322,1797,1978,542
29,12945,13066,323,1797,1979,531
29,12945,13066,324,1787,1975,515
29,12945,13066,325,1793,1978,1270
29,12945,13066,326,1983,1995,1974
29,12945,13066,327,1970,1967,472
29,12945,13066,328,1791,1977,457
29,12945,13066,329,1786,1977,438
29,12945,13066,330,1778,1975,430
29,12945,13066,331,1783,1977,414
29,12945,13066,332,1781,1977,1802
29,12945,13066,333,1983,1995,1983
29,12945,13066,334,1977,1969,372
29,12945,13066,335,1780,1976,357
29,12945,13066,336,1769,1974,342
29,12945,13066,337,1774,1976,331
29,12945,13066,338,1773,1976,315
29,12945,13066,339,1764,1975,297
29,12945,13066,340,1768,1975,288
29,12945,13066,341,1768,1975,270
29,12945,13066,342,1760,1975,259
29,12945,13066,343,1763,1975,240
29,12945,13066,344,1762,1974,230
29,12945,13066,345,1756,1974,216
29,12945,13066,346,1758,1973,200
29,12945,13066,347,1758,1974,189
29,12945,13066,348,1753,1973,174
29,12945,13066,349,1760,1975,244
29,12945,13066,350,1772,1975,319
29,12945,13066,351,1776,1977,416
29,12945,13066,352,1795,1978,556
29,12945,13066,353,1808,1978,685
29,12945,13066,354,1818,1981,799
29,12945,13066,355,1836,1981,966
30,13127,13248,0,1990,2025,1167
30,13127,13248,1,1870,1981,1241
30,13127,13248,2,1890,1982,1321
30,13127,13248,3,1903,1982,1415
30,13127,13248,4,1908,1982,1526
30,13127,13248,5,1928,1983,1636
30,13127,13248,6,1943,1982,1750
30,13127,13248,7,1956,1983,1907
30,13127,13248,8,1977,1984,1998
30,13127,13248,9,1996,1984,2134
30,13127,13248,10,2010,1984,2258
30,13127,13248,11,2031,1985,2408
30,13127,13248,12,2056,1985,2561
30,13127,13248,13,2069,1985,2718
30,13127,13248,14,2095,1985,2860
30,13127,13248,15,2116,1985,3006
30,13127,13248,16,2129,1986,3147
30,13127,13248,17,2152,1987,3300
30,13127,13248,18,2175,1984,3430
30,13127,13248,19,2184,1986,3501
30,13127,13248,20,2188,1986,3489
30,13127,13248,21,2185,1983,3473
30,13127,13248,22,2183,1986,3473
30,13127,13248,23,2185,1987,3476
30,13127,13248,24,2184,1983,3467
30,13127,13248,25,2181,1986,3458
30,13127,13248,26,2179,1988,3433
30,13127,13248,27,2178,1982,3428
30,13127,13248,28,2175,1987,3409
30,13127,13248,29,2175,1988,3399
30,13127,13248,30,2172,1982,3380
30,13127,13248,31,2171,1987,3366
30,13127,13248,32,2168,1988,3355
30,13127,13248,33,2165,1982,3342
30,13127,13248,34,2164,1987,3329
30,13127,13248,35,2163,1988,3313
30,13127,13248,36,2158,1982,3300
30,13127,13248,37,2159,1987,3281
30,13127,13248,38,2157,1987,3268
30,13127,13248,39,2151,1982,3256
30,13127,13248,40,2153,1986,2581
30,13127,13248,41,1993,1975,1997
30,13127,13248,42,1991,1979,3215
30,13127,13248,43,2150,1993,2102
30,13127,13248,44,1992,1987,3185
30,13127,13248,45,2137,1982,3180
30,13127,13248,46,2141,1986,3156
30,13127,13248,47,2140,1987,3149
30,13127,13248,48,2132,1982,3130
30,13127,13248,49,2136,1986,3110
30,13127,13248,50,2135,1987,3098
30,13127,13248,51,2125,1982,3087
30,13127,13248,52,2131,1986,3072
30,13127,13248,53,2128,1986,3058
30,13127,13248,54,2120,1982,3043
30,13127,13248,55,2125,1986,3027
30,13127,13248,56,2123,1986,3013
30,13127,13248,57,2114,1982,3000
30,13127,13248,58,2119,1986,2985
30,13127,13248,59,2116,1986,2975
30,13127,13248,60,2107,1982,2958
30,13127,13248,61,2113,1985,2930
30,13127,13248,62,2111,1986,2932
30,13127,13248,63,2102,1982,2914
30,13127,13248,64,2107,1985,2903
30,13127,13248,65,2105,1985,2887
30,13127,13248,66,2096,1983,2869
30,13127,13248,67,2101,1984,2856
30,13127,13248,68,2100,1985,2848
30,13127,13248,69,2090,1983,2830
30,13127,13248,70,2095,1985,2814
30,13127,13248,71,2093,1985,2794
30,13127,13248,72,2084,1983,2787
30,13127,13248,73,2089,1985,2766
30,13127,13248,74,2088,1985,2761
30,13127,13248,75,2076,1983,2741
30,13127,13248,76,2085,1984,2732
30,13127,13248,77,2081,1985,2717
30,13127,13248,78,2073,1985,2703
30,13127,13248,79,2076,1985,2688
30,13127,13248,80,2075,1984,2676
30,13127,13248,81,2068,1984,2661
30,13127,13248,82,2071,1984,2646
30,13127,13248,83,2071,1984,2630
30,13127,13248,84,2062,1984,2618
30,13127,13248,85,2064,1984,2604
30,13127,13248,86,2062,1983,2590
30,13127,13248,87,2057,1984,2573
30,13127,13248,88,2059,1984,2565
30,13127,13248,89,2059,1983,2563
30,13127,13248,90,2058,1984,2574
30,13127,13248,91,2063,1984,2586
30,13127,13248,92,2066,1983,2606
30,13127,13248,93,2065,1985,2617
30,13127,13248,94,2069,1985,2629
30,13127,13248,95,2070,1982,2645
30,13127,13248,96,2070,1985,2661
30,13127,13248,97,2073,1985,2671
30,13127,13248,98,2076,1982,2686
30,13127,13248,99,2076,1985,2704
30,13127,13248,100,2079,1986,2715
30,13127,13248,101,2081,1981,2729
30,13127,13248,102,2083,1985,2744
30,13127,13248,103,2084,1987,2758
30,13127,13248,104,2087,1981,2776
30,13127,13248,105,2088,1986,2784
30,13127,13248,106,2091,1987,2798
30,13127,13248,107,2092,1981,2820
30,13127,13248,108,2095,1986,2832
30,13127,13248,109,2097,1987,2843
30,13127,13248,110,2097,1981,2858
30,13127,13248,111,2101,1986,2873
30,13127,13248,112,2103,1987,2888
30,13127,13248,113,2103,1981,2900
30,13127,13248,114,2108,1986,2915
30,13127,13248,115,2111,1987,2931
30,13127,13248,116,2106,1981,2943
30,13127,13248,117,2114,1986,2960
30,13127,13248,118,2117,1987,2971
30,13127,13248,119,2112,1982,2988
30,13127,13248,120,2120,1986,2998
30,13127,13248,121,2124,1987,3019
30,13127,13248,122,2118,1982,3029
30,13127,13248,123,2127,1986,3027
30,13127,13248,124,2128,1987,3058
30,13127,13248,125,2124,1982,3069
30,13127,13248,126,2132,1986,3083
30,13127,13248,127,2134,1986,3104
30,13127,13248,128,2130,1982,3118
30,13127,13248,129,2138,1987,3128
30,13127,13248,130,2140,1987,3144
30,13127,13248,131,2136,1982,3152
30,13127,13248,132,2144,1987,3169
30,13127,13248,133,2146,1987,3184
30,13127,13248,134,2141,1983,3190
30,13127,13248,135,2150,1986,3213
30,13127,13248,136,2152,1986,3230
30,13127,13248,137,2147,1983,3244
30,13127,13248,138,2156,1986,3258
30,13127,13248,139,2159,1987,3270
30,13127,13248,140,2153,1983,3282
30,13127,13248,141,2162,1986,3298
30,13127,13248,142,2164,1987,3315
30,13127,13248,143,2158,1984,3326
30,13127,13248,144,2169,1986,3341
30,13127,13248,145,2170,1986,3357
30,13127,13248,146,2164,1984,3370
30,13127,13248,147,2174,1985,3385
30,13127,13248,148,2176,1986,3398
30,13127,13248,149,2171,1984,3415
30,13127,13248,150,2180,1986,3428
30,13127,13248,151,2182,1986,3443
30,13127,13248,152,2178,1986,3453
30,13127,13248,153,2185,1986,3470
30,13127,13248,154,2186,1986,3476
30,13127,13248,155,2180,1986,3474
30,13127,13248,156,2186,1985,3472
30,13127,13248,157,2188,1986,3480
30,13127,13248,158,2184,1987,3504
30,13127,13248,159,2190,1986,3512
30,13127,13248,160,2192,1986,3517
30,13127,13248,161,2189,1985,3523
30,13127,13248,162,2191,1986,3512
30,13127,13248,163,2182,1984,3421
30,13127,13248,164,2166,1985,3316
30,13127,13248,165,2152,1984,3207
30,13127,13248,166,2139,1983,3077
30,13127,13248,167,2114,1985,2956
30,13127,13248,168,2102,1984,2837
30,13127,13248,169,2090,1982,2694
30,13127,13248,170,2066,1984,2549
30,13127,13248,171,2038,1984,2409
30,13127,13248,172,2026,1980,2267
30,13127,13248,173,2001,1984,2116
30,13127,13248,174,1984,1983,1972
30,13127,13248,175,1966,1979,1840
30,13127,13248,176,1947,1982,1700
30,13127,13248,177,1926,1983,1570
30,13127,13248,178,1916,1978,1480
30,13127,13248,179,1900,1981,1361
30,13127,13248,180,1886,1982,1236
30,13127,13248,181,1868,1976,1096
30,13127,13248,182,1852,1981,944
30,13127,13248,183,1834,1981,829
30,13127,13248,184,1815,1974,653
30,13127,13248,185,1800,1978,512
30,13127,13248,186,1783,1978,354
30,13127,13248,187,1760,1970,219
30,13127,13248,188,1760,1976,215
30,13127,13248,189,1762,1977,227
30,13127,13248,190,1759,1971,244
30,13127,13248,191,1764,1976,257
30,13127,13248,192,1767,1977,277
30,13127,13248,193,1763,1972,292
30,13127,13248,194,1770,1976,297
30,13127,13248,195,1772,1977,314
30,13127,13248,196,1768,1972,330
30,13127,13248,197,1774,1977,345
30,13127,13248,198,1778,1977,355
30,13127,13248,199,1772,1973,372
30,13127,13248,200,1779,1977,385
30,13127,13248,201,1782,1978,403
30,13127,13248,202,1777,1973,412
30,13127,13248,203,1784,1978,428
30,13127,13248,204,1787,1978,445
30,13127,13248,205,1781,1974,456
30,13127,13248,206,1789,1978,472
30,13127,13248,207,1792,1978,485
30,13127,13248,208,1786,1975,498
30,13127,13248,209,1794,1978,513
30,13127,13248,210,1796,1979,528
30,13127,13248,211,1790,1975,543
30,13127,13248,212,1799,1978,553
30,13127,13248,213,1802,1979,570
30,13127,13248,214,1795,1976,581
30,13127,13248,215,1803,1978,597
30,13127,13248,216,1806,1979,614
30,13127,13248,217,1801,1977,629
30,13127,13248,218,1809,1978,640
30,13127,13248,219,1810,1979,653
30,13127,13248,220,1806,1977,669
30,13127,13248,221,1814,1979,1005
30,13127,13248,222,1816,1980,695
30,13127,13248,223,1811,1978,710
30,13127,13248,224,1819,1979,725
30,13127,13248,225,1821,1980,742
30,13127,13248,226,1815,1978,752
30,13127,13248,227,1824,1979,766
30,13127,13248,228,1826,1980,785
30,13127,13248,229,1820,1979,796
30,13127,13248,230,1828,1979,812
30,13127,13248,231,1830,1979,829
30,13127,13248,232,1827,1980,840
30,13127,13248,233,1833,1980,852
30,13127,13248,234,1835,1980,872
30,13127,13248,235,1833,1980,888
30,13127,13248,236,1839,1980,895
30,13127,13248,237,1841,1981,911
30,13127,13248,238,1836,1980,1037
30,13127,13248,239,1945,1988,1952
30,13127,13248,240,1986,1984,1981
30,13127,13248,241,1983,1985,1988
30,13127,13248,242,1985,1983,1195
30,13127,13248,243,1846,1970,998
30,13127,13248,244,1850,1981,1010
30,13127,13248,245,1853,1981,1023
30,13127,13248,246,1855,1978,1042
30,13127,13248,247,1854,1981,1054
30,13127,13248,248,1859,1982,1065
30,13127,13248,249,1860,1978,1081
30,13127,13248,250,1861,1981,1097
30,13127,13248,251,1905,1986,1919
30,13127,13248,252,1951,1982,1953
30,13127,13248,253,1986,1986,1986
30,13127,13248,254,1985,1985,1988
30,13127,13248,255,1984,1979,1982
30,13127,13248,256,1986,1984,1271
30,13127,13248,257,1869,1977,1892
30,13127,13248,258,1985,1986,1980
30,13127,13248,259,1986,1984,1987
30,13127,13248,260,1986,1986,1988
30,13127,13248,261,1982,1971,1252
30,13127,13248,262,1884,1982,1267
30,13127,13248,263,1885,1984,1281
30,13127,13248,264,1884,1978,1296
30,13127,13248,265,1890,1983,1906
30,13127,13248,266,1989,1991,1986
30,13127,13248,267,1883,1972,1324
30,13127,13248,268,1890,1982,1308
30,13127,13248,269,1889,1983,1292
30,13127,13248,270,1880,1978,1279
30,13127,13248,271,1885,1983,1267
30,13127,13248,272,1884,1983,1254
30,13127,13248,273,1876,1978,1897
30,13127,13248,274,1990,1990,1984
30,13127,13248,275,1873,1976,1210
30,13127,13248,276,1870,1978,1192
30,13127,13248,277,1874,1982,1180
30,13127,13248,278,1874,1982,1166
30,13127,13248,279,1864,1978,1150
30,13127,13248,280,1869,1982,1137
30,13127,13248,281,1867,1982,1125
30,13127,13248,282,1859,1978,1108
30,13127,13248,283,1863,1982,1096
30,13127,13248,284,1862,1982,1082
30,13127,13248,285,1853,1978,1066
30,13127,13248,286,1859,1981,1060
30,13127,13248,287,1856,1981,1037
30,13127,13248,288,1848,1978,1025
30,13127,13248,289,1852,1981,1010
30,13127,13248,290,1852,1981,997
30,13127,13248,291,1842,1978,971
30,13127,13248,292,1848,1981,969
30,13127,13248,293,1846,1981,955
30,13127,13248,294,1837,1978,943
30,13127,13248,295,1842,1980,928
30,13127,13248,296,1841,1980,910
30,13127,13248,297,1832,1979,897
30,13127,13248,298,1837,1980,886
30,13127,13248,299,1835,1980,869
30,13127,13248,300,1827,1979,852
30,13127,13248,301,1832,1979,842
30,13127,13248,302,1830,1979,824
30,13127,13248,303,1823,1979,811
30,13127,13248,304,1827,1978,797
30,13127,13248,305,1826,1979,782
30,13127,13248,306,1818,1979,770
30,13127,13248,307,1821,1978,761
30,13127,13248,308,1820,1979,741
30,13127,13248,309,1814,1979,725
30,13127,13248,310,1816,1978,712
30,13127,13248,311,1815,1979,696
30,13127,13248,312,1809,1979,685
30,13127,13248,313,1811,1978,671
30,13127,13248,314,1809,1977,661
30,13127,13248,315,1804,1979,642
30,13127,13248,316,1805,1978,627
30,13127,13248,317,1805,1976,614
30,13127,13248,318,1801,1979,600
30,13127,13248,319,1800,1979,583
30,13127,13248,320,1800,1976,572
30,13127,13248,321,1798,1978,554
30,13127,13248,322,1795,1979,533
30,13127,13248,323,1795,1975,533
30,13127,13248,324,1791,1978,514
30,13127,13248,325,1790,1979,498
30,13127,13248,326,1789,1974,485
30,13127,13248,327,1787,1978,469
30,13127,13248,328,1787,1978,454
30,13127,13248,329,1784,1974,443
30,13127,13248,330,1783,1978,428
30,13127,13248,331,1781,1979,415
30,13127,13248,332,1779,1973,402
30,13127,13248,333,1779,1977,387
30,13127,13248,334,1778,1979,370
30,13127,13248,335,1773,1973,356
30,13127,13248,336,1774,1976,345
30,13127,13248,337,1773,1977,330
30,13127,13248,338,1767,1972,312
30,13127,13248,339,1769,1976,288
30,13127,13248,340,1768,1977,285
30,13127,13248,341,1762,1971,269
30,13127,13248,342,1765,1976,256
30,13127,13248,343,1764,1976,243
30,13127,13248,344,1757,1971,231
30,13127,13248,345,1761,1975,215
30,13127,13248,346,1760,1976,199
30,13127,13248,347,1753,1971,185
30,13127,13248,348,1756,1975,172
30,13127,13248,349,1763,1976,226
30,13127,13248,350,1764,1973,311
30,13127,13248,351,1780,1978,409
30,13127,13248,352,1794,1979,519
30,13127,13248,353,1798,1976,632
30,13127,13248,354,1819,1981,746
30,13127,13248,355,1834,1982,895
31,13301,13422,0,1979,2020,1224
31,13301,13422,1,1880,1982,1283
31,13301,13422,2,1895,1982,1357
31,13301,13422,3,1901,1982,1437
31,13301,13422,4,1916,1982,1535
31,13301,13422,5,1931,1982,1661
31,13301,13422,6,1944,1984,1773
31,13301,13422,7,1966,1984,1901
31,13301,13422,8,1979,1982,2024
31,13301,13422,9,1995,1985,2164
31,13301,13422,10,2014,1985,2292
31,13301,13422,11,2033,1982,2417
31,13301,13422,12,2048,1986,2546
31,13301,13422,13,2069,1987,2676
31,13301,13422,14,2088,1982,2804
31,13301,13422,15,2102,1986,2910
31,13301,13422,16,2120,1988,3057
31,13301,13422,17,2139,1983,3184
31,13301,13422,18,2155,1987,3313
31,13301,13422,19,2176,1988,3454
31,13301,13422,20,2185,1982,3487
31,13301,13422,21,2185,1986,3472
31,13301,13422,22,2184,1988,3473
31,13301,13422,23,2184,1983,3478
31,13301,13422,24,2184,1987,3454
31,13301,13422,25,2092,1981,2072
31,13301,13422,26,2181,1988,3442
31,13301,13422,27,2177,1987,3431
31,13301,13422,28,2177,1988,3414
31,13301,13422,29,2171,1982,3400
31,13301,13422,30,2172,1987,3382
31,13301,13422,31,2172,1988,3370
31,13301,13422,32,2164,1982,3356
31,13301,13422,33,2169,1987,3341
31,13301,13422,34,2166,1987,3322
31,13301,13422,35,2157,1982,3313
31,13301,13422,36,2161,1986,3300
31,13301,13422,37,2161,1987,3282
31,13301,13422,38,2151,1982,3270
31,13301,13422,39,2156,1986,3256
31,13301,13422,40,2156,1987,3243
31,13301,13422,41,2145,1983,3227
31,13301,13422,42,2150,1986,3220
31,13301,13422,43,2149,1987,3200
31,13301,13422,44,2138,1982,3187
31,13301,13422,45,2144,1986,3171
31,13301,13422,46,2142,1986,3157
31,13301,13422,47,2133,1982,3142
31,13301,13422,48,2138,1986,3127
31,13301,13422,49,2136,1986,3115
31,13301,13422,50,2128,1983,3097
31,13301,13422,51,2132,1985,3084
31,13301,13422,52,2130,1986,3070
31,13301,13422,53,2121,1983,3055
31,13301,13422,54,2127,1985,3045
31,13301,13422,55,2125,1986,3033
31,13301,13422,56,2115,1983,3011
31,13301,13422,57,2122,1985,3000
31,13301,13422,58,2118,1986,2985
31,13301,13422,59,2109,1984,2973
31,13301,13422,60,2114,1985,2957
31,13301,13422,61,2113,1985,2949
31,13301,13422,62,2104,1984,2931
31,13301,13422,63,2109,1985,2915
31,13301,13422,64,2107,1985,2902
31,13301,13422,65,2098,1984,2886
31,13301,13422,66,2104,1985,2875
31,13301,13422,67,2102,1985,2860
31,13301,13422,68,2093,1984,2843
31,13301,13422,69,2096,1984,2830
31,13301,13422,70,2095,1984,2817
31,13301,13422,71,2089,1984,2803
31,13301,13422,72,2091,1984,2786
31,13301,13422,73,2089,1985,2775
31,13301,13422,74,2083,1984,2762
31,13301,13422,75,2084,1983,2738
31,13301,13422,76,2082,1984,2733
31,13301,13422,77,2077,1984,2715
31,13301,13422,78,2079,1983,2701
31,13301,13422,79,2078,1983,2694
31,13301,13422,80,2071,1984,2667
31,13301,13422,81,2072,1984,2658
31,13301,13422,82,2070,1983,2645
31,13301,13422,83,2069,1985,2633
31,13301,13422,84,2066,1985,2106
31,13301,13422,85,1985,1975,1984
31,13301,13422,86,1986,1989,2590
31,13301,13422,87,2059,1986,2575
31,13301,13422,88,2059,1981,2562
31,13301,13422,89,2057,1985,2048
31,13301,13422,90,2056,1986,2570
31,13301,13422,91,2062,1981,2589
31,13301,13422,92,2063,1985,2602
31,13301,13422,93,2066,1986,2617
31,13301,13422,94,2066,1981,2632
31,13301,13422,95,2069,1985,2645
31,13301,13422,96,2071,1987,2659
31,13301,13422,97,2073,1981,2674
31,13301,13422,98,2075,1985,2687
31,13301,13422,99,2077,1987,2702
31,13301,13422,100,2077,1981,2715
31,13301,13422,101,2081,1986,2730
31,13301,13422,102,2084,1986,2751
31,13301,13422,103,2083,1981,2760
31,13301,13422,104,2088,1986,2772
31,13301,13422,105,2091,1986,2789
31,13301,13422,106,2088,1981,2801
31,13301,13422,107,2095,1986,2816
31,13301,13422,108,2099,1987,2827
31,13301,13422,109,2094,1982,2844
31,13301,13422,110,2100,1986,2855
31,13301,13422,111,2103,1987,2873
31,13301,13422,112,2100,1982,2887
31,13301,13422,113,2108,1986,2902
31,13301,13422,114,2109,1987,2914
31,13301,13422,115,2104,1982,2927
31,13301,13422,116,2113,1986,2943
31,13301,13422,117,2115,1987,2959
31,13301,13422,118,2111,1982,2971
31,13301,13422,119,2119,1986,2988
31,13301,13422,120,2121,1986,3002
31,13301,13422,121,2117,1982,3015
31,13301,13422,122,2124,1986,3026
31,13301,13422,123,2127,1986,3043
31,13301,13422,124,2122,1982,3058
31,13301,13422,125,2130,1986,3073
31,13301,13422,126,2133,1986,3085
31,13301,13422,127,2128,1983,3097
31,13301,13422,128,2137,1986,3119
31,13301,13422,129,2138,1986,3132
31,13301,13422,130,2133,1984,3142
31,13301,13422,131,2143,1985,3157
31,13301,13422,132,2145,1986,3173
31,13301,13422,133,2141,1984,3188
31,13301,13422,134,2147,1986,3201
31,13301,13422,135,2149,1986,3217
31,13301,13422,136,2146,1985,3226
31,13301,13422,137,2153,1986,3244
31,13301,13422,138,2156,1986,3259
31,13301,13422,139,2151,1985,3268
31,13301,13422,140,2160,1985,3007
31,13301,13422,141,2020,1984,3303
31,13301,13422,142,2157,1985,3316
31,13301,13422,143,2166,1985,3328
31,13301,13422,144,2168,1986,3341
31,13301,13422,145,2164,1985,3353
31,13301,13422,146,2171,1985,3370
31,13301,13422,147,2173,1986,3383
31,13301,13422,148,2171,1986,3397
31,13301,13422,149,2176,1985,3412
31,13301,13422,150,2179,1986,3429
31,13301,13422,151,2176,1986,3438
31,13301,13422,152,2182,1985,3454
31,13301,13422,153,2185,1986,3468
31,13301,13422,154,2183,1986,3474
31,13301,13422,155,2184,1986,3473
31,13301,13422,156,2185,1984,3474
31,13301,13422,157,2185,1986,3487
31,13301,13422,158,2188,1987,3501
31,13301,13422,159,2190,1984,3513
31,13301,13422,160,2191,1987,3517
31,13301,13422,161,2190,1987,3516
31,13301,13422,162,2183,1983,3434
31,13301,13422,163,2166,1985,3318
31,13301,13422,164,2152,1987,3215
31,13301,13422,165,2139,1981,3102
31,13301,13422,166,2121,1985,2976
31,13301,13422,167,2104,1986,2856
31,13301,13422,168,2086,1981,2724
31,13301,13422,169,2064,1984,2589
31,13301,13422,170,2051,1985,2469
31,13301,13422,171,2035,1979,2341
31,13301,13422,172,2016,1983,2213
31,13301,13422,173,1998,1985,2079
31,13301,13422,174,1980,1978,1953
31,13301,13422,175,1964,1982,1817
31,13301,13422,176,1945,1983,1694
31,13301,13422,177,1923,1977,1537
31,13301,13422,178,1914,1982,1459
31,13301,13422,179,1898,1982,1354
31,13301,13422,180,1880,1977,1201
31,13301,13422,181,1868,1981,1082
31,13301,13422,182,1851,1981,982
31,13301,13422,183,1831,1975,769
31,13301,13422,184,1819,1979,670
31,13301,13422,185,1803,1979,539
31,13301,13422,186,1785,1973,412
31,13301,13422,187,1775,1976,304
31,13301,13422,188,1764,1975,216
31,13301,13422,189,1756,1972,229
31,13301,13422,190,1764,1976,242
31,13301,13422,191,1766,1976,258
31,13301,13422,192,1757,1972,272
31,13301,13422,193,1768,1976,283
31,13301,13422,194,1771,1977,303
31,13301,13422,195,1765,1972,315
31,13301,13422,196,1774,1976,327
31,13301,13422,197,1775,1977,340
31,13301,13422,198,1770,1973,357
31,13301,13422,199,1778,1977,1796
31,13301,13422,200,1993,1997,1981
31,13301,13422,201,1977,1981,504
31,13301,13422,202,1777,1965,429
31,13301,13422,203,1787,1977,433
31,13301,13422,204,1779,1975,443
31,13301,13422,205,1788,1977,458
31,13301,13422,206,1791,1978,472
31,13301,13422,207,1784,1976,488
31,13301,13422,208,1792,1978,500
31,13301,13422,209,1794,1978,1810
31,13301,13422,210,1789,1977,528
31,13301,13422,211,1798,1978,542
31,13301,13422,212,1799,1979,556
31,13301,13422,213,1794,1978,570
31,13301,13422,214,1802,1978,1824
31,13301,13422,215,1991,1994,1980
31,13301,13422,216,1980,1983,1987
31,13301,13422,217,1986,1983,1987
31,13301,13422,218,1988,1983,1983
31,13301,13422,219,1981,1983,1987
31,13301,13422,220,1978,1970,669
31,13301,13422,221,1817,1978,689
31,13301,13422,222,1809,1978,698
31,13301,13422,223,1817,1978,714
31,13301,13422,224,1818,1978,728
31,13301,13422,225,1815,1980,740
31,13301,13422,226,1821,1979,750
31,13301,13422,227,1823,1979,772
31,13301,13422,228,1821,1980,784
31,13301,13422,229,1827,1979,794
31,13301,13422,230,1827,1978,813
31,13301,13422,231,1827,1980,1364
31,13301,13422,232,1979,1992,1979
31,13301,13422,233,1985,1982,1981
31,13301,13422,234,1977,1973,866
31,13301,13422,235,1836,1980,883
31,13301,13422,236,1837,1977,898
31,13301,13422,237,1838,1981,906
31,13301,13422,238,1840,1981,926
31,13301,13422,239,1843,1977,942
31,13301,13422,240,1844,1981,953
31,13301,13422,241,1845,1982,966
31,13301,13422,242,1848,1977,986
31,13301,13422,243,1849,1981,998
31,13301,13422,244,1850,1982,1009
31,13301,13422,245,1853,1977,1022
31,13301,13422,246,1855,1981,1039
31,13301,13422,247,1857,1983,1052
31,13301,13422,248,1857,1977,1069
31,13301,13422,249,1861,1982,1079
31,13301,13422,250,1862,1983,1094
31,13301,13422,251,1862,1977,1110
31,13301,13422,252,1866,1982,1125
31,13301,13422,253,1868,1983,1140
31,13301,13422,254,1866,1978,1150
31,13301,13422,255,1870,1982,1169
31,13301,13422,256,1875,1983,1176
31,13301,13422,257,1871,1978,1197
31,13301,13422,258,1877,1983,1210
31,13301,13422,259,1880,1983,1223
31,13301,13422,260,1876,1978,1238
31,13301,13422,261,1882,1982,1251
31,13301,13422,262,1884,1983,1266
31,13301,13422,263,1880,1978,1281
31,13301,13422,264,1888,1982,1294
31,13301,13422,265,1891,1983,1309
31,13301,13422,266,1885,1978,1322
31,13301,13422,267,1893,1982,1905
31,13301,13422,268,1990,1990,1984
31,13301,13422,269,1978,1980,1906
31,13301,13422,270,1884,1976,1279
31,13301,13422,271,1886,1982,1268
31,13301,13422,272,1877,1978,1252
31,13301,13422,273,1881,1982,1238
31,13301,13422,274,1880,1982,1225
31,13301,13422,275,1872,1979,1209
31,13301,13422,276,1875,1981,1229
31,13301,13422,277,1875,1982,1182
31,13301,13422,278,1866,1979,1166
31,13301,13422,279,1870,1981,1152
31,13301,13422,280,1869,1982,1135
31,13301,13422,281,1860,1979,1126
31,13301,13422,282,1865,1981,1111
31,13301,13422,283,1864,1981,1097
31,13301,13422,284,1855,1980,1082
31,13301,13422,285,1860,1980,1069
31,13301,13422,286,1857,1981,1054
31,13301,13422,287,1850,1979,1033
31,13301,13422,288,1855,1980,1021
31,13301,13422,289,1853,1981,1018
31,13301,13422,290,1845,1980,1000
31,13301,13422,291,1849,1980,980
31,13301,13422,292,1849,1980,969
31,13301,13422,293,1841,1980,954
31,13301,13422,294,1843,1980,942
31,13301,13422,295,1842,1980,926
31,13301,13422,296,1836,1980,911
31,13301,13422,297,1838,1979,897
31,13301,13422,298,1837,1980,885
31,13301,13422,299,1830,1980,868
31,13301,13422,300,1832,1979,851
31,13301,13422,301,1832,1979,839
31,13301,13422,302,1827,1980,825
31,13301,13422,303,1828,1979,810
31,13301,13422,304,1826,1978,796
31,13301,13422,305,1821,1979,784
31,13301,13422,306,1822,1980,767
31,13301,13422,307,1821,1977,758
31,13301,13422,308,1817,1980,740
31,13301,13422,309,1817,1980,725
31,13301,13422,310,1816,1977,714
31,13301,13422,311,1811,1979,698
31,13301,13422,312,1812,1980,672
31,13301,13422,313,1811,1975,670
31,13301,13422,314,1808,1980,658
31,13301,13422,315,1807,1980,640
31,13301,13422,316,1806,1975,626
31,13301,13422,317,1803,1979,612
31,13301,13422,318,1801,1980,600
31,13301,13422,319,1800,1975,586
31,13301,13422,320,1800,1978,568
31,13301,13422,321,1797,1980,553
31,13301,13422,322,1794,1974,546
31,13301,13422,323,1794,1978,534
31,13301,13422,324,1797,1979,512
31,13301,13422,325,1789,1974,498
31,13301,13422,326,1790,1978,487
31,13301,13422,327,1788,1979,471
31,13301,13422,328,1783,1973,458
31,13301,13422,329,1785,1977,440
31,13301,13422,330,1784,1978,426
31,13301,13422,331,1777,1973,414
31,13301,13422,332,1781,1977,402
31,13301,13422,333,1780,1978,389
31,13301,13422,334,1772,1972,371
31,13301,13422,335,1776,1976,358
31,13301,13422,336,1776,1977,344
31,13301,13422,337,1767,1972,331
31,13301,13422,338,1771,1976,314
31,13301,13422,339,1770,1977,299
31,13301,13422,340,1762,1972,286
31,13301,13422,341,1767,1976,272
31,13301,13422,342,1766,1975,255
31,13301,13422,343,1757,1972,240
31,13301,13422,344,1762,1975,231
31,13301,13422,345,1761,1975,214
31,13301,13422,346,1753,1971,199
31,13301,13422,347,1757,1975,197
31,13301,13422,348,1756,1974,173
31,13301,13422,349,1756,1972,231
31,13301,13422,350,1771,1976,300
31,13301,13422,351,1781,1978,418
31,13301,13422,352,1786,1976,526
31,13301,13422,353,1806,1979,639
31,13301,13422,354,1821,1980,754
31,13301,13422,355,1823,1978,882
32,13477,13598,0,1989,2024,1179
32,13477,13598,1,1870,1980,1239
32,13477,13598,2,1891,1983,1311
32,13477,13598,3,1900,1983,1416
32,13477,13598,4,1906,1980,1513
32,13477,13598,5,1928,1984,1630
32,13477,13598,6,1946,1984,1754
32,13477,13598,7,1952,1981,1873
32,13477,13598,8,1977,1984,1995
32,13477,13598,9,1995,1985,2117
32,13477,13598,10,2008,1983,2285
32,13477,13598,11,2037,1985,2429
32,13477,13598,12,2054,1986,2585
32,13477,13598,13,2067,1984,2727
32,13477,13598,14,2092,1986,2863
32,13477,13598,15,2114,1986,3000
32,13477,13598,16,2127,1986,3170
32,13477,13598,17,2153,1985,3289
32,13477,13598,18,2173,1986,3418
32,13477,13598,19,2183,1985,3499
32,13477,13598,20,2189,1985,3490
32,13477,13598,21,2186,1986,3473
32,13477,13598,22,2179,1985,3473
32,13477,13598,23,2186,1985,3477
32,13477,13598,24,2186,1986,3471
32,13477,13598,25,2179,1986,3457
32,13477,13598,26,2181,1985,3440
32,13477,13598,27,2179,1986,3428
32,13477,13598,28,2173,1986,3414
32,13477,13598,29,2175,1985,3397
32,13477,13598,30,2173,1985,3384
32,13477,13598,31,2167,1985,3368
32,13477,13598,32,2171,1985,3355
32,13477,13598,33,2168,1985,3345
32,13477,13598,34,2161,1986,3327
32,13477,13598,35,2162,1986,3313
32,13477,13598,36,2161,1984,3299
32,13477,13598,37,2157,1986,3294
32,13477,13598,38,2155,1986,3271
32,13477,13598,39,2154,1983,3258
32,13477,13598,40,2151,1986,3242
32,13477,13598,41,2150,1986,3227
32,13477,13598,42,2148,1983,3215
32,13477,13598,43,2146,1986,3199
32,13477,13598,44,2144,1987,3185
32,13477,13598,45,2143,1982,3173
32,13477,13598,46,2139,1986,3159
32,13477,13598,47,2139,1987,3142
32,13477,13598,48,2137,1982,3131
32,13477,13598,49,2134,1986,3112
32,13477,13598,50,2132,1987,3099
32,13477,13598,51,2129,1982,3085
32,13477,13598,52,2128,1986,3071
32,13477,13598,53,2128,1987,3056
32,13477,13598,54,2121,1981,3044
32,13477,13598,55,2123,1986,3030
32,13477,13598,56,2121,1987,3015
32,13477,13598,57,2116,1981,3002
32,13477,13598,58,2117,1986,2986
32,13477,13598,59,2116,1987,2972
32,13477,13598,60,2109,1981,2956
32,13477,13598,61,2112,1985,2942
32,13477,13598,62,2111,1986,2930
32,13477,13598,63,2103,1981,2916
32,13477,13598,64,2106,1986,2901
32,13477,13598,65,2105,1986,2891
32,13477,13598,66,2097,1981,2871
32,13477,13598,67,2101,1986,2846
32,13477,13598,68,2099,1986,2844
32,13477,13598,69,2090,1981,2829
32,13477,13598,70,2095,1986,2814
32,13477,13598,71,2093,1986,2810
32,13477,13598,72,2084,1981,2786
32,13477,13598,73,2090,1985,2774
32,13477,13598,74,2088,1986,2755
32,13477,13598,75,2079,1981,2745
32,13477,13598,76,2083,1985,2730
32,13477,13598,77,2082,1985,2721
32,13477,13598,78,2072,1982,2700
32,13477,13598,79,2078,1985,2689
32,13477,13598,80,2075,1986,2676
32,13477,13598,81,2067,1982,2653
32,13477,13598,82,2072,1985,2651
32,13477,13598,83,2070,1985,2617
32,13477,13598,84,2060,1982,2049
32,13477,13598,85,1987,1979,1987
32,13477,13598,86,1990,1983,1985
32,13477,13598,87,2056,1988,2098
32,13477,13598,88,2059,1984,2042
32,13477,13598,89,2062,1985,2560
32,13477,13598,90,2056,1983,2578
32,13477,13598,91,2064,1984,2591
32,13477,13598,92,2066,1985,2607
32,13477,13598,93,2061,1983,2622
32,13477,13598,94,2070,1984,2056
32,13477,13598,95,1988,1978,1985
32,13477,13598,96,2070,1989,2660
32,13477,13598,97,2074,1984,2674
32,13477,13598,98,2077,1984,2688
32,13477,13598,99,2074,1984,2690
32,13477,13598,100,2080,1985,2534
32,13477,13598,101,1999,1978,1994
32,13477,13598,102,1982,1982,1988
32,13477,13598,103,1987,1982,1989
32,13477,13598,104,1990,1990,2774
32,13477,13598,105,2086,1985,2788
32,13477,13598,106,2093,1984,2802
32,13477,13598,107,2094,1984,2819
32,13477,13598,108,2094,1985,2833
32,13477,13598,109,2098,1985,2843
32,13477,13598,110,2099,1984,2861
32,13477,13598,111,2100,1985,2870
32,13477,13598,112,2103,1985,2885
32,13477,13598,113,2106,1983,2902
32,13477,13598,114,2107,1985,2916
32,13477,13598,115,2109,1985,2081
32,13477,13598,116,1985,1973,1987
32,13477,13598,117,2115,1993,2957
32,13477,13598,118,2113,1986,2971
32,13477,13598,119,2117,1982,2984
32,13477,13598,120,2117,1986,3003
32,13477,13598,121,2121,1987,3011
32,13477,13598,122,2122,1982,3031
32,13477,13598,123,2125,1986,3046
32,13477,13598,124,2125,1987,3057
32,13477,13598,125,2128,1982,3072
32,13477,13598,126,2131,1986,3085
32,13477,13598,127,2132,1988,3102
32,13477,13598,128,2132,1982,3114
32,13477,13598,129,2136,1987,3130
32,13477,13598,130,2139,1988,3141
32,13477,13598,131,2138,1982,3158
32,13477,13598,132,2142,1986,3172
32,13477,13598,133,2145,1987,3189
32,13477,13598,134,2143,1982,3197
32,13477,13598,135,2150,1987,3212
32,13477,13598,136,2152,1987,3230
32,13477,13598,137,2148,1982,3247
32,13477,13598,138,2156,1986,3257
32,13477,13598,139,2159,1987,3272
32,13477,13598,140,2154,1983,3287
32,13477,13598,141,2162,1987,3301
32,13477,13598,142,2164,1987,3313
32,13477,13598,143,2160,1982,3328
32,13477,13598,144,2167,1987,3341
32,13477,13598,145,2170,1987,3356
32,13477,13598,146,2165,1983,3370
32,13477,13598,147,2174,1986,3382
32,13477,13598,148,2175,1987,3404
32,13477,13598,149,2171,1983,3411
32,13477,13598,150,2179,1987,3426
32,13477,13598,151,2182,1987,3442
32,13477,13598,152,2176,1983,3456
32,13477,13598,153,2186,1987,3469
32,13477,13598,154,2186,1987,3475
32,13477,13598,155,2179,1983,3473
32,13477,13598,156,2186,1986,3473
32,13477,13598,157,2186,1987,3491
32,13477,13598,158,2183,1984,3499
32,13477,13598,159,2192,1986,3513
32,13477,13598,160,2192,1985,2128
32,13477,13598,161,1978,1975,3525
32,13477,13598,162,2196,1989,3511
32,13477,13598,163,2183,1986,3414
32,13477,13598,164,2161,1983,3312
32,13477,13598,165,2152,1984,3204
32,13477,13598,166,2136,1984,3064
32,13477,13598,167,2108,1982,2931
32,13477,13598,168,2100,1983,2793
32,13477,13598,169,2083,1984,2669
32,13477,13598,170,2056,1982,2533
32,13477,13598,171,2045,1982,2397
32,13477,13598,172,2027,1982,2272
32,13477,13598,173,2000,1982,2122
32,13477,13598,174,1986,1981,1962
32,13477,13598,175,1968,1982,1829
32,13477,13598,176,1941,1981,1690
32,13477,13598,177,1930,1981,1553
32,13477,13598,178,1920,1981,1491
32,13477,13598,179,1896,1980,1309
32,13477,13598,180,1883,1981,1236
32,13477,13598,181,1869,1979,1085
32,13477,13598,182,1846,1979,945
32,13477,13598,183,1834,1978,796
32,13477,13598,184,1817,1976,658
32,13477,13598,185,1797,1978,1823
32,13477,13598,186,1989,1995,1985
32,13477,13598,187,1984,1982,1981
32,13477,13598,188,1980,1964,892
32,13477,13598,189,1762,1975,229
32,13477,13598,190,1762,1973,247
32,13477,13598,191,1763,1975,257
32,13477,13598,192,1764,1977,271
32,13477,13598,193,1767,1972,289
32,13477,13598,194,1768,1976,299
32,13477,13598,195,1770,1977,329
32,13477,13598,196,1771,1972,330
32,13477,13598,197,1773,1977,342
32,13477,13598,198,1774,1978,358
32,13477,13598,199,1776,1973,372
32,13477,13598,200,1777,1977,386
32,13477,13598,201,1779,1979,401
32,13477,13598,202,1779,1973,415
32,13477,13598,203,1784,1977,426
32,13477,13598,204,1785,1979,1807
32,13477,13598,205,1968,1978,459
32,13477,13598,206,1791,1978,1810
32,13477,13598,207,1990,1996,488
32,13477,13598,208,1781,1970,506
32,13477,13598,209,1793,1978,514
32,13477,13598,210,1796,1980,527
32,13477,13598,211,1791,1974,542
32,13477,13598,212,1798,1979,558
32,13477,13598,213,1801,1980,572
32,13477,13598,214,1794,1975,583
32,13477,13598,215,1804,1979,1487
32,13477,13598,216,1985,1995,1981
32,13477,13598,217,1978,1964,625
32,13477,13598,218,1806,1980,644
32,13477,13598,219,1810,1980,657
32,13477,13598,220,1806,1976,668
32,13477,13598,221,1814,1980,682
32,13477,13598,222,1816,1980,698
32,13477,13598,223,1810,1976,1720
32,13477,13598,224,1989,1994,1981
32,13477,13598,225,1988,1985,1985
32,13477,13598,226,1811,1966,753
32,13477,13598,227,1825,1980,770
32,13477,13598,228,1825,1980,779
32,13477,13598,229,1820,1976,796
32,13477,13598,230,1829,1980,1849
32,13477,13598,231,1992,1993,1982
32,13477,13598,232,1978,1981,1454
32,13477,13598,233,1830,1970,853
32,13477,13598,234,1838,1980,868
32,13477,13598,235,1830,1978,881
32,13477,13598,236,1839,1981,898
32,13477,13598,237,1841,1981,914
32,13477,13598,238,1836,1979,934
32,13477,13598,239,1844,1981,939
32,13477,13598,240,1846,1981,954
32,13477,13598,241,1841,1979,1004
32,13477,13598,242,1851,1980,981
32,13477,13598,243,1851,1981,1000
32,13477,13598,244,1846,1980,1010
32,13477,13598,245,1854,1981,1022
32,13477,13598,246,1856,1981,1038
32,13477,13598,247,1851,1980,1051
32,13477,13598,248,1859,1980,1068
32,13477,13598,249,1861,1981,1080
32,13477,13598,250,1858,1980,1096
32,13477,13598,251,1865,1980,1632
32,13477,13598,252,1985,1989,1652
32,13477,13598,253,1860,1974,1137
32,13477,13598,254,1870,1981,1151
32,13477,13598,255,1871,1981,1168
32,13477,13598,256,1869,1981,1180
32,13477,13598,257,1875,1981,1192
32,13477,13598,258,1877,1980,1216
32,13477,13598,259,1876,1981,1224
32,13477,13598,260,1879,1982,1236
32,13477,13598,261,1882,1980,1253
32,13477,13598,262,1881,1982,1268
32,13477,13598,263,1885,1982,1287
32,13477,13598,264,1887,1979,1296
32,13477,13598,265,1887,1982,1307
32,13477,13598,266,1890,1982,1320
32,13477,13598,267,1890,1979,1324
32,13477,13598,268,1888,1981,1309
32,13477,13598,269,1886,1983,1291
32,13477,13598,270,1885,1978,1282
32,13477,13598,271,1882,1982,1266
32,13477,13598,272,1881,1983,1252
32,13477,13598,273,1879,1978,1240
32,13477,13598,274,1879,1982,1227
32,13477,13598,275,1875,1983,1213
32,13477,13598,276,1873,1977,1194
32,13477,13598,277,1872,1982,1185
32,13477,13598,278,1871,1983,1165
32,13477,13598,279,1866,1977,1158
32,13477,13598,280,1867,1982,1138
32,13477,13598,281,1867,1983,1120
32,13477,13598,282,1861,1977,1111
32,13477,13598,283,1862,1982,1095
32,13477,13598,284,1862,1983,1080
32,13477,13598,285,1854,1977,1065
32,13477,13598,286,1858,1982,1054
32,13477,13598,287,1857,1982,1034
32,13477,13598,288,1848,1977,1024
32,13477,13598,289,1852,1981,1009
32,13477,13598,290,1853,1982,996
32,13477,13598,291,1843,1977,984
32,13477,13598,292,1850,1981,968
32,13477,13598,293,1847,1982,957
32,13477,13598,294,1837,1977,941
32,13477,13598,295,1842,1981,924
32,13477,13598,296,1842,1981,911
32,13477,13598,297,1829,1977,897
32,13477,13598,298,1836,1980,881
32,13477,13598,299,1836,1981,870
32,13477,13598,300,1827,1976,853
32,13477,13598,301,1832,1980,840
32,13477,13598,302,1831,1980,829
32,13477,13598,303,1822,1977,809
32,13477,13598,304,1828,1980,796
32,13477,13598,305,1825,1980,782
32,13477,13598,306,1817,1976,770
32,13477,13598,307,1822,1980,754
32,13477,13598,308,1821,1980,741
32,13477,13598,309,1812,1977,724
32,13477,13598,310,1817,1979,711
32,13477,13598,311,1816,1979,698
32,13477,13598,312,1807,1977,689
32,13477,13598,313,1813,1979,674
32,13477,13598,314,1811,1979,655
32,13477,13598,315,1802,1977,642
32,13477,13598,316,1807,1978,628
32,13477,13598,317,1806,1978,613
32,13477,13598,318,1796,1977,599
32,13477,13598,319,1803,1978,585
32,13477,13598,320,1800,1978,571
32,13477,13598,321,1793,1977,551
32,13477,13598,322,1797,1977,550
32,13477,13598,323,1795,1977,532
32,13477,13598,324,1788,1977,513
32,13477,13598,325,1792,1977,502
32,13477,13598,326,1790,1977,486
32,13477,13598,327,1785,1977,469
32,13477,13598,328,1787,1976,455
32,13477,13598,329,1786,1977,439
32,13477,13598,330,1779,1976,426
32,13477,13598,331,1782,1976,417
32,13477,13598,332,1782,1975,403
32,13477,13598,333,1776,1976,386
32,13477,13598,334,1778,1975,370
32,13477,13598,335,1776,1974,362
32,13477,13598,336,1772,1976,345
32,13477,13598,337,1772,1976,329
32,13477,13598,338,1771,1973,315
32,13477,13598,339,1767,1976,299
32,13477,13598,340,1768,1977,286
32,13477,13598,341,1765,1972,274
32,13477,13598,342,1763,1975,258
32,13477,13598,343,1761,1977,243
32,13477,13598,344,1761,1971,227
32,13477,13598,345,1759,1975,216
32,13477,13598,346,1757,1976,202
32,13477,13598,347,1755,1970,190
32,13477,13598,348,1754,1974,175
32,13477,13598,349,1759,1977,238
32,13477,13598,350,1767,1972,311
32,13477,13598,351,1778,1978,413
32,13477,13598,352,1790,1980,523
32,13477,13598,353,1802,1976,655
32,13477,13598,354,1820,1981,790
32,13477,13598,355,1837,1983,948
33,13649,13770,0,1978,2018,1230
33,13649,13770,1,1883,1985,1301
33,13649,13770,2,1893,1978,1376
33,13649,13770,3,1909,1983,1464
33,13649,13770,4,1921,1985,1559
33,13649,13770,5,1929,1980,1666
33,13649,13770,6,1951,1984,1774
33,13649,13770,7,1964,1986,1908
33,13649,13770,8,1976,1980,2024
33,13649,13770,9,1998,1985,2143
33,13649,13770,10,2016,1986,2285
33,13649,13770,11,2027,1982,2420
33,13649,13770,12,2052,1986,2537
33,13649,13770,13,2072,1987,2658
33,13649,13770,14,2082,1982,2811
33,13649,13770,15,2109,1987,2967
33,13649,13770,16,2130,1987,3110
33,13649,13770,17,2140,1983,3246
33,13649,13770,18,2166,1987,3379
33,13649,13770,19,2187,1987,3490
33,13649,13770,20,2182,1982,3486
33,13649,13770,21,2186,1986,3473
33,13649,13770,22,2187,1987,3473
33,13649,13770,23,2180,1984,3476
33,13649,13770,24,2187,1987,3470
33,13649,13770,25,2184,1987,3454
33,13649,13770,26,2175,1983,3444
33,13649,13770,27,2180,1986,3427
33,13649,13770,28,2178,1987,3414
33,13649,13770,29,2169,1983,3399
33,13649,13770,30,2174,1986,3385
33,13649,13770,31,2172,1987,3372
33,13649,13770,32,2163,1984,3356
33,13649,13770,33,2167,1986,3345
33,13649,13770,34,2166,1986,3326
33,13649,13770,35,2157,1984,3311
33,13649,13770,36,2162,1986,3300
33,13649,13770,37,2159,1986,3285
33,13649,13770,38,2151,1984,3271
33,13649,13770,39,2157,1985,3257
33,13649,13770,40,2154,1985,3243
33,13649,13770,41,2145,1985,3235
33,13649,13770,42,2149,1984,3211
33,13649,13770,43,2148,1985,3213
33,13649,13770,44,2141,1985,3183
33,13649,13770,45,2143,1985,3173
33,13649,13770,46,2142,1985,3157
33,13649,13770,47,2134,1985,3140
33,13649,13770,48,2137,1985,3127
33,13649,13770,49,2136,1985,3115
33,13649,13770,50,2129,1985,3100
33,13649,13770,51,2131,1985,3091
33,13649,13770,52,2129,1984,3069
33,13649,13770,53,2124,1985,3058
33,13649,13770,54,2126,1985,3044
33,13649,13770,55,2123,1984,3032
33,13649,13770,56,2119,1985,3014
33,13649,13770,57,2119,1985,3002
33,13649,13770,58,2117,1982,2989
33,13649,13770,59,2113,1986,2972
33,13649,13770,60,2113,1985,2956
33,13649,13770,61,2112,1982,2940
33,13649,13770,62,2108,1986,2928
33,13649,13770,63,2107,1987,2916
33,13649,13770,64,2106,1982,2902
33,13649,13770,65,2102,1985,2891
33,13649,13770,66,2101,1986,2875
33,13649,13770,67,2099,1981,2852
33,13649,13770,68,2097,1985,2840
33,13649,13770,69,2095,1987,2828
33,13649,13770,70,2092,1981,2818
33,13649,13770,71,2092,1985,2800
33,13649,13770,72,2088,1987,2787
33,13649,13770,73,2085,1981,2776
33,13649,13770,74,2086,1985,2757
33,13649,13770,75,2088,1987,2743
33,13649,13770,76,2079,1981,2733
33,13649,13770,77,2080,1985,2716
33,13649,13770,78,2079,1986,2704
33,13649,13770,79,2072,1981,2687
33,13649,13770,80,2076,1986,2682
33,13649,13770,81,2073,1986,2659
33,13649,13770,82,2066,1981,2648
33,13649,13770,83,2070,1985,2631
33,13649,13770,84,2068,1986,2617
33,13649,13770,85,2060,1981,2603
33,13649,13770,86,2064,1985,2589
33,13649,13770,87,2062,1986,2575
33,13649,13770,88,2054,1981,2559
33,13649,13770,89,2060,1986,2562
33,13649,13770,90,2062,1985,2043
33,13649,13770,91,1982,1981,2588
33,13649,13770,92,2065,1985,2602
33,13649,13770,93,2068,1986,2618
33,13649,13770,94,2063,1982,2632
33,13649,13770,95,2072,1985,2646
33,13649,13770,96,2074,1986,2057
33,13649,13770,97,1978,1975,1988
33,13649,13770,98,2080,1991,2688
33,13649,13770,99,2080,1986,2698
33,13649,13770,100,2074,1982,2713
33,13649,13770,101,2083,1985,2072
33,13649,13770,102,1988,1978,2030
33,13649,13770,103,2083,1988,2071
33,13649,13770,104,1986,1977,1987
33,13649,13770,105,1990,1983,1984
33,13649,13770,106,1980,1982,1987
33,13649,13770,107,2097,1992,2382
33,13649,13770,108,2092,1986,2831
33,13649,13770,109,2092,1983,2841
33,13649,13770,110,2100,1984,2071
33,13649,13770,111,1988,1977,1986
33,13649,13770,112,1985,1989,2886
33,13649,13770,113,2105,1985,2902
33,13649,13770,114,2109,1985,2916
33,13649,13770,115,2104,1985,2932
33,13649,13770,116,2111,1984,2080
33,13649,13770,117,1987,1976,1985
33,13649,13770,118,1982,1983,1988
33,13649,13770,119,1987,1982,1988
33,13649,13770,120,1989,1983,1983
33,13649,13770,121,1981,1983,2486
33,13649,13770,122,2101,1994,3029
33,13649,13770,123,2126,1985,3045
33,13649,13770,124,2123,1985,3058
33,13649,13770,125,2129,1985,2110
33,13649,13770,126,1985,1973,1985
33,13649,13770,127,1992,1992,3101
33,13649,13770,128,2131,1986,3114
33,13649,13770,129,2137,1984,3130
33,13649,13770,130,2136,1986,3142
33,13649,13770,131,2141,1986,3153
33,13649,13770,132,2142,1984,3169
33,13649,13770,133,2141,1986,3184
33,13649,13770,134,2146,1987,2125
33,13649,13770,135,2149,1983,3215
33,13649,13770,136,2149,1986,3227
33,13649,13770,137,2152,1987,3243
33,13649,13770,138,2154,1982,3257
33,13649,13770,139,2155,1986,3270
33,13649,13770,140,2157,1987,3285
33,13649,13770,141,2160,1982,3298
33,13649,13770,142,2162,1987,3310
33,13649,13770,143,2163,1988,3325
33,13649,13770,144,2166,1983,3344
33,13649,13770,145,2166,1985,2118
33,13649,13770,146,2170,1990,3372
33,13649,13770,147,2169,1983,3382
33,13649,13770,148,2174,1987,3398
33,13649,13770,149,2177,1988,3408
33,13649,13770,150,2176,1982,3430
33,13649,13770,151,2181,1987,3440
33,13649,13770,152,2182,1988,3456
33,13649,13770,153,2180,1983,2151
33,13649,13770,154,1986,1971,1991
33,13649,13770,155,1995,1998,3473
33,13649,13770,156,2178,1983,3473
33,13649,13770,157,2188,1987,3491
33,13649,13770,158,2191,1988,3501
33,13649,13770,159,2186,1983,3513
33,13649,13770,160,2192,1987,2159
33,13649,13770,161,1986,1972,1991
33,13649,13770,162,1981,1979,1985
33,13649,13770,163,1988,1984,1986
33,13649,13770,164,1993,1998,3256
33,13649,13770,165,2139,1982,3142
33,13649,13770,166,2129,1985,3029
33,13649,13770,167,2115,1986,2905
33,13649,13770,168,2087,1980,2741
33,13649,13770,169,2075,1984,2590
33,13649,13770,170,2058,1984,2467
33,13649,13770,171,2028,1980,2027
33,13649,13770,172,1988,1981,2004
33,13649,13770,173,1999,1984,2119
33,13649,13770,174,1972,1980,1930
33,13649,13770,175,1960,1982,1782
33,13649,13770,176,1938,1982,1640
33,13649,13770,177,1915,1978,1517
33,13649,13770,178,1914,1982,1449
33,13649,13770,179,1901,1981,1325
33,13649,13770,180,1876,1978,1897
33,13649,13770,181,1989,1986,1127
33,13649,13770,182,1849,1978,961
33,13649,13770,183,1828,1977,813
33,13649,13770,184,1820,1978,689
33,13649,13770,185,1806,1978,536
33,13649,13770,186,1780,1976,421
33,13649,13770,187,1772,1974,1480
33,13649,13770,188,1987,1977,216
33,13649,13770,189,1754,1975,225
33,13649,13770,190,1763,1975,245
33,13649,13770,191,1766,1975,260
33,13649,13770,192,1761,1975,271
33,13649,13770,193,1768,1975,288
33,13649,13770,194,1771,1975,302
33,13649,13770,195,1766,1975,317
33,13649,13770,196,1773,1975,329
33,13649,13770,197,1774,1975,341
33,13649,13770,198,1772,1976,358
33,13649,13770,199,1777,1976,371
33,13649,13770,200,1779,1975,389
33,13649,13770,201,1776,1976,399
33,13649,13770,202,1783,1976,411
33,13649,13770,203,1784,1975,431
33,13649,13770,204,1782,1977,442
33,13649,13770,205,1786,1977,459
33,13649,13770,206,1787,1975,472
33,13649,13770,207,1788,1978,1814
33,13649,13770,208,1988,1995,1985
33,13649,13770,209,1983,1964,514
33,13649,13770,210,1792,1978,531
33,13649,13770,211,1796,1979,540
33,13649,13770,212,1798,1975,557
33,13649,13770,213,1798,1979,569
33,13649,13770,214,1801,1980,587
33,13649,13770,215,1804,1975,603
33,13649,13770,216,1803,1979,613
33,13649,13770,217,1805,1981,625
33,13649,13770,218,1807,1975,641
33,13649,13770,219,1809,1980,654
33,13649,13770,220,1809,1981,668
33,13649,13770,221,1811,1975,686
33,13649,13770,222,1814,1980,695
33,13649,13770,223,1816,1981,708
33,13649,13770,224,1815,1976,728
33,13649,13770,225,1820,1980,741
33,13649,13770,226,1822,1981,756
33,13649,13770,227,1819,1976,769
33,13649,13770,228,1825,1981,781
33,13649,13770,229,1827,1981,797
33,13649,13770,230,1823,1976,813
33,13649,13770,231,1830,1981,826
33,13649,13770,232,1832,1981,842
33,13649,13770,233,1828,1976,852
33,13649,13770,234,1835,1981,870
33,13649,13770,235,1836,1981,882
33,13649,13770,236,1833,1977,897
33,13649,13770,237,1840,1981,913
33,13649,13770,238,1843,1982,924
33,13649,13770,239,1838,1977,940
33,13649,13770,240,1846,1981,958
33,13649,13770,241,1848,1981,966
33,13649,13770,242,1842,1977,984
33,13649,13770,243,1851,1981,995
33,13649,13770,244,1853,1982,1008
33,13649,13770,245,1848,1978,1024
33,13649,13770,246,1856,1981,1033
33,13649,13770,247,1858,1982,1055
33,13649,13770,248,1853,1978,1063
33,13649,13770,249,1862,1981,1081
33,13649,13770,250,1864,1982,1097
33,13649,13770,251,1859,1978,1110
33,13649,13770,252,1868,1981,1111
33,13649,13770,253,1869,1982,1139
33,13649,13770,254,1864,1979,1153
33,13649,13770,255,1873,1981,1164
33,13649,13770,256,1875,1982,1182
33,13649,13770,257,1869,1980,1191
33,13649,13770,258,1877,1981,1209
33,13649,13770,259,1880,1982,1226
33,13649,13770,260,1875,1981,1236
33,13649,13770,261,1884,1981,1251
33,13649,13770,262,1886,1982,1268
33,13649,13770,263,1880,1981,1280
33,13649,13770,264,1888,1982,1904
33,13649,13770,265,1990,1989,1981
33,13649,13770,266,1974,1977,1322
33,13649,13770,267,1893,1981,1324
33,13649,13770,268,1891,1981,1303
33,13649,13770,269,1882,1981,1903
33,13649,13770,270,1988,1989,1987
33,13649,13770,271,1987,1980,1265
33,13649,13770,272,1876,1980,1252
33,13649,13770,273,1881,1981,1227
33,13649,13770,274,1879,1981,1225
33,13649,13770,275,1873,1981,1721
33,13649,13770,276,1986,1989,1985
33,13649,13770,277,1986,1982,1982
33,13649,13770,278,1984,1984,1987
33,13649,13770,279,1986,1973,1152
33,13649,13770,280,1866,1980,1141
33,13649,13770,281,1864,1981,1123
33,13649,13770,282,1863,1982,1109
33,13649,13770,283,1862,1978,1097
33,13649,13770,284,1858,1981,1081
33,13649,13770,285,1858,1982,1070
33,13649,13770,286,1857,1978,1055
33,13649,13770,287,1853,1981,1038
33,13649,13770,288,1852,1983,1023
33,13649,13770,289,1851,1977,1013
33,13649,13770,290,1849,1982,997
33,13649,13770,291,1847,1983,979
33,13649,13770,292,1845,1977,967
33,13649,13770,293,1844,1981,955
33,13649,13770,294,1842,1982,937
33,13649,13770,295,1839,1977,928
33,13649,13770,296,1839,1981,911
33,13649,13770,297,1839,1982,897
33,13649,13770,298,1834,1977,886
33,13649,13770,299,1835,1981,863
33,13649,13770,300,1833,1983,855
33,13649,13770,301,1827,1976,840
33,13649,13770,302,1830,1980,827
33,13649,13770,303,1828,1981,814
33,13649,13770,304,1821,1976,795
33,13649,13770,305,1825,1980,784
33,13649,13770,306,1824,1981,769
33,13649,13770,307,1816,1976,754
33,13649,13770,308,1820,1980,744
33,13649,13770,309,1820,1981,725
33,13649,13770,310,1811,1976,711
33,13649,13770,311,1816,1980,700
33,13649,13770,312,1814,1980,681
33,13649,13770,313,1805,1975,668
33,13649,13770,314,1811,1980,654
33,13649,13770,315,1809,1980,644
33,13649,13770,316,1801,1976,626
33,13649,13770,317,1806,1979,613
33,13649,13770,318,1807,1979,598
33,13649,13770,319,1795,1975,582
33,13649,13770,320,1801,1979,569
33,13649,13770,321,1798,1979,551
33,13649,13770,322,1791,1975,538
33,13649,13770,323,1796,1978,525
33,13649,13770,324,1794,1979,516
33,13649,13770,325,1786,1975,499
33,13649,13770,326,1792,1978,483
33,13649,13770,327,1789,1978,470
33,13649,13770,328,1781,1975,456
33,13649,13770,329,1786,1977,443
33,13649,13770,330,1785,1977,429
33,13649,13770,331,1777,1976,404
33,13649,13770,332,1782,1976,399
33,13649,13770,333,1780,1977,386
33,13649,13770,334,1772,1975,368
33,13649,13770,335,1776,1976,357
33,13649,13770,336,1776,1976,345
33,13649,13770,337,1766,1975,325
33,13649,13770,338,1772,1975,312
33,13649,13770,339,1770,1976,306
33,13649,13770,340,1763,1974,285
33,13649,13770,341,1766,1975,960
33,13649,13770,342,1964,1981,261
33,13649,13770,343,1755,1974,242
33,13649,13770,344,1761,1974,230
33,13649,13770,345,1760,1974,216
33,13649,13770,346,1755,1974,205
33,13649,13770,347,1799,1980,1818
33,13649,13770,348,1754,1971,182
33,13649,13770,349,1761,1975,249
33,13649,13770,350,1771,1975,304
33,13649,13770,351,1782,1976,430
33,13649,13770,352,1791,1978,531
33,13649,13770,353,1802,1979,649
33,13649,13770,354,1819,1978,753
33,13649,13770,355,1830,1981,889
34,13823,13944,0,1981,2020,1151
34,13823,13944,1,1872,1984,1209
34,13823,13944,2,1886,1983,1289
34,13823,13944,3,1890,1979,1388
34,13823,13944,4,1910,1983,1478
34,13823,13944,5,1926,1985,1612
34,13823,13944,6,1927,1980,1713
34,13823,13944,7,1957,1985,1845
34,13823,13944,8,1977,1985,2001
34,13823,13944,9,1984,1981,2115
34,13823,13944,10,2010,1985,2249
34,13823,13944,11,2032,1986,2397
34,13823,13944,12,2043,1982,2513
34,13823,13944,13,2070,1985,2666
34,13823,13944,14,2089,1986,2800
34,13823,13944,15,2101,1984,2942
34,13823,13944,16,2126,1986,3078
34,13823,13944,17,2147,1987,3230
34,13823,13944,18,2157,1985,3360
34,13823,13944,19,2187,1986,3473
34,13823,13944,20,2189,1987,3498
34,13823,13944,21,2179,1984,3472
34,13823,13944,22,2187,1986,3474
34,13823,13944,23,2187,1986,3478
34,13823,13944,24,2179,1985,3469
34,13823,13944,25,2182,1985,3463
34,13823,13944,26,2181,1986,3447
34,13823,13944,27,2174,1985,3426
34,13823,13944,28,2176,1985,3413
34,13823,13944,29,2175,1985,3400
34,13823,13944,30,2169,1986,3384
34,13823,13944,31,2171,1985,3368
34,13823,13944,32,2170,1986,3359
34,13823,13944,33,2163,1985,3350
34,13823,13944,34,2164,1985,3323
34,13823,13944,35,2163,1985,3317
34,13823,13944,36,2157,1985,3299
34,13823,13944,37,2159,1985,3284
34,13823,13944,38,2157,1984,3271
34,13823,13944,39,2151,1985,3262
34,13823,13944,40,2152,1985,3242
34,13823,13944,41,2151,1983,3228
34,13823,13944,42,2147,1986,3213
34,13823,13944,43,2145,1986,3198
34,13823,13944,44,2145,1983,3188
34,13823,13944,45,2141,1986,3173
34,13823,13944,46,2140,1986,3155
34,13823,13944,47,2138,1983,3144
34,13823,13944,48,2135,1986,3129
34,13823,13944,49,2134,1987,3117
34,13823,13944,50,2132,1982,3098
34,13823,13944,51,2130,1986,3090
34,13823,13944,52,2123,1987,3069
34,13823,13944,53,2127,1982,3056
34,13823,13944,54,2125,1986,3048
34,13823,13944,55,2122,1987,3029
34,13823,13944,56,2119,1982,3016
34,13823,13944,57,2118,1986,2459
34,13823,13944,58,1989,1978,1996
34,13823,13944,59,1983,1978,1983
34,13823,13944,60,1987,1984,1987
34,13823,13944,61,1986,1987,2942
34,13823,13944,62,2108,1983,2928
34,13823,13944,63,2107,1986,2917
34,13823,13944,64,2107,1987,2904
34,13823,13944,65,2099,1981,2889
34,13823,13944,66,2102,1985,2084
34,13823,13944,67,1986,1977,1990
34,13823,13944,68,1981,1978,1983
34,13823,13944,69,2100,1993,2831
34,13823,13944,70,2094,1986,2818
34,13823,13944,71,2087,1981,2800
34,13823,13944,72,2091,1985,2787
34,13823,13944,73,2090,1986,2772
34,13823,13944,74,2081,1981,2071
34,13823,13944,75,1986,1978,1987
34,13823,13944,76,1990,1984,1986
34,13823,13944,77,1979,1988,2718
34,13823,13944,78,2081,1985,2702
34,13823,13944,79,2078,1985,2688
34,13823,13944,80,2069,1981,2676
34,13823,13944,81,2074,1985,2662
34,13823,13944,82,2072,1984,2049
34,13823,13944,83,1978,1975,1988
34,13823,13944,84,2070,1990,2608
34,13823,13944,85,2065,1985,2602
34,13823,13944,86,2058,1982,2587
34,13823,13944,87,2062,1984,2574
34,13823,13944,88,2062,1984,2046
34,13823,13944,89,1979,1976,1988
34,13823,13944,90,1992,1988,2575
34,13823,13944,91,2063,1986,2587
34,13823,13944,92,2057,1982,2604
34,13823,13944,93,2068,1985,2619
34,13823,13944,94,2070,1985,2054
34,13823,13944,95,1978,1976,1988
34,13823,13944,96,1992,1989,2658
34,13823,13944,97,2074,1985,2672
34,13823,13944,98,2072,1984,2686
34,13823,13944,99,2080,1984,2700
34,13823,13944,100,2081,1985,2719
34,13823,13944,101,2077,1984,2068
34,13823,13944,102,1986,1976,1989
34,13823,13944,103,1990,1991,2759
34,13823,13944,104,2085,1984,2074
34,13823,13944,105,1985,1984,2788
34,13823,13944,106,2095,1984,2794
34,13823,13944,107,2090,1985,2818
34,13823,13944,108,2096,1985,2083
34,13823,13944,109,1992,1983,2078
34,13823,13944,110,1980,1976,1990
34,13823,13944,111,1987,1982,2301
34,13823,13944,112,2107,1991,2890
34,13823,13944,113,2101,1986,2899
34,13823,13944,114,2107,1985,2915
34,13823,13944,115,2111,1983,2932
34,13823,13944,116,2109,1985,2944
34,13823,13944,117,2113,1985,2955
34,13823,13944,118,2112,1981,2076
34,13823,13944,119,1983,1977,1990
34,13823,13944,120,2123,1994,2102
34,13823,13944,121,1983,1984,3021
34,13823,13944,122,2125,1984,3028
34,13823,13944,123,2124,1987,3040
34,13823,13944,124,2127,1982,3056
34,13823,13944,125,2128,1986,3074
34,13823,13944,126,2130,1988,3072
34,13823,13944,127,2133,1982,3098
34,13823,13944,128,2134,1986,3114
34,13823,13944,129,2135,1987,3127
34,13823,13944,130,2134,1980,2093
34,13823,13944,131,1986,1976,1990
34,13823,13944,132,1986,1997,3170
34,13823,13944,133,2145,1982,3184
34,13823,13944,134,2146,1987,3199
34,13823,13944,135,2148,1988,3213
34,13823,13944,136,2148,1982,3232
34,13823,13944,137,2153,1986,2782
34,13823,13944,138,1998,1976,2003
34,13823,13944,139,1995,1989,2800
34,13823,13944,140,1997,1975,2069
34,13823,13944,141,2168,1997,3301
34,13823,13944,142,2157,1983,3314
34,13823,13944,143,2166,1986,3330
34,13823,13944,144,2168,1987,3340
34,13823,13944,145,2164,1982,3359
34,13823,13944,146,2171,1987,2141
34,13823,13944,147,1987,1989,3387
34,13823,13944,148,2174,1982,3397
34,13823,13944,149,2178,1987,3412
34,13823,13944,150,2180,1987,3427
34,13823,13944,151,2175,1983,3444
34,13823,13944,152,2182,1987,2150
34,13823,13944,153,1987,1980,3470
34,13823,13944,154,2185,1985,3477
34,13823,13944,155,2187,1987,3473
34,13823,13944,156,2186,1987,3472
34,13823,13944,157,2182,1983,3498
34,13823,13944,158,2190,1987,3502
34,13823,13944,159,2192,1987,3514
34,13823,13944,160,2186,1984,3521
34,13823,13944,161,2192,1987,3518
34,13823,13944,162,2189,1985,2126
34,13823,13944,163,1977,1986,3368
34,13823,13944,164,2163,1984,3254
34,13823,13944,165,2146,1985,3139
34,13823,13944,166,2123,1982,3024
34,13823,13944,167,2112,1984,2889
34,13823,13944,168,2097,1984,2779
34,13823,13944,169,2069,1982,2674
34,13823,13944,170,2064,1983,2565
34,13823,13944,171,2049,1984,2470
34,13823,13944,172,2022,1981,2297
34,13823,13944,173,2013,1982,2165
34,13823,13944,174,1996,1983,1987
34,13823,13944,175,1968,1981,1888
34,13823,13944,176,1953,1981,1759
34,13823,13944,177,1936,1981,1593
34,13823,13944,178,1924,1981,1523
34,13823,13944,179,1903,1980,1395
34,13823,13944,180,1892,1980,1255
34,13823,13944,181,1867,1979,1116
34,13823,13944,182,1856,1979,985
34,13823,13944,183,1839,1979,822
34,13823,13944,184,1815,1978,696
34,13823,13944,185,1804,1976,552
34,13823,13944,186,1789,1976,418
34,13823,13944,187,1768,1975,276
34,13823,13944,188,1760,1973,215
34,13823,13944,189,1762,1973,234
34,13823,13944,190,1760,1975,243
34,13823,13944,191,1764,1974,256
34,13823,13944,192,1766,1974,278
34,13823,13944,193,1766,1975,287
34,13823,13944,194,1768,1975,299
34,13823,13944,195,1771,1973,310
34,13823,13944,196,1771,1976,328
34,13823,13944,197,1773,1977,344
34,13823,13944,198,1775,1973,357
34,13823,13944,199,1775,1977,377
34,13823,13944,200,1778,1978,384
34,13823,13944,201,1780,1973,407
34,13823,13944,202,1781,1978,415
34,13823,13944,203,1782,1979,429
34,13823,13944,204,1785,1974,442
34,13823,13944,205,1786,1978,452
34,13823,13944,206,1787,1980,471
34,13823,13944,207,1788,1974,485
34,13823,13944,208,1791,1979,595
34,13823,13944,209,1916,1992,1924
34,13823,13944,210,1982,1967,528
34,13823,13944,211,1792,1979,541
34,13823,13944,212,1797,1980,559
34,13823,13944,213,1796,1975,573
34,13823,13944,214,1802,1979,584
34,13823,13944,215,1804,1980,598
34,13823,13944,216,1800,1975,612
34,13823,13944,217,1807,1979,628
34,13823,13944,218,1809,1980,1828
34,13823,13944,219,1983,1977,661
34,13823,13944,220,1808,1980,1834
34,13823,13944,221,1991,1995,1984
34,13823,13944,222,1978,1980,1984
34,13823,13944,223,1988,1984,1986
34,13823,13944,224,1989,1985,1986
34,13823,13944,225,1973,1968,741
34,13823,13944,226,1824,1980,1844
34,13823,13944,227,1991,1994,1288
34,13823,13944,228,1812,1967,781
34,13823,13944,229,1828,1980,1847
34,13823,13944,230,1991,1994,1081
34,13823,13944,231,1818,1967,824
34,13823,13944,232,1833,1981,839
34,13823,13944,233,1835,1981,855
34,13823,13944,234,1828,1977,870
34,13823,13944,235,1838,1981,1859
34,13823,13944,236,1992,1993,1983
34,13823,13944,237,1978,1981,1986
34,13823,13944,238,1839,1972,925
34,13823,13944,239,1845,1981,942
34,13823,13944,240,1839,1979,950
34,13823,13944,241,1848,1981,969
34,13823,13944,242,1850,1981,1866
34,13823,13944,243,1982,1990,1984
34,13823,13944,244,1987,1983,1986
34,13823,13944,245,1990,1984,1984
34,13823,13944,246,1846,1971,1039
34,13823,13944,247,1859,1981,1055
34,13823,13944,248,1861,1982,1069
34,13823,13944,249,1855,1980,1075
34,13823,13944,250,1863,1981,1098
34,13823,13944,251,1865,1981,1880
34,13823,13944,252,1982,1990,1985
34,13823,13944,253,1865,1974,1139
34,13823,13944,254,1872,1981,1155
34,13823,13944,255,1866,1981,1165
34,13823,13944,256,1873,1981,1183
34,13823,13944,257,1875,1981,1196
34,13823,13944,258,1872,1981,1207
34,13823,13944,259,1879,1981,1896
34,13823,13944,260,1989,1980,1239
34,13823,13944,261,1875,1982,1252
34,13823,13944,262,1883,1981,1268
34,13823,13944,263,1886,1981,1281
34,13823,13944,264,1883,1981,1292
34,13823,13944,265,1889,1981,1908
34,13823,13944,266,1987,1986,1980
34,13823,13944,267,1979,1978,1324
34,13823,13944,268,1891,1982,1309
34,13823,13944,269,1887,1979,1295
34,13823,13944,270,1882,1982,1278
34,13823,13944,271,1883,1982,1268
34,13823,13944,272,1882,1978,1601
34,13823,13944,273,1981,1981,1233
34,13823,13944,274,1875,1983,1223
34,13823,13944,275,1875,1978,1211
34,13823,13944,276,1873,1982,1195
34,13823,13944,277,1872,1983,1182
34,13823,13944,278,1871,1977,1167
34,13823,13944,279,1869,1981,1149
34,13823,13944,280,1867,1983,1138
34,13823,13944,281,1864,1977,1127
34,13823,13944,282,1863,1982,1107
34,13823,13944,283,1863,1983,1098
34,13823,13944,284,1858,1977,1081
34,13823,13944,285,1858,1981,1067
34,13823,13944,286,1857,1983,1876
34,13823,13944,287,1983,1987,1980
34,13823,13944,288,1987,1985,1825
34,13823,13944,289,1848,1975,1010
34,13823,13944,290,1846,1977,998
34,13823,13944,291,1849,1981,980
34,13823,13944,292,1848,1982,966
34,13823,13944,293,1840,1977,955
34,13823,13944,294,1844,1981,942
34,13823,13944,295,1843,1982,925
34,13823,13944,296,1834,1977,912
34,13823,13944,297,1839,1981,897
34,13823,13944,298,1838,1982,883
34,13823,13944,299,1830,1977,868
34,13823,13944,300,1834,1981,854
34,13823,13944,301,1833,1981,840
34,13823,13944,302,1824,1977,829
34,13823,13944,303,1829,1980,813
34,13823,13944,304,1827,1981,799
34,13823,13944,305,1819,1976,783
34,13823,13944,306,1824,1980,768
34,13823,13944,307,1825,1980,1840
34,13823,13944,308,1982,1990,1177
34,13823,13944,309,1813,1970,726
34,13823,13944,310,1819,1979,712
34,13823,13944,311,1809,1977,698
34,13823,13944,312,1814,1979,683
34,13823,13944,313,1812,1979,668
34,13823,13944,314,1804,1977,653
34,13823,13944,315,1810,1979,641
34,13823,13944,316,1808,1979,628
34,13823,13944,317,1799,1977,614
34,13823,13944,318,1804,1979,599
34,13823,13944,319,1802,1978,586
34,13823,13944,320,1793,1976,570
34,13823,13944,321,1799,1978,554
34,13823,13944,322,1798,1978,542
34,13823,13944,323,1789,1977,533
34,13823,13944,324,1794,1977,513
34,13823,13944,325,1793,1977,500
34,13823,13944,326,1785,1977,483
34,13823,13944,327,1789,1977,471
34,13823,13944,328,1788,1977,461
34,13823,13944,329,1780,1977,438
34,13823,13944,330,1784,1976,427
34,13823,13944,331,1783,1976,422
34,13823,13944,332,1776,1976,400
34,13823,13944,333,1779,1976,386
34,13823,13944,334,1778,1976,371
34,13823,13944,335,1772,1976,355
34,13823,13944,336,1774,1975,341
34,13823,13944,337,1774,1975,327
34,13823,13944,338,1768,1975,313
34,13823,13944,339,1770,1975,298
34,13823,13944,340,1768,1974,289
34,13823,13944,341,1763,1976,273
34,13823,13944,342,1764,1975,255
34,13823,13944,343,1763,1973,246
34,13823,13944,344,1759,1975,230
34,13823,13944,345,1759,1975,215
34,13823,13944,346,1758,1971,200
34,13823,13944,347,1755,1974,190
34,13823,13944,348,1754,1975,170
34,13823,13944,349,1756,1971,201
34,13823,13944,350,1766,1976,290
34,13823,13944,351,1775,1978,388
34,13823,13944,352,1788,1975,504
34,13823,13944,353,1801,1980,624
34,13823,13944,354,1818,1982,752
34,13823,13944,355,1829,1976,919
35,14000,14121,0,1989,2025,1240
35,14000,14121,1,1877,1980,1303
35,14000,14121,2,1898,1983,1392
35,14000,14121,3,1910,1984,1471
35,14000,14121,4,1913,1980,1573
35,14000,14121,5,1932,1983,1939
35,14000,14121,6,1991,1987,1984
35,14000,14121,7,1979,1980,1902
35,14000,14121,8,1981,1984,2028
35,14000,14121,9,1999,1985,2159
35,14000,14121,10,2010,1983,2294
35,14000,14121,11,2036,1985,2415
35,14000,14121,12,2055,1986,2574
35,14000,14121,13,2067,1984,2703
35,14000,14121,14,2092,1986,2832
35,14000,14121,15,2113,1986,2975
35,14000,14121,16,2123,1985,3101
35,14000,14121,17,2150,1986,3221
35,14000,14121,18,2164,1986,3368
35,14000,14121,19,2176,1986,3384
35,14000,14121,20,2057,1975,2046
35,14000,14121,21,1995,1992,3473
35,14000,14121,22,2178,1986,3473
35,14000,14121,23,2186,1986,3475
35,14000,14121,24,2186,1986,3473
35,14000,14121,25,2178,1986,3463
35,14000,14121,26,2179,1983,2125
35,14000,14121,27,2179,1988,3427
35,14000,14121,28,2172,1986,3412
35,14000,14121,29,2174,1983,2124
35,14000,14121,30,2174,1986,3387
35,14000,14121,31,2168,1986,3371
35,14000,14121,32,2170,1986,2648
35,14000,14121,33,2166,1984,3347
35,14000,14121,34,2163,1986,3330
35,14000,14121,35,2162,1986,3320
35,14000,14121,36,2161,1983,3296
35,14000,14121,37,2157,1986,3266
35,14000,14121,38,2157,1987,3268
35,14000,14121,39,2154,1983,3259
35,14000,14121,40,2152,1986,3241
35,14000,14121,41,2149,1987,3225
35,14000,14121,42,2148,1982,3214
35,14000,14121,43,2146,1986,3194
35,14000,14121,44,2144,1987,3187
35,14000,14121,45,2142,1982,3172
35,14000,14121,46,2140,1986,2116
35,14000,14121,47,1983,1976,1992
35,14000,14121,48,1985,1979,3127
35,14000,14121,49,2137,1990,3114
35,14000,14121,50,2132,1987,3098
35,14000,14121,51,2128,1982,3082
35,14000,14121,52,2128,1986,3069
35,14000,14121,53,2128,1987,3052
35,14000,14121,54,2122,1982,2104
35,14000,14121,55,1987,1975,1989
35,14000,14121,56,1989,1985,1989
35,14000,14121,57,2119,1990,2522
35,14000,14121,58,1992,1977,1995
35,14000,14121,59,2121,1994,2979
35,14000,14121,60,2108,1982,2959
35,14000,14121,61,2113,1986,2944
35,14000,14121,62,2112,1986,2926
35,14000,14121,63,2102,1982,2915
35,14000,14121,64,2107,1986,2901
35,14000,14121,65,2106,1986,2888
35,14000,14121,66,2096,1982,2795
35,14000,14121,67,2022,1980,2016
35,14000,14121,68,1990,1982,1988
35,14000,14121,69,2093,1988,2831
35,14000,14121,70,2094,1986,2817
35,14000,14121,71,2094,1986,2798
35,14000,14121,72,2085,1982,2787
35,14000,14121,73,2090,1986,2772
35,14000,14121,74,2088,1985,2061
35,14000,14121,75,1979,1974,1987
35,14000,14121,76,1989,1984,1987
35,14000,14121,77,1989,1984,2156
35,14000,14121,78,2075,1988,2700
35,14000,14121,79,2078,1985,2691
35,14000,14121,80,2076,1985,2664
35,14000,14121,81,2066,1982,2658
35,14000,14121,82,2072,1985,2512
35,14000,14121,83,2003,1979,1997
35,14000,14121,84,1980,1980,1987
35,14000,14121,85,1988,1983,2571
35,14000,14121,86,2066,1989,2591
35,14000,14121,87,2054,1983,2573
35,14000,14121,88,2061,1984,2560
35,14000,14121,89,2060,1985,2555
35,14000,14121,90,2056,1983,2574
35,14000,14121,91,2064,1984,2053
35,14000,14121,92,1988,1978,1985
35,14000,14121,93,2063,1988,2618
35,14000,14121,94,2069,1984,2637
35,14000,14121,95,2071,1985,2648
35,14000,14121,96,2067,1984,2659
35,14000,14121,97,2075,1983,2056
35,14000,14121,98,1987,1977,1984
35,14000,14121,99,1985,1989,2701
35,14000,14121,100,2079,1984,2718
35,14000,14121,101,2083,1984,2733
35,14000,14121,102,2081,1985,2745
35,14000,14121,103,2086,1984,2074
35,14000,14121,104,1986,1976,1984
35,14000,14121,105,2090,1991,2789
35,14000,14121,106,2091,1985,2798
35,14000,14121,107,2094,1983,2820
35,14000,14121,108,2093,1985,2828
35,14000,14121,109,2097,1985,2842
35,14000,14121,110,2100,1983,2860
35,14000,14121,111,2100,1985,2876
35,14000,14121,112,2103,1986,2886
35,14000,14121,113,2106,1982,2905
35,14000,14121,114,2106,1986,2918
35,14000,14121,115,2107,1987,2927
35,14000,14121,116,2112,1982,2947
35,14000,14121,117,2112,1986,2959
35,14000,14121,118,2114,1986,2085
35,14000,14121,119,1985,1972,2184
35,14000,14121,120,2122,1994,2994
35,14000,14121,121,2119,1988,3016
35,14000,14121,122,2123,1982,3029
35,14000,14121,123,2124,1986,3039
35,14000,14121,124,2126,1988,3054
35,14000,14121,125,2127,1982,3072
35,14000,14121,126,2131,1986,3085
35,14000,14121,127,2133,1987,3099
35,14000,14121,128,2132,1982,3114
35,14000,14121,129,2137,1987,3126
35,14000,14121,130,2140,1987,3141
35,14000,14121,131,2138,1982,3157
35,14000,14121,132,2144,1987,3171
35,14000,14121,133,2145,1987,3186
35,14000,14121,134,2142,1982,3205
35,14000,14121,135,2150,1986,3213
35,14000,14121,136,2153,1987,3228
35,14000,14121,137,2149,1982,3243
35,14000,14121,138,2156,1986,3258
35,14000,14121,139,2160,1987,3268
35,14000,14121,140,2154,1982,3285
35,14000,14121,141,2161,1986,3300
35,14000,14121,142,2165,1987,3311
35,14000,14121,143,2159,1984,3331
35,14000,14121,144,2167,1987,3342
35,14000,14121,145,2170,1987,3354
35,14000,14121,146,2165,1983,3364
35,14000,14121,147,2174,1987,3384
35,14000,14121,148,2176,1987,3398
35,14000,14121,149,2171,1983,3412
35,14000,14121,150,2180,1987,3428
35,14000,14121,151,2182,1987,3440
35,14000,14121,152,2176,1983,3454
35,14000,14121,153,2185,1987,3466
35,14000,14121,154,2187,1987,3478
35,14000,14121,155,2179,1983,3473
35,14000,14121,156,2186,1986,3473
35,14000,14121,157,2188,1987,3493
35,14000,14121,158,2184,1985,3504
35,14000,14121,159,2192,1986,3510
35,14000,14121,160,2193,1987,3522
35,14000,14121,161,2187,1985,3513
35,14000,14121,162,2183,1985,3435
35,14000,14121,163,2174,1986,3356
35,14000,14121,164,2150,1983,3232
35,14000,14121,165,2142,1984,3120
35,14000,14121,166,2126,1984,2979
35,14000,14121,167,2101,1982,2860
35,14000,14121,168,2092,1983,2726
35,14000,14121,169,2072,1983,2598
35,14000,14121,170,2046,1983,2459
35,14000,14121,171,2032,1982,2329
35,14000,14121,172,2017,1983,2203
35,14000,14121,173,1994,1982,2061
35,14000,14121,174,1979,1981,1941
35,14000,14121,175,1964,1982,1791
35,14000,14121,176,1938,1981,1669
35,14000,14121,177,1928,1980,1523
35,14000,14121,178,1916,1981,1457
35,14000,14121,179,1895,1980,1337
35,14000,14121,180,1885,1979,1230
35,14000,14121,181,1869,1979,1071
35,14000,14121,182,1849,1979,954
35,14000,14121,183,1833,1979,836
35,14000,14121,184,1819,1976,686
35,14000,14121,185,1799,1978,544
35,14000,14121,186,1789,1977,424
35,14000,14121,187,1776,1973,275
35,14000,14121,188,1757,1975,216
35,14000,14121,189,1760,1977,230
35,14000,14121,190,1762,1972,242
35,14000,14121,191,1763,1976,259
35,14000,14121,192,1765,1977,271
35,14000,14121,193,1768,1972,292
35,14000,14121,194,1767,1976,301
35,14000,14121,195,1770,1978,315
35,14000,14121,196,1772,1972,330
35,14000,14121,197,1773,1977,338
35,14000,14121,198,1774,1978,358
35,14000,14121,199,1774,1973,373
35,14000,14121,200,1778,1977,385
35,14000,14121,201,1780,1979,399
35,14000,14121,202,1779,1973,414
35,14000,14121,203,1783,1978,430
35,14000,14121,204,1785,1979,444
35,14000,14121,205,1783,1974,457
35,14000,14121,206,1788,1978,471
35,14000,14121,207,1792,1979,483
35,14000,14121,208,1788,1974,498
35,14000,14121,209,1793,1978,513
35,14000,14121,210,1797,1979,526
35,14000,14121,211,1792,1975,539
35,14000,14121,212,1799,1979,559
35,14000,14121,213,1801,1980,567
35,14000,14121,214,1796,1975,584
35,14000,14121,215,1803,1979,600
35,14000,14121,216,1806,1980,616
35,14000,14121,217,1801,1975,613
35,14000,14121,218,1808,1980,639
35,14000,14121,219,1811,1980,654
35,14000,14121,220,1806,1976,667
35,14000,14121,221,1814,1980,682
35,14000,14121,222,1816,1980,698
35,14000,14121,223,1810,1976,712
35,14000,14121,224,1819,1980,723
35,14000,14121,225,1873,1985,1883
35,14000,14121,226,1814,1974,753
35,14000,14121,227,1825,1980,770
35,14000,14121,228,1826,1981,789
35,14000,14121,229,1820,1977,797
35,14000,14121,230,1829,1980,811
35,14000,14121,231,1831,1980,824
35,14000,14121,232,1826,1978,838
35,14000,14121,233,1834,1980,853
35,14000,14121,234,1836,1981,870
35,14000,14121,235,1830,1978,882
35,14000,14121,236,1839,1980,899
35,14000,14121,237,1838,1981,912
35,14000,14121,238,1836,1979,917
35,14000,14121,239,1844,1980,932
35,14000,14121,240,1846,1980,952
35,14000,14121,241,1841,1980,968
35,14000,14121,242,1850,1980,980
35,14000,14121,243,1850,1980,996
35,14000,14121,244,1846,1980,1010
35,14000,14121,245,1854,1980,1024
35,14000,14121,246,1856,1981,1040
35,14000,14121,247,1851,1981,1053
35,14000,14121,248,1859,1980,1062
35,14000,14121,249,1861,1981,1083
35,14000,14121,250,1858,1981,1094
35,14000,14121,251,1865,1981,1108
35,14000,14121,252,1866,1981,1123
35,14000,14121,253,1864,1981,1137
35,14000,14121,254,1869,1981,1149
35,14000,14121,255,1872,1980,1175
35,14000,14121,256,1870,1981,1178
35,14000,14121,257,1874,1981,1191
35,14000,14121,258,1876,1979,1212
35,14000,14121,259,1876,1982,1224
35,14000,14121,260,1878,1982,1237
35,14000,14121,261,1882,1979,1250
35,14000,14121,262,1881,1982,1264
35,14000,14121,263,1884,1983,1279
35,14000,14121,264,1887,1978,1295
35,14000,14121,265,1887,1982,1300
35,14000,14121,266,1890,1983,1321
35,14000,14121,267,1890,1978,1321
35,14000,14121,268,1888,1982,1305
35,14000,14121,269,1887,1983,1293
35,14000,14121,270,1885,1978,1277
35,14000,14121,271,1883,1982,1266
35,14000,14121,272,1881,1983,1252
35,14000,14121,273,1877,1978,1238
35,14000,14121,274,1878,1982,1220
35,14000,14121,275,1876,1983,1209
35,14000,14121,276,1870,1977,1194
35,14000,14121,277,1874,1982,1180
35,14000,14121,278,1871,1983,1165
35,14000,14121,279,1865,1977,1152
35,14000,14121,280,1867,1981,1113
35,14000,14121,281,1867,1983,1123
35,14000,14121,282,1860,1977,1112
35,14000,14121,283,1863,1981,1093
35,14000,14121,284,1862,1982,1083
35,14000,14121,285,1854,1977,1066
35,14000,14121,286,1857,1980,1052
35,14000,14121,287,1857,1982,1039
35,14000,14121,288,1848,1977,1024
35,14000,14121,289,1852,1981,1005
35,14000,14121,290,1851,1982,997
35,14000,14121,291,1843,1977,980
35,14000,14121,292,1847,1981,969
35,14000,14121,293,1846,1981,952
35,14000,14121,294,1838,1977,947
35,14000,14121,295,1843,1980,924
35,14000,14121,296,1841,1981,911
35,14000,14121,297,1831,1977,896
35,14000,14121,298,1837,1980,882
35,14000,14121,299,1836,1980,868
35,14000,14121,300,1827,1977,851
35,14000,14121,301,1832,1979,838
35,14000,14121,302,1831,1980,826
35,14000,14121,303,1822,1977,810
35,14000,14121,304,1827,1980,797
35,14000,14121,305,1826,1980,784
35,14000,14121,306,1816,1977,770
35,14000,14121,307,1822,1979,752
35,14000,14121,308,1821,1979,742
35,14000,14121,309,1812,1977,728
35,14000,14121,310,1817,1978,712
35,14000,14121,311,1816,1979,701
35,14000,14121,312,1807,1978,682
35,14000,14121,313,1812,1978,670
35,14000,14121,314,1810,1979,656
35,14000,14121,315,1803,1978,636
35,14000,14121,316,1807,1978,629
35,14000,14121,317,1806,1979,613
35,14000,14121,318,1798,1977,600
35,14000,14121,319,1803,1978,584
35,14000,14121,320,1801,1978,569
35,14000,14121,321,1793,1978,557
35,14000,14121,322,1796,1978,539
35,14000,14121,323,1796,1977,528
35,14000,14121,324,1790,1977,512
35,14000,14121,325,1792,1976,499
35,14000,14121,326,1790,1977,483
35,14000,14121,327,1786,1977,471
35,14000,14121,328,1787,1976,454
35,14000,14121,329,1787,1976,444
35,14000,14121,330,1780,1977,428
35,14000,14121,331,1782,1976,411
35,14000,14121,332,1781,1975,398
35,14000,14121,333,1775,1976,377
35,14000,14121,334,1777,1977,371
35,14000,14121,335,1775,1973,358
35,14000,14121,336,1772,1976,344
35,14000,14121,337,1771,1977,330
35,14000,14121,338,1770,1973,314
35,14000,14121,339,1768,1975,302
35,14000,14121,340,1767,1976,287
35,14000,14121,341,1767,1972,273
35,14000,14121,342,1762,1975,259
35,14000,14121,343,1762,1977,249
35,14000,14121,344,1761,1971,230
35,14000,14121,345,1759,1975,220
35,14000,14121,346,1758,1976,199
35,14000,14121,347,1755,1970,188
35,14000,14121,348,1754,1974,176
35,14000,14121,349,1759,1977,215
35,14000,14121,350,1767,1972,328
35,14000,14121,351,1780,1978,421
35,14000,14121,352,1798,1980,540
35,14000,14121,353,1803,1975,643
35,14000,14121,354,1820,1981,769
35,14000,14121,355,1834,1983,895
36,14175,14295,0,1981,2021,1895
36,14175,14295,1,1987,1991,1983
36,14175,14295,2,1979,1981,1987
36,14175,14295,3,1988,1983,1986
36,14175,14295,4,1990,1984,1505
36,14175,14295,5,1925,1976,1628
36,14175,14295,6,1947,1983,1953
36,14175,14295,7,1990,1986,1984
36,14175,14295,8,1968,1981,1985
36,14175,14295,9,1996,1985,2124
36,14175,14295,10,2014,1985,2247
36,14175,14295,11,2026,1984,2401
36,14175,14295,12,2051,1985,2155
36,14175,14295,13,1990,1979,1986
36,14175,14295,14,1982,1982,1988
36,14175,14295,15,1988,1983,1988
36,14175,14295,16,1991,1994,3080
36,14175,14295,17,2138,1985,3228
36,14175,14295,18,2169,1987,3403
36,14175,14295,19,2186,1986,3501
36,14175,14295,20,2183,1985,3485
36,14175,14295,21,2185,1985,3473
36,14175,14295,22,2186,1985,3474
36,14175,14295,23,2182,1986,3477
36,14175,14295,24,2184,1985,3467
36,14175,14295,25,2182,1985,3455
36,14175,14295,26,2178,1986,3435
36,14175,14295,27,2178,1985,3426
36,14175,14295,28,2177,1985,3417
36,14175,14295,29,2172,1986,3399
36,14175,14295,30,2173,1985,3382
36,14175,14295,31,2171,1984,3378
36,14175,14295,32,2166,1986,3355
36,14175,14295,33,2166,1986,2141
36,14175,14295,34,1984,1969,1985
36,14175,14295,35,1987,1983,1988
36,14175,14295,36,2165,1998,3300
36,14175,14295,37,2156,1983,3285
36,14175,14295,38,2156,1987,3271
36,14175,14295,39,2153,1987,3257
36,14175,14295,40,2153,1983,3242
36,14175,14295,41,2149,1986,3224
36,14175,14295,42,2147,1986,2106
36,14175,14295,43,1984,1976,3200
36,14175,14295,44,2148,1988,3184
36,14175,14295,45,2141,1988,3170
36,14175,14295,46,2138,1982,3155
36,14175,14295,47,2138,1986,3138
36,14175,14295,48,2137,1987,3127
36,14175,14295,49,2132,1982,3113
36,14175,14295,50,2133,1986,3100
36,14175,14295,51,2130,1987,3086
36,14175,14295,52,2125,1981,3075
36,14175,14295,53,2127,1986,2105
36,14175,14295,54,1986,1977,1991
36,14175,14295,55,1988,1988,2102
36,14175,14295,56,1984,1976,1989
36,14175,14295,57,1989,1985,2748
36,14175,14295,58,2117,1990,2987
36,14175,14295,59,2115,1986,2095
36,14175,14295,60,1986,1987,2958
36,14175,14295,61,2110,1981,2944
36,14175,14295,62,2110,1985,2929
36,14175,14295,63,2109,1986,2914
36,14175,14295,64,2100,1981,2900
36,14175,14295,65,2106,1985,2887
36,14175,14295,66,2104,1986,2873
36,14175,14295,67,2095,1982,2858
36,14175,14295,68,2099,1985,2843
36,14175,14295,69,2097,1986,2830
36,14175,14295,70,2087,1982,2817
36,14175,14295,71,2093,1985,2801
36,14175,14295,72,2091,1985,2790
36,14175,14295,73,2082,1982,2774
36,14175,14295,74,2088,1985,2757
36,14175,14295,75,2086,1985,2746
36,14175,14295,76,2076,1982,2730
36,14175,14295,77,2083,1985,2065
36,14175,14295,78,1988,1978,1987
36,14175,14295,79,1981,1981,1987
36,14175,14295,80,1988,1984,1986
36,14175,14295,81,1990,1984,2614
36,14175,14295,82,2068,1988,2647
36,14175,14295,83,2070,1984,2631
36,14175,14295,84,2068,1985,2619
36,14175,14295,85,2060,1983,2602
36,14175,14295,86,2063,1984,2590
36,14175,14295,87,2063,1985,2576
36,14175,14295,88,2053,1983,2561
36,14175,14295,89,2060,1984,2561
36,14175,14295,90,2063,1985,2581
36,14175,14295,91,2058,1984,2586
36,14175,14295,92,2064,1984,2605
36,14175,14295,93,2067,1984,2620
36,14175,14295,94,2065,1984,2630
36,14175,14295,95,2071,1984,2058
36,14175,14295,96,1987,1977,1984
36,14175,14295,97,2074,1990,2677
36,14175,14295,98,2076,1984,2688
36,14175,14295,99,2079,1984,2705
36,14175,14295,100,2077,1984,2716
36,14175,14295,101,2083,1984,2731
36,14175,14295,102,2085,1984,2747
36,14175,14295,103,2083,1985,2756
36,14175,14295,104,2088,1985,2774
36,14175,14295,105,2089,1983,2786
36,14175,14295,106,2090,1985,2801
36,14175,14295,107,2095,1985,2815
36,14175,14295,108,2096,1982,2834
36,14175,14295,109,2096,1985,2845
36,14175,14295,110,2098,1986,2854
36,14175,14295,111,2102,1982,2874
36,14175,14295,112,2101,1985,2887
36,14175,14295,113,2104,1987,2901
36,14175,14295,114,2106,1982,2917
36,14175,14295,115,2108,1986,2930
36,14175,14295,116,2110,1987,2942
36,14175,14295,117,2113,1982,2959
36,14175,14295,118,2115,1985,2969
36,14175,14295,119,2116,1987,2983
36,14175,14295,120,2118,1982,3000
36,14175,14295,121,2121,1986,3015
36,14175,14295,122,2123,1988,3026
36,14175,14295,123,2123,1982,3045
36,14175,14295,124,2127,1986,3054
36,14175,14295,125,2129,1987,3072
36,14175,14295,126,2126,1982,3085
36,14175,14295,127,2134,1986,3099
36,14175,14295,128,2136,1987,3114
36,14175,14295,129,2133,1982,3131
36,14175,14295,130,2140,1986,3147
36,14175,14295,131,2142,1987,3159
36,14175,14295,132,2139,1982,3172
36,14175,14295,133,2147,1987,3184
36,14175,14295,134,2149,1987,3204
36,14175,14295,135,2144,1982,3214
36,14175,14295,136,2152,1987,3225
36,14175,14295,137,2153,1987,3242
36,14175,14295,138,2150,1982,3256
36,14175,14295,139,2159,1987,3272
36,14175,14295,140,2161,1987,3284
36,14175,14295,141,2155,1983,3296
36,14175,14295,142,2164,1987,3312
36,14175,14295,143,2159,1987,3326
36,14175,14295,144,2161,1983,3340
36,14175,14295,145,2170,1987,3357
36,14175,14295,146,2172,1987,3368
36,14175,14295,147,2167,1983,3382
36,14175,14295,148,2176,1987,3403
36,14175,14295,149,2178,1987,3412
36,14175,14295,150,2173,1984,3425
36,14175,14295,151,2183,1986,3439
36,14175,14295,152,2184,1987,3454
36,14175,14295,153,2180,1985,3472
36,14175,14295,154,2186,1986,3478
36,14175,14295,155,2186,1986,3474
36,14175,14295,156,2180,1984,3473
36,14175,14295,157,2190,1987,3493
36,14175,14295,158,2190,1987,3501
36,14175,14295,159,2185,1985,3512
36,14175,14295,160,2193,1986,3522
36,14175,14295,161,2193,1987,3512
36,14175,14295,162,2182,1985,3449
36,14175,14295,163,2174,1984,3342
36,14175,14295,164,2160,1985,3250
36,14175,14295,165,2141,1985,3163
36,14175,14295,166,2135,1984,3060
36,14175,14295,167,2120,1985,2952
36,14175,14295,168,2096,1984,2846
36,14175,14295,169,2087,1983,2693
36,14175,14295,170,2068,1984,2583
36,14175,14295,171,2046,1982,2440
36,14175,14295,172,2031,1983,2310
36,14175,14295,173,2013,1982,2159
36,14175,14295,174,1987,1982,2020
36,14175,14295,175,1972,1981,1889
36,14175,14295,176,1948,1981,1728
36,14175,14295,177,1928,1981,1586
36,14175,14295,178,1919,1982,1547
36,14175,14295,179,1905,1979,1371
36,14175,14295,180,1885,1981,1241
36,14175,14295,181,1869,1980,1124
36,14175,14295,182,1855,1977,968
36,14175,14295,183,1834,1979,829
36,14175,14295,184,1817,1980,754
36,14175,14295,185,1805,1974,573
36,14175,14295,186,1790,1977,431
36,14175,14295,187,1775,1977,295
36,14175,14295,188,1759,1971,217
36,14175,14295,189,1760,1975,231
36,14175,14295,190,1761,1977,245
36,14175,14295,191,1764,1972,260
36,14175,14295,192,1766,1976,273
36,14175,14295,193,1766,1978,287
36,14175,14295,194,1768,1972,299
36,14175,14295,195,1771,1977,313
36,14175,14295,196,1772,1978,328
36,14175,14295,197,1772,1973,344
36,14175,14295,198,1775,1977,356
36,14175,14295,199,1777,1978,370
36,14175,14295,200,1775,1973,384
36,14175,14295,201,1780,1977,400
36,14175,14295,202,1783,1979,414
36,14175,14295,203,1779,1974,430
36,14175,14295,204,1785,1978,437
36,14175,14295,205,1787,1979,458
36,14175,14295,206,1784,1974,473
36,14175,14295,207,1791,1978,473
36,14175,14295,208,1793,1979,500
36,14175,14295,209,1788,1974,513
36,14175,14295,210,1795,1978,526
36,14175,14295,211,1798,1978,543
36,14175,14295,212,1792,1974,551
36,14175,14295,213,1801,1979,569
36,14175,14295,214,1803,1980,586
36,14175,14295,215,1797,1975,598
36,14175,14295,216,1806,1979,612
36,14175,14295,217,1806,1980,628
36,14175,14295,218,1802,1976,636
36,14175,14295,219,1811,1980,657
36,14175,14295,220,1812,1980,670
36,14175,14295,221,1807,1976,681
36,14175,14295,222,1817,1979,704
36,14175,14295,223,1817,1980,714
36,14175,14295,224,1812,1977,734
36,14175,14295,225,1822,1979,741
36,14175,14295,226,1824,1980,754
36,14175,14295,227,1817,1978,767
36,14175,14295,228,1826,1979,785
36,14175,14295,229,1828,1981,802
36,14175,14295,230,1821,1978,811
36,14175,14295,231,1831,1980,824
36,14175,14295,232,1833,1981,840
36,14175,14295,233,1828,1978,853
36,14175,14295,234,1835,1980,870
36,14175,14295,235,1838,1980,881
36,14175,14295,236,1833,1979,896
36,14175,14295,237,1841,1980,917
36,14175,14295,238,1843,1980,927
36,14175,14295,239,1837,1980,939
36,14175,14295,240,1846,1980,955
36,14175,14295,241,1848,1981,968
36,14175,14295,242,1843,1980,983
36,14175,14295,243,1850,1980,996
36,14175,14295,244,1853,1981,1013
36,14175,14295,245,1849,1981,1023
36,14175,14295,246,1855,1980,1037
36,14175,14295,247,1858,1980,1873
36,14175,14295,248,1984,1991,1784
36,14175,14295,249,1857,1973,1077
36,14175,14295,250,1864,1980,1095
36,14175,14295,251,1861,1981,1113
36,14175,14295,252,1865,1980,1124
36,14175,14295,253,1868,1980,1139
36,14175,14295,254,1866,1982,1150
36,14175,14295,255,1870,1981,1285
36,14175,14295,256,1938,1980,1174
36,14175,14295,257,1873,1981,1202
36,14175,14295,258,1876,1982,1210
36,14175,14295,259,1878,1978,1225
36,14175,14295,260,1878,1982,1239
36,14175,14295,261,1881,1983,1255
36,14175,14295,262,1883,1978,1267
36,14175,14295,263,1884,1982,1281
36,14175,14295,264,1887,1983,1293
36,14175,14295,265,1886,1978,1310
36,14175,14295,266,1890,1982,1318
36,14175,14295,267,1889,1984,1321
36,14175,14295,268,1888,1978,1309
36,14175,14295,269,1887,1982,1295
36,14175,14295,270,1884,1983,1275
36,14175,14295,271,1882,1978,1266
36,14175,14295,272,1882,1982,1254
36,14175,14295,273,1880,1983,1237
36,14175,14295,274,1875,1977,1224
36,14175,14295,275,1877,1982,1209
36,14175,14295,276,1876,1983,1192
36,14175,14295,277,1869,1978,1180
36,14175,14295,278,1871,1982,1168
36,14175,14295,279,1871,1982,1152
36,14175,14295,280,1863,1978,1138
36,14175,14295,281,1867,1982,1884
36,14175,14295,282,1990,1992,1985
36,14175,14295,283,1979,1969,1099
36,14175,14295,284,1859,1981,1080
36,14175,14295,285,1860,1982,1068
36,14175,14295,286,1852,1978,1056
36,14175,14295,287,1857,1981,1037
36,14175,14295,288,1855,1982,1024
36,14175,14295,289,1847,1977,1011
36,14175,14295,290,1851,1981,993
36,14175,14295,291,1850,1982,984
36,14175,14295,292,1841,1977,968
36,14175,14295,293,1846,1981,954
36,14175,14295,294,1844,1981,939
36,14175,14295,295,1836,1977,925
36,14175,14295,296,1841,1981,912
36,14175,14295,297,1839,1981,894
36,14175,14295,298,1830,1977,880
36,14175,14295,299,1836,1980,867
36,14175,14295,300,1834,1981,853
36,14175,14295,301,1825,1978,842
36,14175,14295,302,1831,1980,825
36,14175,14295,303,1829,1980,811
36,14175,14295,304,1821,1978,794
36,14175,14295,305,1825,1980,783
36,14175,14295,306,1824,1980,769
36,14175,14295,307,1815,1978,753
36,14175,14295,308,1820,1979,739
36,14175,14295,309,1819,1979,726
36,14175,14295,310,1811,1977,710
36,14175,14295,311,1815,1979,698
36,14175,14295,312,1814,1979,688
36,14175,14295,313,1806,1978,662
36,14175,14295,314,1810,1978,654
36,14175,14295,315,1809,1979,642
36,14175,14295,316,1801,1978,627
36,14175,14295,317,1805,1977,612
36,14175,14295,318,1804,1978,598
36,14175,14295,319,1796,1978,587
36,14175,14295,320,1801,1977,571
36,14175,14295,321,1799,1977,557
36,14175,14295,322,1792,1978,541
36,14175,14295,323,1795,1976,524
36,14175,14295,324,1795,1977,511
36,14175,14295,325,1788,1977,501
36,14175,14295,326,1790,1977,483
36,14175,14295,327,1788,1976,583
36,14175,14295,328,1784,1977,456
36,14175,14295,329,1784,1977,439
36,14175,14295,330,1783,1975,434
36,14175,14295,331,1779,1977,416
36,14175,14295,332,1780,1977,397
36,14175,14295,333,1778,1974,386
36,14175,14295,334,1775,1977,374
36,14175,14295,335,1775,1977,356
36,14175,14295,336,1775,1973,345
36,14175,14295,337,1770,1976,330
36,14175,14295,338,1770,1977,314
36,14175,14295,339,1769,1972,300
36,14175,14295,340,1766,1976,287
36,14175,14295,341,1765,1977,270
36,14175,14295,342,1764,1972,257
36,14175,14295,343,1762,1975,245
36,14175,14295,344,1760,1977,231
36,14175,14295,345,1757,1971,215
36,14175,14295,346,1758,1975,199
36,14175,14295,347,1756,1976,188
36,14175,14295,348,1752,1970,173
36,14175,14295,349,1758,1975,230
36,14175,14295,350,1773,1978,314
36,14175,14295,351,1775,1974,415
36,14175,14295,352,1793,1979,518
36,14175,14295,353,1804,1981,629
36,14175,14295,354,1809,1976,744
36,14175,14295,355,1830,1981,884
37,14349,14470,0,1988,2022,1243
37,14349,14470,1,1878,1981,1314
37,14349,14470,2,1902,1982,1385
37,14349,14470,3,1911,1983,1485
37,14349,14470,4,1917,1981,1580
37,14349,14470,5,1935,1983,1685
37,14349,14470,6,1950,1983,1796
37,14349,14470,7,1961,1983,1914
37,14349,14470,8,1979,1983,2031
37,14349,14470,9,1999,1984,2152
37,14349,14470,10,2008,1984,2273
37,14349,14470,11,2034,1984,2415
37,14349,14470,12,2054,1985,2553
37,14349,14470,13,2066,1985,2684
37,14349,14470,14,2089,1985,2839
37,14349,14470,15,2111,1986,2564
37,14349,14470,16,2115,1986,3103
37,14349,14470,17,2147,1986,3260
37,14349,14470,18,2167,1985,3388
37,14349,14470,19,2183,1987,3490
37,14349,14470,20,2188,1986,3496
37,14349,14470,21,2185,1983,3473
37,14349,14470,22,2183,1986,3473
37,14349,14470,23,2181,1987,3476
37,14349,14470,24,2184,1984,3469
37,14349,14470,25,2113,1981,2087
37,14349,14470,26,1986,1978,3444
37,14349,14470,27,2183,1987,3431
37,14349,14470,28,2174,1987,3415
37,14349,14470,29,2173,1987,3400
37,14349,14470,30,2172,1983,3387
37,14349,14470,31,2170,1986,3370
37,14349,14470,32,2167,1988,3356
37,14349,14470,33,2165,1982,3341
37,14349,14470,34,2163,1987,3326
37,14349,14470,35,2161,1988,3314
37,14349,14470,36,2157,1982,3298
37,14349,14470,37,2158,1986,3308
37,14349,14470,38,2157,1988,3271
37,14349,14470,39,2152,1982,3257
37,14349,14470,40,2152,1987,3235
37,14349,14470,41,2150,1987,3225
37,14349,14470,42,2145,1982,3220
37,14349,14470,43,2146,1986,3203
37,14349,14470,44,2146,1987,3185
37,14349,14470,45,2139,1982,3171
37,14349,14470,46,2141,1986,3159
37,14349,14470,47,2141,1987,3145
37,14349,14470,48,2133,1982,3129
37,14349,14470,49,2136,1986,3112
37,14349,14470,50,2134,1987,3100
37,14349,14470,51,2127,1982,3086
37,14349,14470,52,2130,1986,3072
37,14349,14470,53,2129,1986,3054
37,14349,14470,54,2120,1982,3047
37,14349,14470,55,2125,1986,3030
37,14349,14470,56,2123,1986,3007
37,14349,14470,57,2114,1982,2999
37,14349,14470,58,2119,1986,2987
37,14349,14470,59,2117,1987,2972
37,14349,14470,60,2107,1982,2954
37,14349,14470,61,2113,1986,2945
37,14349,14470,62,2110,1986,2930
37,14349,14470,63,2102,1982,2915
37,14349,14470,64,2107,1986,2899
37,14349,14470,65,2105,1986,2888
37,14349,14470,66,2097,1982,2869
37,14349,14470,67,2101,1985,2860
37,14349,14470,68,2099,1985,2844
37,14349,14470,69,2088,1983,2830
37,14349,14470,70,2095,1985,2812
37,14349,14470,71,2094,1986,2777
37,14349,14470,72,2026,1983,2787
37,14349,14470,73,2091,1985,2774
37,14349,14470,74,2088,1985,2762
37,14349,14470,75,2079,1983,2743
37,14349,14470,76,2082,1985,2731
37,14349,14470,77,2082,1985,2716
37,14349,14470,78,2073,1983,2701
37,14349,14470,79,2078,1984,2691
37,14349,14470,80,2075,1984,2671
37,14349,14470,81,2068,1984,2659
37,14349,14470,82,2072,1984,2646
37,14349,14470,83,2069,1984,2630
37,14349,14470,84,2062,1984,2616
37,14349,14470,85,2066,1984,2600
37,14349,14470,86,2064,1984,2596
37,14349,14470,87,2056,1984,2577
37,14349,14470,88,2059,1984,2559
37,14349,14470,89,2060,1983,2562
37,14349,14470,90,2058,1984,2573
37,14349,14470,91,2062,1983,2589
37,14349,14470,92,2065,1984,2606
37,14349,14470,93,2063,1984,2617
37,14349,14470,94,2070,1983,2629
37,14349,14470,95,2071,1983,2651
37,14349,14470,96,2070,1985,2659
37,14349,14470,97,2074,1985,2676
37,14349,14470,98,2076,1982,2689
37,14349,14470,99,2077,1985,2695
37,14349,14470,100,2079,1986,2715
37,14349,14470,101,2081,1982,2734
37,14349,14470,102,2082,1985,2746
37,14349,14470,103,2086,1986,2756
37,14349,14470,104,2088,1982,2781
37,14349,14470,105,2088,1985,2783
37,14349,14470,106,2091,1986,2800
37,14349,14470,107,2093,1982,2817
37,14349,14470,108,2095,1986,2840
37,14349,14470,109,2097,1987,2844
37,14349,14470,110,2098,1981,2862
37,14349,14470,111,2101,1986,2872
37,14349,14470,112,2103,1987,2888
37,14349,14470,113,2103,1981,2904
37,14349,14470,114,2107,1986,2923
37,14349,14470,115,2110,1987,2931
37,14349,14470,116,2109,1982,2939
37,14349,14470,117,2113,1986,2956
37,14349,14470,118,2114,1987,2973
37,14349,14470,119,2114,1982,2986
37,14349,14470,120,2119,1986,3000
37,14349,14470,121,2124,1987,3013
37,14349,14470,122,2119,1982,3029
37,14349,14470,123,2125,1986,3046
37,14349,14470,124,2129,1987,3057
37,14349,14470,125,2124,1982,3070
37,14349,14470,126,2132,1986,3084
37,14349,14470,127,2135,1987,2109
37,14349,14470,128,1978,1971,1987
37,14349,14470,129,2143,1996,3128
37,14349,14470,130,2140,1987,3145
37,14349,14470,131,2136,1982,3155
37,14349,14470,132,2144,1986,3180
37,14349,14470,133,2145,1987,3184
37,14349,14470,134,2141,1983,3205
37,14349,14470,135,2151,1986,3215
37,14349,14470,136,2152,1987,3228
37,14349,14470,137,2147,1982,3244
37,14349,14470,138,2156,1987,3252
37,14349,14470,139,2157,1986,3270
37,14349,14470,140,2152,1983,3285
37,14349,14470,141,2161,1986,3298
37,14349,14470,142,2164,1987,3312
37,14349,14470,143,2158,1984,3327
37,14349,14470,144,2168,1986,3341
37,14349,14470,145,2170,1987,3357
37,14349,14470,146,2164,1984,3370
37,14349,14470,147,2173,1986,3388
37,14349,14470,148,2176,1986,3399
37,14349,14470,149,2171,1984,3409
37,14349,14470,150,2180,1986,3425
37,14349,14470,151,2181,1986,3441
37,14349,14470,152,2177,1985,3453
37,14349,14470,153,2185,1986,3470
37,14349,14470,154,2187,1986,3476
37,14349,14470,155,2179,1985,3472
37,14349,14470,156,2186,1985,3472
37,14349,14470,157,2189,1986,3490
37,14349,14470,158,2185,1986,3501
37,14349,14470,159,2191,1986,3514
37,14349,14470,160,2194,1986,3525
37,14349,14470,161,2186,1986,3511
37,14349,14470,162,2187,1986,3464
37,14349,14470,163,2176,1985,3361
37,14349,14470,164,2154,1985,3259
37,14349,14470,165,2143,1985,3152
37,14349,14470,166,2130,1984,3023
37,14349,14470,167,2108,1984,2890
37,14349,14470,168,2091,1983,2743
37,14349,14470,169,2073,1982,2598
37,14349,14470,170,2052,1983,2461
37,14349,14470,171,2033,1983,2300
37,14349,14470,172,2014,1981,2194
37,14349,14470,173,1995,1982,2059
37,14349,14470,174,1980,1983,1930
37,14349,14470,175,1960,1979,1795
37,14349,14470,176,1938,1982,1653
37,14349,14470,177,1922,1983,1524
37,14349,14470,178,1914,1979,1460
37,14349,14470,179,1896,1981,1329
37,14349,14470,180,1879,1982,1212
37,14349,14470,181,1867,1977,1080
37,14349,14470,182,1844,1980,943
37,14349,14470,183,1832,1981,817
37,14349,14470,184,1818,1974,675
37,14349,14470,185,1801,1978,534
37,14349,14470,186,1783,1978,411
37,14349,14470,187,1770,1971,274
37,14349,14470,188,1759,1975,215
37,14349,14470,189,1761,1977,228
37,14349,14470,190,1760,1971,244
37,14349,14470,191,1764,1976,260
37,14349,14470,192,1767,1977,271
37,14349,14470,193,1762,1972,288
37,14349,14470,194,1769,1977,301
37,14349,14470,195,1772,1977,310
37,14349,14470,196,1768,1972,332
37,14349,14470,197,1774,1977,345
37,14349,14470,198,1778,1977,358
37,14349,14470,199,1772,1972,370
37,14349,14470,200,1780,1977,384
37,14349,14470,201,1782,1978,401
37,14349,14470,202,1776,1973,418
37,14349,14470,203,1784,1978,428
37,14349,14470,204,1788,1978,443
37,14349,14470,205,1781,1974,456
37,14349,14470,206,1789,1978,473
37,14349,14470,207,1791,1979,492
37,14349,14470,208,1786,1974,502
37,14349,14470,209,1795,1978,515
37,14349,14470,210,1795,1979,528
37,14349,14470,211,1790,1974,538
37,14349,14470,212,1800,1979,556
37,14349,14470,213,1801,1979,569
37,14349,14470,214,1796,1975,586
37,14349,14470,215,1805,1979,1825
37,14349,14470,216,1992,1995,1981
37,14349,14470,217,1794,1965,625
37,14349,14470,218,1811,1979,643
37,14349,14470,219,1811,1979,657
37,14349,14470,220,1805,1977,671
37,14349,14470,221,1814,1979,683
37,14349,14470,222,1815,1979,701
37,14349,14470,223,1810,1977,1085
37,14349,14470,224,1969,1992,1965
37,14349,14470,225,1989,1985,1983
37,14349,14470,226,1979,1982,1987
37,14349,14470,227,1988,1983,1219
37,14349,14470,228,1821,1970,786
37,14349,14470,229,1823,1978,794
37,14349,14470,230,1828,1979,809
37,14349,14470,231,1830,1980,825
37,14349,14470,232,1825,1979,840
37,14349,14470,233,1834,1979,849
37,14349,14470,234,1835,1980,868
37,14349,14470,235,1832,1980,880
37,14349,14470,236,1837,1980,897
37,14349,14470,237,1840,1980,909
37,14349,14470,238,1837,1980,925
37,14349,14470,239,1843,1980,936
37,14349,14470,240,1845,1979,952
37,14349,14470,241,1837,1981,967
37,14349,14470,242,1848,1980,980
37,14349,14470,243,1850,1979,997
37,14349,14470,244,1849,1981,1003
37,14349,14470,245,1853,1980,1024
37,14349,14470,246,1855,1979,1269
37,14349,14470,247,1965,1990,1969
37,14349,14470,248,1985,1986,1988
37,14349,14470,249,1857,1970,1082
37,14349,14470,250,1861,1981,1094
37,14349,14470,251,1863,1982,1104
37,14349,14470,252,1866,1978,1124
37,14349,14470,253,1865,1982,1142
37,14349,14470,254,1867,1982,1153
37,14349,14470,255,1871,1978,1165
37,14349,14470,256,1872,1982,1180
37,14349,14470,257,1873,1983,1197
37,14349,14470,258,1875,1977,1251
37,14349,14470,259,1878,1983,1222
37,14349,14470,260,1879,1984,1235
37,14349,14470,261,1880,1978,1252
37,14349,14470,262,1884,1982,1267
37,14349,14470,263,1886,1984,1279
37,14349,14470,264,1884,1978,1296
37,14349,14470,265,1889,1983,1311
37,14349,14470,266,1891,1983,1765
37,14349,14470,267,1981,1985,1327
37,14349,14470,268,1886,1978,1307
37,14349,14470,269,1888,1983,1293
37,14349,14470,270,1880,1978,1279
37,14349,14470,271,1884,1982,1265
37,14349,14470,272,1884,1983,1250
37,14349,14470,273,1875,1978,1236
37,14349,14470,274,1879,1982,1224
37,14349,14470,275,1878,1982,1208
37,14349,14470,276,1869,1978,1195
37,14349,14470,277,1875,1982,1180
37,14349,14470,278,1873,1982,1166
37,14349,14470,279,1864,1977,1155
37,14349,14470,280,1869,1982,1137
37,14349,14470,281,1867,1982,1123
37,14349,14470,282,1858,1978,1110
37,14349,14470,283,1864,1982,1097
37,14349,14470,284,1862,1982,1083
37,14349,14470,285,1853,1978,1069
37,14349,14470,286,1858,1982,1055
37,14349,14470,287,1856,1981,1040
37,14349,14470,288,1848,1978,1023
37,14349,14470,289,1853,1981,1009
37,14349,14470,290,1852,1981,998
37,14349,14470,291,1843,1978,979
37,14349,14470,292,1848,1981,968
37,14349,14470,293,1846,1981,955
37,14349,14470,294,1838,1979,931
37,14349,14470,295,1842,1980,922
37,14349,14470,296,1841,1980,911
37,14349,14470,297,1832,1978,897
37,14349,14470,298,1837,1980,879
37,14349,14470,299,1836,1981,867
37,14349,14470,300,1827,1978,858
37,14349,14470,301,1832,1979,838
37,14349,14470,302,1831,1980,826
37,14349,14470,303,1823,1979,811
37,14349,14470,304,1828,1979,798
37,14349,14470,305,1825,1979,786
37,14349,14470,306,1818,1979,768
37,14349,14470,307,1822,1979,754
37,14349,14470,308,1821,1980,742
37,14349,14470,309,1813,1979,725
37,14349,14470,310,1817,1978,709
37,14349,14470,311,1816,1979,698
37,14349,14470,312,1808,1979,681
37,14349,14470,313,1811,1978,669
37,14349,14470,314,1810,1978,654
37,14349,14470,315,1804,1978,643
37,14349,14470,316,1806,1978,625
37,14349,14470,317,1805,1978,613
37,14349,14470,318,1800,1978,600
37,14349,14470,319,1802,1978,583
37,14349,14470,320,1800,1977,571
37,14349,14470,321,1795,1978,556
37,14349,14470,322,1796,1978,541
37,14349,14470,323,1795,1976,528
37,14349,14470,324,1791,1978,514
37,14349,14470,325,1791,1979,498
37,14349,14470,326,1790,1975,486
37,14349,14470,327,1787,1978,474
37,14349,14470,328,1786,1978,458
37,14349,14470,329,1785,1974,443
37,14349,14470,330,1782,1978,435
37,14349,14470,331,1781,1979,412
37,14349,14470,332,1779,1973,403
37,14349,14470,333,1778,1977,387
37,14349,14470,334,1775,1979,366
37,14349,14470,335,1774,1972,359
37,14349,14470,336,1774,1977,342
37,14349,14470,337,1772,1978,329
37,14349,14470,338,1768,1972,317
37,14349,14470,339,1769,1976,303
37,14349,14470,340,1768,1977,287
37,14349,14470,341,1763,1972,274
37,14349,14470,342,1764,1976,254
37,14349,14470,343,1763,1976,244
37,14349,14470,344,1757,1971,230
37,14349,14470,345,1759,1975,213
37,14349,14470,346,1759,1975,204
37,14349,14470,347,1752,1970,193
37,14349,14470,348,1758,1976,250
37,14349,14470,349,1767,1976,277
37,14349,14470,350,1768,1972,343
37,14349,14470,351,1783,1978,441
37,14349,14470,352,1797,1980,535
37,14349,14470,353,1801,1976,647
37,14349,14470,354,1820,1981,768
37,14349,14470,355,1833,1982,890
38,14523,14644,0,1979,2020,1150
38,14523,14644,1,1873,1985,1207
38,14523,14644,2,1878,1979,1296
38,14523,14644,3,1896,1983,1382
38,14523,14644,4,1908,1984,1483
38,14523,14644,5,1918,1980,1588
38,14523,14644,6,1938,1984,1714
38,14523,14644,7,1957,1985,1847
38,14523,14644,8,1967,1980,1980
38,14523,14644,9,1994,1986,2116
38,14523,14644,10,2013,1986,2252
38,14523,14644,11,2023,1981,2392
38,14523,14644,12,2049,1986,2542
38,14523,14644,13,2071,1986,2677
38,14523,14644,14,2089,1983,2819
38,14523,14644,15,2109,1986,2091
38,14523,14644,16,1988,1976,1988
38,14523,14644,17,1981,1980,1987
38,14523,14644,18,2171,1997,3362
38,14523,14644,19,2184,1987,3485
38,14523,14644,20,2180,1983,3488
38,14523,14644,21,2188,1986,3473
38,14523,14644,22,2187,1986,3474
38,14523,14644,23,2180,1983,3477
38,14523,14644,24,2183,1984,2124
38,14523,14644,25,1989,1973,1988
38,14523,14644,26,1981,1981,1987
38,14523,14644,27,1987,1983,1986
38,14523,14644,28,1997,1996,3415
38,14523,14644,29,2166,1985,3399
38,14523,14644,30,2171,1984,2118
38,14523,14644,31,2173,1988,3366
38,14523,14644,32,2162,1984,3360
38,14523,14644,33,2168,1985,3341
38,14523,14644,34,2165,1986,3329
38,14523,14644,35,2157,1985,3312
38,14523,14644,36,2161,1985,3299
38,14523,14644,37,2160,1986,2129
38,14523,14644,38,1979,1972,1990
38,14523,14644,39,1988,1996,3254
38,14523,14644,40,2154,1985,3240
38,14523,14644,41,2146,1985,3229
38,14523,14644,42,2149,1985,3211
38,14523,14644,43,2148,1986,3205
38,14523,14644,44,2140,1985,3202
38,14523,14644,45,2143,1984,2120
38,14523,14644,46,1986,1973,1985
38,14523,14644,47,1984,1983,3142
38,14523,14644,48,2140,1989,3128
38,14523,14644,49,2135,1984,3114
38,14523,14644,50,2130,1986,3101
38,14523,14644,51,2131,1985,3084
38,14523,14644,52,2130,1983,3071
38,14523,14644,53,2125,1986,3057
38,14523,14644,54,2124,1985,2105
38,14523,14644,55,1985,1972,1984
38,14523,14644,56,1985,1983,1988
38,14523,14644,57,1993,1993,2980
38,14523,14644,58,2115,1983,2988
38,14523,14644,59,2114,1985,2972
38,14523,14644,60,2112,1986,2958
38,14523,14644,61,2110,1982,2944
38,14523,14644,62,2108,1985,2090
38,14523,14644,63,1983,1977,1991
38,14523,14644,64,2109,1988,2903
38,14523,14644,65,2102,1985,2880
38,14523,14644,66,2100,1987,2871
38,14523,14644,67,2098,1981,2860
38,14523,14644,68,2097,1985,2843
38,14523,14644,69,2096,1986,2826
38,14523,14644,70,2091,1981,2816
38,14523,14644,71,2093,1985,2796
38,14523,14644,72,2090,1987,2786
38,14523,14644,73,2084,1981,2772
38,14523,14644,74,2086,1985,2758
38,14523,14644,75,2084,1987,2746
38,14523,14644,76,2077,1981,2728
38,14523,14644,77,2081,1986,2716
38,14523,14644,78,2078,1986,2704
38,14523,14644,79,2072,1980,2690
38,14523,14644,80,2075,1985,2674
38,14523,14644,81,2074,1985,2666
38,14523,14644,82,2065,1980,2650
38,14523,14644,83,2070,1985,2632
38,14523,14644,84,2068,1986,2619
38,14523,14644,85,2059,1981,2600
38,14523,14644,86,2065,1985,2590
38,14523,14644,87,2063,1985,2573
38,14523,14644,88,2054,1981,2560
38,14523,14644,89,2060,1985,2561
38,14523,14644,90,2063,1986,2576
38,14523,14644,91,2057,1981,2589
38,14523,14644,92,2066,1985,2602
38,14523,14644,93,2067,1985,2617
38,14523,14644,94,2063,1982,2634
38,14523,14644,95,2071,1985,2645
38,14523,14644,96,2074,1985,2660
38,14523,14644,97,2069,1982,2676
38,14523,14644,98,2077,1985,2686
38,14523,14644,99,2078,1985,2702
38,14523,14644,100,2075,1982,2716
38,14523,14644,101,2084,1985,2726
38,14523,14644,102,2085,1985,2746
38,14523,14644,103,2080,1983,2764
38,14523,14644,104,2089,1985,2768
38,14523,14644,105,2091,1985,2789
38,14523,14644,106,2086,1984,2803
38,14523,14644,107,2096,1984,2818
38,14523,14644,108,2097,1985,2829
38,14523,14644,109,2093,1984,2843
38,14523,14644,110,2100,1985,2857
38,14523,14644,111,2103,1985,2875
38,14523,14644,112,2097,1985,2890
38,14523,14644,113,2106,1984,2903
38,14523,14644,114,2109,1986,2917
38,14523,14644,115,2105,1984,2927
38,14523,14644,116,2111,1985,2943
38,14523,14644,117,2114,1985,2958
38,14523,14644,118,2105,1984,2971
38,14523,14644,119,2118,1984,2985
38,14523,14644,120,2120,1985,3003
38,14523,14644,121,2117,1985,3011
38,14523,14644,122,2123,1985,3028
38,14523,14644,123,2126,1984,3046
38,14523,14644,124,2125,1986,3060
38,14523,14644,125,2128,1985,3072
38,14523,14644,126,2131,1984,3085
38,14523,14644,127,2130,1985,3100
38,14523,14644,128,2134,1985,3112
38,14523,14644,129,2137,1984,3110
38,14523,14644,130,2137,1986,3143
38,14523,14644,131,2140,1986,3152
38,14523,14644,132,2142,1983,3175
38,14523,14644,133,2143,1985,3183
38,14523,14644,134,2146,1987,3199
38,14523,14644,135,2149,1983,3219
38,14523,14644,136,2150,1986,3229
38,14523,14644,137,2152,1988,3242
38,14523,14644,138,2155,1983,2131
38,14523,14644,139,2156,1987,3269
38,14523,14644,140,2157,1988,3284
38,14523,14644,141,2160,1982,3300
38,14523,14644,142,2162,1987,3314
38,14523,14644,143,2164,1988,3328
38,14523,14644,144,2165,1983,3343
38,14523,14644,145,2167,1985,2117
38,14523,14644,146,1985,1975,1992
38,14523,14644,147,2175,1994,3384
38,14523,14644,148,2173,1987,3397
38,14523,14644,149,2177,1988,3413
38,14523,14644,150,2175,1983,3429
38,14523,14644,151,2181,1987,3441
38,14523,14644,152,2185,1988,3453
38,14523,14644,153,2180,1983,3471
38,14523,14644,154,2186,1987,3476
38,14523,14644,155,2186,1987,3474
38,14523,14644,156,2180,1983,3472
38,14523,14644,157,2188,1987,3511
38,14523,14644,158,2192,1987,3512
38,14523,14644,159,2183,1981,2128
38,14523,14644,160,2194,1989,3521
38,14523,14644,161,2194,1987,3510
38,14523,14644,162,2182,1982,3435
38,14523,14644,163,2175,1986,3399
38,14523,14644,164,2165,1986,3228
38,14523,14644,165,2135,1982,3142
38,14523,14644,166,2131,1985,3026
38,14523,14644,167,2115,1985,2902
38,14523,14644,168,2088,1980,2768
38,14523,14644,169,2078,1985,2665
38,14523,14644,170,2067,1985,2562
38,14523,14644,171,2041,1980,2431
38,14523,14644,172,2030,1983,2295
38,14523,14644,173,2014,1984,2169
38,14523,14644,174,1990,1980,2039
38,14523,14644,175,1975,1982,1887
38,14523,14644,176,1953,1982,1747
38,14523,14644,177,1928,1979,1592
38,14523,14644,178,1924,1981,1499
38,14523,14644,179,1907,1980,1382
38,14523,14644,180,1884,1979,1245
38,14523,14644,181,1871,1979,1108
38,14523,14644,182,1856,1979,949
38,14523,14644,183,1831,1978,818
38,14523,14644,184,1820,1978,691
38,14523,14644,185,1805,1977,551
38,14523,14644,186,1781,1975,416
38,14523,14644,187,1773,1974,263
38,14523,14644,188,1761,1974,212
38,14523,14644,189,1757,1975,229
38,14523,14644,190,1763,1974,242
38,14523,14644,191,1766,1974,258
38,14523,14644,192,1763,1974,277
38,14523,14644,193,1768,1974,284
38,14523,14644,194,1770,1975,299
38,14523,14644,195,1768,1975,314
38,14523,14644,196,1773,1975,328
38,14523,14644,197,1775,1976,347
38,14523,14644,198,1773,1976,356
38,14523,14644,199,1777,1976,372
38,14523,14644,200,1781,1975,386
38,14523,14644,201,1778,1977,401
38,14523,14644,202,1782,1977,415
38,14523,14644,203,1784,1975,430
38,14523,14644,204,1783,1977,444
38,14523,14644,205,1786,1978,454
38,14523,14644,206,1788,1975,473
38,14523,14644,207,1789,1978,485
38,14523,14644,208,1791,1979,496
38,14523,14644,209,1793,1975,519
38,14523,14644,210,1793,1978,529
38,14523,14644,211,1796,1980,541
38,14523,14644,212,1797,1975,556
38,14523,14644,213,1799,1979,571
38,14523,14644,214,1800,1980,583
38,14523,14644,215,1802,1975,597
38,14523,14644,216,1804,1979,612
38,14523,14644,217,1804,1981,624
38,14523,14644,218,1805,1975,640
38,14523,14644,219,1809,1980,660
38,14523,14644,220,1810,1981,668
38,14523,14644,221,1810,1976,684
38,14523,14644,222,1814,1980,704
38,14523,14644,223,1817,1981,712
38,14523,14644,224,1814,1975,727
38,14523,14644,225,1819,1980,1840
38,14523,14644,226,1989,1995,1985
38,14523,14644,227,1974,1968,767
38,14523,14644,228,1828,1980,784
38,14523,14644,229,1828,1981,798
38,14523,14644,230,1823,1976,809
38,14523,14644,231,1830,1981,825
38,14523,14644,232,1833,1982,839
38,14523,14644,233,1828,1977,853
38,14523,14644,234,1834,1981,867
38,14523,14644,235,1837,1982,881
38,14523,14644,236,1832,1977,895
38,14523,14644,237,1841,1981,910
38,14523,14644,238,1842,1981,927
38,14523,14644,239,1837,1977,939
38,14523,14644,240,1846,1981,953
38,14523,14644,241,1849,1981,969
38,14523,14644,242,1843,1978,982
38,14523,14644,243,1852,1981,995
38,14523,14644,244,1853,1982,1011
38,14523,14644,245,1847,1978,1025
38,14523,14644,246,1857,1981,1036
38,14523,14644,247,1858,1982,1053
38,14523,14644,248,1853,1979,1063
38,14523,14644,249,1862,1982,1085
38,14523,14644,250,1863,1982,1096
38,14523,14644,251,1858,1979,1114
38,14523,14644,252,1868,1981,1122
38,14523,14644,253,1869,1982,1134
38,14523,14644,254,1864,1980,1153
38,14523,14644,255,1872,1981,1168
38,14523,14644,256,1874,1982,1186
38,14523,14644,257,1869,1980,1194
38,14523,14644,258,1878,1981,1213
38,14523,14644,259,1880,1981,1223
38,14523,14644,260,1876,1980,1237
38,14523,14644,261,1882,1981,1252
38,14523,14644,262,1885,1981,1264
38,14523,14644,263,1881,1981,1278
38,14523,14644,264,1887,1981,1298
38,14523,14644,265,1890,1982,1311
38,14523,14644,266,1887,1981,1322
38,14523,14644,267,1891,1981,1321
38,14523,14644,268,1890,1981,1310
38,14523,14644,269,1883,1981,1294
38,14523,14644,270,1886,1980,1281
38,14523,14644,271,1884,1981,1264
38,14523,14644,272,1879,1982,1898
38,14523,14644,273,1987,1989,1987
38,14523,14644,274,1985,1982,1308
38,14523,14644,275,1871,1975,1208
38,14523,14644,276,1875,1981,1193
38,14523,14644,277,1873,1979,1180
38,14523,14644,278,1869,1981,1165
38,14523,14644,279,1869,1981,1150
38,14523,14644,280,1868,1978,1134
38,14523,14644,281,1864,1981,1123
38,14523,14644,282,1864,1982,1112
38,14523,14644,283,1862,1978,1095
38,14523,14644,284,1859,1982,1084
38,14523,14644,285,1858,1982,1068
38,14523,14644,286,1857,1977,1054
38,14523,14644,287,1854,1981,1042
38,14523,14644,288,1852,1983,1024
38,14523,14644,289,1850,1977,1010
38,14523,14644,290,1849,1981,998
38,14523,14644,291,1847,1983,979
38,14523,14644,292,1844,1976,971
38,14523,14644,293,1844,1981,951
38,14523,14644,294,1844,1982,939
38,14523,14644,295,1838,1976,925
38,14523,14644,296,1840,1980,911
38,14523,14644,297,1838,1982,894
38,14523,14644,298,1833,1976,883
38,14523,14644,299,1835,1981,870
38,14523,14644,300,1833,1981,856
38,14523,14644,301,1827,1976,835
38,14523,14644,302,1830,1980,824
38,14523,14644,303,1829,1981,809
38,14523,14644,304,1822,1976,797
38,14523,14644,305,1825,1980,784
38,14523,14644,306,1824,1981,774
38,14523,14644,307,1815,1976,750
38,14523,14644,308,1820,1980,741
38,14523,14644,309,1819,1980,727
38,14523,14644,310,1811,1976,711
38,14523,14644,311,1816,1980,698
38,14523,14644,312,1814,1980,683
38,14523,14644,313,1805,1976,671
38,14523,14644,314,1811,1979,658
38,14523,14644,315,1809,1980,1828
38,14523,14644,316,1982,1991,1982
38,14523,14644,317,1986,1984,1985
38,14523,14644,318,1989,1985,1985
38,14523,14644,319,1979,1980,1986
38,14523,14644,320,1988,1983,1986
38,14523,14644,321,1989,1984,1985
38,14523,14644,322,1979,1981,1986
38,14523,14644,323,1988,1983,1985
38,14523,14644,324,1989,1965,514
38,14523,14644,325,1783,1976,498
38,14523,14644,326,1791,1977,484
38,14523,14644,327,1790,1978,471
38,14523,14644,328,1781,1975,457
38,14523,14644,329,1786,1977,443
38,14523,14644,330,1785,1977,430
38,14523,14644,331,1777,1975,416
38,14523,14644,332,1782,1976,399
38,14523,14644,333,1780,1976,387
38,14523,14644,334,1772,1975,375
38,14523,14644,335,1776,1975,358
38,14523,14644,336,1776,1976,344
38,14523,14644,337,1770,1976,329
38,14523,14644,338,1771,1975,316
38,14523,14644,339,1771,1976,301
38,14523,14644,340,1764,1975,285
38,14523,14644,341,1766,1975,269
38,14523,14644,342,1765,1975,256
38,14523,14644,343,1760,1974,244
38,14523,14644,344,1761,1974,232
38,14523,14644,345,1760,1974,215
38,14523,14644,346,1755,1974,201
38,14523,14644,347,1756,1973,187
38,14523,14644,348,1756,1972,175
38,14523,14644,349,1755,1974,197
38,14523,14644,350,1767,1975,295
38,14523,14644,351,1777,1975,390
38,14523,14644,352,1786,1978,500
38,14523,14644,353,1802,1980,643
38,14523,14644,354,1815,1978,753
38,14523,14644,355,1829,1981,883
39,14699,14820,0,1990,2024,1252
39,14699,14820,1,1880,1980,1313
39,14699,14820,2,1900,1983,1388
39,14699,14820,3,1910,1984,1472
39,14699,14820,4,1913,1980,1566
39,14699,14820,5,1934,1983,1661
39,14699,14820,6,1948,1984,1795
39,14699,14820,7,1956,1980,1902
39,14699,14820,8,1982,1985,2031
39,14699,14820,9,2000,1985,2154
39,14699,14820,10,2009,1982,2273
39,14699,14820,11,2035,1986,2422
39,14699,14820,12,2056,1986,2549
39,14699,14820,13,2066,1983,2698
39,14699,14820,14,2093,1986,2075
39,14699,14820,15,1994,1985,2966
39,14699,14820,16,2119,1984,3105
39,14699,14820,17,2150,1986,3230
39,14699,14820,18,2170,1986,3352
39,14699,14820,19,2175,1985,3477
39,14699,14820,20,2188,1986,3494
39,14699,14820,21,2187,1984,2124
39,14699,14820,22,1978,1971,1990
39,14699,14820,23,1990,1983,1987
39,14699,14820,24,1989,1984,2713
39,14699,14820,25,2182,1997,3453
39,14699,14820,26,2181,1986,3443
39,14699,14820,27,2180,1986,3428
39,14699,14820,28,2171,1985,3412
39,14699,14820,29,2175,1985,3399
39,14699,14820,30,2173,1984,2116
39,14699,14820,31,2167,1988,3371
39,14699,14820,32,2168,1985,3356
39,14699,14820,33,2167,1986,3340
39,14699,14820,34,2161,1985,3325
39,14699,14820,35,2163,1985,3311
39,14699,14820,36,2161,1985,3299
39,14699,14820,37,2155,1985,3285
39,14699,14820,38,2156,1985,3271
39,14699,14820,39,2157,1984,3260
39,14699,14820,40,2150,1985,3240
39,14699,14820,41,2150,1985,3227
39,14699,14820,42,2149,1983,3212
39,14699,14820,43,2144,1986,3202
39,14699,14820,44,2144,1986,3185
39,14699,14820,45,2142,1983,3171
39,14699,14820,46,2138,1985,3156
39,14699,14820,47,2138,1986,3140
39,14699,14820,48,2137,1982,3130
39,14699,14820,49,2133,1986,3125
39,14699,14820,50,2132,1986,3097
39,14699,14820,51,2130,1982,3084
39,14699,14820,52,2128,1985,3072
39,14699,14820,53,2126,1987,3057
39,14699,14820,54,2124,1982,3049
39,14699,14820,55,2123,1986,3025
39,14699,14820,56,2121,1987,3011
39,14699,14820,57,2117,1981,3003
39,14699,14820,58,2117,1986,2988
39,14699,14820,59,2115,1987,2974
39,14699,14820,60,2110,1981,2959
39,14699,14820,61,2112,1986,2948
39,14699,14820,62,2111,1987,2929
39,14699,14820,63,2104,1981,2914
39,14699,14820,64,2106,1985,2900
39,14699,14820,65,2105,1987,2887
39,14699,14820,66,2097,1981,2872
39,14699,14820,67,2100,1986,2858
39,14699,14820,68,2100,1986,2842
39,14699,14820,69,2091,1981,2829
39,14699,14820,70,2095,1986,2814
39,14699,14820,71,2094,1986,2802
39,14699,14820,72,2085,1981,2789
39,14699,14820,73,2089,1986,2771
39,14699,14820,74,2088,1986,2758
39,14699,14820,75,2079,1982,2741
39,14699,14820,76,2084,1985,2732
39,14699,14820,77,2083,1986,2717
39,14699,14820,78,2072,1981,2700
39,14699,14820,79,2078,1985,2687
39,14699,14820,80,2076,1986,2674
39,14699,14820,81,2066,1981,2656
39,14699,14820,82,2073,1985,2645
39,14699,14820,83,2069,1985,2633
39,14699,14820,84,2060,1981,2610
39,14699,14820,85,2066,1985,2600
39,14699,14820,86,2063,1985,2588
39,14699,14820,87,2055,1982,2576
39,14699,14820,88,2061,1984,2558
39,14699,14820,89,2060,1985,2562
39,14699,14820,90,2055,1982,2573
39,14699,14820,91,2064,1984,2596
39,14699,14820,92,2066,1985,2604
39,14699,14820,93,2062,1983,2619
39,14699,14820,94,2070,1984,2634
39,14699,14820,95,2072,1985,2647
39,14699,14820,96,2065,1983,2661
39,14699,14820,97,2075,1985,2670
39,14699,14820,98,2078,1985,2691
39,14699,14820,99,2073,1983,2702
39,14699,14820,100,2081,1984,2714
39,14699,14820,101,2083,1984,2730
39,14699,14820,102,2078,1984,2744
39,14699,14820,103,2087,1984,2758
39,14699,14820,104,2089,1984,2773
39,14699,14820,105,2085,1984,2787
39,14699,14820,106,2093,1984,2801
39,14699,14820,107,2095,1985,2818
39,14699,14820,108,2091,1985,2833
39,14699,14820,109,2098,1984,2838
39,14699,14820,110,2100,1984,2860
39,14699,14820,111,2098,1985,2873
39,14699,14820,112,2103,1984,2890
39,14699,14820,113,2107,1984,2904
39,14699,14820,114,2104,1985,2915
39,14699,14820,115,2109,1985,2929
39,14699,14820,116,2113,1984,2945
39,14699,14820,117,2110,1985,2955
39,14699,14820,118,2116,1986,2974
39,14699,14820,119,2118,1983,2983
39,14699,14820,120,2117,1986,2999
39,14699,14820,121,2123,1986,3013
39,14699,14820,122,2123,1983,3030
39,14699,14820,123,2124,1986,3042
39,14699,14820,124,2126,1987,3062
39,14699,14820,125,2128,1982,3071
39,14699,14820,126,2130,1986,3087
39,14699,14820,127,2132,1988,3096
39,14699,14820,128,2134,1982,3114
39,14699,14820,129,2136,1986,3129
39,14699,14820,130,2138,1988,3139
39,14699,14820,131,2139,1982,3157
39,14699,14820,132,2142,1986,3168
39,14699,14820,133,2143,1988,3182
39,14699,14820,134,2144,1982,3201
39,14699,14820,135,2147,1986,3214
39,14699,14820,136,2151,1988,3230
39,14699,14820,137,2149,1982,3241
39,14699,14820,138,2155,1987,3255
39,14699,14820,139,2158,1987,3271
39,14699,14820,140,2155,1982,3284
39,14699,14820,141,2161,1987,3298
39,14699,14820,142,2164,1987,3314
39,14699,14820,143,2160,1983,3327
39,14699,14820,144,2167,1987,3343
39,14699,14820,145,2170,1987,3356
39,14699,14820,146,2166,1983,3371
39,14699,14820,147,2173,1987,3384
39,14699,14820,148,2175,1987,3399
39,14699,14820,149,2171,1982,3410
39,14699,14820,150,2178,1987,3426
39,14699,14820,151,2182,1987,3443
39,14699,14820,152,2177,1983,3455
39,14699,14820,153,2186,1987,3471
39,14699,14820,154,2188,1987,3477
39,14699,14820,155,2179,1983,3474
39,14699,14820,156,2186,1987,3472
39,14699,14820,157,2189,1987,3492
39,14699,14820,158,2183,1983,3499
39,14699,14820,159,2191,1987,3512
39,14699,14820,160,2192,1987,3519
39,14699,14820,161,2185,1983,3511
39,14699,14820,162,2193,1986,3451
39,14699,14820,163,2178,1986,3374
39,14699,14820,164,2155,1982,3261
39,14699,14820,165,2146,1985,3135
39,14699,14820,166,2128,1985,2998
39,14699,14820,167,2102,1982,2867
39,14699,14820,168,2092,1983,2740
39,14699,14820,169,2073,1984,2606
39,14699,14820,170,2047,1982,2466
39,14699,14820,171,2036,1982,2325
39,14699,14820,172,2019,1983,2195
39,14699,14820,173,1990,1981,2059
39,14699,14820,174,1981,1982,1930
39,14699,14820,175,1962,1981,1768
39,14699,14820,176,1936,1980,1656
39,14699,14820,177,1925,1980,1460
39,14699,14820,178,1916,1982,1462
39,14699,14820,179,1892,1980,1343
39,14699,14820,180,1884,1980,1187
39,14699,14820,181,1869,1980,1086
39,14699,14820,182,1846,1979,952
39,14699,14820,183,1837,1978,832
39,14699,14820,184,1819,1977,692
39,14699,14820,185,1800,1977,547
39,14699,14820,186,1786,1976,415
39,14699,14820,187,1772,1974,273
39,14699,14820,188,1757,1974,213
39,14699,14820,189,1760,1974,227
39,14699,14820,190,1763,1973,245
39,14699,14820,191,1761,1975,257
39,14699,14820,192,1765,1975,270
39,14699,14820,193,1768,1973,291
39,14699,14820,194,1766,1975,299
39,14699,14820,195,1770,1976,316
39,14699,14820,196,1773,1973,333
39,14699,14820,197,1772,1976,342
39,14699,14820,198,1774,1978,356
39,14699,14820,199,1777,1973,370
39,14699,14820,200,1777,1977,389
39,14699,14820,201,1779,1978,401
39,14699,14820,202,1781,1973,415
39,14699,14820,203,1782,1977,427
39,14699,14820,204,1784,1978,441
39,14699,14820,205,1785,1974,452
39,14699,14820,206,1788,1978,468
39,14699,14820,207,1789,1980,486
39,14699,14820,208,1790,1974,482
39,14699,14820,209,1793,1979,510
39,14699,14820,210,1794,1979,528
39,14699,14820,211,1794,1974,541
39,14699,14820,212,1798,1979,562
39,14699,14820,213,1800,1980,566
39,14699,14820,214,1797,1975,584
39,14699,14820,215,1803,1979,599
39,14699,14820,216,1805,1980,610
39,14699,14820,217,1801,1975,630
39,14699,14820,218,1809,1980,640
39,14699,14820,219,1811,1980,652
39,14699,14820,220,1805,1975,669
39,14699,14820,221,1814,1980,681
39,14699,14820,222,1817,1981,698
39,14699,14820,223,1811,1975,715
39,14699,14820,224,1819,1980,726
39,14699,14820,225,1821,1981,742
39,14699,14820,226,1815,1976,757
39,14699,14820,227,1824,1980,769
39,14699,14820,228,1826,1981,786
39,14699,14820,229,1821,1976,794
39,14699,14820,230,1827,1980,804
39,14699,14820,231,1831,1981,826
39,14699,14820,232,1825,1977,838
39,14699,14820,233,1834,1981,857
39,14699,14820,234,1835,1981,873
39,14699,14820,235,1830,1977,879
39,14699,14820,236,1839,1981,897
39,14699,14820,237,1841,1981,909
39,14699,14820,238,1835,1977,922
39,14699,14820,239,1845,1981,941
39,14699,14820,240,1846,1981,954
39,14699,14820,241,1841,1979,968
39,14699,14820,242,1849,1980,982
39,14699,14820,243,1851,1981,1000
39,14699,14820,244,1846,1979,1008
39,14699,14820,245,1854,1981,1026
39,14699,14820,246,1857,1981,1038
39,14699,14820,247,1852,1979,1053
39,14699,14820,248,1859,1981,1067
39,14699,14820,249,1862,1980,1076
39,14699,14820,250,1857,1979,1095
39,14699,14820,251,1866,1980,1109
39,14699,14820,252,1867,1981,1125
39,14699,14820,253,1862,1981,1138
39,14699,14820,254,1869,1980,1153
39,14699,14820,255,1872,1981,1168
39,14699,14820,256,1869,1981,1178
39,14699,14820,257,1875,1981,1195
39,14699,14820,258,1878,1981,1211
39,14699,14820,259,1874,1981,1220
39,14699,14820,260,1880,1981,1235
39,14699,14820,261,1883,1981,1253
39,14699,14820,262,1880,1981,1264
39,14699,14820,263,1885,1981,1277
39,14699,14820,264,1886,1980,1295
39,14699,14820,265,1886,1982,1311
39,14699,14820,266,1891,1982,1323
39,14699,14820,267,1891,1980,1321
39,14699,14820,268,1887,1982,1306
39,14699,14820,269,1886,1982,1291
39,14699,14820,270,1886,1979,1284
39,14699,14820,271,1882,1982,1265
39,14699,14820,272,1881,1983,1249
39,14699,14820,273,1880,1978,1239
39,14699,14820,274,1877,1981,1222
39,14699,14820,275,1876,1983,1209
39,14699,14820,276,1874,1978,1194
39,14699,14820,277,1872,1982,1180
39,14699,14820,278,1870,1983,1164
39,14699,14820,279,1868,1977,1157
39,14699,14820,280,1868,1982,1138
39,14699,14820,281,1864,1983,1124
39,14699,14820,282,1862,1977,1111
39,14699,14820,283,1862,1982,1097
39,14699,14820,284,1861,1982,1069
39,14699,14820,285,1855,1977,1069
39,14699,14820,286,1856,1981,1055
39,14699,14820,287,1856,1982,1041
39,14699,14820,288,1850,1977,1022
39,14699,14820,289,1851,1982,1010
39,14699,14820,290,1852,1982,997
39,14699,14820,291,1844,1977,984
39,14699,14820,292,1847,1981,968
39,14699,14820,293,1847,1982,956
39,14699,14820,294,1838,1976,938
39,14699,14820,295,1842,1981,922
39,14699,14820,296,1841,1981,913
39,14699,14820,297,1832,1977,894
39,14699,14820,298,1837,1981,884
39,14699,14820,299,1836,1981,867
39,14699,14820,300,1827,1976,847
39,14699,14820,301,1832,1981,840
39,14699,14820,302,1831,1981,827
39,14699,14820,303,1823,1976,812
39,14699,14820,304,1828,1980,798
39,14699,14820,305,1826,1981,784
39,14699,14820,306,1817,1976,767
39,14699,14820,307,1823,1981,750
39,14699,14820,308,1821,1981,737
39,14699,14820,309,1812,1976,730
39,14699,14820,310,1818,1980,717
39,14699,14820,311,1816,1980,696
39,14699,14820,312,1805,1976,683
39,14699,14820,313,1813,1979,669
39,14699,14820,314,1811,1979,655
39,14699,14820,315,1802,1977,639
39,14699,14820,316,1807,1978,628
39,14699,14820,317,1806,1979,613
39,14699,14820,318,1798,1976,1826
39,14699,14820,319,1802,1978,584
39,14699,14820,320,1801,1979,573
39,14699,14820,321,1792,1976,555
39,14699,14820,322,1798,1978,539
39,14699,14820,323,1796,1978,528
39,14699,14820,324,1787,1976,511
39,14699,14820,325,1793,1978,499
39,14699,14820,326,1790,1977,488
39,14699,14820,327,1784,1977,471
39,14699,14820,328,1788,1976,1810
39,14699,14820,329,1991,1995,1979
39,14699,14820,330,1979,1983,1987
39,14699,14820,331,1988,1983,1988
39,14699,14820,332,1775,1964,405
39,14699,14820,333,1775,1975,383
39,14699,14820,334,1778,1976,1800
39,14699,14820,335,1991,1995,1978
39,14699,14820,336,1980,1984,1987
39,14699,14820,337,1979,1967,328
39,14699,14820,338,1774,1974,314
39,14699,14820,339,1766,1976,301
39,14699,14820,340,1767,1975,456
39,14699,14820,341,1922,1989,1922
39,14699,14820,342,1983,1979,256
39,14699,14820,343,1756,1973,1791
39,14699,14820,344,1761,1971,230
39,14699,14820,345,1757,1975,214
39,14699,14820,346,1757,1975,198
39,14699,14820,347,1756,1971,184
39,14699,14820,348,1753,1973,172
39,14699,14820,349,1760,1976,245
39,14699,14820,350,1767,1972,1790
39,14699,14820,351,1989,1997,1983
39,14699,14820,352,1983,1986,774
39,14699,14820,353,1797,1963,640
39,14699,14820,354,1819,1981,762
39,14699,14820,355,1831,1983,884
40,14873,14994,0,1981,2019,1166
40,14873,14994,1,1873,1984,1221
40,14873,14994,2,1887,1979,1295
40,14873,14994,3,1895,1983,1379
40,14873,14994,4,1907,1984,1492
40,14873,14994,5,1923,1980,1591
40,14873,14994,6,1937,1984,1716
40,14873,14994,7,1955,1986,1850
40,14873,14994,8,1970,1981,1961
40,14873,14994,9,1989,1985,2105
40,14873,14994,10,2009,1987,2249
40,14873,14994,11,2028,1981,2386
40,14873,14994,12,2047,1986,2529
40,14873,14994,13,2065,1987,2679
40,14873,14994,14,2084,1981,2780
40,14873,14994,15,2109,1987,2947
40,14873,14994,16,2124,1988,3085
40,14873,14994,17,2142,1982,3221
40,14873,14994,18,2165,1988,3359
40,14873,14994,19,2182,1988,3482
40,14873,14994,20,2182,1982,3492
40,14873,14994,21,2188,1987,3485
40,14873,14994,22,2187,1987,3472
40,14873,14994,23,2180,1982,3479
40,14873,14994,24,2185,1987,3467
40,14873,14994,25,2184,1987,3452
40,14873,14994,26,2176,1982,3440
40,14873,14994,27,2179,1987,3424
40,14873,14994,28,2178,1987,3416
40,14873,14994,29,2169,1983,3398
40,14873,14994,30,2173,1987,3381
40,14873,14994,31,2172,1987,3367
40,14873,14994,32,2163,1983,3355
40,14873,14994,33,2167,1986,3339
40,14873,14994,34,2165,1987,3326
40,14873,14994,35,2157,1982,3310
40,14873,14994,36,2162,1987,3301
40,14873,14994,37,2159,1986,3284
40,14873,14994,38,2151,1983,3270
40,14873,14994,39,2155,1986,3256
40,14873,14994,40,2154,1986,3245
40,14873,14994,41,2145,1983,3227
40,14873,14994,42,2150,1986,3210
40,14873,14994,43,2149,1986,3199
40,14873,14994,44,2139,1983,3181
40,14873,14994,45,2144,1986,3168
40,14873,14994,46,2142,1986,3157
40,14873,14994,47,2133,1983,3140
40,14873,14994,48,2138,1985,3127
40,14873,14994,49,2136,1986,3113
40,14873,14994,50,2127,1984,3100
40,14873,14994,51,2132,1985,3084
40,14873,14994,52,2132,1985,3070
40,14873,14994,53,2123,1984,3056
40,14873,14994,54,2126,1985,3043
40,14873,14994,55,2125,1985,3027
40,14873,14994,56,2119,1984,3012
40,14873,14994,57,2121,1985,2999
40,14873,14994,58,2118,1985,2986
40,14873,14994,59,2109,1984,2969
40,14873,14994,60,2113,1984,2958
40,14873,14994,61,2113,1985,2947
40,14873,14994,62,2105,1985,2926
40,14873,14994,63,2107,1985,2916
40,14873,14994,64,2106,1984,2902
40,14873,14994,65,2100,1985,2886
40,14873,14994,66,2101,1984,2869
40,14873,14994,67,2101,1984,2859
40,14873,14994,68,2094,1985,2847
40,14873,14994,69,2095,1984,2829
40,14873,14994,70,2094,1983,2815
40,14873,14994,71,2089,1985,2802
40,14873,14994,72,2090,1985,2781
40,14873,14994,73,2088,1983,2776
40,14873,14994,74,2084,1985,2756
40,14873,14994,75,2082,1985,2745
40,14873,14994,76,2081,1982,2737
40,14873,14994,77,2079,1985,2714
40,14873,14994,78,2076,1985,2709
40,14873,14994,79,2075,1981,2683
40,14873,14994,80,2072,1985,2672
40,14873,14994,81,2071,1986,2655
40,14873,14994,82,2070,1981,2645
40,14873,14994,83,2068,1985,2633
40,14873,14994,84,2065,1986,2618
40,14873,14994,85,2063,1981,2605
40,14873,14994,86,2062,1985,2592
40,14873,14994,87,2060,1986,2573
40,14873,14994,88,2056,1981,2559
40,14873,14994,89,2059,1985,2560
40,14873,14994,90,2060,1986,2575
40,14873,14994,91,2059,1981,2590
40,14873,14994,92,2065,1985,2607
40,14873,14994,93,2067,1987,2618
40,14873,14994,94,2065,1981,2631
40,14873,14994,95,2071,1986,2643
40,14873,14994,96,2073,1986,2657
40,14873,14994,97,2070,1981,2675
40,14873,14994,98,2077,1985,2685
40,14873,14994,99,2080,1986,2703
40,14873,14994,100,2076,1982,2719
40,14873,14994,101,2083,1985,2729
40,14873,14994,102,2087,1986,2741
40,14873,14994,103,2081,1981,2758
40,14873,14994,104,2089,1986,2773
40,14873,14994,105,2093,1986,2785
40,14873,14994,106,2086,1982,2803
40,14873,14994,107,2095,1986,2812
40,14873,14994,108,2097,1985,2832
40,14873,14994,109,2092,1982,2846
40,14873,14994,110,2100,1985,2858
40,14873,14994,111,2103,1986,2875
40,14873,14994,112,2098,1982,2886
40,14873,14994,113,2107,1986,2901
40,14873,14994,114,2109,1986,2916
40,14873,14994,115,2105,1982,2927
40,14873,14994,116,2113,1986,2944
40,14873,14994,117,2115,1986,2958
40,14873,14994,118,2108,1982,2968
40,14873,14994,119,2118,1985,2984
40,14873,14994,120,2119,1985,3001
40,14873,14994,121,2115,1984,3008
40,14873,14994,122,2124,1985,3031
40,14873,14994,123,2126,1985,3043
40,14873,14994,124,2121,1984,3057
40,14873,14994,125,2130,1985,3070
40,14873,14994,126,2132,1986,3086
40,14873,14994,127,2128,1984,3098
40,14873,14994,128,2136,1985,3119
40,14873,14994,129,2138,1985,3129
40,14873,14994,130,2133,1985,3164
40,14873,14994,131,2141,1985,3150
40,14873,14994,132,2144,1986,3172
40,14873,14994,133,2141,1985,3181
40,14873,14994,134,2146,1986,3201
40,14873,14994,135,2149,1985,3211
40,14873,14994,136,2147,1986,3224
40,14873,14994,137,2152,1985,3249
40,14873,14994,138,2155,1985,3255
40,14873,14994,139,2154,1986,3266
40,14873,14994,140,2158,1985,3286
40,14873,14994,141,2161,1985,3302
40,14873,14994,142,2159,1986,3310
40,14873,14994,143,2163,1985,3326
40,14873,14994,144,2167,1984,3340
40,14873,14994,145,2165,1986,3358
40,14873,14994,146,2170,1986,3370
40,14873,14994,147,2173,1984,3387
40,14873,14994,148,2172,1987,3394
40,14873,14994,149,2177,1987,3411
40,14873,14994,150,2179,1984,3426
40,14873,14994,151,2179,1987,3442
40,14873,14994,152,2181,1988,3455
40,14873,14994,153,2184,1983,3462
40,14873,14994,154,2183,1987,3475
40,14873,14994,155,2184,1988,3473
40,14873,14994,156,2184,1983,3473
40,14873,14994,157,2184,1987,3493
40,14873,14994,158,2189,1988,3498
40,14873,14994,159,2190,1982,3513
40,14873,14994,160,2192,1987,3521
40,14873,14994,161,2190,1988,3511
40,14873,14994,162,2188,1982,3457
40,14873,14994,163,2174,1986,3365
40,14873,14994,164,2159,1987,3273
40,14873,14994,165,2141,1981,3151
40,14873,14994,166,2130,1985,3024
40,14873,14994,167,2112,1986,2884
40,14873,14994,168,2092,1981,2796
40,14873,14994,169,2078,1984,2661
40,14873,14994,170,2063,1985,2542
40,14873,14994,171,2044,1979,2431
40,14873,14994,172,2027,1984,2277
40,14873,14994,173,2012,1984,2158
40,14873,14994,174,1988,1978,2038
40,14873,14994,175,1974,1983,1884
40,14873,14994,176,1952,1983,1753
40,14873,14994,177,1929,1977,1610
40,14873,14994,178,1925,1982,1524
40,14873,14994,179,1910,1981,1402
40,14873,14994,180,1883,1977,1244
40,14873,14994,181,1872,1980,1119
40,14873,14994,182,1857,1980,985
40,14873,14994,183,1831,1975,836
40,14873,14994,184,1822,1979,709
40,14873,14994,185,1809,1978,568
40,14873,14994,186,1783,1972,404
40,14873,14994,187,1773,1976,300
40,14873,14994,188,1760,1974,214
40,14873,14994,189,1756,1972,229
40,14873,14994,190,1764,1975,242
40,14873,14994,191,1766,1976,258
40,14873,14994,192,1760,1973,271
40,14873,14994,193,1769,1975,286
40,14873,14994,194,1770,1976,302
40,14873,14994,195,1765,1974,315
40,14873,14994,196,1774,1976,333
40,14873,14994,197,1775,1976,344
40,14873,14994,198,1770,1975,355
40,14873,14994,199,1778,1976,371
40,14873,14994,200,1779,1977,386
40,14873,14994,201,1775,1975,399
40,14873,14994,202,1783,1977,416
40,14873,14994,203,1785,1977,430
40,14873,14994,204,1780,1976,440
40,14873,14994,205,1788,1976,458
40,14873,14994,206,1790,1977,473
40,14873,14994,207,1785,1977,484
40,14873,14994,208,1791,1977,498
40,14873,14994,209,1794,1978,517
40,14873,14994,210,1791,1977,526
40,14873,14994,211,1797,1977,541
40,14873,14994,212,1799,1978,554
40,14873,14994,213,1796,1978,568
40,14873,14994,214,1801,1978,584
40,14873,14994,215,1803,1978,596
40,14873,14994,216,1801,1979,612
40,14873,14994,217,1805,1978,630
40,14873,14994,218,1808,1977,647
40,14873,14994,219,1807,1979,656
40,14873,14994,220,1809,1978,667
40,14873,14994,221,1813,1977,683
40,14873,14994,222,1811,1979,695
40,14873,14994,223,1815,1980,709
40,14873,14994,224,1817,1977,731
40,14873,14994,225,1817,1979,745
40,14873,14994,226,1820,1980,755
40,14873,14994,227,1822,1976,767
40,14873,14994,228,1823,1980,782
40,14873,14994,229,1826,1981,793
40,14873,14994,230,1827,1976,810
40,14873,14994,231,1828,1980,824
40,14873,14994,232,1830,1982,843
40,14873,14994,233,1831,1976,855
40,14873,14994,234,1833,1980,866
40,14873,14994,235,1835,1982,879
40,14873,14994,236,1835,1977,899
40,14873,14994,237,1838,1981,906
40,14873,14994,238,1841,1982,923
40,14873,14994,239,1840,1977,939
40,14873,14994,240,1845,1981,1864
40,14873,14994,241,1989,1982,968
40,14873,14994,242,1841,1977,984
40,14873,14994,243,1850,1981,993
40,14873,14994,244,1853,1982,1010
40,14873,14994,245,1848,1977,1025
40,14873,14994,246,1856,1981,1038
40,14873,14994,247,1859,1982,1053
40,14873,14994,248,1854,1977,1067
40,14873,14994,249,1861,1982,1080
40,14873,14994,250,1864,1982,1096
40,14873,14994,251,1859,1977,1114
40,14873,14994,252,1867,1982,1124
40,14873,14994,253,1870,1983,1884
40,14873,14994,254,1981,1987,1983
40,14873,14994,255,1987,1984,1985
40,14873,14994,256,1989,1985,1202
40,14873,14994,257,1866,1971,1194
40,14873,14994,258,1878,1981,1482
40,14873,14994,259,1980,1990,1975
40,14873,14994,260,1974,1974,1237
40,14873,14994,261,1885,1981,1896
40,14873,14994,262,1991,1990,1983
40,14873,14994,263,1975,1974,1280
40,14873,14994,264,1890,1981,1294
40,14873,14994,265,1889,1982,1309
40,14873,14994,266,1885,1979,1321
40,14873,14994,267,1892,1982,1323
40,14873,14994,268,1890,1982,1307
40,14873,14994,269,1881,1980,1903
40,14873,14994,270,1989,1989,1984
40,14873,14994,271,1989,1984,1646
40,14873,14994,272,1874,1973,1600
40,14873,14994,273,1984,1988,1978
40,14873,14994,274,1989,1984,1984
40,14873,14994,275,1980,1981,1987
40,14873,14994,276,1988,1983,1556
40,14873,14994,277,1871,1974,1183
40,14873,14994,278,1866,1979,1160
40,14873,14994,279,1871,1980,1151
40,14873,14994,280,1869,1981,1139
40,14873,14994,281,1861,1980,1132
40,14873,14994,282,1868,1980,1885
40,14873,14994,283,1990,1990,1981
40,14873,14994,284,1981,1984,1987
40,14873,14994,285,1986,1982,1988
40,14873,14994,286,1855,1973,1051
40,14873,14994,287,1851,1981,1060
40,14873,14994,288,1853,1980,1017
40,14873,14994,289,1852,1980,1012
40,14873,14994,290,1846,1980,998
40,14873,14994,291,1848,1980,982
40,14873,14994,292,1846,1979,971
40,14873,14994,293,1842,1980,953
40,14873,14994,294,1842,1980,937
40,14873,14994,295,1842,1978,927
40,14873,14994,296,1837,1980,911
40,14873,14994,297,1836,1980,891
40,14873,14994,298,1836,1978,882
40,14873,14994,299,1832,1980,869
40,14873,14994,300,1831,1981,853
40,14873,14994,301,1831,1977,841
40,14873,14994,302,1828,1980,821
40,14873,14994,303,1827,1981,811
40,14873,14994,304,1826,1976,798
40,14873,14994,305,1823,1980,784
40,14873,14994,306,1822,1981,762
40,14873,14994,307,1820,1976,754
40,14873,14994,308,1819,1979,738
40,14873,14994,309,1816,1981,728
40,14873,14994,310,1814,1975,712
40,14873,14994,311,1814,1979,697
40,14873,14994,312,1812,1981,684
40,14873,14994,313,1809,1975,669
40,14873,14994,314,1809,1980,652
40,14873,14994,315,1808,1980,641
40,14873,14994,316,1802,1975,632
40,14873,14994,317,1805,1979,610
40,14873,14994,318,1804,1980,600
40,14873,14994,319,1797,1975,584
40,14873,14994,320,1800,1979,569
40,14873,14994,321,1798,1979,555
40,14873,14994,322,1792,1975,543
40,14873,14994,323,1795,1978,529
40,14873,14994,324,1794,1979,514
40,14873,14994,325,1786,1974,495
40,14873,14994,326,1791,1978,484
40,14873,14994,327,1789,1978,472
40,14873,14994,328,1782,1973,456
40,14873,14994,329,1786,1978,442
40,14873,14994,330,1784,1978,427
40,14873,14994,331,1776,1974,413
40,14873,14994,332,1782,1977,400
40,14873,14994,333,1780,1977,393
40,14873,14994,334,1772,1973,369
40,14873,14994,335,1777,1977,360
40,14873,14994,336,1775,1977,345
40,14873,14994,337,1766,1973,319
40,14873,14994,338,1772,1976,314
40,14873,14994,339,1771,1976,301
40,14873,14994,340,1761,1973,285
40,14873,14994,341,1767,1976,270
40,14873,14994,342,1766,1976,258
40,14873,14994,343,1757,1972,243
40,14873,14994,344,1763,1975,225
40,14873,14994,345,1761,1975,217
40,14873,14994,346,1752,1973,203
40,14873,14994,347,1760,1974,187
40,14873,14994,348,1757,1974,1234
40,14873,14994,349,1975,1995,1975
40,14873,14994,350,1986,1984,1985
40,14873,14994,351,1987,1965,390
40,14873,14994,352,1782,1976,485
40,14873,14994,353,1801,1979,607
40,14873,14994,354,1819,1980,755
40,14873,14994,355,1824,1980,861
41,15053,15174,0,1990,2027,1889
41,15053,15174,1,1980,1979,1240
41,15053,15174,2,1888,1983,1344
41,15053,15174,3,1901,1985,1441
41,15053,15174,4,1912,1979,1529
41,15053,15174,5,1927,1984,1649
41,15053,15174,6,1945,1985,1767
41,15053,15174,7,1960,1980,1874
41,15053,15174,8,1979,1985,1986
41,15053,15174,9,2001,1986,2122
41,15053,15174,10,2006,1981,2236
41,15053,15174,11,2026,1986,2391
41,15053,15174,12,2046,1986,2034
41,15053,15174,13,2060,1982,2644
41,15053,15174,14,2084,1986,2775
41,15053,15174,15,2104,1987,2923
41,15053,15174,16,2117,1983,3061
41,15053,15174,17,2139,1987,3194
41,15053,15174,18,2163,1988,3337
41,15053,15174,19,2178,1983,3478
41,15053,15174,20,2188,1987,3488
41,15053,15174,21,2186,1986,3474
41,15053,15174,22,2179,1982,3473
41,15053,15174,23,2186,1987,3475
41,15053,15174,24,2184,1987,3470
41,15053,15174,25,2176,1983,3455
41,15053,15174,26,2181,1986,3440
41,15053,15174,27,2180,1986,3426
41,15053,15174,28,2170,1983,3415
41,15053,15174,29,2175,1986,3400
41,15053,15174,30,2174,1986,3385
41,15053,15174,31,2165,1983,3366
41,15053,15174,32,2169,1986,3353
41,15053,15174,33,2167,1986,3344
41,15053,15174,34,2159,1984,3321
41,15053,15174,35,2164,1986,3316
41,15053,15174,36,2162,1986,3299
41,15053,15174,37,2153,1984,3282
41,15053,15174,38,2158,1986,3273
41,15053,15174,39,2156,1985,3258
41,15053,15174,40,2147,1984,3242
41,15053,15174,41,2152,1985,3229
41,15053,15174,42,2150,1985,3215
41,15053,15174,43,2141,1984,3199
41,15053,15174,44,2146,1985,3187
41,15053,15174,45,2144,1986,3171
41,15053,15174,46,2136,1985,3157
41,15053,15174,47,2140,1985,3143
41,15053,15174,48,2138,1985,3128
41,15053,15174,49,2132,1985,3114
41,15053,15174,50,2133,1984,3093
41,15053,15174,51,2131,1985,3086
41,15053,15174,52,2125,1985,3070
41,15053,15174,53,2128,1984,3057
41,15053,15174,54,2126,1984,3044
41,15053,15174,55,2120,1985,3028
41,15053,15174,56,2121,1984,3010
41,15053,15174,57,2119,1983,2993
41,15053,15174,58,2115,1985,2984
41,15053,15174,59,2115,1985,2971
41,15053,15174,60,2113,1983,2960
41,15053,15174,61,2109,1985,2943
41,15053,15174,62,2108,1985,2926
41,15053,15174,63,2107,1982,2916
41,15053,15174,64,2104,1985,2898
41,15053,15174,65,2103,1986,2882
41,15053,15174,66,2101,1982,2872
41,15053,15174,67,2098,1985,2857
41,15053,15174,68,2097,1986,2842
41,15053,15174,69,2096,1982,2826
41,15053,15174,70,2092,1985,2813
41,15053,15174,71,2091,1986,2801
41,15053,15174,72,2088,1981,2788
41,15053,15174,73,2088,1985,2772
41,15053,15174,74,2085,1987,2760
41,15053,15174,75,2082,1981,2746
41,15053,15174,76,2082,1985,2731
41,15053,15174,77,2080,1986,2718
41,15053,15174,78,2076,1981,2699
41,15053,15174,79,2076,1985,2689
41,15053,15174,80,2075,1987,2672
41,15053,15174,81,2069,1981,2661
41,15053,15174,82,2071,1985,2645
41,15053,15174,83,2069,1986,2630
41,15053,15174,84,2062,1981,2617
41,15053,15174,85,2067,1985,2604
41,15053,15174,86,2064,1986,2592
41,15053,15174,87,2055,1981,2571
41,15053,15174,88,2059,1985,2559
41,15053,15174,89,2060,1986,2563
41,15053,15174,90,2056,1981,2575
41,15053,15174,91,2063,1986,2590
41,15053,15174,92,2066,1986,2603
41,15053,15174,93,2061,1981,2618
41,15053,15174,94,2069,1985,2629
41,15053,15174,95,2072,1986,2649
41,15053,15174,96,2067,1981,2662
41,15053,15174,97,2076,1985,2675
41,15053,15174,98,2078,1986,2688
41,15053,15174,99,2073,1982,2701
41,15053,15174,100,2080,1985,2715
41,15053,15174,101,2084,1986,2736
41,15053,15174,102,2078,1982,2744
41,15053,15174,103,2089,1986,2760
41,15053,15174,104,2090,1986,2772
41,15053,15174,105,2084,1982,2788
41,15053,15174,106,2093,1985,2803
41,15053,15174,107,2095,1985,2816
41,15053,15174,108,2091,1983,2828
41,15053,15174,109,2099,1985,2845
41,15053,15174,110,2101,1985,2860
41,15053,15174,111,2096,1983,2873
41,15053,15174,112,2105,1985,2888
41,15053,15174,113,2108,1986,2903
41,15053,15174,114,2102,1984,2914
41,15053,15174,115,2111,1985,2928
41,15053,15174,116,2113,1985,2946
41,15053,15174,117,2107,1983,2959
41,15053,15174,118,2118,1984,2973
41,15053,15174,119,2118,1985,2979
41,15053,15174,120,2115,1985,2994
41,15053,15174,121,2121,1985,3017
41,15053,15174,122,2124,1985,3030
41,15053,15174,123,2121,1985,3042
41,15053,15174,124,2127,1985,3055
41,15053,15174,125,2130,1985,3071
41,15053,15174,126,2127,1985,3084
41,15053,15174,127,2133,1985,3101
41,15053,15174,128,2136,1985,3116
41,15053,15174,129,2132,1985,3130
41,15053,15174,130,2138,1985,3140
41,15053,15174,131,2142,1984,3158
41,15053,15174,132,2140,1986,3173
41,15053,15174,133,2144,1985,3184
41,15053,15174,134,2147,1984,3202
41,15053,15174,135,2146,1986,3215
41,15053,15174,136,2151,1987,3253
41,15053,15174,137,2152,1983,3242
41,15053,15174,138,2153,1986,3256
41,15053,15174,139,2156,1987,3272
41,15053,15174,140,2158,1983,3288
41,15053,15174,141,2158,1986,3300
41,15053,15174,142,2162,1988,3313
41,15053,15174,143,2164,1983,3330
41,15053,15174,144,2166,1987,3326
41,15053,15174,145,2166,1988,3360
41,15053,15174,146,2169,1982,3372
41,15053,15174,147,2172,1986,3386
41,15053,15174,148,2173,1988,3394
41,15053,15174,149,2174,1982,3412
41,15053,15174,150,2179,1987,3427
41,15053,15174,151,2180,1988,3437
41,15053,15174,152,2180,1983,3455
41,15053,15174,153,2184,1987,3469
41,15053,15174,154,2186,1988,3477
41,15053,15174,155,2182,1982,3473
41,15053,15174,156,2185,1987,3473
41,15053,15174,157,2187,1988,3496
41,15053,15174,158,2184,1983,3500
41,15053,15174,159,2191,1987,3513
41,15053,15174,160,2193,1988,3517
41,15053,15174,161,2187,1983,3509
41,15053,15174,162,2185,1987,3426
41,15053,15174,163,2169,1987,3336
41,15053,15174,164,2158,1981,3233
41,15053,15174,165,2140,1986,3125
41,15053,15174,166,2128,1986,3009
41,15053,15174,167,2106,1981,2895
41,15053,15174,168,2095,1984,2765
41,15053,15174,169,2080,1985,2650
41,15053,15174,170,2056,1980,2516
41,15053,15174,171,2043,1984,2386
41,15053,15174,172,2025,1984,2260
41,15053,15174,173,1996,1979,2083
41,15053,15174,174,1985,1983,1969
41,15053,15174,175,1968,1983,1830
41,15053,15174,176,1939,1978,1685
41,15053,15174,177,1928,1982,1552
41,15053,15174,178,1919,1982,1483
41,15053,15174,179,1894,1978,1370
41,15053,15174,180,1889,1980,1255
41,15053,15174,181,1875,1981,1138
41,15053,15174,182,1852,1978,1006
41,15053,15174,183,1845,1979,881
41,15053,15174,184,1828,1979,749
41,15053,15174,185,1820,1977,625
41,15053,15174,186,1797,1977,478
41,15053,15174,187,1782,1976,335
41,15053,15174,188,1757,1972,213
41,15053,15174,189,1763,1974,229
41,15053,15174,190,1764,1975,243
41,15053,15174,191,1759,1974,258
41,15053,15174,192,1767,1975,269
41,15053,15174,193,1769,1975,288
41,15053,15174,194,1765,1975,301
41,15053,15174,195,1771,1975,315
41,15053,15174,196,1773,1975,329
41,15053,15174,197,1770,1975,347
41,15053,15174,198,1776,1976,358
41,15053,15174,199,1779,1976,371
41,15053,15174,200,1775,1976,385
41,15053,15174,201,1779,1976,398
41,15053,15174,202,1782,1976,417
41,15053,15174,203,1780,1976,429
41,15053,15174,204,1785,1976,444
41,15053,15174,205,1787,1977,457
41,15053,15174,206,1785,1977,472
41,15053,15174,207,1789,1977,480
41,15053,15174,208,1791,1976,501
41,15053,15174,209,1791,1978,509
41,15053,15174,210,1795,1978,523
41,15053,15174,211,1797,1975,539
41,15053,15174,212,1796,1979,555
41,15053,15174,213,1799,1979,571
41,15053,15174,214,1801,1975,589
41,15053,15174,215,1801,1979,599
41,15053,15174,216,1803,1979,612
41,15053,15174,217,1805,1975,1826
41,15053,15174,218,1988,1995,1984
41,15053,15174,219,1983,1975,661
41,15053,15174,220,1807,1974,670
41,15053,15174,221,1812,1979,685
41,15053,15174,222,1813,1982,699
41,15053,15174,223,1815,1975,716
41,15053,15174,224,1817,1980,726
41,15053,15174,225,1818,1981,743
41,15053,15174,226,1818,1975,1837
41,15053,15174,227,1983,1983,765
41,15053,15174,228,1825,1981,781
41,15053,15174,229,1822,1976,796
41,15053,15174,230,1828,1980,811
41,15053,15174,231,1830,1981,823
41,15053,15174,232,1826,1976,843
41,15053,15174,233,1832,1981,852
41,15053,15174,234,1836,1982,868
41,15053,15174,235,1832,1976,882
41,15053,15174,236,1838,1981,896
41,15053,15174,237,1840,1982,1859
41,15053,15174,238,1981,1988,1290
41,15053,15174,239,1839,1972,1861
41,15053,15174,240,1848,1981,950
41,15053,15174,241,1841,1977,971
41,15053,15174,242,1849,1981,979
41,15053,15174,243,1851,1982,995
41,15053,15174,244,1846,1977,1009
41,15053,15174,245,1855,1982,1025
41,15053,15174,246,1857,1982,1035
41,15053,15174,247,1851,1978,1052
41,15053,15174,248,1860,1982,1068
41,15053,15174,249,1861,1982,1877
41,15053,15174,250,1981,1988,1984
41,15053,15174,251,1987,1984,1986
41,15053,15174,252,1989,1984,1985
41,15053,15174,253,1858,1971,1138
41,15053,15174,254,1871,1980,1153
41,15053,15174,255,1873,1982,1167
41,15053,15174,256,1868,1979,1179
41,15053,15174,257,1876,1981,1195
41,15053,15174,258,1878,1982,1210
41,15053,15174,259,1873,1979,1221
41,15053,15174,260,1881,1982,1237
41,15053,15174,261,1883,1981,1250
41,15053,15174,262,1878,1980,1263
41,15053,15174,263,1887,1982,1280
41,15053,15174,264,1888,1982,1294
41,15053,15174,265,1883,1980,1307
41,15053,15174,266,1892,1982,1322
41,15053,15174,267,1892,1982,1326
41,15053,15174,268,1883,1980,1307
41,15053,15174,269,1888,1981,1293
41,15053,15174,270,1886,1981,1279
41,15053,15174,271,1878,1980,1264
41,15053,15174,272,1883,1980,1237
41,15053,15174,273,1881,1981,1241
41,15053,15174,274,1874,1981,1222
41,15053,15174,275,1877,1981,1213
41,15053,15174,276,1877,1981,1196
41,15053,15174,277,1870,1981,1174
41,15053,15174,278,1872,1980,1164
41,15053,15174,279,1869,1980,1153
41,15053,15174,280,1864,1981,1137
41,15053,15174,281,1865,1980,1118
41,15053,15174,282,1864,1979,1109
41,15053,15174,283,1859,1981,1092
41,15053,15174,284,1860,1981,1081
41,15053,15174,285,1859,1978,1067
41,15053,15174,286,1854,1982,1052
41,15053,15174,287,1854,1982,1035
41,15053,15174,288,1853,1978,1021
41,15053,15174,289,1850,1981,1012
41,15053,15174,290,1850,1982,994
41,15053,15174,291,1848,1977,982
41,15053,15174,292,1846,1981,967
41,15053,15174,293,1843,1982,955
41,15053,15174,294,1842,1977,937
41,15053,15174,295,1840,1981,927
41,15053,15174,296,1838,1982,910
41,15053,15174,297,1836,1977,896
41,15053,15174,298,1836,1981,885
41,15053,15174,299,1833,1982,866
41,15053,15174,300,1830,1977,849
41,15053,15174,301,1832,1981,836
41,15053,15174,302,1829,1982,825
41,15053,15174,303,1825,1976,807
41,15053,15174,304,1826,1981,799
41,15053,15174,305,1825,1982,786
41,15053,15174,306,1819,1976,768
41,15053,15174,307,1822,1980,755
41,15053,15174,308,1820,1981,1840
41,15053,15174,309,1983,1979,725
41,15053,15174,310,1812,1979,712
41,15053,15174,311,1817,1980,699
41,15053,15174,312,1808,1975,682
41,15053,15174,313,1812,1979,668
41,15053,15174,314,1811,1980,653
41,15053,15174,315,1803,1975,645
41,15053,15174,316,1808,1979,634
41,15053,15174,317,1806,1979,614
41,15053,15174,318,1797,1975,598
41,15053,15174,319,1803,1979,583
41,15053,15174,320,1801,1979,565
41,15053,15174,321,1793,1975,554
41,15053,15174,322,1797,1978,541
41,15053,15174,323,1797,1978,527
41,15053,15174,324,1788,1975,515
41,15053,15174,325,1793,1978,501
41,15053,15174,326,1792,1978,473
41,15053,15174,327,1783,1975,470
41,15053,15174,328,1788,1978,458
41,15053,15174,329,1787,1978,442
41,15053,15174,330,1778,1974,430
41,15053,15174,331,1783,1976,410
41,15053,15174,332,1781,1977,400
41,15053,15174,333,1773,1974,386
41,15053,15174,334,1778,1976,370
41,15053,15174,335,1777,1976,358
41,15053,15174,336,1768,1974,342
41,15053,15174,337,1773,1975,328
41,15053,15174,338,1772,1976,316
41,15053,15174,339,1764,1974,301
41,15053,15174,340,1769,1975,284
41,15053,15174,341,1767,1975,271
41,15053,15174,342,1759,1973,250
41,15053,15174,343,1765,1974,240
41,15053,15174,344,1762,1974,231
41,15053,15174,345,1754,1973,216
41,15053,15174,346,1759,1974,203
41,15053,15174,347,1758,1974,189
41,15053,15174,348,1750,1973,174
41,15053,15174,349,1762,1974,240
41,15053,15174,350,1770,1975,323
41,15053,15174,351,1775,1977,395
41,15053,15174,352,1788,1977,495
41,15053,15174,353,1801,1978,595
41,15053,15174,354,1809,1980,716
41,15053,15174,355,1827,1980,835
42,15227,15348,0,1981,2022,1184
42,15227,15348,1,1878,1982,1255
42,15227,15348,2,1887,1982,1329
42,15227,15348,3,1897,1982,1420
42,15227,15348,4,1914,1982,1530
42,15227,15348,5,1930,1983,1634
42,15227,15348,6,1941,1983,1757
42,15227,15348,7,1960,1983,1885
42,15227,15348,8,1978,1982,2015
42,15227,15348,9,1998,1984,2155
42,15227,15348,10,2017,1986,2317
42,15227,15348,11,2037,1983,2456
42,15227,15348,12,2056,1985,2598
42,15227,15348,13,2084,1986,2762
42,15227,15348,14,2099,1983,2889
42,15227,15348,15,2116,1987,3023
42,15227,15348,16,2133,1987,3156
42,15227,15348,17,2162,1983,3302
42,15227,15348,18,2171,1987,3436
42,15227,15348,19,2187,1987,3500
42,15227,15348,20,2188,1982,3492
42,15227,15348,21,2184,1986,3472
42,15227,15348,22,2184,1987,3472
42,15227,15348,23,2185,1982,3475
42,15227,15348,24,2183,1987,3470
42,15227,15348,25,2182,1988,3454
42,15227,15348,26,2178,1982,3442
42,15227,15348,27,2178,1986,3426
42,15227,15348,28,2176,1988,3409
42,15227,15348,29,2171,1982,3398
42,15227,15348,30,2173,1986,3383
42,15227,15348,31,2172,1987,3367
42,15227,15348,32,2164,1982,3353
42,15227,15348,33,2166,1986,3341
42,15227,15348,34,2166,1987,3331
42,15227,15348,35,2159,1982,3313
42,15227,15348,36,2160,1986,3298
42,15227,15348,37,2158,1987,3286
42,15227,15348,38,2152,1982,3271
42,15227,15348,39,2156,1987,3254
42,15227,15348,40,2154,1987,3241
42,15227,15348,41,2146,1982,3228
42,15227,15348,42,2150,1986,3213
42,15227,15348,43,2149,1986,3200
42,15227,15348,44,2139,1982,3184
42,15227,15348,45,2145,1986,3170
42,15227,15348,46,2142,1987,3158
42,15227,15348,47,2133,1982,3140
42,15227,15348,48,2138,1986,3125
42,15227,15348,49,2135,1986,3112
42,15227,15348,50,2126,1982,3102
42,15227,15348,51,2132,1986,3085
42,15227,15348,52,2130,1986,3075
42,15227,15348,53,2121,1982,3055
42,15227,15348,54,2127,1986,3046
42,15227,15348,55,2125,1986,3030
42,15227,15348,56,2116,1982,3015
42,15227,15348,57,2120,1985,2999
42,15227,15348,58,2118,1985,2984
42,15227,15348,59,2109,1983,2971
42,15227,15348,60,2114,1985,2956
42,15227,15348,61,2113,1985,2946
42,15227,15348,62,2104,1983,2930
42,15227,15348,63,2109,1984,2913
42,15227,15348,64,2107,1985,2902
42,15227,15348,65,2098,1983,2886
42,15227,15348,66,2103,1984,2874
42,15227,15348,67,2100,1985,2858
42,15227,15348,68,2092,1983,2843
42,15227,15348,69,2097,1983,2827
42,15227,15348,70,2095,1985,2818
42,15227,15348,71,2087,1984,2803
42,15227,15348,72,2090,1984,2778
42,15227,15348,73,2089,1985,2774
42,15227,15348,74,2082,1985,2758
42,15227,15348,75,2083,1984,2744
42,15227,15348,76,2083,1984,2731
42,15227,15348,77,2075,1984,2713
42,15227,15348,78,2079,1984,2695
42,15227,15348,79,2077,1984,2690
42,15227,15348,80,2071,1984,2671
42,15227,15348,81,2072,1983,2657
42,15227,15348,82,2070,1983,2646
42,15227,15348,83,2065,1984,2626
42,15227,15348,84,2066,1984,2614
42,15227,15348,85,2065,1982,2599
42,15227,15348,86,2061,1985,2588
42,15227,15348,87,2060,1985,2575
42,15227,15348,88,2059,1981,2560
42,15227,15348,89,2057,1985,2561
42,15227,15348,90,2060,1986,2575
42,15227,15348,91,2063,1981,2586
42,15227,15348,92,2064,1985,2601
42,15227,15348,93,2066,1986,2620
42,15227,15348,94,2067,1981,2632
42,15227,15348,95,2070,1985,2645
42,15227,15348,96,2071,1987,2660
42,15227,15348,97,2073,1981,2677
42,15227,15348,98,2075,1986,2688
42,15227,15348,99,2077,1987,2701
42,15227,15348,100,2079,1981,2717
42,15227,15348,101,2082,1985,2730
42,15227,15348,102,2085,1986,2742
42,15227,15348,103,2083,1981,2749
42,15227,15348,104,2088,1986,2775
42,15227,15348,105,2090,1987,2789
42,15227,15348,106,2088,1981,2800
42,15227,15348,107,2094,1986,2817
42,15227,15348,108,2096,1986,2831
42,15227,15348,109,2093,1981,2845
42,15227,15348,110,2100,1985,2858
42,15227,15348,111,2098,1986,2872
42,15227,15348,112,2097,1981,2888
42,15227,15348,113,2107,1986,2901
42,15227,15348,114,2109,1986,2913
42,15227,15348,115,2104,1982,2928
42,15227,15348,116,2112,1986,2942
42,15227,15348,117,2114,1987,2956
42,15227,15348,118,2110,1981,2964
42,15227,15348,119,2118,1985,2983
42,15227,15348,120,2121,1986,2999
42,15227,15348,121,2115,1982,3012
42,15227,15348,122,2124,1986,3027
42,15227,15348,123,2127,1987,3041
42,15227,15348,124,2121,1982,3054
42,15227,15348,125,2130,1987,3071
42,15227,15348,126,2132,1986,3088
42,15227,15348,127,2127,1983,3099
42,15227,15348,128,2136,1986,3116
42,15227,15348,129,2137,1986,2111
42,15227,15348,130,2133,1984,3141
42,15227,15348,131,2142,1986,3158
42,15227,15348,132,2143,1986,3171
42,15227,15348,133,2140,1984,3186
42,15227,15348,134,2148,1986,3209
42,15227,15348,135,2151,1986,3213
42,15227,15348,136,2145,1984,3227
42,15227,15348,137,2155,1986,3239
42,15227,15348,138,2156,1986,3258
42,15227,15348,139,2151,1984,3269
42,15227,15348,140,2160,1986,3285
42,15227,15348,141,2161,1986,3297
42,15227,15348,142,2157,1984,2114
42,15227,15348,143,1985,1973,1990
42,15227,15348,144,1990,1983,3339
42,15227,15348,145,2165,1989,2117
42,15227,15348,146,2172,1987,3367
42,15227,15348,147,2173,1986,3385
42,15227,15348,148,2167,1984,2122
42,15227,15348,149,1986,1972,1991
42,15227,15348,150,1989,1982,1983
42,15227,15348,151,1982,1999,3438
42,15227,15348,152,2185,1985,3454
42,15227,15348,153,2185,1985,3473
42,15227,15348,154,2182,1986,3475
42,15227,15348,155,2185,1985,3473
42,15227,15348,156,2185,1985,3473
42,15227,15348,157,2185,1987,3486
42,15227,15348,158,2189,1987,3495
42,15227,15348,159,2190,1985,3512
42,15227,15348,160,2189,1986,3517
42,15227,15348,161,2191,1987,2162
42,15227,15348,162,1983,1968,1986
42,15227,15348,163,1986,1983,2861
42,15227,15348,164,2172,1998,3320
42,15227,15348,165,2150,1982,3194
42,15227,15348,166,2133,1985,3066
42,15227,15348,167,2114,1985,2940
42,15227,15348,168,2099,1980,2803
42,15227,15348,169,2080,1984,2661
42,15227,15348,170,2061,1985,2545
42,15227,15348,171,2044,1980,2401
42,15227,15348,172,2026,1983,2255
42,15227,15348,173,2005,1985,2131
42,15227,15348,174,1989,1978,1985
42,15227,15348,175,1967,1982,1846
42,15227,15348,176,1948,1983,1705
42,15227,15348,177,1928,1977,1556
42,15227,15348,178,1920,1982,1476
42,15227,15348,179,1903,1983,1370
42,15227,15348,180,1883,1976,1230
42,15227,15348,181,1867,1981,1077
42,15227,15348,182,1851,1981,944
42,15227,15348,183,1829,1975,767
42,15227,15348,184,1812,1979,645
42,15227,15348,185,1798,1978,507
42,15227,15348,186,1777,1972,359
42,15227,15348,187,1767,1976,227
42,15227,15348,188,1761,1976,216
42,15227,15348,189,1756,1971,232
42,15227,15348,190,1764,1976,241
42,15227,15348,191,1766,1976,255
42,15227,15348,192,1761,1972,269
42,15227,15348,193,1768,1976,286
42,15227,15348,194,1771,1976,299
42,15227,15348,195,1765,1972,315
42,15227,15348,196,1774,1977,329
42,15227,15348,197,1774,1977,340
42,15227,15348,198,1770,1973,356
42,15227,15348,199,1778,1977,374
42,15227,15348,200,1780,1977,389
42,15227,15348,201,1774,1973,397
42,15227,15348,202,1783,1977,414
42,15227,15348,203,1785,1978,427
42,15227,15348,204,1779,1974,443
42,15227,15348,205,1788,1977,456
42,15227,15348,206,1790,1978,470
42,15227,15348,207,1784,1975,484
42,15227,15348,208,1793,1977,500
42,15227,15348,209,1794,1978,515
42,15227,15348,210,1789,1976,528
42,15227,15348,211,1797,1978,539
42,15227,15348,212,1799,1978,556
42,15227,15348,213,1794,1977,568
42,15227,15348,214,1802,1978,583
42,15227,15348,215,1804,1978,597
42,15227,15348,216,1799,1978,610
42,15227,15348,217,1802,1977,626
42,15227,15348,218,1808,1979,640
42,15227,15348,219,1804,1978,654
42,15227,15348,220,1812,1978,670
42,15227,15348,221,1814,1979,685
42,15227,15348,222,1809,1978,696
42,15227,15348,223,1816,1978,711
42,15227,15348,224,1819,1979,725
42,15227,15348,225,1815,1979,741
42,15227,15348,226,1821,1979,749
42,15227,15348,227,1823,1979,769
42,15227,15348,228,1820,1979,782
42,15227,15348,229,1826,1979,796
42,15227,15348,230,1828,1979,812
42,15227,15348,231,1826,1979,826
42,15227,15348,232,1830,1979,838
42,15227,15348,233,1833,1978,856
42,15227,15348,234,1831,1980,869
42,15227,15348,235,1836,1980,881
42,15227,15348,236,1838,1978,896
42,15227,15348,237,1837,1981,912
42,15227,15348,238,1841,1981,923
42,15227,15348,239,1843,1978,937
42,15227,15348,240,1843,1981,955
42,15227,15348,241,1846,1982,970
42,15227,15348,242,1847,1977,984
42,15227,15348,243,1849,1981,996
42,15227,15348,244,1850,1983,1009
42,15227,15348,245,1853,1977,1021
42,15227,15348,246,1856,1981,1038
42,15227,15348,247,1855,1983,1056
42,15227,15348,248,1857,1977,1069
42,15227,15348,249,1860,1982,1082
42,15227,15348,250,1862,1983,1094
42,15227,15348,251,1862,1977,1111
42,15227,15348,252,1865,1982,1125
42,15227,15348,253,1868,1983,1138
42,15227,15348,254,1866,1978,1152
42,15227,15348,255,1871,1982,1161
42,15227,15348,256,1873,1983,1184
42,15227,15348,257,1870,1978,1194
42,15227,15348,258,1876,1982,1206
42,15227,15348,259,1880,1983,1223
42,15227,15348,260,1875,1978,1238
42,15227,15348,261,1882,1982,1254
42,15227,15348,262,1885,1983,1268
42,15227,15348,263,1880,1978,1278
42,15227,15348,264,1888,1982,1296
42,15227,15348,265,1890,1982,1307
42,15227,15348,266,1885,1978,1322
42,15227,15348,267,1892,1982,1313
42,15227,15348,268,1891,1983,1312
42,15227,15348,269,1881,1978,1292
42,15227,15348,270,1886,1982,1280
42,15227,15348,271,1886,1983,1265
42,15227,15348,272,1877,1978,1249
42,15227,15348,273,1881,1982,1237
42,15227,15348,274,1879,1982,1222
42,15227,15348,275,1871,1978,1208
42,15227,15348,276,1876,1982,1195
42,15227,15348,277,1875,1982,1185
42,15227,15348,278,1865,1978,1171
42,15227,15348,279,1870,1982,1155
42,15227,15348,280,1869,1982,1138
42,15227,15348,281,1859,1979,1123
42,15227,15348,282,1866,1981,1110
42,15227,15348,283,1864,1981,1096
42,15227,15348,284,1855,1979,1080
42,15227,15348,285,1860,1981,1067
42,15227,15348,286,1858,1981,1050
42,15227,15348,287,1850,1980,1038
42,15227,15348,288,1854,1980,1024
42,15227,15348,289,1854,1981,1010
42,15227,15348,290,1844,1979,999
42,15227,15348,291,1849,1980,980
42,15227,15348,292,1847,1980,965
42,15227,15348,293,1840,1980,952
42,15227,15348,294,1843,1980,938
42,15227,15348,295,1842,1980,1859
42,15227,15348,296,1983,1992,1984
42,15227,15348,297,1985,1983,1988
42,15227,15348,298,1833,1970,884
42,15227,15348,299,1831,1979,869
42,15227,15348,300,1832,1980,854
42,15227,15348,301,1830,1980,841
42,15227,15348,302,1826,1980,827
42,15227,15348,303,1828,1979,1853
42,15227,15348,304,1989,1992,1979
42,15227,15348,305,1817,1970,781
42,15227,15348,306,1823,1979,764
42,15227,15348,307,1821,1977,756
42,15227,15348,308,1817,1979,737
42,15227,15348,309,1816,1979,722
42,15227,15348,310,1816,1977,712
42,15227,15348,311,1812,1979,701
42,15227,15348,312,1811,1979,681
42,15227,15348,313,1811,1976,1831
42,15227,15348,314,1987,1994,1983
42,15227,15348,315,1984,1985,1988
42,15227,15348,316,1985,1979,1674
42,15227,15348,317,1797,1968,613
42,15227,15348,318,1803,1980,595
42,15227,15348,319,1801,1974,584
42,15227,15348,320,1799,1979,569
42,15227,15348,321,1797,1980,552
42,15227,15348,322,1795,1974,540
42,15227,15348,323,1794,1978,526
42,15227,15348,324,1791,1980,513
42,15227,15348,325,1789,1974,498
42,15227,15348,326,1789,1978,482
42,15227,15348,327,1789,1979,470
42,15227,15348,328,1783,1973,456
42,15227,15348,329,1788,1978,444
42,15227,15348,330,1783,1979,429
42,15227,15348,331,1778,1973,413
42,15227,15348,332,1781,1977,412
42,15227,15348,333,1780,1978,387
42,15227,15348,334,1773,1972,371
42,15227,15348,335,1776,1977,356
42,15227,15348,336,1775,1977,343
42,15227,15348,337,1767,1972,327
42,15227,15348,338,1771,1976,317
42,15227,15348,339,1770,1977,301
42,15227,15348,340,1762,1972,285
42,15227,15348,341,1768,1975,276
42,15227,15348,342,1767,1976,259
42,15227,15348,343,1757,1971,243
42,15227,15348,344,1763,1975,230
42,15227,15348,345,1760,1975,217
42,15227,15348,346,1753,1971,200
42,15227,15348,347,1758,1975,185
42,15227,15348,348,1757,1975,176
42,15227,15348,349,1754,1971,223
42,15227,15348,350,1770,1977,313
42,15227,15348,351,1782,1978,414
42,15227,15348,352,1783,1976,531
42,15227,15348,353,1808,1980,671
42,15227,15348,354,1823,1981,792
42,15227,15348,355,1832,1979,936
43,15405,15526,0,1987,2023,1180
43,15405,15526,1,1876,1985,1243
43,15405,15526,2,1886,1979,1306
43,15405,15526,3,1896,1983,1389
43,15405,15526,4,1909,1984,1500
43,15405,15526,5,1921,1979,1619
43,15405,15526,6,1938,1984,1717
43,15405,15526,7,1951,1986,1847
43,15405,15526,8,1970,1980,1968
43,15405,15526,9,1987,1985,2089
43,15405,15526,10,2007,1986,2005
43,15405,15526,11,1982,1978,2340
43,15405,15526,12,2048,1989,2515
43,15405,15526,13,2065,1988,2670
43,15405,15526,14,2081,1982,2811
43,15405,15526,15,2105,1986,2944
43,15405,15526,16,2128,1988,3112
43,15405,15526,17,2141,1982,3232
43,15405,15526,18,2165,1987,3376
43,15405,15526,19,2186,1987,3485
43,15405,15526,20,2181,1982,2156
43,15405,15526,21,1991,1985,3472
43,15405,15526,22,2185,1987,3473
43,15405,15526,23,2181,1983,3475
43,15405,15526,24,2185,1986,3467
43,15405,15526,25,2184,1987,3453
43,15405,15526,26,2175,1983,3438
43,15405,15526,27,2179,1986,3426
43,15405,15526,28,2178,1987,3223
43,15405,15526,29,2023,1971,2024
43,15405,15526,30,2177,1995,3387
43,15405,15526,31,2169,1987,3370
43,15405,15526,32,2163,1983,3352
43,15405,15526,33,2167,1986,3338
43,15405,15526,34,2166,1987,3329
43,15405,15526,35,2156,1983,3311
43,15405,15526,36,2162,1986,3296
43,15405,15526,37,2161,1987,3285
43,15405,15526,38,2150,1983,3270
43,15405,15526,39,2155,1986,3247
43,15405,15526,40,2154,1986,3234
43,15405,15526,41,2145,1984,3229
43,15405,15526,42,2150,1985,3212
43,15405,15526,43,2148,1986,3198
43,15405,15526,44,2140,1984,3179
43,15405,15526,45,2144,1985,3171
43,15405,15526,46,2143,1986,3156
43,15405,15526,47,2133,1984,3139
43,15405,15526,48,2138,1985,3129
43,15405,15526,49,2137,1985,3115
43,15405,15526,50,2127,1984,3100
43,15405,15526,51,2131,1984,3084
43,15405,15526,52,2131,1985,3075
43,15405,15526,53,2123,1984,3060
43,15405,15526,54,2125,1985,3044
43,15405,15526,55,2124,1985,3028
43,15405,15526,56,2118,1984,3013
43,15405,15526,57,2119,1984,2997
43,15405,15526,58,2118,1985,2987
43,15405,15526,59,2112,1985,2967
43,15405,15526,60,2114,1984,2956
43,15405,15526,61,2112,1985,2943
43,15405,15526,62,2105,1985,2930
43,15405,15526,63,2107,1984,2908
43,15405,15526,64,2106,1983,2901
43,15405,15526,65,2100,1985,2885
43,15405,15526,66,2101,1984,2867
43,15405,15526,67,2100,1983,2862
43,15405,15526,68,2095,1985,2823
43,15405,15526,69,2095,1985,2829
43,15405,15526,70,2094,1982,2820
43,15405,15526,71,2090,1985,2801
43,15405,15526,72,2088,1986,2784
43,15405,15526,73,2088,1981,2774
43,15405,15526,74,2085,1985,2755
43,15405,15526,75,2083,1986,2746
43,15405,15526,76,2081,1981,2731
43,15405,15526,77,2079,1985,2715
43,15405,15526,78,2077,1986,2703
43,15405,15526,79,2075,1981,2691
43,15405,15526,80,2073,1985,2672
43,15405,15526,81,2072,1987,2656
43,15405,15526,82,2069,1981,2649
43,15405,15526,83,2068,1985,2628
43,15405,15526,84,2066,1987,2616
43,15405,15526,85,2061,1980,2605
43,15405,15526,86,2063,1984,2596
43,15405,15526,87,2062,1986,2578
43,15405,15526,88,2055,1981,2561
43,15405,15526,89,2059,1985,2554
43,15405,15526,90,2063,1986,2576
43,15405,15526,91,2058,1981,2582
43,15405,15526,92,2065,1985,2600
43,15405,15526,93,2068,1986,2615
43,15405,15526,94,2063,1981,2630
43,15405,15526,95,2071,1985,2647
43,15405,15526,96,2074,1986,2661
43,15405,15526,97,2070,1981,2672
43,15405,15526,98,2077,1985,2689
43,15405,15526,99,2078,1986,2055
43,15405,15526,100,1979,1975,1986
43,15405,15526,101,1989,1984,1987
43,15405,15526,102,1989,1984,1987
43,15405,15526,103,1980,1980,1986
43,15405,15526,104,1989,1984,1986
43,15405,15526,105,1990,1984,1986
43,15405,15526,106,1979,1980,1986
43,15405,15526,107,1990,1992,2815
43,15405,15526,108,2097,1986,2830
43,15405,15526,109,2095,1982,2845
43,15405,15526,110,2101,1985,2862
43,15405,15526,111,2103,1986,2871
43,15405,15526,112,2098,1983,2881
43,15405,15526,113,2107,1985,2904
43,15405,15526,114,2108,1985,2923
43,15405,15526,115,2104,1983,2927
43,15405,15526,116,2112,1984,2942
43,15405,15526,117,2115,1986,2957
43,15405,15526,118,2110,1984,2096
43,15405,15526,119,1986,1975,1987
43,15405,15526,120,1991,1984,1985
43,15405,15526,121,1980,1981,1988
43,15405,15526,122,1987,1983,1986
43,15405,15526,123,2129,1995,3044
43,15405,15526,124,2121,1985,3064
43,15405,15526,125,2130,1985,3070
43,15405,15526,126,2132,1985,3086
43,15405,15526,127,2127,1985,3097
43,15405,15526,128,2136,1985,3114
43,15405,15526,129,2138,1985,3131
43,15405,15526,130,2132,1985,3139
43,15405,15526,131,2141,1985,3157
43,15405,15526,132,2143,1985,3171
43,15405,15526,133,2141,1985,3184
43,15405,15526,134,2147,1985,3202
43,15405,15526,135,2149,1985,3213
43,15405,15526,136,2148,1986,3232
43,15405,15526,137,2151,1985,3240
43,15405,15526,138,2155,1985,3256
43,15405,15526,139,2154,1986,3272
43,15405,15526,140,2158,1985,3286
43,15405,15526,141,2161,1984,3303
43,15405,15526,142,2160,1986,3311
43,15405,15526,143,2165,1986,3324
43,15405,15526,144,2166,1984,3344
43,15405,15526,145,2166,1986,3361
43,15405,15526,146,2169,1987,3361
43,15405,15526,147,2173,1983,3384
43,15405,15526,148,2173,1987,3399
43,15405,15526,149,2174,1987,3411
43,15405,15526,150,2178,1983,3428
43,15405,15526,151,2181,1987,3438
43,15405,15526,152,2181,1988,3454
43,15405,15526,153,2183,1983,3470
43,15405,15526,154,2185,1987,3477
43,15405,15526,155,2183,1988,3473
43,15405,15526,156,2183,1982,3473
43,15405,15526,157,2187,1987,3492
43,15405,15526,158,2189,1988,3499
43,15405,15526,159,2188,1983,3511
43,15405,15526,160,2190,1987,3520
43,15405,15526,161,2192,1988,3512
43,15405,15526,162,2186,1982,3452
43,15405,15526,163,2172,1986,3364
43,15405,15526,164,2161,1987,3271
43,15405,15526,165,2142,1981,3154
43,15405,15526,166,2130,1985,3054
43,15405,15526,167,2116,1986,2912
43,15405,15526,168,2086,1980,2767
43,15405,15526,169,2078,1984,2641
43,15405,15526,170,2062,1985,2536
43,15405,15526,171,2035,1979,2387
43,15405,15526,172,2025,1984,2274
43,15405,15526,173,2010,1984,2147
43,15405,15526,174,1985,1979,2016
43,15405,15526,175,1976,1983,1898
43,15405,15526,176,1959,1982,1757
43,15405,15526,177,1932,1978,1621
43,15405,15526,178,1926,1982,1578
43,15405,15526,179,1911,1982,1418
43,15405,15526,180,1887,1977,1271
43,15405,15526,181,1877,1981,1148
43,15405,15526,182,1858,1980,1007
43,15405,15526,183,1834,1976,857
43,15405,15526,184,1825,1978,714
43,15405,15526,185,1809,1978,579
43,15405,15526,186,1783,1974,435
43,15405,15526,187,1775,1975,285
43,15405,15526,188,1761,1974,218
43,15405,15526,189,1756,1972,228
43,15405,15526,190,1764,1975,245
43,15405,15526,191,1765,1975,257
43,15405,15526,192,1761,1973,270
43,15405,15526,193,1768,1975,287
43,15405,15526,194,1770,1976,301
43,15405,15526,195,1765,1974,313
43,15405,15526,196,1774,1975,1792
43,15405,15526,197,1987,1980,347
43,15405,15526,198,1771,1976,1800
43,15405,15526,199,1991,1996,1982
43,15405,15526,200,1986,1983,1983
43,15405,15526,201,1980,1983,1987
43,15405,15526,202,1987,1983,1987
43,15405,15526,203,1988,1983,1983
43,15405,15526,204,1981,1983,1988
43,15405,15526,205,1987,1983,1988
43,15405,15526,206,1862,1968,472
43,15405,15526,207,1788,1977,483
43,15405,15526,208,1792,1977,498
43,15405,15526,209,1794,1977,512
43,15405,15526,210,1791,1977,526
43,15405,15526,211,1797,1977,539
43,15405,15526,212,1798,1977,556
43,15405,15526,213,1797,1979,573
43,15405,15526,214,1800,1978,582
43,15405,15526,215,1803,1977,1824
43,15405,15526,216,1987,1995,1984
43,15405,15526,217,1983,1984,1989
43,15405,15526,218,1803,1965,640
43,15405,15526,219,1809,1979,656
43,15405,15526,220,1810,1980,670
43,15405,15526,221,1812,1976,687
43,15405,15526,222,1812,1980,701
43,15405,15526,223,1815,1980,1838
43,15405,15526,224,1988,1990,1871
43,15405,15526,225,1812,1970,739
43,15405,15526,226,1821,1981,753
43,15405,15526,227,1822,1976,770
43,15405,15526,228,1823,1980,782
43,15405,15526,229,1824,1981,798
43,15405,15526,230,1827,1976,809
43,15405,15526,231,1829,1981,824
43,15405,15526,232,1830,1982,1851
43,15405,15526,233,1984,1989,1979
43,15405,15526,234,1985,1985,1987
43,15405,15526,235,1832,1972,883
43,15405,15526,236,1835,1976,897
43,15405,15526,237,1839,1981,913
43,15405,15526,238,1841,1982,924
43,15405,15526,239,1838,1977,942
43,15405,15526,240,1845,1981,1865
43,15405,15526,241,1989,1993,1985
43,15405,15526,242,1839,1969,1084
43,15405,15526,243,1949,1989,1950
43,15405,15526,244,1988,1987,1015
43,15405,15526,245,1845,1974,1022
43,15405,15526,246,1856,1981,1038
43,15405,15526,247,1859,1982,1055
43,15405,15526,248,1853,1978,1066
43,15405,15526,249,1862,1982,1081
43,15405,15526,250,1864,1982,1089
43,15405,15526,251,1858,1977,1108
43,15405,15526,252,1866,1982,1124
43,15405,15526,253,1870,1982,1139
43,15405,15526,254,1863,1978,1150
43,15405,15526,255,1873,1981,1164
43,15405,15526,256,1875,1982,1178
43,15405,15526,257,1869,1978,1193
43,15405,15526,258,1877,1981,1210
43,15405,15526,259,1880,1982,1225
43,15405,15526,260,1875,1979,1238
43,15405,15526,261,1883,1982,1250
43,15405,15526,262,1885,1982,1265
43,15405,15526,263,1880,1979,1282
43,15405,15526,264,1888,1982,1296
43,15405,15526,265,1890,1982,1307
43,15405,15526,266,1887,1979,1321
43,15405,15526,267,1892,1982,1321
43,15405,15526,268,1890,1981,1307
43,15405,15526,269,1881,1979,1292
43,15405,15526,270,1886,1981,1276
43,15405,15526,271,1886,1981,1267
43,15405,15526,272,1877,1980,1251
43,15405,15526,273,1881,1981,1238
43,15405,15526,274,1880,1981,1221
43,15405,15526,275,1871,1979,1211
43,15405,15526,276,1875,1981,1195
43,15405,15526,277,1874,1981,1183
43,15405,15526,278,1866,1980,1165
43,15405,15526,279,1870,1980,1151
43,15405,15526,280,1868,1980,1140
43,15405,15526,281,1861,1980,1124
43,15405,15526,282,1864,1980,1108
43,15405,15526,283,1862,1980,1095
43,15405,15526,284,1856,1980,1080
43,15405,15526,285,1859,1980,1062
43,15405,15526,286,1858,1980,1053
43,15405,15526,287,1850,1980,1036
43,15405,15526,288,1854,1980,1020
43,15405,15526,289,1852,1979,1011
43,15405,15526,290,1847,1980,1003
43,15405,15526,291,1847,1981,981
43,15405,15526,292,1846,1978,970
43,15405,15526,293,1843,1981,952
43,15405,15526,294,1843,1980,942
43,15405,15526,295,1840,1977,922
43,15405,15526,296,1837,1981,910
43,15405,15526,297,1837,1982,894
43,15405,15526,298,1835,1977,882
43,15405,15526,299,1834,1981,869
43,15405,15526,300,1832,1981,854
43,15405,15526,301,1830,1976,846
43,15405,15526,302,1828,1981,824
43,15405,15526,303,1826,1982,812
43,15405,15526,304,1824,1976,801
43,15405,15526,305,1823,1980,782
43,15405,15526,306,1822,1982,769
43,15405,15526,307,1818,1976,751
43,15405,15526,308,1819,1980,750
43,15405,15526,309,1818,1981,724
43,15405,15526,310,1813,1975,713
43,15405,15526,311,1814,1979,702
43,15405,15526,312,1814,1981,683
43,15405,15526,313,1807,1975,668
43,15405,15526,314,1809,1980,654
43,15405,15526,315,1809,1980,641
43,15405,15526,316,1801,1975,625
43,15405,15526,317,1805,1979,612
43,15405,15526,318,1804,1980,598
43,15405,15526,319,1796,1975,584
43,15405,15526,320,1800,1978,570
43,15405,15526,321,1801,1979,552
43,15405,15526,322,1791,1975,544
43,15405,15526,323,1795,1978,526
43,15405,15526,324,1796,1979,514
43,15405,15526,325,1785,1974,501
43,15405,15526,326,1791,1978,483
43,15405,15526,327,1790,1978,474
43,15405,15526,328,1781,1974,456
43,15405,15526,329,1786,1978,445
43,15405,15526,330,1785,1978,424
43,15405,15526,331,1776,1974,422
43,15405,15526,332,1781,1976,402
43,15405,15526,333,1780,1977,386
43,15405,15526,334,1771,1974,369
43,15405,15526,335,1776,1976,353
43,15405,15526,336,1775,1977,341
43,15405,15526,337,1767,1973,326
43,15405,15526,338,1772,1976,316
43,15405,15526,339,1770,1976,302
43,15405,15526,340,1763,1973,284
43,15405,15526,341,1767,1975,269
43,15405,15526,342,1766,1975,280
43,15405,15526,343,1858,1985,1877
43,15405,15526,344,1988,1992,1983
43,15405,15526,345,1979,1967,219
43,15405,15526,346,1756,1972,200
43,15405,15526,347,1758,1974,189
43,15405,15526,348,1756,1974,170
43,15405,15526,349,1752,1973,187
43,15405,15526,350,1765,1975,282
43,15405,15526,351,1776,1976,1791
43,15405,15526,352,1784,1977,493
43,15405,15526,353,1800,1978,601
43,15405,15526,354,1815,1980,732
43,15405,15526,355,1825,1979,861
44,15580,15701,0,1984,2022,1193
44,15580,15701,1,1880,1983,1278
44,15580,15701,2,1894,1982,1366
44,15580,15701,3,1906,1983,1469
44,15580,15701,4,1922,1983,1598
44,15580,15701,5,1934,1983,1699
44,15580,15701,6,1951,1983,1821
44,15580,15701,7,1968,1983,1954
44,15580,15701,8,1985,1983,2058
44,15580,15701,9,2001,1984,2187
44,15580,15701,10,2019,1984,2305
44,15580,15701,11,2037,1985,2439
44,15580,15701,12,2055,1985,2570
44,15580,15701,13,2072,1985,2705
44,15580,15701,14,2088,1985,2839
44,15580,15701,15,2108,1985,2970
44,15580,15701,16,2129,1985,3103
44,15580,15701,17,2146,1986,3235
44,15580,15701,18,2165,1987,3380
44,15580,15701,19,2183,1986,3485
44,15580,15701,20,2187,1985,3488
44,15580,15701,21,2184,1985,3473
44,15580,15701,22,2184,1986,3473
44,15580,15701,23,2184,1985,3476
44,15580,15701,24,2184,1986,3469
44,15580,15701,25,2182,1986,3452
44,15580,15701,26,2180,1986,3442
44,15580,15701,27,2177,1986,3390
44,15580,15701,28,2176,1985,3412
44,15580,15701,29,2174,1985,3395
44,15580,15701,30,2172,1986,3383
44,15580,15701,31,2169,1986,3368
44,15580,15701,32,2169,1986,3353
44,15580,15701,33,2166,1985,3339
44,15580,15701,34,2164,1985,3328
44,15580,15701,35,2162,1985,3311
44,15580,15701,36,2160,1986,3294
44,15580,15701,37,2157,1986,3287
44,15580,15701,38,2155,1985,3270
44,15580,15701,39,2154,1985,3253
44,15580,15701,40,2150,1985,3242
44,15580,15701,41,2152,1985,3227
44,15580,15701,42,2148,1985,3213
44,15580,15701,43,2145,1985,3198
44,15580,15701,44,2144,1985,3183
44,15580,15701,45,2142,1985,3171
44,15580,15701,46,2140,1985,3154
44,15580,15701,47,2138,1985,3146
44,15580,15701,48,2136,1985,3127
44,15580,15701,49,2133,1985,3114
44,15580,15701,50,2132,1985,3103
44,15580,15701,51,2129,1984,3082
44,15580,15701,52,2129,1985,3068
44,15580,15701,53,2126,1985,3060
44,15580,15701,54,2124,1985,3041
44,15580,15701,55,2123,1985,3029
44,15580,15701,56,2121,1985,3013
44,15580,15701,57,2118,1985,3000
44,15580,15701,58,2116,1985,2985
44,15580,15701,59,2115,1984,2974
44,15580,15701,60,2113,1984,2956
44,15580,15701,61,2111,1984,2944
44,15580,15701,62,2108,1984,2926
44,15580,15701,63,2107,1985,2915
44,15580,15701,64,2105,1984,2902
44,15580,15701,65,2104,1984,2878
44,15580,15701,66,2101,1985,2871
44,15580,15701,67,2098,1984,2852
44,15580,15701,68,2097,1984,2844
44,15580,15701,69,2095,1985,2827
44,15580,15701,70,2093,1985,2815
44,15580,15701,71,2090,1984,2802
44,15580,15701,72,2089,1984,2790
44,15580,15701,73,2088,1984,2771
44,15580,15701,74,2086,1984,2760
44,15580,15701,75,2084,1984,2746
44,15580,15701,76,2081,1984,2729
44,15580,15701,77,2080,1984,2725
44,15580,15701,78,2078,1984,2701
44,15580,15701,79,2075,1984,2686
44,15580,15701,80,2072,1984,2674
44,15580,15701,81,2073,1984,2659
44,15580,15701,82,2069,1984,2646
44,15580,15701,83,2070,1984,2632
44,15580,15701,84,2066,1984,2615
44,15580,15701,85,2064,1984,2602
44,15580,15701,86,2062,1984,2585
44,15580,15701,87,2059,1984,2575
44,15580,15701,88,2058,1984,2556
44,15580,15701,89,2057,1984,2560
44,15580,15701,90,2059,1984,2575
44,15580,15701,91,2061,1984,2586
44,15580,15701,92,2063,1984,2603
44,15580,15701,93,2065,1984,2617
44,15580,15701,94,2068,1984,2626
44,15580,15701,95,2069,1984,2643
44,15580,15701,96,2072,1984,2659
44,15580,15701,97,2073,1984,2669
44,15580,15701,98,2075,1984,2687
44,15580,15701,99,2078,1984,2711
44,15580,15701,100,2079,1984,2715
44,15580,15701,101,2081,1984,2732
44,15580,15701,102,2082,1984,2743
44,15580,15701,103,2085,1984,2755
44,15580,15701,104,2088,1984,2774
44,15580,15701,105,2089,1984,2785
44,15580,15701,106,2091,1984,2801
44,15580,15701,107,2092,1984,2814
44,15580,15701,108,2095,1984,2833
44,15580,15701,109,2097,1984,2846
44,15580,15701,110,2096,1984,2857
44,15580,15701,111,2100,1984,2867
44,15580,15701,112,2103,1985,2890
44,15580,15701,113,2103,1984,2900
44,15580,15701,114,2107,1985,2917
44,15580,15701,115,2108,1984,2930
44,15580,15701,116,2111,1985,2946
44,15580,15701,117,2112,1985,2955
44,15580,15701,118,2115,1985,2972
44,15580,15701,119,2117,1985,2984
44,15580,15701,120,2119,1985,2998
44,15580,15701,121,2120,1985,3014
44,15580,15701,122,2122,1985,3028
44,15580,15701,123,2125,1985,3043
44,15580,15701,124,2126,1985,3061
44,15580,15701,125,2129,1985,3071
44,15580,15701,126,2130,1985,3084
44,15580,15701,127,2132,1985,3099
44,15580,15701,128,2135,1985,3111
44,15580,15701,129,2137,1985,3127
44,15580,15701,130,2138,1985,3142
44,15580,15701,131,2140,1985,3156
44,15580,15701,132,2143,1985,3167
44,15580,15701,133,2144,1985,3179
44,15580,15701,134,2146,1985,3197
44,15580,15701,135,2147,1985,3213
44,15580,15701,136,2150,1985,3226
44,15580,15701,137,2152,1986,3244
44,15580,15701,138,2155,1985,3256
44,15580,15701,139,2156,1985,3264
44,15580,15701,140,2158,1985,3282
44,15580,15701,141,2160,1985,3300
44,15580,15701,142,2161,1985,3309
44,15580,15701,143,2162,1985,3326
44,15580,15701,144,2165,1985,3341
44,15580,15701,145,2167,1985,3356
44,15580,15701,146,2169,1986,3375
44,15580,15701,147,2171,1985,3385
44,15580,15701,148,2173,1986,3405
44,15580,15701,149,2176,1985,3416
44,15580,15701,150,2177,1985,3425
44,15580,15701,151,2180,1986,3442
44,15580,15701,152,2181,1985,3455
44,15580,15701,153,2183,1985,3464
44,15580,15701,154,2185,1986,3478
44,15580,15701,155,2184,1986,3473
44,15580,15701,156,2183,1986,3472
44,15580,15701,157,2186,1986,3487
44,15580,15701,158,2188,1986,3505
44,15580,15701,159,2189,1986,3512
44,15580,15701,160,2191,1986,3518
44,15580,15701,161,2190,1986,3516
44,15580,15701,162,2184,1985,3462
44,15580,15701,163,2169,1985,3363
44,15580,15701,164,2161,1985,3264
44,15580,15701,165,2145,1984,3152
44,15580,15701,166,2131,1984,3039
44,15580,15701,167,2114,1984,2924
44,15580,15701,168,2092,1983,2778
44,15580,15701,169,2080,1983,2662
44,15580,15701,170,2059,1982,2515
44,15580,15701,171,2042,1982,2381
44,15580,15701,172,2024,1982,2254
44,15580,15701,173,2002,1981,2103
44,15580,15701,174,1982,1982,1962
44,15580,15701,175,1960,1981,1797
44,15580,15701,176,1939,1981,1650
44,15580,15701,177,1923,1980,1504
44,15580,15701,178,1909,1982,1479
44,15580,15701,179,1894,1980,1305
44,15580,15701,180,1874,1980,1189
44,15580,15701,181,1862,1979,1033
44,15580,15701,182,1846,1979,916
44,15580,15701,183,1831,1979,802
44,15580,15701,184,1816,1978,672
44,15580,15701,185,1798,1977,534
44,15580,15701,186,1787,1975,399
44,15580,15701,187,1770,1975,279
44,15580,15701,188,1757,1973,215
44,15580,15701,189,1761,1975,227
44,15580,15701,190,1761,1975,245
44,15580,15701,191,1764,1975,258
44,15580,15701,192,1765,1975,272
44,15580,15701,193,1766,1975,287
44,15580,15701,194,1768,1975,298
44,15580,15701,195,1770,1975,314
44,15580,15701,196,1772,1975,328
44,15580,15701,197,1773,1976,343
44,15580,15701,198,1774,1976,358
44,15580,15701,199,1777,1976,371
44,15580,15701,200,1777,1976,388
44,15580,15701,201,1779,1976,398
44,15580,15701,202,1781,1976,413
44,15580,15701,203,1783,1976,429
44,15580,15701,204,1785,1977,442
44,15580,15701,205,1785,1977,454
44,15580,15701,206,1788,1977,468
44,15580,15701,207,1789,1977,482
44,15580,15701,208,1790,1977,498
44,15580,15701,209,1792,1977,513
44,15580,15701,210,1793,1978,526
44,15580,15701,211,1795,1978,540
44,15580,15701,212,1796,1977,556
44,15580,15701,213,1799,1977,567
44,15580,15701,214,1800,1978,585
44,15580,15701,215,1802,1978,602
44,15580,15701,216,1803,1979,609
44,15580,15701,217,1805,1978,628
44,15580,15701,218,1807,1978,631
44,15580,15701,219,1809,1978,655
44,15580,15701,220,1810,1978,670
44,15580,15701,221,1813,1979,694
44,15580,15701,222,1813,1978,695
44,15580,15701,223,1815,1979,712
44,15580,15701,224,1817,1979,726
44,15580,15701,225,1818,1979,732
44,15580,15701,226,1820,1979,758
44,15580,15701,227,1823,1979,767
44,15580,15701,228,1823,1979,783
44,15580,15701,229,1825,1980,809
44,15580,15701,230,1827,1979,811
44,15580,15701,231,1829,1980,829
44,15580,15701,232,1831,1979,840
44,15580,15701,233,1831,1980,856
44,15580,15701,234,1833,1980,869
44,15580,15701,235,1835,1980,883
44,15580,15701,236,1837,1980,898
44,15580,15701,237,1838,1980,910
44,15580,15701,238,1841,1980,923
44,15580,15701,239,1842,1980,940
44,15580,15701,240,1844,1981,952
44,15580,15701,241,1845,1980,966
44,15580,15701,242,1848,1980,982
44,15580,15701,243,1849,1980,994
44,15580,15701,244,1851,1980,1008
44,15580,15701,245,1853,1981,1026
44,15580,15701,246,1854,1980,1035
44,15580,15701,247,1856,1981,1053
44,15580,15701,248,1857,1981,1065
44,15580,15701,249,1859,1981,1083
44,15580,15701,250,1862,1981,1094
44,15580,15701,251,1863,1981,1110
44,15580,15701,252,1865,1981,1122
44,15580,15701,253,1866,1981,1141
44,15580,15701,254,1867,1980,1152
44,15580,15701,255,1869,1981,1168
44,15580,15701,256,1872,1980,1180
44,15580,15701,257,1874,1981,1197
44,15580,15701,258,1876,1981,1208
44,15580,15701,259,1877,1981,1223
44,15580,15701,260,1879,1981,1238
44,15580,15701,261,1880,1981,1255
44,15580,15701,262,1883,1981,1265
44,15580,15701,263,1884,1981,1282
44,15580,15701,264,1887,1981,1293
44,15580,15701,265,1888,1981,1302
44,15580,15701,266,1890,1981,1322
44,15580,15701,267,1890,1981,1321
44,15580,15701,268,1887,1981,1307
44,15580,15701,269,1886,1981,1295
44,15580,15701,270,1884,1980,1278
44,15580,15701,271,1882,1981,1264
44,15580,15701,272,1881,1980,1251
44,15580,15701,273,1880,1981,1236
44,15580,15701,274,1877,1980,1221
44,15580,15701,275,1876,1981,1208
44,15580,15701,276,1873,1980,1197
44,15580,15701,277,1872,1980,1181
44,15580,15701,278,1870,1980,1167
44,15580,15701,279,1868,1980,1154
44,15580,15701,280,1866,1980,1137
44,15580,15701,281,1865,1980,1124
44,15580,15701,282,1863,1980,1110
44,15580,15701,283,1860,1980,1092
44,15580,15701,284,1860,1980,1079
44,15580,15701,285,1857,1980,1066
44,15580,15701,286,1857,1981,1052
44,15580,15701,287,1853,1980,1037
44,15580,15701,288,1852,1980,1024
44,15580,15701,289,1850,1980,1009
44,15580,15701,290,1849,1980,996
44,15580,15701,291,1847,1980,983
44,15580,15701,292,1846,1980,967
44,15580,15701,293,1844,1980,953
44,15580,15701,294,1841,1980,938
44,15580,15701,295,1840,1980,922
44,15580,15701,296,1838,1979,913
44,15580,15701,297,1837,1979,894
44,15580,15701,298,1834,1979,875
44,15580,15701,299,1833,1979,868
44,15580,15701,300,1832,1979,855
44,15580,15701,301,1829,1979,841
44,15580,15701,302,1828,1980,824
44,15580,15701,303,1826,1979,811
44,15580,15701,304,1825,1979,796
44,15580,15701,305,1823,1979,785
44,15580,15701,306,1822,1979,768
44,15580,15701,307,1819,1979,755
44,15580,15701,308,1818,1979,739
44,15580,15701,309,1817,1978,728
44,15580,15701,310,1815,1978,707
44,15580,15701,311,1813,1978,697
44,15580,15701,312,1812,1978,664
44,15580,15701,313,1810,1979,670
44,15580,15701,314,1809,1978,651
44,15580,15701,315,1807,1978,643
44,15580,15701,316,1805,1978,628
44,15580,15701,317,1803,1978,610
44,15580,15701,318,1802,1977,596
44,15580,15701,319,1800,1977,585
44,15580,15701,320,1798,1977,568
44,15580,15701,321,1797,1978,558
44,15580,15701,322,1796,1977,542
44,15580,15701,323,1793,1977,526
44,15580,15701,324,1792,1977,513
44,15580,15701,325,1790,1977,498
44,15580,15701,326,1788,1977,484
44,15580,15701,327,1788,1977,466
44,15580,15701,328,1787,1976,452
44,15580,15701,329,1783,1976,447
44,15580,15701,330,1783,1976,425
44,15580,15701,331,1780,1976,416
44,15580,15701,332,1779,1976,401
44,15580,15701,333,1778,1976,383
44,15580,15701,334,1776,1976,374
44,15580,15701,335,1775,1975,355
44,15580,15701,336,1772,1975,343
44,15580,15701,337,1772,1975,328
44,15580,15701,338,1769,1975,312
44,15580,15701,339,1769,1975,302
44,15580,15701,340,1766,1975,288
44,15580,15701,341,1765,1975,272
44,15580,15701,342,1763,1973,263
44,15580,15701,343,1763,1974,250
44,15580,15701,344,1760,1974,230
44,15580,15701,345,1758,1974,217
44,15580,15701,346,1757,1973,202
44,15580,15701,347,1755,1973,185
44,15580,15701,348,1758,1973,217
44,15580,15701,349,1764,1975,301
44,15580,15701,350,1776,1976,377
44,15580,15701,351,1785,1977,481
44,15580,15701,352,1797,1978,589
44,15580,15701,353,1808,1979,686
44,15580,15701,354,1823,1980,797
44,15580,15701,355,1832,1980,920
45,15767,15888,0,1997,2029,1244
45,15767,15888,1,1882,1982,1291
45,15767,15888,2,1894,1982,1350
45,15767,15888,3,1903,1983,1463
45,15767,15888,4,1916,1982,1556
45,15767,15888,5,1932,1983,1674
45,15767,15888,6,1952,1983,1776
45,15767,15888,7,1961,1983,1902
45,15767,15888,8,1980,1984,2023
45,15767,15888,9,1989,1984,2150
45,15767,15888,10,2013,1984,2258
45,15767,15888,11,2034,1985,2414
45,15767,15888,12,2049,1985,2550
45,15767,15888,13,2070,1985,2683
45,15767,15888,14,2085,1986,2810
45,15767,15888,15,2106,1986,2939
45,15767,15888,16,2121,1986,3065
45,15767,15888,17,2145,1986,3183
45,15767,15888,18,2157,1986,3331
45,15767,15888,19,2177,1986,3455
45,15767,15888,20,2186,1985,3486
45,15767,15888,21,2184,1985,3472
45,15767,15888,22,2184,1985,3474
45,15767,15888,23,2185,1986,3478
45,15767,15888,24,2183,1985,3468
45,15767,15888,25,2181,1986,3454
45,15767,15888,26,2179,1986,3440
45,15767,15888,27,2177,1986,3428
45,15767,15888,28,2176,1985,3411
45,15767,15888,29,2174,1985,3396
45,15767,15888,30,2172,1985,3382
45,15767,15888,31,2169,1985,3370
45,15767,15888,32,2167,1985,3356
45,15767,15888,33,2166,1985,3341
45,15767,15888,34,2163,1985,3326
45,15767,15888,35,2162,1986,3309
45,15767,15888,36,2159,1985,3299
45,15767,15888,37,2158,1986,3285
45,15767,15888,38,2155,1985,3268
45,15767,15888,39,2154,1985,3257
45,15767,15888,40,2153,1985,3240
45,15767,15888,41,2149,1985,3228
45,15767,15888,42,2146,1985,3213
45,15767,15888,43,2146,1985,3196
45,15767,15888,44,2144,1985,3178
45,15767,15888,45,2142,1985,3170
45,15767,15888,46,2138,1985,3154
45,15767,15888,47,2138,1985,3141
45,15767,15888,48,2136,1985,3127
45,15767,15888,49,2134,1985,3114
45,15767,15888,50,2131,1985,3097
45,15767,15888,51,2130,1985,3084
45,15767,15888,52,2127,1985,3071
45,15767,15888,53,2124,1985,3055
45,15767,15888,54,2125,1985,3048
45,15767,15888,55,2122,1985,3027
45,15767,15888,56,2120,1984,3016
45,15767,15888,57,2119,1984,2999
45,15767,15888,58,2116,1985,2977
45,15767,15888,59,2115,1985,2971
45,15767,15888,60,2112,1985,2958
45,15767,15888,61,2110,1984,2941
45,15767,15888,62,2109,1984,2926
45,15767,15888,63,2107,1985,2913
45,15767,15888,64,2105,1985,2900
45,15767,15888,65,2103,1985,2884
45,15767,15888,66,2101,1984,2871
45,15767,15888,67,2098,1984,2858
45,15767,15888,68,2098,1985,2845
45,15767,15888,69,2094,1984,2829
45,15767,15888,70,2093,1985,2813
45,15767,15888,71,2090,1984,2804
45,15767,15888,72,2089,1984,2789
45,15767,15888,73,2087,1984,2774
45,15767,15888,74,2084,1984,2758
45,15767,15888,75,2082,1984,2746
45,15767,15888,76,2081,1984,2730
45,15767,15888,77,2079,1984,2717
45,15767,15888,78,2077,1984,2703
45,15767,15888,79,2075,1985,2687
45,15767,15888,80,2074,1984,2674
45,15767,15888,81,2071,1984,2660
45,15767,15888,82,2070,1984,2646
45,15767,15888,83,2067,1984,2630
45,15767,15888,84,2066,1984,2615
45,15767,15888,85,2064,1984,2602
45,15767,15888,86,2063,1984,2587
45,15767,15888,87,2060,1984,2574
45,15767,15888,88,2058,1984,2560
45,15767,15888,89,2058,1983,2557
45,15767,15888,90,2060,1984,2573
45,15767,15888,91,2062,1984,2585
45,15767,15888,92,2063,1984,2600
45,15767,15888,93,2065,1984,2616
45,15767,15888,94,2067,1984,2634
45,15767,15888,95,2070,1984,2647
45,15767,15888,96,2072,1984,2660
45,15767,15888,97,2073,1984,2667
45,15767,15888,98,2075,1984,2688
45,15767,15888,99,2077,1984,2704
45,15767,15888,100,2079,1984,2716
45,15767,15888,101,2082,1984,2728
45,15767,15888,102,2083,1985,2743
45,15767,15888,103,2084,1984,2758
45,15767,15888,104,2087,1984,2770
45,15767,15888,105,2089,1984,2790
45,15767,15888,106,2091,1985,2800
45,15767,15888,107,2093,1984,2815
45,15767,15888,108,2095,1985,2833
45,15767,15888,109,2096,1985,2844
45,15767,15888,110,2099,1985,2856
45,15767,15888,111,2101,1984,2873
45,15767,15888,112,2102,1985,2885
45,15767,15888,113,2104,1985,2902
45,15767,15888,114,2106,1985,2913
45,15767,15888,115,2108,1985,2928
45,15767,15888,116,2110,1985,2942
45,15767,15888,117,2113,1985,2960
45,15767,15888,118,2115,1985,2970
45,15767,15888,119,2117,1985,2983
45,15767,15888,120,2117,1985,3001
45,15767,15888,121,2120,1985,3012
45,15767,15888,122,2122,1985,3027
45,15767,15888,123,2123,1985,3043
45,15767,15888,124,2126,1985,3054
45,15767,15888,125,2128,1985,3072
45,15767,15888,126,2130,1984,3088
45,15767,15888,127,2131,1985,3100
45,15767,15888,128,2135,1985,3115
45,15767,15888,129,2136,1985,3128
45,15767,15888,130,2138,1985,3146
45,15767,15888,131,2139,1985,3154
45,15767,15888,132,2142,1985,3166
45,15767,15888,133,2144,1985,3183
45,15767,15888,134,2145,1985,3195
45,15767,15888,135,2149,1985,3214
45,15767,15888,136,2149,1985,3230
45,15767,15888,137,2151,1985,3239
45,15767,15888,138,2153,1985,3256
45,15767,15888,139,2156,1985,3274
45,15767,15888,140,2157,1986,3285
45,15767,15888,141,2158,1986,3301
45,15767,15888,142,2162,1985,3313
45,15767,15888,143,2163,1985,3329
45,15767,15888,144,2166,1985,3340
45,15767,15888,145,2170,1985,3354
45,15767,15888,146,2169,1985,3370
45,15767,15888,147,2171,1985,3381
45,15767,15888,148,2173,1986,3398
45,15767,15888,149,2174,1986,3411
45,15767,15888,150,2178,1985,3426
45,15767,15888,151,2179,1985,3441
45,15767,15888,152,2181,1985,3455
45,15767,15888,153,2183,1986,3468
45,15767,15888,154,2184,1986,3478
45,15767,15888,155,2184,1986,3473
45,15767,15888,156,2184,1985,3473
45,15767,15888,157,2186,1986,3490
45,15767,15888,158,2188,1985,3505
45,15767,15888,159,2190,1986,3511
45,15767,15888,160,2189,1986,3524
45,15767,15888,161,2190,1986,3511
45,15767,15888,162,2183,1985,3443
45,15767,15888,163,2171,1984,3328
45,15767,15888,164,2154,1984,3221
45,15767,15888,165,2140,1984,3102
45,15767,15888,166,2118,1984,2962
45,15767,15888,167,2103,1983,2840
45,15767,15888,168,2086,1983,2705
45,15767,15888,169,2069,1983,2592
45,15767,15888,170,2051,1983,2478
45,15767,15888,171,2035,1982,2338
45,15767,15888,172,2015,1982,2207
45,15767,15888,173,1998,1982,2078
45,15767,15888,174,1982,1982,1950
45,15767,15888,175,1963,1981,1808
45,15767,15888,176,1943,1981,1698
45,15767,15888,177,1928,1981,1559
45,15767,15888,178,1915,1981,1474
45,15767,15888,179,1900,1980,1362
45,15767,15888,180,1888,1979,1225
45,15767,15888,181,1872,1979,1102
45,15767,15888,182,1851,1979,978
45,15767,15888,183,1837,1979,823
45,15767,15888,184,1818,1978,689
45,15767,15888,185,1801,1976,543
45,15767,15888,186,1787,1976,432
45,15767,15888,187,1774,1974,290
45,15767,15888,188,1760,1974,212
45,15767,15888,189,1760,1974,228
45,15767,15888,190,1762,1974,244
45,15767,15888,191,1763,1974,254
45,15767,15888,192,1764,1975,272
45,15767,15888,193,1768,1975,286
45,15767,15888,194,1767,1975,298
45,15767,15888,195,1769,1975,312
45,15767,15888,196,1771,1975,330
45,15767,15888,197,1773,1975,344
45,15767,15888,198,1774,1975,356
45,15767,15888,199,1776,1975,369
45,15767,15888,200,1777,1976,383
45,15767,15888,201,1779,1976,401
45,15767,15888,202,1780,1976,414
45,15767,15888,203,1782,1976,427
45,15767,15888,204,1784,1976,425
45,15767,15888,205,1786,1976,456
45,15767,15888,206,1787,1977,469
45,15767,15888,207,1789,1977,487
45,15767,15888,208,1790,1977,498
45,15767,15888,209,1792,1977,514
45,15767,15888,210,1793,1977,527
45,15767,15888,211,1794,1977,541
45,15767,15888,212,1796,1977,550
45,15767,15888,213,1799,1978,568
45,15767,15888,214,1800,1978,587
45,15767,15888,215,1802,1979,596
45,15767,15888,216,1803,1978,612
45,15767,15888,217,1805,1979,623
45,15767,15888,218,1807,1979,640
45,15767,15888,219,1808,1979,653
45,15767,15888,220,1810,1978,671
45,15767,15888,221,1812,1979,684
45,15767,15888,222,1814,1979,693
45,15767,15888,223,1815,1979,711
45,15767,15888,224,1816,1979,726
45,15767,15888,225,1818,1979,736
45,15767,15888,226,1820,1979,751
45,15767,15888,227,1821,1979,770
45,15767,15888,228,1823,1979,781
45,15767,15888,229,1825,1979,796
45,15767,15888,230,1826,1979,815
45,15767,15888,231,1828,1979,825
45,15767,15888,232,1830,1979,844
45,15767,15888,233,1832,1979,853
45,15767,15888,234,1832,1979,867
45,15767,15888,235,1835,1979,881
45,15767,15888,236,1837,1980,895
45,15767,15888,237,1838,1980,914
45,15767,15888,238,1840,1979,924
45,15767,15888,239,1841,1980,937
45,15767,15888,240,1844,1980,952
45,15767,15888,241,1845,1980,969
45,15767,15888,242,1847,1980,980
45,15767,15888,243,1849,1980,996
45,15767,15888,244,1850,1980,1012
45,15767,15888,245,1853,1981,1027
45,15767,15888,246,1854,1981,1039
45,15767,15888,247,1855,1981,1052
45,15767,15888,248,1858,1981,1063
45,15767,15888,249,1859,1980,1080
45,15767,15888,250,1861,1981,1094
45,15767,15888,251,1863,1980,1108
45,15767,15888,252,1865,1981,1126
45,15767,15888,253,1866,1980,1142
45,15767,15888,254,1869,1981,1153
45,15767,15888,255,1869,1981,1167
45,15767,15888,256,1872,1981,1180
45,15767,15888,257,1874,1981,1194
45,15767,15888,258,1876,1981,1208
45,15767,15888,259,1877,1980,1223
45,15767,15888,260,1879,1981,1241
45,15767,15888,261,1881,1981,1252
45,15767,15888,262,1882,1981,1265
45,15767,15888,263,1884,1981,1280
45,15767,15888,264,1886,1981,1294
45,15767,15888,265,1886,1981,1312
45,15767,15888,266,1890,1981,1321
45,15767,15888,267,1890,1981,1325
45,15767,15888,268,1888,1981,1305
45,15767,15888,269,1886,1981,1295
45,15767,15888,270,1884,1981,1278
45,15767,15888,271,1883,1981,1264
45,15767,15888,272,1881,1980,1251
45,15767,15888,273,1878,1980,1237
45,15767,15888,274,1878,1981,1223
45,15767,15888,275,1876,1980,1210
45,15767,15888,276,1873,1980,1194
45,15767,15888,277,1873,1981,1177
45,15767,15888,278,1869,1981,1166
45,15767,15888,279,1868,1981,1148
45,15767,15888,280,1866,1980,1134
45,15767,15888,281,1864,1981,1124
45,15767,15888,282,1863,1981,1107
45,15767,15888,283,1861,1981,1096
45,15767,15888,284,1859,1980,1080
45,15767,15888,285,1858,1980,1065
45,15767,15888,286,1856,1980,1050
45,15767,15888,287,1854,1980,1036
45,15767,15888,288,1853,1980,1023
45,15767,15888,289,1850,1980,1008
45,15767,15888,290,1849,1980,997
45,15767,15888,291,1848,1980,984
45,15767,15888,292,1845,1980,967
45,15767,15888,293,1844,1980,954
45,15767,15888,294,1841,1980,940
45,15767,15888,295,1840,1980,929
45,15767,15888,296,1839,1979,912
45,15767,15888,297,1837,1980,893
45,15767,15888,298,1835,1979,880
45,15767,15888,299,1833,1979,867
45,15767,15888,300,1832,1980,856
45,15767,15888,301,1831,1979,841
45,15767,15888,302,1829,1979,827
45,15767,15888,303,1826,1980,816
45,15767,15888,304,1825,1979,795
45,15767,15888,305,1823,1979,779
45,15767,15888,306,1821,1979,770
45,15767,15888,307,1820,1979,755
45,15767,15888,308,1818,1979,742
45,15767,15888,309,1817,1978,724
45,15767,15888,310,1815,1978,713
45,15767,15888,311,1813,1979,698
45,15767,15888,312,1812,1978,684
45,15767,15888,313,1810,1978,668
45,15767,15888,314,1808,1978,658
45,15767,15888,315,1807,1978,639
45,15767,15888,316,1805,1978,624
45,15767,15888,317,1803,1978,613
45,15767,15888,318,1802,1978,598
45,15767,15888,319,1801,1978,582
45,15767,15888,320,1798,1978,571
45,15767,15888,321,1797,1978,556
45,15767,15888,322,1793,1977,543
45,15767,15888,323,1794,1977,527
45,15767,15888,324,1792,1977,513
45,15767,15888,325,1790,1977,497
45,15767,15888,326,1789,1977,484
45,15767,15888,327,1787,1977,472
45,15767,15888,328,1785,1976,457
45,15767,15888,329,1784,1976,440
45,15767,15888,330,1783,1976,424
45,15767,15888,331,1780,1976,415
45,15767,15888,332,1779,1976,399
45,15767,15888,333,1777,1976,385
45,15767,15888,334,1776,1975,371
45,15767,15888,335,1774,1975,364
45,15767,15888,336,1773,1975,345
45,15767,15888,337,1771,1975,330
45,15767,15888,338,1769,1975,314
45,15767,15888,339,1767,1975,298
45,15767,15888,340,1767,1974,286
45,15767,15888,341,1765,1974,273
45,15767,15888,342,1764,1974,259
45,15767,15888,343,1761,1974,244
45,15767,15888,344,1760,1974,223
45,15767,15888,345,1759,1974,217
45,15767,15888,346,1757,1974,203
45,15767,15888,347,1756,1974,186
45,15767,15888,348,1754,1973,172
45,15767,15888,349,1761,1975,244
45,15767,15888,350,1769,1976,319
45,15767,15888,351,1777,1977,416
45,15767,15888,352,1796,1978,535
45,15767,15888,353,1806,1979,660
45,15767,15888,354,1818,1980,765
45,15767,15888,355,1833,1980,891
46,15943,16064,0,1985,2023,1191
46,15943,16064,1,1875,1982,1237
46,15943,16064,2,1886,1982,1325
46,15943,16064,3,1897,1983,1420
46,15943,16064,4,1915,1982,1524
46,15943,16064,5,1926,1983,1634
46,15943,16064,6,1943,1983,1749
46,15943,16064,7,1959,1984,1878
46,15943,16064,8,1977,1983,2012
46,15943,16064,9,1990,1984,2137
46,15943,16064,10,2013,1985,2277
46,15943,16064,11,2034,1985,2433
46,15943,16064,12,2056,1985,2581
46,15943,16064,13,2073,1985,2721
46,15943,16064,14,2095,1986,2866
46,15943,16064,15,2114,1985,3007
46,15943,16064,16,2136,1986,3154
46,15943,16064,17,2152,1986,3286
46,15943,16064,18,2175,1986,3421
46,15943,16064,19,2187,1986,3501
46,15943,16064,20,2188,1985,3488
46,15943,16064,21,2185,1985,3473
46,15943,16064,22,2184,1985,3474
46,15943,16064,23,2185,1986,3475
46,15943,16064,24,2183,1985,3472
46,15943,16064,25,2181,1985,3454
46,15943,16064,26,2180,1985,3442
46,15943,16064,27,2177,1986,3433
46,15943,16064,28,2175,1985,3414
46,15943,16064,29,2173,1985,3399
46,15943,16064,30,2173,1985,3384
46,15943,16064,31,2169,1985,3369
46,15943,16064,32,2168,1986,3354
46,15943,16064,33,2165,1985,3337
46,15943,16064,34,2163,1986,3326
46,15943,16064,35,2161,1985,3311
46,15943,16064,36,2160,1986,3300
46,15943,16064,37,2157,1986,3285
46,15943,16064,38,2156,1986,3269
46,15943,16064,39,2153,1986,3254
46,15943,16064,40,2152,1986,3241
46,15943,16064,41,2150,1985,3226
46,15943,16064,42,2148,1985,3212
46,15943,16064,43,2146,1985,3202
46,15943,16064,44,2144,1985,3185
46,15943,16064,45,2143,1985,3174
46,15943,16064,46,2140,1985,3157
46,15943,16064,47,2138,1985,3142
46,15943,16064,48,2136,1986,3128
46,15943,16064,49,2134,1985,3109
46,15943,16064,50,2132,1985,3096
46,15943,16064,51,2129,1985,3088
46,15943,16064,52,2127,1985,3071
46,15943,16064,53,2126,1985,3055
46,15943,16064,54,2124,1985,3036
46,15943,16064,55,2122,1985,3028
46,15943,16064,56,2118,1985,3015
46,15943,16064,57,2118,1984,2998
46,15943,16064,58,2117,1984,2984
46,15943,16064,59,2115,1984,2973
46,15943,16064,60,2113,1985,2956
46,15943,16064,61,2110,1984,2941
46,15943,16064,62,2108,1985,2929
46,15943,16064,63,2106,1985,2917
46,15943,16064,64,2103,1984,2900
46,15943,16064,65,2102,1985,2885
46,15943,16064,66,2102,1984,2872
46,15943,16064,67,2098,1985,2860
46,15943,16064,68,2097,1984,2842
46,15943,16064,69,2093,1984,2827
46,15943,16064,70,2093,1984,2815
46,15943,16064,71,2091,1984,2799
46,15943,16064,72,2089,1984,2784
46,15943,16064,73,2087,1984,2774
46,15943,16064,74,2085,1984,2756
46,15943,16064,75,2084,1984,2745
46,15943,16064,76,2082,1984,2731
46,15943,16064,77,2079,1984,2716
46,15943,16064,78,2077,1984,2701
46,15943,16064,79,2076,1984,2688
46,15943,16064,80,2074,1983,2674
46,15943,16064,81,2071,1984,2662
46,15943,16064,82,2069,1984,2646
46,15943,16064,83,2068,1984,2632
46,15943,16064,84,2066,1984,2621
46,15943,16064,85,2064,1984,2602
46,15943,16064,86,2061,1984,2588
46,15943,16064,87,2060,1984,2576
46,15943,16064,88,2058,1983,2561
46,15943,16064,89,2058,1984,2560
46,15943,16064,90,2059,1984,2573
46,15943,16064,91,2062,1984,2586
46,15943,16064,92,2063,1983,2599
46,15943,16064,93,2066,1984,2619
46,15943,16064,94,2067,1984,2618
46,15943,16064,95,2069,1984,2646
46,15943,16064,96,2072,1984,2661
46,15943,16064,97,2073,1984,2671
46,15943,16064,98,2076,1984,2690
46,15943,16064,99,2077,1984,2698
46,15943,16064,100,2079,1984,2710
46,15943,16064,101,2081,1985,2729
46,15943,16064,102,2083,1984,2745
46,15943,16064,103,2084,1984,2759
46,15943,16064,104,2088,1984,2775
46,15943,16064,105,2088,1984,2789
46,15943,16064,106,2090,1984,2802
46,15943,16064,107,2092,1985,2813
46,15943,16064,108,2094,1985,2830
46,15943,16064,109,2096,1985,2842
46,15943,16064,110,2098,1984,2856
46,15943,16064,111,2101,1984,2874
46,15943,16064,112,2103,1985,2888
46,15943,16064,113,2101,1984,2902
46,15943,16064,114,2106,1985,2914
46,15943,16064,115,2108,1985,2929
46,15943,16064,116,2112,1985,2942
46,15943,16064,117,2111,1985,2959
46,15943,16064,118,2114,1985,2971
46,15943,16064,119,2116,1985,2987
46,15943,16064,120,2118,1985,2997
46,15943,16064,121,2120,1985,3014
46,15943,16064,122,2122,1985,3027
46,15943,16064,123,2131,1985,3043
46,15943,16064,124,2127,1985,3053
46,15943,16064,125,2128,1985,3077
46,15943,16064,126,2130,1985,3086
46,15943,16064,127,2132,1985,3099
46,15943,16064,128,2134,1985,3114
46,15943,16064,129,2135,1985,3127
46,15943,16064,130,2138,1985,3139
46,15943,16064,131,2140,1985,3161
46,15943,16064,132,2141,1986,3171
46,15943,16064,133,2143,1985,3183
46,15943,16064,134,2146,1985,3186
46,15943,16064,135,2147,1985,3212
46,15943,16064,136,2149,1985,3228
46,15943,16064,137,2152,1985,3244
46,15943,16064,138,2152,1985,3255
46,15943,16064,139,2156,1985,3268
46,15943,16064,140,2157,1985,3289
46,15943,16064,141,2159,1985,3297
46,15943,16064,142,2161,1986,3314
46,15943,16064,143,2163,1985,3326
46,15943,16064,144,2165,1986,3339
46,15943,16064,145,2167,1985,3354
46,15943,16064,146,2169,1985,3372
46,15943,16064,147,2171,1986,3382
46,15943,16064,148,2173,1985,3395
46,15943,16064,149,2175,1986,3409
46,15943,16064,150,2176,1986,3426
46,15943,16064,151,2180,1986,3437
46,15943,16064,152,2181,1986,3457
46,15943,16064,153,2183,1986,3469
46,15943,16064,154,2184,1986,3476
46,15943,16064,155,2184,1986,3473
46,15943,16064,156,2184,1986,3472
46,15943,16064,157,2187,1986,3497
46,15943,16064,158,2188,1985,3502
46,15943,16064,159,2190,1985,3513
46,15943,16064,160,2191,1986,3520
46,15943,16064,161,2192,1986,3524
46,15943,16064,162,2190,1986,3504
46,15943,16064,163,2178,1985,3418
46,15943,16064,164,2167,1984,3305
46,15943,16064,165,2150,1984,3192
46,15943,16064,166,2137,1984,3082
46,15943,16064,167,2118,1983,2958
46,15943,16064,168,2101,1983,2803
46,15943,16064,169,2083,1983,2677
46,15943,16064,170,2064,1982,2534
46,15943,16064,171,2042,1983,2404
46,15943,16064,172,2024,1982,2249
46,15943,16064,173,2004,1982,2130
46,15943,16064,174,1988,1981,1982
46,15943,16064,175,1967,1981,1850
46,15943,16064,176,1949,1981,1724
46,15943,16064,177,1917,1980,1549
46,15943,16064,178,1915,1981,1484
46,15943,16064,179,1900,1980,1357
46,15943,16064,180,1884,1980,1235
46,15943,16064,181,1867,1979,1106
46,15943,16064,182,1849,1979,934
46,15943,16064,183,1829,1978,790
46,15943,16064,184,1814,1977,647
46,15943,16064,185,1799,1977,515
46,15943,16064,186,1782,1976,354
46,15943,16064,187,1767,1973,221
46,15943,16064,188,1759,1974,215
46,15943,16064,189,1761,1974,230
46,15943,16064,190,1763,1974,243
46,15943,16064,191,1764,1974,255
46,15943,16064,192,1765,1975,274
46,15943,16064,193,1766,1975,286
46,15943,16064,194,1769,1975,302
46,15943,16064,195,1770,1975,317
46,15943,16064,196,1771,1975,330
46,15943,16064,197,1773,1976,344
46,15943,16064,198,1774,1975,355
46,15943,16064,199,1777,1976,372
46,15943,16064,200,1777,1976,386
46,15943,16064,201,1779,1976,408
46,15943,16064,202,1778,1976,413
46,15943,16064,203,1782,1976,429
46,15943,16064,204,1784,1976,444
46,15943,16064,205,1786,1977,454
46,15943,16064,206,1787,1977,470
46,15943,16064,207,1789,1977,483
46,15943,16064,208,1791,1977,502
46,15943,16064,209,1793,1977,514
46,15943,16064,210,1793,1977,526
46,15943,16064,211,1795,1978,542
46,15943,16064,212,1796,1977,555
46,15943,16064,213,1799,1978,559
46,15943,16064,214,1800,1978,587
46,15943,16064,215,1802,1978,599
46,15943,16064,216,1803,1978,614
46,15943,16064,217,1805,1977,626
46,15943,16064,218,1807,1978,640
46,15943,16064,219,1809,1978,654
46,15943,16064,220,1810,1978,669
46,15943,16064,221,1812,1979,687
46,15943,16064,222,1814,1978,693
46,15943,16064,223,1815,1979,713
46,15943,16064,224,1817,1978,724
46,15943,16064,225,1818,1979,739
46,15943,16064,226,1820,1979,755
46,15943,16064,227,1822,1979,767
46,15943,16064,228,1824,1979,780
46,15943,16064,229,1824,1979,799
46,15943,16064,230,1827,1980,813
46,15943,16064,231,1829,1979,825
46,15943,16064,232,1830,1980,839
46,15943,16064,233,1833,1980,855
46,15943,16064,234,1834,1980,865
46,15943,16064,235,1834,1979,876
46,15943,16064,236,1837,1980,888
46,15943,16064,237,1838,1980,911
46,15943,16064,238,1840,1980,927
46,15943,16064,239,1842,1980,939
46,15943,16064,240,1843,1980,954
46,15943,16064,241,1845,1980,970
46,15943,16064,242,1847,1980,981
46,15943,16064,243,1849,1980,996
46,15943,16064,244,1850,1980,1011
46,15943,16064,245,1852,1980,1024
46,15943,16064,246,1854,1980,1040
46,15943,16064,247,1856,1980,1061
46,15943,16064,248,1858,1981,1067
46,15943,16064,249,1857,1980,1080
46,15943,16064,250,1862,1981,1094
46,15943,16064,251,1862,1981,1110
46,15943,16064,252,1865,1981,1123
46,15943,16064,253,1866,1980,1155
46,15943,16064,254,1868,1981,1150
46,15943,16064,255,1870,1980,1171
46,15943,16064,256,1872,1981,1180
46,15943,16064,257,1873,1981,1196
46,15943,16064,258,1875,1981,1209
46,15943,16064,259,1877,1981,1219
46,15943,16064,260,1878,1981,1239
46,15943,16064,261,1880,1981,1253
46,15943,16064,262,1883,1980,1265
46,15943,16064,263,1885,1981,1276
46,15943,16064,264,1888,1980,1291
46,15943,16064,265,1889,1981,1308
46,15943,16064,266,1890,1981,1324
46,15943,16064,267,1889,1981,1325
46,15943,16064,268,1888,1981,1306
46,15943,16064,269,1886,1981,1294
46,15943,16064,270,1884,1980,1281
46,15943,16064,271,1883,1981,1264
46,15943,16064,272,1880,1980,1251
46,15943,16064,273,1879,1981,1236
46,15943,16064,274,1878,1981,1223
46,15943,16064,275,1877,1981,1207
46,15943,16064,276,1874,1981,1193
46,15943,16064,277,1872,1980,1180
46,15943,16064,278,1871,1980,1159
46,15943,16064,279,1869,1980,1149
46,15943,16064,280,1867,1981,1133
46,15943,16064,281,1864,1980,1120
46,15943,16064,282,1863,1980,1109
46,15943,16064,283,1862,1980,1094
46,15943,16064,284,1859,1981,1082
46,15943,16064,285,1858,1980,1066
46,15943,16064,286,1855,1980,1049
46,15943,16064,287,1855,1980,1043
46,15943,16064,288,1852,1980,1027
46,15943,16064,289,1851,1980,1008
46,15943,16064,290,1849,1980,999
46,15943,16064,291,1847,1981,979
46,15943,16064,292,1846,1980,970
46,15943,16064,293,1844,1979,954
46,15943,16064,294,1842,1980,938
46,15943,16064,295,1841,1980,925
46,15943,16064,296,1838,1980,911
46,15943,16064,297,1837,1980,892
46,15943,16064,298,1834,1979,879
46,15943,16064,299,1834,1979,867
46,15943,16064,300,1833,1979,852
46,15943,16064,301,1829,1979,839
46,15943,16064,302,1828,1979,823
46,15943,16064,303,1827,1979,810
46,15943,16064,304,1825,1979,796
46,15943,16064,305,1821,1979,780
46,15943,16064,306,1822,1979,770
46,15943,16064,307,1819,1978,754
46,15943,16064,308,1819,1978,744
46,15943,16064,309,1817,1979,724
46,15943,16064,310,1815,1979,710
46,15943,16064,311,1813,1978,695
46,15943,16064,312,1811,1979,684
46,15943,16064,313,1811,1978,669
46,15943,16064,314,1808,1978,656
46,15943,16064,315,1807,1978,640
46,15943,16064,316,1806,1978,623
46,15943,16064,317,1803,1978,613
46,15943,16064,318,1801,1978,599
46,15943,16064,319,1800,1977,584
46,15943,16064,320,1797,1978,569
46,15943,16064,321,1797,1977,556
46,15943,16064,322,1795,1977,541
46,15943,16064,323,1797,1977,526
46,15943,16064,324,1792,1977,511
46,15943,16064,325,1790,1977,499
46,15943,16064,326,1789,1977,483
46,15943,16064,327,1788,1977,472
46,15943,16064,328,1785,1976,457
46,15943,16064,329,1784,1977,443
46,15943,16064,330,1782,1976,428
46,15943,16064,331,1780,1976,413
46,15943,16064,332,1780,1976,400
46,15943,16064,333,1778,1976,381
46,15943,16064,334,1776,1976,371
46,15943,16064,335,1775,1976,356
46,15943,16064,336,1773,1975,343
46,15943,16064,337,1771,1975,327
46,15943,16064,338,1770,1975,313
46,15943,16064,339,1768,1975,299
46,15943,16064,340,1767,1975,287
46,15943,16064,341,1765,1974,269
46,15943,16064,342,1764,1975,259
46,15943,16064,343,1761,1975,243
46,15943,16064,344,1760,1974,227
46,15943,16064,345,1758,1974,214
46,15943,16064,346,1757,1974,206
46,15943,16064,347,1755,1974,186
46,15943,16064,348,1754,1973,172
46,15943,16064,349,1759,1974,246
46,15943,16064,350,1770,1976,312
46,15943,16064,351,1779,1977,422
46,15943,16064,352,1792,1978,526
46,15943,16064,353,1803,1979,689
46,15943,16064,354,1820,1980,787
46,15943,16064,355,1831,1981,925
47,16118,16239,0,1986,2021,1214
47,16118,16239,1,1878,1982,1273
47,16118,16239,2,1895,1982,1363
47,16118,16239,3,1907,1982,1454
47,16118,16239,4,1917,1982,1548
47,16118,16239,5,1931,1983,1662
47,16118,16239,6,1945,1982,1773
47,16118,16239,7,1962,1983,1903
47,16118,16239,8,1979,1984,2028
47,16118,16239,9,1997,1984,2150
47,16118,16239,10,2015,1984,2288
47,16118,16239,11,2035,1985,2424
47,16118,16239,12,2050,1985,2545
47,16118,16239,13,2069,1985,2657
47,16118,16239,14,2087,1985,2787
47,16118,16239,15,2102,1985,2907
47,16118,16239,16,2119,1985,3066
47,16118,16239,17,2142,1986,3192
47,16118,16239,18,2157,1987,3326
47,16118,16239,19,2177,1986,3445
47,16118,16239,20,2187,1986,3494
47,16118,16239,21,2184,1985,3472
47,16118,16239,22,2184,1985,3473
47,16118,16239,23,2184,1986,3478
47,16118,16239,24,2184,1985,3465
47,16118,16239,25,2182,1985,3457
47,16118,16239,26,2180,1986,3442
47,16118,16239,27,2178,1986,3423
47,16118,16239,28,2175,1986,3410
47,16118,16239,29,2174,1985,3394
47,16118,16239,30,2171,1985,3384
47,16118,16239,31,2170,1986,3373
47,16118,16239,32,2169,1985,3353
47,16118,16239,33,2167,1985,3343
47,16118,16239,34,2163,1985,3326
47,16118,16239,35,2161,1985,3310
47,16118,16239,36,2160,1986,3300
47,16118,16239,37,2157,1985,3286
47,16118,16239,38,2156,1986,3266
47,16118,16239,39,2153,1985,3255
47,16118,16239,40,2153,1985,3242
47,16118,16239,41,2150,1985,3227
47,16118,16239,42,2147,1985,3218
47,16118,16239,43,2147,1985,3200
47,16118,16239,44,2144,1985,3184
47,16118,16239,45,2142,1985,3175
47,16118,16239,46,2139,1985,3154
47,16118,16239,47,2138,1985,3144
47,16118,16239,48,2136,1985,3126
47,16118,16239,49,2135,1985,3113
47,16118,16239,50,2132,1984,3100
47,16118,16239,51,2130,1985,3086
47,16118,16239,52,2132,1985,3070
47,16118,16239,53,2127,1985,3054
47,16118,16239,54,2124,1985,3041
47,16118,16239,55,2122,1985,3032
47,16118,16239,56,2121,1984,3012
47,16118,16239,57,2118,1985,3002
47,16118,16239,58,2116,1984,2984
47,16118,16239,59,2114,1985,2968
47,16118,16239,60,2113,1985,2959
47,16118,16239,61,2110,1985,2942
47,16118,16239,62,2108,1984,2926
47,16118,16239,63,2107,1985,2915
47,16118,16239,64,2104,1984,2900
47,16118,16239,65,2104,1984,2888
47,16118,16239,66,2101,1984,2876
47,16118,16239,67,2099,1984,2856
47,16118,16239,68,2098,1985,2842
47,16118,16239,69,2095,1984,2829
47,16118,16239,70,2093,1984,2816
47,16118,16239,71,2091,1984,2802
47,16118,16239,72,2089,1985,2789
47,16118,16239,73,2087,1985,2772
47,16118,16239,74,2085,1984,2755
47,16118,16239,75,2083,1984,2744
47,16118,16239,76,2081,1984,2730
47,16118,16239,77,2079,1984,2717
47,16118,16239,78,2078,1984,2700
47,16118,16239,79,2075,1984,2698
47,16118,16239,80,2074,1984,2673
47,16118,16239,81,2071,1985,2659
47,16118,16239,82,2070,1984,2641
47,16118,16239,83,2067,1984,2632
47,16118,16239,84,2066,1984,2618
47,16118,16239,85,2064,1984,2604
47,16118,16239,86,2061,1984,2587
47,16118,16239,87,2060,1984,2578
47,16118,16239,88,2058,1984,2560
47,16118,16239,89,2058,1984,2558
47,16118,16239,90,2059,1983,2574
47,16118,16239,91,2062,1984,2590
47,16118,16239,92,2064,1984,2600
47,16118,16239,93,2066,1984,2615
47,16118,16239,94,2068,1984,2631
47,16118,16239,95,2070,1985,2648
47,16118,16239,96,2071,1984,2659
47,16118,16239,97,2073,1984,2668
47,16118,16239,98,2075,1984,2686
47,16118,16239,99,2078,1985,2701
47,16118,16239,100,2078,1985,2714
47,16118,16239,101,2082,1985,2732
47,16118,16239,102,2083,1985,2742
47,16118,16239,103,2085,1984,2755
47,16118,16239,104,2087,1984,2770
47,16118,16239,105,2089,1984,2789
47,16118,16239,106,2091,1984,2801
47,16118,16239,107,2093,1985,2819
47,16118,16239,108,2095,1985,2832
47,16118,16239,109,2096,1985,2843
47,16118,16239,110,2097,1985,2858
47,16118,16239,111,2102,1984,2871
47,16118,16239,112,2102,1985,2889
47,16118,16239,113,2105,1985,2905
47,16118,16239,114,2106,1985,2913
47,16118,16239,115,2108,1984,2929
47,16118,16239,116,2112,1984,2944
47,16118,16239,117,2113,1984,2955
47,16118,16239,118,2114,1985,2968
47,16118,16239,119,2117,1985,2984
47,16118,16239,120,2115,1984,2999
47,16118,16239,121,2121,1985,3013
47,16118,16239,122,2122,1985,3029
47,16118,16239,123,2125,1985,3042
47,16118,16239,124,2126,1985,3056
47,16118,16239,125,2129,1985,3070
47,16118,16239,126,2131,1985,3085
47,16118,16239,127,2132,1985,3100
47,16118,16239,128,2134,1985,3112
47,16118,16239,129,2136,1985,3127
47,16118,16239,130,2137,1985,3139
47,16118,16239,131,2140,1985,3155
47,16118,16239,132,2142,1986,3171
47,16118,16239,133,2143,1985,3182
47,16118,16239,134,2146,1985,3193
47,16118,16239,135,2147,1985,3205
47,16118,16239,136,2150,1985,3229
47,16118,16239,137,2151,1985,3240
47,16118,16239,138,2149,1985,3258
47,16118,16239,139,2156,1985,3267
47,16118,16239,140,2158,1985,3284
47,16118,16239,141,2159,1985,3298
47,16118,16239,142,2162,1985,3310
47,16118,16239,143,2164,1985,3327
47,16118,16239,144,2166,1985,3339
47,16118,16239,145,2167,1986,3357
47,16118,16239,146,2168,1985,3368
47,16118,16239,147,2171,1986,3386
47,16118,16239,148,2173,1985,3399
47,16118,16239,149,2174,1986,3410
47,16118,16239,150,2178,1985,3426
47,16118,16239,151,2179,1986,3441
47,16118,16239,152,2181,1986,3452
47,16118,16239,153,2183,1986,3470
47,16118,16239,154,2185,1986,3478
47,16118,16239,155,2184,1986,3472
47,16118,16239,156,2184,1986,3472
47,16118,16239,157,2187,1986,3490
47,16118,16239,158,2189,1987,3507
47,16118,16239,159,2188,1986,3510
47,16118,16239,160,2191,1986,3515
47,16118,16239,161,2190,1987,3512
47,16118,16239,162,2181,1985,3425
47,16118,16239,163,2169,1984,3310
47,16118,16239,164,2155,1984,3219
47,16118,16239,165,2141,1984,3097
47,16118,16239,166,2123,1985,2978
47,16118,16239,167,2104,1984,2857
47,16118,16239,168,2092,1983,2743
47,16118,16239,169,2071,1983,2612
47,16118,16239,170,2054,1983,2486
47,16118,16239,171,2036,1982,2347
47,16118,16239,172,2017,1983,2241
47,16118,16239,173,2000,1982,2091
47,16118,16239,174,1980,1982,1972
47,16118,16239,175,1964,1981,1824
47,16118,16239,176,1947,1981,1687
47,16118,16239,177,1928,1980,1554
47,16118,16239,178,1917,1981,1471
47,16118,16239,179,1899,1981,1359
47,16118,16239,180,1885,1980,1220
47,16118,16239,181,1865,1979,1083
47,16118,16239,182,1846,1980,950
47,16118,16239,183,1833,1978,823
47,16118,16239,184,1820,1978,708
47,16118,16239,185,1804,1977,591
47,16118,16239,186,1793,1976,459
47,16118,16239,187,1773,1975,324
47,16118,16239,188,1761,1974,218
47,16118,16239,189,1760,1975,228
47,16118,16239,190,1762,1974,243
47,16118,16239,191,1764,1974,257
47,16118,16239,192,1765,1974,274
47,16118,16239,193,1767,1975,287
47,16118,16239,194,1768,1975,300
47,16118,16239,195,1770,1975,317
47,16118,16239,196,1772,1975,329
47,16118,16239,197,1773,1975,340
47,16118,16239,198,1775,1976,356
47,16118,16239,199,1777,1976,371
47,16118,16239,200,1777,1977,386
47,16118,16239,201,1779,1976,402
47,16118,16239,202,1781,1976,413
47,16118,16239,203,1783,1976,432
47,16118,16239,204,1785,1977,444
47,16118,16239,205,1786,1977,459
47,16118,16239,206,1788,1977,467
47,16118,16239,207,1789,1977,484
47,16118,16239,208,1791,1977,498
47,16118,16239,209,1792,1978,510
47,16118,16239,210,1794,1977,525
47,16118,16239,211,1796,1978,540
47,16118,16239,212,1797,1978,556
47,16118,16239,213,1798,1978,569
47,16118,16239,214,1800,1978,585
47,16118,16239,215,1803,1978,600
47,16118,16239,216,1803,1978,620
47,16118,16239,217,1806,1979,627
47,16118,16239,218,1807,1978,642
47,16118,16239,219,1809,1978,658
47,16118,16239,220,1810,1979,669
47,16118,16239,221,1809,1978,682
47,16118,16239,222,1814,1979,697
47,16118,16239,223,1815,1979,712
47,16118,16239,224,1817,1979,725
47,16118,16239,225,1818,1979,742
47,16118,16239,226,1820,1979,757
47,16118,16239,227,1822,1980,771
47,16118,16239,228,1823,1979,782
47,16118,16239,229,1825,1979,800
47,16118,16239,230,1827,1979,811
47,16118,16239,231,1829,1979,826
47,16118,16239,232,1830,1980,839
47,16118,16239,233,1832,1979,853
47,16118,16239,234,1834,1980,863
47,16118,16239,235,1836,1979,883
47,16118,16239,236,1837,1980,896
47,16118,16239,237,1838,1980,911
47,16118,16239,238,1840,1980,925
47,16118,16239,239,1842,1980,942
47,16118,16239,240,1844,1981,956
47,16118,16239,241,1846,1980,966
47,16118,16239,242,1847,1981,985
47,16118,16239,243,1849,1980,997
47,16118,16239,244,1850,1980,1008
47,16118,16239,245,1856,1981,1020
47,16118,16239,246,1855,1981,1039
47,16118,16239,247,1856,1981,1052
47,16118,16239,248,1857,1981,1062
47,16118,16239,249,1860,1981,1089
47,16118,16239,250,1861,1981,1097
47,16118,16239,251,1863,1982,1109
47,16118,16239,252,1864,1981,1121
47,16118,16239,253,1868,1981,1136
47,16118,16239,254,1867,1981,1155
47,16118,16239,255,1870,1981,1164
47,16118,16239,256,1873,1981,1178
47,16118,16239,257,1874,1981,1193
47,16118,16239,258,1876,1981,1213
47,16118,16239,259,1877,1981,1221
47,16118,16239,260,1879,1981,1245
47,16118,16239,261,1881,1981,1253
47,16118,16239,262,1882,1982,1263
47,16118,16239,263,1885,1982,1282
47,16118,16239,264,1886,1981,1285
47,16118,16239,265,1888,1982,1309
47,16118,16239,266,1891,1982,1323
47,16118,16239,267,1890,1981,1322
47,16118,16239,268,1889,1981,1309
47,16118,16239,269,1887,1981,1292
47,16118,16239,270,1885,1981,1278
47,16118,16239,271,1882,1981,1256
47,16118,16239,272,1881,1981,1251
47,16118,16239,273,1879,1981,1235
47,16118,16239,274,1877,1981,1221
47,16118,16239,275,1876,1981,1211
47,16118,16239,276,1873,1980,1198
47,16118,16239,277,1872,1980,1180
47,16118,16239,278,1871,1981,1165
47,16118,16239,279,1868,1980,1152
47,16118,16239,280,1867,1981,1135
47,16118,16239,281,1865,1980,1123
47,16118,16239,282,1863,1980,1110
47,16118,16239,283,1862,1980,1100
47,16118,16239,284,1860,1980,1079
47,16118,16239,285,1857,1980,1067
47,16118,16239,286,1857,1980,1053
47,16118,16239,287,1854,1980,1035
47,16118,16239,288,1852,1980,1023
47,16118,16239,289,1851,1980,1013
47,16118,16239,290,1849,1980,995
47,16118,16239,291,1847,1980,982
47,16118,16239,292,1846,1980,966
47,16118,16239,293,1844,1980,952
47,16118,16239,294,1842,1979,937
47,16118,16239,295,1840,1980,928
47,16118,16239,296,1839,1979,912
47,16118,16239,297,1837,1980,894
47,16118,16239,298,1835,1980,882
47,16118,16239,299,1834,1980,866
47,16118,16239,300,1831,1979,852
47,16118,16239,301,1830,1980,838
47,16118,16239,302,1828,1979,823
47,16118,16239,303,1827,1980,810
47,16118,16239,304,1825,1979,796
47,16118,16239,305,1823,1979,783
47,16118,16239,306,1822,1978,767
47,16118,16239,307,1819,1979,754
47,16118,16239,308,1818,1979,742
47,16118,16239,309,1817,1979,724
47,16118,16239,310,1815,1978,715
47,16118,16239,311,1812,1979,697
47,16118,16239,312,1812,1978,682
47,16118,16239,313,1810,1978,667
47,16118,16239,314,1811,1979,656
47,16118,16239,315,1806,1979,640
47,16118,16239,316,1805,1978,624
47,16118,16239,317,1804,1978,611
47,16118,16239,318,1802,1977,598
47,16118,16239,319,1801,1978,583
47,16118,16239,320,1799,1978,577
47,16118,16239,321,1798,1978,552
47,16118,16239,322,1796,1977,543
47,16118,16239,323,1794,1978,532
47,16118,16239,324,1792,1977,513
47,16118,16239,325,1791,1977,498
47,16118,16239,326,1790,1977,483
47,16118,16239,327,1787,1976,475
47,16118,16239,328,1784,1977,457
47,16118,16239,329,1784,1976,442
47,16118,16239,330,1782,1977,427
47,16118,16239,331,1781,1977,416
47,16118,16239,332,1779,1976,399
47,16118,16239,333,1777,1976,384
47,16118,16239,334,1776,1976,369
47,16118,16239,335,1774,1975,363
47,16118,16239,336,1772,1976,343
47,16118,16239,337,1769,1975,328
47,16118,16239,338,1770,1975,315
47,16118,16239,339,1768,1975,296
47,16118,16239,340,1766,1975,287
47,16118,16239,341,1764,1975,274
47,16118,16239,342,1763,1975,258
47,16118,16239,343,1761,1975,243
47,16118,16239,344,1760,1974,233
47,16118,16239,345,1758,1974,222
47,16118,16239,346,1757,1974,199
47,16118,16239,347,1755,1973,184
47,16118,16239,348,1754,1973,178
47,16118,16239,349,1761,1973,236
47,16118,16239,350,1770,1976,318
47,16118,16239,351,1781,1977,423
47,16118,16239,352,1790,1977,525
47,16118,16239,353,1806,1979,645
47,16118,16239,354,1817,1980,767
47,16118,16239,355,1831,1980,893
48,16289,16410,0,1983,2020,1170
48,16289,16410,1,1873,1983,1223
48,16289,16410,2,1884,1982,1296
48,16289,16410,3,1896,1982,1382
48,16289,16410,4,1909,1982,1473
48,16289,16410,5,1920,1983,1578
48,16289,16410,6,1938,1983,1724
48,16289,16410,7,1953,1983,1845
48,16289,16410,8,1972,1984,1968
48,16289,16410,9,1988,1984,2101
48,16289,16410,10,2009,1985,2273
48,16289,16410,11,2027,1985,2393
48,16289,16410,12,2048,1985,2517
48,16289,16410,13,2069,1985,2671
48,16289,16410,14,2083,1985,2809
48,16289,16410,15,2104,1986,2946
48,16289,16410,16,2124,1986,3097
48,16289,16410,17,2142,1986,3226
48,16289,16410,18,2163,1986,3358
48,16289,16410,19,2184,1986,3477
48,16289,16410,20,2187,1985,3496
48,16289,16410,21,2184,1985,3472
48,16289,16410,22,2184,1985,3474
48,16289,16410,23,2185,1986,3476
48,16289,16410,24,2184,1986,3469
48,16289,16410,25,2181,1986,3454
48,16289,16410,26,2180,1985,3442
48,16289,16410,27,2176,1986,3426
48,16289,16410,28,2176,1985,3413
48,16289,16410,29,2174,1986,3398
48,16289,16410,30,2172,1986,3383
48,16289,16410,31,2170,1986,3370
48,16289,16410,32,2167,1985,3352
48,16289,16410,33,2165,1986,3341
48,16289,16410,34,2164,1986,3330
48,16289,16410,35,2161,1985,3306
48,16289,16410,36,2160,1985,3298
48,16289,16410,37,2157,1985,3285
48,16289,16410,38,2156,1985,3268
48,16289,16410,39,2153,1985,3256
48,16289,16410,40,2152,1985,3243
48,16289,16410,41,2150,1985,3230
48,16289,16410,42,2149,1985,3215
48,16289,16410,43,2146,1985,3198
48,16289,16410,44,2145,1985,3186
48,16289,16410,45,2142,1985,3171
48,16289,16410,46,2140,1985,3157
48,16289,16410,47,2138,1984,3134
48,16289,16410,48,2137,1985,3123
48,16289,16410,49,2133,1986,3114
48,16289,16410,50,2132,1984,3098
48,16289,16410,51,2131,1985,3083
48,16289,16410,52,2129,1985,3068
48,16289,16410,53,2127,1985,3056
48,16289,16410,54,2124,1985,3043
48,16289,16410,55,2123,1985,3026
48,16289,16410,56,2120,1985,3015
48,16289,16410,57,2118,1985,3000
48,16289,16410,58,2116,1985,2986
48,16289,16410,59,2115,1984,2968
48,16289,16410,60,2113,1985,2959
48,16289,16410,61,2111,1985,2942
48,16289,16410,62,2109,1984,2931
48,16289,16410,63,2107,1984,2915
48,16289,16410,64,2104,1985,2901
48,16289,16410,65,2102,1984,2877
48,16289,16410,66,2101,1984,2871
48,16289,16410,67,2099,1984,2855
48,16289,16410,68,2097,1985,2846
48,16289,16410,69,2095,1984,2834
48,16289,16410,70,2093,1984,2819
48,16289,16410,71,2091,1984,2800
48,16289,16410,72,2089,1984,2789
48,16289,16410,73,2087,1984,2771
48,16289,16410,74,2086,1985,2760
48,16289,16410,75,2082,1984,2744
48,16289,16410,76,2082,1984,2727
48,16289,16410,77,2079,1984,2715
48,16289,16410,78,2078,1984,2702
48,16289,16410,79,2075,1984,2688
48,16289,16410,80,2073,1985,2673
48,16289,16410,81,2071,1985,2660
48,16289,16410,82,2070,1984,2646
48,16289,16410,83,2067,1984,2630
48,16289,16410,84,2069,1984,2618
48,16289,16410,85,2063,1983,2600
48,16289,16410,86,2062,1983,2587
48,16289,16410,87,2060,1984,2575
48,16289,16410,88,2058,1984,2554
48,16289,16410,89,2057,1984,2562
48,16289,16410,90,2060,1984,2574
48,16289,16410,91,2063,1984,2588
48,16289,16410,92,2065,1984,2601
48,16289,16410,93,2065,1984,2618
48,16289,16410,94,2068,1984,2631
48,16289,16410,95,2070,1984,2647
48,16289,16410,96,2072,1984,2662
48,16289,16410,97,2073,1984,2672
48,16289,16410,98,2075,1984,2686
48,16289,16410,99,2077,1984,2701
48,16289,16410,100,2080,1984,2714
48,16289,16410,101,2082,1984,2731
48,16289,16410,102,2083,1984,2743
48,16289,16410,103,2085,1985,2758
48,16289,16410,104,2088,1985,2775
48,16289,16410,105,2089,1985,2790
48,16289,16410,106,2090,1984,2798
48,16289,16410,107,2093,1985,2818
48,16289,16410,108,2093,1984,2835
48,16289,16410,109,2097,1985,2844
48,16289,16410,110,2098,1984,2854
48,16289,16410,111,2102,1985,2870
48,16289,16410,112,2101,1985,2889
48,16289,16410,113,2104,1984,2902
48,16289,16410,114,2106,1984,2894
48,16289,16410,115,2109,1985,2927
48,16289,16410,116,2110,1985,2937
48,16289,16410,117,2112,1985,2957
48,16289,16410,118,2116,1985,2972
48,16289,16410,119,2117,1985,2989
48,16289,16410,120,2117,1985,3000
48,16289,16410,121,2121,1984,3012
48,16289,16410,122,2121,1984,3028
48,16289,16410,123,2124,1985,3047
48,16289,16410,124,2127,1984,3057
48,16289,16410,125,2128,1985,3069
48,16289,16410,126,2129,1985,3082
48,16289,16410,127,2133,1985,3101
48,16289,16410,128,2135,1985,3113
48,16289,16410,129,2136,1985,3126
48,16289,16410,130,2138,1985,3141
48,16289,16410,131,2140,1985,3156
48,16289,16410,132,2142,1985,3171
48,16289,16410,133,2144,1984,3183
48,16289,16410,134,2147,1985,3199
48,16289,16410,135,2147,1986,3211
48,16289,16410,136,2150,1985,3229
48,16289,16410,137,2151,1985,3241
48,16289,16410,138,2154,1986,3259
48,16289,16410,139,2155,1985,3268
48,16289,16410,140,2158,1986,3284
48,16289,16410,141,2158,1985,3299
48,16289,16410,142,2162,1986,3313
48,16289,16410,143,2163,1985,3323
48,16289,16410,144,2166,1985,3342
48,16289,16410,145,2168,1985,3351
48,16289,16410,146,2169,1986,3371
48,16289,16410,147,2172,1985,3384
48,16289,16410,148,2174,1986,3398
48,16289,16410,149,2175,1986,3410
48,16289,16410,150,2177,1986,3425
48,16289,16410,151,2179,1986,3431
48,16289,16410,152,2180,1986,3453
48,16289,16410,153,2183,1985,3469
48,16289,16410,154,2185,1986,3477
48,16289,16410,155,2184,1985,3474
48,16289,16410,156,2184,1985,3472
48,16289,16410,157,2186,1986,3485
48,16289,16410,158,2187,1986,3503
48,16289,16410,159,2189,1986,3515
48,16289,16410,160,2191,1986,3519
48,16289,16410,161,2190,1986,3512
48,16289,16410,162,2189,1985,3466
48,16289,16410,163,2175,1985,3367
48,16289,16410,164,2159,1985,3257
48,16289,16410,165,2145,1984,3146
48,16289,16410,166,2127,1984,3024
48,16289,16410,167,2111,1983,2904
48,16289,16410,168,2094,1983,2786
48,16289,16410,169,2076,1983,2653
48,16289,16410,170,2063,1983,2544
48,16289,16410,171,2043,1983,2434
48,16289,16410,172,2029,1983,2308
48,16289,16410,173,2007,1982,2168
48,16289,16410,174,1994,1981,2051
48,16289,16410,175,1972,1981,1900
48,16289,16410,176,1956,1981,1755
48,16289,16410,177,1934,1981,1626
48,16289,16410,178,1924,1981,1536
48,16289,16410,179,1899,1980,1407
48,16289,16410,180,1888,1980,1263
48,16289,16410,181,1872,1979,1130
48,16289,16410,182,1854,1978,988
48,16289,16410,183,1839,1978,844
48,16289,16410,184,1820,1978,710
48,16289,16410,185,1800,1976,567
48,16289,16410,186,1787,1976,419
48,16289,16410,187,1772,1974,281
48,16289,16410,188,1759,1974,216
48,16289,16410,189,1760,1975,233
48,16289,16410,190,1762,1975,243
48,16289,16410,191,1763,1975,253
48,16289,16410,192,1765,1975,269
48,16289,16410,193,1766,1974,286
48,16289,16410,194,1769,1976,302
48,16289,16410,195,1770,1976,317
48,16289,16410,196,1771,1975,330
48,16289,16410,197,1773,1975,342
48,16289,16410,198,1773,1976,357
48,16289,16410,199,1776,1976,371
48,16289,16410,200,1778,1976,386
48,16289,16410,201,1778,1975,401
48,16289,16410,202,1781,1976,412
48,16289,16410,203,1783,1976,425
48,16289,16410,204,1784,1977,444
48,16289,16410,205,1785,1976,458
48,16289,16410,206,1788,1976,469
48,16289,16410,207,1789,1977,484
48,16289,16410,208,1791,1977,499
48,16289,16410,209,1793,1977,512
48,16289,16410,210,1795,1977,527
48,16289,16410,211,1795,1977,542
48,16289,16410,212,1797,1978,555
48,16289,16410,213,1798,1977,567
48,16289,16410,214,1801,1978,584
48,16289,16410,215,1802,1978,597
48,16289,16410,216,1804,1977,612
48,16289,16410,217,1805,1978,628
48,16289,16410,218,1806,1978,641
48,16289,16410,219,1809,1978,653
48,16289,16410,220,1810,1978,668
48,16289,16410,221,1811,1978,683
48,16289,16410,222,1813,1979,703
48,16289,16410,223,1815,1979,709
48,16289,16410,224,1817,1980,728
48,16289,16410,225,1818,1979,747
48,16289,16410,226,1820,1979,752
48,16289,16410,227,1822,1979,766
48,16289,16410,228,1823,1979,783
48,16289,16410,229,1825,1979,788
48,16289,16410,230,1827,1979,811
48,16289,16410,231,1829,1980,823
48,16289,16410,232,1831,1980,841
48,16289,16410,233,1832,1980,856
48,16289,16410,234,1833,1980,867
48,16289,16410,235,1835,1980,878
48,16289,16410,236,1837,1979,896
48,16289,16410,237,1839,1980,913
48,16289,16410,238,1840,1980,927
48,16289,16410,239,1844,1980,937
48,16289,16410,240,1844,1980,955
48,16289,16410,241,1846,1979,967
48,16289,16410,242,1847,1980,979
48,16289,16410,243,1849,1980,994
48,16289,16410,244,1851,1980,1011
48,16289,16410,245,1853,1981,1020
48,16289,16410,246,1853,1980,1040
48,16289,16410,247,1856,1980,1052
48,16289,16410,248,1858,1980,1067
48,16289,16410,249,1860,1980,1081
48,16289,16410,250,1862,1980,1097
48,16289,16410,251,1863,1981,1109
48,16289,16410,252,1865,1981,1124
48,16289,16410,253,1866,1981,1136
48,16289,16410,254,1869,1981,1154
48,16289,16410,255,1869,1981,1170
48,16289,16410,256,1872,1981,1175
48,16289,16410,257,1873,1981,1194
48,16289,16410,258,1876,1981,1208
48,16289,16410,259,1876,1981,1224
48,16289,16410,260,1879,1981,1239
48,16289,16410,261,1881,1981,1251
48,16289,16410,262,1883,1981,1263
48,16289,16410,263,1885,1981,1281
48,16289,16410,264,1886,1981,1293
48,16289,16410,265,1888,1981,1311
48,16289,16410,266,1891,1981,1322
48,16289,16410,267,1889,1981,1325
48,16289,16410,268,1889,1981,1306
48,16289,16410,269,1887,1981,1292
48,16289,16410,270,1884,1981,1281
48,16289,16410,271,1882,1981,1264
48,16289,16410,272,1881,1981,1251
48,16289,16410,273,1879,1981,1238
48,16289,16410,274,1877,1981,1223
48,16289,16410,275,1875,1980,1207
48,16289,16410,276,1874,1981,1192
48,16289,16410,277,1872,1981,1179
48,16289,16410,278,1871,1980,1165
48,16289,16410,279,1869,1980,1143
48,16289,16410,280,1867,1980,1136
48,16289,16410,281,1864,1981,1122
48,16289,16410,282,1863,1980,1109
48,16289,16410,283,1861,1981,1095
48,16289,16410,284,1859,1980,1080
48,16289,16410,285,1858,1980,1067
48,16289,16410,286,1857,1981,1056
48,16289,16410,287,1854,1980,1045
48,16289,16410,288,1852,1980,1026
48,16289,16410,289,1851,1980,1014
48,16289,16410,290,1849,1980,998
48,16289,16410,291,1846,1980,982
48,16289,16410,292,1846,1980,968
48,16289,16410,293,1842,1980,956
48,16289,16410,294,1842,1979,940
48,16289,16410,295,1841,1980,922
48,16289,16410,296,1839,1979,912
48,16289,16410,297,1837,1980,896
48,16289,16410,298,1835,1979,882
48,16289,16410,299,1834,1979,868
48,16289,16410,300,1832,1979,853
48,16289,16410,301,1829,1979,838
48,16289,16410,302,1829,1979,822
48,16289,16410,303,1826,1979,808
48,16289,16410,304,1822,1979,798
48,16289,16410,305,1823,1979,780
48,16289,16410,306,1822,1979,768
48,16289,16410,307,1819,1979,757
48,16289,16410,308,1818,1979,740
48,16289,16410,309,1815,1979,725
48,16289,16410,310,1815,1979,710
48,16289,16410,311,1813,1978,696
48,16289,16410,312,1811,1978,686
48,16289,16410,313,1810,1978,670
48,16289,16410,314,1808,1978,652
48,16289,16410,315,1806,1978,640
48,16289,16410,316,1806,1978,623
48,16289,16410,317,1804,1978,613
48,16289,16410,318,1802,1978,598
48,16289,16410,319,1800,1978,584
48,16289,16410,320,1798,1978,569
48,16289,16410,321,1797,1978,556
48,16289,16410,322,1796,1977,541
48,16289,16410,323,1794,1976,527
48,16289,16410,324,1792,1977,514
48,16289,16410,325,1790,1977,504
48,16289,16410,326,1789,1976,484
48,16289,16410,327,1786,1976,471
48,16289,16410,328,1786,1976,455
48,16289,16410,329,1785,1976,441
48,16289,16410,330,1782,1976,429
48,16289,16410,331,1781,1976,412
48,16289,16410,332,1780,1976,400
48,16289,16410,333,1778,1976,385
48,16289,16410,334,1776,1975,373
48,16289,16410,335,1775,1976,355
48,16289,16410,336,1773,1975,341
48,16289,16410,337,1771,1976,330
48,16289,16410,338,1770,1976,316
48,16289,16410,339,1769,1975,298
48,16289,16410,340,1767,1975,286
48,16289,16410,341,1765,1975,272
48,16289,16410,342,1763,1975,257
48,16289,16410,343,1762,1974,242
48,16289,16410,344,1760,1974,228
48,16289,16410,345,1759,1974,214
48,16289,16410,346,1757,1973,195
48,16289,16410,347,1756,1974,190
48,16289,16410,348,1753,1973,175
48,16289,16410,349,1757,1974,204
48,16289,16410,350,1765,1976,284
48,16289,16410,351,1775,1977,386
48,16289,16410,352,1788,1978,521
48,16289,16410,353,1801,1978,622
48,16289,16410,354,1817,1979,744
48,16289,16410,355,1830,1980,861
49,16464,16585,0,1985,2021,1218
49,16464,16585,1,1881,1982,1309
49,16464,16585,2,1898,1982,1389
49,16464,16585,3,1907,1982,1496
49,16464,16585,4,1925,1982,1600
49,16464,16585,5,1937,1982,1710
49,16464,16585,6,1951,1982,1816
49,16464,16585,7,1967,1983,1932
49,16464,16585,8,1982,1983,2051
49,16464,16585,9,2001,1984,2182
49,16464,16585,10,2020,1985,2311
49,16464,16585,11,2034,1984,2431
49,16464,16585,12,2056,1985,2586
49,16464,16585,13,2071,1985,2691
49,16464,16585,14,2090,1985,2833
49,16464,16585,15,2109,1985,2972
49,16464,16585,16,2129,1986,3122
49,16464,16585,17,2147,1986,3235
49,16464,16585,18,2166,1987,3395
49,16464,16585,19,2184,1986,3493
49,16464,16585,20,2187,1985,3494
49,16464,16585,21,2184,1986,3473
49,16464,16585,22,2184,1986,3473
49,16464,16585,23,2184,1985,3479
49,16464,16585,24,2184,1986,3469
49,16464,16585,25,2181,1986,3454
49,16464,16585,26,2180,1986,3442
49,16464,16585,27,2176,1986,3424
49,16464,16585,28,2175,1986,3416
49,16464,16585,29,2173,1985,3402
49,16464,16585,30,2172,1985,3385
49,16464,16585,31,2170,1985,3376
49,16464,16585,32,2168,1985,3358
49,16464,16585,33,2165,1986,3343
49,16464,16585,34,2164,1986,3327
49,16464,16585,35,2161,1985,3315
49,16464,16585,36,2159,1985,3293
49,16464,16585,37,2158,1985,3286
49,16464,16585,38,2155,1985,3278
49,16464,16585,39,2154,1985,3255
49,16464,16585,40,2151,1985,3244
49,16464,16585,41,2149,1984,3225
49,16464,16585,42,2148,1985,3213
49,16464,16585,43,2145,1985,3192
49,16464,16585,44,2144,1985,3188
49,16464,16585,45,2141,1985,3168
49,16464,16585,46,2140,1985,3157
49,16464,16585,47,2138,1985,3143
49,16464,16585,48,2136,1985,3127
49,16464,16585,49,2134,1985,3112
49,16464,16585,50,2131,1985,3100
49,16464,16585,51,2130,1985,3083
49,16464,16585,52,2129,1985,3073
49,16464,16585,53,2126,1985,3052
49,16464,16585,54,2123,1985,3041
49,16464,16585,55,2122,1984,3028
49,16464,16585,56,2119,1984,3013
49,16464,16585,57,2119,1985,2998
49,16464,16585,58,2115,1985,2981
49,16464,16585,59,2114,1984,2971
49,16464,16585,60,2112,1984,2955
49,16464,16585,61,2110,1985,2939
49,16464,16585,62,2108,1985,2927
49,16464,16585,63,2107,1984,2915
49,16464,16585,64,2105,1985,2899
49,16464,16585,65,2103,1984,2889
49,16464,16585,66,2101,1985,2870
49,16464,16585,67,2098,1984,2856
49,16464,16585,68,2098,1985,2845
49,16464,16585,69,2095,1984,2826
49,16464,16585,70,2093,1984,2816
49,16464,16585,71,2092,1984,2800
49,16464,16585,72,2089,1985,2786
49,16464,16585,73,2087,1985,2771
49,16464,16585,74,2085,1985,2758
49,16464,16585,75,2083,1984,2743
49,16464,16585,76,2082,1984,2723
49,16464,16585,77,2079,1984,2717
49,16464,16585,78,2078,1984,2703
49,16464,16585,79,2076,1984,2688
49,16464,16585,80,2073,1984,2674
49,16464,16585,81,2071,1984,2660
49,16464,16585,82,2069,1984,2645
49,16464,16585,83,2068,1984,2632
49,16464,16585,84,2066,1984,2609
49,16464,16585,85,2063,1984,2605
49,16464,16585,86,2062,1984,2585
49,16464,16585,87,2060,1984,2574
49,16464,16585,88,2059,1984,2562
49,16464,16585,89,2058,1984,2561
49,16464,16585,90,2060,1984,2573
49,16464,16585,91,2061,1984,2585
49,16464,16585,92,2063,1984,2602
49,16464,16585,93,2066,1984,2620
49,16464,16585,94,2068,1984,2627
49,16464,16585,95,2069,1984,2643
49,16464,16585,96,2072,1984,2660
49,16464,16585,97,2074,1984,2672
49,16464,16585,98,2076,1984,2689
49,16464,16585,99,2077,1984,2703
49,16464,16585,100,2079,1985,2717
49,16464,16585,101,2080,1984,2732
49,16464,16585,102,2083,1984,2744
49,16464,16585,103,2085,1985,2763
49,16464,16585,104,2087,1984,2776
49,16464,16585,105,2088,1984,2785
49,16464,16585,106,2091,1984,2802
49,16464,16585,107,2093,1984,2815
49,16464,16585,108,2097,1984,2830
49,16464,16585,109,2097,1984,2842
49,16464,16585,110,2098,1984,2856
49,16464,16585,111,2100,1985,2869
49,16464,16585,112,2103,1985,2877
49,16464,16585,113,2104,1985,2903
49,16464,16585,114,2107,1984,2913
49,16464,16585,115,2108,1985,2927
49,16464,16585,116,2111,1984,2947
49,16464,16585,117,2113,1985,2957
49,16464,16585,118,2114,1985,2973
49,16464,16585,119,2116,1985,2983
49,16464,16585,120,2118,1985,3004
49,16464,16585,121,2121,1984,3014
49,16464,16585,122,2122,1985,3027
49,16464,16585,123,2124,1985,3043
49,16464,16585,124,2125,1985,3060
49,16464,16585,125,2129,1985,3070
49,16464,16585,126,2130,1985,3077
49,16464,16585,127,2133,1985,3100
49,16464,16585,128,2134,1985,3115
49,16464,16585,129,2136,1985,3130
49,16464,16585,130,2137,1985,3143
49,16464,16585,131,2140,1985,3155
49,16464,16585,132,2142,1985,3169
49,16464,16585,133,2144,1986,3187
49,16464,16585,134,2146,1985,3198
49,16464,16585,135,2148,1985,3213
49,16464,16585,136,2149,1986,3227
49,16464,16585,137,2151,1986,3241
49,16464,16585,138,2153,1986,3255
49,16464,16585,139,2156,1986,3269
49,16464,16585,140,2158,1986,3286
49,16464,16585,141,2159,1985,3302
49,16464,16585,142,2161,1986,3314
49,16464,16585,143,2163,1985,3335
49,16464,16585,144,2165,1985,3343
49,16464,16585,145,2167,1985,3359
49,16464,16585,146,2171,1985,3370
49,16464,16585,147,2173,1986,3383
49,16464,16585,148,2173,1985,3397
49,16464,16585,149,2175,1985,3412
49,16464,16585,150,2178,1986,3427
49,16464,16585,151,2180,1986,3438
49,16464,16585,152,2182,1986,3454
49,16464,16585,153,2183,1985,3466
49,16464,16585,154,2185,1986,3475
49,16464,16585,155,2184,1985,3473
49,16464,16585,156,2184,1985,3481
49,16464,16585,157,2188,1985,3490
49,16464,16585,158,2187,1986,3499
49,16464,16585,159,2189,1986,3513
49,16464,16585,160,2192,1986,3521
49,16464,16585,161,2191,1985,3513
49,16464,16585,162,2187,1986,3478
49,16464,16585,163,2177,1985,3374
49,16464,16585,164,2163,1985,3276
49,16464,16585,165,2149,1984,3163
49,16464,16585,166,2128,1984,3053
49,16464,16585,167,2114,1983,2924
49,16464,16585,168,2097,1983,2792
49,16464,16585,169,2078,1983,2657
49,16464,16585,170,2062,1983,2535
49,16464,16585,171,2042,1982,2376
49,16464,16585,172,2021,1981,2232
49,16464,16585,173,1997,1981,2061
49,16464,16585,174,1986,1982,1932
49,16464,16585,175,1957,1981,1793
49,16464,16585,176,1941,1980,1654
49,16464,16585,177,1917,1981,1502
49,16464,16585,178,1911,1981,1440
49,16464,16585,179,1893,1981,1316
49,16464,16585,180,1879,1979,1180
49,16464,16585,181,1862,1980,1065
49,16464,16585,182,1845,1979,920
49,16464,16585,183,1833,1978,804
49,16464,16585,184,1816,1978,649
49,16464,16585,185,1800,1977,542
49,16464,16585,186,1786,1976,398
49,16464,16585,187,1771,1974,277
49,16464,16585,188,1758,1974,216
49,16464,16585,189,1760,1974,229
49,16464,16585,190,1762,1974,243
49,16464,16585,191,1764,1974,257
49,16464,16585,192,1764,1975,272
49,16464,16585,193,1767,1974,287
49,16464,16585,194,1768,1975,299
49,16464,16585,195,1770,1975,315
49,16464,16585,196,1771,1975,328
49,16464,16585,197,1772,1975,343
49,16464,16585,198,1775,1975,357
49,16464,16585,199,1776,1976,375
49,16464,16585,200,1777,1976,382
49,16464,16585,201,1779,1976,398
49,16464,16585,202,1781,1977,416
49,16464,16585,203,1782,1977,428
49,16464,16585,204,1784,1977,440
49,16464,16585,205,1785,1977,454
49,16464,16585,206,1788,1977,472
49,16464,16585,207,1788,1977,482
49,16464,16585,208,1791,1977,502
49,16464,16585,209,1792,1977,513
49,16464,16585,210,1793,1978,526
49,16464,16585,211,1795,1977,541
49,16464,16585,212,1797,1978,561
49,16464,16585,213,1798,1978,568
49,16464,16585,214,1800,1978,584
49,16464,16585,215,1802,1978,600
49,16464,16585,216,1803,1978,617
49,16464,16585,217,1805,1978,625
49,16464,16585,218,1807,1978,642
49,16464,16585,219,1809,1978,655
49,16464,16585,220,1812,1978,668
49,16464,16585,221,1812,1979,684
49,16464,16585,222,1812,1979,695
49,16464,16585,223,1814,1978,711
49,16464,16585,224,1817,1978,727
49,16464,16585,225,1818,1979,741
49,16464,16585,226,1820,1979,754
49,16464,16585,227,1821,1979,769
49,16464,16585,228,1823,1979,783
49,16464,16585,229,1825,1979,796
49,16464,16585,230,1827,1980,811
49,16464,16585,231,1828,1980,825
49,16464,16585,232,1829,1979,841
49,16464,16585,233,1832,1979,855
49,16464,16585,234,1834,1979,867
49,16464,16585,235,1835,1979,880
49,16464,16585,236,1837,1979,896
49,16464,16585,237,1838,1980,912
49,16464,16585,238,1840,1980,925
49,16464,16585,239,1843,1979,938
49,16464,16585,240,1844,1979,952
49,16464,16585,241,1845,1980,968
49,16464,16585,242,1847,1980,980
49,16464,16585,243,1849,1980,995
49,16464,16585,244,1851,1980,1008
49,16464,16585,245,1852,1980,1023
49,16464,16585,246,1855,1980,1038
49,16464,16585,247,1856,1980,1052
49,16464,16585,248,1859,1981,1069
49,16464,16585,249,1858,1980,1080
49,16464,16585,250,1860,1980,1096
49,16464,16585,251,1863,1980,1112
49,16464,16585,252,1865,1980,1123
49,16464,16585,253,1866,1981,1135
49,16464,16585,254,1868,1981,1156
49,16464,16585,255,1869,1981,1156
49,16464,16585,256,1872,1981,1179
49,16464,16585,257,1873,1981,1194
49,16464,16585,258,1875,1981,1207
49,16464,16585,259,1877,1980,1226
49,16464,16585,260,1879,1981,1239
49,16464,16585,261,1883,1980,1251
49,16464,16585,262,1883,1981,1264
49,16464,16585,263,1884,1981,1281
49,16464,16585,264,1886,1981,1292
49,16464,16585,265,1888,1981,1310
49,16464,16585,266,1889,1981,1316
49,16464,16585,267,1890,1981,1325
49,16464,16585,268,1888,1981,1308
49,16464,16585,269,1887,1980,1294
49,16464,16585,270,1884,1980,1278
49,16464,16585,271,1882,1981,1265
49,16464,16585,272,1880,1981,1254
49,16464,16585,273,1881,1981,1236
49,16464,16585,274,1877,1981,1224
49,16464,16585,275,1874,1981,1210
49,16464,16585,276,1874,1981,1194
49,16464,16585,277,1872,1981,1182
49,16464,16585,278,1870,1981,1167
49,16464,16585,279,1868,1980,1148
49,16464,16585,280,1866,1981,1133
49,16464,16585,281,1865,1981,1123
49,16464,16585,282,1863,1980,1110
49,16464,16585,283,1862,1981,1096
49,16464,16585,284,1859,1981,1080
49,16464,16585,285,1858,1980,1065
49,16464,16585,286,1857,1980,1050
49,16464,16585,287,1855,1980,1036
49,16464,16585,288,1852,1980,1023
49,16464,16585,289,1851,1980,1009
49,16464,16585,290,1847,1980,998
49,16464,16585,291,1847,1980,984
49,16464,16585,292,1845,1980,967
49,16464,16585,293,1844,1979,953
49,16464,16585,294,1843,1980,943
49,16464,16585,295,1840,1979,926
49,16464,16585,296,1839,1980,910
49,16464,16585,297,1836,1980,897
49,16464,16585,298,1835,1980,874
49,16464,16585,299,1833,1979,866
49,16464,16585,300,1832,1979,855
49,16464,16585,301,1830,1979,842
49,16464,16585,302,1829,1980,824
49,16464,16585,303,1827,1980,810
49,16464,16585,304,1825,1979,808
49,16464,16585,305,1824,1980,783
49,16464,16585,306,1820,1979,769
49,16464,16585,307,1820,1979,752
49,16464,16585,308,1818,1979,743
49,16464,16585,309,1817,1979,723
49,16464,16585,310,1814,1979,711
49,16464,16585,311,1813,1979,700
49,16464,16585,312,1812,1978,684
49,16464,16585,313,1810,1979,665
49,16464,16585,314,1808,1978,657
49,16464,16585,315,1807,1978,640
49,16464,16585,316,1806,1978,625
49,16464,16585,317,1804,1978,613
49,16464,16585,318,1802,1978,600
49,16464,16585,319,1800,1978,584
49,16464,16585,320,1798,1978,569
49,16464,16585,321,1797,1977,557
49,16464,16585,322,1796,1978,536
49,16464,16585,323,1794,1977,527
49,16464,16585,324,1791,1977,511
49,16464,16585,325,1791,1976,499
49,16464,16585,326,1790,1977,483
49,16464,16585,327,1788,1976,469
49,16464,16585,328,1786,1977,457
49,16464,16585,329,1784,1977,444
49,16464,16585,330,1783,1976,427
49,16464,16585,331,1781,1976,411
49,16464,16585,332,1780,1976,400
49,16464,16585,333,1778,1976,386
49,16464,16585,334,1776,1975,370
49,16464,16585,335,1775,1976,354
49,16464,16585,336,1773,1976,344
49,16464,16585,337,1772,1975,331
49,16464,16585,338,1769,1975,326
49,16464,16585,339,1769,1975,298
49,16464,16585,340,1766,1975,285
49,16464,16585,341,1765,1975,274
49,16464,16585,342,1763,1975,255
49,16464,16585,343,1762,1974,241
49,16464,16585,344,1760,1974,231
49,16464,16585,345,1758,1974,214
49,16464,16585,346,1757,1974,197
49,16464,16585,347,1756,1974,185
49,16464,16585,348,1759,1974,209
49,16464,16585,349,1765,1975,280
49,16464,16585,350,1776,1976,364
49,16464,16585,351,1783,1977,464
49,16464,16585,352,1795,1978,587
49,16464,16585,353,1807,1978,675
49,16464,16585,354,1820,1980,787
49,16464,16585,355,1835,1981,916
50,16642,16763,0,1985,2024,1149
50,16642,16763,1,1874,1983,1235
50,16642,16763,2,1886,1982,1316
50,16642,16763,3,1894,1983,1419
50,16642,16763,4,1913,1982,1510
50,16642,16763,5,1926,1982,1627
50,16642,16763,6,1945,1983,1760
50,16642,16763,7,1957,1984,1890
50,16642,16763,8,1975,1983,1973
50,16642,16763,9,1996,1984,2136
50,16642,16763,10,2012,1984,2273
50,16642,16763,11,2029,1984,2399
50,16642,16763,12,2049,1985,2536
50,16642,16763,13,2069,1985,2678
50,16642,16763,14,2090,1985,2824
50,16642,16763,15,2108,1986,2986
50,16642,16763,16,2131,1986,3138
50,16642,16763,17,2151,1986,3279
50,16642,16763,18,2171,1986,3423
50,16642,16763,19,2184,1986,3499
50,16642,16763,20,2184,1985,3496
50,16642,16763,21,2188,1985,3475
50,16642,16763,22,2184,1985,3474
50,16642,16763,23,2184,1985,3477
50,16642,16763,24,2184,1985,3467
50,16642,16763,25,2181,1985,3454
50,16642,16763,26,2180,1986,3444
50,16642,16763,27,2177,1986,3427
50,16642,16763,28,2175,1985,3407
50,16642,16763,29,2174,1986,3397
50,16642,16763,30,2172,1986,3382
50,16642,16763,31,2170,1985,3373
50,16642,16763,32,2168,1986,3357
50,16642,16763,33,2166,1985,3343
50,16642,16763,34,2164,1986,3329
50,16642,16763,35,2162,1986,3311
50,16642,16763,36,2159,1986,3301
50,16642,16763,37,2157,1985,3285
50,16642,16763,38,2156,1985,3269
50,16642,16763,39,2155,1985,3255
50,16642,16763,40,2151,1985,3241
50,16642,16763,41,2150,1985,3234
50,16642,16763,42,2147,1985,3211
50,16642,16763,43,2147,1985,3198
50,16642,16763,44,2144,1985,3186
50,16642,16763,45,2142,1985,3167
50,16642,16763,46,2140,1985,3142
50,16642,16763,47,2138,1985,3143
50,16642,16763,48,2136,1985,3127
50,16642,16763,49,2134,1985,3110
50,16642,16763,50,2131,1985,3096
50,16642,16763,51,2130,1985,3083
50,16642,16763,52,2128,1985,3075
50,16642,16763,53,2126,1985,3055
50,16642,16763,54,2124,1985,3042
50,16642,16763,55,2123,1985,3028
50,16642,16763,56,2120,1985,3005
50,16642,16763,57,2118,1985,2998
50,16642,16763,58,2116,1985,2984
50,16642,16763,59,2115,1985,2972
50,16642,16763,60,2112,1984,2958
50,16642,16763,61,2111,1985,2942
50,16642,16763,62,2108,1984,2940
50,16642,16763,63,2107,1984,2918
50,16642,16763,64,2106,1985,2902
50,16642,16763,65,2103,1985,2885
50,16642,16763,66,2100,1985,2865
50,16642,16763,67,2098,1984,2858
50,16642,16763,68,2096,1984,2843
50,16642,16763,69,2095,1984,2837
50,16642,16763,70,2093,1984,2812
50,16642,16763,71,2091,1984,2801
50,16642,16763,72,2089,1984,2786
50,16642,16763,73,2087,1984,2768
50,16642,16763,74,2085,1984,2761
50,16642,16763,75,2082,1984,2744
50,16642,16763,76,2081,1984,2732
50,16642,16763,77,2080,1984,2716
50,16642,16763,78,2077,1984,2704
50,16642,16763,79,2075,1984,2687
50,16642,16763,80,2073,1984,2673
50,16642,16763,81,2071,1984,2661
50,16642,16763,82,2069,1984,2645
50,16642,16763,83,2068,1984,2629
50,16642,16763,84,2065,1984,2619
50,16642,16763,85,2064,1984,2613
50,16642,16763,86,2061,1984,2588
50,16642,16763,87,2060,1984,2574
50,16642,16763,88,2058,1983,2562
50,16642,16763,89,2057,1984,2560
50,16642,16763,90,2060,1985,2578
50,16642,16763,91,2061,1984,2588
50,16642,16763,92,2063,1984,2603
50,16642,16763,93,2066,1984,2616
50,16642,16763,94,2068,1984,2631
50,16642,16763,95,2069,1984,2642
50,16642,16763,96,2071,1984,2661
50,16642,16763,97,2072,1984,2672
50,16642,16763,98,2075,1984,2689
50,16642,16763,99,2077,1984,2701
50,16642,16763,100,2080,1984,2714
50,16642,16763,101,2081,1984,2729
50,16642,16763,102,2084,1983,2733
50,16642,16763,103,2085,1985,2758
50,16642,16763,104,2087,1984,2774
50,16642,16763,105,2089,1984,2789
50,16642,16763,106,2090,1984,2799
50,16642,16763,107,2093,1985,2815
50,16642,16763,108,2094,1984,2837
50,16642,16763,109,2097,1984,2836
50,16642,16763,110,2098,1984,2858
50,16642,16763,111,2101,1985,2872
50,16642,16763,112,2102,1985,2887
50,16642,16763,113,2105,1985,2899
50,16642,16763,114,2105,1984,2916
50,16642,16763,115,2108,1985,2929
50,16642,16763,116,2110,1984,2940
50,16642,16763,117,2113,1985,2954
50,16642,16763,118,2114,1984,2971
50,16642,16763,119,2115,1985,2983
50,16642,16763,120,2118,1984,2999
50,16642,16763,121,2121,1985,3015
50,16642,16763,122,2121,1985,3032
50,16642,16763,123,2124,1985,3042
50,16642,16763,124,2126,1984,3051
50,16642,16763,125,2127,1984,3071
50,16642,16763,126,2130,1985,3085
50,16642,16763,127,2131,1984,3100
50,16642,16763,128,2134,1985,3113
50,16642,16763,129,2137,1985,3122
50,16642,16763,130,2138,1985,3140
50,16642,16763,131,2139,1986,3157
50,16642,16763,132,2141,1985,3172
50,16642,16763,133,2145,1986,3184
50,16642,16763,134,2145,1985,3198
50,16642,16763,135,2148,1985,3216
50,16642,16763,136,2150,1985,3227
50,16642,16763,137,2151,1985,3241
50,16642,16763,138,2154,1985,3256
50,16642,16763,139,2156,1986,3271
50,16642,16763,140,2159,1986,3282
50,16642,16763,141,2160,1985,3306
50,16642,16763,142,2163,1985,3310
50,16642,16763,143,2163,1985,3326
50,16642,16763,144,2165,1986,3341
50,16642,16763,145,2167,1985,3355
50,16642,16763,146,2170,1985,3368
50,16642,16763,147,2171,1985,3387
50,16642,16763,148,2174,1986,3393
50,16642,16763,149,2176,1986,3412
50,16642,16763,150,2178,1986,3429
50,16642,16763,151,2180,1986,3441
50,16642,16763,152,2181,1986,3457
50,16642,16763,153,2183,1986,3468
50,16642,16763,154,2184,1986,3475
50,16642,16763,155,2184,1985,3472
50,16642,16763,156,2185,1985,3472
50,16642,16763,157,2188,1985,3491
50,16642,16763,158,2187,1986,3500
50,16642,16763,159,2189,1986,3513
50,16642,16763,160,2191,1986,3522
50,16642,16763,161,2190,1986,3511
50,16642,16763,162,2188,1986,3501
50,16642,16763,163,2182,1984,3409
50,16642,16763,164,2166,1985,3314
50,16642,16763,165,2152,1984,3206
50,16642,16763,166,2137,1984,3091
50,16642,16763,167,2120,1983,2974
50,16642,16763,168,2103,1983,2841
50,16642,16763,169,2086,1983,2703
50,16642,16763,170,2066,1983,2569
50,16642,16763,171,2048,1983,2429
50,16642,16763,172,2029,1982,2290
50,16642,16763,173,2005,1982,2133
50,16642,16763,174,1989,1982,2001
50,16642,16763,175,1966,1981,1849
50,16642,16763,176,1952,1981,1709
50,16642,16763,177,1928,1981,1554
50,16642,16763,178,1919,1981,1499
50,16642,16763,179,1902,1980,1366
50,16642,16763,180,1885,1980,1237
50,16642,16763,181,1869,1980,1109
50,16642,16763,182,1852,1979,975
50,16642,16763,183,1844,1979,848
50,16642,16763,184,1820,1978,717
50,16642,16763,185,1804,1977,576
50,16642,16763,186,1789,1976,421
50,16642,16763,187,1771,1974,267
50,16642,16763,188,1759,1974,213
50,16642,16763,189,1761,1974,232
50,16642,16763,190,1762,1974,243
50,16642,16763,191,1764,1975,258
50,16642,16763,192,1766,1975,272
50,16642,16763,193,1767,1975,284
50,16642,16763,194,1768,1975,301
50,16642,16763,195,1769,1975,313
50,16642,16763,196,1771,1976,330
50,16642,16763,197,1773,1975,343
50,16642,16763,198,1775,1975,356
50,16642,16763,199,1776,1976,372
50,16642,16763,200,1778,1976,385
50,16642,16763,201,1780,1976,401
50,16642,16763,202,1781,1977,414
50,16642,16763,203,1782,1976,427
50,16642,16763,204,1784,1977,443
50,16642,16763,205,1786,1976,457
50,16642,16763,206,1787,1977,471
50,16642,16763,207,1789,1977,484
50,16642,16763,208,1791,1977,499
50,16642,16763,209,1792,1977,511
50,16642,16763,210,1794,1977,526
50,16642,16763,211,1795,1978,542
50,16642,16763,212,1797,1978,556
50,16642,16763,213,1798,1978,569
50,16642,16763,214,1800,1978,579
50,16642,16763,215,1801,1977,598
50,16642,16763,216,1804,1978,613
50,16642,16763,217,1805,1978,624
50,16642,16763,218,1806,1978,639
50,16642,16763,219,1809,1978,658
50,16642,16763,220,1809,1978,669
50,16642,16763,221,1812,1979,682
50,16642,16763,222,1813,1978,698
50,16642,16763,223,1815,1979,712
50,16642,16763,224,1818,1979,725
50,16642,16763,225,1818,1979,741
50,16642,16763,226,1819,1979,755
50,16642,16763,227,1822,1979,768
50,16642,16763,228,1823,1980,781
50,16642,16763,229,1825,1980,795
50,16642,16763,230,1825,1979,811
50,16642,16763,231,1828,1980,826
50,16642,16763,232,1830,1980,839
50,16642,16763,233,1832,1980,854
50,16642,16763,234,1834,1980,872
50,16642,16763,235,1835,1980,882
50,16642,16763,236,1837,1980,895
50,16642,16763,237,1839,1980,912
50,16642,16763,238,1841,1979,924
50,16642,16763,239,1842,1980,935
50,16642,16763,240,1844,1980,952
50,16642,16763,241,1845,1980,966
50,16642,16763,242,1848,1979,981
50,16642,16763,243,1849,1980,994
50,16642,16763,244,1850,1980,1006
50,16642,16763,245,1853,1980,1024
50,16642,16763,246,1854,1980,1038
50,16642,16763,247,1857,1981,1051
50,16642,16763,248,1857,1980,1066
50,16642,16763,249,1859,1980,1081
50,16642,16763,250,1861,1981,1095
50,16642,16763,251,1863,1980,1102
50,16642,16763,252,1865,1980,1122
50,16642,16763,253,1866,1981,1136
50,16642,16763,254,1868,1981,1151
50,16642,16763,255,1870,1981,1166
50,16642,16763,256,1872,1981,1180
50,16642,16763,257,1873,1981,1196
50,16642,16763,258,1875,1981,1209
50,16642,16763,259,1877,1980,1223
50,16642,16763,260,1879,1982,1238
50,16642,16763,261,1881,1981,1248
50,16642,16763,262,1882,1981,1264
50,16642,16763,263,1884,1981,1281
50,16642,16763,264,1886,1981,1295
50,16642,16763,265,1887,1981,1309
50,16642,16763,266,1890,1981,1324
50,16642,16763,267,1889,1981,1322
50,16642,16763,268,1887,1981,1307
50,16642,16763,269,1886,1981,1293
50,16642,16763,270,1885,1981,1279
50,16642,16763,271,1882,1981,1264
50,16642,16763,272,1881,1981,1251
50,16642,16763,273,1879,1981,1236
50,16642,16763,274,1876,1981,1222
50,16642,16763,275,1877,1981,1209
50,16642,16763,276,1873,1981,1191
50,16642,16763,277,1872,1980,1179
50,16642,16763,278,1871,1980,1165
50,16642,16763,279,1869,1981,1151
50,16642,16763,280,1866,1981,1137
50,16642,16763,281,1865,1981,1121
50,16642,16763,282,1863,1980,1106
50,16642,16763,283,1861,1980,1073
50,16642,16763,284,1860,1980,1081
50,16642,16763,285,1858,1980,1065
50,16642,16763,286,1856,1980,1053
50,16642,16763,287,1854,1981,1039
50,16642,16763,288,1853,1980,1023
50,16642,16763,289,1851,1980,1008
50,16642,16763,290,1849,1980,1001
50,16642,16763,291,1847,1980,983
50,16642,16763,292,1845,1980,966
50,16642,16763,293,1845,1980,950
50,16642,16763,294,1842,1980,937
50,16642,16763,295,1840,1980,923
50,16642,16763,296,1838,1980,910
50,16642,16763,297,1837,1980,896
50,16642,16763,298,1835,1979,879
50,16642,16763,299,1833,1979,869
50,16642,16763,300,1831,1979,851
50,16642,16763,301,1830,1979,840
50,16642,16763,302,1830,1979,828
50,16642,16763,303,1826,1979,811
50,16642,16763,304,1826,1979,796
50,16642,16763,305,1823,1979,781
50,16642,16763,306,1821,1979,769
50,16642,16763,307,1819,1979,753
50,16642,16763,308,1818,1979,740
50,16642,16763,309,1816,1978,725
50,16642,16763,310,1815,1979,717
50,16642,16763,311,1813,1979,695
50,16642,16763,312,1811,1978,684
50,16642,16763,313,1810,1978,670
50,16642,16763,314,1808,1978,658
50,16642,16763,315,1807,1978,639
50,16642,16763,316,1805,1978,629
50,16642,16763,317,1803,1978,611
50,16642,16763,318,1802,1978,597
50,16642,16763,319,1800,1977,584
50,16642,16763,320,1798,1977,570
50,16642,16763,321,1796,1977,556
50,16642,16763,322,1795,1977,542
50,16642,16763,323,1796,1977,526
50,16642,16763,324,1792,1977,511
50,16642,16763,325,1791,1977,499
50,16642,16763,326,1789,1977,485
50,16642,16763,327,1787,1976,470
50,16642,16763,328,1786,1977,455
50,16642,16763,329,1784,1976,441
50,16642,16763,330,1782,1976,426
50,16642,16763,331,1781,1976,421
50,16642,16763,332,1780,1976,399
50,16642,16763,333,1778,1976,384
50,16642,16763,334,1773,1975,360
50,16642,16763,335,1775,1976,356
50,16642,16763,336,1773,1975,341
50,16642,16763,337,1771,1976,328
50,16642,16763,338,1768,1975,314
50,16642,16763,339,1769,1975,298
50,16642,16763,340,1767,1975,285
50,16642,16763,341,1766,1975,273
50,16642,16763,342,1763,1974,259
50,16642,16763,343,1762,1975,245
50,16642,16763,344,1760,1974,230
50,16642,16763,345,1759,1974,210
50,16642,16763,346,1757,1974,199
50,16642,16763,347,1756,1973,189
50,16642,16763,348,1754,1973,173
50,16642,16763,349,1759,1975,235
50,16642,16763,350,1769,1975,330
50,16642,16763,351,1779,1977,418
50,16642,16763,352,1790,1978,518
50,16642,16763,353,1803,1978,617
50,16642,16763,354,1818,1980,759
50,16642,16763,355,1828,1981,891
51,16816,16937,0,1990,2022,1249
51,16816,16937,1,1885,1982,1307
51,16816,16937,2,1893,1982,1374
51,16816,16937,3,1907,1982,1459
51,16816,16937,4,1916,1982,1609
51,16816,16937,5,1937,1983,1675
51,16816,16937,6,1945,1983,1782
51,16816,16937,7,1964,1983,1897
51,16816,16937,8,1978,1984,2032
51,16816,16937,9,1995,1984,2154
51,16816,16937,10,2013,1984,2309
51,16816,16937,11,2033,1984,2431
51,16816,16937,12,2051,1984,2561
51,16816,16937,13,2068,1985,2693
51,16816,16937,14,2088,1985,2828
51,16816,16937,15,2109,1986,2971
51,16816,16937,16,2127,1986,3086
51,16816,16937,17,2143,1986,3212
51,16816,16937,18,2159,1986,3342
51,16816,16937,19,2180,1986,3472
51,16816,16937,20,2186,1985,3486
51,16816,16937,21,2184,1986,3472
51,16816,16937,22,2183,1985,3473
51,16816,16937,23,2185,1985,3476
51,16816,16937,24,2182,1985,3467
51,16816,16937,25,2181,1985,3453
51,16816,16937,26,2179,1985,3437
51,16816,16937,27,2178,1985,3425
51,16816,16937,28,2178,1986,3410
51,16816,16937,29,2173,1986,3396
51,16816,16937,30,2172,1986,3384
51,16816,16937,31,2170,1985,3370
51,16816,16937,32,2167,1985,3354
51,16816,16937,33,2165,1985,3342
51,16816,16937,34,2163,1985,3327
51,16816,16937,35,2161,1985,3313
51,16816,16937,36,2159,1985,3295
51,16816,16937,37,2157,1985,3281
51,16816,16937,38,2155,1985,3270
51,16816,16937,39,2154,1985,3248
51,16816,16937,40,2151,1985,3240
51,16816,16937,41,2151,1986,3227
51,16816,16937,42,2147,1985,3214
51,16816,16937,43,2146,1985,3203
51,16816,16937,44,2142,1985,3185
51,16816,16937,45,2142,1985,3176
51,16816,16937,46,2140,1985,3157
51,16816,16937,47,2138,1985,3139
51,16816,16937,48,2135,1985,3128
51,16816,16937,49,2133,1985,3113
51,16816,16937,50,2132,1985,3101
51,16816,16937,51,2130,1985,3077
51,16816,16937,52,2128,1985,3068
51,16816,16937,53,2126,1984,3055
51,16816,16937,54,2124,1984,3040
51,16816,16937,55,2122,1984,3030
51,16816,16937,56,2121,1984,3009
51,16816,16937,57,2118,1984,2997
51,16816,16937,58,2117,1984,2988
51,16816,16937,59,2114,1984,2971
51,16816,16937,60,2112,1984,2957
51,16816,16937,61,2110,1984,2942
51,16816,16937,62,2106,1985,2932
51,16816,16937,63,2106,1985,2919
51,16816,16937,64,2104,1985,2901
51,16816,16937,65,2102,1984,2886
51,16816,16937,66,2100,1985,2874
51,16816,16937,67,2099,1984,2857
51,16816,16937,68,2098,1984,2847
51,16816,16937,69,2094,1984,2829
51,16816,16937,70,2093,1985,2816
51,16816,16937,71,2090,1984,2801
51,16816,16937,72,2089,1985,2785
51,16816,16937,73,2087,1983,2772
51,16816,16937,74,2086,1984,2758
51,16816,16937,75,2082,1984,2743
51,16816,16937,76,2081,1984,2727
51,16816,16937,77,2078,1984,2716
51,16816,16937,78,2077,1984,2703
51,16816,16937,79,2075,1984,2683
51,16816,16937,80,2073,1984,2672
51,16816,16937,81,2071,1984,2665
51,16816,16937,82,2069,1983,2643
51,16816,16937,83,2068,1983,2631
51,16816,16937,84,2065,1984,2617
51,16816,16937,85,2064,1984,2602
51,16816,16937,86,2061,1984,2586
51,16816,16937,87,2059,1984,2576
51,16816,16937,88,2058,1984,2562
51,16816,16937,89,2058,1983,2561
51,16816,16937,90,2059,1984,2575
51,16816,16937,91,2061,1984,2587
51,16816,16937,92,2063,1984,2602
51,16816,16937,93,2065,1983,2619
51,16816,16937,94,2067,1984,2618
51,16816,16937,95,2069,1984,2643
51,16816,16937,96,2071,1984,2660
51,16816,16937,97,2074,1984,2674
51,16816,16937,98,2074,1984,2688
51,16816,16937,99,2077,1984,2703
51,16816,16937,100,2079,1984,2715
51,16816,16937,101,2081,1984,2727
51,16816,16937,102,2083,1984,2741
51,16816,16937,103,2085,1984,2756
51,16816,16937,104,2087,1985,2771
51,16816,16937,105,2089,1984,2787
51,16816,16937,106,2090,1985,2800
51,16816,16937,107,2092,1985,2812
51,16816,16937,108,2094,1985,2825
51,16816,16937,109,2096,1985,2839
51,16816,16937,110,2097,1985,2857
51,16816,16937,111,2101,1985,2872
51,16816,16937,112,2103,1984,2883
51,16816,16937,113,2105,1985,2900
51,16816,16937,114,2107,1985,2910
51,16816,16937,115,2109,1985,2926
51,16816,16937,116,2110,1984,2945
51,16816,16937,117,2113,1985,2957
51,16816,16937,118,2115,1985,2970
51,16816,16937,119,2116,1985,2985
51,16816,16937,120,2118,1985,2998
51,16816,16937,121,2120,1985,3011
51,16816,16937,122,2122,1985,3025
51,16816,16937,123,2123,1985,3043
51,16816,16937,124,2127,1985,3044
51,16816,16937,125,2127,1985,3074
51,16816,16937,126,2131,1985,3086
51,16816,16937,127,2132,1985,3099
51,16816,16937,128,2134,1985,3114
51,16816,16937,129,2135,1985,3135
51,16816,16937,130,2138,1985,3140
51,16816,16937,131,2137,1985,3154
51,16816,16937,132,2141,1986,3169
51,16816,16937,133,2143,1985,3183
51,16816,16937,134,2146,1985,3198
51,16816,16937,135,2148,1985,3211
51,16816,16937,136,2149,1985,3225
51,16816,16937,137,2152,1985,3241
51,16816,16937,138,2154,1986,3255
51,16816,16937,139,2155,1985,3267
51,16816,16937,140,2158,1985,3281
51,16816,16937,141,2159,1985,3297
51,16816,16937,142,2162,1986,3313
51,16816,16937,143,2159,1985,3323
51,16816,16937,144,2166,1986,3339
51,16816,16937,145,2167,1986,3355
51,16816,16937,146,2169,1986,3375
51,16816,16937,147,2171,1985,3384
51,16816,16937,148,2174,1985,3396
51,16816,16937,149,2175,1986,3411
51,16816,16937,150,2177,1986,3428
51,16816,16937,151,2179,1986,3439
51,16816,16937,152,2180,1986,3453
51,16816,16937,153,2183,1986,3470
51,16816,16937,154,2184,1985,3474
51,16816,16937,155,2184,1986,3474
51,16816,16937,156,2184,1986,3472
51,16816,16937,157,2186,1985,3488
51,16816,16937,158,2188,1986,3499
51,16816,16937,159,2189,1986,3513
51,16816,16937,160,2190,1986,3521
51,16816,16937,161,2190,1986,3513
51,16816,16937,162,2185,1985,3468
51,16816,16937,163,2174,1985,3376
51,16816,16937,164,2157,1984,3245
51,16816,16937,165,2143,1984,3116
51,16816,16937,166,2124,1984,3002
51,16816,16937,167,2106,1984,2869
51,16816,16937,168,2090,1983,2747
51,16816,16937,169,2069,1983,2599
51,16816,16937,170,2053,1983,2476
51,16816,16937,171,2034,1982,2330
51,16816,16937,172,2017,1982,2205
51,16816,16937,173,1998,1982,2079
51,16816,16937,174,1982,1981,1946
51,16816,16937,175,1962,1981,1811
51,16816,16937,176,1944,1981,1674
51,16816,16937,177,1926,1980,1548
51,16816,16937,178,1914,1981,1473
51,16816,16937,179,1900,1981,1347
51,16816,16937,180,1883,1980,1217
51,16816,16937,181,1867,1980,1104
51,16816,16937,182,1851,1979,963
51,16816,16937,183,1835,1978,823
51,16816,16937,184,1818,1978,690
51,16816,16937,185,1800,1977,550
51,16816,16937,186,1786,1976,420
51,16816,16937,187,1771,1974,280
51,16816,16937,188,1759,1974,216
51,16816,16937,189,1760,1974,230
51,16816,16937,190,1762,1975,241
51,16816,16937,191,1763,1974,255
51,16816,16937,192,1766,1975,269
51,16816,16937,193,1766,1975,283
51,16816,16937,194,1768,1976,299
51,16816,16937,195,1769,1975,313
51,16816,16937,196,1769,1975,327
51,16816,16937,197,1773,1975,341
51,16816,16937,198,1776,1976,358
51,16816,16937,199,1777,1976,370
51,16816,16937,200,1777,1976,384
51,16816,16937,201,1779,1976,387
51,16816,16937,202,1781,1976,413
51,16816,16937,203,1782,1976,427
51,16816,16937,204,1784,1977,433
51,16816,16937,205,1786,1977,462
51,16816,16937,206,1788,1976,470
51,16816,16937,207,1789,1976,485
51,16816,16937,208,1791,1977,498
51,16816,16937,209,1792,1977,514
51,16816,16937,210,1795,1977,527
51,16816,16937,211,1796,1977,543
51,16816,16937,212,1797,1978,553
51,16816,16937,213,1799,1977,569
51,16816,16937,214,1801,1979,585
51,16816,16937,215,1802,1978,602
51,16816,16937,216,1803,1979,612
51,16816,16937,217,1805,1978,626
51,16816,16937,218,1807,1978,640
51,16816,16937,219,1809,1979,656
51,16816,16937,220,1811,1978,671
51,16816,16937,221,1812,1979,684
51,16816,16937,222,1813,1979,695
51,16816,16937,223,1815,1979,705
51,16816,16937,224,1816,1979,726
51,16816,16937,225,1819,1979,740
51,16816,16937,226,1820,1979,753
51,16816,16937,227,1822,1980,768
51,16816,16937,228,1823,1979,786
51,16816,16937,229,1824,1980,796
51,16816,16937,230,1826,1979,809
51,16816,16937,231,1829,1980,824
51,16816,16937,232,1829,1979,837
51,16816,16937,233,1831,1980,852
51,16816,16937,234,1834,1980,867
51,16816,16937,235,1836,1980,878
51,16816,16937,236,1837,1979,897
51,16816,16937,237,1839,1980,907
51,16816,16937,238,1839,1980,935
51,16816,16937,239,1842,1980,940
51,16816,16937,240,1844,1979,951
51,16816,16937,241,1845,1981,971
51,16816,16937,242,1847,1980,979
51,16816,16937,243,1849,1981,998
51,16816,16937,244,1850,1980,1008
51,16816,16937,245,1853,1980,1024
51,16816,16937,246,1854,1980,1040
51,16816,16937,247,1856,1980,1053
51,16816,16937,248,1856,1980,1066
51,16816,16937,249,1860,1980,1076
51,16816,16937,250,1861,1980,1094
51,16816,16937,251,1863,1980,1109
51,16816,16937,252,1865,1980,1124
51,16816,16937,253,1866,1981,1126
51,16816,16937,254,1868,1981,1151
51,16816,16937,255,1870,1981,1164
51,16816,16937,256,1872,1980,1180
51,16816,16937,257,1873,1981,1192
51,16816,16937,258,1875,1981,1210
51,16816,16937,259,1877,1981,1224
51,16816,16937,260,1879,1981,1237
51,16816,16937,261,1880,1981,1251
51,16816,16937,262,1883,1981,1266
51,16816,16937,263,1884,1981,1281
51,16816,16937,264,1886,1981,1301
51,16816,16937,265,1889,1981,1309
51,16816,16937,266,1890,1981,1320
51,16816,16937,267,1890,1981,1332
51,16816,16937,268,1888,1981,1311
51,16816,16937,269,1887,1981,1294
51,16816,16937,270,1885,1981,1279
51,16816,16937,271,1882,1981,1264
51,16816,16937,272,1881,1981,1251
51,16816,16937,273,1878,1980,1239
51,16816,16937,274,1877,1981,1220
51,16816,16937,275,1875,1980,1206
51,16816,16937,276,1874,1981,1191
51,16816,16937,277,1871,1981,1183
51,16816,16937,278,1871,1980,1161
51,16816,16937,279,1868,1981,1152
51,16816,16937,280,1866,1981,1137
51,16816,16937,281,1865,1981,1121
51,16816,16937,282,1863,1981,1109
51,16816,16937,283,1861,1980,1095
51,16816,16937,284,1860,1980,1079
51,16816,16937,285,1858,1980,1065
51,16816,16937,286,1856,1980,1059
51,16816,16937,287,1854,1980,1038
51,16816,16937,288,1852,1980,1026
51,16816,16937,289,1851,1981,1010
51,16816,16937,290,1849,1980,994
51,16816,16937,291,1847,1980,983
51,16816,16937,292,1845,1980,967
51,16816,16937,293,1843,1980,952
51,16816,16937,294,1841,1979,937
51,16816,16937,295,1840,1980,927
51,16816,16937,296,1838,1979,910
51,16816,16937,297,1837,1979,896
51,16816,16937,298,1835,1980,883
51,16816,16937,299,1834,1980,867
51,16816,16937,300,1831,1980,853
51,16816,16937,301,1830,1980,839
51,16816,16937,302,1828,1979,820
51,16816,16937,303,1827,1979,811
51,16816,16937,304,1825,1979,797
51,16816,16937,305,1823,1979,779
51,16816,16937,306,1822,1979,770
51,16816,16937,307,1821,1979,754
51,16816,16937,308,1818,1978,740
51,16816,16937,309,1817,1978,727
51,16816,16937,310,1815,1979,711
51,16816,16937,311,1814,1978,692
51,16816,16937,312,1811,1978,681
51,16816,16937,313,1810,1978,667
51,16816,16937,314,1808,1978,660
51,16816,16937,315,1806,1978,638
51,16816,16937,316,1804,1978,623
51,16816,16937,317,1804,1978,612
51,16816,16937,318,1804,1978,596
51,16816,16937,319,1800,1977,580
51,16816,16937,320,1799,1978,569
51,16816,16937,321,1796,1977,554
51,16816,16937,322,1795,1978,546
51,16816,16937,323,1793,1977,528
51,16816,16937,324,1793,1978,515
51,16816,16937,325,1790,1977,498
51,16816,16937,326,1788,1978,485
51,16816,16937,327,1787,1977,471
51,16816,16937,328,1786,1977,455
51,16816,16937,329,1784,1976,442
51,16816,16937,330,1782,1976,428
51,16816,16937,331,1781,1976,414
51,16816,16937,332,1779,1976,400
51,16816,16937,333,1778,1976,384
51,16816,16937,334,1776,1976,369
51,16816,16937,335,1773,1976,360
51,16816,16937,336,1773,1975,340
51,16816,16937,337,1771,1975,330
51,16816,16937,338,1770,1975,315
51,16816,16937,339,1769,1975,298
51,16816,16937,340,1767,1975,289
51,16816,16937,341,1766,1975,271
51,16816,16937,342,1764,1974,265
51,16816,16937,343,1762,1974,245
51,16816,16937,344,1760,1974,228
51,16816,16937,345,1759,1974,218
51,16816,16937,346,1757,1974,200
51,16816,16937,347,1756,1973,185
51,16816,16937,348,1754,1974,175
51,16816,16937,349,1762,1974,228
51,16816,16937,350,1769,1975,320
51,16816,16937,351,1768,1976,410
51,16816,16937,352,1791,1978,519
51,16816,16937,353,1803,1979,625
51,16816,16937,354,1816,1980,761
51,16816,16937,355,1831,1981,871
52,16991,17111,0,1985,2021,1140
52,16991,17111,1,1871,1982,1229
52,16991,17111,2,1883,1982,1288
52,16991,17111,3,1892,1982,1387
52,16991,17111,4,1909,1982,1496
52,16991,17111,5,1923,1982,1615
52,16991,17111,6,1940,1983,1744
52,16991,17111,7,1956,1984,1876
52,16991,17111,8,1976,1984,1993
52,16991,17111,9,1992,1985,2152
52,16991,17111,10,2011,1984,2265
52,16991,17111,11,2036,1985,2404
52,16991,17111,12,2049,1984,2548
52,16991,17111,13,2069,1985,2673
52,16991,17111,14,2087,1985,2820
52,16991,17111,15,2108,1986,2966
52,16991,17111,16,2125,1986,3097
52,16991,17111,17,2145,1986,3239
52,16991,17111,18,2164,1987,3401
52,16991,17111,19,2185,1987,3495
52,16991,17111,20,2187,1985,3488
52,16991,17111,21,2184,1985,3472
52,16991,17111,22,2185,1985,3473
52,16991,17111,23,2185,1985,3475
52,16991,17111,24,2184,1986,3466
52,16991,17111,25,2181,1985,3453
52,16991,17111,26,2180,1985,3445
52,16991,17111,27,2178,1985,3425
52,16991,17111,28,2175,1985,3413
52,16991,17111,29,2174,1986,3399
52,16991,17111,30,2171,1985,3384
52,16991,17111,31,2169,1985,3363
52,16991,17111,32,2168,1985,3352
52,16991,17111,33,2164,1985,3341
52,16991,17111,34,2163,1985,3326
52,16991,17111,35,2161,1986,3313
52,16991,17111,36,2160,1986,3298
52,16991,17111,37,2158,1985,3286
52,16991,17111,38,2156,1985,3258
52,16991,17111,39,2153,1985,3255
52,16991,17111,40,2152,1986,3242
52,16991,17111,41,2150,1986,3226
52,16991,17111,42,2148,1986,3211
52,16991,17111,43,2145,1985,3198
52,16991,17111,44,2143,1985,3194
52,16991,17111,45,2141,1985,3169
52,16991,17111,46,2140,1985,3155
52,16991,17111,47,2137,1985,3141
52,16991,17111,48,2136,1985,3125
52,16991,17111,49,2133,1985,3113
52,16991,17111,50,2133,1985,3099
52,16991,17111,51,2130,1985,3083
52,16991,17111,52,2128,1985,3069
52,16991,17111,53,2125,1985,3056
52,16991,17111,54,2124,1985,3040
52,16991,17111,55,2122,1984,3023
52,16991,17111,56,2120,1985,3013
52,16991,17111,57,2118,1984,2999
52,16991,17111,58,2117,1984,2982
52,16991,17111,59,2114,1985,2971
52,16991,17111,60,2113,1985,2957
52,16991,17111,61,2111,1985,2945
52,16991,17111,62,2108,1985,2926
52,16991,17111,63,2106,1985,2911
52,16991,17111,64,2106,1984,2900
52,16991,17111,65,2102,1985,2885
52,16991,17111,66,2101,1985,2872
52,16991,17111,67,2098,1985,2859
52,16991,17111,68,2097,1985,2844
52,16991,17111,69,2094,1984,2827
52,16991,17111,70,2093,1984,2815
52,16991,17111,71,2091,1984,2805
52,16991,17111,72,2088,1984,2785
52,16991,17111,73,2087,1984,2772
52,16991,17111,74,2085,1984,2759
52,16991,17111,75,2083,1984,2746
52,16991,17111,76,2081,1984,2731
52,16991,17111,77,2079,1984,2716
52,16991,17111,78,2078,1984,2698
52,16991,17111,79,2076,1984,2685
52,16991,17111,80,2073,1984,2671
52,16991,17111,81,2071,1984,2656
52,16991,17111,82,2069,1984,2642
52,16991,17111,83,2069,1984,2629
52,16991,17111,84,2066,1984,2616
52,16991,17111,85,2065,1984,2610
52,16991,17111,86,2062,1984,2584
52,16991,17111,87,2060,1984,2571
52,16991,17111,88,2058,1984,2561
52,16991,17111,89,2057,1984,2559
52,16991,17111,90,2060,1984,2571
52,16991,17111,91,2061,1984,2582
52,16991,17111,92,2063,1984,2600
52,16991,17111,93,2065,1984,2614
52,16991,17111,94,2067,1984,2630
52,16991,17111,95,2070,1984,2648
52,16991,17111,96,2071,1984,2659
52,16991,17111,97,2073,1984,2676
52,16991,17111,98,2075,1984,2688
52,16991,17111,99,2077,1984,2698
52,16991,17111,100,2079,1985,2715
52,16991,17111,101,2081,1984,2731
52,16991,17111,102,2083,1985,2743
52,16991,17111,103,2085,1984,2760
52,16991,17111,104,2087,1984,2769
52,16991,17111,105,2092,1984,2786
52,16991,17111,106,2091,1984,2801
52,16991,17111,107,2093,1984,2815
52,16991,17111,108,2094,1985,2828
52,16991,17111,109,2095,1984,2841
52,16991,17111,110,2098,1985,2856
52,16991,17111,111,2101,1985,2869
52,16991,17111,112,2103,1985,2885
52,16991,17111,113,2104,1984,2901
52,16991,17111,114,2106,1984,2912
52,16991,17111,115,2108,1984,2929
52,16991,17111,116,2111,1984,2943
52,16991,17111,117,2112,1985,2956
52,16991,17111,118,2115,1984,2972
52,16991,17111,119,2116,1984,2979
52,16991,17111,120,2118,1985,2999
52,16991,17111,121,2120,1985,3014
52,16991,17111,122,2120,1985,3028
52,16991,17111,123,2124,1985,3027
52,16991,17111,124,2127,1985,3055
52,16991,17111,125,2128,1985,3069
52,16991,17111,126,2128,1985,3085
52,16991,17111,127,2132,1985,3098
52,16991,17111,128,2134,1985,3114
52,16991,17111,129,2136,1985,3124
52,16991,17111,130,2138,1985,3142
52,16991,17111,131,2139,1985,3155
52,16991,17111,132,2143,1985,3171
52,16991,17111,133,2144,1985,3190
52,16991,17111,134,2147,1985,3200
52,16991,17111,135,2147,1985,3209
52,16991,17111,136,2149,1986,3226
52,16991,17111,137,2151,1986,3239
52,16991,17111,138,2154,1986,3258
52,16991,17111,139,2156,1985,3270
52,16991,17111,140,2157,1985,3284
52,16991,17111,141,2160,1986,3299
52,16991,17111,142,2161,1985,3315
52,16991,17111,143,2163,1986,3328
52,16991,17111,144,2166,1986,3342
52,16991,17111,145,2166,1986,3353
52,16991,17111,146,2170,1986,3371
52,16991,17111,147,2171,1986,3382
52,16991,17111,148,2173,1986,3399
52,16991,17111,149,2176,1985,3412
52,16991,17111,150,2178,1986,3425
52,16991,17111,151,2179,1986,3439
52,16991,17111,152,2182,1986,3454
52,16991,17111,153,2183,1986,3467
52,16991,17111,154,2185,1986,3477
52,16991,17111,155,2184,1985,3473
52,16991,17111,156,2185,1986,3472
52,16991,17111,157,2188,1986,3487
52,16991,17111,158,2188,1986,3504
52,16991,17111,159,2189,1986,3511
52,16991,17111,160,2190,1986,3519
52,16991,17111,161,2190,1986,3515
52,16991,17111,162,2188,1986,3466
52,16991,17111,163,2175,1985,3371
52,16991,17111,164,2157,1985,3250
52,16991,17111,165,2147,1984,3165
52,16991,17111,166,2133,1984,3071
52,16991,17111,167,2114,1984,2951
52,16991,17111,168,2100,1983,2837
52,16991,17111,169,2084,1983,2717
52,16991,17111,170,2051,1983,2566
52,16991,17111,171,2049,1982,2433
52,16991,17111,172,2031,1982,2304
52,16991,17111,173,2009,1982,2135
52,16991,17111,174,1994,1982,2022
52,16991,17111,175,1973,1982,1882
52,16991,17111,176,1954,1981,1733
52,16991,17111,177,1930,1981,1582
52,16991,17111,178,1916,1981,1504
52,16991,17111,179,1901,1980,1373
52,16991,17111,180,1886,1980,1223
52,16991,17111,181,1868,1979,1104
52,16991,17111,182,1855,1979,983
52,16991,17111,183,1837,1978,852
52,16991,17111,184,1821,1978,702
52,16991,17111,185,1804,1978,587
52,16991,17111,186,1787,1975,432
52,16991,17111,187,1773,1975,294
52,16991,17111,188,1758,1974,216
52,16991,17111,189,1761,1974,231
52,16991,17111,190,1762,1975,245
52,16991,17111,191,1763,1974,257
52,16991,17111,192,1765,1975,274
52,16991,17111,193,1767,1975,286
52,16991,17111,194,1768,1975,298
52,16991,17111,195,1770,1975,314
52,16991,17111,196,1771,1975,326
52,16991,17111,197,1773,1976,344
52,16991,17111,198,1775,1976,356
52,16991,17111,199,1776,1976,371
52,16991,17111,200,1777,1976,383
52,16991,17111,201,1780,1976,402
52,16991,17111,202,1781,1977,414
52,16991,17111,203,1779,1976,426
52,16991,17111,204,1784,1977,442
52,16991,17111,205,1786,1977,456
52,16991,17111,206,1787,1977,471
52,16991,17111,207,1789,1977,483
52,16991,17111,208,1791,1978,497
52,16991,17111,209,1792,1977,511
52,16991,17111,210,1794,1977,528
52,16991,17111,211,1795,1977,542
52,16991,17111,212,1798,1978,557
52,16991,17111,213,1799,1978,568
52,16991,17111,214,1800,1978,584
52,16991,17111,215,1803,1978,600
52,16991,17111,216,1804,1978,612
52,16991,17111,217,1805,1978,624
52,16991,17111,218,1806,1979,641
52,16991,17111,219,1807,1979,653
52,16991,17111,220,1809,1979,670
52,16991,17111,221,1811,1979,686
52,16991,17111,222,1814,1978,695
52,16991,17111,223,1815,1978,712
52,16991,17111,224,1817,1979,723
52,16991,17111,225,1819,1979,739
52,16991,17111,226,1820,1979,751
52,16991,17111,227,1822,1980,769
52,16991,17111,228,1823,1980,783
52,16991,17111,229,1825,1980,799
52,16991,17111,230,1827,1979,810
52,16991,17111,231,1828,1980,824
52,16991,17111,232,1830,1980,839
52,16991,17111,233,1832,1980,853
52,16991,17111,234,1833,1979,866
52,16991,17111,235,1835,1980,885
52,16991,17111,236,1836,1980,894
52,16991,17111,237,1838,1980,907
52,16991,17111,238,1840,1980,915
52,16991,17111,239,1842,1980,939
52,16991,17111,240,1844,1980,954
52,16991,17111,241,1846,1980,967
52,16991,17111,242,1847,1980,981
52,16991,17111,243,1846,1980,995
52,16991,17111,244,1851,1980,1010
52,16991,17111,245,1852,1981,1023
52,16991,17111,246,1854,1980,1042
52,16991,17111,247,1856,1981,1050
52,16991,17111,248,1858,1981,1067
52,16991,17111,249,1859,1981,1080
52,16991,17111,250,1861,1981,1094
52,16991,17111,251,1864,1981,1117
52,16991,17111,252,1864,1981,1126
52,16991,17111,253,1866,1981,1138
52,16991,17111,254,1869,1981,1149
52,16991,17111,255,1870,1981,1165
52,16991,17111,256,1872,1981,1177
52,16991,17111,257,1874,1981,1198
52,16991,17111,258,1876,1981,1208
52,16991,17111,259,1877,1981,1225
52,16991,17111,260,1879,1981,1242
52,16991,17111,261,1881,1981,1250
52,16991,17111,262,1883,1981,1266
52,16991,17111,263,1886,1981,1280
52,16991,17111,264,1884,1981,1293
52,16991,17111,265,1888,1981,1306
52,16991,17111,266,1890,1981,1322
52,16991,17111,267,1890,1981,1322
52,16991,17111,268,1887,1980,1306
52,16991,17111,269,1886,1981,1294
52,16991,17111,270,1884,1981,1271
52,16991,17111,271,1883,1981,1267
52,16991,17111,272,1880,1981,1254
52,16991,17111,273,1878,1981,1235
52,16991,17111,274,1877,1981,1224
52,16991,17111,275,1876,1981,1207
52,16991,17111,276,1874,1981,1195
52,16991,17111,277,1873,1981,1180
52,16991,17111,278,1870,1981,1166
52,16991,17111,279,1868,1981,1150
52,16991,17111,280,1866,1981,1136
52,16991,17111,281,1865,1980,1125
52,16991,17111,282,1864,1981,1109
52,16991,17111,283,1861,1981,1095
52,16991,17111,284,1859,1981,1079
52,16991,17111,285,1858,1980,1066
52,16991,17111,286,1855,1980,1052
52,16991,17111,287,1854,1980,1039
52,16991,17111,288,1852,1980,1025
52,16991,17111,289,1851,1980,1008
52,16991,17111,290,1849,1981,996
52,16991,17111,291,1847,1980,982
52,16991,17111,292,1846,1980,966
52,16991,17111,293,1842,1980,949
52,16991,17111,294,1842,1980,939
52,16991,17111,295,1840,1980,924
52,16991,17111,296,1838,1980,911
52,16991,17111,297,1837,1979,895
52,16991,17111,298,1835,1980,887
52,16991,17111,299,1833,1979,870
52,16991,17111,300,1832,1979,851
52,16991,17111,301,1830,1980,839
52,16991,17111,302,1828,1979,826
52,16991,17111,303,1827,1979,815
52,16991,17111,304,1825,1979,797
52,16991,17111,305,1823,1979,782
52,16991,17111,306,1821,1978,766
52,16991,17111,307,1819,1979,755
52,16991,17111,308,1819,1978,738
52,16991,17111,309,1817,1978,723
52,16991,17111,310,1815,1979,716
52,16991,17111,311,1813,1978,700
52,16991,17111,312,1812,1978,682
52,16991,17111,313,1810,1978,671
52,16991,17111,314,1808,1978,654
52,16991,17111,315,1807,1978,640
52,16991,17111,316,1805,1977,626
52,16991,17111,317,1804,1978,609
52,16991,17111,318,1801,1978,597
52,16991,17111,319,1800,1978,584
52,16991,17111,320,1798,1977,573
52,16991,17111,321,1796,1977,556
52,16991,17111,322,1795,1977,537
52,16991,17111,323,1794,1978,528
52,16991,17111,324,1792,1977,515
52,16991,17111,325,1790,1978,496
52,16991,17111,326,1789,1977,484
52,16991,17111,327,1787,1977,472
52,16991,17111,328,1785,1976,455
52,16991,17111,329,1784,1976,441
52,16991,17111,330,1782,1976,425
52,16991,17111,331,1781,1976,413
52,16991,17111,332,1781,1976,400
52,16991,17111,333,1778,1976,384
52,16991,17111,334,1776,1976,371
52,16991,17111,335,1775,1976,356
52,16991,17111,336,1773,1975,342
52,16991,17111,337,1772,1975,328
52,16991,17111,338,1770,1975,314
52,16991,17111,339,1768,1975,299
52,16991,17111,340,1767,1975,286
52,16991,17111,341,1765,1974,269
52,16991,17111,342,1763,1974,256
52,16991,17111,343,1762,1974,241
52,16991,17111,344,1761,1974,228
52,16991,17111,345,1759,1974,214
52,16991,17111,346,1757,1974,196
52,16991,17111,347,1756,1973,183
52,16991,17111,348,1754,1973,171
52,16991,17111,349,1758,1974,217
52,16991,17111,350,1769,1976,323
52,16991,17111,351,1779,1977,414
52,16991,17111,352,1791,1978,518
52,16991,17111,353,1806,1979,636
52,16991,17111,354,1814,1980,755
52,16991,17111,355,1835,1980,892
53,17167,17288,0,1988,2023,1227
53,17167,17288,1,1880,1982,1286
53,17167,17288,2,1890,1982,1359
53,17167,17288,3,1904,1982,1447
53,17167,17288,4,1916,1982,1553
53,17167,17288,5,1931,1982,1662
53,17167,17288,6,1947,1983,1787
53,17167,17288,7,1961,1983,1897
53,17167,17288,8,1978,1983,2027
53,17167,17288,9,1998,1984,2111
53,17167,17288,10,2013,1984,2287
53,17167,17288,11,2032,1985,2416
53,17167,17288,12,2051,1985,2547
53,17167,17288,13,2071,1985,2738
53,17167,17288,14,2088,1985,2805
53,17167,17288,15,2106,1985,2936
53,17167,17288,16,2122,1985,3067
53,17167,17288,17,2141,1986,3200
53,17167,17288,18,2158,1986,3324
53,17167,17288,19,2177,1987,3478
53,17167,17288,20,2186,1985,3492
53,17167,17288,21,2184,1985,3472
53,17167,17288,22,2184,1985,3473
53,17167,17288,23,2185,1986,3473
53,17167,17288,24,2183,1986,3468
53,17167,17288,25,2178,1986,3453
53,17167,17288,26,2178,1985,3440
53,17167,17288,27,2178,1985,3423
53,17167,17288,28,2176,1985,3413
53,17167,17288,29,2174,1986,3399
53,17167,17288,30,2171,1986,3380
53,17167,17288,31,2170,1986,3369
53,17167,17288,32,2167,1985,3355
53,17167,17288,33,2166,1985,3343
53,17167,17288,34,2164,1985,3327
53,17167,17288,35,2161,1985,3312
53,17167,17288,36,2160,1985,3299
53,17167,17288,37,2157,1985,3283
53,17167,17288,38,2155,1985,3270
53,17167,17288,39,2153,1985,3254
53,17167,17288,40,2152,1986,3244
53,17167,17288,41,2149,1985,3227
53,17167,17288,42,2148,1985,3213
53,17167,17288,43,2145,1985,3196
53,17167,17288,44,2144,1985,3189
53,17167,17288,45,2141,1984,3169
53,17167,17288,46,2140,1985,3156
53,17167,17288,47,2138,1985,3139
53,17167,17288,48,2136,1985,3128
53,17167,17288,49,2133,1985,3119
53,17167,17288,50,2131,1985,3094
53,17167,17288,51,2130,1985,3083
53,17167,17288,52,2128,1985,3071
53,17167,17288,53,2126,1985,3057
53,17167,17288,54,2124,1984,3044
53,17167,17288,55,2122,1985,3031
53,17167,17288,56,2120,1984,3014
53,17167,17288,57,2117,1984,3001
53,17167,17288,58,2116,1984,2984
53,17167,17288,59,2115,1984,2967
53,17167,17288,60,2112,1984,2955
53,17167,17288,61,2111,1985,2944
53,17167,17288,62,2108,1985,2929
53,17167,17288,63,2107,1984,2920
53,17167,17288,64,2105,1985,2900
53,17167,17288,65,2103,1984,2884
53,17167,17288,66,2100,1985,2872
53,17167,17288,67,2099,1985,2858
53,17167,17288,68,2097,1985,2847
53,17167,17288,69,2093,1984,2828
53,17167,17288,70,2093,1984,2809
53,17167,17288,71,2091,1985,2802
53,17167,17288,72,2089,1984,2788
53,17167,17288,73,2088,1984,2771
53,17167,17288,74,2085,1984,2759
53,17167,17288,75,2083,1985,2747
53,17167,17288,76,2081,1984,2730
53,17167,17288,77,2080,1984,2702
53,17167,17288,78,2077,1984,2701
53,17167,17288,79,2076,1984,2685
53,17167,17288,80,2074,1984,2675
53,17167,17288,81,2071,1984,2659
53,17167,17288,82,2070,1984,2644
53,17167,17288,83,2067,1984,2628
53,17167,17288,84,2065,1984,2616
53,17167,17288,85,2063,1984,2606
53,17167,17288,86,2062,1984,2586
53,17167,17288,87,2060,1983,2577
53,17167,17288,88,2057,1983,2558
53,17167,17288,89,2058,1983,2559
53,17167,17288,90,2060,1984,2575
53,17167,17288,91,2060,1984,2590
53,17167,17288,92,2063,1984,2599
53,17167,17288,93,2065,1984,2617
53,17167,17288,94,2068,1984,2630
53,17167,17288,95,2069,1984,2649
53,17167,17288,96,2071,1984,2663
53,17167,17288,97,2073,1984,2673
53,17167,17288,98,2075,1984,2689
53,17167,17288,99,2077,1984,2702
53,17167,17288,100,2078,1984,2717
53,17167,17288,101,2081,1984,2730
53,17167,17288,102,2084,1984,2740
53,17167,17288,103,2085,1984,2756
53,17167,17288,104,2085,1984,2774
53,17167,17288,105,2089,1984,2792
53,17167,17288,106,2091,1984,2799
53,17167,17288,107,2093,1984,2815
53,17167,17288,108,2095,1984,2827
53,17167,17288,109,2097,1984,2847
53,17167,17288,110,2098,1984,2857
53,17167,17288,111,2101,1984,2873
53,17167,17288,112,2102,1984,2884
53,17167,17288,113,2104,1984,2899
53,17167,17288,114,2106,1985,2914
53,17167,17288,115,2108,1985,2931
53,17167,17288,116,2110,1984,2940
53,17167,17288,117,2113,1985,2957
53,17167,17288,118,2114,1985,2979
53,17167,17288,119,2116,1984,2985
53,17167,17288,120,2118,1985,3003
53,17167,17288,121,2120,1985,3012
53,17167,17288,122,2122,1985,3031
53,17167,17288,123,2124,1985,3041
53,17167,17288,124,2125,1985,3055
53,17167,17288,125,2128,1985,3071
53,17167,17288,126,2129,1985,3085
53,17167,17288,127,2133,1985,3099
53,17167,17288,128,2133,1985,3113
53,17167,17288,129,2136,1985,3125
53,17167,17288,130,2137,1985,3141
53,17167,17288,131,2140,1985,3157
53,17167,17288,132,2142,1985,3169
53,17167,17288,133,2143,1985,3184
53,17167,17288,134,2145,1985,3199
53,17167,17288,135,2148,1985,3213
53,17167,17288,136,2150,1985,3226
53,17167,17288,137,2151,1985,3239
53,17167,17288,138,2153,1985,3254
53,17167,17288,139,2155,1984,3270
53,17167,17288,140,2158,1985,3284
53,17167,17288,141,2159,1985,3299
53,17167,17288,142,2161,1985,3310
53,17167,17288,143,2163,1986,3327
53,17167,17288,144,2163,1985,3341
53,17167,17288,145,2167,1985,3353
53,17167,17288,146,2169,1985,3369
53,17167,17288,147,2172,1986,3380
53,17167,17288,148,2173,1985,3398
53,17167,17288,149,2175,1986,3411
53,17167,17288,150,2176,1986,3430
53,17167,17288,151,2178,1985,3440
53,17167,17288,152,2182,1985,3455
53,17167,17288,153,2183,1985,3468
53,17167,17288,154,2185,1986,3469
53,17167,17288,155,2183,1985,3473
53,17167,17288,156,2183,1986,3472
53,17167,17288,157,2185,1985,3487
53,17167,17288,158,2188,1986,3505
53,17167,17288,159,2189,1986,3512
53,17167,17288,160,2190,1985,3518
53,17167,17288,161,2191,1985,3509
53,17167,17288,162,2183,1985,3409
53,17167,17288,163,2169,1984,3330
53,17167,17288,164,2153,1984,3218
53,17167,17288,165,2139,1984,3107
53,17167,17288,166,2121,1984,2974
53,17167,17288,167,2103,1983,2850
53,17167,17288,168,2088,1983,2724
53,17167,17288,169,2068,1983,2594
53,17167,17288,170,2054,1983,2494
53,17167,17288,171,2036,1983,2354
53,17167,17288,172,2017,1982,2224
53,17167,17288,173,1993,1982,2088
53,17167,17288,174,1983,1982,1962
53,17167,17288,175,1961,1982,1834
53,17167,17288,176,1944,1981,1685
53,17167,17288,177,1923,1980,1539
53,17167,17288,178,1916,1981,1467
53,17167,17288,179,1896,1980,1337
53,17167,17288,180,1881,1980,1224
53,17167,17288,181,1865,1980,1124
53,17167,17288,182,1850,1979,967
53,17167,17288,183,1836,1978,824
53,17167,17288,184,1817,1978,686
53,17167,17288,185,1801,1977,568
53,17167,17288,186,1791,1976,441
53,17167,17288,187,1772,1975,300
53,17167,17288,188,1762,1973,214
53,17167,17288,189,1760,1974,228
53,17167,17288,190,1761,1974,243
53,17167,17288,191,1763,1974,256
53,17167,17288,192,1765,1974,271
53,17167,17288,193,1767,1975,283
53,17167,17288,194,1768,1974,300
53,17167,17288,195,1769,1974,313
53,17167,17288,196,1771,1975,329
53,17167,17288,197,1772,1975,343
53,17167,17288,198,1774,1975,356
53,17167,17288,199,1776,1976,372
53,17167,17288,200,1777,1976,383
53,17167,17288,201,1779,1976,398
53,17167,17288,202,1781,1976,413
53,17167,17288,203,1782,1976,424
53,17167,17288,204,1784,1977,441
53,17167,17288,205,1786,1977,456
53,17167,17288,206,1787,1977,470
53,17167,17288,207,1788,1977,485
53,17167,17288,208,1791,1977,499
53,17167,17288,209,1792,1977,514
53,17167,17288,210,1793,1978,528
53,17167,17288,211,1795,1977,544
53,17167,17288,212,1798,1977,555
53,17167,17288,213,1799,1977,569
53,17167,17288,214,1800,1978,585
53,17167,17288,215,1802,1978,598
53,17167,17288,216,1803,1978,613
53,17167,17288,217,1805,1978,620
53,17167,17288,218,1807,1978,642
53,17167,17288,219,1808,1979,649
53,17167,17288,220,1810,1978,668
53,17167,17288,221,1812,1978,681
53,17167,17288,222,1813,1978,696
53,17167,17288,223,1815,1980,714
53,17167,17288,224,1816,1979,723
53,17167,17288,225,1819,1979,740
53,17167,17288,226,1819,1979,749
53,17167,17288,227,1822,1979,766
53,17167,17288,228,1822,1978,782
53,17167,17288,229,1825,1979,794
53,17167,17288,230,1826,1979,807
53,17167,17288,231,1828,1979,833
53,17167,17288,232,1830,1979,841
53,17167,17288,233,1831,1980,854
53,17167,17288,234,1833,1980,869
53,17167,17288,235,1835,1980,881
53,17167,17288,236,1837,1979,896
53,17167,17288,237,1838,1980,910
53,17167,17288,238,1840,1980,926
53,17167,17288,239,1842,1980,939
53,17167,17288,240,1844,1980,958
53,17167,17288,241,1846,1980,965
53,17167,17288,242,1847,1980,982
53,17167,17288,243,1849,1979,996
53,17167,17288,244,1850,1979,1008
53,17167,17288,245,1852,1980,1023
53,17167,17288,246,1853,1980,1036
53,17167,17288,247,1855,1980,1051
53,17167,17288,248,1857,1980,1061
53,17167,17288,249,1859,1981,1079
53,17167,17288,250,1861,1980,1093
53,17167,17288,251,1864,1980,1110
53,17167,17288,252,1865,1981,1122
53,17167,17288,253,1866,1981,1138
53,17167,17288,254,1868,1981,1155
53,17167,17288,255,1869,1981,1165
53,17167,17288,256,1872,1981,1178
53,17167,17288,257,1873,1981,1197
53,17167,17288,258,1876,1981,1206
53,17167,17288,259,1877,1981,1223
53,17167,17288,260,1879,1981,1234
53,17167,17288,261,1880,1980,1250
53,17167,17288,262,1883,1981,1263
53,17167,17288,263,1885,1981,1280
53,17167,17288,264,1886,1981,1294
53,17167,17288,265,1888,1981,1309
53,17167,17288,266,1890,1981,1325
53,17167,17288,267,1890,1981,1325
53,17167,17288,268,1888,1981,1307
53,17167,17288,269,1885,1981,1291
53,17167,17288,270,1884,1981,1279
53,17167,17288,271,1883,1981,1267
53,17167,17288,272,1881,1980,1252
53,17167,17288,273,1879,1980,1239
53,17167,17288,274,1878,1981,1225
53,17167,17288,275,1874,1980,1210
53,17167,17288,276,1874,1980,1195
53,17167,17288,277,1872,1981,1179
53,17167,17288,278,1870,1980,1165
53,17167,17288,279,1868,1980,1152
53,17167,17288,280,1866,1980,1144
53,17167,17288,281,1865,1980,1122
53,17167,17288,282,1863,1981,1110
53,17167,17288,283,1861,1980,1097
53,17167,17288,284,1860,1980,1081
53,17167,17288,285,1857,1980,1065
53,17167,17288,286,1854,1980,1051
53,17167,17288,287,1854,1980,1038
53,17167,17288,288,1852,1980,1023
53,17167,17288,289,1850,1980,1007
53,17167,17288,290,1849,1980,998
53,17167,17288,291,1847,1980,980
53,17167,17288,292,1846,1980,967
53,17167,17288,293,1843,1980,952
53,17167,17288,294,1842,1980,937
53,17167,17288,295,1841,1980,927
53,17167,17288,296,1838,1980,909
53,17167,17288,297,1837,1980,894
53,17167,17288,298,1835,1980,882
53,17167,17288,299,1834,1980,867
53,17167,17288,300,1832,1979,850
53,17167,17288,301,1830,1979,834
53,17167,17288,302,1828,1980,822
53,17167,17288,303,1826,1979,811
53,17167,17288,304,1825,1979,798
53,17167,17288,305,1823,1979,784
53,17167,17288,306,1821,1979,765
53,17167,17288,307,1820,1979,752
53,17167,17288,308,1819,1978,740
53,17167,17288,309,1817,1979,729
53,17167,17288,310,1815,1979,713
53,17167,17288,311,1813,1979,696
53,17167,17288,312,1812,1979,682
53,17167,17288,313,1810,1978,667
53,17167,17288,314,1808,1978,658
53,17167,17288,315,1806,1978,640
53,17167,17288,316,1805,1978,626
53,17167,17288,317,1803,1978,614
53,17167,17288,318,1802,1978,616
53,17167,17288,319,1800,1977,584
53,17167,17288,320,1798,1978,569
53,17167,17288,321,1795,1978,553
53,17167,17288,322,1795,1977,541
53,17167,17288,323,1793,1976,497
53,17167,17288,324,1793,1977,514
53,17167,17288,325,1790,1977,500
53,17167,17288,326,1788,1977,486
53,17167,17288,327,1787,1976,467
53,17167,17288,328,1785,1976,456
53,17167,17288,329,1784,1976,441
53,17167,17288,330,1782,1977,428
53,17167,17288,331,1780,1976,413
53,17167,17288,332,1779,1976,401
53,17167,17288,333,1775,1976,384
53,17167,17288,334,1776,1976,370
53,17167,17288,335,1774,1975,362
53,17167,17288,336,1773,1976,343
53,17167,17288,337,1771,1976,330
53,17167,17288,338,1769,1975,314
53,17167,17288,339,1768,1975,301
53,17167,17288,340,1767,1975,289
53,17167,17288,341,1765,1975,274
53,17167,17288,342,1763,1974,258
53,17167,17288,343,1762,1974,246
53,17167,17288,344,1760,1974,223
53,17167,17288,345,1759,1974,215
53,17167,17288,346,1757,1973,192
53,17167,17288,347,1756,1973,184
53,17167,17288,348,1753,1973,174
53,17167,17288,349,1762,1975,235
53,17167,17288,350,1770,1976,333
53,17167,17288,351,1779,1977,430
53,17167,17288,352,1793,1978,541
53,17167,17288,353,1803,1978,655
53,17167,17288,354,1818,1979,773
53,17167,17288,355,1832,1980,901
54,17341,17462,0,1985,2021,1137
54,17341,17462,1,1873,1982,1210
54,17341,17462,2,1886,1982,1299
54,17341,17462,3,1896,1982,1408
54,17341,17462,4,1908,1982,1516
54,17341,17462,5,1923,1983,1627
54,17341,17462,6,1941,1983,1749
54,17341,17462,7,1958,1983,1880
54,17341,17462,8,1978,1984,2001
54,17341,17462,9,1993,1983,2125
54,17341,17462,10,2013,1984,2265
54,17341,17462,11,2031,1984,2401
54,17341,17462,12,2049,1985,2531
54,17341,17462,13,2070,1984,2670
54,17341,17462,14,2086,1985,2815
54,17341,17462,15,2103,1986,2957
54,17341,17462,16,2125,1986,3122
54,17341,17462,17,2150,1986,3317
54,17341,17462,18,2168,1986,3425
54,17341,17462,19,2187,1985,3503
54,17341,17462,20,2187,1985,3486
54,17341,17462,21,2183,1985,3472
54,17341,17462,22,2184,1985,3473
54,17341,17462,23,2185,1986,3478
54,17341,17462,24,2183,1986,3467
54,17341,17462,25,2181,1985,3453
54,17341,17462,26,2179,1985,3439
54,17341,17462,27,2177,1985,3423
54,17341,17462,28,2176,1986,3411
54,17341,17462,29,2173,1985,3401
54,17341,17462,30,2171,1985,3383
54,17341,17462,31,2169,1985,3371
54,17341,17462,32,2167,1985,3353
54,17341,17462,33,2165,1985,3343
54,17341,17462,34,2164,1985,3327
54,17341,17462,35,2161,1985,3314
54,17341,17462,36,2159,1986,3299
54,17341,17462,37,2157,1985,3280
54,17341,17462,38,2156,1985,3272
54,17341,17462,39,2153,1985,3255
54,17341,17462,40,2152,1985,3242
54,17341,17462,41,2149,1985,3226
54,17341,17462,42,2147,1985,3210
54,17341,17462,43,2145,1985,3201
54,17341,17462,44,2143,1985,3184
54,17341,17462,45,2140,1985,3173
54,17341,17462,46,2139,1985,3151
54,17341,17462,47,2139,1985,3141
54,17341,17462,48,2135,1985,3130
54,17341,17462,49,2134,1985,3109
54,17341,17462,50,2132,1985,3100
54,17341,17462,51,2130,1985,3085
54,17341,17462,52,2128,1985,3071
54,17341,17462,53,2126,1984,3054
54,17341,17462,54,2124,1985,3044
54,17341,17462,55,2123,1985,3028
54,17341,17462,56,2120,1985,3013
54,17341,17462,57,2118,1985,2997
54,17341,17462,58,2116,1985,2985
54,17341,17462,59,2115,1985,2970
54,17341,17462,60,2113,1984,2959
54,17341,17462,61,2111,1985,2944
54,17341,17462,62,2108,1984,2930
54,17341,17462,63,2106,1984,2913
54,17341,17462,64,2104,1984,2900
54,17341,17462,65,2103,1984,2893
54,17341,17462,66,2101,1984,2874
54,17341,17462,67,2099,1984,2857
54,17341,17462,68,2096,1984,2844
54,17341,17462,69,2095,1984,2828
54,17341,17462,70,2092,1984,2811
54,17341,17462,71,2091,1985,2802
54,17341,17462,72,2089,1984,2786
54,17341,17462,73,2086,1984,2767
54,17341,17462,74,2085,1984,2759
54,17341,17462,75,2082,1984,2743
54,17341,17462,76,2082,1984,2743
54,17341,17462,77,2079,1984,2714
54,17341,17462,78,2078,1984,2701
54,17341,17462,79,2075,1984,2677
54,17341,17462,80,2075,1984,2673
54,17341,17462,81,2071,1984,2658
54,17341,17462,82,2070,1984,2645
54,17341,17462,83,2067,1984,2631
54,17341,17462,84,2066,1984,2613
54,17341,17462,85,2064,1984,2601
54,17341,17462,86,2062,1984,2587
54,17341,17462,87,2060,1984,2580
54,17341,17462,88,2059,1984,2558
54,17341,17462,89,2058,1984,2560
54,17341,17462,90,2059,1984,2574
54,17341,17462,91,2062,1984,2574
54,17341,17462,92,2063,1984,2604
54,17341,17462,93,2065,1983,2618
54,17341,17462,94,2067,1984,2630
54,17341,17462,95,2070,1985,2651
54,17341,17462,96,2071,1984,2658
54,17341,17462,97,2074,1985,2673
54,17341,17462,98,2075,1984,2686
54,17341,17462,99,2078,1985,2701
54,17341,17462,100,2079,1985,2723
54,17341,17462,101,2081,1984,2732
54,17341,17462,102,2083,1984,2742
54,17341,17462,103,2085,1984,2757
54,17341,17462,104,2087,1984,2775
54,17341,17462,105,2090,1984,2784
54,17341,17462,106,2090,1984,2800
54,17341,17462,107,2092,1984,2813
54,17341,17462,108,2094,1984,2831
54,17341,17462,109,2097,1984,2845
54,17341,17462,110,2099,1985,2857
54,17341,17462,111,2100,1984,2875
54,17341,17462,112,2103,1985,2887
54,17341,17462,113,2104,1984,2898
54,17341,17462,114,2106,1985,2916
54,17341,17462,115,2108,1984,2921
54,17341,17462,116,2110,1984,2938
54,17341,17462,117,2112,1985,2956
54,17341,17462,118,2115,1985,2973
54,17341,17462,119,2116,1985,2984
54,17341,17462,120,2117,1985,3002
54,17341,17462,121,2121,1985,3014
54,17341,17462,122,2121,1985,3034
54,17341,17462,123,2124,1984,3043
54,17341,17462,124,2129,1984,3055
54,17341,17462,125,2129,1984,3067
54,17341,17462,126,2130,1985,3083
54,17341,17462,127,2132,1985,3101
54,17341,17462,128,2134,1985,3110
54,17341,17462,129,2136,1985,3127
54,17341,17462,130,2139,1985,3142
54,17341,17462,131,2139,1985,3156
54,17341,17462,132,2143,1985,3169
54,17341,17462,133,2143,1985,3184
54,17341,17462,134,2145,1985,3191
54,17341,17462,135,2147,1985,3212
54,17341,17462,136,2151,1985,3233
54,17341,17462,137,2151,1985,3241
54,17341,17462,138,2154,1985,3251
54,17341,17462,139,2155,1985,3271
54,17341,17462,140,2157,1985,3283
54,17341,17462,141,2160,1985,3296
54,17341,17462,142,2161,1985,3312
54,17341,17462,143,2164,1986,3324
54,17341,17462,144,2165,1985,3335
54,17341,17462,145,2168,1986,3354
54,17341,17462,146,2171,1986,3370
54,17341,17462,147,2171,1986,3383
54,17341,17462,148,2173,1985,3398
54,17341,17462,149,2176,1986,3410
54,17341,17462,150,2176,1986,3426
54,17341,17462,151,2178,1986,3437
54,17341,17462,152,2180,1986,3452
54,17341,17462,153,2183,1986,3467
54,17341,17462,154,2184,1986,3477
54,17341,17462,155,2184,1985,3473
54,17341,17462,156,2183,1986,3472
54,17341,17462,157,2186,1986,3485
54,17341,17462,158,2187,1986,3501
54,17341,17462,159,2189,1986,3511
54,17341,17462,160,2190,1986,3521
54,17341,17462,161,2190,1986,3516
54,17341,17462,162,2187,1985,3450
54,17341,17462,163,2173,1985,3399
54,17341,17462,164,2165,1984,3284
54,17341,17462,165,2149,1984,3192
54,17341,17462,166,2133,1984,3077
54,17341,17462,167,2115,1983,2962
54,17341,17462,168,2103,1984,2842
54,17341,17462,169,2087,1983,2707
54,17341,17462,170,2067,1982,2578
54,17341,17462,171,2048,1983,2438
54,17341,17462,172,2029,1983,2307
54,17341,17462,173,2012,1982,2149
54,17341,17462,174,1987,1981,2006
54,17341,17462,175,1966,1981,1860
54,17341,17462,176,1949,1982,1725
54,17341,17462,177,1933,1980,1577
54,17341,17462,178,1917,1981,1487
54,17341,17462,179,1903,1980,1354
54,17341,17462,180,1884,1980,1245
54,17341,17462,181,1869,1980,1109
54,17341,17462,182,1849,1979,972
54,17341,17462,183,1834,1978,825
54,17341,17462,184,1818,1978,693
54,17341,17462,185,1802,1976,561
54,17341,17462,186,1786,1977,454
54,17341,17462,187,1773,1974,293
54,17341,17462,188,1759,1974,213
54,17341,17462,189,1761,1974,231
54,17341,17462,190,1762,1974,239
54,17341,17462,191,1764,1975,257
54,17341,17462,192,1765,1975,271
54,17341,17462,193,1766,1975,288
54,17341,17462,194,1768,1975,301
54,17341,17462,195,1770,1976,316
54,17341,17462,196,1771,1976,335
54,17341,17462,197,1772,1976,345
54,17341,17462,198,1774,1976,355
54,17341,17462,199,1777,1976,372
54,17341,17462,200,1777,1976,383
54,17341,17462,201,1780,1976,400
54,17341,17462,202,1781,1976,416
54,17341,17462,203,1783,1976,427
54,17341,17462,204,1784,1976,454
54,17341,17462,205,1786,1976,453
54,17341,17462,206,1787,1977,469
54,17341,17462,207,1789,1977,481
54,17341,17462,208,1790,1977,503
54,17341,17462,209,1792,1977,512
54,17341,17462,210,1794,1977,529
54,17341,17462,211,1795,1977,539
54,17341,17462,212,1797,1977,554
54,17341,17462,213,1798,1977,568
54,17341,17462,214,1800,1978,585
54,17341,17462,215,1801,1978,599
54,17341,17462,216,1803,1978,611
54,17341,17462,217,1805,1978,626
54,17341,17462,218,1807,1978,638
54,17341,17462,219,1808,1978,654
54,17341,17462,220,1810,1979,669
54,17341,17462,221,1811,1979,682
54,17341,17462,222,1813,1978,698
54,17341,17462,223,1815,1979,703
54,17341,17462,224,1816,1979,729
54,17341,17462,225,1818,1979,739
54,17341,17462,226,1820,1979,754
54,17341,17462,227,1822,1979,770
54,17341,17462,228,1823,1979,782
54,17341,17462,229,1825,1979,798
54,17341,17462,230,1828,1979,809
54,17341,17462,231,1828,1979,825
54,17341,17462,232,1830,1980,841
54,17341,17462,233,1830,1979,855
54,17341,17462,234,1833,1979,869
54,17341,17462,235,1835,1980,881
54,17341,17462,236,1837,1980,895
54,17341,17462,237,1839,1980,910
54,17341,17462,238,1841,1980,925
54,17341,17462,239,1842,1980,941
54,17341,17462,240,1844,1980,962
54,17341,17462,241,1846,1980,967
54,17341,17462,242,1847,1980,981
54,17341,17462,243,1849,1981,994
54,17341,17462,244,1850,1980,1008
54,17341,17462,245,1853,1981,1024
54,17341,17462,246,1854,1980,1040
54,17341,17462,247,1856,1981,1052
54,17341,17462,248,1858,1980,1065
54,17341,17462,249,1859,1981,1081
54,17341,17462,250,1861,1980,1095
54,17341,17462,251,1862,1981,1110
54,17341,17462,252,1865,1980,1119
54,17341,17462,253,1866,1980,1132
54,17341,17462,254,1868,1980,1151
54,17341,17462,255,1870,1980,1166
54,17341,17462,256,1872,1981,1178
54,17341,17462,257,1873,1981,1196
54,17341,17462,258,1875,1981,1212
54,17341,17462,259,1877,1981,1223
54,17341,17462,260,1879,1981,1236
54,17341,17462,261,1881,1981,1254
54,17341,17462,262,1882,1981,1264
54,17341,17462,263,1884,1981,1277
54,17341,17462,264,1886,1981,1293
54,17341,17462,265,1887,1980,1308
54,17341,17462,266,1890,1981,1321
54,17341,17462,267,1889,1981,1315
54,17341,17462,268,1888,1981,1309
54,17341,17462,269,1887,1981,1296
54,17341,17462,270,1885,1981,1278
54,17341,17462,271,1882,1981,1266
54,17341,17462,272,1880,1981,1247
54,17341,17462,273,1878,1981,1237
54,17341,17462,274,1878,1981,1226
54,17341,17462,275,1875,1981,1202
54,17341,17462,276,1874,1981,1191
54,17341,17462,277,1871,1980,1181
54,17341,17462,278,1870,1981,1167
54,17341,17462,279,1870,1980,1151
54,17341,17462,280,1867,1980,1137
54,17341,17462,281,1865,1980,1122
54,17341,17462,282,1863,1981,1109
54,17341,17462,283,1859,1980,1093
54,17341,17462,284,1860,1980,1079
54,17341,17462,285,1858,1980,1072
54,17341,17462,286,1856,1980,1050
54,17341,17462,287,1854,1980,1039
54,17341,17462,288,1853,1980,1024
54,17341,17462,289,1851,1980,1012
54,17341,17462,290,1849,1980,997
54,17341,17462,291,1847,1980,982
54,17341,17462,292,1845,1980,969
54,17341,17462,293,1844,1979,948
54,17341,17462,294,1842,1980,938
54,17341,17462,295,1840,1980,926
54,17341,17462,296,1838,1980,910
54,17341,17462,297,1837,1980,894
54,17341,17462,298,1834,1979,883
54,17341,17462,299,1834,1980,870
54,17341,17462,300,1832,1980,854
54,17341,17462,301,1829,1980,847
54,17341,17462,302,1828,1979,827
54,17341,17462,303,1827,1979,814
54,17341,17462,304,1825,1979,800
54,17341,17462,305,1824,1979,784
54,17341,17462,306,1822,1979,768
54,17341,17462,307,1820,1979,749
54,17341,17462,308,1817,1979,743
54,17341,17462,309,1816,1978,728
54,17341,17462,310,1815,1978,711
54,17341,17462,311,1814,1978,697
54,17341,17462,312,1811,1978,684
54,17341,17462,313,1810,1978,670
54,17341,17462,314,1808,1978,653
54,17341,17462,315,1806,1978,639
54,17341,17462,316,1805,1978,624
54,17341,17462,317,1803,1977,612
54,17341,17462,318,1801,1978,597
54,17341,17462,319,1800,1977,581
54,17341,17462,320,1798,1978,564
54,17341,17462,321,1797,1978,553
54,17341,17462,322,1795,1977,539
54,17341,17462,323,1793,1977,525
54,17341,17462,324,1791,1977,513
54,17341,17462,325,1791,1977,497
54,17341,17462,326,1789,1977,486
54,17341,17462,327,1787,1977,467
54,17341,17462,328,1785,1977,454
54,17341,17462,329,1784,1976,451
54,17341,17462,330,1783,1976,428
54,17341,17462,331,1782,1976,413
54,17341,17462,332,1780,1976,399
54,17341,17462,333,1777,1976,384
54,17341,17462,334,1776,1976,376
54,17341,17462,335,1774,1976,356
54,17341,17462,336,1773,1975,342
54,17341,17462,337,1772,1975,326
54,17341,17462,338,1770,1976,315
54,17341,17462,339,1768,1975,301
54,17341,17462,340,1767,1974,284
54,17341,17462,341,1766,1975,273
54,17341,17462,342,1763,1974,256
54,17341,17462,343,1762,1974,242
54,17341,17462,344,1760,1974,226
54,17341,17462,345,1758,1974,215
54,17341,17462,346,1756,1973,201
54,17341,17462,347,1756,1974,187
54,17341,17462,348,1753,1973,179
54,17341,17462,349,1756,1974,222
54,17341,17462,350,1770,1976,319
54,17341,17462,351,1779,1977,394
54,17341,17462,352,1791,1978,526
54,17341,17462,353,1801,1979,647
54,17341,17462,354,1814,1979,759
54,17341,17462,355,1832,1980,882
55,17515,17635,0,1985,2022,1243
55,17515,17635,1,1886,1982,1303
55,17515,17635,2,1894,1982,1397
55,17515,17635,3,1910,1982,1489
55,17515,17635,4,1920,1982,1577
55,17515,17635,5,1935,1983,1700
55,17515,17635,6,1949,1983,1806
55,17515,17635,7,1965,1983,1923
55,17515,17635,8,1982,1983,2042
55,17515,17635,9,1998,1984,2175
55,17515,17635,10,2016,1984,2297
55,17515,17635,11,2033,1984,2425
55,17515,17635,12,2055,1985,2564
55,17515,17635,13,2070,1985,2675
55,17515,17635,14,2091,1985,2837
55,17515,17635,15,2105,1986,2968
55,17515,17635,16,2129,1986,3122
55,17515,17635,17,2146,1986,3245
55,17515,17635,18,2167,1986,3395
55,17515,17635,19,2184,1986,3491
55,17515,17635,20,2187,1985,3487
55,17515,17635,21,2184,1985,3472
55,17515,17635,22,2184,1985,3473
55,17515,17635,23,2185,1986,3476
55,17515,17635,24,2183,1986,3468
55,17515,17635,25,2181,1986,3453
55,17515,17635,26,2180,1986,3435
55,17515,17635,27,2177,1986,3429
55,17515,17635,28,2175,1985,3411
55,17515,17635,29,2174,1985,3399
55,17515,17635,30,2171,1985,3383
55,17515,17635,31,2169,1985,3368
55,17515,17635,32,2168,1986,3353
55,17515,17635,33,2165,1985,3342
55,17515,17635,34,2164,1985,3329
55,17515,17635,35,2161,1986,3312
55,17515,17635,36,2158,1985,3299
55,17515,17635,37,2158,1985,3284
55,17515,17635,38,2156,1985,3270
55,17515,17635,39,2154,1985,3258
55,17515,17635,40,2151,1985,3245
55,17515,17635,41,2147,1985,3218
55,17515,17635,42,2149,1985,3211
55,17515,17635,43,2147,1985,3198
55,17515,17635,44,2144,1985,3196
55,17515,17635,45,2142,1985,3174
55,17515,17635,46,2140,1985,3155
55,17515,17635,47,2137,1985,3142
55,17515,17635,48,2136,1985,3126
55,17515,17635,49,2134,1985,3112
55,17515,17635,50,2132,1985,3097
55,17515,17635,51,2130,1985,3083
55,17515,17635,52,2129,1985,3075
55,17515,17635,53,2126,1985,3055
55,17515,17635,54,2124,1985,3042
55,17515,17635,55,2123,1984,3026
55,17515,17635,56,2121,1985,3015
55,17515,17635,57,2118,1984,2998
55,17515,17635,58,2116,1985,2982
55,17515,17635,59,2114,1984,2972
55,17515,17635,60,2112,1985,2956
55,17515,17635,61,2110,1984,2941
55,17515,17635,62,2108,1984,2925
55,17515,17635,63,2107,1984,2916
55,17515,17635,64,2103,1984,2899
55,17515,17635,65,2103,1985,2885
55,17515,17635,66,2100,1985,2872
55,17515,17635,67,2099,1985,2859
55,17515,17635,68,2096,1985,2842
55,17515,17635,69,2096,1984,2830
55,17515,17635,70,2092,1984,2817
55,17515,17635,71,2091,1984,2799
55,17515,17635,72,2089,1984,2780
55,17515,17635,73,2086,1984,2771
55,17515,17635,74,2084,1984,2761
55,17515,17635,75,2084,1984,2745
55,17515,17635,76,2081,1984,2728
55,17515,17635,77,2079,1984,2714
55,17515,17635,78,2077,1983,2699
55,17515,17635,79,2075,1984,2672
55,17515,17635,80,2073,1984,2679
55,17515,17635,81,2071,1984,2660
55,17515,17635,82,2070,1984,2647
55,17515,17635,83,2067,1984,2623
55,17515,17635,84,2065,1984,2617
55,17515,17635,85,2063,1984,2603
55,17515,17635,86,2062,1984,2587
55,17515,17635,87,2059,1984,2574
55,17515,17635,88,2058,1984,2563
55,17515,17635,89,2058,1984,2564
55,17515,17635,90,2058,1984,2574
55,17515,17635,91,2061,1984,2586
55,17515,17635,92,2063,1984,2599
55,17515,17635,93,2066,1984,2613
55,17515,17635,94,2067,1984,2631
55,17515,17635,95,2068,1984,2639
55,17515,17635,96,2071,1983,2656
55,17515,17635,97,2073,1984,2674
55,17515,17635,98,2075,1984,2687
55,17515,17635,99,2077,1984,2699
55,17515,17635,100,2079,1984,2714
55,17515,17635,101,2082,1984,2727
55,17515,17635,102,2083,1984,2742
55,17515,17635,103,2085,1984,2755
55,17515,17635,104,2087,1984,2775
55,17515,17635,105,2089,1984,2786
55,17515,17635,106,2091,1985,2802
55,17515,17635,107,2093,1984,2814
55,17515,17635,108,2094,1984,2832
55,17515,17635,109,2097,1984,2841
55,17515,17635,110,2098,1985,2859
55,17515,17635,111,2101,1985,2869
55,17515,17635,112,2102,1984,2885
55,17515,17635,113,2105,1985,2899
55,17515,17635,114,2106,1984,2912
55,17515,17635,115,2109,1985,2928
55,17515,17635,116,2111,1985,2942
55,17515,17635,117,2112,1985,2954
55,17515,17635,118,2114,1984,2969
55,17515,17635,119,2116,1985,2987
55,17515,17635,120,2117,1985,3000
55,17515,17635,121,2120,1985,3018
55,17515,17635,122,2121,1984,3026
55,17515,17635,123,2123,1984,3042
55,17515,17635,124,2126,1985,3052
55,17515,17635,125,2128,1985,3067
55,17515,17635,126,2130,1985,3084
55,17515,17635,127,2131,1985,3099
55,17515,17635,128,2134,1985,3106
55,17515,17635,129,2135,1986,3127
55,17515,17635,130,2138,1985,3139
55,17515,17635,131,2139,1985,3157
55,17515,17635,132,2142,1985,3167
55,17515,17635,133,2143,1985,3187
55,17515,17635,134,2147,1985,3199
55,17515,17635,135,2147,1985,3210
55,17515,17635,136,2150,1985,3227
55,17515,17635,137,2152,1985,3238
55,17515,17635,138,2153,1986,3253
55,17515,17635,139,2156,1986,3269
55,17515,17635,140,2157,1985,3282
55,17515,17635,141,2159,1986,3298
55,17515,17635,142,2163,1985,3313
55,17515,17635,143,2164,1985,3325
55,17515,17635,144,2166,1986,3339
55,17515,17635,145,2167,1985,3351
55,17515,17635,146,2169,1985,3367
55,17515,17635,147,2171,1985,3384
55,17515,17635,148,2173,1985,3398
55,17515,17635,149,2174,1985,3412
55,17515,17635,150,2177,1986,3423
55,17515,17635,151,2179,1986,3440
55,17515,17635,152,2180,1986,3458
55,17515,17635,153,2183,1985,3469
55,17515,17635,154,2185,1985,3476
55,17515,17635,155,2184,1986,3473
55,17515,17635,156,2184,1985,3472
55,17515,17635,157,2186,1985,3485
55,17515,17635,158,2189,1986,3505
55,17515,17635,159,2189,1986,3511
55,17515,17635,160,2190,1986,3518
55,17515,17635,161,2190,1986,3513
55,17515,17635,162,2189,1986,3469
55,17515,17635,163,2172,1984,3374
55,17515,17635,164,2163,1984,3269
55,17515,17635,165,2146,1984,3164
55,17515,17635,166,2132,1984,3029
55,17515,17635,167,2112,1984,2915
55,17515,17635,168,2096,1983,2760
55,17515,17635,169,2075,1982,2620
55,17515,17635,170,2056,1982,2488
55,17515,17635,171,2036,1982,2350
55,17515,17635,172,2017,1983,2223
55,17515,17635,173,1997,1981,2064
55,17515,17635,174,1980,1982,1931
55,17515,17635,175,1961,1981,1800
55,17515,17635,176,1938,1981,1649
55,17515,17635,177,1923,1981,1516
55,17515,17635,178,1909,1982,1472
55,17515,17635,179,1889,1980,1327
55,17515,17635,180,1881,1980,1204
55,17515,17635,181,1867,1980,1067
55,17515,17635,182,1849,1979,954
55,17515,17635,183,1833,1979,810
55,17515,17635,184,1817,1977,682
55,17515,17635,185,1803,1976,545
55,17515,17635,186,1786,1975,408
55,17515,17635,187,1773,1974,278
55,17515,17635,188,1758,1974,216
55,17515,17635,189,1759,1974,231
55,17515,17635,190,1762,1974,249
55,17515,17635,191,1763,1974,258
55,17515,17635,192,1765,1974,274
55,17515,17635,193,1767,1975,289
55,17515,17635,194,1767,1975,298
55,17515,17635,195,1769,1976,314
55,17515,17635,196,1771,1976,329
55,17515,17635,197,1772,1976,343
55,17515,17635,198,1774,1976,358
55,17515,17635,199,1777,1976,370
55,17515,17635,200,1776,1976,385
55,17515,17635,201,1779,1976,399
55,17515,17635,202,1781,1977,416
55,17515,17635,203,1783,1977,429
55,17515,17635,204,1784,1977,442
55,17515,17635,205,1786,1977,455
55,17515,17635,206,1787,1977,479
55,17515,17635,207,1789,1977,485
55,17515,17635,208,1790,1977,499
55,17515,17635,209,1792,1977,512
55,17515,17635,210,1793,1977,522
55,17515,17635,211,1795,1977,541
55,17515,17635,212,1798,1977,556
55,17515,17635,213,1798,1978,575
55,17515,17635,214,1800,1977,583
55,17515,17635,215,1802,1978,598
55,17515,17635,216,1803,1978,612
55,17515,17635,217,1805,1978,630
55,17515,17635,218,1807,1978,641
55,17515,17635,219,1808,1979,652
55,17515,17635,220,1810,1979,668
55,17515,17635,221,1811,1979,682
55,17515,17635,222,1813,1979,699
55,17515,17635,223,1815,1978,711
55,17515,17635,224,1816,1978,729
55,17515,17635,225,1818,1979,739
55,17515,17635,226,1819,1980,756
55,17515,17635,227,1822,1980,769
55,17515,17635,228,1824,1980,779
55,17515,17635,229,1824,1979,804
55,17515,17635,230,1826,1980,808
55,17515,17635,231,1828,1980,840
55,17515,17635,232,1830,1980,839
55,17515,17635,233,1832,1980,852
55,17515,17635,234,1834,1979,867
55,17515,17635,235,1835,1979,883
55,17515,17635,236,1837,1980,886
55,17515,17635,237,1839,1980,909
55,17515,17635,238,1840,1980,923
55,17515,17635,239,1841,1980,934
55,17515,17635,240,1844,1980,958
55,17515,17635,241,1846,1980,968
55,17515,17635,242,1848,1980,982
55,17515,17635,243,1849,1980,995
55,17515,17635,244,1850,1981,1009
55,17515,17635,245,1852,1980,1023
55,17515,17635,246,1854,1980,1037
55,17515,17635,247,1856,1981,1049
55,17515,17635,248,1857,1980,1066
55,17515,17635,249,1860,1981,1083
55,17515,17635,250,1861,1980,1096
55,17515,17635,251,1863,1981,1111
55,17515,17635,252,1864,1981,1121
55,17515,17635,253,1867,1981,1144
55,17515,17635,254,1868,1981,1153
55,17515,17635,255,1870,1981,1166
55,17515,17635,256,1874,1980,1181
55,17515,17635,257,1875,1981,1194
55,17515,17635,258,1875,1981,1209
55,17515,17635,259,1876,1980,1221
55,17515,17635,260,1879,1981,1236
55,17515,17635,261,1881,1981,1250
55,17515,17635,262,1883,1981,1265
55,17515,17635,263,1885,1981,1277
55,17515,17635,264,1886,1981,1296
55,17515,17635,265,1888,1981,1310
55,17515,17635,266,1889,1981,1321
55,17515,17635,267,1890,1981,1322
55,17515,17635,268,1888,1981,1310
55,17515,17635,269,1886,1981,1291
55,17515,17635,270,1884,1981,1278
55,17515,17635,271,1882,1981,1261
55,17515,17635,272,1881,1980,1248
55,17515,17635,273,1879,1980,1237
55,17515,17635,274,1878,1981,1224
55,17515,17635,275,1875,1981,1213
55,17515,17635,276,1874,1981,1196
55,17515,17635,277,1871,1980,1179
55,17515,17635,278,1871,1980,1165
55,17515,17635,279,1869,1981,1154
55,17515,17635,280,1867,1981,1136
55,17515,17635,281,1865,1981,1124
55,17515,17635,282,1863,1981,1108
55,17515,17635,283,1859,1980,1094
55,17515,17635,284,1859,1980,1084
55,17515,17635,285,1858,1980,1062
55,17515,17635,286,1856,1980,1054
55,17515,17635,287,1855,1980,1039
55,17515,17635,288,1853,1979,1023
55,17515,17635,289,1851,1980,1010
55,17515,17635,290,1848,1980,995
55,17515,17635,291,1848,1980,981
55,17515,17635,292,1845,1980,968
55,17515,17635,293,1844,1980,951
55,17515,17635,294,1843,1980,934
55,17515,17635,295,1840,1980,926
55,17515,17635,296,1838,1979,900
55,17515,17635,297,1837,1979,894
55,17515,17635,298,1835,1979,884
55,17515,17635,299,1833,1979,871
55,17515,17635,300,1832,1979,852
55,17515,17635,301,1830,1979,841
55,17515,17635,302,1829,1979,827
55,17515,17635,303,1826,1979,817
55,17515,17635,304,1825,1979,797
55,17515,17635,305,1823,1979,781
55,17515,17635,306,1822,1979,766
55,17515,17635,307,1821,1979,752
55,17515,17635,308,1818,1979,739
55,17515,17635,309,1816,1978,725
55,17515,17635,310,1815,1978,711
55,17515,17635,311,1813,1978,696
55,17515,17635,312,1811,1979,682
55,17515,17635,313,1810,1978,668
55,17515,17635,314,1808,1978,657
55,17515,17635,315,1807,1977,642
55,17515,17635,316,1806,1978,627
55,17515,17635,317,1804,1977,605
55,17515,17635,318,1802,1978,597
55,17515,17635,319,1801,1978,580
55,17515,17635,320,1798,1978,571
55,17515,17635,321,1797,1978,547
55,17515,17635,322,1795,1977,541
55,17515,17635,323,1793,1977,529
55,17515,17635,324,1793,1978,513
55,17515,17635,325,1790,1977,498
55,17515,17635,326,1789,1976,485
55,17515,17635,327,1787,1976,479
55,17515,17635,328,1787,1976,455
55,17515,17635,329,1784,1976,444
55,17515,17635,330,1783,1976,424
55,17515,17635,331,1780,1976,415
55,17515,17635,332,1779,1976,400
55,17515,17635,333,1778,1976,385
55,17515,17635,334,1776,1976,369
55,17515,17635,335,1774,1976,358
55,17515,17635,336,1773,1975,346
55,17515,17635,337,1772,1975,327
55,17515,17635,338,1769,1975,314
55,17515,17635,339,1768,1975,301
55,17515,17635,340,1766,1974,287
55,17515,17635,341,1765,1974,271
55,17515,17635,342,1763,1974,257
55,17515,17635,343,1762,1974,242
55,17515,17635,344,1760,1974,228
55,17515,17635,345,1758,1974,214
55,17515,17635,346,1756,1974,190
55,17515,17635,347,1755,1973,192
55,17515,17635,348,1758,1973,194
55,17515,17635,349,1764,1974,268
55,17515,17635,350,1772,1975,347
55,17515,17635,351,1781,1977,437
55,17515,17635,352,1793,1978,542
55,17515,17635,353,1808,1979,655
55,17515,17635,354,1817,1980,786
55,17515,17635,355,1832,1980,896
56,17695,17816,0,1991,2026,1179
56,17695,17816,1,1875,1983,1251
56,17695,17816,2,1890,1981,1320
56,17695,17816,3,1903,1982,1444
56,17695,17816,4,1912,1982,1535
56,17695,17816,5,1929,1982,1671
56,17695,17816,6,1946,1983,1785
56,17695,17816,7,1967,1983,1908
56,17695,17816,8,1980,1985,2061
56,17695,17816,9,2000,1984,2197
56,17695,17816,10,2019,1984,2321
56,17695,17816,11,2039,1985,2459
56,17695,17816,12,2059,1985,2597
56,17695,17816,13,2076,1985,2725
56,17695,17816,14,2091,1986,2862
56,17695,17816,15,2113,1985,2987
56,17695,17816,16,2129,1986,3133
56,17695,17816,17,2149,1986,3261
56,17695,17816,18,2168,1986,3399
56,17695,17816,19,2185,1986,3495
56,17695,17816,20,2186,1985,3483
56,17695,17816,21,2184,1985,3472
56,17695,17816,22,2183,1985,3473
56,17695,17816,23,2185,1985,3476
56,17695,17816,24,2183,1986,3467
56,17695,17816,25,2182,1985,3456
56,17695,17816,26,2179,1986,3439
56,17695,17816,27,2176,1986,3423
56,17695,17816,28,2175,1985,3412
56,17695,17816,29,2174,1986,3403
56,17695,17816,30,2171,1985,3382
56,17695,17816,31,2170,1986,3370
56,17695,17816,32,2167,1986,3353
56,17695,17816,33,2166,1985,3340
56,17695,17816,34,2164,1986,3328
56,17695,17816,35,2161,1985,3311
56,17695,17816,36,2159,1985,3297
56,17695,17816,37,2158,1985,3291
56,17695,17816,38,2155,1985,3271
56,17695,17816,39,2153,1986,3259
56,17695,17816,40,2151,1985,3240
56,17695,17816,41,2150,1985,3226
56,17695,17816,42,2148,1985,3212
56,17695,17816,43,2146,1985,3203
56,17695,17816,44,2143,1985,3183
56,17695,17816,45,2141,1985,3169
56,17695,17816,46,2141,1985,3158
56,17695,17816,47,2138,1985,3140
56,17695,17816,48,2136,1985,3130
56,17695,17816,49,2135,1985,3110
56,17695,17816,50,2132,1985,3101
56,17695,17816,51,2131,1985,3084
56,17695,17816,52,2127,1985,3068
56,17695,17816,53,2126,1985,3055
56,17695,17816,54,2124,1985,3040
56,17695,17816,55,2122,1985,3026
56,17695,17816,56,2121,1985,3028
56,17695,17816,57,2119,1985,2998
56,17695,17816,58,2117,1984,2985
56,17695,17816,59,2114,1985,2970
56,17695,17816,60,2112,1984,2957
56,17695,17816,61,2111,1984,2943
56,17695,17816,62,2109,1985,2926
56,17695,17816,63,2107,1985,2915
56,17695,17816,64,2106,1984,2902
56,17695,17816,65,2102,1984,2887
56,17695,17816,66,2104,1985,2870
56,17695,17816,67,2098,1984,2859
56,17695,17816,68,2097,1984,2842
56,17695,17816,69,2095,1984,2828
56,17695,17816,70,2094,1984,2813
56,17695,17816,71,2091,1985,2800
56,17695,17816,72,2089,1984,2784
56,17695,17816,73,2087,1984,2769
56,17695,17816,74,2085,1984,2757
56,17695,17816,75,2083,1985,2743
56,17695,17816,76,2081,1984,2734
56,17695,17816,77,2080,1985,2714
56,17695,17816,78,2077,1984,2698
56,17695,17816,79,2075,1984,2687
56,17695,17816,80,2073,1984,2673
56,17695,17816,81,2072,1985,2659
56,17695,17816,82,2069,1984,2644
56,17695,17816,83,2068,1984,2631
56,17695,17816,84,2066,1984,2616
56,17695,17816,85,2064,1984,2598
56,17695,17816,86,2061,1984,2589
56,17695,17816,87,2059,1984,2570
56,17695,17816,88,2057,1984,2559
56,17695,17816,89,2057,1984,2560
56,17695,17816,90,2059,1984,2574
56,17695,17816,91,2062,1984,2588
56,17695,17816,92,2064,1985,2610
56,17695,17816,93,2065,1984,2619
56,17695,17816,94,2067,1984,2628
56,17695,17816,95,2070,1984,2639
56,17695,17816,96,2072,1984,2659
56,17695,17816,97,2073,1984,2674
56,17695,17816,98,2076,1984,2689
56,17695,17816,99,2077,1985,2698
56,17695,17816,100,2078,1985,2712
56,17695,17816,101,2080,1985,2728
56,17695,17816,102,2083,1984,2744
56,17695,17816,103,2085,1984,2758
56,17695,17816,104,2087,1984,2768
56,17695,17816,105,2089,1985,2788
56,17695,17816,106,2091,1985,2797
56,17695,17816,107,2093,1985,2812
56,17695,17816,108,2095,1984,2826
56,17695,17816,109,2098,1984,2845
56,17695,17816,110,2099,1985,2860
56,17695,17816,111,2101,1985,2869
56,17695,17816,112,2103,1985,2887
56,17695,17816,113,2104,1984,2898
56,17695,17816,114,2107,1985,2914
56,17695,17816,115,2108,1985,2930
56,17695,17816,116,2111,1985,2941
56,17695,17816,117,2113,1984,2958
56,17695,17816,118,2114,1984,2969
56,17695,17816,119,2117,1985,2987
56,17695,17816,120,2119,1985,3000
56,17695,17816,121,2120,1985,3013
56,17695,17816,122,2122,1985,3029
56,17695,17816,123,2124,1985,3037
56,17695,17816,124,2126,1985,3051
56,17695,17816,125,2127,1986,3071
56,17695,17816,126,2130,1985,3084
56,17695,17816,127,2131,1985,3098
56,17695,17816,128,2134,1985,3109
56,17695,17816,129,2136,1986,3126
56,17695,17816,130,2138,1985,3141
56,17695,17816,131,2140,1986,3158
56,17695,17816,132,2142,1985,3168
56,17695,17816,133,2144,1985,3187
56,17695,17816,134,2146,1985,3198
56,17695,17816,135,2148,1985,3209
56,17695,17816,136,2149,1986,3227
56,17695,17816,137,2152,1985,3240
56,17695,17816,138,2153,1986,3256
56,17695,17816,139,2158,1986,3267
56,17695,17816,140,2157,1985,3285
56,17695,17816,141,2159,1985,3300
56,17695,17816,142,2162,1986,3312
56,17695,17816,143,2161,1985,3325
56,17695,17816,144,2166,1986,3339
56,17695,17816,145,2167,1986,3355
56,17695,17816,146,2169,1986,3369
56,17695,17816,147,2170,1986,3383
56,17695,17816,148,2173,1985,3397
56,17695,17816,149,2175,1985,3413
56,17695,17816,150,2176,1986,3426
56,17695,17816,151,2180,1986,3440
56,17695,17816,152,2181,1986,3454
56,17695,17816,153,2183,1986,3468
56,17695,17816,154,2185,1986,3477
56,17695,17816,155,2183,1985,3473
56,17695,17816,156,2184,1986,3473
56,17695,17816,157,2187,1986,3497
56,17695,17816,158,2188,1985,3500
56,17695,17816,159,2189,1985,3511
56,17695,17816,160,2191,1986,3519
56,17695,17816,161,2191,1986,3521
56,17695,17816,162,2189,1985,3513
56,17695,17816,163,2177,1985,3402
56,17695,17816,164,2164,1985,3295
56,17695,17816,165,2146,1985,3174
56,17695,17816,166,2130,1984,3047
56,17695,17816,167,2114,1983,2921
56,17695,17816,168,2097,1982,2795
56,17695,17816,169,2078,1982,2645
56,17695,17816,170,2056,1983,2531
56,17695,17816,171,2041,1983,2389
56,17695,17816,172,2024,1982,2258
56,17695,17816,173,2004,1983,2124
56,17695,17816,174,1986,1981,1986
56,17695,17816,175,1965,1981,1839
56,17695,17816,176,1948,1982,1720
56,17695,17816,177,1927,1980,1545
56,17695,17816,178,1916,1981,1455
56,17695,17816,179,1895,1981,1322
56,17695,17816,180,1879,1980,1189
56,17695,17816,181,1863,1980,1048
56,17695,17816,182,1846,1979,901
56,17695,17816,183,1827,1978,777
56,17695,17816,184,1812,1977,649
56,17695,17816,185,1797,1976,504
56,17695,17816,186,1782,1976,368
56,17695,17816,187,1768,1974,240
56,17695,17816,188,1758,1974,214
56,17695,17816,189,1760,1974,229
56,17695,17816,190,1762,1975,243
56,17695,17816,191,1763,1974,258
56,17695,17816,192,1765,1975,272
56,17695,17816,193,1766,1975,288
56,17695,17816,194,1769,1975,302
56,17695,17816,195,1769,1975,312
56,17695,17816,196,1771,1975,331
56,17695,17816,197,1772,1975,342
56,17695,17816,198,1774,1977,360
56,17695,17816,199,1776,1976,373
56,17695,17816,200,1778,1976,385
56,17695,17816,201,1778,1976,400
56,17695,17816,202,1781,1976,411
56,17695,17816,203,1782,1976,429
56,17695,17816,204,1784,1977,441
56,17695,17816,205,1785,1976,460
56,17695,17816,206,1787,1977,470
56,17695,17816,207,1789,1977,484
56,17695,17816,208,1791,1977,495
56,17695,17816,209,1792,1976,515
56,17695,17816,210,1794,1977,537
56,17695,17816,211,1795,1977,539
56,17695,17816,212,1797,1977,554
56,17695,17816,213,1798,1978,561
56,17695,17816,214,1801,1978,586
56,17695,17816,215,1801,1978,596
56,17695,17816,216,1803,1979,611
56,17695,17816,217,1805,1978,627
56,17695,17816,218,1807,1978,638
56,17695,17816,219,1809,1978,657
56,17695,17816,220,1811,1978,667
56,17695,17816,221,1811,1978,683
56,17695,17816,222,1813,1978,695
56,17695,17816,223,1815,1978,710
56,17695,17816,224,1817,1978,723
56,17695,17816,225,1819,1979,739
56,17695,17816,226,1819,1979,753
56,17695,17816,227,1822,1979,765
56,17695,17816,228,1823,1979,782
56,17695,17816,229,1825,1979,794
56,17695,17816,230,1828,1979,810
56,17695,17816,231,1828,1980,826
56,17695,17816,232,1830,1980,837
56,17695,17816,233,1832,1980,854
56,17695,17816,234,1834,1980,867
56,17695,17816,235,1835,1980,880
56,17695,17816,236,1836,1980,896
56,17695,17816,237,1839,1980,910
56,17695,17816,238,1842,1980,923
56,17695,17816,239,1842,1980,938
56,17695,17816,240,1844,1980,951
56,17695,17816,241,1846,1980,966
56,17695,17816,242,1847,1980,982
56,17695,17816,243,1849,1980,991
56,17695,17816,244,1851,1980,1009
56,17695,17816,245,1852,1981,1020
56,17695,17816,246,1854,1980,1039
56,17695,17816,247,1855,1980,1052
56,17695,17816,248,1858,1981,1064
56,17695,17816,249,1859,1981,1081
56,17695,17816,250,1861,1981,1102
56,17695,17816,251,1862,1981,1104
56,17695,17816,252,1864,1980,1122
56,17695,17816,253,1866,1980,1135
56,17695,17816,254,1868,1981,1147
56,17695,17816,255,1870,1980,1162
56,17695,17816,256,1872,1981,1179
56,17695,17816,257,1874,1981,1194
56,17695,17816,258,1875,1981,1205
56,17695,17816,259,1877,1981,1224
56,17695,17816,260,1879,1981,1237
56,17695,17816,261,1880,1981,1254
56,17695,17816,262,1883,1981,1260
56,17695,17816,263,1883,1981,1279
56,17695,17816,264,1886,1981,1292
56,17695,17816,265,1888,1981,1305
56,17695,17816,266,1887,1981,1322
56,17695,17816,267,1889,1981,1323
56,17695,17816,268,1888,1981,1309
56,17695,17816,269,1887,1981,1296
56,17695,17816,270,1884,1981,1279
56,17695,17816,271,1882,1981,1268
56,17695,17816,272,1880,1981,1251
56,17695,17816,273,1878,1980,1238
56,17695,17816,274,1876,1981,1221
56,17695,17816,275,1876,1980,1208
56,17695,17816,276,1873,1981,1194
56,17695,17816,277,1872,1981,1182
56,17695,17816,278,1870,1981,1171
56,17695,17816,279,1868,1980,1149
56,17695,17816,280,1867,1981,1134
56,17695,17816,281,1864,1980,1124
56,17695,17816,282,1863,1980,1103
56,17695,17816,283,1861,1980,1092
56,17695,17816,284,1860,1981,1080
56,17695,17816,285,1857,1980,1066
56,17695,17816,286,1856,1980,1053
56,17695,17816,287,1854,1980,1038
56,17695,17816,288,1852,1980,1029
56,17695,17816,289,1851,1980,1017
56,17695,17816,290,1849,1980,994
56,17695,17816,291,1848,1980,979
56,17695,17816,292,1845,1979,968
56,17695,17816,293,1844,1979,953
56,17695,17816,294,1842,1980,948
56,17695,17816,295,1841,1980,921
56,17695,17816,296,1838,1980,910
56,17695,17816,297,1836,1980,895
56,17695,17816,298,1835,1979,881
56,17695,17816,299,1833,1979,868
56,17695,17816,300,1832,1979,857
56,17695,17816,301,1830,1979,832
56,17695,17816,302,1829,1979,824
56,17695,17816,303,1825,1979,810
56,17695,17816,304,1824,1979,796
56,17695,17816,305,1823,1979,780
56,17695,17816,306,1822,1979,768
56,17695,17816,307,1820,1979,754
56,17695,17816,308,1818,1979,738
56,17695,17816,309,1816,1978,724
56,17695,17816,310,1815,1979,710
56,17695,17816,311,1814,1979,698
56,17695,17816,312,1812,1979,685
56,17695,17816,313,1809,1978,671
56,17695,17816,314,1809,1978,656
56,17695,17816,315,1806,1978,641
56,17695,17816,316,1805,1979,628
56,17695,17816,317,1802,1978,611
56,17695,17816,318,1802,1978,600
56,17695,17816,319,1800,1978,582
56,17695,17816,320,1799,1977,570
56,17695,17816,321,1797,1977,555
56,17695,17816,322,1796,1977,539
56,17695,17816,323,1794,1977,526
56,17695,17816,324,1792,1976,509
56,17695,17816,325,1791,1977,499
56,17695,17816,326,1788,1977,483
56,17695,17816,327,1787,1976,470
56,17695,17816,328,1786,1976,457
56,17695,17816,329,1784,1976,442
56,17695,17816,330,1783,1976,428
56,17695,17816,331,1780,1976,412
56,17695,17816,332,1779,1976,398
56,17695,17816,333,1778,1976,384
56,17695,17816,334,1776,1975,371
56,17695,17816,335,1775,1975,357
56,17695,17816,336,1773,1975,340
56,17695,17816,337,1770,1975,329
56,17695,17816,338,1769,1974,314
56,17695,17816,339,1768,1975,297
56,17695,17816,340,1766,1974,284
56,17695,17816,341,1766,1975,267
56,17695,17816,342,1764,1974,257
56,17695,17816,343,1762,1975,243
56,17695,17816,344,1761,1974,225
56,17695,17816,345,1759,1974,215
56,17695,17816,346,1757,1973,205
56,17695,17816,347,1755,1973,184
56,17695,17816,348,1753,1973,174
56,17695,17816,349,1760,1975,263
56,17695,17816,350,1774,1976,370
56,17695,17816,351,1784,1977,475
56,17695,17816,352,1796,1979,601
56,17695,17816,353,1808,1979,705
56,17695,17816,354,1826,1980,824
56,17695,17816,355,1839,1981,955
57,17879,18000,0,1994,2028,1195
57,17879,18000,1,1877,1982,1245
57,17879,18000,2,1890,1982,1350
57,17879,18000,3,1905,1982,1462
57,17879,18000,4,1912,1983,1566
57,17879,18000,5,1933,1983,1706
57,17879,18000,6,1950,1983,1812
57,17879,18000,7,1968,1983,1929
57,17879,18000,8,1984,1984,2063
57,17879,18000,9,2002,1984,2204
57,17879,18000,10,2020,1984,2342
57,17879,18000,11,2041,1983,2449
57,17879,18000,12,2056,1984,2587
57,17879,18000,13,2074,1985,2712
57,17879,18000,14,2091,1985,2850
57,17879,18000,15,2110,1985,2978
57,17879,18000,16,2127,1986,3095
57,17879,18000,17,2146,1986,3256
57,17879,18000,18,2167,1986,3390
57,17879,18000,19,2186,1986,3499
57,17879,18000,20,2185,1985,3487
57,17879,18000,21,2184,1985,3473
57,17879,18000,22,2185,1986,3473
57,17879,18000,23,2184,1986,3478
57,17879,18000,24,2183,1986,3467
57,17879,18000,25,2182,1985,3455
57,17879,18000,26,2180,1985,3436
57,17879,18000,27,2178,1986,3423
57,17879,18000,28,2175,1985,3412
57,17879,18000,29,2173,1986,3397
57,17879,18000,30,2171,1985,3384
57,17879,18000,31,2171,1986,3370
57,17879,18000,32,2167,1985,3351
57,17879,18000,33,2166,1985,3342
57,17879,18000,34,2163,1985,3327
57,17879,18000,35,2162,1985,3311
57,17879,18000,36,2159,1985,3297
57,17879,18000,37,2156,1985,3284
57,17879,18000,38,2156,1986,3269
57,17879,18000,39,2153,1985,3254
57,17879,18000,40,2152,1985,3239
57,17879,18000,41,2149,1985,3226
57,17879,18000,42,2148,1985,3213
57,17879,18000,43,2146,1985,3198
57,17879,18000,44,2144,1985,3181
57,17879,18000,45,2142,1985,3171
57,17879,18000,46,2140,1984,3153
57,17879,18000,47,2138,1985,3144
57,17879,18000,48,2135,1984,3128
57,17879,18000,49,2134,1985,3111
57,17879,18000,50,2132,1985,3099
57,17879,18000,51,2129,1985,3083
57,17879,18000,52,2128,1984,3071
57,17879,18000,53,2127,1985,3055
57,17879,18000,54,2124,1984,3039
57,17879,18000,55,2122,1985,3027
57,17879,18000,56,2120,1985,3013
57,17879,18000,57,2118,1985,3002
57,17879,18000,58,2117,1984,2987
57,17879,18000,59,2114,1984,2973
57,17879,18000,60,2113,1985,2956
57,17879,18000,61,2109,1985,2941
57,17879,18000,62,2108,1985,2928
57,17879,18000,63,2106,1984,2915
57,17879,18000,64,2105,1985,2898
57,17879,18000,65,2094,1984,2887
57,17879,18000,66,2100,1984,2872
57,17879,18000,67,2099,1984,2858
57,17879,18000,68,2098,1985,2843
57,17879,18000,69,2094,1984,2830
57,17879,18000,70,2093,1984,2816
57,17879,18000,71,2090,1984,2807
57,17879,18000,72,2090,1984,2788
57,17879,18000,73,2087,1984,2772
57,17879,18000,74,2085,1984,2755
57,17879,18000,75,2084,1984,2744
57,17879,18000,76,2081,1984,2730
57,17879,18000,77,2079,1984,2711
57,17879,18000,78,2075,1984,2701
57,17879,18000,79,2075,1984,2686
57,17879,18000,80,2073,1983,2672
57,17879,18000,81,2072,1984,2660
57,17879,18000,82,2069,1984,2642
57,17879,18000,83,2068,1984,2630
57,17879,18000,84,2065,1984,2618
57,17879,18000,85,2064,1983,2594
57,17879,18000,86,2062,1984,2585
57,17879,18000,87,2060,1984,2574
57,17879,18000,88,2057,1984,2559
57,17879,18000,89,2059,1985,2560
57,17879,18000,90,2059,1984,2575
57,17879,18000,91,2062,1984,2583
57,17879,18000,92,2063,1984,2602
57,17879,18000,93,2065,1984,2620
57,17879,18000,94,2067,1983,2629
57,17879,18000,95,2069,1984,2644
57,17879,18000,96,2071,1984,2659
57,17879,18000,97,2073,1985,2676
57,17879,18000,98,2075,1984,2694
57,17879,18000,99,2077,1985,2701
57,17879,18000,100,2079,1984,2714
57,17879,18000,101,2080,1984,2728
57,17879,18000,102,2084,1984,2740
57,17879,18000,103,2085,1984,2758
57,17879,18000,104,2087,1984,2770
57,17879,18000,105,2089,1984,2786
57,17879,18000,106,2091,1984,2798
57,17879,18000,107,2093,1984,2814
57,17879,18000,108,2095,1984,2826
57,17879,18000,109,2096,1984,2843
57,17879,18000,110,2099,1984,2854
57,17879,18000,111,2101,1985,2874
57,17879,18000,112,2103,1984,2885
57,17879,18000,113,2104,1984,2899
57,17879,18000,114,2106,1984,2916
57,17879,18000,115,2108,1985,2929
57,17879,18000,116,2110,1985,2943
57,17879,18000,117,2112,1985,2956
57,17879,18000,118,2114,1984,2970
57,17879,18000,119,2117,1984,2985
57,17879,18000,120,2118,1985,3000
57,17879,18000,121,2120,1984,3007
57,17879,18000,122,2121,1985,3025
57,17879,18000,123,2125,1985,3041
57,17879,18000,124,2125,1985,3052
57,17879,18000,125,2128,1985,3067
57,17879,18000,126,2130,1985,3083
57,17879,18000,127,2132,1985,3099
57,17879,18000,128,2133,1985,3114
57,17879,18000,129,2136,1985,3126
57,17879,18000,130,2138,1985,3141
57,17879,18000,131,2140,1986,3162
57,17879,18000,132,2142,1985,3165
57,17879,18000,133,2143,1985,3185
57,17879,18000,134,2145,1985,3199
57,17879,18000,135,2147,1985,3214
57,17879,18000,136,2150,1985,3228
57,17879,18000,137,2152,1985,3239
57,17879,18000,138,2154,1985,3253
57,17879,18000,139,2155,1985,3270
57,17879,18000,140,2157,1985,3302
57,17879,18000,141,2160,1985,3296
57,17879,18000,142,2162,1985,3311
57,17879,18000,143,2164,1985,3321
57,17879,18000,144,2165,1985,3340
57,17879,18000,145,2167,1985,3354
57,17879,18000,146,2169,1985,3369
57,17879,18000,147,2171,1985,3384
57,17879,18000,148,2173,1985,3407
57,17879,18000,149,2175,1985,3409
57,17879,18000,150,2178,1985,3429
57,17879,18000,151,2179,1986,3443
57,17879,18000,152,2182,1985,3455
57,17879,18000,153,2183,1985,3467
57,17879,18000,154,2185,1985,3476
57,17879,18000,155,2184,1985,3473
57,17879,18000,156,2184,1986,3472
57,17879,18000,157,2187,1986,3487
57,17879,18000,158,2188,1986,3500
57,17879,18000,159,2189,1986,3513
57,17879,18000,160,2191,1986,3518
57,17879,18000,161,2191,1985,3519
57,17879,18000,162,2186,1986,3471
57,17879,18000,163,2174,1985,3365
57,17879,18000,164,2160,1985,3259
57,17879,18000,165,2148,1984,3153
57,17879,18000,166,2127,1984,3031
57,17879,18000,167,2113,1984,2916
57,17879,18000,168,2092,1983,2771
57,17879,18000,169,2080,1983,2651
57,17879,18000,170,2059,1983,2522
57,17879,18000,171,2043,1982,2397
57,17879,18000,172,2021,1981,2246
57,17879,18000,173,2004,1982,2110
57,17879,18000,174,1985,1981,1969
57,17879,18000,175,1964,1981,1811
57,17879,18000,176,1941,1980,1655
57,17879,18000,177,1925,1980,1515
57,17879,18000,178,1908,1981,1436
57,17879,18000,179,1894,1980,1309
57,17879,18000,180,1878,1980,1178
57,17879,18000,181,1862,1978,1030
57,17879,18000,182,1845,1979,920
57,17879,18000,183,1828,1978,785
57,17879,18000,184,1814,1977,663
57,17879,18000,185,1798,1977,526
57,17879,18000,186,1784,1975,384
57,17879,18000,187,1767,1974,252
57,17879,18000,188,1758,1974,217
57,17879,18000,189,1760,1975,230
57,17879,18000,190,1762,1974,245
57,17879,18000,191,1764,1974,255
57,17879,18000,192,1766,1974,271
57,17879,18000,193,1766,1975,280
57,17879,18000,194,1767,1975,301
57,17879,18000,195,1770,1975,309
57,17879,18000,196,1772,1975,326
57,17879,18000,197,1773,1975,343
57,17879,18000,198,1775,1976,354
57,17879,18000,199,1776,1976,368
57,17879,18000,200,1778,1976,386
57,17879,18000,201,1779,1975,401
57,17879,18000,202,1781,1976,414
57,17879,18000,203,1782,1976,426
57,17879,18000,204,1784,1977,444
57,17879,18000,205,1785,1976,449
57,17879,18000,206,1787,1977,470
57,17879,18000,207,1788,1977,490
57,17879,18000,208,1790,1977,500
57,17879,18000,209,1792,1978,513
57,17879,18000,210,1794,1978,526
57,17879,18000,211,1795,1977,543
57,17879,18000,212,1797,1977,558
57,17879,18000,213,1798,1978,567
57,17879,18000,214,1799,1978,583
57,17879,18000,215,1802,1978,598
57,17879,18000,216,1803,1978,609
57,17879,18000,217,1805,1979,626
57,17879,18000,218,1807,1978,645
57,17879,18000,219,1808,1978,656
57,17879,18000,220,1810,1978,670
57,17879,18000,221,1812,1979,684
57,17879,18000,222,1813,1979,696
57,17879,18000,223,1815,1978,711
57,17879,18000,224,1817,1979,726
57,17879,18000,225,1819,1979,739
57,17879,18000,226,1820,1979,753
57,17879,18000,227,1822,1980,769
57,17879,18000,228,1823,1979,778
57,17879,18000,229,1825,1979,797
57,17879,18000,230,1826,1979,817
57,17879,18000,231,1829,1979,823
57,17879,18000,232,1830,1979,841
57,17879,18000,233,1832,1980,856
57,17879,18000,234,1833,1980,867
57,17879,18000,235,1834,1980,882
57,17879,18000,236,1836,1980,897
57,17879,18000,237,1839,1980,903
57,17879,18000,238,1839,1980,924
57,17879,18000,239,1843,1981,938
57,17879,18000,240,1843,1980,954
57,17879,18000,241,1846,1981,970
57,17879,18000,242,1847,1980,978
57,17879,18000,243,1849,1980,997
57,17879,18000,244,1850,1980,1010
57,17879,18000,245,1853,1980,1024
57,17879,18000,246,1854,1980,1039
57,17879,18000,247,1855,1980,1043
57,17879,18000,248,1858,1981,1064
57,17879,18000,249,1860,1981,1080
57,17879,18000,250,1861,1980,1095
57,17879,18000,251,1863,1980,1109
57,17879,18000,252,1864,1981,1122
57,17879,18000,253,1866,1980,1134
57,17879,18000,254,1868,1980,1147
57,17879,18000,255,1870,1980,1163
57,17879,18000,256,1872,1980,1179
57,17879,18000,257,1873,1980,1192
57,17879,18000,258,1876,1981,1207
57,17879,18000,259,1876,1981,1222
57,17879,18000,260,1878,1981,1238
57,17879,18000,261,1879,1981,1252
57,17879,18000,262,1882,1981,1266
57,17879,18000,263,1884,1981,1279
57,17879,18000,264,1886,1980,1292
57,17879,18000,265,1888,1981,1308
57,17879,18000,266,1890,1981,1322
57,17879,18000,267,1889,1981,1327
57,17879,18000,268,1888,1981,1308
57,17879,18000,269,1886,1981,1295
57,17879,18000,270,1884,1980,1278
57,17879,18000,271,1883,1981,1262
57,17879,18000,272,1882,1981,1260
57,17879,18000,273,1879,1981,1235
57,17879,18000,274,1878,1980,1222
57,17879,18000,275,1876,1980,1209
57,17879,18000,276,1874,1981,1194
57,17879,18000,277,1871,1981,1177
57,17879,18000,278,1871,1981,1166
57,17879,18000,279,1869,1981,1159
57,17879,18000,280,1867,1980,1138
57,17879,18000,281,1866,1980,1124
57,17879,18000,282,1862,1981,1108
57,17879,18000,283,1861,1980,1095
57,17879,18000,284,1859,1980,1080
57,17879,18000,285,1858,1980,1066
57,17879,18000,286,1856,1980,1054
57,17879,18000,287,1855,1980,1037
57,17879,18000,288,1853,1980,1022
57,17879,18000,289,1851,1980,1007
57,17879,18000,290,1849,1980,997
57,17879,18000,291,1847,1980,982
57,17879,18000,292,1846,1980,967
57,17879,18000,293,1844,1980,951
57,17879,18000,294,1842,1980,935
57,17879,18000,295,1840,1979,924
57,17879,18000,296,1839,1979,910
57,17879,18000,297,1837,1979,893
57,17879,18000,298,1835,1979,878
57,17879,18000,299,1833,1979,869
57,17879,18000,300,1831,1979,853
57,17879,18000,301,1829,1979,838
57,17879,18000,302,1828,1979,819
57,17879,18000,303,1826,1979,810
57,17879,18000,304,1825,1980,797
57,17879,18000,305,1823,1979,782
57,17879,18000,306,1821,1979,762
57,17879,18000,307,1820,1979,754
57,17879,18000,308,1819,1978,739
57,17879,18000,309,1816,1979,725
57,17879,18000,310,1815,1979,710
57,17879,18000,311,1813,1978,699
57,17879,18000,312,1812,1978,680
57,17879,18000,313,1809,1979,667
57,17879,18000,314,1808,1978,655
57,17879,18000,315,1807,1978,643
57,17879,18000,316,1805,1978,623
57,17879,18000,317,1803,1977,612
57,17879,18000,318,1802,1978,597
57,17879,18000,319,1800,1978,584
57,17879,18000,320,1798,1978,570
57,17879,18000,321,1797,1978,558
57,17879,18000,322,1795,1977,527
57,17879,18000,323,1794,1977,527
57,17879,18000,324,1793,1977,513
57,17879,18000,325,1790,1977,497
57,17879,18000,326,1789,1977,484
57,17879,18000,327,1787,1977,472
57,17879,18000,328,1786,1977,454
57,17879,18000,329,1784,1976,443
57,17879,18000,330,1783,1976,428
57,17879,18000,331,1781,1976,414
57,17879,18000,332,1779,1976,399
57,17879,18000,333,1777,1976,384
57,17879,18000,334,1776,1975,371
57,17879,18000,335,1775,1975,355
57,17879,18000,336,1773,1975,341
57,17879,18000,337,1772,1975,326
57,17879,18000,338,1769,1974,315
57,17879,18000,339,1768,1975,300
57,17879,18000,340,1766,1974,285
57,17879,18000,341,1765,1975,271
57,17879,18000,342,1763,1975,259
57,17879,18000,343,1762,1974,243
57,17879,18000,344,1761,1974,227
57,17879,18000,345,1759,1974,214
57,17879,18000,346,1758,1974,201
57,17879,18000,347,1755,1973,186
57,17879,18000,348,1755,1974,189
57,17879,18000,349,1766,1975,285
57,17879,18000,350,1772,1976,375
57,17879,18000,351,1786,1978,475
57,17879,18000,352,1796,1979,587
57,17879,18000,353,1810,1979,716
57,17879,18000,354,1826,1980,814
57,17879,18000,355,1838,1981,933
58,18054,18174,0,1986,2022,1203
58,18054,18174,1,1878,1983,1267
58,18054,18174,2,1894,1982,1350
58,18054,18174,3,1903,1982,1425
58,18054,18174,4,1912,1982,1515
58,18054,18174,5,1926,1982,1618
58,18054,18174,6,1940,1983,1744
58,18054,18174,7,1955,1983,1852
58,18054,18174,8,1971,1983,1965
58,18054,18174,9,1987,1984,2096
58,18054,18174,10,2008,1984,2218
58,18054,18174,11,2026,1984,2373
58,18054,18174,12,2045,1984,2507
58,18054,18174,13,2063,1985,2634
58,18054,18174,14,2083,1986,2797
58,18054,18174,15,2102,1985,2929
58,18054,18174,16,2124,1986,3076
58,18054,18174,17,2144,1986,3230
58,18054,18174,18,2162,1986,3370
58,18054,18174,19,2181,1986,3483
58,18054,18174,20,2187,1985,3486
58,18054,18174,21,2184,1985,3472
58,18054,18174,22,2184,1985,3472
58,18054,18174,23,2185,1986,3476
58,18054,18174,24,2183,1985,3467
58,18054,18174,25,2181,1985,3456
58,18054,18174,26,2179,1985,3442
58,18054,18174,27,2177,1986,3430
58,18054,18174,28,2175,1986,3413
58,18054,18174,29,2172,1985,3400
58,18054,18174,30,2172,1986,3384
58,18054,18174,31,2169,1985,3370
58,18054,18174,32,2167,1986,3357
58,18054,18174,33,2168,1985,3341
58,18054,18174,34,2164,1985,3329
58,18054,18174,35,2161,1985,3310
58,18054,18174,36,2159,1985,3299
58,18054,18174,37,2157,1985,3284
58,18054,18174,38,2155,1985,3261
58,18054,18174,39,2154,1985,3258
58,18054,18174,40,2151,1985,3244
58,18054,18174,41,2150,1985,3228
58,18054,18174,42,2147,1985,3210
58,18054,18174,43,2146,1985,3201
58,18054,18174,44,2143,1985,3186
58,18054,18174,45,2142,1986,3171
58,18054,18174,46,2140,1985,3156
58,18054,18174,47,2138,1985,3141
58,18054,18174,48,2134,1985,3127
58,18054,18174,49,2134,1986,3115
58,18054,18174,50,2132,1985,3100
58,18054,18174,51,2131,1985,3087
58,18054,18174,52,2128,1985,3072
58,18054,18174,53,2127,1985,3056
58,18054,18174,54,2125,1985,3040
58,18054,18174,55,2122,1985,3026
58,18054,18174,56,2120,1985,3015
58,18054,18174,57,2118,1984,3001
58,18054,18174,58,2116,1985,2988
58,18054,18174,59,2114,1985,2971
58,18054,18174,60,2113,1984,2955
58,18054,18174,61,2110,1984,2940
58,18054,18174,62,2108,1985,2927
58,18054,18174,63,2106,1984,2917
58,18054,18174,64,2105,1985,2899
58,18054,18174,65,2102,1985,2886
58,18054,18174,66,2101,1985,2870
58,18054,18174,67,2098,1984,2859
58,18054,18174,68,2097,1984,2843
58,18054,18174,69,2095,1984,2831
58,18054,18174,70,2093,1984,2814
58,18054,18174,71,2090,1984,2802
58,18054,18174,72,2089,1984,2785
58,18054,18174,73,2087,1984,2757
58,18054,18174,74,2085,1984,2758
58,18054,18174,75,2082,1984,2740
58,18054,18174,76,2081,1984,2721
58,18054,18174,77,2078,1984,2715
58,18054,18174,78,2078,1984,2700
58,18054,18174,79,2075,1984,2689
58,18054,18174,80,2074,1984,2671
58,18054,18174,81,2071,1984,2657
58,18054,18174,82,2070,1984,2646
58,18054,18174,83,2067,1984,2632
58,18054,18174,84,2066,1984,2626
58,18054,18174,85,2063,1984,2600
58,18054,18174,86,2061,1984,2588
58,18054,18174,87,2060,1984,2574
58,18054,18174,88,2055,1984,2575
58,18054,18174,89,2057,1984,2557
58,18054,18174,90,2060,1984,2571
58,18054,18174,91,2062,1984,2584
58,18054,18174,92,2063,1984,2601
58,18054,18174,93,2065,1984,2618
58,18054,18174,94,2067,1984,2627
58,18054,18174,95,2070,1984,2644
58,18054,18174,96,2072,1984,2659
58,18054,18174,97,2074,1984,2671
58,18054,18174,98,2075,1984,2685
58,18054,18174,99,2077,1984,2697
58,18054,18174,100,2080,1984,2718
58,18054,18174,101,2081,1984,2729
58,18054,18174,102,2084,1984,2744
58,18054,18174,103,2085,1984,2754
58,18054,18174,104,2087,1984,2773
58,18054,18174,105,2089,1984,2784
58,18054,18174,106,2092,1985,2802
58,18054,18174,107,2091,1984,2812
58,18054,18174,108,2095,1984,2834
58,18054,18174,109,2096,1985,2846
58,18054,18174,110,2099,1985,2855
58,18054,18174,111,2100,1984,2870
58,18054,18174,112,2104,1985,2886
58,18054,18174,113,2104,1985,2901
58,18054,18174,114,2106,1985,2915
58,18054,18174,115,2108,1985,2931
58,18054,18174,116,2112,1985,2940
58,18054,18174,117,2113,1985,2956
58,18054,18174,118,2114,1984,2970
58,18054,18174,119,2116,1984,2985
58,18054,18174,120,2119,1985,3000
58,18054,18174,121,2120,1985,3012
58,18054,18174,122,2121,1985,3029
58,18054,18174,123,2125,1985,3041
58,18054,18174,124,2126,1985,3054
58,18054,18174,125,2128,1985,3070
58,18054,18174,126,2131,1985,3086
58,18054,18174,127,2131,1985,3102
58,18054,18174,128,2136,1985,3110
58,18054,18174,129,2136,1985,3127
58,18054,18174,130,2138,1985,3141
58,18054,18174,131,2140,1985,3152
58,18054,18174,132,2142,1985,3167
58,18054,18174,133,2144,1985,3185
58,18054,18174,134,2147,1985,3198
58,18054,18174,135,2148,1985,3212
58,18054,18174,136,2150,1986,3235
58,18054,18174,137,2152,1985,3243
58,18054,18174,138,2153,1986,3255
58,18054,18174,139,2155,1985,3269
58,18054,18174,140,2158,1985,3281
58,18054,18174,141,2159,1986,3300
58,18054,18174,142,2162,1985,3319
58,18054,18174,143,2163,1985,3321
58,18054,18174,144,2165,1985,3341
58,18054,18174,145,2168,1985,3352
58,18054,18174,146,2169,1985,3369
58,18054,18174,147,2172,1986,3381
58,18054,18174,148,2174,1986,3398
58,18054,18174,149,2175,1985,3410
58,18054,18174,150,2177,1986,3427
58,18054,18174,151,2179,1986,3441
58,18054,18174,152,2181,1986,3455
58,18054,18174,153,2183,1986,3469
58,18054,18174,154,2185,1986,3475
58,18054,18174,155,2184,1985,3473
58,18054,18174,156,2184,1986,3473
58,18054,18174,157,2187,1986,3490
58,18054,18174,158,2188,1987,3502
58,18054,18174,159,2189,1986,3513
58,18054,18174,160,2191,1986,3519
58,18054,18174,161,2190,1986,3513
58,18054,18174,162,2185,1986,3445
58,18054,18174,163,2173,1985,3359
58,18054,18174,164,2157,1985,3256
58,18054,18174,165,2146,1984,3143
58,18054,18174,166,2127,1984,3030
58,18054,18174,167,2113,1984,2914
58,18054,18174,168,2096,1983,2781
58,18054,18174,169,2073,1983,2647
58,18054,18174,170,2060,1983,2517
58,18054,18174,171,2041,1982,2380
58,18054,18174,172,2022,1983,2246
58,18054,18174,173,2003,1982,2120
58,18054,18174,174,1982,1981,1977
58,18054,18174,175,1963,1981,1843
58,18054,18174,176,1951,1981,1727
58,18054,18174,177,1931,1981,1586
58,18054,18174,178,1924,1981,1550
58,18054,18174,179,1905,1980,1411
58,18054,18174,180,1891,1980,1289
58,18054,18174,181,1872,1980,1129
58,18054,18174,182,1858,1979,1017
58,18054,18174,183,1842,1979,877
58,18054,18174,184,1827,1978,775
58,18054,18174,185,1808,1977,590
58,18054,18174,186,1791,1976,449
58,18054,18174,187,1774,1975,303
58,18054,18174,188,1758,1973,216
58,18054,18174,189,1761,1975,228
58,18054,18174,190,1762,1974,241
58,18054,18174,191,1764,1975,257
58,18054,18174,192,1765,1975,274
58,18054,18174,193,1767,1975,279
58,18054,18174,194,1768,1975,261
58,18054,18174,195,1770,1975,309
58,18054,18174,196,1771,1975,335
58,18054,18174,197,1772,1975,338
58,18054,18174,198,1774,1975,359
58,18054,18174,199,1777,1976,372
58,18054,18174,200,1778,1976,384
58,18054,18174,201,1779,1977,401
58,18054,18174,202,1781,1976,413
58,18054,18174,203,1782,1977,426
58,18054,18174,204,1784,1977,441
58,18054,18174,205,1786,1977,455
58,18054,18174,206,1788,1977,473
58,18054,18174,207,1788,1977,482
58,18054,18174,208,1791,1977,498
58,18054,18174,209,1792,1977,516
58,18054,18174,210,1794,1977,526
58,18054,18174,211,1796,1977,541
58,18054,18174,212,1797,1978,557
58,18054,18174,213,1799,1977,567
58,18054,18174,214,1801,1978,581
58,18054,18174,215,1801,1978,599
58,18054,18174,216,1804,1979,611
58,18054,18174,217,1805,1978,629
58,18054,18174,218,1809,1979,640
58,18054,18174,219,1808,1978,657
58,18054,18174,220,1810,1978,675
58,18054,18174,221,1812,1979,683
58,18054,18174,222,1813,1979,698
58,18054,18174,223,1815,1979,710
58,18054,18174,224,1817,1979,729
58,18054,18174,225,1819,1979,743
58,18054,18174,226,1820,1979,756
58,18054,18174,227,1822,1979,769
58,18054,18174,228,1822,1979,782
58,18054,18174,229,1825,1979,795
58,18054,18174,230,1826,1979,811
58,18054,18174,231,1828,1980,824
58,18054,18174,232,1830,1980,840
58,18054,18174,233,1838,1979,851
58,18054,18174,234,1834,1979,865
58,18054,18174,235,1835,1979,880
58,18054,18174,236,1837,1979,897
58,18054,18174,237,1838,1980,912
58,18054,18174,238,1840,1980,924
58,18054,18174,239,1842,1980,938
58,18054,18174,240,1844,1980,958
58,18054,18174,241,1845,1980,975
58,18054,18174,242,1848,1981,980
58,18054,18174,243,1849,1980,995
58,18054,18174,244,1850,1981,1009
58,18054,18174,245,1853,1981,1023
58,18054,18174,246,1854,1981,1038
58,18054,18174,247,1855,1981,1056
58,18054,18174,248,1858,1981,1067
58,18054,18174,249,1860,1981,1081
58,18054,18174,250,1862,1981,1094
58,18054,18174,251,1863,1981,1111
58,18054,18174,252,1865,1981,1122
58,18054,18174,253,1867,1980,1136
58,18054,18174,254,1868,1981,1159
58,18054,18174,255,1870,1981,1166
58,18054,18174,256,1871,1981,1181
58,18054,18174,257,1873,1981,1199
58,18054,18174,258,1875,1981,1208
58,18054,18174,259,1878,1981,1222
58,18054,18174,260,1878,1981,1235
58,18054,18174,261,1880,1982,1254
58,18054,18174,262,1882,1981,1262
58,18054,18174,263,1885,1981,1277
58,18054,18174,264,1886,1981,1292
58,18054,18174,265,1888,1982,1311
58,18054,18174,266,1889,1981,1321
58,18054,18174,267,1889,1981,1318
58,18054,18174,268,1888,1981,1307
58,18054,18174,269,1886,1981,1294
58,18054,18174,270,1884,1981,1282
58,18054,18174,271,1883,1981,1263
58,18054,18174,272,1880,1981,1250
58,18054,18174,273,1879,1981,1214
58,18054,18174,274,1877,1980,1220
58,18054,18174,275,1875,1981,1208
58,18054,18174,276,1873,1980,1193
58,18054,18174,277,1871,1980,1178
58,18054,18174,278,1870,1981,1170
58,18054,18174,279,1868,1980,1152
58,18054,18174,280,1866,1980,1132
58,18054,18174,281,1865,1980,1123
58,18054,18174,282,1863,1980,1101
58,18054,18174,283,1861,1981,1099
58,18054,18174,284,1859,1980,1081
58,18054,18174,285,1858,1980,1064
58,18054,18174,286,1854,1980,1050
58,18054,18174,287,1854,1980,1037
58,18054,18174,288,1853,1980,1026
58,18054,18174,289,1851,1980,1007
58,18054,18174,290,1849,1980,996
58,18054,18174,291,1847,1979,982
58,18054,18174,292,1846,1980,965
58,18054,18174,293,1844,1980,954
58,18054,18174,294,1841,1979,940
58,18054,18174,295,1840,1981,923
58,18054,18174,296,1839,1980,912
58,18054,18174,297,1837,1980,888
58,18054,18174,298,1835,1980,884
58,18054,18174,299,1834,1980,869
58,18054,18174,300,1832,1980,852
58,18054,18174,301,1830,1979,839
58,18054,18174,302,1828,1979,825
58,18054,18174,303,1828,1980,812
58,18054,18174,304,1824,1980,800
58,18054,18174,305,1823,1979,780
58,18054,18174,306,1821,1979,768
58,18054,18174,307,1821,1978,748
58,18054,18174,308,1818,1979,743
58,18054,18174,309,1817,1979,736
58,18054,18174,310,1815,1979,713
58,18054,18174,311,1812,1978,696
58,18054,18174,312,1813,1979,681
58,18054,18174,313,1810,1979,667
58,18054,18174,314,1808,1978,655
58,18054,18174,315,1807,1978,642
58,18054,18174,316,1804,1978,628
58,18054,18174,317,1803,1978,613
58,18054,18174,318,1798,1978,597
58,18054,18174,319,1800,1978,582
58,18054,18174,320,1798,1978,570
58,18054,18174,321,1796,1977,555
58,18054,18174,322,1796,1978,542
58,18054,18174,323,1794,1977,527
58,18054,18174,324,1793,1977,514
58,18054,18174,325,1790,1978,495
58,18054,18174,326,1788,1976,484
58,18054,18174,327,1787,1977,469
58,18054,18174,328,1786,1976,457
58,18054,18174,329,1784,1976,441
58,18054,18174,330,1782,1977,428
58,18054,18174,331,1781,1976,412
58,18054,18174,332,1780,1976,400
58,18054,18174,333,1778,1976,384
58,18054,18174,334,1776,1976,372
58,18054,18174,335,1774,1976,358
58,18054,18174,336,1773,1975,342
58,18054,18174,337,1771,1975,324
58,18054,18174,338,1770,1975,317
58,18054,18174,339,1769,1975,301
58,18054,18174,340,1766,1975,288
58,18054,18174,341,1765,1975,272
58,18054,18174,342,1764,1975,256
58,18054,18174,343,1762,1974,245
58,18054,18174,344,1760,1974,233
58,18054,18174,345,1759,1974,214
58,18054,18174,346,1757,1974,199
58,18054,18174,347,1755,1974,186
58,18054,18174,348,1754,1973,173
58,18054,18174,349,1756,1974,208
58,18054,18174,350,1765,1975,276
58,18054,18174,351,1774,1977,361
58,18054,18174,352,1785,1977,483
58,18054,18174,353,1798,1978,594
58,18054,18174,354,1805,1979,702
58,18054,18174,355,1827,1980,847
59,18228,18349,0,1985,2022,1183
59,18228,18349,1,1876,1983,1259
59,18228,18349,2,1890,1982,1339
59,18228,18349,3,1900,1983,1417
59,18228,18349,4,1915,1984,1586
59,18228,18349,5,1928,1982,1677
59,18228,18349,6,1949,1983,1805
59,18228,18349,7,1965,1984,1938
59,18228,18349,8,1985,1984,2064
59,18228,18349,9,2002,1984,2207
59,18228,18349,10,2022,1984,2342
59,18228,18349,11,2037,1984,2459
59,18228,18349,12,2058,1985,2605
59,18228,18349,13,2076,1985,2735
59,18228,18349,14,2083,1985,2865
59,18228,18349,15,2113,1985,2985
59,18228,18349,16,2131,1985,3120
59,18228,18349,17,2148,1986,3260
59,18228,18349,18,2167,1986,3383
59,18228,18349,19,2184,1986,3492
59,18228,18349,20,2187,1985,3489
59,18228,18349,21,2184,1985,3472
59,18228,18349,22,2183,1985,3474
59,18228,18349,23,2185,1985,3476
59,18228,18349,24,2183,1986,3472
59,18228,18349,25,2182,1986,3460
59,18228,18349,26,2179,1986,3437
59,18228,18349,27,2177,1986,3424
59,18228,18349,28,2175,1985,3413
59,18228,18349,29,2173,1986,3397
59,18228,18349,30,2171,1985,3383
59,18228,18349,31,2170,1986,3367
59,18228,18349,32,2167,1985,3355
59,18228,18349,33,2165,1985,3344
59,18228,18349,34,2164,1984,3324
59,18228,18349,35,2162,1985,3313
59,18228,18349,36,2161,1985,3296
59,18228,18349,37,2159,1985,3281
59,18228,18349,38,2155,1985,3267
59,18228,18349,39,2154,1985,3257
59,18228,18349,40,2152,1985,3241
59,18228,18349,41,2151,1985,3228
59,18228,18349,42,2148,1985,3212
59,18228,18349,43,2146,1984,3198
59,18228,18349,44,2144,1985,3186
59,18228,18349,45,2140,1985,3168
59,18228,18349,46,2139,1985,3154
59,18228,18349,47,2137,1985,3149
59,18228,18349,48,2136,1985,3128
59,18228,18349,49,2134,1984,3112
59,18228,18349,50,2132,1985,3098
59,18228,18349,51,2130,1984,3086
59,18228,18349,52,2127,1985,3072
59,18228,18349,53,2126,1985,3056
59,18228,18349,54,2124,1985,3041
59,18228,18349,55,2123,1985,3028
59,18228,18349,56,2120,1984,3013
59,18228,18349,57,2119,1984,2996
59,18228,18349,58,2116,1984,3013
59,18228,18349,59,2114,1985,2972
59,18228,18349,60,2112,1984,2957
59,18228,18349,61,2110,1985,2942
59,18228,18349,62,2107,1984,2928
59,18228,18349,63,2107,1984,2914
59,18228,18349,64,2105,1984,2902
59,18228,18349,65,2102,1984,2885
59,18228,18349,66,2100,1984,2872
59,18228,18349,67,2099,1985,2858
59,18228,18349,68,2098,1984,2842
59,18228,18349,69,2094,1984,2828
59,18228,18349,70,2093,1985,2815
59,18228,18349,71,2090,1984,2799
59,18228,18349,72,2091,1985,2785
59,18228,18349,73,2086,1984,2773
59,18228,18349,74,2085,1984,2758
59,18228,18349,75,2082,1984,2744
59,18228,18349,76,2081,1984,2727
59,18228,18349,77,2079,1984,2714
59,18228,18349,78,2077,1984,2702
59,18228,18349,79,2075,1984,2687
59,18228,18349,80,2073,1984,2678
59,18228,18349,81,2072,1983,2658
59,18228,18349,82,2070,1984,2644
59,18228,18349,83,2066,1984,2635
59,18228,18349,84,2066,1984,2617
59,18228,18349,85,2064,1984,2603
59,18228,18349,86,2062,1984,2588
59,18228,18349,87,2061,1984,2575
59,18228,18349,88,2057,1983,2560
59,18228,18349,89,2058,1985,2563
59,18228,18349,90,2060,1984,2576
59,18228,18349,91,2062,1984,2587
59,18228,18349,92,2063,1984,2604
59,18228,18349,93,2067,1984,2618
59,18228,18349,94,2067,1983,2631
59,18228,18349,95,2070,1984,2646
59,18228,18349,96,2071,1984,2659
59,18228,18349,97,2074,1984,2669
59,18228,18349,98,2074,1984,2689
59,18228,18349,99,2077,1984,2705
59,18228,18349,100,2078,1984,2714
59,18228,18349,101,2082,1984,2726
59,18228,18349,102,2082,1984,2740
59,18228,18349,103,2086,1984,2758
59,18228,18349,104,2087,1985,2773
59,18228,18349,105,2089,1984,2794
59,18228,18349,106,2091,1984,2802
59,18228,18349,107,2092,1985,2814
59,18228,18349,108,2094,1984,2832
59,18228,18349,109,2097,1984,2842
59,18228,18349,110,2098,1985,2861
59,18228,18349,111,2101,1985,2873
59,18228,18349,112,2102,1984,2887
59,18228,18349,113,2105,1985,2900
59,18228,18349,114,2107,1985,2917
59,18228,18349,115,2110,1984,2927
59,18228,18349,116,2112,1985,2942
59,18228,18349,117,2112,1985,2958
59,18228,18349,118,2115,1985,2967
59,18228,18349,119,2116,1985,2985
59,18228,18349,120,2118,1985,2999
59,18228,18349,121,2120,1985,3013
59,18228,18349,122,2123,1985,3025
59,18228,18349,123,2123,1985,3046
59,18228,18349,124,2125,1985,3058
59,18228,18349,125,2128,1985,3070
59,18228,18349,126,2130,1985,3086
59,18228,18349,127,2132,1985,3100
59,18228,18349,128,2134,1985,3111
59,18228,18349,129,2136,1984,3127
59,18228,18349,130,2138,1985,3145
59,18228,18349,131,2139,1985,3154
59,18228,18349,132,2143,1986,3169
59,18228,18349,133,2144,1986,3184
59,18228,18349,134,2145,1985,3196
59,18228,18349,135,2149,1986,3216
59,18228,18349,136,2149,1985,3228
59,18228,18349,137,2152,1986,3238
59,18228,18349,138,2154,1986,3256
59,18228,18349,139,2155,1986,3266
59,18228,18349,140,2157,1985,3281
59,18228,18349,141,2160,1986,3298
59,18228,18349,142,2161,1986,3313
59,18228,18349,143,2164,1986,3328
59,18228,18349,144,2165,1986,3342
59,18228,18349,145,2167,1986,3355
59,18228,18349,146,2169,1985,3367
59,18228,18349,147,2172,1986,3385
59,18228,18349,148,2173,1986,3397
59,18228,18349,149,2175,1986,3410
59,18228,18349,150,2178,1986,3425
59,18228,18349,151,2179,1985,3441
59,18228,18349,152,2182,1986,3452
59,18228,18349,153,2183,1986,3467
59,18228,18349,154,2185,1986,3475
59,18228,18349,155,2184,1986,3472
59,18228,18349,156,2183,1986,3472
59,18228,18349,157,2187,1986,3488
59,18228,18349,158,2188,1986,3499
59,18228,18349,159,2189,1986,3511
59,18228,18349,160,2193,1986,3520
59,18228,18349,161,2191,1986,3521
59,18228,18349,162,2189,1985,3470
59,18228,18349,163,2174,1985,3379
59,18228,18349,164,2164,1985,3275
59,18228,18349,165,2148,1985,3163
59,18228,18349,166,2130,1984,3046
59,18228,18349,167,2113,1984,2907
59,18228,18349,168,2095,1983,2785
59,18228,18349,169,2079,1984,2688
59,18228,18349,170,2059,1982,2544
59,18228,18349,171,2044,1983,2397
59,18228,18349,172,2024,1982,2258
59,18228,18349,173,2006,1982,2128
59,18228,18349,174,1986,1981,1990
59,18228,18349,175,1976,1981,1858
59,18228,18349,176,1950,1981,1713
59,18228,18349,177,1930,1981,1561
59,18228,18349,178,1915,1981,1467
59,18228,18349,179,1898,1980,1318
59,18228,18349,180,1877,1980,1203
59,18228,18349,181,1863,1979,1050
59,18228,18349,182,1832,1979,906
59,18228,18349,183,1828,1979,767
59,18228,18349,184,1813,1977,640
59,18228,18349,185,1795,1977,503
59,18228,18349,186,1783,1976,403
59,18228,18349,187,1767,1974,241
59,18228,18349,188,1759,1974,217
59,18228,18349,189,1760,1974,227
59,18228,18349,190,1761,1975,242
59,18228,18349,191,1764,1974,256
59,18228,18349,192,1767,1974,272
59,18228,18349,193,1767,1975,286
59,18228,18349,194,1768,1975,302
59,18228,18349,195,1770,1975,316
59,18228,18349,196,1771,1976,327
59,18228,18349,197,1773,1976,343
59,18228,18349,198,1774,1976,356
59,18228,18349,199,1775,1976,371
59,18228,18349,200,1777,1976,386
59,18228,18349,201,1779,1976,402
59,18228,18349,202,1781,1976,414
59,18228,18349,203,1782,1976,427
59,18228,18349,204,1784,1977,442
59,18228,18349,205,1785,1977,455
59,18228,18349,206,1787,1977,470
59,18228,18349,207,1789,1977,481
59,18228,18349,208,1791,1978,500
59,18228,18349,209,1793,1977,514
59,18228,18349,210,1793,1978,527
59,18228,18349,211,1796,1978,543
59,18228,18349,212,1797,1978,554
59,18228,18349,213,1799,1977,569
59,18228,18349,214,1800,1978,581
59,18228,18349,215,1802,1978,599
59,18228,18349,216,1803,1979,613
59,18228,18349,217,1805,1978,625
59,18228,18349,218,1807,1978,639
59,18228,18349,219,1809,1978,655
59,18228,18349,220,1811,1979,668
59,18228,18349,221,1811,1979,699
59,18228,18349,222,1813,1979,695
59,18228,18349,223,1815,1978,711
59,18228,18349,224,1816,1979,723
59,18228,18349,225,1819,1979,739
59,18228,18349,226,1820,1979,754
59,18228,18349,227,1822,1979,768
59,18228,18349,228,1823,1980,783
59,18228,18349,229,1825,1979,800
59,18228,18349,230,1827,1980,809
59,18228,18349,231,1828,1979,825
59,18228,18349,232,1830,1980,840
59,18228,18349,233,1832,1980,855
59,18228,18349,234,1834,1980,859
59,18228,18349,235,1836,1980,880
59,18228,18349,236,1837,1980,899
59,18228,18349,237,1839,1980,907
59,18228,18349,238,1841,1980,925
59,18228,18349,239,1842,1979,940
59,18228,18349,240,1844,1980,955
59,18228,18349,241,1845,1980,967
59,18228,18349,242,1847,1980,980
59,18228,18349,243,1849,1980,995
59,18228,18349,244,1851,1980,1012
59,18228,18349,245,1853,1980,1029
59,18228,18349,246,1854,1980,1039
59,18228,18349,247,1856,1980,1052
59,18228,18349,248,1857,1980,1066
59,18228,18349,249,1859,1980,1082
59,18228,18349,250,1861,1980,1096
59,18228,18349,251,1863,1980,1108
59,18228,18349,252,1864,1981,1123
59,18228,18349,253,1865,1981,1140
59,18228,18349,254,1869,1981,1149
59,18228,18349,255,1870,1980,1167
59,18228,18349,256,1872,1981,1184
59,18228,18349,257,1873,1981,1194
59,18228,18349,258,1876,1981,1208
59,18228,18349,259,1877,1981,1223
59,18228,18349,260,1879,1982,1234
59,18228,18349,261,1881,1981,1256
59,18228,18349,262,1883,1981,1264
59,18228,18349,263,1885,1981,1280
59,18228,18349,264,1887,1981,1284
59,18228,18349,265,1888,1981,1307
59,18228,18349,266,1890,1981,1321
59,18228,18349,267,1890,1981,1328
59,18228,18349,268,1888,1981,1309
59,18228,18349,269,1886,1981,1292
59,18228,18349,270,1884,1981,1288
59,18228,18349,271,1883,1981,1266
59,18228,18349,272,1881,1981,1254
59,18228,18349,273,1879,1981,1236
59,18228,18349,274,1877,1981,1223
59,18228,18349,275,1876,1981,1209
59,18228,18349,276,1873,1981,1191
59,18228,18349,277,1872,1981,1179
59,18228,18349,278,1870,1980,1165
59,18228,18349,279,1869,1981,1153
59,18228,18349,280,1866,1981,1140
59,18228,18349,281,1864,1981,1123
59,18228,18349,282,1863,1981,1110
59,18228,18349,283,1862,1980,1104
59,18228,18349,284,1860,1981,1084
59,18228,18349,285,1859,1980,1067
59,18228,18349,286,1857,1980,1052
59,18228,18349,287,1854,1980,1038
59,18228,18349,288,1852,1980,1022
59,18228,18349,289,1850,1980,1008
59,18228,18349,290,1849,1981,996
59,18228,18349,291,1847,1980,979
59,18228,18349,292,1845,1980,969
59,18228,18349,293,1844,1980,958
59,18228,18349,294,1843,1980,938
59,18228,18349,295,1841,1980,926
59,18228,18349,296,1839,1980,910
59,18228,18349,297,1837,1979,897
59,18228,18349,298,1835,1980,881
59,18228,18349,299,1833,1980,868
59,18228,18349,300,1832,1980,855
59,18228,18349,301,1830,1979,839
59,18228,18349,302,1828,1979,824
59,18228,18349,303,1827,1979,809
59,18228,18349,304,1825,1978,794
59,18228,18349,305,1824,1979,780
59,18228,18349,306,1822,1979,768
59,18228,18349,307,1820,1978,752
59,18228,18349,308,1818,1978,738
59,18228,18349,309,1817,1978,726
59,18228,18349,310,1816,1978,711
59,18228,18349,311,1813,1978,696
59,18228,18349,312,1813,1979,686
59,18228,18349,313,1809,1978,670
59,18228,18349,314,1809,1979,655
59,18228,18349,315,1806,1978,635
59,18228,18349,316,1805,1978,627
59,18228,18349,317,1804,1978,611
59,18228,18349,318,1802,1978,596
59,18228,18349,319,1801,1978,584
59,18228,18349,320,1799,1978,572
59,18228,18349,321,1797,1978,555
59,18228,18349,322,1796,1978,540
59,18228,18349,323,1794,1977,523
59,18228,18349,324,1792,1977,510
59,18228,18349,325,1790,1977,496
59,18228,18349,326,1789,1977,483
59,18228,18349,327,1788,1977,470
59,18228,18349,328,1786,1976,455
59,18228,18349,329,1784,1976,442
59,18228,18349,330,1782,1977,427
59,18228,18349,331,1781,1976,415
59,18228,18349,332,1779,1976,400
59,18228,18349,333,1778,1976,385
59,18228,18349,334,1777,1976,370
59,18228,18349,335,1774,1976,356
59,18228,18349,336,1774,1976,338
59,18228,18349,337,1771,1975,329
59,18228,18349,338,1770,1975,313
59,18228,18349,339,1769,1975,300
59,18228,18349,340,1767,1975,287
59,18228,18349,341,1764,1975,273
59,18228,18349,342,1763,1975,257
59,18228,18349,343,1762,1974,243
59,18228,18349,344,1760,1974,228
59,18228,18349,345,1758,1974,215
59,18228,18349,346,1757,1974,199
59,18228,18349,347,1756,1973,186
59,18228,18349,348,1755,1973,176
59,18228,18349,349,1761,1975,265
59,18228,18349,350,1772,1976,358
59,18228,18349,351,1781,1977,465
59,18228,18349,352,1797,1978,580
59,18228,18349,353,1811,1979,702
59,18228,18349,354,1848,1980,835
59,18228,18349,355,1838,1982,974
60,18404,18525,0,1987,2023,1222
60,18404,18525,1,1876,1983,1250
60,18404,18525,2,1890,1981,1317
60,18404,18525,3,1897,1982,1393
60,18404,18525,4,1909,1982,1477
60,18404,18525,5,1924,1982,1595
60,18404,18525,6,1938,1983,1704
60,18404,18525,7,1952,1983,1837
60,18404,18525,8,1971,1983,1963
60,18404,18525,9,1987,1984,2099
60,18404,18525,10,2000,1984,2223
60,18404,18525,11,2026,1984,2362
60,18404,18525,12,2048,1985,2509
60,18404,18525,13,2064,1985,2651
60,18404,18525,14,2083,1985,2793
60,18404,18525,15,2106,1986,2946
60,18404,18525,16,2121,1986,3090
60,18404,18525,17,2147,1986,3227
60,18404,18525,18,2161,1986,3350
60,18404,18525,19,2181,1986,3484
60,18404,18525,20,2186,1985,3495
60,18404,18525,21,2185,1985,3472
60,18404,18525,22,2185,1985,3474
60,18404,18525,23,2184,1986,3477
60,18404,18525,24,2183,1986,3469
60,18404,18525,25,2182,1986,3453
60,18404,18525,26,2179,1986,3440
60,18404,18525,27,2177,1985,3425
60,18404,18525,28,2175,1985,3410
60,18404,18525,29,2173,1985,3394
60,18404,18525,30,2172,1985,3383
60,18404,18525,31,2169,1985,3370
60,18404,18525,32,2166,1985,3353
60,18404,18525,33,2165,1985,3339
60,18404,18525,34,2163,1985,3324
60,18404,18525,35,2162,1985,3312
60,18404,18525,36,2158,1985,3298
60,18404,18525,37,2158,1985,3284
60,18404,18525,38,2155,1985,3269
60,18404,18525,39,2154,1985,3253
60,18404,18525,40,2151,1985,3239
60,18404,18525,41,2149,1985,3227
60,18404,18525,42,2148,1986,3215
60,18404,18525,43,2145,1985,3199
60,18404,18525,44,2144,1985,3185
60,18404,18525,45,2142,1985,3169
60,18404,18525,46,2139,1985,3154
60,18404,18525,47,2139,1985,3142
60,18404,18525,48,2136,1985,3129
60,18404,18525,49,2134,1985,3114
60,18404,18525,50,2131,1985,3098
60,18404,18525,51,2130,1985,3083
60,18404,18525,52,2128,1985,3069
60,18404,18525,53,2126,1985,3055
60,18404,18525,54,2125,1985,3040
60,18404,18525,55,2122,1985,3026
60,18404,18525,56,2120,1984,3012
60,18404,18525,57,2118,1985,2999
60,18404,18525,58,2115,1985,2981
60,18404,18525,59,2114,1984,2971
60,18404,18525,60,2114,1985,2952
60,18404,18525,61,2111,1985,2943
60,18404,18525,62,2109,1985,2930
60,18404,18525,63,2106,1985,2913
60,18404,18525,64,2105,1984,2896
60,18404,18525,65,2104,1984,2888
60,18404,18525,66,2100,1984,2871
60,18404,18525,67,2099,1984,2855
60,18404,18525,68,2097,1984,2845
60,18404,18525,69,2094,1984,2827
60,18404,18525,70,2093,1984,2815
60,18404,18525,71,2091,1984,2801
60,18404,18525,72,2089,1984,2787
60,18404,18525,73,2088,1983,2776
60,18404,18525,74,2086,1984,2763
60,18404,18525,75,2084,1984,2743
60,18404,18525,76,2080,1984,2727
60,18404,18525,77,2079,1984,2715
60,18404,18525,78,2077,1984,2700
60,18404,18525,79,2075,1984,2689
60,18404,18525,80,2073,1984,2668
60,18404,18525,81,2071,1984,2656
60,18404,18525,82,2070,1983,2643
60,18404,18525,83,2068,1984,2635
60,18404,18525,84,2066,1984,2617
60,18404,18525,85,2063,1983,2579
60,18404,18525,86,2060,1984,2586
60,18404,18525,87,2060,1983,2574
60,18404,18525,88,2057,1983,2560
60,18404,18525,89,2058,1984,2558
60,18404,18525,90,2059,1984,2572
60,18404,18525,91,2062,1984,2587
60,18404,18525,92,2063,1984,2602
60,18404,18525,93,2064,1984,2615
60,18404,18525,94,2068,1984,2629
60,18404,18525,95,2069,1985,2643
60,18404,18525,96,2071,1984,2660
60,18404,18525,97,2072,1984,2671
60,18404,18525,98,2076,1985,2687
60,18404,18525,99,2077,1985,2706
60,18404,18525,100,2080,1984,2714
60,18404,18525,101,2080,1984,2729
60,18404,18525,102,2083,1984,2742
60,18404,18525,103,2085,1984,2757
60,18404,18525,104,2087,1985,2772
60,18404,18525,105,2088,1985,2785
60,18404,18525,106,2091,1985,2802
60,18404,18525,107,2093,1985,2818
60,18404,18525,108,2095,1985,2828
60,18404,18525,109,2097,1984,2846
60,18404,18525,110,2098,1985,2855
60,18404,18525,111,2101,1984,2871
60,18404,18525,112,2103,1985,2885
60,18404,18525,113,2104,1985,2904
60,18404,18525,114,2107,1985,2913
60,18404,18525,115,2109,1985,2927
60,18404,18525,116,2110,1985,2943
60,18404,18525,117,2112,1985,2962
60,18404,18525,118,2114,1985,2972
60,18404,18525,119,2116,1985,2987
60,18404,18525,120,2118,1985,3001
60,18404,18525,121,2121,1985,3013
60,18404,18525,122,2121,1985,3028
60,18404,18525,123,2124,1985,3043
60,18404,18525,124,2126,1985,3056
60,18404,18525,125,2129,1985,3069
60,18404,18525,126,2130,1985,3087
60,18404,18525,127,2133,1985,3101
60,18404,18525,128,2133,1985,3113
60,18404,18525,129,2136,1985,3129
60,18404,18525,130,2138,1984,3142
60,18404,18525,131,2139,1985,3155
60,18404,18525,132,2141,1985,3169
60,18404,18525,133,2144,1985,3180
60,18404,18525,134,2145,1986,3197
60,18404,18525,135,2148,1985,3211
60,18404,18525,136,2151,1985,3229
60,18404,18525,137,2151,1985,3239
60,18404,18525,138,2153,1985,3253
60,18404,18525,139,2155,1985,3270
60,18404,18525,140,2158,1985,3280
60,18404,18525,141,2160,1986,3297
60,18404,18525,142,2162,1986,3310
60,18404,18525,143,2163,1986,3324
60,18404,18525,144,2165,1985,3340
60,18404,18525,145,2168,1985,3357
60,18404,18525,146,2170,1985,3373
60,18404,18525,147,2172,1985,3378
60,18404,18525,148,2173,1986,3395
60,18404,18525,149,2175,1986,3412
60,18404,18525,150,2179,1986,3428
60,18404,18525,151,2180,1986,3439
60,18404,18525,152,2182,1986,3454
60,18404,18525,153,2184,1985,3470
60,18404,18525,154,2185,1985,3477
60,18404,18525,155,2184,1985,3473
60,18404,18525,156,2184,1986,3472
60,18404,18525,157,2187,1986,3488
60,18404,18525,158,2188,1986,3498
60,18404,18525,159,2190,1986,3512
60,18404,18525,160,2190,1986,3521
60,18404,18525,161,2190,1986,3510
60,18404,18525,162,2188,1986,3471
60,18404,18525,163,2173,1985,3356
60,18404,18525,164,2161,1984,3262
60,18404,18525,165,2142,1985,3161
60,18404,18525,166,2131,1984,3029
60,18404,18525,167,2111,1983,2906
60,18404,18525,168,2094,1983,2792
60,18404,18525,169,2077,1984,2674
60,18404,18525,170,2059,1983,2524
60,18404,18525,171,2042,1982,2386
60,18404,18525,172,2023,1983,2252
60,18404,18525,173,2006,1982,2159
60,18404,18525,174,1992,1981,2014
60,18404,18525,175,1972,1981,1938
60,18404,18525,176,1953,1981,1752
60,18404,18525,177,1936,1980,1613
60,18404,18525,178,1923,1982,1545
60,18404,18525,179,1907,1981,1435
60,18404,18525,180,1893,1980,1293
60,18404,18525,181,1874,1980,1167
60,18404,18525,182,1858,1979,1026
60,18404,18525,183,1839,1978,869
60,18404,18525,184,1825,1978,722
60,18404,18525,185,1806,1977,582
60,18404,18525,186,1788,1976,436
60,18404,18525,187,1772,1975,296
60,18404,18525,188,1758,1974,214
60,18404,18525,189,1760,1974,230
60,18404,18525,190,1762,1975,243
60,18404,18525,191,1764,1975,257
60,18404,18525,192,1765,1974,271
60,18404,18525,193,1768,1975,285
60,18404,18525,194,1768,1975,296
60,18404,18525,195,1770,1975,317
60,18404,18525,196,1771,1975,329
60,18404,18525,197,1774,1975,342
60,18404,18525,198,1775,1976,357
60,18404,18525,199,1776,1976,373
60,18404,18525,200,1777,1976,389
60,18404,18525,201,1779,1976,403
60,18404,18525,202,1780,1976,413
60,18404,18525,203,1782,1976,429
60,18404,18525,204,1784,1977,442
60,18404,18525,205,1786,1977,456
60,18404,18525,206,1788,1977,470
60,18404,18525,207,1790,1977,483
60,18404,18525,208,1791,1977,500
60,18404,18525,209,1792,1977,509
60,18404,18525,210,1794,1978,525
60,18404,18525,211,1796,1977,539
60,18404,18525,212,1797,1978,557
60,18404,18525,213,1798,1978,571
60,18404,18525,214,1800,1978,584
60,18404,18525,215,1802,1978,598
60,18404,18525,216,1803,1978,613
60,18404,18525,217,1804,1978,628
60,18404,18525,218,1806,1978,638
60,18404,18525,219,1807,1978,657
60,18404,18525,220,1810,1978,669
60,18404,18525,221,1812,1978,683
60,18404,18525,222,1814,1979,697
60,18404,18525,223,1815,1979,711
60,18404,18525,224,1817,1979,727
60,18404,18525,225,1818,1979,741
60,18404,18525,226,1821,1979,751
60,18404,18525,227,1822,1979,766
60,18404,18525,228,1823,1979,783
60,18404,18525,229,1824,1980,795
60,18404,18525,230,1826,1979,810
60,18404,18525,231,1828,1979,825
60,18404,18525,232,1830,1980,842
60,18404,18525,233,1832,1980,854
60,18404,18525,234,1833,1979,866
60,18404,18525,235,1836,1980,880
60,18404,18525,236,1836,1980,894
60,18404,18525,237,1838,1980,911
60,18404,18525,238,1840,1980,925
60,18404,18525,239,1842,1980,938
60,18404,18525,240,1844,1980,950
60,18404,18525,241,1846,1980,965
60,18404,18525,242,1846,1980,980
60,18404,18525,243,1849,1981,995
60,18404,18525,244,1850,1980,1009
60,18404,18525,245,1853,1981,1026
60,18404,18525,246,1854,1981,1038
60,18404,18525,247,1855,1981,1053
60,18404,18525,248,1857,1981,1065
60,18404,18525,249,1860,1980,1077
60,18404,18525,250,1861,1981,1094
60,18404,18525,251,1863,1980,1108
60,18404,18525,252,1865,1981,1123
60,18404,18525,253,1866,1981,1128
60,18404,18525,254,1868,1981,1156
60,18404,18525,255,1870,1981,1164
60,18404,18525,256,1872,1980,1179
60,18404,18525,257,1874,1980,1193
60,18404,18525,258,1876,1981,1210
60,18404,18525,259,1876,1981,1222
60,18404,18525,260,1879,1981,1236
60,18404,18525,261,1880,1981,1250
60,18404,18525,262,1883,1981,1273
60,18404,18525,263,1884,1982,1282
60,18404,18525,264,1886,1981,1295
60,18404,18525,265,1886,1981,1308
60,18404,18525,266,1889,1981,1323
60,18404,18525,267,1890,1981,1322
60,18404,18525,268,1888,1981,1309
60,18404,18525,269,1886,1981,1295
60,18404,18525,270,1885,1981,1279
60,18404,18525,271,1882,1981,1266
60,18404,18525,272,1882,1981,1246
60,18404,18525,273,1878,1980,1237
60,18404,18525,274,1877,1981,1219
60,18404,18525,275,1875,1980,1208
60,18404,18525,276,1874,1981,1194
60,18404,18525,277,1872,1980,1177
60,18404,18525,278,1870,1980,1165
60,18404,18525,279,1868,1981,1149
60,18404,18525,280,1866,1980,1136
60,18404,18525,281,1865,1980,1120
60,18404,18525,282,1863,1980,1108
60,18404,18525,283,1861,1980,1095
60,18404,18525,284,1859,1980,1082
60,18404,18525,285,1858,1980,1065
60,18404,18525,286,1856,1980,1051
60,18404,18525,287,1855,1980,1038
60,18404,18525,288,1852,1980,1023
60,18404,18525,289,1851,1980,1010
60,18404,18525,290,1848,1980,995
60,18404,18525,291,1847,1980,979
60,18404,18525,292,1845,1980,966
60,18404,18525,293,1843,1980,950
60,18404,18525,294,1842,1980,940
60,18404,18525,295,1840,1980,929
60,18404,18525,296,1839,1980,909
60,18404,18525,297,1837,1980,894
60,18404,18525,298,1834,1979,885
60,18404,18525,299,1834,1979,870
60,18404,18525,300,1831,1979,852
60,18404,18525,301,1830,1979,839
60,18404,18525,302,1829,1979,828
60,18404,18525,303,1826,1979,811
60,18404,18525,304,1824,1979,799
60,18404,18525,305,1823,1979,784
60,18404,18525,306,1822,1979,769
60,18404,18525,307,1820,1979,754
60,18404,18525,308,1818,1979,738
60,18404,18525,309,1816,1978,738
60,18404,18525,310,1815,1978,713
60,18404,18525,311,1813,1978,699
60,18404,18525,312,1809,1978,685
60,18404,18525,313,1809,1979,670
60,18404,18525,314,1808,1978,654
60,18404,18525,315,1807,1978,644
60,18404,18525,316,1805,1977,624
60,18404,18525,317,1805,1977,611
60,18404,18525,318,1802,1978,595
60,18404,18525,319,1800,1978,587
60,18404,18525,320,1798,1978,572
60,18404,18525,321,1797,1977,556
60,18404,18525,322,1795,1977,536
60,18404,18525,323,1794,1977,529
60,18404,18525,324,1791,1977,512
60,18404,18525,325,1791,1977,498
60,18404,18525,326,1788,1976,485
60,18404,18525,327,1787,1977,466
60,18404,18525,328,1785,1977,457
60,18404,18525,329,1784,1977,442
60,18404,18525,330,1782,1976,427
60,18404,18525,331,1781,1976,413
60,18404,18525,332,1779,1976,399
60,18404,18525,333,1777,1976,385
60,18404,18525,334,1776,1976,375
60,18404,18525,335,1774,1976,358
60,18404,18525,336,1773,1976,345
60,18404,18525,337,1772,1975,329
60,18404,18525,338,1770,1975,314
60,18404,18525,339,1768,1974,298
60,18404,18525,340,1767,1975,284
60,18404,18525,341,1765,1975,269
60,18404,18525,342,1763,1975,254
60,18404,18525,343,1762,1974,243
60,18404,18525,344,1760,1974,229
60,18404,18525,345,1759,1973,221
60,18404,18525,346,1758,1974,203
60,18404,18525,347,1755,1973,185
60,18404,18525,348,1753,1973,174
60,18404,18525,349,1754,1974,225
60,18404,18525,350,1759,1975,281
60,18404,18525,351,1774,1976,377
60,18404,18525,352,1784,1977,480
60,18404,18525,353,1800,1979,609
60,18404,18525,354,1814,1979,728
60,18404,18525,355,1825,1980,859
