count,tInitial,tFinal,step,v_ref,adc_A,adc_B
323,8904,9026,0,2198,2195,3525
323,8904,9026,1,2166,1996,3402
323,8904,9026,2,2145,1980,3020
323,8904,9026,3,2112,1983,2781
323,8904,9026,4,2080,1983,2575
323,8904,9026,5,2048,1979,2437
323,8904,9026,6,2043,1984,2348
323,8904,9026,7,2037,1984,2331
323,8904,9026,8,2025,1980,2342
323,8904,9026,9,2033,1985,2379
323,8904,9026,10,2044,1985,2447
323,8904,9026,11,2048,1981,2450
323,8904,9026,12,2065,1986,2622
323,8904,9026,13,2077,1985,2720
323,8904,9026,14,2088,1984,2861
323,8904,9026,15,2114,1986,2990
323,8904,9026,16,2133,1986,3127
323,8904,9026,17,2145,1985,3270
323,8904,9026,18,2169,1986,3413
323,8904,9026,19,2188,1987,3495
323,8904,9026,20,2182,1985,3489
323,8904,9026,21,2186,1985,3472
323,8904,9026,22,2185,1985,3473
323,8904,9026,23,2182,1985,3476
323,8904,9026,24,2183,1985,3463
323,8904,9026,25,2183,1985,3460
323,8904,9026,26,2176,1986,3436
323,8904,9026,27,2177,1985,3423
323,8904,9026,28,2176,1984,3407
323,8904,9026,29,2171,1986,3395
323,8904,9026,30,2172,1986,3380
323,8904,9026,31,2170,1983,3373
323,8904,9026,32,2166,1986,3353
323,8904,9026,33,2165,1986,3337
323,8904,9026,34,2166,1983,3325
323,8904,9026,35,2161,1986,3312
323,8904,9026,36,2159,1987,3299
323,8904,9026,37,2157,1982,3282
323,8904,9026,38,2156,1986,3268
323,8904,9026,39,2153,1987,3253
323,8904,9026,40,2149,1982,3239
323,8904,9026,41,2151,1986,3224
323,8904,9026,42,2149,1987,3209
323,8904,9026,43,2142,1982,3196
323,8904,9026,44,2145,1986,3179
323,8904,9026,45,2144,1987,3169
323,8904,9026,46,2135,1982,3153
323,8904,9026,47,2139,1986,3142
323,8904,9026,48,2138,1986,3126
323,8904,9026,49,2129,1982,3111
323,8904,9026,50,2134,1986,3095
323,8904,9026,51,2133,1986,3082
323,8904,9026,52,2123,1982,3058
323,8904,9026,53,2128,1985,3055
323,8904,9026,54,2126,1985,3041
323,8904,9026,55,2118,1982,3026
323,8904,9026,56,2122,1984,3009
323,8904,9026,57,2119,1985,2996
323,8904,9026,58,2111,1983,2984
323,8904,9026,59,2116,1985,2971
323,8904,9026,60,2114,1985,2956
323,8904,9026,61,2105,1983,2940
323,8904,9026,62,2109,1984,2923
323,8904,9026,63,2108,1984,2913
323,8904,9026,64,2101,1984,2897
323,8904,9026,65,2104,1984,2885
323,8904,9026,66,2102,1984,2869
323,8904,9026,67,2096,1984,2851
323,8904,9026,68,2097,1984,2838
323,8904,9026,69,2096,1984,2828
323,8904,9026,70,2090,1985,2812
323,8904,9026,71,2090,1984,2798
323,8904,9026,72,2090,1983,2785
323,8904,9026,73,2085,1984,2763
323,8904,9026,74,2085,1985,2753
323,8904,9026,75,2083,1982,2741
323,8904,9026,76,2079,1985,2727
323,8904,9026,77,2078,1986,2712
323,8904,9026,78,2077,1981,2701
323,8904,9026,79,2076,1985,2684
323,8904,9026,80,2072,1986,2671
323,8904,9026,81,2071,1980,2657
323,8904,9026,82,2069,1985,2643
323,8904,9026,83,2068,1986,2627
323,8904,9026,84,2063,1980,2615
323,8904,9026,85,2064,1985,2601
323,8904,9026,86,2063,1985,2584
323,8904,9026,87,2055,1980,2571
323,8904,9026,88,2058,1985,2555
323,8904,9026,89,2061,1985,2554
323,8904,9026,90,2055,1981,2569
323,8904,9026,91,2063,1985,2584
323,8904,9026,92,2066,1986,2597
323,8904,9026,93,2060,1981,2616
323,8904,9026,94,2070,1985,2631
323,8904,9026,95,2072,1985,2644
323,8904,9026,96,2066,1981,2657
323,8904,9026,97,2075,1985,2673
323,8904,9026,98,2076,1985,2688
323,8904,9026,99,2072,1982,2702
323,8904,9026,100,2081,1985,2711
323,8904,9026,101,2083,1984,2729
323,8904,9026,102,2077,1983,2737
323,8904,9026,103,2087,1985,2753
323,8904,9026,104,2089,1985,2772
323,8904,9026,105,2083,1983,2782
323,8904,9026,106,2092,1983,2797
323,8904,9026,107,2094,1984,2814
323,8904,9026,108,2090,1984,2826
323,8904,9026,109,2098,1984,2840
323,8904,9026,110,2100,1984,2857
323,8904,9026,111,2097,1984,2869
323,8904,9026,112,2104,1984,2880
323,8904,9026,113,2105,1984,2898
323,8904,9026,114,2104,1985,2909
323,8904,9026,115,2110,1985,2927
323,8904,9026,116,2111,1983,2940
323,8904,9026,117,2110,1985,2954
323,8904,9026,118,2114,1986,2968
323,8904,9026,119,2116,1982,2984
323,8904,9026,120,2117,1985,3001
323,8904,9026,121,2120,1986,3011
323,8904,9026,122,2122,1981,3025
323,8904,9026,123,2126,1986,3039
323,8904,9026,124,2125,1987,3053
323,8904,9026,125,2125,1982,3067
323,8904,9026,126,2130,1986,3084
323,8904,9026,127,2132,1987,3094
323,8904,9026,128,2131,1982,3112
323,8904,9026,129,2137,1986,3124
323,8904,9026,130,2139,1987,3141
323,8904,9026,131,2136,1982,3157
323,8904,9026,132,2143,1986,3162
323,8904,9026,133,2145,1987,3181
323,8904,9026,134,2140,1982,3195
323,8904,9026,135,2148,1986,3205
323,8904,9026,136,2152,1986,3222
323,8904,9026,137,2146,1982,3237
323,8904,9026,138,2156,1986,3253
323,8904,9026,139,2157,1986,3268
323,8904,9026,140,2152,1983,3280
323,8904,9026,141,2160,1985,3293
323,8904,9026,142,2164,1986,3308
323,8904,9026,143,2159,1983,3321
323,8904,9026,144,2167,1985,3337
323,8904,9026,145,2170,1986,3350
323,8904,9026,146,2164,1984,3361
323,8904,9026,147,2173,1985,3380
323,8904,9026,148,2175,1986,3396
323,8904,9026,149,2171,1985,3408
323,8904,9026,150,2178,1985,3425
323,8904,9026,151,2181,1986,3436
323,8904,9026,152,2177,1985,3450
323,8904,9026,153,2183,1985,3466
323,8904,9026,154,2186,1985,3476
323,8904,9026,155,2181,1985,3475
323,8904,9026,156,2188,1985,3472
323,8904,9026,157,2188,1985,3484
323,8904,9026,158,2186,1986,3500
323,8904,9026,159,2190,1986,3514
323,8904,9026,160,2190,1984,3517
323,8904,9026,161,2188,1986,3512
323,8904,9026,162,2182,1987,3460
323,8904,9026,163,2175,1982,3373
323,8904,9026,164,2159,1985,3269
323,8904,9026,165,2143,1986,3159
323,8904,9026,166,2129,1981,3037
323,8904,9026,167,2115,1984,2919
323,8904,9026,168,2093,1986,2801
323,8904,9026,169,2077,1979,2659
323,8904,9026,170,2063,1983,2528
323,8904,9026,171,2043,1985,2404
323,8904,9026,172,2020,1979,2270
323,8904,9026,173,2005,1982,2130
323,8904,9026,174,1990,1985,2060
323,8904,9026,175,1971,1978,1927
323,8904,9026,176,1960,1982,1822
323,8904,9026,177,1947,1983,1701
323,8904,9026,178,1929,1978,1617
323,8904,9026,179,1920,1982,1487
323,8904,9026,180,1907,1982,1379
323,8904,9026,181,1881,1977,1245
323,8904,9026,182,1868,1980,1091
323,8904,9026,183,1855,1980,955
323,8904,9026,184,1826,1975,791
323,8904,9026,185,1816,1975,526
323,8904,9026,186,1796,1977,488
323,8904,9026,187,1770,1973,318
323,8904,9026,188,1761,1973,214
323,8904,9026,189,1762,1975,228
323,8904,9026,190,1757,1973,242
323,8904,9026,191,1764,1974,254
323,8904,9026,192,1767,1975,269
323,8904,9026,193,1761,1974,284
323,8904,9026,194,1770,1974,296
323,8904,9026,195,1771,1975,315
323,8904,9026,196,1767,1975,327
323,8904,9026,197,1774,1975,335
323,8904,9026,198,1775,1975,355
323,8904,9026,199,1773,1976,373
323,8904,9026,200,1778,1975,381
323,8904,9026,201,1781,1975,397
323,8904,9026,202,1779,1977,412
323,8904,9026,203,1782,1977,425
323,8904,9026,204,1784,1975,439
323,8904,9026,205,1784,1977,453
323,8904,9026,206,1788,1978,467
323,8904,9026,207,1789,1974,485
323,8904,9026,208,1790,1978,495
323,8904,9026,209,1792,1979,511
323,8904,9026,210,1793,1974,525
323,8904,9026,211,1795,1978,537
323,8904,9026,212,1797,1980,557
323,8904,9026,213,1796,1974,569
323,8904,9026,214,1800,1978,580
323,8904,9026,215,1802,1980,595
323,8904,9026,216,1800,1974,610
323,8904,9026,217,1805,1979,628
323,8904,9026,218,1808,1980,637
323,8904,9026,219,1804,1975,654
323,8904,9026,220,1811,1979,665
323,8904,9026,221,1813,1980,680
323,8904,9026,222,1809,1975,694
323,8904,9026,223,1816,1980,706
323,8904,9026,224,1819,1980,726
323,8904,9026,225,1813,1976,738
323,8904,9026,226,1822,1980,753
323,8904,9026,227,1823,1980,765
323,8904,9026,228,1817,1976,779
323,8904,9026,229,1825,1979,794
323,8904,9026,230,1828,1980,810
323,8904,9026,231,1823,1977,825
323,8904,9026,232,1832,1980,838
323,8904,9026,233,1833,1980,856
323,8904,9026,234,1828,1979,862
323,8904,9026,235,1836,1979,879
323,8904,9026,236,1838,1980,895
323,8904,9026,237,1834,1979,906
323,8904,9026,238,1842,1979,923
323,8904,9026,239,1843,1980,936
323,8904,9026,240,1840,1979,949
323,8904,9026,241,1845,1980,964
323,8904,9026,242,1848,1980,978
323,8904,9026,243,1846,1980,994
323,8904,9026,244,1850,1979,1007
323,8904,9026,245,1853,1979,1022
323,8904,9026,246,1852,1980,1036
323,8904,9026,247,1855,1980,1049
323,8904,9026,248,1857,1978,1066
323,8904,9026,249,1858,1981,1076
323,8904,9026,250,1860,1982,1088
323,8904,9026,251,1863,1978,1092
323,8904,9026,252,1864,1981,1119
323,8904,9026,253,1866,1982,1135
323,8904,9026,254,1868,1977,1156
323,8904,9026,255,1871,1981,1165
323,8904,9026,256,1873,1983,1178
323,8904,9026,257,1871,1978,1192
323,8904,9026,258,1877,1982,1207
323,8904,9026,259,1879,1983,1222
323,8904,9026,260,1875,1978,1234
323,8904,9026,261,1882,1982,1248
323,8904,9026,262,1885,1982,1265
323,8904,9026,263,1880,1978,1282
323,8904,9026,264,1887,1982,1290
323,8904,9026,265,1890,1983,1303
323,8904,9026,266,1885,1978,1322
323,8904,9026,267,1892,1982,1323
323,8904,9026,268,1890,1982,1304
323,8904,9026,269,1881,1979,1289
323,8904,9026,270,1886,1981,1279
323,8904,9026,271,1884,1982,1263
323,8904,9026,272,1876,1979,1253
323,8904,9026,273,1881,1981,1234
323,8904,9026,274,1879,1982,1221
323,8904,9026,275,1871,1979,1196
323,8904,9026,276,1875,1981,1196
323,8904,9026,277,1874,1981,1175
323,8904,9026,278,1865,1979,1164
323,8904,9026,279,1871,1980,1146
323,8904,9026,280,1868,1981,1137
323,8904,9026,281,1861,1979,1121
323,8904,9026,282,1864,1979,1107
323,8904,9026,283,1863,1980,1092
323,8904,9026,284,1856,1980,1078
323,8904,9026,285,1858,1980,1064
323,8904,9026,286,1857,1980,1052
323,8904,9026,287,1851,1980,1036
323,8904,9026,288,1852,1980,1024
323,8904,9026,289,1851,1978,1017
323,8904,9026,290,1848,1981,997
323,8904,9026,291,1847,1981,980
323,8904,9026,292,1846,1977,969
323,8904,9026,293,1842,1980,950
323,8904,9026,294,1842,1982,937
323,8904,9026,295,1840,1977,919
323,8904,9026,296,1838,1980,908
323,8904,9026,297,1836,1981,893
323,8904,9026,298,1834,1976,882
323,8904,9026,299,1833,1980,866
323,8904,9026,300,1832,1982,851
323,8904,9026,301,1827,1976,835
323,8904,9026,302,1829,1980,823
323,8904,9026,303,1827,1981,810
323,8904,9026,304,1821,1976,794
323,8904,9026,305,1824,1980,783
323,8904,9026,306,1823,1980,764
323,8904,9026,307,1816,1975,751
323,8904,9026,308,1820,1980,739
323,8904,9026,309,1818,1980,724
323,8904,9026,310,1810,1975,710
323,8904,9026,311,1815,1979,697
323,8904,9026,312,1813,1979,680
323,8904,9026,313,1804,1975,665
323,8904,9026,314,1810,1979,660
323,8904,9026,315,1809,1979,639
323,8904,9026,316,1797,1976,623
323,8904,9026,317,1805,1978,611
323,8904,9026,318,1804,1979,596
323,8904,9026,319,1795,1976,582
323,8904,9026,320,1801,1977,571
323,8904,9026,321,1798,1978,552
323,8904,9026,322,1791,1976,538
323,8904,9026,323,1796,1977,522
323,8904,9026,324,1794,1977,510
323,8904,9026,325,1786,1976,494
323,8904,9026,326,1790,1976,480
323,8904,9026,327,1789,1976,451
323,8904,9026,328,1782,1976,452
323,8904,9026,329,1784,1976,440
323,8904,9026,330,1783,1976,424
323,8904,9026,331,1778,1976,397
323,8904,9026,332,1778,1975,396
323,8904,9026,333,1778,1974,385
323,8904,9026,334,1774,1976,366
323,8904,9026,335,1774,1976,353
323,8904,9026,336,1773,1973,342
323,8904,9026,337,1770,1976,326
323,8904,9026,338,1769,1977,313
323,8904,9026,339,1767,1972,298
323,8904,9026,340,1764,1975,288
323,8904,9026,341,1763,1976,269
323,8904,9026,342,1762,1970,255
323,8904,9026,343,1762,1975,240
323,8904,9026,344,1761,1976,227
323,8904,9026,345,1756,1970,217
323,8904,9026,346,1758,1974,197
323,8904,9026,347,1756,1975,186
323,8904,9026,348,1750,1969,172
323,8904,9026,349,1754,1974,158
323,8904,9026,350,1763,1976,248
323,8904,9026,351,1765,1972,327
323,8904,9026,352,1782,1978,423
323,8904,9026,353,1798,1980,574
323,8904,9026,354,1804,1976,697
323,8904,9026,355,1826,1981,839
325,9076,9198,0,1975,2021,1130
325,9076,9198,1,1867,1983,1210
325,9076,9198,2,1883,1983,1323
325,9076,9198,3,1898,1979,1419
325,9076,9198,4,1914,1984,1536
325,9076,9198,5,1927,1985,1659
325,9076,9198,6,1942,1979,1767
325,9076,9198,7,1963,1984,1897
325,9076,9198,8,1975,1986,2022
325,9076,9198,9,1993,1981,2156
325,9076,9198,10,2016,1985,2299
325,9076,9198,11,2034,1987,2422
325,9076,9198,12,2047,1981,2558
325,9076,9198,13,2073,1986,2689
325,9076,9198,14,2087,1988,2871
325,9076,9198,15,2115,1983,3056
325,9076,9198,16,2140,1987,3200
325,9076,9198,17,2162,1988,3362
325,9076,9198,18,2178,1983,3477
325,9076,9198,19,2189,1987,3500
325,9076,9198,20,2188,1986,3483
325,9076,9198,21,2179,1982,3472
325,9076,9198,22,2186,1986,3473
325,9076,9198,23,2185,1986,3477
325,9076,9198,24,2179,1983,3464
325,9076,9198,25,2183,1986,3454
325,9076,9198,26,2182,1986,3436
325,9076,9198,27,2172,1983,3425
325,9076,9198,28,2176,1986,3410
325,9076,9198,29,2174,1986,3396
325,9076,9198,30,2166,1984,3379
325,9076,9198,31,2172,1985,3362
325,9076,9198,32,2169,1986,3352
325,9076,9198,33,2158,1984,3335
325,9076,9198,34,2166,1985,3323
325,9076,9198,35,2164,1985,3311
325,9076,9198,36,2156,1985,3295
325,9076,9198,37,2159,1985,3284
325,9076,9198,38,2156,1985,3270
325,9076,9198,39,2150,1985,3252
325,9076,9198,40,2151,1984,3238
325,9076,9198,41,2151,1984,3223
325,9076,9198,42,2144,1985,3210
325,9076,9198,43,2146,1985,3195
325,9076,9198,44,2144,1983,3183
325,9076,9198,45,2140,1985,3166
325,9076,9198,46,2139,1986,3151
325,9076,9198,47,2136,1982,3139
325,9076,9198,48,2135,1986,3125
325,9076,9198,49,2134,1987,3107
325,9076,9198,50,2132,1982,3095
325,9076,9198,51,2130,1986,3085
325,9076,9198,52,2128,1987,3068
325,9076,9198,53,2124,1981,3056
325,9076,9198,54,2124,1985,3039
325,9076,9198,55,2123,1987,3027
325,9076,9198,56,2116,1981,3014
325,9076,9198,57,2119,1986,2998
325,9076,9198,58,2118,1986,2982
325,9076,9198,59,2110,1981,2968
325,9076,9198,60,2114,1986,2953
325,9076,9198,61,2111,1986,2940
325,9076,9198,62,2103,1981,2924
325,9076,9198,63,2109,1985,2913
325,9076,9198,64,2106,1986,2896
325,9076,9198,65,2096,1981,2882
325,9076,9198,66,2102,1985,2868
325,9076,9198,67,2101,1985,2859
325,9076,9198,68,2091,1982,2841
325,9076,9198,69,2097,1985,2827
325,9076,9198,70,2094,1985,2814
325,9076,9198,71,2086,1982,2798
325,9076,9198,72,2090,1984,2782
325,9076,9198,73,2089,1985,2774
325,9076,9198,74,2079,1983,2752
325,9076,9198,75,2084,1983,2741
325,9076,9198,76,2082,1984,2725
325,9076,9198,77,2075,1983,2714
325,9076,9198,78,2079,1984,2700
325,9076,9198,79,2077,1984,2686
325,9076,9198,80,2069,1984,2675
325,9076,9198,81,2071,1984,2656
325,9076,9198,82,2071,1984,2647
325,9076,9198,83,2064,1984,2627
325,9076,9198,84,2063,1983,2611
325,9076,9198,85,2064,1983,2601
325,9076,9198,86,2060,1984,2584
325,9076,9198,87,2060,1984,2570
325,9076,9198,88,2058,1981,2554
325,9076,9198,89,2056,1984,2556
325,9076,9198,90,2059,1985,2570
325,9076,9198,91,2061,1981,2585
325,9076,9198,92,2062,1984,2596
325,9076,9198,93,2064,1986,2611
325,9076,9198,94,2067,1980,2626
325,9076,9198,95,2068,1984,2644
325,9076,9198,96,2071,1986,2655
325,9076,9198,97,2069,1980,2670
325,9076,9198,98,2075,1985,2682
325,9076,9198,99,2078,1986,2702
325,9076,9198,100,2074,1981,2715
325,9076,9198,101,2081,1985,2732
325,9076,9198,102,2085,1986,2734
325,9076,9198,103,2082,1980,2753
325,9076,9198,104,2087,1985,2767
325,9076,9198,105,2089,1985,2785
325,9076,9198,106,2086,1981,2796
325,9076,9198,107,2094,1986,2813
325,9076,9198,108,2097,1986,2824
325,9076,9198,109,2091,1981,2841
325,9076,9198,110,2100,1985,2853
325,9076,9198,111,2102,1985,2870
325,9076,9198,112,2097,1982,2881
325,9076,9198,113,2106,1985,2900
325,9076,9198,114,2109,1985,2911
325,9076,9198,115,2102,1983,2926
325,9076,9198,116,2112,1985,2942
325,9076,9198,117,2115,1985,2953
325,9076,9198,118,2109,1983,2969
325,9076,9198,119,2118,1985,2981
325,9076,9198,120,2120,1985,2998
325,9076,9198,121,2115,1984,3012
325,9076,9198,122,2123,1984,3026
325,9076,9198,123,2125,1984,3040
325,9076,9198,124,2122,1984,3050
325,9076,9198,125,2129,1984,3066
325,9076,9198,126,2131,1984,3085
325,9076,9198,127,2128,1984,3093
325,9076,9198,128,2134,1985,3112
325,9076,9198,129,2136,1984,3127
325,9076,9198,130,2136,1985,3139
325,9076,9198,131,2140,1986,3152
325,9076,9198,132,2142,1983,3163
325,9076,9198,133,2142,1986,3188
325,9076,9198,134,2146,1987,3196
325,9076,9198,135,2148,1982,3212
325,9076,9198,136,2148,1985,3223
325,9076,9198,137,2149,1987,3237
325,9076,9198,138,2152,1982,3252
325,9076,9198,139,2155,1986,3266
325,9076,9198,140,2164,1987,3280
325,9076,9198,141,2157,1982,3296
325,9076,9198,142,2163,1986,3311
325,9076,9198,143,2164,1987,3324
325,9076,9198,144,2162,1982,3338
325,9076,9198,145,2168,1987,3354
325,9076,9198,146,2171,1987,3369
325,9076,9198,147,2167,1982,3381
325,9076,9198,148,2175,1987,3398
325,9076,9198,149,2177,1987,3410
325,9076,9198,150,2172,1982,3421
325,9076,9198,151,2180,1987,3437
325,9076,9198,152,2183,1987,3455
325,9076,9198,153,2177,1983,3464
325,9076,9198,154,2187,1987,3478
325,9076,9198,155,2186,1986,3473
325,9076,9198,156,2179,1983,3471
325,9076,9198,157,2187,1986,3485
325,9076,9198,158,2190,1986,3496
325,9076,9198,159,2184,1983,3511
325,9076,9198,160,2193,1986,3517
325,9076,9198,161,2193,1987,3524
325,9076,9198,162,2185,1985,3517
325,9076,9198,163,2191,1986,3475
325,9076,9198,164,2177,1985,3370
325,9076,9198,165,2159,1984,3279
325,9076,9198,166,2148,1984,3150
325,9076,9198,167,2132,1984,3035
325,9076,9198,168,2109,1983,2906
325,9076,9198,169,2094,1982,2770
325,9076,9198,170,2074,1982,2604
325,9076,9198,171,2050,1982,2441
325,9076,9198,172,2031,1982,2314
325,9076,9198,173,2012,1981,2176
325,9076,9198,174,1989,1982,2012
325,9076,9198,175,1970,1982,1884
325,9076,9198,176,1951,1978,1730
325,9076,9198,177,1931,1982,1600
325,9076,9198,178,1919,1982,1523
325,9076,9198,179,1906,1977,1387
325,9076,9198,180,1889,1981,1262
325,9076,9198,181,1871,1982,1142
325,9076,9198,182,1854,1976,999
325,9076,9198,183,1839,1980,855
325,9076,9198,184,1821,1980,710
325,9076,9198,185,1798,1972,525
325,9076,9198,186,1784,1976,361
325,9076,9198,187,1765,1975,210
325,9076,9198,188,1754,1970,210
325,9076,9198,189,1761,1975,226
325,9076,9198,190,1764,1976,242
325,9076,9198,191,1759,1971,257
325,9076,9198,192,1766,1975,271
325,9076,9198,193,1769,1976,283
325,9076,9198,194,1763,1972,300
325,9076,9198,195,1771,1976,308
325,9076,9198,196,1775,1976,329
325,9076,9198,197,1768,1973,336
325,9076,9198,198,1777,1976,350
325,9076,9198,199,1778,1977,368
325,9076,9198,200,1772,1973,385
325,9076,9198,201,1781,1977,396
325,9076,9198,202,1783,1977,411
325,9076,9198,203,1778,1975,425
325,9076,9198,204,1785,1977,437
325,9076,9198,205,1786,1977,453
325,9076,9198,206,1783,1976,467
325,9076,9198,207,1790,1976,483
325,9076,9198,208,1793,1978,497
325,9076,9198,209,1787,1977,512
325,9076,9198,210,1795,1977,524
325,9076,9198,211,1797,1977,542
325,9076,9198,212,1792,1977,554
325,9076,9198,213,1799,1977,568
325,9076,9198,214,1801,1977,584
325,9076,9198,215,1799,1978,603
325,9076,9198,216,1804,1978,607
325,9076,9198,217,1805,1976,628
325,9076,9198,218,1804,1979,638
325,9076,9198,219,1808,1979,645
325,9076,9198,220,1810,1976,667
325,9076,9198,221,1810,1979,680
325,9076,9198,222,1813,1980,694
325,9076,9198,223,1815,1975,712
325,9076,9198,224,1816,1980,723
325,9076,9198,225,1818,1981,739
325,9076,9198,226,1818,1975,751
325,9076,9198,227,1821,1980,766
325,9076,9198,228,1824,1981,778
325,9076,9198,229,1822,1975,793
325,9076,9198,230,1827,1980,808
325,9076,9198,231,1831,1981,824
325,9076,9198,232,1825,1976,845
325,9076,9198,233,1834,1981,851
325,9076,9198,234,1834,1981,865
325,9076,9198,235,1830,1976,880
325,9076,9198,236,1836,1980,892
325,9076,9198,237,1840,1981,908
325,9076,9198,238,1835,1977,927
325,9076,9198,239,1843,1981,937
325,9076,9198,240,1845,1981,952
325,9076,9198,241,1841,1977,969
325,9076,9198,242,1849,1981,979
325,9076,9198,243,1851,1981,994
325,9076,9198,244,1845,1978,1007
325,9076,9198,245,1854,1980,1023
325,9076,9198,246,1857,1981,1036
325,9076,9198,247,1850,1978,1052
325,9076,9198,248,1860,1980,1065
325,9076,9198,249,1861,1981,1080
325,9076,9198,250,1857,1979,1089
325,9076,9198,251,1864,1980,1108
325,9076,9198,252,1866,1980,1124
325,9076,9198,253,1861,1980,1135
325,9076,9198,254,1870,1980,1151
325,9076,9198,255,1871,1981,1165
325,9076,9198,256,1868,1981,1178
325,9076,9198,257,1874,1980,1192
325,9076,9198,258,1877,1981,1203
325,9076,9198,259,1874,1981,1220
325,9076,9198,260,1879,1981,1238
325,9076,9198,261,1882,1979,1251
325,9076,9198,262,1880,1981,1264
325,9076,9198,263,1883,1982,1271
325,9076,9198,264,1886,1978,1292
325,9076,9198,265,1887,1981,1302
325,9076,9198,266,1888,1983,1317
325,9076,9198,267,1888,1978,1324
325,9076,9198,268,1888,1981,1306
325,9076,9198,269,1885,1983,1291
325,9076,9198,270,1883,1977,1276
325,9076,9198,271,1882,1982,1276
325,9076,9198,272,1881,1982,1250
325,9076,9198,273,1876,1977,1237
325,9076,9198,274,1878,1981,1223
325,9076,9198,275,1877,1982,1206
325,9076,9198,276,1870,1977,1193
325,9076,9198,277,1872,1981,1178
325,9076,9198,278,1873,1982,1164
325,9076,9198,279,1863,1977,1148
325,9076,9198,280,1868,1981,1138
325,9076,9198,281,1868,1981,1120
325,9076,9198,282,1857,1977,1105
325,9076,9198,283,1863,1981,1095
325,9076,9198,284,1861,1981,1080
325,9076,9198,285,1852,1977,1062
325,9076,9198,286,1858,1980,1048
325,9076,9198,287,1856,1981,1035
325,9076,9198,288,1847,1978,1021
325,9076,9198,289,1852,1981,1010
325,9076,9198,290,1851,1980,996
325,9076,9198,291,1842,1978,978
325,9076,9198,292,1847,1980,968
325,9076,9198,293,1846,1980,953
325,9076,9198,294,1837,1978,937
325,9076,9198,295,1842,1979,924
325,9076,9198,296,1840,1979,908
325,9076,9198,297,1832,1979,892
325,9076,9198,298,1836,1979,876
325,9076,9198,299,1834,1979,865
325,9076,9198,300,1827,1979,851
325,9076,9198,301,1830,1979,834
325,9076,9198,302,1831,1978,826
325,9076,9198,303,1824,1979,806
325,9076,9198,304,1825,1979,793
325,9076,9198,305,1824,1977,781
325,9076,9198,306,1819,1980,767
325,9076,9198,307,1819,1980,752
325,9076,9198,308,1819,1976,739
325,9076,9198,309,1815,1979,724
325,9076,9198,310,1815,1980,710
325,9076,9198,311,1812,1975,697
325,9076,9198,312,1810,1979,682
325,9076,9198,313,1810,1980,666
325,9076,9198,314,1807,1974,651
325,9076,9198,315,1807,1979,639
325,9076,9198,316,1805,1980,624
325,9076,9198,317,1800,1974,610
325,9076,9198,318,1802,1978,597
325,9076,9198,319,1803,1979,583
325,9076,9198,320,1794,1974,567
325,9076,9198,321,1798,1978,554
325,9076,9198,322,1798,1978,541
325,9076,9198,323,1789,1974,523
325,9076,9198,324,1793,1978,512
325,9076,9198,325,1791,1978,495
325,9076,9198,326,1783,1974,481
325,9076,9198,327,1788,1977,471
325,9076,9198,328,1788,1977,456
325,9076,9198,329,1779,1974,441
325,9076,9198,330,1785,1977,426
325,9076,9198,331,1783,1977,411
325,9076,9198,332,1773,1974,396
325,9076,9198,333,1779,1976,384
325,9076,9198,334,1777,1976,371
325,9076,9198,335,1769,1974,359
325,9076,9198,336,1775,1975,342
325,9076,9198,337,1772,1976,326
325,9076,9198,338,1764,1974,314
325,9076,9198,339,1769,1974,300
325,9076,9198,340,1768,1975,284
325,9076,9198,341,1760,1974,266
325,9076,9198,342,1763,1973,254
325,9076,9198,343,1763,1973,241
325,9076,9198,344,1757,1974,229
325,9076,9198,345,1758,1973,211
325,9076,9198,346,1759,1972,201
325,9076,9198,347,1752,1973,183
325,9076,9198,348,1754,1973,170
325,9076,9198,349,1760,1972,228
325,9076,9198,350,1768,1977,327
325,9076,9198,351,1778,1978,429
325,9076,9198,352,1792,1975,540
325,9076,9198,353,1804,1979,653
325,9076,9198,354,1818,1982,785
325,9076,9198,355,1838,1977,950
327,9247,9369,0,1984,2022,1251
327,9247,9369,1,1888,1983,1336
327,9247,9369,2,1897,1982,1439
327,9247,9369,3,1917,1981,1533
327,9247,9369,4,1930,1981,1668
327,9247,9369,5,1943,1983,1782
327,9247,9369,6,1959,1984,1903
327,9247,9369,7,1981,1981,2026
327,9247,9369,8,1992,1984,2132
327,9247,9369,9,2010,1985,2271
327,9247,9369,10,2026,1981,2380
327,9247,9369,11,2047,1985,2490
327,9247,9369,12,2058,1986,2604
327,9247,9369,13,2077,1981,2743
327,9247,9369,14,2094,1986,2860
327,9247,9369,15,2115,1987,3018
327,9247,9369,16,2127,1982,3139
327,9247,9369,17,2150,1987,3275
327,9247,9369,18,2170,1988,3405
327,9247,9369,19,2182,1982,3498
327,9247,9369,20,2189,1986,3488
327,9247,9369,21,2186,1987,3472
327,9247,9369,22,2179,1982,3473
327,9247,9369,23,2184,1986,3477
327,9247,9369,24,2185,1987,3466
327,9247,9369,25,2176,1982,3450
327,9247,9369,26,2180,1986,3435
327,9247,9369,27,2179,1986,3423
327,9247,9369,28,2170,1982,3409
327,9247,9369,29,2175,1986,3393
327,9247,9369,30,2174,1986,3383
327,9247,9369,31,2164,1983,3363
327,9247,9369,32,2170,1985,3350
327,9247,9369,33,2166,1986,3339
327,9247,9369,34,2159,1983,3319
327,9247,9369,35,2163,1985,3313
327,9247,9369,36,2162,1985,3296
327,9247,9369,37,2152,1984,3276
327,9247,9369,38,2158,1985,3262
327,9247,9369,39,2155,1985,3252
327,9247,9369,40,2148,1984,3236
327,9247,9369,41,2150,1985,3223
327,9247,9369,42,2148,1985,3209
327,9247,9369,43,2142,1985,3193
327,9247,9369,44,2143,1984,3181
327,9247,9369,45,2143,1984,3166
327,9247,9369,46,2137,1985,3150
327,9247,9369,47,2138,1984,3137
327,9247,9369,48,2136,1983,3124
327,9247,9369,49,2133,1985,3109
327,9247,9369,50,2132,1986,3092
327,9247,9369,51,2130,1982,3082
327,9247,9369,52,2126,1985,3067
327,9247,9369,53,2125,1986,3049
327,9247,9369,54,2123,1981,3036
327,9247,9369,55,2120,1985,3022
327,9247,9369,56,2120,1986,3007
327,9247,9369,57,2117,1981,2996
327,9247,9369,58,2115,1985,2983
327,9247,9369,59,2114,1986,2960
327,9247,9369,60,2109,1981,2956
327,9247,9369,61,2111,1985,2938
327,9247,9369,62,2109,1986,2923
327,9247,9369,63,2102,1981,2913
327,9247,9369,64,2106,1985,2899
327,9247,9369,65,2104,1986,2883
327,9247,9369,66,2096,1981,2871
327,9247,9369,67,2100,1985,2855
327,9247,9369,68,2098,1985,2841
327,9247,9369,69,2090,1981,2828
327,9247,9369,70,2094,1985,2816
327,9247,9369,71,2092,1985,2798
327,9247,9369,72,2084,1981,2785
327,9247,9369,73,2089,1984,2769
327,9247,9369,74,2087,1985,2753
327,9247,9369,75,2077,1981,2740
327,9247,9369,76,2084,1984,2725
327,9247,9369,77,2081,1984,2711
327,9247,9369,78,2072,1982,2696
327,9247,9369,79,2076,1984,2682
327,9247,9369,80,2075,1984,2670
327,9247,9369,81,2067,1982,2655
327,9247,9369,82,2070,1984,2645
327,9247,9369,83,2069,1984,2630
327,9247,9369,84,2060,1983,2614
327,9247,9369,85,2065,1983,2601
327,9247,9369,86,2063,1983,2592
327,9247,9369,87,2056,1983,2569
327,9247,9369,88,2058,1983,2556
327,9247,9369,89,2059,1983,2555
327,9247,9369,90,2058,1984,2570
327,9247,9369,91,2061,1984,2588
327,9247,9369,92,2064,1982,2602
327,9247,9369,93,2064,1985,2614
327,9247,9369,94,2067,1985,2622
327,9247,9369,95,2069,1981,2643
327,9247,9369,96,2070,1984,2650
327,9247,9369,97,2073,1986,2670
327,9247,9369,98,2075,1981,2686
327,9247,9369,99,2076,1985,2702
327,9247,9369,100,2078,1987,2710
327,9247,9369,101,2079,1981,2728
327,9247,9369,102,2083,1985,2736
327,9247,9369,103,2085,1987,2755
327,9247,9369,104,2085,1981,2768
327,9247,9369,105,2089,1985,2783
327,9247,9369,106,2092,1986,2797
327,9247,9369,107,2088,1981,2813
327,9247,9369,108,2095,1985,2821
327,9247,9369,109,2099,1985,2838
327,9247,9369,110,2094,1981,2852
327,9247,9369,111,2101,1985,2866
327,9247,9369,112,2104,1985,2882
327,9247,9369,113,2100,1982,2897
327,9247,9369,114,2107,1985,2910
327,9247,9369,115,2110,1985,2924
327,9247,9369,116,2104,1982,2943
327,9247,9369,117,2115,1985,2954
327,9247,9369,118,2116,1985,2972
327,9247,9369,119,2110,1982,2981
327,9247,9369,120,2120,1985,2996
327,9247,9369,121,2122,1985,3014
327,9247,9369,122,2116,1983,3026
327,9247,9369,123,2126,1984,3040
327,9247,9369,124,2128,1985,3056
327,9247,9369,125,2123,1984,3066
327,9247,9369,126,2131,1984,3080
327,9247,9369,127,2135,1985,3098
327,9247,9369,128,2130,1984,3105
327,9247,9369,129,2136,1984,3123
327,9247,9369,130,2140,1985,3140
327,9247,9369,131,2136,1985,3153
327,9247,9369,132,2142,1985,3165
327,9247,9369,133,2145,1985,3181
327,9247,9369,134,2143,1985,3195
327,9247,9369,135,2148,1985,3209
327,9247,9369,136,2149,1983,3222
327,9247,9369,137,2150,1986,3245
327,9247,9369,138,2154,1986,3251
327,9247,9369,139,2155,1982,3273
327,9247,9369,140,2157,1986,3278
327,9247,9369,141,2159,1986,3297
327,9247,9369,142,2162,1982,3306
327,9247,9369,143,2164,1986,3323
327,9247,9369,144,2165,1988,3340
327,9247,9369,145,2166,1982,3353
327,9247,9369,146,2173,1987,3365
327,9247,9369,147,2173,1988,3380
327,9247,9369,148,2170,1982,3396
327,9247,9369,149,2176,1986,3412
327,9247,9369,150,2179,1987,3422
327,9247,9369,151,2175,1982,3436
327,9247,9369,152,2183,1987,3450
327,9247,9369,153,2185,1987,3467
327,9247,9369,154,2180,1982,3476
327,9247,9369,155,2186,1986,3473
327,9247,9369,156,2186,1986,3472
327,9247,9369,157,2182,1983,3490
327,9247,9369,158,2190,1987,3503
327,9247,9369,159,2191,1987,3512
327,9247,9369,160,2186,1983,3516
327,9247,9369,161,2192,1986,3519
327,9247,9369,162,2191,1986,3469
327,9247,9369,163,2171,1982,3396
327,9247,9369,164,2164,1985,3271
327,9247,9369,165,2150,1985,3172
327,9247,9369,166,2124,1982,3047
327,9247,9369,167,2118,1984,2932
327,9247,9369,168,2099,1983,2790
327,9247,9369,169,2075,1982,2678
327,9247,9369,170,2062,1982,2503
327,9247,9369,171,2040,1983,2353
327,9247,9369,172,2012,1981,2192
327,9247,9369,173,1994,1981,2025
327,9247,9369,174,1977,1981,1896
327,9247,9369,175,1952,1981,1756
327,9247,9369,176,1934,1980,1610
327,9247,9369,177,1917,1980,1474
327,9247,9369,178,1901,1981,1398
327,9247,9369,179,1890,1980,1293
327,9247,9369,180,1877,1978,1179
327,9247,9369,181,1857,1979,1045
327,9247,9369,182,1847,1980,933
327,9247,9369,183,1832,1976,804
327,9247,9369,184,1813,1978,669
327,9247,9369,185,1800,1979,542
327,9247,9369,186,1786,1972,410
327,9247,9369,187,1770,1975,274
327,9247,9369,188,1758,1975,209
327,9247,9369,189,1758,1971,224
327,9247,9369,190,1762,1975,249
327,9247,9369,191,1765,1976,255
327,9247,9369,192,1762,1971,268
327,9247,9369,193,1768,1976,285
327,9247,9369,194,1770,1977,299
327,9247,9369,195,1766,1973,312
327,9247,9369,196,1772,1976,327
327,9247,9369,197,1775,1977,342
327,9247,9369,198,1769,1972,356
327,9247,9369,199,1778,1977,370
327,9247,9369,200,1780,1977,383
327,9247,9369,201,1774,1973,398
327,9247,9369,202,1782,1977,414
327,9247,9369,203,1785,1978,427
327,9247,9369,204,1778,1974,439
327,9247,9369,205,1787,1977,453
327,9247,9369,206,1789,1977,472
327,9247,9369,207,1783,1975,484
327,9247,9369,208,1792,1977,494
327,9247,9369,209,1793,1977,512
327,9247,9369,210,1789,1976,525
327,9247,9369,211,1797,1977,541
327,9247,9369,212,1798,1978,555
327,9247,9369,213,1794,1977,569
327,9247,9369,214,1800,1977,581
327,9247,9369,215,1803,1978,596
327,9247,9369,216,1799,1978,612
327,9247,9369,217,1804,1978,626
327,9247,9369,218,1808,1978,640
327,9247,9369,219,1805,1978,654
327,9247,9369,220,1809,1978,667
327,9247,9369,221,1812,1977,680
327,9247,9369,222,1811,1978,698
327,9247,9369,223,1814,1979,709
327,9247,9369,224,1816,1976,726
327,9247,9369,225,1817,1979,737
327,9247,9369,226,1820,1980,759
327,9247,9369,227,1821,1976,765
327,9247,9369,228,1822,1980,780
327,9247,9369,229,1824,1981,795
327,9247,9369,230,1826,1975,810
327,9247,9369,231,1828,1980,823
327,9247,9369,232,1829,1981,836
327,9247,9369,233,1829,1976,854
327,9247,9369,234,1834,1980,866
327,9247,9369,235,1836,1981,880
327,9247,9369,236,1834,1976,893
327,9247,9369,237,1840,1981,910
327,9247,9369,238,1841,1981,922
327,9247,9369,239,1837,1976,935
327,9247,9369,240,1845,1981,952
327,9247,9369,241,1847,1981,966
327,9247,9369,242,1842,1977,978
327,9247,9369,243,1850,1981,996
327,9247,9369,244,1852,1982,1005
327,9247,9369,245,1849,1978,1022
327,9247,9369,246,1856,1981,1033
327,9247,9369,247,1857,1981,1049
327,9247,9369,248,1853,1978,1063
327,9247,9369,249,1861,1981,1078
327,9247,9369,250,1863,1981,1093
327,9247,9369,251,1858,1979,1104
327,9247,9369,252,1866,1980,1123
327,9247,9369,253,1868,1981,1134
327,9247,9369,254,1863,1980,1149
327,9247,9369,255,1871,1980,1164
327,9247,9369,256,1873,1981,1176
327,9247,9369,257,1869,1980,1190
327,9247,9369,258,1877,1980,1205
327,9247,9369,259,1878,1980,1224
327,9247,9369,260,1875,1980,1234
327,9247,9369,261,1882,1980,1246
327,9247,9369,262,1883,1980,1262
327,9247,9369,263,1882,1981,1278
327,9247,9369,264,1887,1980,1288
327,9247,9369,265,1889,1980,1307
327,9247,9369,266,1888,1981,1319
327,9247,9369,267,1889,1981,1319
327,9247,9369,268,1887,1978,1306
327,9247,9369,269,1885,1981,1294
327,9247,9369,270,1884,1982,1275
327,9247,9369,271,1882,1977,1263
327,9247,9369,272,1881,1981,1248
327,9247,9369,273,1879,1983,1232
327,9247,9369,274,1876,1977,1221
327,9247,9369,275,1875,1982,1206
327,9247,9369,276,1874,1983,1192
327,9247,9369,277,1869,1977,1178
327,9247,9369,278,1871,1981,1162
327,9247,9369,279,1869,1982,1150
327,9247,9369,280,1863,1977,1134
327,9247,9369,281,1867,1981,1117
327,9247,9369,282,1864,1981,1109
327,9247,9369,283,1856,1977,1090
327,9247,9369,284,1858,1981,1077
327,9247,9369,285,1859,1981,1061
327,9247,9369,286,1850,1977,1047
327,9247,9369,287,1856,1981,1033
327,9247,9369,288,1855,1981,1021
327,9247,9369,289,1845,1977,1006
327,9247,9369,290,1850,1979,988
327,9247,9369,291,1849,1980,981
327,9247,9369,292,1840,1977,964
327,9247,9369,293,1845,1981,951
327,9247,9369,294,1844,1980,938
327,9247,9369,295,1835,1978,929
327,9247,9369,296,1840,1980,909
327,9247,9369,297,1838,1980,892
327,9247,9369,298,1831,1978,879
327,9247,9369,299,1835,1979,866
327,9247,9369,300,1833,1979,854
327,9247,9369,301,1827,1978,836
327,9247,9369,302,1828,1978,826
327,9247,9369,303,1827,1978,809
327,9247,9369,304,1821,1978,793
327,9247,9369,305,1824,1978,779
327,9247,9369,306,1822,1978,772
327,9247,9369,307,1817,1979,752
327,9247,9369,308,1817,1978,736
327,9247,9369,309,1818,1977,725
327,9247,9369,310,1812,1979,709
327,9247,9369,311,1813,1979,694
327,9247,9369,312,1812,1976,684
327,9247,9369,313,1809,1979,665
327,9247,9369,314,1808,1979,652
327,9247,9369,315,1806,1975,634
327,9247,9369,316,1804,1978,622
327,9247,9369,317,1802,1980,613
327,9247,9369,318,1801,1974,595
327,9247,9369,319,1801,1978,581
327,9247,9369,320,1799,1979,567
327,9247,9369,321,1793,1974,555
327,9247,9369,322,1796,1978,540
327,9247,9369,323,1796,1979,524
327,9247,9369,324,1787,1973,512
327,9247,9369,325,1791,1977,495
327,9247,9369,326,1791,1978,482
327,9247,9369,327,1783,1974,469
327,9247,9369,328,1787,1977,445
327,9247,9369,329,1786,1977,440
327,9247,9369,330,1777,1973,409
327,9247,9369,331,1783,1977,401
327,9247,9369,332,1781,1977,397
327,9247,9369,333,1773,1973,378
327,9247,9369,334,1778,1976,370
327,9247,9369,335,1776,1976,354
327,9247,9369,336,1768,1973,341
327,9247,9369,337,1772,1975,328
327,9247,9369,338,1772,1976,318
327,9247,9369,339,1762,1973,298
327,9247,9369,340,1768,1974,281
327,9247,9369,341,1767,1974,267
327,9247,9369,342,1758,1973,258
327,9247,9369,343,1763,1974,244
327,9247,9369,344,1762,1974,225
327,9247,9369,345,1754,1973,210
327,9247,9369,346,1757,1973,198
327,9247,9369,347,1758,1973,199
327,9247,9369,348,1759,1974,247
327,9247,9369,349,1769,1975,334
327,9247,9369,350,1784,1976,405
327,9247,9369,351,1784,1977,497
327,9247,9369,352,1798,1977,570
327,9247,9369,353,1810,1977,692
327,9247,9369,354,1819,1980,799
327,9247,9369,355,1837,1981,923
329,9422,9544,0,1992,2022,1229
329,9422,9544,1,1879,1981,1242
329,9422,9544,2,1884,1981,1296
329,9422,9544,3,1892,1982,1374
329,9422,9544,4,1905,1980,1457
329,9422,9544,5,1920,1983,1565
329,9422,9544,6,1930,1983,1693
329,9422,9544,7,1948,1980,1808
329,9422,9544,8,1967,1982,1881
329,9422,9544,9,1984,1987,2070
329,9422,9544,10,2002,1981,2205
329,9422,9544,11,2024,1985,2356
329,9422,9544,12,2041,1987,2505
329,9422,9544,13,2064,1982,2657
329,9422,9544,14,2085,1986,2801
329,9422,9544,15,2104,1987,2959
329,9422,9544,16,2123,1982,3103
329,9422,9544,17,2146,1987,3242
329,9422,9544,18,2165,1987,3394
329,9422,9544,19,2180,1982,3488
329,9422,9544,20,2187,1986,3487
329,9422,9544,21,2186,1986,3471
329,9422,9544,22,2179,1982,3473
329,9422,9544,23,2185,1986,3476
329,9422,9544,24,2185,1986,3464
329,9422,9544,25,2176,1983,3455
329,9422,9544,26,2179,1986,3435
329,9422,9544,27,2179,1986,3426
329,9422,9544,28,2170,1983,3408
329,9422,9544,29,2175,1986,3393
329,9422,9544,30,2172,1986,3380
329,9422,9544,31,2164,1983,3365
329,9422,9544,32,2169,1985,3356
329,9422,9544,33,2167,1986,3339
329,9422,9544,34,2157,1984,3323
329,9422,9544,35,2162,1985,3312
329,9422,9544,36,2159,1985,3295
329,9422,9544,37,2152,1984,3278
329,9422,9544,38,2156,1985,3265
329,9422,9544,39,2155,1985,3258
329,9422,9544,40,2145,1984,3237
329,9422,9544,41,2150,1984,3222
329,9422,9544,42,2149,1985,3211
329,9422,9544,43,2142,1984,3201
329,9422,9544,44,2143,1984,3182
329,9422,9544,45,2142,1984,3169
329,9422,9544,46,2137,1985,3157
329,9422,9544,47,2138,1985,3139
329,9422,9544,48,2136,1983,3129
329,9422,9544,49,2132,1985,3108
329,9422,9544,50,2131,1985,3092
329,9422,9544,51,2129,1981,3076
329,9422,9544,52,2125,1985,3067
329,9422,9544,53,2124,1986,3051
329,9422,9544,54,2123,1981,3032
329,9422,9544,55,2123,1985,3023
329,9422,9544,56,2121,1986,3010
329,9422,9544,57,2116,1981,2997
329,9422,9544,58,2117,1985,2980
329,9422,9544,59,2114,1986,2967
329,9422,9544,60,2109,1981,2954
329,9422,9544,61,2112,1985,2939
329,9422,9544,62,2111,1986,2923
329,9422,9544,63,2103,1981,2915
329,9422,9544,64,2105,1985,2898
329,9422,9544,65,2106,1985,2892
329,9422,9544,66,2095,1981,2868
329,9422,9544,67,2100,1985,2854
329,9422,9544,68,2099,1985,2840
329,9422,9544,69,2089,1981,2826
329,9422,9544,70,2094,1985,2813
329,9422,9544,71,2092,1985,2798
329,9422,9544,72,2084,1981,2776
329,9422,9544,73,2089,1984,2766
329,9422,9544,74,2086,1985,2754
329,9422,9544,75,2078,1982,2743
329,9422,9544,76,2081,1984,2724
329,9422,9544,77,2080,1984,2714
329,9422,9544,78,2072,1982,2700
329,9422,9544,79,2076,1984,2682
329,9422,9544,80,2075,1985,2673
329,9422,9544,81,2066,1983,2657
329,9422,9544,82,2071,1983,2642
329,9422,9544,83,2068,1984,2624
329,9422,9544,84,2061,1984,2611
329,9422,9544,85,2063,1983,2601
329,9422,9544,86,2062,1983,2584
329,9422,9544,87,2056,1983,2571
329,9422,9544,88,2058,1983,2554
329,9422,9544,89,2058,1982,2556
329,9422,9544,90,2056,1984,2572
329,9422,9544,91,2061,1984,2582
329,9422,9544,92,2063,1982,2600
329,9422,9544,93,2063,1984,2611
329,9422,9544,94,2067,1985,2626
329,9422,9544,95,2069,1981,2640
329,9422,9544,96,2070,1984,2652
329,9422,9544,97,2071,1986,2675
329,9422,9544,98,2075,1980,2685
329,9422,9544,99,2076,1985,2702
329,9422,9544,100,2079,1986,2717
329,9422,9544,101,2078,1980,2727
329,9422,9544,102,2083,1985,2740
329,9422,9544,103,2086,1986,2749
329,9422,9544,104,2084,1981,2772
329,9422,9544,105,2089,1985,2781
329,9422,9544,106,2093,1986,2795
329,9422,9544,107,2088,1981,2813
329,9422,9544,108,2096,1985,2826
329,9422,9544,109,2099,1986,2840
329,9422,9544,110,2094,1981,2857
329,9422,9544,111,2102,1986,2870
329,9422,9544,112,2103,1986,2882
329,9422,9544,113,2099,1981,2893
329,9422,9544,114,2108,1985,2910
329,9422,9544,115,2111,1986,2927
329,9422,9544,116,2104,1982,2939
329,9422,9544,117,2113,1985,2952
329,9422,9544,118,2116,1985,2970
329,9422,9544,119,2110,1983,2981
329,9422,9544,120,2120,1985,2997
329,9422,9544,121,2122,1985,3013
329,9422,9544,122,2116,1983,3025
329,9422,9544,123,2126,1985,3039
329,9422,9544,124,2127,1985,3056
329,9422,9544,125,2123,1984,3067
329,9422,9544,126,2133,1985,3081
329,9422,9544,127,2133,1985,3098
329,9422,9544,128,2130,1985,3110
329,9422,9544,129,2137,1984,3126
329,9422,9544,130,2140,1984,3138
329,9422,9544,131,2136,1985,3155
329,9422,9544,132,2142,1984,3172
329,9422,9544,133,2145,1984,3177
329,9422,9544,134,2143,1985,3198
329,9422,9544,135,2147,1985,3209
329,9422,9544,136,2150,1983,3223
329,9422,9544,137,2150,1986,3239
329,9422,9544,138,2153,1987,3257
329,9422,9544,139,2156,1982,3265
329,9422,9544,140,2156,1986,3280
329,9422,9544,141,2160,1987,3297
329,9422,9544,142,2161,1982,3309
329,9422,9544,143,2163,1986,3323
329,9422,9544,144,2165,1988,3338
329,9422,9544,145,2165,1982,3349
329,9422,9544,146,2169,1986,3371
329,9422,9544,147,2172,1987,3381
329,9422,9544,148,2170,1982,3394
329,9422,9544,149,2175,1986,3408
329,9422,9544,150,2179,1987,3420
329,9422,9544,151,2175,1982,3434
329,9422,9544,152,2182,1986,3453
329,9422,9544,153,2185,1987,3465
329,9422,9544,154,2179,1983,3476
329,9422,9544,155,2185,1986,3472
329,9422,9544,156,2186,1987,3471
329,9422,9544,157,2182,1983,3484
329,9422,9544,158,2189,1987,3500
329,9422,9544,159,2191,1986,3510
329,9422,9544,160,2185,1983,3517
329,9422,9544,161,2194,1987,3510
329,9422,9544,162,2189,1986,3490
329,9422,9544,163,2173,1983,3384
329,9422,9544,164,2164,1984,3275
329,9422,9544,165,2150,1985,3173
329,9422,9544,166,2125,1983,3053
329,9422,9544,167,2116,1983,2922
329,9422,9544,168,2099,1983,2804
329,9422,9544,169,2073,1982,2665
329,9422,9544,170,2060,1983,2544
329,9422,9544,171,2048,1983,2438
329,9422,9544,172,2029,1982,2328
329,9422,9544,173,2017,1982,2210
329,9422,9544,174,2003,1981,2086
329,9422,9544,175,1977,1981,1952
329,9422,9544,176,1961,1980,1817
329,9422,9544,177,1947,1980,1683
329,9422,9544,178,1931,1981,1597
329,9422,9544,179,1915,1981,1474
329,9422,9544,180,1898,1977,1307
329,9422,9544,181,1873,1980,1170
329,9422,9544,182,1860,1980,1028
329,9422,9544,183,1841,1975,880
329,9422,9544,184,1824,1978,734
329,9422,9544,185,1806,1979,582
329,9422,9544,186,1787,1972,436
329,9422,9544,187,1775,1976,294
329,9422,9544,188,1758,1975,213
329,9422,9544,189,1757,1971,228
329,9422,9544,190,1762,1975,241
329,9422,9544,191,1764,1976,233
329,9422,9544,192,1760,1971,269
329,9422,9544,193,1768,1976,283
329,9422,9544,194,1770,1976,298
329,9422,9544,195,1765,1971,312
329,9422,9544,196,1771,1976,328
329,9422,9544,197,1775,1977,339
329,9422,9544,198,1770,1972,354
329,9422,9544,199,1777,1977,368
329,9422,9544,200,1780,1977,381
329,9422,9544,201,1773,1973,397
329,9422,9544,202,1783,1977,414
329,9422,9544,203,1785,1977,426
329,9422,9544,204,1778,1974,440
329,9422,9544,205,1788,1977,456
329,9422,9544,206,1789,1977,468
329,9422,9544,207,1782,1975,479
329,9422,9544,208,1792,1977,492
329,9422,9544,209,1795,1978,509
329,9422,9544,210,1789,1976,522
329,9422,9544,211,1797,1977,541
329,9422,9544,212,1799,1978,556
329,9422,9544,213,1794,1977,569
329,9422,9544,214,1800,1977,582
329,9422,9544,215,1803,1977,597
329,9422,9544,216,1799,1977,610
329,9422,9544,217,1806,1978,625
329,9422,9544,218,1808,1978,640
329,9422,9544,219,1805,1978,651
329,9422,9544,220,1811,1978,670
329,9422,9544,221,1812,1977,683
329,9422,9544,222,1811,1979,696
329,9422,9544,223,1815,1979,709
329,9422,9544,224,1816,1977,728
329,9422,9544,225,1817,1979,736
329,9422,9544,226,1819,1981,750
329,9422,9544,227,1818,1976,769
329,9422,9544,228,1823,1980,781
329,9422,9544,229,1824,1981,795
329,9422,9544,230,1825,1976,810
329,9422,9544,231,1828,1980,819
329,9422,9544,232,1830,1981,834
329,9422,9544,233,1828,1976,853
329,9422,9544,234,1834,1980,867
329,9422,9544,235,1836,1982,880
329,9422,9544,236,1833,1976,894
329,9422,9544,237,1840,1981,908
329,9422,9544,238,1842,1981,921
329,9422,9544,239,1838,1977,938
329,9422,9544,240,1845,1981,951
329,9422,9544,241,1847,1981,967
329,9422,9544,242,1842,1977,978
329,9422,9544,243,1850,1981,993
329,9422,9544,244,1851,1981,1011
329,9422,9544,245,1847,1977,1022
329,9422,9544,246,1857,1981,1039
329,9422,9544,247,1858,1981,1052
329,9422,9544,248,1853,1978,1055
329,9422,9544,249,1861,1980,1076
329,9422,9544,250,1863,1981,1095
329,9422,9544,251,1859,1978,1104
329,9422,9544,252,1867,1981,1120
329,9422,9544,253,1868,1981,1136
329,9422,9544,254,1863,1979,1149
329,9422,9544,255,1872,1981,1165
329,9422,9544,256,1874,1981,1179
329,9422,9544,257,1868,1980,1188
329,9422,9544,258,1877,1980,1207
329,9422,9544,259,1880,1981,1221
329,9422,9544,260,1875,1980,1233
329,9422,9544,261,1881,1980,1248
329,9422,9544,262,1884,1980,1264
329,9422,9544,263,1881,1981,1278
329,9422,9544,264,1887,1981,1288
329,9422,9544,265,1887,1979,1308
329,9422,9544,266,1887,1981,1288
329,9422,9544,267,1889,1982,1319
329,9422,9544,268,1888,1979,1309
329,9422,9544,269,1885,1982,1289
329,9422,9544,270,1884,1983,1275
329,9422,9544,271,1882,1978,1260
329,9422,9544,272,1882,1981,1247
329,9422,9544,273,1879,1983,1238
329,9422,9544,274,1876,1977,1222
329,9422,9544,275,1876,1982,1205
329,9422,9544,276,1873,1983,1191
329,9422,9544,277,1869,1977,1178
329,9422,9544,278,1870,1981,1163
329,9422,9544,279,1870,1982,1150
329,9422,9544,280,1862,1977,1135
329,9422,9544,281,1865,1981,1123
329,9422,9544,282,1866,1982,1106
329,9422,9544,283,1856,1977,1092
329,9422,9544,284,1861,1981,1077
329,9422,9544,285,1859,1981,1064
329,9422,9544,286,1851,1977,1051
329,9422,9544,287,1856,1981,1036
329,9422,9544,288,1855,1981,1023
329,9422,9544,289,1845,1977,1008
329,9422,9544,290,1851,1980,994
329,9422,9544,291,1850,1981,978
329,9422,9544,292,1840,1977,966
329,9422,9544,293,1845,1980,948
329,9422,9544,294,1844,1980,935
329,9422,9544,295,1835,1978,919
329,9422,9544,296,1840,1979,903
329,9422,9544,297,1838,1980,893
329,9422,9544,298,1830,1978,882
329,9422,9544,299,1835,1979,866
329,9422,9544,300,1833,1979,851
329,9422,9544,301,1825,1979,835
329,9422,9544,302,1828,1979,824
329,9422,9544,303,1828,1979,812
329,9422,9544,304,1822,1979,794
329,9422,9544,305,1824,1978,780
329,9422,9544,306,1823,1978,766
329,9422,9544,307,1817,1979,738
329,9422,9544,308,1819,1979,735
329,9422,9544,309,1817,1976,724
329,9422,9544,310,1812,1979,709
329,9422,9544,311,1814,1980,693
329,9422,9544,312,1811,1975,682
329,9422,9544,313,1809,1979,664
329,9422,9544,314,1808,1980,650
329,9422,9544,315,1806,1975,641
329,9422,9544,316,1805,1979,623
329,9422,9544,317,1803,1981,615
329,9422,9544,318,1800,1974,597
329,9422,9544,319,1800,1978,581
329,9422,9544,320,1800,1980,567
329,9422,9544,321,1794,1974,556
329,9422,9544,322,1796,1978,541
329,9422,9544,323,1795,1979,524
329,9422,9544,324,1788,1974,513
329,9422,9544,325,1791,1978,496
329,9422,9544,326,1791,1978,483
329,9422,9544,327,1782,1974,465
329,9422,9544,328,1787,1977,456
329,9422,9544,329,1786,1977,443
329,9422,9544,330,1777,1973,424
329,9422,9544,331,1782,1977,412
329,9422,9544,332,1781,1976,397
329,9422,9544,333,1772,1973,381
329,9422,9544,334,1778,1976,365
329,9422,9544,335,1775,1976,355
329,9422,9544,336,1768,1973,342
329,9422,9544,337,1773,1975,326
329,9422,9544,338,1772,1976,311
329,9422,9544,339,1764,1973,298
329,9422,9544,340,1768,1974,284
329,9422,9544,341,1766,1975,267
329,9422,9544,342,1758,1973,252
329,9422,9544,343,1764,1974,252
329,9422,9544,344,1762,1974,226
329,9422,9544,345,1754,1973,213
329,9422,9544,346,1759,1973,198
329,9422,9544,347,1755,1973,185
329,9422,9544,348,1750,1972,169
329,9422,9544,349,1758,1972,196
329,9422,9544,350,1765,1974,280
329,9422,9544,351,1774,1977,397
329,9422,9544,352,1788,1978,509
329,9422,9544,353,1802,1977,632
329,9422,9544,354,1816,1979,761
329,9422,9544,355,1831,1981,880
331,9594,9716,0,1984,2021,1188
331,9594,9716,1,1883,1983,1263
331,9594,9716,2,1885,1979,1342
331,9594,9716,3,1903,1983,1451
331,9594,9716,4,1919,1984,1549
331,9594,9716,5,1925,1980,1657
331,9594,9716,6,1946,1983,1783
331,9594,9716,7,1967,1984,1901
331,9594,9716,8,1974,1982,2032
331,9594,9716,9,1998,1984,2158
331,9594,9716,10,2020,1985,2338
331,9594,9716,11,2035,1984,2490
331,9594,9716,12,2062,1985,2657
331,9594,9716,13,2087,1985,2800
331,9594,9716,14,2102,1986,2948
331,9594,9716,15,2123,1985,3071
331,9594,9716,16,2143,1986,3223
331,9594,9716,17,2160,1986,3349
331,9594,9716,18,2178,1985,3470
331,9594,9716,19,2188,1984,3500
331,9594,9716,20,2184,1985,3491
331,9594,9716,21,2184,1986,3471
331,9594,9716,22,2184,1983,3473
331,9594,9716,23,2184,1986,3476
331,9594,9716,24,2183,1987,3462
331,9594,9716,25,2181,1982,3452
331,9594,9716,26,2178,1986,3438
331,9594,9716,27,2177,1988,3422
331,9594,9716,28,2174,1982,3409
331,9594,9716,29,2174,1986,3394
331,9594,9716,30,2172,1987,3378
331,9594,9716,31,2167,1982,3366
331,9594,9716,32,2169,1986,3353
331,9594,9716,33,2167,1987,3340
331,9594,9716,34,2159,1982,3325
331,9594,9716,35,2162,1986,3310
331,9594,9716,36,2162,1987,3297
331,9594,9716,37,2152,1982,3288
331,9594,9716,38,2157,1986,3271
331,9594,9716,39,2155,1986,3251
331,9594,9716,40,2147,1982,3229
331,9594,9716,41,2150,1986,3225
331,9594,9716,42,2149,1986,3212
331,9594,9716,43,2140,1982,3194
331,9594,9716,44,2145,1986,3181
331,9594,9716,45,2143,1986,3164
331,9594,9716,46,2134,1982,3153
331,9594,9716,47,2140,1985,3139
331,9594,9716,48,2137,1985,3131
331,9594,9716,49,2129,1983,3109
331,9594,9716,50,2134,1985,3094
331,9594,9716,51,2131,1985,3078
331,9594,9716,52,2122,1984,3067
331,9594,9716,53,2127,1984,3054
331,9594,9716,54,2127,1985,3039
331,9594,9716,55,2116,1983,3023
331,9594,9716,56,2122,1984,3008
331,9594,9716,57,2119,1984,2996
331,9594,9716,58,2112,1984,2982
331,9594,9716,59,2115,1985,2966
331,9594,9716,60,2113,1984,2955
331,9594,9716,61,2107,1984,2939
331,9594,9716,62,2108,1984,2922
331,9594,9716,63,2108,1983,2909
331,9594,9716,64,2102,1984,2895
331,9594,9716,65,2102,1985,2879
331,9594,9716,66,2101,1981,2870
331,9594,9716,67,2097,1985,2853
331,9594,9716,68,2096,1986,2844
331,9594,9716,69,2095,1981,2827
331,9594,9716,70,2092,1985,2812
331,9594,9716,71,2090,1986,2798
331,9594,9716,72,2086,1981,2786
331,9594,9716,73,2087,1985,2768
331,9594,9716,74,2086,1986,2757
331,9594,9716,75,2080,1981,2742
331,9594,9716,76,2081,1984,2717
331,9594,9716,77,2081,1986,2713
331,9594,9716,78,2073,1981,2698
331,9594,9716,79,2077,1985,2684
331,9594,9716,80,2075,1985,2655
331,9594,9716,81,2067,1981,2656
331,9594,9716,82,2071,1985,2644
331,9594,9716,83,2069,1985,2628
331,9594,9716,84,2060,1980,2614
331,9594,9716,85,2065,1985,2596
331,9594,9716,86,2063,1985,2586
331,9594,9716,87,2055,1981,2572
331,9594,9716,88,2059,1984,2556
331,9594,9716,89,2059,1984,2557
331,9594,9716,90,2055,1981,2570
331,9594,9716,91,2064,1984,2585
331,9594,9716,92,2065,1984,2599
331,9594,9716,93,2061,1982,2611
331,9594,9716,94,2068,1984,2628
331,9594,9716,95,2071,1984,2643
331,9594,9716,96,2066,1983,2654
331,9594,9716,97,2074,1984,2668
331,9594,9716,98,2077,1984,2684
331,9594,9716,99,2073,1984,2698
331,9594,9716,100,2079,1984,2713
331,9594,9716,101,2082,1984,2727
331,9594,9716,102,2078,1984,2741
331,9594,9716,103,2085,1984,2750
331,9594,9716,104,2087,1984,2769
331,9594,9716,105,2086,1985,2783
331,9594,9716,106,2091,1984,2794
331,9594,9716,107,2093,1983,2812
331,9594,9716,108,2093,1985,2828
331,9594,9716,109,2097,1986,2841
331,9594,9716,110,2099,1982,2857
331,9594,9716,111,2098,1985,2868
331,9594,9716,112,2102,1986,2886
331,9594,9716,113,2104,1981,2899
331,9594,9716,114,2106,1985,2910
331,9594,9716,115,2108,1987,2920
331,9594,9716,116,2109,1981,2936
331,9594,9716,117,2113,1985,2952
331,9594,9716,118,2113,1987,2969
331,9594,9716,119,2113,1981,2982
331,9594,9716,120,2118,1986,2998
331,9594,9716,121,2121,1987,3006
331,9594,9716,122,2119,1981,3034
331,9594,9716,123,2124,1986,3039
331,9594,9716,124,2127,1986,3053
331,9594,9716,125,2123,1981,3065
331,9594,9716,126,2132,1986,3084
331,9594,9716,127,2133,1986,3098
331,9594,9716,128,2128,1982,3106
331,9594,9716,129,2138,1986,3126
331,9594,9716,130,2140,1986,3139
331,9594,9716,131,2135,1982,3159
331,9594,9716,132,2142,1986,3166
331,9594,9716,133,2147,1986,3182
331,9594,9716,134,2140,1983,3195
331,9594,9716,135,2149,1985,3210
331,9594,9716,136,2150,1986,3223
331,9594,9716,137,2146,1983,3240
331,9594,9716,138,2155,1985,3253
331,9594,9716,139,2158,1986,3269
331,9594,9716,140,2152,1984,3285
331,9594,9716,141,2160,1985,3295
331,9594,9716,142,2163,1986,3308
331,9594,9716,143,2159,1985,3325
331,9594,9716,144,2166,1985,3337
331,9594,9716,145,2169,1985,3355
331,9594,9716,146,2166,1985,3367
331,9594,9716,147,2172,1985,3380
331,9594,9716,148,2173,1985,3397
331,9594,9716,149,2172,1985,3408
331,9594,9716,150,2178,1986,3420
331,9594,9716,151,2180,1984,3440
331,9594,9716,152,2180,1986,3450
331,9594,9716,153,2183,1986,3465
331,9594,9716,154,2185,1983,3477
331,9594,9716,155,2183,1986,3472
331,9594,9716,156,2184,1988,3471
331,9594,9716,157,2185,1983,3486
331,9594,9716,158,2188,1987,3494
331,9594,9716,159,2188,1989,3511
331,9594,9716,160,2188,1983,3518
331,9594,9716,161,2192,1987,3524
331,9594,9716,162,2191,1988,3516
331,9594,9716,163,2180,1981,3434
331,9594,9716,164,2167,1985,3333
331,9594,9716,165,2158,1986,3223
331,9594,9716,166,2134,1980,3095
331,9594,9716,167,2118,1984,2952
331,9594,9716,168,2104,1985,2834
331,9594,9716,169,2077,1980,2683
331,9594,9716,170,2064,1983,2552
331,9594,9716,171,2047,1983,2424
331,9594,9716,172,2019,1979,2271
331,9594,9716,173,2011,1983,2135
331,9594,9716,174,1990,1983,2002
331,9594,9716,175,1960,1978,1858
331,9594,9716,176,1952,1982,1720
331,9594,9716,177,1934,1982,1586
331,9594,9716,178,1916,1978,1507
331,9594,9716,179,1903,1981,1377
331,9594,9716,180,1891,1981,1236
331,9594,9716,181,1859,1977,1072
331,9594,9716,182,1846,1979,906
331,9594,9716,183,1831,1979,761
331,9594,9716,184,1805,1976,614
331,9594,9716,185,1795,1976,482
331,9594,9716,186,1783,1975,336
331,9594,9716,187,1760,1973,217
331,9594,9716,188,1760,1974,211
331,9594,9716,189,1761,1974,230
331,9594,9716,190,1758,1974,240
331,9594,9716,191,1763,1974,255
331,9594,9716,192,1766,1974,270
331,9594,9716,193,1765,1975,287
331,9594,9716,194,1767,1975,298
331,9594,9716,195,1770,1973,314
331,9594,9716,196,1770,1976,326
331,9594,9716,197,1773,1976,340
331,9594,9716,198,1775,1973,357
331,9594,9716,199,1775,1977,366
331,9594,9716,200,1777,1978,385
331,9594,9716,201,1779,1973,397
331,9594,9716,202,1781,1977,403
331,9594,9716,203,1782,1979,425
331,9594,9716,204,1782,1973,440
331,9594,9716,205,1786,1978,455
331,9594,9716,206,1788,1979,472
331,9594,9716,207,1786,1973,483
331,9594,9716,208,1791,1978,492
331,9594,9716,209,1794,1979,508
331,9594,9716,210,1790,1974,526
331,9594,9716,211,1796,1978,540
331,9594,9716,212,1799,1979,554
331,9594,9716,213,1793,1975,568
331,9594,9716,214,1801,1978,582
331,9594,9716,215,1804,1979,595
331,9594,9716,216,1798,1975,612
331,9594,9716,217,1806,1979,626
331,9594,9716,218,1809,1979,641
331,9594,9716,219,1803,1976,651
331,9594,9716,220,1812,1979,668
331,9594,9716,221,1813,1979,681
331,9594,9716,222,1808,1976,695
331,9594,9716,223,1817,1979,708
331,9594,9716,224,1818,1979,725
331,9594,9716,225,1813,1977,740
331,9594,9716,226,1821,1979,750
331,9594,9716,227,1823,1979,766
331,9594,9716,228,1818,1978,781
331,9594,9716,229,1826,1978,798
331,9594,9716,230,1827,1979,809
331,9594,9716,231,1824,1979,823
331,9594,9716,232,1832,1978,837
331,9594,9716,233,1832,1979,852
331,9594,9716,234,1830,1979,864
331,9594,9716,235,1836,1979,877
331,9594,9716,236,1837,1979,895
331,9594,9716,237,1836,1980,908
331,9594,9716,238,1840,1980,919
331,9594,9716,239,1844,1978,939
331,9594,9716,240,1842,1980,948
331,9594,9716,241,1844,1981,965
331,9594,9716,242,1846,1977,978
331,9594,9716,243,1848,1981,994
331,9594,9716,244,1848,1982,1007
331,9594,9716,245,1851,1977,1021
331,9594,9716,246,1854,1981,1033
331,9594,9716,247,1855,1983,1051
331,9594,9716,248,1855,1977,1069
331,9594,9716,249,1860,1981,1076
331,9594,9716,250,1862,1982,1091
331,9594,9716,251,1859,1977,1105
331,9594,9716,252,1866,1981,1120
331,9594,9716,253,1869,1982,1137
331,9594,9716,254,1865,1978,1149
331,9594,9716,255,1872,1982,1164
331,9594,9716,256,1874,1982,1179
331,9594,9716,257,1868,1978,1189
331,9594,9716,258,1877,1982,1206
331,9594,9716,259,1879,1983,1220
331,9594,9716,260,1874,1978,1234
331,9594,9716,261,1882,1982,1250
331,9594,9716,262,1884,1982,1260
331,9594,9716,263,1879,1978,1275
331,9594,9716,264,1887,1981,1278
331,9594,9716,265,1890,1982,1306
331,9594,9716,266,1885,1978,1314
331,9594,9716,267,1891,1982,1319
331,9594,9716,268,1889,1982,1307
331,9594,9716,269,1881,1979,1289
331,9594,9716,270,1886,1981,1278
331,9594,9716,271,1884,1981,1262
331,9594,9716,272,1876,1980,1249
331,9594,9716,273,1881,1980,1237
331,9594,9716,274,1880,1981,1218
331,9594,9716,275,1871,1980,1206
331,9594,9716,276,1874,1980,1192
331,9594,9716,277,1873,1980,1178
331,9594,9716,278,1866,1980,1163
331,9594,9716,279,1868,1980,1147
331,9594,9716,280,1867,1979,1127
331,9594,9716,281,1862,1981,1122
331,9594,9716,282,1863,1981,1107
331,9594,9716,283,1861,1978,1091
331,9594,9716,284,1858,1981,1077
331,9594,9716,285,1857,1981,1066
331,9594,9716,286,1855,1977,1047
331,9594,9716,287,1854,1981,1035
331,9594,9716,288,1852,1982,1021
331,9594,9716,289,1850,1977,1005
331,9594,9716,290,1849,1981,995
331,9594,9716,291,1846,1982,979
331,9594,9716,292,1843,1976,966
331,9594,9716,293,1844,1980,950
331,9594,9716,294,1842,1982,934
331,9594,9716,295,1837,1976,925
331,9594,9716,296,1839,1980,909
331,9594,9716,297,1838,1981,894
331,9594,9716,298,1831,1976,877
331,9594,9716,299,1835,1980,865
331,9594,9716,300,1833,1981,849
331,9594,9716,301,1825,1976,841
331,9594,9716,302,1831,1980,827
331,9594,9716,303,1829,1981,813
331,9594,9716,304,1820,1976,797
331,9594,9716,305,1825,1980,781
331,9594,9716,306,1823,1980,766
331,9594,9716,307,1815,1976,751
331,9594,9716,308,1820,1979,737
331,9594,9716,309,1819,1980,723
331,9594,9716,310,1810,1977,710
331,9594,9716,311,1814,1978,696
331,9594,9716,312,1813,1979,681
331,9594,9716,313,1805,1977,668
331,9594,9716,314,1810,1978,655
331,9594,9716,315,1808,1978,638
331,9594,9716,316,1801,1978,623
331,9594,9716,317,1804,1978,609
331,9594,9716,318,1803,1977,592
331,9594,9716,319,1796,1977,580
331,9594,9716,320,1799,1977,567
331,9594,9716,321,1797,1977,553
331,9594,9716,322,1793,1977,538
331,9594,9716,323,1794,1977,525
331,9594,9716,324,1792,1976,512
331,9594,9716,325,1788,1977,497
331,9594,9716,326,1790,1977,478
331,9594,9716,327,1787,1974,471
331,9594,9716,328,1784,1977,454
331,9594,9716,329,1785,1978,441
331,9594,9716,330,1782,1973,427
331,9594,9716,331,1781,1977,418
331,9594,9716,332,1779,1978,397
331,9594,9716,333,1777,1972,383
331,9594,9716,334,1776,1976,367
331,9594,9716,335,1775,1977,358
331,9594,9716,336,1770,1972,342
331,9594,9716,337,1772,1976,328
331,9594,9716,338,1770,1977,313
331,9594,9716,339,1765,1971,299
331,9594,9716,340,1768,1975,277
331,9594,9716,341,1769,1975,267
331,9594,9716,342,1759,1971,252
331,9594,9716,343,1763,1975,239
331,9594,9716,344,1762,1975,227
331,9594,9716,345,1754,1971,212
331,9594,9716,346,1759,1974,198
331,9594,9716,347,1758,1974,187
331,9594,9716,348,1749,1970,170
331,9594,9716,349,1763,1975,237
331,9594,9716,350,1774,1977,347
331,9594,9716,351,1780,1975,473
331,9594,9716,352,1800,1979,604
331,9594,9716,353,1817,1980,742
331,9594,9716,354,1825,1978,877
331,9594,9716,355,1845,1981,1008
333,9776,9898,0,1992,2029,1160
333,9776,9898,1,1871,1979,1233
333,9776,9898,2,1886,1982,1311
333,9776,9898,3,1903,1985,1425
333,9776,9898,4,1905,1979,1537
333,9776,9898,5,1930,1983,1649
333,9776,9898,6,1947,1985,1782
333,9776,9898,7,1956,1980,1894
333,9776,9898,8,1980,1985,2025
333,9776,9898,9,2001,1985,2169
333,9776,9898,10,2008,1981,2296
333,9776,9898,11,2033,1985,2435
333,9776,9898,12,2058,1986,2568
333,9776,9898,13,2067,1982,2704
333,9776,9898,14,2097,1986,2887
333,9776,9898,15,2120,1987,3051
333,9776,9898,16,2137,1983,3196
333,9776,9898,17,2157,1987,3357
333,9776,9898,18,2183,1986,3477
333,9776,9898,19,2183,1983,3500
333,9776,9898,20,2189,1985,3488
333,9776,9898,21,2186,1985,3472
333,9776,9898,22,2179,1984,3472
333,9776,9898,23,2187,1985,3475
333,9776,9898,24,2184,1986,3466
333,9776,9898,25,2177,1985,3452
333,9776,9898,26,2180,1985,3434
333,9776,9898,27,2178,1985,3421
333,9776,9898,28,2171,1985,3407
333,9776,9898,29,2175,1985,3392
333,9776,9898,30,2173,1985,3381
333,9776,9898,31,2166,1985,3364
333,9776,9898,32,2168,1985,3346
333,9776,9898,33,2166,1984,3338
333,9776,9898,34,2161,1986,3325
333,9776,9898,35,2161,1986,3306
333,9776,9898,36,2160,1983,3297
333,9776,9898,37,2157,1986,3280
333,9776,9898,38,2154,1987,3267
333,9776,9898,39,2153,1982,3253
333,9776,9898,40,2150,1985,3240
333,9776,9898,41,2150,1987,3223
333,9776,9898,42,2147,1982,3212
333,9776,9898,43,2146,1985,3196
333,9776,9898,44,2143,1987,3180
333,9776,9898,45,2139,1981,3167
333,9776,9898,46,2140,1986,3154
333,9776,9898,47,2138,1987,3138
333,9776,9898,48,2132,1981,3125
333,9776,9898,49,2134,1986,3109
333,9776,9898,50,2134,1986,3094
333,9776,9898,51,2125,1982,3081
333,9776,9898,52,2130,1986,3065
333,9776,9898,53,2128,1986,3053
333,9776,9898,54,2119,1982,3037
333,9776,9898,55,2123,1986,3024
333,9776,9898,56,2122,1986,3012
333,9776,9898,57,2113,1982,2995
333,9776,9898,58,2117,1985,2980
333,9776,9898,59,2116,1985,2969
333,9776,9898,60,2106,1983,2953
333,9776,9898,61,2112,1985,2939
333,9776,9898,62,2110,1985,2927
333,9776,9898,63,2102,1983,2917
333,9776,9898,64,2107,1984,2897
333,9776,9898,65,2103,1985,2884
333,9776,9898,66,2097,1983,2868
333,9776,9898,67,2101,1984,2854
333,9776,9898,68,2098,1985,2841
333,9776,9898,69,2090,1984,2826
333,9776,9898,70,2094,1984,2812
333,9776,9898,71,2093,1984,2798
333,9776,9898,72,2085,1984,2785
333,9776,9898,73,2087,1983,2770
333,9776,9898,74,2086,1983,2758
333,9776,9898,75,2080,1984,2740
333,9776,9898,76,2081,1984,2727
333,9776,9898,77,2080,1983,2713
333,9776,9898,78,2076,1984,2699
333,9776,9898,79,2076,1985,2683
333,9776,9898,80,2074,1982,2667
333,9776,9898,81,2070,1984,2656
333,9776,9898,82,2069,1985,2647
333,9776,9898,83,2067,1981,2629
333,9776,9898,84,2065,1984,2615
333,9776,9898,85,2063,1986,2597
333,9776,9898,86,2061,1980,2587
333,9776,9898,87,2060,1984,2570
333,9776,9898,88,2058,1986,2553
333,9776,9898,89,2055,1980,2557
333,9776,9898,90,2060,1985,2569
333,9776,9898,91,2063,1986,2584
333,9776,9898,92,2059,1980,2600
333,9776,9898,93,2067,1985,2611
333,9776,9898,94,2069,1986,2627
333,9776,9898,95,2064,1981,2641
333,9776,9898,96,2072,1985,2654
333,9776,9898,97,2075,1986,2669
333,9776,9898,98,2071,1981,2683
333,9776,9898,99,2079,1985,2697
333,9776,9898,100,2080,1985,2712
333,9776,9898,101,2076,1981,2726
333,9776,9898,102,2086,1985,2741
333,9776,9898,103,2086,1985,2753
333,9776,9898,104,2081,1982,2767
333,9776,9898,105,2089,1984,2782
333,9776,9898,106,2092,1985,2794
333,9776,9898,107,2088,1983,2809
333,9776,9898,108,2096,1984,2828
333,9776,9898,109,2098,1985,2831
333,9776,9898,110,2094,1984,2853
333,9776,9898,111,2102,1985,2863
333,9776,9898,112,2104,1985,2883
333,9776,9898,113,2101,1984,2896
333,9776,9898,114,2108,1984,2909
333,9776,9898,115,2108,1985,2919
333,9776,9898,116,2107,1985,2938
333,9776,9898,117,2113,1984,2953
333,9776,9898,118,2114,1985,2967
333,9776,9898,119,2114,1985,2982
333,9776,9898,120,2119,1984,2994
333,9776,9898,121,2121,1983,3011
333,9776,9898,122,2120,1985,3024
333,9776,9898,123,2124,1986,3039
333,9776,9898,124,2125,1982,3051
333,9776,9898,125,2126,1986,3074
333,9776,9898,126,2129,1986,3079
333,9776,9898,127,2131,1982,3095
333,9776,9898,128,2133,1986,3113
333,9776,9898,129,2135,1987,3135
333,9776,9898,130,2136,1981,3139
333,9776,9898,131,2139,1986,3155
333,9776,9898,132,2141,1987,3167
333,9776,9898,133,2141,1982,3182
333,9776,9898,134,2146,1986,3194
333,9776,9898,135,2148,1987,3206
333,9776,9898,136,2146,1981,3224
333,9776,9898,137,2152,1986,3236
333,9776,9898,138,2156,1987,3252
333,9776,9898,139,2151,1982,3263
333,9776,9898,140,2159,1986,3277
333,9776,9898,141,2160,1987,3294
333,9776,9898,142,2156,1982,3309
333,9776,9898,143,2165,1986,3324
333,9776,9898,144,2167,1986,3339
333,9776,9898,145,2162,1983,3349
333,9776,9898,146,2172,1986,3365
333,9776,9898,147,2173,1986,3379
333,9776,9898,148,2168,1984,3395
333,9776,9898,149,2177,1985,3407
333,9776,9898,150,2180,1987,3422
333,9776,9898,151,2172,1984,3431
333,9776,9898,152,2183,1986,3449
333,9776,9898,153,2185,1986,3465
333,9776,9898,154,2180,1985,3475
333,9776,9898,155,2185,1985,3472
333,9776,9898,156,2185,1986,3472
333,9776,9898,157,2182,1985,3486
333,9776,9898,158,2188,1984,3500
333,9776,9898,159,2190,1985,3509
333,9776,9898,160,2189,1986,3518
333,9776,9898,161,2192,1985,3523
333,9776,9898,162,2191,1985,3511
333,9776,9898,163,2189,1985,3466
333,9776,9898,164,2174,1985,3377
333,9776,9898,165,2159,1983,3224
333,9776,9898,166,2143,1984,3139
333,9776,9898,167,2124,1985,3030
333,9776,9898,168,2110,1981,2883
333,9776,9898,169,2088,1984,2734
333,9776,9898,170,2068,1984,2593
333,9776,9898,171,2050,1979,2441
333,9776,9898,172,2028,1982,2278
333,9776,9898,173,2010,1985,2160
333,9776,9898,174,1987,1978,2004
333,9776,9898,175,1968,1982,1872
333,9776,9898,176,1952,1984,1730
333,9776,9898,177,1930,1977,1593
333,9776,9898,178,1921,1982,1522
333,9776,9898,179,1903,1982,1399
333,9776,9898,180,1884,1977,1268
333,9776,9898,181,1874,1981,1130
333,9776,9898,182,1855,1981,1000
333,9776,9898,183,1834,1975,866
333,9776,9898,184,1822,1978,685
333,9776,9898,185,1804,1977,525
333,9776,9898,186,1776,1972,379
333,9776,9898,187,1765,1974,206
333,9776,9898,188,1760,1975,212
333,9776,9898,189,1755,1972,228
333,9776,9898,190,1763,1975,240
333,9776,9898,191,1765,1976,257
333,9776,9898,192,1760,1972,268
333,9776,9898,193,1768,1976,282
333,9776,9898,194,1770,1975,297
333,9776,9898,195,1764,1973,310
333,9776,9898,196,1773,1975,325
333,9776,9898,197,1774,1976,342
333,9776,9898,198,1770,1974,354
333,9776,9898,199,1778,1976,371
333,9776,9898,200,1779,1976,383
333,9776,9898,201,1777,1975,393
333,9776,9898,202,1781,1976,411
333,9776,9898,203,1783,1976,428
333,9776,9898,204,1781,1977,441
333,9776,9898,205,1786,1976,454
333,9776,9898,206,1786,1976,467
333,9776,9898,207,1786,1977,481
333,9776,9898,208,1791,1978,494
333,9776,9898,209,1793,1976,510
333,9776,9898,210,1792,1978,527
333,9776,9898,211,1795,1979,537
333,9776,9898,212,1797,1975,552
333,9776,9898,213,1798,1979,567
333,9776,9898,214,1799,1980,580
333,9776,9898,215,1801,1975,598
333,9776,9898,216,1804,1979,613
333,9776,9898,217,1804,1981,623
333,9776,9898,218,1805,1975,639
333,9776,9898,219,1808,1979,653
333,9776,9898,220,1811,1980,669
333,9776,9898,221,1808,1975,681
333,9776,9898,222,1814,1980,694
333,9776,9898,223,1817,1980,710
333,9776,9898,224,1812,1975,725
333,9776,9898,225,1819,1979,737
333,9776,9898,226,1822,1981,753
333,9776,9898,227,1816,1976,763
333,9776,9898,228,1825,1980,780
333,9776,9898,229,1827,1980,794
333,9776,9898,230,1821,1976,810
333,9776,9898,231,1830,1981,823
333,9776,9898,232,1832,1981,839
333,9776,9898,233,1826,1977,854
333,9776,9898,234,1836,1980,865
333,9776,9898,235,1837,1980,878
333,9776,9898,236,1831,1978,887
333,9776,9898,237,1840,1980,909
333,9776,9898,238,1841,1980,926
333,9776,9898,239,1837,1978,936
333,9776,9898,240,1845,1980,949
333,9776,9898,241,1847,1981,965
333,9776,9898,242,1842,1979,962
333,9776,9898,243,1851,1980,992
333,9776,9898,244,1852,1980,1010
333,9776,9898,245,1848,1980,1021
333,9776,9898,246,1855,1979,1034
333,9776,9898,247,1857,1980,1051
333,9776,9898,248,1855,1980,1063
333,9776,9898,249,1859,1980,1077
333,9776,9898,250,1862,1980,1097
333,9776,9898,251,1860,1981,1105
333,9776,9898,252,1865,1981,1120
333,9776,9898,253,1867,1978,1135
333,9776,9898,254,1866,1981,1152
333,9776,9898,255,1869,1982,1164
333,9776,9898,256,1872,1977,1181
333,9776,9898,257,1873,1982,1191
333,9776,9898,258,1874,1983,1210
333,9776,9898,259,1876,1978,1222
333,9776,9898,260,1880,1981,1243
333,9776,9898,261,1881,1983,1246
333,9776,9898,262,1880,1978,1264
333,9776,9898,263,1884,1982,1278
333,9776,9898,264,1886,1983,1293
333,9776,9898,265,1885,1977,1305
333,9776,9898,266,1891,1982,1321
333,9776,9898,267,1891,1982,1321
333,9776,9898,268,1884,1977,1307
333,9776,9898,269,1888,1982,1296
333,9776,9898,270,1886,1982,1277
333,9776,9898,271,1877,1978,1258
333,9776,9898,272,1882,1982,1249
333,9776,9898,273,1881,1982,1233
333,9776,9898,274,1872,1978,1220
333,9776,9898,275,1877,1981,1209
333,9776,9898,276,1875,1981,1194
333,9776,9898,277,1866,1978,1177
333,9776,9898,278,1872,1981,1163
333,9776,9898,279,1870,1981,1150
333,9776,9898,280,1861,1978,1133
333,9776,9898,281,1866,1981,1124
333,9776,9898,282,1865,1981,1108
333,9776,9898,283,1856,1979,1096
333,9776,9898,284,1860,1980,1078
333,9776,9898,285,1859,1980,1066
333,9776,9898,286,1851,1979,1051
333,9776,9898,287,1855,1980,1035
333,9776,9898,288,1853,1979,1022
333,9776,9898,289,1846,1980,1008
333,9776,9898,290,1850,1980,991
333,9776,9898,291,1848,1980,981
333,9776,9898,292,1842,1980,965
333,9776,9898,293,1844,1979,955
333,9776,9898,294,1843,1980,941
333,9776,9898,295,1839,1980,921
333,9776,9898,296,1838,1979,903
333,9776,9898,297,1838,1977,894
333,9776,9898,298,1834,1980,878
333,9776,9898,299,1833,1981,865
333,9776,9898,300,1831,1976,853
333,9776,9898,301,1829,1980,835
333,9776,9898,302,1825,1981,820
333,9776,9898,303,1826,1976,810
333,9776,9898,304,1824,1980,791
333,9776,9898,305,1822,1981,778
333,9776,9898,306,1820,1975,765
333,9776,9898,307,1820,1979,751
333,9776,9898,308,1819,1981,736
333,9776,9898,309,1813,1975,723
333,9776,9898,310,1816,1979,709
333,9776,9898,311,1815,1980,700
333,9776,9898,312,1807,1975,678
333,9776,9898,313,1811,1979,666
333,9776,9898,314,1811,1980,654
333,9776,9898,315,1802,1975,638
333,9776,9898,316,1806,1979,624
333,9776,9898,317,1805,1979,619
333,9776,9898,318,1796,1975,597
333,9776,9898,319,1801,1978,582
333,9776,9898,320,1800,1978,567
333,9776,9898,321,1791,1975,551
333,9776,9898,322,1797,1978,540
333,9776,9898,323,1796,1978,528
333,9776,9898,324,1787,1975,508
333,9776,9898,325,1792,1977,495
333,9776,9898,326,1791,1977,490
333,9776,9898,327,1781,1976,467
333,9776,9898,328,1787,1977,454
333,9776,9898,329,1786,1976,440
333,9776,9898,330,1778,1975,425
333,9776,9898,331,1782,1975,413
333,9776,9898,332,1780,1976,400
333,9776,9898,333,1773,1975,377
333,9776,9898,334,1777,1975,367
333,9776,9898,335,1775,1975,355
333,9776,9898,336,1769,1975,340
333,9776,9898,337,1772,1975,325
333,9776,9898,338,1771,1975,311
333,9776,9898,339,1766,1975,296
333,9776,9898,340,1766,1975,284
333,9776,9898,341,1766,1973,270
333,9776,9898,342,1762,1975,251
333,9776,9898,343,1762,1976,239
333,9776,9898,344,1759,1971,229
333,9776,9898,345,1758,1974,212
333,9776,9898,346,1757,1975,201
333,9776,9898,347,1755,1970,193
333,9776,9898,348,1754,1974,169
333,9776,9898,349,1761,1977,250
333,9776,9898,350,1767,1972,328
333,9776,9898,351,1779,1978,429
333,9776,9898,352,1794,1980,546
333,9776,9898,353,1801,1975,658
333,9776,9898,354,1821,1981,821
333,9776,9898,355,1841,1983,966
335,9952,10074,0,1996,2023,1241
335,9952,10074,1,1886,1982,1301
335,9952,10074,2,1893,1981,1376
335,9952,10074,3,1908,1982,1470
335,9952,10074,4,1920,1983,1579
335,9952,10074,5,1929,1982,1674
335,9952,10074,6,1949,1983,1804
335,9952,10074,7,1966,1983,1927
335,9952,10074,8,1978,1984,2051
335,9952,10074,9,1997,1983,2184
335,9952,10074,10,2021,1983,2306
335,9952,10074,11,2033,1985,2454
335,9952,10074,12,2052,1983,2547
335,9952,10074,13,2067,1983,2656
335,9952,10074,14,2077,1985,2768
335,9952,10074,15,2099,1986,2916
335,9952,10074,16,2116,1983,3034
335,9952,10074,17,2134,1986,3158
335,9952,10074,18,2152,1988,3307
335,9952,10074,19,2175,1983,3454
335,9952,10074,20,2185,1986,3483
335,9952,10074,21,2183,1987,3472
335,9952,10074,22,2183,1982,3473
335,9952,10074,23,2185,1987,3477
335,9952,10074,24,2184,1988,3464
335,9952,10074,25,2178,1982,3452
335,9952,10074,26,2179,1986,3434
335,9952,10074,27,2178,1987,3423
335,9952,10074,28,2169,1982,3410
335,9952,10074,29,2174,1986,3395
335,9952,10074,30,2173,1987,3378
335,9952,10074,31,2165,1982,3361
335,9952,10074,32,2170,1986,3348
335,9952,10074,33,2168,1986,3332
335,9952,10074,34,2159,1982,3323
335,9952,10074,35,2164,1986,3310
335,9952,10074,36,2159,1986,3295
335,9952,10074,37,2153,1982,3279
335,9952,10074,38,2158,1986,3266
335,9952,10074,39,2155,1986,3253
335,9952,10074,40,2146,1983,3237
335,9952,10074,41,2152,1985,3221
335,9952,10074,42,2149,1985,3213
335,9952,10074,43,2140,1983,3192
335,9952,10074,44,2145,1985,3180
335,9952,10074,45,2142,1985,3171
335,9952,10074,46,2134,1984,3148
335,9952,10074,47,2140,1984,3138
335,9952,10074,48,2137,1985,3126
335,9952,10074,49,2129,1984,3107
335,9952,10074,50,2133,1984,3094
335,9952,10074,51,2131,1985,3080
335,9952,10074,52,2124,1984,3067
335,9952,10074,53,2126,1984,3053
335,9952,10074,54,2125,1984,3036
335,9952,10074,55,2119,1985,3024
335,9952,10074,56,2121,1984,3008
335,9952,10074,57,2119,1983,2993
335,9952,10074,58,2114,1985,2980
335,9952,10074,59,2114,1986,2968
335,9952,10074,60,2112,1981,2949
335,9952,10074,61,2108,1985,2938
335,9952,10074,62,2107,1986,2927
335,9952,10074,63,2105,1981,2912
335,9952,10074,64,2104,1985,2898
335,9952,10074,65,2102,1986,2881
335,9952,10074,66,2098,1981,2868
335,9952,10074,67,2099,1985,2867
335,9952,10074,68,2097,1987,2839
335,9952,10074,69,2092,1980,2827
335,9952,10074,70,2093,1985,2815
335,9952,10074,71,2093,1986,2798
335,9952,10074,72,2085,1981,2784
335,9952,10074,73,2087,1985,2767
335,9952,10074,74,2087,1985,2753
335,9952,10074,75,2078,1980,2741
335,9952,10074,76,2083,1985,2727
335,9952,10074,77,2081,1985,2712
335,9952,10074,78,2071,1981,2696
335,9952,10074,79,2077,1985,2686
335,9952,10074,80,2075,1984,2668
335,9952,10074,81,2065,1981,2654
335,9952,10074,82,2070,1985,2639
335,9952,10074,83,2069,1985,2626
335,9952,10074,84,2059,1981,2610
335,9952,10074,85,2066,1984,2595
335,9952,10074,86,2064,1985,2583
335,9952,10074,87,2054,1982,2569
335,9952,10074,88,2059,1984,2562
335,9952,10074,89,2059,1984,2557
335,9952,10074,90,2054,1983,2568
335,9952,10074,91,2063,1984,2583
335,9952,10074,92,2064,1984,2598
335,9952,10074,93,2061,1983,2604
335,9952,10074,94,2069,1984,2624
335,9952,10074,95,2070,1984,2643
335,9952,10074,96,2068,1984,2654
335,9952,10074,97,2075,1984,2679
335,9952,10074,98,2075,1983,2683
335,9952,10074,99,2075,1984,2696
335,9952,10074,100,2080,1984,2718
335,9952,10074,101,2081,1982,2726
335,9952,10074,102,2081,1985,2738
335,9952,10074,103,2084,1986,2751
335,9952,10074,104,2087,1981,2767
335,9952,10074,105,2088,1985,2783
335,9952,10074,106,2090,1986,2797
335,9952,10074,107,2092,1981,2814
335,9952,10074,108,2094,1985,2822
335,9952,10074,109,2096,1987,2838
335,9952,10074,110,2097,1981,2854
335,9952,10074,111,2100,1985,2869
335,9952,10074,112,2103,1986,2884
335,9952,10074,113,2101,1981,2899
335,9952,10074,114,2107,1985,2911
335,9952,10074,115,2110,1986,2923
335,9952,10074,116,2106,1981,2940
335,9952,10074,117,2113,1986,2952
335,9952,10074,118,2117,1986,2966
335,9952,10074,119,2111,1982,2985
335,9952,10074,120,2120,1986,2995
335,9952,10074,121,2122,1986,3009
335,9952,10074,122,2115,1982,3022
335,9952,10074,123,2125,1985,3036
335,9952,10074,124,2128,1986,3058
335,9952,10074,125,2123,1982,3066
335,9952,10074,126,2132,1986,3085
335,9952,10074,127,2134,1985,3096
335,9952,10074,128,2127,1983,3108
335,9952,10074,129,2138,1986,3122
335,9952,10074,130,2139,1986,3138
335,9952,10074,131,2135,1984,3151
335,9952,10074,132,2143,1985,3166
335,9952,10074,133,2145,1986,3189
335,9952,10074,134,2141,1984,3187
335,9952,10074,135,2150,1985,3211
335,9952,10074,136,2150,1986,3223
335,9952,10074,137,2147,1985,3233
335,9952,10074,138,2155,1985,3249
335,9952,10074,139,2156,1985,3267
335,9952,10074,140,2153,1985,3278
335,9952,10074,141,2159,1985,3292
335,9952,10074,142,2162,1984,3310
335,9952,10074,143,2161,1986,3320
335,9952,10074,144,2165,1986,3343
335,9952,10074,145,2168,1983,3352
335,9952,10074,146,2168,1986,3365
335,9952,10074,147,2171,1986,3377
335,9952,10074,148,2173,1982,3397
335,9952,10074,149,2175,1986,3407
335,9952,10074,150,2175,1987,3420
335,9952,10074,151,2179,1982,3436
335,9952,10074,152,2181,1987,3448
335,9952,10074,153,2183,1988,3464
335,9952,10074,154,2182,1982,3478
335,9952,10074,155,2185,1986,3472
335,9952,10074,156,2185,1988,3471
335,9952,10074,157,2186,1983,3490
335,9952,10074,158,2189,1986,3497
335,9952,10074,159,2192,1987,3510
335,9952,10074,160,2185,1982,3511
335,9952,10074,161,2189,1987,3474
335,9952,10074,162,2176,1986,3385
335,9952,10074,163,2156,1981,3288
335,9952,10074,164,2144,1985,3175
335,9952,10074,165,2136,1985,3072
335,9952,10074,166,2111,1981,2959
335,9952,10074,167,2102,1984,2828
335,9952,10074,168,2089,1985,2741
335,9952,10074,169,2064,1980,2621
335,9952,10074,170,2055,1983,2494
335,9952,10074,171,2042,1983,2359
335,9952,10074,172,2015,1979,2235
335,9952,10074,173,2002,1983,2116
335,9952,10074,174,1985,1982,1972
335,9952,10074,175,1960,1980,1840
335,9952,10074,176,1948,1981,1705
335,9952,10074,177,1931,1981,1575
335,9952,10074,178,1905,1980,1489
335,9952,10074,179,1904,1980,1374
335,9952,10074,180,1888,1980,1243
335,9952,10074,181,1866,1979,1116
335,9952,10074,182,1858,1980,1019
335,9952,10074,183,1847,1979,914
335,9952,10074,184,1824,1978,793
335,9952,10074,185,1816,1977,672
335,9952,10074,186,1802,1976,537
335,9952,10074,187,1783,1976,398
335,9952,10074,188,1768,1975,275
335,9952,10074,189,1762,1972,217
335,9952,10074,190,1760,1975,243
335,9952,10074,191,1763,1976,254
335,9952,10074,192,1765,1972,270
335,9952,10074,193,1766,1975,283
335,9952,10074,194,1768,1977,295
335,9952,10074,195,1769,1972,317
335,9952,10074,196,1771,1976,327
335,9952,10074,197,1773,1978,340
335,9952,10074,198,1773,1972,356
335,9952,10074,199,1777,1977,369
335,9952,10074,200,1779,1978,383
335,9952,10074,201,1776,1973,396
335,9952,10074,202,1782,1978,409
335,9952,10074,203,1782,1978,425
335,9952,10074,204,1780,1973,442
335,9952,10074,205,1787,1977,452
335,9952,10074,206,1789,1978,467
335,9952,10074,207,1784,1974,481
335,9952,10074,208,1792,1978,493
335,9952,10074,209,1793,1978,510
335,9952,10074,210,1789,1974,525
335,9952,10074,211,1797,1978,538
335,9952,10074,212,1800,1979,553
335,9952,10074,213,1793,1975,567
335,9952,10074,214,1802,1978,581
335,9952,10074,215,1804,1979,598
335,9952,10074,216,1798,1977,608
335,9952,10074,217,1806,1979,627
335,9952,10074,218,1809,1979,640
335,9952,10074,219,1803,1977,653
335,9952,10074,220,1812,1979,666
335,9952,10074,221,1813,1979,680
335,9952,10074,222,1808,1977,691
335,9952,10074,223,1817,1979,712
335,9952,10074,224,1819,1979,724
335,9952,10074,225,1815,1979,734
335,9952,10074,226,1820,1979,751
335,9952,10074,227,1823,1978,769
335,9952,10074,228,1821,1979,782
335,9952,10074,229,1825,1979,792
335,9952,10074,230,1827,1978,812
335,9952,10074,231,1827,1980,821
335,9952,10074,232,1830,1980,836
335,9952,10074,233,1832,1977,851
335,9952,10074,234,1832,1980,865
335,9952,10074,235,1835,1981,879
335,9952,10074,236,1836,1976,894
335,9952,10074,237,1837,1981,908
335,9952,10074,238,1839,1982,924
335,9952,10074,239,1842,1976,940
335,9952,10074,240,1844,1981,954
335,9952,10074,241,1844,1982,965
335,9952,10074,242,1844,1977,978
335,9952,10074,243,1850,1981,996
335,9952,10074,244,1851,1982,1006
335,9952,10074,245,1848,1976,1024
335,9952,10074,246,1855,1981,1032
335,9952,10074,247,1858,1982,1051
335,9952,10074,248,1853,1977,1065
335,9952,10074,249,1861,1981,1079
335,9952,10074,250,1863,1982,1092
335,9952,10074,251,1857,1977,1115
335,9952,10074,252,1866,1981,1121
335,9952,10074,253,1868,1982,1136
335,9952,10074,254,1863,1978,1148
335,9952,10074,255,1872,1981,1161
335,9952,10074,256,1873,1981,1178
335,9952,10074,257,1868,1978,1191
335,9952,10074,258,1877,1981,1211
335,9952,10074,259,1878,1981,1219
335,9952,10074,260,1873,1979,1232
335,9952,10074,261,1883,1981,1247
335,9952,10074,262,1885,1982,1259
335,9952,10074,263,1879,1980,1277
335,9952,10074,264,1888,1981,1291
335,9952,10074,265,1889,1981,1305
335,9952,10074,266,1885,1980,1318
335,9952,10074,267,1891,1981,1318
335,9952,10074,268,1890,1981,1307
335,9952,10074,269,1883,1981,1292
335,9952,10074,270,1885,1980,1277
335,9952,10074,271,1883,1981,1265
335,9952,10074,272,1878,1980,1249
335,9952,10074,273,1879,1980,1234
335,9952,10074,274,1878,1979,1221
335,9952,10074,275,1874,1981,1204
335,9952,10074,276,1873,1981,1192
335,9952,10074,277,1872,1979,1187
335,9952,10074,278,1869,1981,1165
335,9952,10074,279,1867,1982,1148
335,9952,10074,280,1867,1978,1136
335,9952,10074,281,1865,1981,1121
335,9952,10074,282,1862,1982,1104
335,9952,10074,283,1861,1976,1091
335,9952,10074,284,1860,1981,1082
335,9952,10074,285,1858,1983,1065
335,9952,10074,286,1854,1977,1049
335,9952,10074,287,1854,1981,1034
335,9952,10074,288,1854,1982,1020
335,9952,10074,289,1847,1977,1004
335,9952,10074,290,1850,1981,999
335,9952,10074,291,1849,1981,980
335,9952,10074,292,1840,1976,966
335,9952,10074,293,1845,1981,951
335,9952,10074,294,1844,1981,935
335,9952,10074,295,1835,1976,920
335,9952,10074,296,1840,1980,905
335,9952,10074,297,1839,1981,894
335,9952,10074,298,1831,1977,882
335,9952,10074,299,1835,1980,865
335,9952,10074,300,1833,1980,849
335,9952,10074,301,1825,1976,836
335,9952,10074,302,1830,1980,821
335,9952,10074,303,1829,1979,812
335,9952,10074,304,1819,1977,793
335,9952,10074,305,1825,1979,781
335,9952,10074,306,1822,1979,766
335,9952,10074,307,1815,1977,761
335,9952,10074,308,1820,1979,740
335,9952,10074,309,1818,1979,726
335,9952,10074,310,1811,1978,709
335,9952,10074,311,1814,1978,695
335,9952,10074,312,1812,1978,681
335,9952,10074,313,1806,1978,665
335,9952,10074,314,1809,1978,652
335,9952,10074,315,1808,1977,637
335,9952,10074,316,1803,1978,622
335,9952,10074,317,1803,1978,607
335,9952,10074,318,1802,1976,593
335,9952,10074,319,1797,1978,583
335,9952,10074,320,1798,1978,568
335,9952,10074,321,1797,1975,553
335,9952,10074,322,1794,1978,536
335,9952,10074,323,1794,1979,521
335,9952,10074,324,1792,1974,508
335,9952,10074,325,1790,1978,492
335,9952,10074,326,1788,1978,482
335,9952,10074,327,1786,1973,471
335,9952,10074,328,1786,1977,455
335,9952,10074,329,1784,1978,437
335,9952,10074,330,1780,1973,424
335,9952,10074,331,1781,1977,413
335,9952,10074,332,1781,1978,399
335,9952,10074,333,1773,1972,383
335,9952,10074,334,1777,1977,370
335,9952,10074,335,1777,1977,354
335,9952,10074,336,1769,1972,342
335,9952,10074,337,1773,1976,325
335,9952,10074,338,1771,1976,314
335,9952,10074,339,1763,1972,298
335,9952,10074,340,1769,1975,286
335,9952,10074,341,1767,1975,269
335,9952,10074,342,1758,1971,253
335,9952,10074,343,1764,1974,243
335,9952,10074,344,1762,1975,228
335,9952,10074,345,1754,1972,214
335,9952,10074,346,1759,1973,197
335,9952,10074,347,1757,1974,185
335,9952,10074,348,1749,1971,179
335,9952,10074,349,1764,1975,255
335,9952,10074,350,1773,1976,345
335,9952,10074,351,1776,1975,434
335,9952,10074,352,1795,1977,519
335,9952,10074,353,1802,1978,613
335,9952,10074,354,1806,1978,709
335,9952,10074,355,1825,1979,821
337,10131,10253,0,2003,2029,1278
337,10131,10253,1,1889,1983,1378
337,10131,10253,2,1906,1982,1475
337,10131,10253,3,1921,1981,1566
337,10131,10253,4,1931,1983,1676
337,10131,10253,5,1946,1984,1798
337,10131,10253,6,1963,1981,1903
337,10131,10253,7,1975,1984,2021
337,10131,10253,8,1995,1985,2138
337,10131,10253,9,2010,1980,2242
337,10131,10253,10,2023,1985,2366
337,10131,10253,11,2041,1986,2486
337,10131,10253,12,2058,1982,2625
337,10131,10253,13,2078,1985,2743
337,10131,10253,14,2093,1987,2871
337,10131,10253,15,2112,1981,3011
337,10131,10253,16,2133,1987,3172
337,10131,10253,17,2151,1987,3288
337,10131,10253,18,2167,1982,3419
337,10131,10253,19,2186,1986,3498
337,10131,10253,20,2189,1987,3491
337,10131,10253,21,2179,1982,3471
337,10131,10253,22,2185,1986,3473
337,10131,10253,23,2187,1987,3476
337,10131,10253,24,2178,1982,3467
337,10131,10253,25,2182,1986,3449
337,10131,10253,26,2181,1986,3435
337,10131,10253,27,2172,1982,3411
337,10131,10253,28,2177,1986,3406
337,10131,10253,29,2175,1986,3393
337,10131,10253,30,2166,1983,3378
337,10131,10253,31,2171,1986,3360
337,10131,10253,32,2169,1986,3355
337,10131,10253,33,2160,1984,3335
337,10131,10253,34,2165,1985,3321
337,10131,10253,35,2163,1986,3307
337,10131,10253,36,2154,1984,3299
337,10131,10253,37,2159,1985,3280
337,10131,10253,38,2157,1986,3266
337,10131,10253,39,2149,1985,3251
337,10131,10253,40,2152,1985,3233
337,10131,10253,41,2151,1984,3226
337,10131,10253,42,2144,1985,3209
337,10131,10253,43,2145,1984,3193
337,10131,10253,44,2145,1985,3184
337,10131,10253,45,2140,1985,3162
337,10131,10253,46,2139,1984,3150
337,10131,10253,47,2138,1983,3137
337,10131,10253,48,2134,1985,3121
337,10131,10253,49,2134,1986,3108
337,10131,10253,50,2132,1982,3105
337,10131,10253,51,2129,1985,3081
337,10131,10253,52,2127,1987,3065
337,10131,10253,53,2125,1981,3054
337,10131,10253,54,2124,1985,3040
337,10131,10253,55,2121,1987,3023
337,10131,10253,56,2119,1981,3013
337,10131,10253,57,2118,1985,2996
337,10131,10253,58,2116,1986,2980
337,10131,10253,59,2110,1981,2968
337,10131,10253,60,2113,1985,2949
337,10131,10253,61,2111,1986,2939
337,10131,10253,62,2104,1981,2925
337,10131,10253,63,2106,1985,2911
337,10131,10253,64,2107,1986,2896
337,10131,10253,65,2098,1981,2881
337,10131,10253,66,2101,1985,2866
337,10131,10253,67,2101,1985,2855
337,10131,10253,68,2092,1981,2842
337,10131,10253,69,2096,1985,2825
337,10131,10253,70,2094,1985,2806
337,10131,10253,71,2086,1981,2794
337,10131,10253,72,2090,1985,2783
337,10131,10253,73,2088,1985,2771
337,10131,10253,74,2079,1982,2752
337,10131,10253,75,2085,1984,2741
337,10131,10253,76,2083,1984,2727
337,10131,10253,77,2075,1982,2711
337,10131,10253,78,2078,1983,2696
337,10131,10253,79,2077,1984,2683
337,10131,10253,80,2069,1983,2672
337,10131,10253,81,2072,1984,2656
337,10131,10253,82,2070,1984,2644
337,10131,10253,83,2063,1983,2626
337,10131,10253,84,2067,1983,2613
337,10131,10253,85,2065,1984,2600
337,10131,10253,86,2057,1983,2590
337,10131,10253,87,2060,1983,2572
337,10131,10253,88,2058,1983,2560
337,10131,10253,89,2054,1984,2555
337,10131,10253,90,2060,1984,2565
337,10131,10253,91,2062,1982,2585
337,10131,10253,92,2062,1984,2598
337,10131,10253,93,2065,1985,2612
337,10131,10253,94,2067,1982,2628
337,10131,10253,95,2068,1984,2639
337,10131,10253,96,2070,1985,2658
337,10131,10253,97,2073,1981,2671
337,10131,10253,98,2074,1985,2687
337,10131,10253,99,2077,1987,2699
337,10131,10253,100,2077,1981,2713
337,10131,10253,101,2081,1985,2727
337,10131,10253,102,2084,1986,2738
337,10131,10253,103,2082,1981,2755
337,10131,10253,104,2088,1985,2769
337,10131,10253,105,2090,1986,2783
337,10131,10253,106,2086,1981,2797
337,10131,10253,107,2093,1985,2812
337,10131,10253,108,2096,1986,2834
337,10131,10253,109,2089,1981,2839
337,10131,10253,110,2100,1985,2856
337,10131,10253,111,2103,1986,2868
337,10131,10253,112,2098,1981,2884
337,10131,10253,113,2105,1985,2896
337,10131,10253,114,2109,1985,2910
337,10131,10253,115,2103,1982,2926
337,10131,10253,116,2112,1984,2938
337,10131,10253,117,2114,1985,2949
337,10131,10253,118,2108,1982,2968
337,10131,10253,119,2117,1985,2973
337,10131,10253,120,2119,1985,3003
337,10131,10253,121,2114,1983,3012
337,10131,10253,122,2123,1984,3022
337,10131,10253,123,2125,1985,3038
337,10131,10253,124,2120,1984,3052
337,10131,10253,125,2128,1984,3066
337,10131,10253,126,2131,1985,3084
337,10131,10253,127,2128,1984,3094
337,10131,10253,128,2134,1984,3109
337,10131,10253,129,2136,1985,3117
337,10131,10253,130,2134,1985,3136
337,10131,10253,131,2140,1984,3152
337,10131,10253,132,2142,1984,3163
337,10131,10253,133,2141,1985,3181
337,10131,10253,134,2145,1985,3194
337,10131,10253,135,2148,1983,3209
337,10131,10253,136,2147,1985,3221
337,10131,10253,137,2152,1986,3234
337,10131,10253,138,2154,1982,3253
337,10131,10253,139,2155,1985,3266
337,10131,10253,140,2156,1987,3277
337,10131,10253,141,2157,1982,3294
337,10131,10253,142,2160,1986,3312
337,10131,10253,143,2163,1987,3321
337,10131,10253,144,2163,1982,3342
337,10131,10253,145,2168,1986,3351
337,10131,10253,146,2169,1988,3367
337,10131,10253,147,2168,1982,3382
337,10131,10253,148,2173,1986,3394
337,10131,10253,149,2176,1987,3408
337,10131,10253,150,2172,1982,3421
337,10131,10253,151,2179,1986,3435
337,10131,10253,152,2184,1987,3451
337,10131,10253,153,2176,1982,3467
337,10131,10253,154,2185,1986,3477
337,10131,10253,155,2186,1987,3473
337,10131,10253,156,2179,1982,3471
337,10131,10253,157,2189,1987,3486
337,10131,10253,158,2190,1987,3500
337,10131,10253,159,2183,1983,3509
337,10131,10253,160,2191,1987,3519
337,10131,10253,161,2193,1986,3512
337,10131,10253,162,2179,1983,3456
337,10131,10253,163,2175,1985,3379
337,10131,10253,164,2165,1985,3288
337,10131,10253,165,2141,1983,3166
337,10131,10253,166,2134,1983,3047
337,10131,10253,167,2116,1985,2940
337,10131,10253,168,2092,1982,2809
337,10131,10253,169,2082,1982,2624
337,10131,10253,170,2058,1982,2486
337,10131,10253,171,2030,1981,2322
337,10131,10253,172,2012,1982,2187
337,10131,10253,173,1995,1981,2035
337,10131,10253,174,1968,1981,1881
337,10131,10253,175,1951,1980,1746
337,10131,10253,176,1936,1980,1612
337,10131,10253,177,1914,1981,1473
337,10131,10253,178,1906,1981,1418
337,10131,10253,179,1893,1978,1298
337,10131,10253,180,1869,1980,1177
337,10131,10253,181,1861,1981,1111
337,10131,10253,182,1851,1976,947
337,10131,10253,183,1834,1979,831
337,10131,10253,184,1816,1980,706
337,10131,10253,185,1801,1973,551
337,10131,10253,186,1785,1977,417
337,10131,10253,187,1773,1977,281
337,10131,10253,188,1756,1970,212
337,10131,10253,189,1761,1975,225
337,10131,10253,190,1762,1976,240
337,10131,10253,191,1760,1971,256
337,10131,10253,192,1765,1976,268
337,10131,10253,193,1768,1977,283
337,10131,10253,194,1764,1972,299
337,10131,10253,195,1772,1976,312
337,10131,10253,196,1774,1977,328
337,10131,10253,197,1769,1972,338
337,10131,10253,198,1776,1977,354
337,10131,10253,199,1778,1977,371
337,10131,10253,200,1772,1973,382
337,10131,10253,201,1782,1977,397
337,10131,10253,202,1782,1977,413
337,10131,10253,203,1777,1974,425
337,10131,10253,204,1785,1976,440
337,10131,10253,205,1787,1977,453
337,10131,10253,206,1782,1975,463
337,10131,10253,207,1790,1977,481
337,10131,10253,208,1792,1978,501
337,10131,10253,209,1787,1976,509
337,10131,10253,210,1795,1977,523
337,10131,10253,211,1797,1978,540
337,10131,10253,212,1792,1976,556
337,10131,10253,213,1800,1977,569
337,10131,10253,214,1801,1977,583
337,10131,10253,215,1798,1978,596
337,10131,10253,216,1804,1978,613
337,10131,10253,217,1806,1978,625
337,10131,10253,218,1804,1978,637
337,10131,10253,219,1808,1978,655
337,10131,10253,220,1811,1977,667
337,10131,10253,221,1810,1978,681
337,10131,10253,222,1813,1978,690
337,10131,10253,223,1814,1976,708
337,10131,10253,224,1815,1979,724
337,10131,10253,225,1819,1980,737
337,10131,10253,226,1820,1976,762
337,10131,10253,227,1821,1979,768
337,10131,10253,228,1822,1981,777
337,10131,10253,229,1823,1976,795
337,10131,10253,230,1827,1980,808
337,10131,10253,231,1828,1982,822
337,10131,10253,232,1828,1976,836
337,10131,10253,233,1832,1980,852
337,10131,10253,234,1834,1982,864
337,10131,10253,235,1832,1977,877
337,10131,10253,236,1837,1980,895
337,10131,10253,237,1840,1982,906
337,10131,10253,238,1835,1976,920
337,10131,10253,239,1844,1981,937
337,10131,10253,240,1846,1981,944
337,10131,10253,241,1840,1977,963
337,10131,10253,242,1849,1981,978
337,10131,10253,243,1851,1981,993
337,10131,10253,244,1845,1978,1006
337,10131,10253,245,1854,1981,1023
337,10131,10253,246,1855,1981,1035
337,10131,10253,247,1851,1978,1050
337,10131,10253,248,1860,1981,1065
337,10131,10253,249,1861,1981,1078
337,10131,10253,250,1856,1979,1094
337,10131,10253,251,1865,1981,1105
337,10131,10253,252,1866,1981,1125
337,10131,10253,253,1861,1979,1136
337,10131,10253,254,1870,1981,1150
337,10131,10253,255,1872,1981,1161
337,10131,10253,256,1868,1980,1176
337,10131,10253,257,1874,1980,1192
337,10131,10253,258,1876,1981,1209
337,10131,10253,259,1872,1980,1221
337,10131,10253,260,1880,1980,1233
337,10131,10253,261,1882,1981,1250
337,10131,10253,262,1879,1981,1266
337,10131,10253,263,1885,1980,1279
337,10131,10253,264,1888,1980,1292
337,10131,10253,265,1884,1981,1303
337,10131,10253,266,1890,1982,1317
337,10131,10253,267,1890,1979,1322
337,10131,10253,268,1886,1981,1303
337,10131,10253,269,1884,1982,1289
337,10131,10253,270,1885,1978,1278
337,10131,10253,271,1882,1982,1261
337,10131,10253,272,1880,1983,1250
337,10131,10253,273,1879,1977,1234
337,10131,10253,274,1877,1982,1221
337,10131,10253,275,1874,1983,1201
337,10131,10253,276,1871,1977,1191
337,10131,10253,277,1873,1981,1177
337,10131,10253,278,1871,1983,1160
337,10131,10253,279,1864,1977,1150
337,10131,10253,280,1867,1981,1137
337,10131,10253,281,1867,1982,1121
337,10131,10253,282,1859,1977,1104
337,10131,10253,283,1862,1981,1091
337,10131,10253,284,1861,1981,1071
337,10131,10253,285,1853,1977,1062
337,10131,10253,286,1858,1981,1053
337,10131,10253,287,1856,1981,1034
337,10131,10253,288,1848,1977,1022
337,10131,10253,289,1852,1981,1010
337,10131,10253,290,1851,1981,993
337,10131,10253,291,1842,1978,975
337,10131,10253,292,1847,1980,965
337,10131,10253,293,1845,1981,950
337,10131,10253,294,1837,1978,934
337,10131,10253,295,1842,1980,921
337,10131,10253,296,1840,1980,911
337,10131,10253,297,1832,1978,891
337,10131,10253,298,1837,1979,879
337,10131,10253,299,1836,1980,868
337,10131,10253,300,1827,1979,851
337,10131,10253,301,1832,1979,835
337,10131,10253,302,1829,1979,822
337,10131,10253,303,1823,1978,807
337,10131,10253,304,1825,1978,791
337,10131,10253,305,1823,1979,780
337,10131,10253,306,1818,1979,764
337,10131,10253,307,1821,1978,749
337,10131,10253,308,1819,1977,735
337,10131,10253,309,1814,1979,724
337,10131,10253,310,1814,1979,708
337,10131,10253,311,1814,1976,697
337,10131,10253,312,1810,1978,676
337,10131,10253,313,1810,1980,665
337,10131,10253,314,1808,1975,655
337,10131,10253,315,1807,1979,638
337,10131,10253,316,1804,1980,624
337,10131,10253,317,1801,1974,607
337,10131,10253,318,1802,1979,597
337,10131,10253,319,1799,1980,582
337,10131,10253,320,1796,1973,567
337,10131,10253,321,1797,1978,556
337,10131,10253,322,1796,1979,537
337,10131,10253,323,1790,1974,524
337,10131,10253,324,1793,1978,510
337,10131,10253,325,1792,1978,494
337,10131,10253,326,1785,1973,481
337,10131,10253,327,1788,1977,466
337,10131,10253,328,1787,1978,454
337,10131,10253,329,1779,1974,442
337,10131,10253,330,1783,1977,424
337,10131,10253,331,1783,1977,413
337,10131,10253,332,1773,1973,397
337,10131,10253,333,1779,1976,384
337,10131,10253,334,1778,1976,370
337,10131,10253,335,1770,1973,353
337,10131,10253,336,1775,1976,347
337,10131,10253,337,1773,1976,324
337,10131,10253,338,1765,1973,313
337,10131,10253,339,1770,1975,297
337,10131,10253,340,1768,1975,285
337,10131,10253,341,1760,1974,270
337,10131,10253,342,1765,1975,257
337,10131,10253,343,1763,1974,243
337,10131,10253,344,1756,1973,228
337,10131,10253,345,1760,1974,217
337,10131,10253,346,1758,1973,198
337,10131,10253,347,1752,1974,188
337,10131,10253,348,1761,1974,248
337,10131,10253,349,1770,1974,293
337,10131,10253,350,1774,1977,374
337,10131,10253,351,1785,1976,458
337,10131,10253,352,1798,1977,557
337,10131,10253,353,1806,1979,682
337,10131,10253,354,1820,1980,802
337,10131,10253,355,1836,1979,953
339,10319,10441,0,2008,2032,1259
339,10319,10441,1,1883,1983,1310
339,10319,10441,2,1898,1983,1384
339,10319,10441,3,1903,1979,1468
339,10319,10441,4,1919,1983,1557
339,10319,10441,5,1931,1984,1673
339,10319,10441,6,1942,1981,1791
339,10319,10441,7,1966,1984,1914
339,10319,10441,8,1982,1984,2034
339,10319,10441,9,1994,1982,2134
339,10319,10441,10,2012,1983,2239
339,10319,10441,11,2029,1985,2389
339,10319,10441,12,2039,1983,2483
339,10319,10441,13,2060,1984,2611
339,10319,10441,14,2079,1984,2736
339,10319,10441,15,2090,1986,2872
339,10319,10441,16,2117,1986,3028
339,10319,10441,17,2135,1985,3166
339,10319,10441,18,2154,1987,3313
339,10319,10441,19,2175,1986,3471
339,10319,10441,20,2186,1983,3485
339,10319,10441,21,2182,1986,3471
339,10319,10441,22,2184,1986,3473
339,10319,10441,23,2185,1983,3476
339,10319,10441,24,2181,1986,3466
339,10319,10441,25,2180,1987,3450
339,10319,10441,26,2178,1982,3436
339,10319,10441,27,2176,1986,3426
339,10319,10441,28,2175,1987,3409
339,10319,10441,29,2171,1982,3395
339,10319,10441,30,2171,1986,3378
339,10319,10441,31,2169,1987,3365
339,10319,10441,32,2165,1982,3352
339,10319,10441,33,2165,1986,3336
339,10319,10441,34,2166,1987,3323
339,10319,10441,35,2156,1982,3314
339,10319,10441,36,2160,1986,3302
339,10319,10441,37,2160,1986,3282
339,10319,10441,38,2152,1981,3258
339,10319,10441,39,2155,1986,3252
339,10319,10441,40,2153,1986,3238
339,10319,10441,41,2144,1982,3224
339,10319,10441,42,2150,1986,3206
339,10319,10441,43,2147,1985,3199
339,10319,10441,44,2139,1982,3181
339,10319,10441,45,2143,1986,3164
339,10319,10441,46,2142,1986,3153
339,10319,10441,47,2133,1982,3138
339,10319,10441,48,2137,1985,3123
339,10319,10441,49,2136,1985,3108
339,10319,10441,50,2127,1983,3092
339,10319,10441,51,2130,1985,3085
339,10319,10441,52,2130,1985,3068
339,10319,10441,53,2121,1984,3054
339,10319,10441,54,2125,1984,3037
339,10319,10441,55,2124,1984,3025
339,10319,10441,56,2115,1984,3009
339,10319,10441,57,2119,1984,2994
339,10319,10441,58,2117,1984,2989
339,10319,10441,59,2111,1984,2966
339,10319,10441,60,2112,1984,2951
339,10319,10441,61,2111,1983,2940
339,10319,10441,62,2104,1984,2929
339,10319,10441,63,2108,1984,2909
339,10319,10441,64,2105,1982,2898
339,10319,10441,65,2101,1984,2883
339,10319,10441,66,2101,1985,2864
339,10319,10441,67,2098,1981,2854
339,10319,10441,68,2096,1985,2844
339,10319,10441,69,2094,1986,2826
339,10319,10441,70,2092,1981,2809
339,10319,10441,71,2091,1985,2801
339,10319,10441,72,2087,1986,2784
339,10319,10441,73,2084,1981,2771
339,10319,10441,74,2084,1985,2755
339,10319,10441,75,2080,1986,2741
339,10319,10441,76,2078,1980,2727
339,10319,10441,77,2080,1985,2711
339,10319,10441,78,2079,1986,2702
339,10319,10441,79,2070,1981,2684
339,10319,10441,80,2075,1985,2670
339,10319,10441,81,2074,1985,2655
339,10319,10441,82,2065,1980,2645
339,10319,10441,83,2069,1985,2630
339,10319,10441,84,2068,1985,2615
339,10319,10441,85,2058,1981,2597
339,10319,10441,86,2063,1985,2585
339,10319,10441,87,2061,1984,2572
339,10319,10441,88,2053,1981,2555
339,10319,10441,89,2059,1984,2557
339,10319,10441,90,2062,1985,2571
339,10319,10441,91,2057,1982,2584
339,10319,10441,92,2065,1984,2598
339,10319,10441,93,2067,1985,2614
339,10319,10441,94,2060,1982,2627
339,10319,10441,95,2071,1984,2642
339,10319,10441,96,2073,1984,2655
339,10319,10441,97,2068,1983,2667
339,10319,10441,98,2077,1984,2680
339,10319,10441,99,2079,1984,2698
339,10319,10441,100,2074,1984,2717
339,10319,10441,101,2081,1984,2722
339,10319,10441,102,2084,1984,2740
339,10319,10441,103,2082,1984,2752
339,10319,10441,104,2087,1984,2769
339,10319,10441,105,2089,1983,2782
339,10319,10441,106,2088,1985,2799
339,10319,10441,107,2092,1984,2808
339,10319,10441,108,2095,1982,2828
339,10319,10441,109,2094,1985,2842
339,10319,10441,110,2099,1985,2852
339,10319,10441,111,2100,1981,2866
339,10319,10441,112,2102,1985,2885
339,10319,10441,113,2103,1986,2895
339,10319,10441,114,2107,1981,2914
339,10319,10441,115,2109,1985,2925
339,10319,10441,116,2110,1987,2939
339,10319,10441,117,2110,1981,2954
339,10319,10441,118,2113,1986,2968
339,10319,10441,119,2117,1987,2981
339,10319,10441,120,2115,1981,2996
339,10319,10441,121,2120,1986,3009
339,10319,10441,122,2124,1987,3024
339,10319,10441,123,2119,1981,3039
339,10319,10441,124,2126,1986,3049
339,10319,10441,125,2130,1986,3066
339,10319,10441,126,2125,1982,3080
339,10319,10441,127,2133,1986,3096
339,10319,10441,128,2136,1986,3109
339,10319,10441,129,2130,1982,3124
339,10319,10441,130,2139,1986,3129
339,10319,10441,131,2142,1986,3153
339,10319,10441,132,2137,1983,3166
339,10319,10441,133,2145,1986,3180
339,10319,10441,134,2147,1986,3198
339,10319,10441,135,2142,1983,3207
339,10319,10441,136,2151,1986,3226
339,10319,10441,137,2153,1986,3239
339,10319,10441,138,2149,1984,3252
339,10319,10441,139,2158,1986,3264
339,10319,10441,140,2160,1986,3282
339,10319,10441,141,2154,1985,3295
339,10319,10441,142,2163,1985,3309
339,10319,10441,143,2166,1985,3323
339,10319,10441,144,2160,1985,3341
339,10319,10441,145,2169,1985,3351
339,10319,10441,146,2170,1985,3368
339,10319,10441,147,2168,1985,3378
339,10319,10441,148,2173,1985,3391
339,10319,10441,149,2176,1985,3409
339,10319,10441,150,2175,1986,3424
339,10319,10441,151,2180,1986,3433
339,10319,10441,152,2181,1983,3452
339,10319,10441,153,2181,1986,3466
339,10319,10441,154,2185,1987,3478
339,10319,10441,155,2183,1982,3478
339,10319,10441,156,2183,1986,3471
339,10319,10441,157,2185,1987,3486
339,10319,10441,158,2187,1982,3500
339,10319,10441,159,2189,1987,3509
339,10319,10441,160,2189,1988,3512
339,10319,10441,161,2182,1982,3467
339,10319,10441,162,2176,1986,3389
339,10319,10441,163,2163,1987,3294
339,10319,10441,164,2145,1981,3194
339,10319,10441,165,2138,1984,3047
339,10319,10441,166,2121,1987,2968
339,10319,10441,167,2102,1980,2850
339,10319,10441,168,2090,1985,2751
339,10319,10441,169,2078,1984,2637
339,10319,10441,170,2054,1980,2530
339,10319,10441,171,2043,1983,2384
339,10319,10441,172,2024,1983,2258
339,10319,10441,173,1999,1979,2121
339,10319,10441,174,1989,1983,1980
339,10319,10441,175,1969,1982,1853
339,10319,10441,176,1940,1978,1704
339,10319,10441,177,1928,1981,1574
339,10319,10441,178,1921,1982,1493
339,10319,10441,179,1895,1978,1386
339,10319,10441,180,1890,1982,1304
339,10319,10441,181,1879,1980,1194
339,10319,10441,182,1852,1979,1089
339,10319,10441,183,1850,1979,937
339,10319,10441,184,1837,1979,816
339,10319,10441,185,1812,1977,690
339,10319,10441,186,1804,1977,549
339,10319,10441,187,1786,1976,398
339,10319,10441,188,1767,1974,265
339,10319,10441,189,1760,1974,227
339,10319,10441,190,1763,1974,242
339,10319,10441,191,1759,1975,257
339,10319,10441,192,1766,1974,265
339,10319,10441,193,1768,1974,284
339,10319,10441,194,1766,1975,297
339,10319,10441,195,1770,1976,313
339,10319,10441,196,1772,1973,328
339,10319,10441,197,1772,1976,340
339,10319,10441,198,1775,1977,354
339,10319,10441,199,1776,1973,369
339,10319,10441,200,1776,1977,385
339,10319,10441,201,1779,1978,397
339,10319,10441,202,1781,1973,415
339,10319,10441,203,1783,1977,424
339,10319,10441,204,1784,1978,438
339,10319,10441,205,1783,1973,456
339,10319,10441,206,1787,1978,466
339,10319,10441,207,1789,1979,478
339,10319,10441,208,1787,1974,497
339,10319,10441,209,1793,1978,509
339,10319,10441,210,1796,1979,524
339,10319,10441,211,1791,1974,538
339,10319,10441,212,1799,1978,551
339,10319,10441,213,1801,1979,569
339,10319,10441,214,1795,1975,581
339,10319,10441,215,1803,1979,596
339,10319,10441,216,1806,1979,610
339,10319,10441,217,1800,1975,625
339,10319,10441,218,1809,1979,638
339,10319,10441,219,1810,1979,657
339,10319,10441,220,1805,1976,666
339,10319,10441,221,1813,1979,683
339,10319,10441,222,1816,1980,696
339,10319,10441,223,1810,1977,707
339,10319,10441,224,1819,1979,723
339,10319,10441,225,1820,1979,738
339,10319,10441,226,1815,1977,749
339,10319,10441,227,1824,1979,765
339,10319,10441,228,1825,1979,778
339,10319,10441,229,1821,1979,794
339,10319,10441,230,1829,1979,808
339,10319,10441,231,1830,1980,826
339,10319,10441,232,1826,1980,836
339,10319,10441,233,1832,1979,850
339,10319,10441,234,1835,1979,868
339,10319,10441,235,1833,1980,880
339,10319,10441,236,1837,1979,894
339,10319,10441,237,1839,1978,909
339,10319,10441,238,1837,1980,921
339,10319,10441,239,1841,1981,935
339,10319,10441,240,1844,1978,952
339,10319,10441,241,1842,1981,966
339,10319,10441,242,1846,1982,981
339,10319,10441,243,1849,1977,998
339,10319,10441,244,1850,1981,1009
339,10319,10441,245,1852,1982,1016
339,10319,10441,246,1853,1977,1036
339,10319,10441,247,1855,1981,1048
339,10319,10441,248,1856,1983,1061
339,10319,10441,249,1858,1977,1079
339,10319,10441,250,1862,1982,1092
339,10319,10441,251,1864,1982,1106
339,10319,10441,252,1861,1977,1123
339,10319,10441,253,1867,1981,1133
339,10319,10441,254,1869,1982,1151
339,10319,10441,255,1866,1977,1163
339,10319,10441,256,1873,1982,1176
339,10319,10441,257,1875,1982,1187
339,10319,10441,258,1870,1978,1204
339,10319,10441,259,1879,1982,1219
339,10319,10441,260,1881,1982,1236
339,10319,10441,261,1876,1978,1248
339,10319,10441,262,1884,1981,1267
339,10319,10441,263,1886,1982,1278
339,10319,10441,264,1881,1979,1292
339,10319,10441,265,1890,1982,1308
339,10319,10441,266,1892,1982,1322
339,10319,10441,267,1885,1979,1320
339,10319,10441,268,1890,1981,1304
339,10319,10441,269,1888,1981,1290
339,10319,10441,270,1879,1980,1279
339,10319,10441,271,1885,1981,1261
339,10319,10441,272,1883,1981,1244
339,10319,10441,273,1875,1980,1233
339,10319,10441,274,1879,1980,1222
339,10319,10441,275,1876,1980,1207
339,10319,10441,276,1870,1980,1189
339,10319,10441,277,1873,1980,1184
339,10319,10441,278,1871,1980,1167
339,10319,10441,279,1865,1980,1148
339,10319,10441,280,1867,1980,1135
339,10319,10441,281,1866,1978,1124
339,10319,10441,282,1862,1981,1104
339,10319,10441,283,1861,1981,1094
339,10319,10441,284,1860,1978,1081
339,10319,10441,285,1857,1981,1063
339,10319,10441,286,1855,1982,1048
339,10319,10441,287,1854,1977,1035
339,10319,10441,288,1852,1981,1020
339,10319,10441,289,1849,1982,1005
339,10319,10441,290,1848,1976,994
339,10319,10441,291,1847,1981,979
339,10319,10441,292,1845,1982,967
339,10319,10441,293,1841,1976,950
339,10319,10441,294,1842,1980,939
339,10319,10441,295,1842,1982,921
339,10319,10441,296,1835,1976,909
339,10319,10441,297,1837,1980,893
339,10319,10441,298,1837,1981,879
339,10319,10441,299,1829,1976,865
339,10319,10441,300,1832,1980,851
339,10319,10441,301,1832,1980,841
339,10319,10441,302,1823,1976,822
339,10319,10441,303,1828,1980,808
339,10319,10441,304,1828,1980,798
339,10319,10441,305,1818,1976,778
339,10319,10441,306,1822,1979,766
339,10319,10441,307,1822,1980,751
339,10319,10441,308,1813,1976,738
339,10319,10441,309,1819,1980,722
339,10319,10441,310,1816,1979,707
339,10319,10441,311,1808,1977,696
339,10319,10441,312,1814,1978,680
339,10319,10441,313,1812,1979,670
339,10319,10441,314,1803,1977,652
339,10319,10441,315,1808,1978,638
339,10319,10441,316,1807,1978,625
339,10319,10441,317,1800,1977,610
339,10319,10441,318,1802,1977,595
339,10319,10441,319,1801,1977,582
339,10319,10441,320,1794,1977,567
339,10319,10441,321,1798,1976,549
339,10319,10441,322,1798,1977,539
339,10319,10441,323,1791,1977,520
339,10319,10441,324,1793,1977,510
339,10319,10441,325,1791,1975,497
339,10319,10441,326,1788,1978,481
339,10319,10441,327,1787,1978,465
339,10319,10441,328,1786,1974,456
339,10319,10441,329,1783,1977,440
339,10319,10441,330,1783,1978,427
339,10319,10441,331,1780,1973,413
339,10319,10441,332,1779,1976,397
339,10319,10441,333,1778,1978,381
339,10319,10441,334,1775,1972,365
339,10319,10441,335,1775,1976,353
339,10319,10441,336,1771,1977,337
339,10319,10441,337,1768,1972,326
339,10319,10441,338,1770,1976,314
339,10319,10441,339,1769,1977,301
339,10319,10441,340,1763,1971,253
339,10319,10441,341,1765,1976,268
339,10319,10441,342,1765,1976,254
339,10319,10441,343,1757,1971,241
339,10319,10441,344,1762,1975,226
339,10319,10441,345,1761,1975,213
339,10319,10441,346,1752,1970,198
339,10319,10441,347,1757,1974,190
339,10319,10441,348,1756,1974,175
339,10319,10441,349,1757,1972,242
339,10319,10441,350,1768,1976,288
339,10319,10441,351,1775,1977,367
339,10319,10441,352,1777,1975,465
339,10319,10441,353,1795,1977,559
339,10319,10441,354,1809,1980,678
339,10319,10441,355,1817,1977,797
341,10494,10616,0,1998,2027,1208
341,10494,10616,1,1873,1980,1269
341,10494,10616,2,1894,1982,1356
341,10494,10616,3,1905,1982,1445
341,10494,10616,4,1911,1980,1561
341,10494,10616,5,1928,1983,1660
341,10494,10616,6,1949,1983,1773
341,10494,10616,7,1958,1982,1906
341,10494,10616,8,1985,1984,2092
341,10494,10616,9,2007,1985,2253
341,10494,10616,10,2022,1984,2398
341,10494,10616,11,2046,1984,2545
341,10494,10616,12,2071,1985,2685
341,10494,10616,13,2084,1985,2819
341,10494,10616,14,2105,1985,2956
341,10494,10616,15,2129,1985,3091
341,10494,10616,16,2140,1985,3217
341,10494,10616,17,2160,1986,3356
341,10494,10616,18,2179,1984,3467
341,10494,10616,19,2185,1986,3500
341,10494,10616,20,2186,1985,3480
341,10494,10616,21,2184,1983,3472
341,10494,10616,22,2182,1986,3472
341,10494,10616,23,2184,1987,3478
341,10494,10616,24,2182,1982,3467
341,10494,10616,25,2181,1986,3449
341,10494,10616,26,2178,1988,3434
341,10494,10616,27,2175,1982,3424
341,10494,10616,28,2175,1986,3405
341,10494,10616,29,2173,1988,3392
341,10494,10616,30,2170,1982,3382
341,10494,10616,31,2170,1986,3366
341,10494,10616,32,2168,1987,3351
341,10494,10616,33,2161,1982,3337
341,10494,10616,34,2164,1986,3321
341,10494,10616,35,2163,1986,3308
341,10494,10616,36,2155,1982,3295
341,10494,10616,37,2159,1986,3280
341,10494,10616,38,2158,1986,3264
341,10494,10616,39,2148,1982,3250
341,10494,10616,40,2153,1985,3242
341,10494,10616,41,2151,1986,3224
341,10494,10616,42,2143,1983,3204
341,10494,10616,43,2150,1986,3196
341,10494,10616,44,2147,1986,3183
341,10494,10616,45,2136,1982,3163
341,10494,10616,46,2141,1985,3152
341,10494,10616,47,2139,1985,3137
341,10494,10616,48,2131,1983,3123
341,10494,10616,49,2137,1985,3108
341,10494,10616,50,2134,1985,3094
341,10494,10616,51,2125,1984,3078
341,10494,10616,52,2128,1985,3062
341,10494,10616,53,2127,1985,3056
341,10494,10616,54,2120,1984,3038
341,10494,10616,55,2123,1984,3018
341,10494,10616,56,2121,1984,3011
341,10494,10616,57,2116,1985,2990
341,10494,10616,58,2118,1984,2977
341,10494,10616,59,2115,1984,2968
341,10494,10616,60,2109,1984,2972
341,10494,10616,61,2109,1985,2938
341,10494,10616,62,2108,1982,2926
341,10494,10616,63,2104,1985,2910
341,10494,10616,64,2104,1985,2893
341,10494,10616,65,2101,1981,2884
341,10494,10616,66,2099,1985,2864
341,10494,10616,67,2097,1986,2852
341,10494,10616,68,2096,1981,2841
341,10494,10616,69,2095,1985,2826
341,10494,10616,70,2092,1986,2809
341,10494,10616,71,2089,1981,2798
341,10494,10616,72,2089,1985,2783
341,10494,10616,73,2087,1986,2771
341,10494,10616,74,2082,1980,2760
341,10494,10616,75,2084,1985,2738
341,10494,10616,76,2082,1986,2727
341,10494,10616,77,2075,1981,2711
341,10494,10616,78,2079,1985,2701
341,10494,10616,79,2077,1985,2685
341,10494,10616,80,2068,1981,2666
341,10494,10616,81,2072,1984,2654
341,10494,10616,82,2071,1984,2644
341,10494,10616,83,2062,1980,2626
341,10494,10616,84,2067,1984,2613
341,10494,10616,85,2065,1985,2601
341,10494,10616,86,2056,1981,2580
341,10494,10616,87,2061,1983,2568
341,10494,10616,88,2060,1984,2555
341,10494,10616,89,2053,1981,2556
341,10494,10616,90,2061,1984,2575
341,10494,10616,91,2062,1984,2584
341,10494,10616,92,2058,1982,2598
341,10494,10616,93,2067,1984,2612
341,10494,10616,94,2069,1985,2627
341,10494,10616,95,2063,1983,2640
341,10494,10616,96,2073,1983,2655
341,10494,10616,97,2075,1984,2667
341,10494,10616,98,2071,1984,2680
341,10494,10616,99,2077,1983,2699
341,10494,10616,100,2080,1984,2714
341,10494,10616,101,2077,1984,2726
341,10494,10616,102,2084,1984,2738
341,10494,10616,103,2086,1983,2753
341,10494,10616,104,2085,1984,2770
341,10494,10616,105,2089,1985,2779
341,10494,10616,106,2091,1983,2796
341,10494,10616,107,2093,1985,2808
341,10494,10616,108,2094,1986,2836
341,10494,10616,109,2097,1981,2839
341,10494,10616,110,2100,1985,2854
341,10494,10616,111,2100,1986,2868
341,10494,10616,112,2101,1981,2881
341,10494,10616,113,2103,1985,2899
341,10494,10616,114,2106,1987,2912
341,10494,10616,115,2106,1981,2928
341,10494,10616,116,2110,1986,2944
341,10494,10616,117,2113,1987,2948
341,10494,10616,118,2110,1981,2969
341,10494,10616,119,2116,1985,2981
341,10494,10616,120,2120,1986,2984
341,10494,10616,121,2115,1981,3008
341,10494,10616,122,2123,1986,3023
341,10494,10616,123,2127,1986,3040
341,10494,10616,124,2121,1982,3052
341,10494,10616,125,2129,1986,3064
341,10494,10616,126,2132,1986,3080
341,10494,10616,127,2126,1982,3094
341,10494,10616,128,2135,1986,3111
341,10494,10616,129,2136,1986,3127
341,10494,10616,130,2133,1982,3138
341,10494,10616,131,2141,1985,3150
341,10494,10616,132,2144,1986,3168
341,10494,10616,133,2138,1983,3181
341,10494,10616,134,2148,1985,3196
341,10494,10616,135,2149,1986,3208
341,10494,10616,136,2145,1984,3226
341,10494,10616,137,2153,1985,3235
341,10494,10616,138,2154,1985,3254
341,10494,10616,139,2152,1985,3266
341,10494,10616,140,2159,1985,3280
341,10494,10616,141,2161,1985,3295
341,10494,10616,142,2158,1985,3309
341,10494,10616,143,2164,1985,3323
341,10494,10616,144,2166,1985,3337
341,10494,10616,145,2164,1986,3353
341,10494,10616,146,2169,1985,3362
341,10494,10616,147,2172,1984,3379
341,10494,10616,148,2170,1986,3395
341,10494,10616,149,2175,1986,3406
341,10494,10616,150,2177,1983,3423
341,10494,10616,151,2177,1986,3436
341,10494,10616,152,2181,1987,3450
341,10494,10616,153,2183,1983,3468
341,10494,10616,154,2184,1987,3477
341,10494,10616,155,2184,1988,3472
341,10494,10616,156,2184,1982,3470
341,10494,10616,157,2187,1987,3486
341,10494,10616,158,2188,1988,3498
341,10494,10616,159,2187,1983,3508
341,10494,10616,160,2190,1987,3517
341,10494,10616,161,2192,1988,3523
341,10494,10616,162,2189,1982,3513
341,10494,10616,163,2184,1986,3426
341,10494,10616,164,2168,1986,3309
341,10494,10616,165,2149,1981,3196
341,10494,10616,166,2137,1984,3063
341,10494,10616,167,2118,1985,2954
341,10494,10616,168,2094,1980,2809
341,10494,10616,169,2081,1984,2680
341,10494,10616,170,2066,1984,2550
341,10494,10616,171,2041,1980,2390
341,10494,10616,172,2025,1983,2274
341,10494,10616,173,2011,1983,2146
341,10494,10616,174,1982,1979,2002
341,10494,10616,175,1969,1981,1853
341,10494,10616,176,1953,1982,1744
341,10494,10616,177,1923,1979,1600
341,10494,10616,178,1921,1980,1470
341,10494,10616,179,1899,1980,1322
341,10494,10616,180,1870,1978,1166
341,10494,10616,181,1859,1978,1013
341,10494,10616,182,1843,1978,882
341,10494,10616,183,1820,1977,743
341,10494,10616,184,1809,1977,599
341,10494,10616,185,1796,1976,461
341,10494,10616,186,1773,1975,346
341,10494,10616,187,1763,1973,221
341,10494,10616,188,1759,1974,212
341,10494,10616,189,1757,1975,224
341,10494,10616,190,1762,1974,242
341,10494,10616,191,1764,1973,254
341,10494,10616,192,1762,1975,273
341,10494,10616,193,1766,1975,287
341,10494,10616,194,1768,1973,299
341,10494,10616,195,1768,1976,311
341,10494,10616,196,1771,1977,325
341,10494,10616,197,1772,1973,339
341,10494,10616,198,1773,1977,344
341,10494,10616,199,1776,1978,371
341,10494,10616,200,1777,1973,385
341,10494,10616,201,1778,1978,399
341,10494,10616,202,1780,1979,413
341,10494,10616,203,1780,1973,427
341,10494,10616,204,1785,1977,442
341,10494,10616,205,1786,1979,453
341,10494,10616,206,1783,1974,468
341,10494,10616,207,1790,1978,484
341,10494,10616,208,1792,1978,495
341,10494,10616,209,1787,1974,511
341,10494,10616,210,1795,1978,525
341,10494,10616,211,1797,1979,539
341,10494,10616,212,1792,1974,551
341,10494,10616,213,1800,1978,568
341,10494,10616,214,1802,1979,583
341,10494,10616,215,1797,1975,594
341,10494,10616,216,1805,1978,608
341,10494,10616,217,1807,1978,623
341,10494,10616,218,1802,1976,637
341,10494,10616,219,1809,1979,648
341,10494,10616,220,1812,1979,668
341,10494,10616,221,1807,1977,681
341,10494,10616,222,1815,1979,701
341,10494,10616,223,1817,1979,705
341,10494,10616,224,1811,1977,727
341,10494,10616,225,1821,1979,737
341,10494,10616,226,1821,1979,749
341,10494,10616,227,1817,1979,763
341,10494,10616,228,1824,1978,781
341,10494,10616,229,1826,1978,798
341,10494,10616,230,1822,1979,807
341,10494,10616,231,1829,1979,821
341,10494,10616,232,1831,1978,838
341,10494,10616,233,1829,1979,849
341,10494,10616,234,1833,1979,866
341,10494,10616,235,1836,1978,883
341,10494,10616,236,1835,1980,892
341,10494,10616,237,1838,1981,909
341,10494,10616,238,1840,1977,924
341,10494,10616,239,1839,1980,935
341,10494,10616,240,1844,1982,949
341,10494,10616,241,1845,1977,965
341,10494,10616,242,1847,1981,983
341,10494,10616,243,1848,1982,994
341,10494,10616,244,1849,1977,1012
341,10494,10616,245,1853,1981,1021
341,10494,10616,246,1854,1982,1035
341,10494,10616,247,1853,1977,1049
341,10494,10616,248,1858,1981,1063
341,10494,10616,249,1860,1982,1078
341,10494,10616,250,1858,1977,1092
341,10494,10616,251,1865,1981,1108
341,10494,10616,252,1866,1982,1121
341,10494,10616,253,1862,1978,1136
341,10494,10616,254,1870,1981,1149
341,10494,10616,255,1871,1982,1163
341,10494,10616,256,1866,1977,1179
341,10494,10616,257,1875,1982,1192
341,10494,10616,258,1877,1981,1208
341,10494,10616,259,1871,1978,1221
341,10494,10616,260,1881,1981,1237
341,10494,10616,261,1882,1982,1249
341,10494,10616,262,1877,1979,1263
341,10494,10616,263,1885,1980,1275
341,10494,10616,264,1888,1982,1291
341,10494,10616,265,1882,1979,1308
341,10494,10616,266,1891,1981,1319
341,10494,10616,267,1891,1981,1320
341,10494,10616,268,1882,1980,1308
341,10494,10616,269,1888,1980,1292
341,10494,10616,270,1885,1981,1284
341,10494,10616,271,1878,1980,1262
341,10494,10616,272,1882,1980,1249
341,10494,10616,273,1880,1981,1236
341,10494,10616,274,1875,1980,1220
341,10494,10616,275,1876,1980,1203
341,10494,10616,276,1875,1980,1196
341,10494,10616,277,1869,1980,1177
341,10494,10616,278,1870,1980,1156
341,10494,10616,279,1870,1979,1158
341,10494,10616,280,1865,1981,1131
341,10494,10616,281,1864,1981,1119
341,10494,10616,282,1863,1978,1110
341,10494,10616,283,1858,1981,1091
341,10494,10616,284,1858,1982,1077
341,10494,10616,285,1857,1977,1074
341,10494,10616,286,1855,1981,1051
341,10494,10616,287,1853,1982,1035
341,10494,10616,288,1851,1977,1022
341,10494,10616,289,1851,1981,1006
341,10494,10616,290,1850,1982,989
341,10494,10616,291,1845,1976,978
341,10494,10616,292,1846,1981,965
341,10494,10616,293,1844,1981,954
341,10494,10616,294,1838,1976,934
341,10494,10616,295,1841,1980,916
341,10494,10616,296,1841,1981,908
341,10494,10616,297,1833,1976,893
341,10494,10616,298,1836,1980,876
341,10494,10616,299,1835,1981,865
341,10494,10616,300,1827,1977,851
341,10494,10616,301,1832,1980,838
341,10494,10616,302,1830,1980,823
341,10494,10616,303,1821,1976,807
341,10494,10616,304,1827,1979,795
341,10494,10616,305,1826,1980,783
341,10494,10616,306,1816,1977,765
341,10494,10616,307,1822,1979,750
341,10494,10616,308,1820,1979,741
341,10494,10616,309,1811,1977,721
341,10494,10616,310,1817,1978,711
341,10494,10616,311,1815,1979,695
341,10494,10616,312,1807,1977,673
341,10494,10616,313,1811,1978,667
341,10494,10616,314,1810,1978,654
341,10494,10616,315,1803,1978,638
341,10494,10616,316,1805,1977,621
341,10494,10616,317,1805,1978,613
341,10494,10616,318,1798,1978,595
341,10494,10616,319,1801,1977,580
341,10494,10616,320,1800,1978,567
341,10494,10616,321,1795,1977,553
341,10494,10616,322,1795,1977,538
341,10494,10616,323,1795,1975,525
341,10494,10616,324,1790,1977,509
341,10494,10616,325,1790,1977,496
341,10494,10616,326,1789,1973,485
341,10494,10616,327,1786,1978,466
341,10494,10616,328,1784,1978,452
341,10494,10616,329,1783,1973,440
341,10494,10616,330,1782,1977,425
341,10494,10616,331,1780,1979,412
341,10494,10616,332,1778,1972,397
341,10494,10616,333,1778,1977,384
341,10494,10616,334,1776,1978,368
341,10494,10616,335,1773,1972,354
341,10494,10616,336,1774,1977,341
341,10494,10616,337,1774,1977,324
341,10494,10616,338,1766,1972,309
341,10494,10616,339,1769,1976,299
341,10494,10616,340,1768,1976,286
341,10494,10616,341,1761,1972,273
341,10494,10616,342,1765,1975,255
341,10494,10616,343,1764,1975,242
341,10494,10616,344,1755,1971,221
341,10494,10616,345,1760,1974,212
341,10494,10616,346,1758,1975,198
341,10494,10616,347,1750,1971,183
341,10494,10616,348,1756,1974,214
341,10494,10616,349,1770,1977,331
341,10494,10616,350,1773,1975,421
341,10494,10616,351,1795,1978,538
341,10494,10616,352,1807,1979,654
341,10494,10616,353,1812,1978,775
341,10494,10616,354,1834,1980,896
341,10494,10616,355,1851,1981,1015
343,10691,10813,0,2009,2034,1120
343,10691,10813,1,1862,1982,1178
343,10691,10813,2,1877,1982,1269
343,10691,10813,3,1893,1980,1367
343,10691,10813,4,1904,1983,1479
343,10691,10813,5,1919,1984,1611
343,10691,10813,6,1941,1980,1734
343,10691,10813,7,1958,1984,1869
343,10691,10813,8,1972,1986,2014
343,10691,10813,9,1994,1980,2142
343,10691,10813,10,2012,1984,2264
343,10691,10813,11,2031,1987,2432
343,10691,10813,12,2049,1981,2566
343,10691,10813,13,2070,1986,2695
343,10691,10813,14,2092,1987,2844
343,10691,10813,15,2105,1982,2978
343,10691,10813,16,2130,1986,3115
343,10691,10813,17,2152,1988,3262
343,10691,10813,18,2164,1983,3392
343,10691,10813,19,2187,1987,3497
343,10691,10813,20,2186,1986,3485
343,10691,10813,21,2179,1982,3471
343,10691,10813,22,2186,1986,3473
343,10691,10813,23,2187,1987,3477
343,10691,10813,24,2180,1983,3465
343,10691,10813,25,2182,1987,3450
343,10691,10813,26,2180,1987,3434
343,10691,10813,27,2172,1983,3420
343,10691,10813,28,2176,1986,3409
343,10691,10813,29,2175,1986,3394
343,10691,10813,30,2166,1983,3375
343,10691,10813,31,2171,1985,3365
343,10691,10813,32,2169,1985,3353
343,10691,10813,33,2161,1984,3336
343,10691,10813,34,2164,1985,3323
343,10691,10813,35,2162,1985,3309
343,10691,10813,36,2154,1984,3292
343,10691,10813,37,2158,1984,3281
343,10691,10813,38,2156,1985,3265
343,10691,10813,39,2150,1985,3257
343,10691,10813,40,2153,1984,3236
343,10691,10813,41,2151,1985,3232
343,10691,10813,42,2143,1985,3207
343,10691,10813,43,2145,1984,3194
343,10691,10813,44,2144,1983,3181
343,10691,10813,45,2138,1985,3168
343,10691,10813,46,2140,1985,3149
343,10691,10813,47,2138,1983,3137
343,10691,10813,48,2133,1985,3123
343,10691,10813,49,2133,1986,3108
343,10691,10813,50,2132,1982,3097
343,10691,10813,51,2129,1986,3083
343,10691,10813,52,2127,1987,3065
343,10691,10813,53,2125,1982,3054
343,10691,10813,54,2123,1986,3036
343,10691,10813,55,2121,1987,3026
343,10691,10813,56,2118,1981,3012
343,10691,10813,57,2119,1985,2993
343,10691,10813,58,2117,1986,2982
343,10691,10813,59,2111,1981,2968
343,10691,10813,60,2114,1985,2952
343,10691,10813,61,2111,1986,2939
343,10691,10813,62,2104,1981,2926
343,10691,10813,63,2107,1985,2910
343,10691,10813,64,2106,1985,2900
343,10691,10813,65,2098,1981,2880
343,10691,10813,66,2102,1985,2867
343,10691,10813,67,2101,1985,2853
343,10691,10813,68,2091,1982,2838
343,10691,10813,69,2097,1985,2825
343,10691,10813,70,2095,1986,2812
343,10691,10813,71,2085,1982,2799
343,10691,10813,72,2091,1985,2784
343,10691,10813,73,2088,1985,2770
343,10691,10813,74,2080,1982,2753
343,10691,10813,75,2084,1984,2742
343,10691,10813,76,2084,1984,2729
343,10691,10813,77,2074,1982,2711
343,10691,10813,78,2079,1983,2696
343,10691,10813,79,2076,1984,2690
343,10691,10813,80,2069,1983,2669
343,10691,10813,81,2072,1984,2657
343,10691,10813,82,2071,1984,2641
343,10691,10813,83,2064,1983,2625
343,10691,10813,84,2066,1984,2610
343,10691,10813,85,2065,1984,2599
343,10691,10813,86,2058,1984,2582
343,10691,10813,87,2059,1983,2567
343,10691,10813,88,2058,1982,2556
343,10691,10813,89,2056,1984,2553
343,10691,10813,90,2059,1985,2572
343,10691,10813,91,2062,1982,2583
343,10691,10813,92,2062,1984,2600
343,10691,10813,93,2063,1985,2612
343,10691,10813,94,2067,1981,2622
343,10691,10813,95,2069,1985,2642
343,10691,10813,96,2070,1986,2655
343,10691,10813,97,2073,1980,2667
343,10691,10813,98,2075,1985,2683
343,10691,10813,99,2076,1986,2696
343,10691,10813,100,2076,1980,2711
343,10691,10813,101,2082,1985,2722
343,10691,10813,102,2084,1986,2740
343,10691,10813,103,2081,1981,2765
343,10691,10813,104,2087,1985,2768
343,10691,10813,105,2091,1986,2782
343,10691,10813,106,2086,1981,2799
343,10691,10813,107,2094,1985,2811
343,10691,10813,108,2097,1986,2826
343,10691,10813,109,2092,1981,2836
343,10691,10813,110,2099,1985,2853
343,10691,10813,111,2102,1986,2867
343,10691,10813,112,2097,1981,2885
343,10691,10813,113,2106,1985,2895
343,10691,10813,114,2107,1985,2912
343,10691,10813,115,2103,1982,2924
343,10691,10813,116,2113,1986,2940
343,10691,10813,117,2114,1985,2954
343,10691,10813,118,2109,1983,2968
343,10691,10813,119,2117,1985,2982
343,10691,10813,120,2120,1985,2994
343,10691,10813,121,2113,1983,3012
343,10691,10813,122,2123,1985,3027
343,10691,10813,123,2125,1985,3039
343,10691,10813,124,2122,1985,3051
343,10691,10813,125,2128,1985,3070
343,10691,10813,126,2127,1984,3082
343,10691,10813,127,2128,1985,3094
343,10691,10813,128,2135,1985,3111
343,10691,10813,129,2136,1984,3125
343,10691,10813,130,2135,1985,3138
343,10691,10813,131,2139,1985,3150
343,10691,10813,132,2142,1983,3165
343,10691,10813,133,2141,1985,3182
343,10691,10813,134,2146,1986,3194
343,10691,10813,135,2148,1983,3212
343,10691,10813,136,2147,1986,3221
343,10691,10813,137,2151,1987,3236
343,10691,10813,138,2152,1982,3251
343,10691,10813,139,2155,1986,3268
343,10691,10813,140,2157,1987,3279
343,10691,10813,141,2158,1982,3298
343,10691,10813,142,2162,1986,3309
343,10691,10813,143,2163,1987,3324
343,10691,10813,144,2163,1982,3339
343,10691,10813,145,2168,1986,3339
343,10691,10813,146,2171,1987,3365
343,10691,10813,147,2168,1982,3379
343,10691,10813,148,2174,1986,3396
343,10691,10813,149,2177,1987,3407
343,10691,10813,150,2173,1982,3420
343,10691,10813,151,2180,1986,3437
343,10691,10813,152,2184,1987,3448
343,10691,10813,153,2178,1982,3461
343,10691,10813,154,2186,1987,3477
343,10691,10813,155,2186,1986,3473
343,10691,10813,156,2180,1982,3471
343,10691,10813,157,2189,1987,3484
343,10691,10813,158,2190,1986,3498
343,10691,10813,159,2184,1984,3509
343,10691,10813,160,2192,1986,3519
343,10691,10813,161,2193,1986,3512
343,10691,10813,162,2182,1983,3467
343,10691,10813,163,2177,1984,3369
343,10691,10813,164,2162,1985,3276
343,10691,10813,165,2143,1984,3212
343,10691,10813,166,2143,1985,3123
343,10691,10813,167,2127,1985,3025
343,10691,10813,168,2104,1983,2904
343,10691,10813,169,2098,1983,2780
343,10691,10813,170,2079,1983,2653
343,10691,10813,171,2049,1982,2512
343,10691,10813,172,2041,1982,2384
343,10691,10813,173,2022,1982,2239
343,10691,10813,174,1996,1981,2078
343,10691,10813,175,1963,1982,1905
343,10691,10813,176,1956,1979,1762
343,10691,10813,177,1934,1981,1601
343,10691,10813,178,1924,1982,1525
343,10691,10813,179,1910,1977,1401
343,10691,10813,180,1888,1981,1270
343,10691,10813,181,1872,1982,1094
343,10691,10813,182,1854,1976,997
343,10691,10813,183,1840,1979,860
343,10691,10813,184,1823,1980,725
343,10691,10813,185,1805,1973,584
343,10691,10813,186,1790,1977,447
343,10691,10813,187,1773,1977,303
343,10691,10813,188,1757,1971,236
343,10691,10813,189,1762,1975,223
343,10691,10813,190,1764,1976,239
343,10691,10813,191,1760,1971,254
343,10691,10813,192,1767,1976,270
343,10691,10813,193,1770,1976,284
343,10691,10813,194,1764,1972,297
343,10691,10813,195,1771,1976,311
343,10691,10813,196,1772,1976,326
343,10691,10813,197,1768,1972,341
343,10691,10813,198,1776,1976,355
343,10691,10813,199,1778,1977,370
343,10691,10813,200,1772,1973,382
343,10691,10813,201,1781,1977,397
343,10691,10813,202,1783,1978,413
343,10691,10813,203,1777,1974,425
343,10691,10813,204,1786,1977,442
343,10691,10813,205,1788,1977,452
343,10691,10813,206,1783,1975,468
343,10691,10813,207,1791,1977,482
343,10691,10813,208,1792,1977,494
343,10691,10813,209,1787,1976,510
343,10691,10813,210,1795,1977,511
343,10691,10813,211,1797,1977,539
343,10691,10813,212,1793,1977,553
343,10691,10813,213,1799,1978,566
343,10691,10813,214,1801,1978,582
343,10691,10813,215,1798,1978,595
343,10691,10813,216,1804,1978,609
343,10691,10813,217,1807,1978,626
343,10691,10813,218,1805,1979,637
343,10691,10813,219,1809,1979,652
343,10691,10813,220,1810,1977,668
343,10691,10813,221,1810,1979,677
343,10691,10813,222,1813,1979,696
343,10691,10813,223,1815,1976,702
343,10691,10813,224,1815,1979,722
343,10691,10813,225,1817,1981,734
343,10691,10813,226,1820,1976,752
343,10691,10813,227,1821,1980,764
343,10691,10813,228,1823,1982,780
343,10691,10813,229,1823,1976,794
343,10691,10813,230,1826,1980,807
343,10691,10813,231,1829,1981,826
343,10691,10813,232,1827,1976,836
343,10691,10813,233,1833,1981,851
343,10691,10813,234,1835,1981,866
343,10691,10813,235,1831,1976,876
343,10691,10813,236,1837,1980,894
343,10691,10813,237,1841,1981,909
343,10691,10813,238,1835,1976,923
343,10691,10813,239,1843,1980,926
343,10691,10813,240,1846,1981,949
343,10691,10813,241,1840,1977,963
343,10691,10813,242,1848,1981,979
343,10691,10813,243,1850,1981,993
343,10691,10813,244,1845,1977,1012
343,10691,10813,245,1854,1981,1024
343,10691,10813,246,1856,1981,1038
343,10691,10813,247,1850,1978,1041
343,10691,10813,248,1860,1981,1046
343,10691,10813,249,1861,1981,1080
343,10691,10813,250,1856,1979,1092
343,10691,10813,251,1864,1980,1107
343,10691,10813,252,1867,1980,1122
343,10691,10813,253,1863,1980,1134
343,10691,10813,254,1869,1980,1147
343,10691,10813,255,1873,1980,1166
343,10691,10813,256,1867,1980,1176
343,10691,10813,257,1876,1980,1193
343,10691,10813,258,1876,1981,1205
343,10691,10813,259,1874,1981,1222
343,10691,10813,260,1879,1980,1233
343,10691,10813,261,1881,1980,1242
343,10691,10813,262,1881,1981,1261
343,10691,10813,263,1884,1981,1274
343,10691,10813,264,1888,1979,1294
343,10691,10813,265,1886,1981,1307
343,10691,10813,266,1888,1982,1319
343,10691,10813,267,1890,1978,1321
343,10691,10813,268,1887,1982,1305
343,10691,10813,269,1884,1982,1289
343,10691,10813,270,1884,1977,1280
343,10691,10813,271,1883,1982,1263
343,10691,10813,272,1880,1983,1245
343,10691,10813,273,1877,1977,1236
343,10691,10813,274,1877,1982,1226
343,10691,10813,275,1876,1983,1206
343,10691,10813,276,1871,1977,1191
343,10691,10813,277,1872,1981,1178
343,10691,10813,278,1871,1982,1162
343,10691,10813,279,1864,1977,1148
343,10691,10813,280,1868,1981,1135
343,10691,10813,281,1867,1982,1124
343,10691,10813,282,1858,1977,1108
343,10691,10813,283,1863,1981,1090
343,10691,10813,284,1861,1981,1081
343,10691,10813,285,1853,1977,1060
343,10691,10813,286,1858,1981,1053
343,10691,10813,287,1856,1981,1034
343,10691,10813,288,1847,1978,1018
343,10691,10813,289,1852,1980,1005
343,10691,10813,290,1851,1981,991
343,10691,10813,291,1842,1977,979
343,10691,10813,292,1847,1980,960
343,10691,10813,293,1845,1981,952
343,10691,10813,294,1836,1978,935
343,10691,10813,295,1842,1980,923
343,10691,10813,296,1841,1980,909
343,10691,10813,297,1834,1979,893
343,10691,10813,298,1836,1980,881
343,10691,10813,299,1835,1979,866
343,10691,10813,300,1828,1979,850
343,10691,10813,301,1831,1980,837
343,10691,10813,302,1830,1979,824
343,10691,10813,303,1822,1979,808
343,10691,10813,304,1825,1979,794
343,10691,10813,305,1824,1978,780
343,10691,10813,306,1819,1979,767
343,10691,10813,307,1820,1979,751
343,10691,10813,308,1819,1977,740
343,10691,10813,309,1814,1979,724
343,10691,10813,310,1814,1980,710
343,10691,10813,311,1814,1975,696
343,10691,10813,312,1810,1979,670
343,10691,10813,313,1809,1980,665
343,10691,10813,314,1808,1975,651
343,10691,10813,315,1807,1979,638
343,10691,10813,316,1805,1980,627
343,10691,10813,317,1801,1974,607
343,10691,10813,318,1802,1979,596
343,10691,10813,319,1801,1980,581
343,10691,10813,320,1795,1974,570
343,10691,10813,321,1798,1978,552
343,10691,10813,322,1797,1979,537
343,10691,10813,323,1790,1974,525
343,10691,10813,324,1793,1978,524
343,10691,10813,325,1793,1978,496
343,10691,10813,326,1784,1974,480
343,10691,10813,327,1788,1978,471
343,10691,10813,328,1787,1978,452
343,10691,10813,329,1779,1973,439
343,10691,10813,330,1784,1977,426
343,10691,10813,331,1782,1977,411
343,10691,10813,332,1774,1973,398
343,10691,10813,333,1779,1977,382
343,10691,10813,334,1778,1977,369
343,10691,10813,335,1769,1974,354
343,10691,10813,336,1774,1975,341
343,10691,10813,337,1772,1975,328
343,10691,10813,338,1765,1974,311
343,10691,10813,339,1770,1974,303
343,10691,10813,340,1768,1975,284
343,10691,10813,341,1760,1974,272
343,10691,10813,342,1764,1974,256
343,10691,10813,343,1763,1974,242
343,10691,10813,344,1756,1974,227
343,10691,10813,345,1759,1973,214
343,10691,10813,346,1759,1973,199
343,10691,10813,347,1752,1974,188
343,10691,10813,348,1754,1972,185
343,10691,10813,349,1761,1973,241
343,10691,10813,350,1770,1976,344
343,10691,10813,351,1782,1977,440
343,10691,10813,352,1794,1976,536
343,10691,10813,353,1803,1979,663
343,10691,10813,354,1814,1981,777
343,10691,10813,355,1833,1977,907
345,10866,10988,0,2002,2027,1331
345,10866,10988,1,1892,1983,1370
345,10866,10988,2,1905,1984,1447
345,10866,10988,3,1912,1978,1523
345,10866,10988,4,1922,1983,1598
345,10866,10988,5,1938,1985,1703
345,10866,10988,6,1947,1979,1820
345,10866,10988,7,1969,1984,1930
345,10866,10988,8,1985,1986,2082
345,10866,10988,9,1997,1980,2183
345,10866,10988,10,2021,1985,2311
345,10866,10988,11,2039,1986,2450
345,10866,10988,12,2049,1981,2585
345,10866,10988,13,2076,1986,2721
345,10866,10988,14,2096,1987,2847
345,10866,10988,15,2107,1982,2995
345,10866,10988,16,2131,1986,3099
345,10866,10988,17,2147,1986,3202
345,10866,10988,18,2155,1983,3325
345,10866,10988,19,2178,1987,3452
345,10866,10988,20,2186,1986,3485
345,10866,10988,21,2178,1983,3471
345,10866,10988,22,2185,1985,3472
345,10866,10988,23,2186,1986,3477
345,10866,10988,24,2177,1983,3471
345,10866,10988,25,2182,1986,3451
345,10866,10988,26,2181,1985,3437
345,10866,10988,27,2173,1984,3417
345,10866,10988,28,2176,1985,3407
345,10866,10988,29,2176,1986,3383
345,10866,10988,30,2166,1985,3378
345,10866,10988,31,2168,1985,3365
345,10866,10988,32,2169,1985,3351
345,10866,10988,33,2162,1985,3339
345,10866,10988,34,2163,1984,3320
345,10866,10988,35,2163,1985,3299
345,10866,10988,36,2156,1986,3293
345,10866,10988,37,2158,1985,3280
345,10866,10988,38,2156,1983,3265
345,10866,10988,39,2152,1985,3252
345,10866,10988,40,2151,1986,3235
345,10866,10988,41,2149,1983,3222
345,10866,10988,42,2146,1986,3205
345,10866,10988,43,2146,1987,3194
345,10866,10988,44,2143,1982,3182
345,10866,10988,45,2142,1985,3167
345,10866,10988,46,2139,1987,3152
345,10866,10988,47,2137,1981,3139
345,10866,10988,48,2135,1986,3122
345,10866,10988,49,2134,1987,3106
345,10866,10988,50,2130,1981,3093
345,10866,10988,51,2129,1986,3081
345,10866,10988,52,2129,1987,3063
345,10866,10988,53,2122,1981,3055
345,10866,10988,54,2125,1986,3036
345,10866,10988,55,2124,1986,3023
345,10866,10988,56,2115,1981,3008
345,10866,10988,57,2120,1985,2996
345,10866,10988,58,2119,1986,2986
345,10866,10988,59,2109,1981,2967
345,10866,10988,60,2114,1985,2953
345,10866,10988,61,2112,1985,2938
345,10866,10988,62,2103,1982,2927
345,10866,10988,63,2108,1985,2908
345,10866,10988,64,2106,1985,2895
345,10866,10988,65,2097,1981,2879
345,10866,10988,66,2102,1984,2865
345,10866,10988,67,2101,1984,2847
345,10866,10988,68,2091,1983,2838
345,10866,10988,69,2096,1984,2824
345,10866,10988,70,2094,1984,2812
345,10866,10988,71,2086,1983,2795
345,10866,10988,72,2090,1984,2780
345,10866,10988,73,2089,1984,2767
345,10866,10988,74,2080,1984,2753
345,10866,10988,75,2084,1984,2740
345,10866,10988,76,2082,1984,2724
345,10866,10988,77,2076,1984,2711
345,10866,10988,78,2077,1984,2692
345,10866,10988,79,2075,1984,2682
345,10866,10988,80,2070,1984,2669
345,10866,10988,81,2072,1984,2653
345,10866,10988,82,2070,1982,2641
345,10866,10988,83,2066,1984,2619
345,10866,10988,84,2064,1985,2611
345,10866,10988,85,2063,1981,2598
345,10866,10988,86,2061,1985,2583
345,10866,10988,87,2059,1986,2570
345,10866,10988,88,2057,1980,2570
345,10866,10988,89,2057,1985,2555
345,10866,10988,90,2058,1987,2570
345,10866,10988,91,2059,1981,2582
345,10866,10988,92,2064,1985,2602
345,10866,10988,93,2066,1986,2611
345,10866,10988,94,2063,1981,2628
345,10866,10988,95,2069,1985,2640
345,10866,10988,96,2073,1986,2657
345,10866,10988,97,2068,1981,2670
345,10866,10988,98,2076,1985,2683
345,10866,10988,99,2079,1986,2696
345,10866,10988,100,2075,1981,2711
345,10866,10988,101,2082,1985,2727
345,10866,10988,102,2085,1986,2739
345,10866,10988,103,2080,1981,2752
345,10866,10988,104,2088,1985,2768
345,10866,10988,105,2090,1985,2781
345,10866,10988,106,2085,1982,2795
345,10866,10988,107,2094,1985,2810
345,10866,10988,108,2097,1985,2824
345,10866,10988,109,2092,1982,2837
345,10866,10988,110,2100,1984,2850
345,10866,10988,111,2102,1985,2868
345,10866,10988,112,2098,1983,2880
345,10866,10988,113,2106,1984,2894
345,10866,10988,114,2108,1985,2912
345,10866,10988,115,2103,1984,2925
345,10866,10988,116,2111,1984,2940
345,10866,10988,117,2114,1984,2953
345,10866,10988,118,2109,1984,2966
345,10866,10988,119,2117,1984,2981
345,10866,10988,120,2119,1984,2997
345,10866,10988,121,2117,1985,3008
345,10866,10988,122,2123,1984,3021
345,10866,10988,123,2125,1985,3037
345,10866,10988,124,2124,1985,3054
345,10866,10988,125,2127,1985,3065
345,10866,10988,126,2130,1983,3081
345,10866,10988,127,2130,1985,3091
345,10866,10988,128,2133,1986,3107
345,10866,10988,129,2135,1982,3127
345,10866,10988,130,2137,1986,3136
345,10866,10988,131,2139,1987,3156
345,10866,10988,132,2141,1981,3163
345,10866,10988,133,2143,1986,3181
345,10866,10988,134,2144,1987,3193
345,10866,10988,135,2146,1982,3206
345,10866,10988,136,2148,1986,3224
345,10866,10988,137,2152,1988,3236
345,10866,10988,138,2151,1982,3250
345,10866,10988,139,2156,1986,3262
345,10866,10988,140,2159,1987,3279
345,10866,10988,141,2155,1982,3296
345,10866,10988,142,2162,1986,3310
345,10866,10988,143,2166,1987,3320
345,10866,10988,144,2160,1982,3340
345,10866,10988,145,2168,1987,3351
345,10866,10988,146,2170,1986,3363
345,10866,10988,147,2166,1982,3378
345,10866,10988,148,2175,1986,3392
345,10866,10988,149,2177,1986,3406
345,10866,10988,150,2172,1983,3419
345,10866,10988,151,2181,1985,3433
345,10866,10988,152,2182,1986,3450
345,10866,10988,153,2178,1983,3462
345,10866,10988,154,2186,1986,3475
345,10866,10988,155,2186,1986,3473
345,10866,10988,156,2179,1984,3471
345,10866,10988,157,2188,1985,3485
345,10866,10988,158,2190,1986,3502
345,10866,10988,159,2185,1985,3511
345,10866,10988,160,2192,1985,3515
345,10866,10988,161,2193,1986,3518
345,10866,10988,162,2185,1984,3450
345,10866,10988,163,2165,1983,3315
345,10866,10988,164,2154,1984,3184
345,10866,10988,165,2128,1984,3079
345,10866,10988,166,2115,1982,2938
345,10866,10988,167,2102,1982,2818
345,10866,10988,168,2072,1983,2671
345,10866,10988,169,2062,1984,2554
345,10866,10988,170,2047,1980,2429
345,10866,10988,171,2020,1983,2312
345,10866,10988,172,2011,1984,2189
345,10866,10988,173,1994,1979,2051
345,10866,10988,174,1979,1983,1951
345,10866,10988,175,1957,1984,1820
345,10866,10988,176,1944,1978,1693
345,10866,10988,177,1927,1982,1554
345,10866,10988,178,1910,1983,1484
345,10866,10988,179,1898,1977,1358
345,10866,10988,180,1881,1981,1233
345,10866,10988,181,1872,1981,1098
345,10866,10988,182,1850,1975,975
345,10866,10988,183,1835,1979,834
345,10866,10988,184,1821,1979,715
345,10866,10988,185,1799,1974,566
345,10866,10988,186,1788,1977,455
345,10866,10988,187,1784,1977,366
345,10866,10988,188,1761,1971,247
345,10866,10988,189,1764,1975,224
345,10866,10988,190,1763,1976,240
345,10866,10988,191,1758,1972,256
345,10866,10988,192,1766,1976,266
345,10866,10988,193,1770,1976,287
345,10866,10988,194,1763,1973,296
345,10866,10988,195,1771,1976,312
345,10866,10988,196,1773,1976,322
345,10866,10988,197,1767,1974,339
345,10866,10988,198,1777,1975,352
345,10866,10988,199,1778,1976,372
345,10866,10988,200,1773,1975,385
345,10866,10988,201,1780,1976,397
345,10866,10988,202,1782,1976,411
345,10866,10988,203,1778,1976,425
345,10866,10988,204,1785,1976,416
345,10866,10988,205,1787,1977,456
345,10866,10988,206,1784,1976,470
345,10866,10988,207,1790,1977,478
345,10866,10988,208,1792,1977,500
345,10866,10988,209,1789,1977,511
345,10866,10988,210,1793,1977,524
345,10866,10988,211,1797,1976,540
345,10866,10988,212,1795,1978,552
345,10866,10988,213,1799,1978,564
345,10866,10988,214,1800,1976,569
345,10866,10988,215,1800,1979,597
345,10866,10988,216,1802,1980,607
345,10866,10988,217,1804,1975,629
345,10866,10988,218,1807,1979,638
345,10866,10988,219,1807,1981,651
345,10866,10988,220,1808,1975,665
345,10866,10988,221,1812,1980,681
345,10866,10988,222,1813,1981,695
345,10866,10988,223,1813,1975,709
345,10866,10988,224,1817,1980,722
345,10866,10988,225,1820,1981,738
345,10866,10988,226,1817,1975,750
345,10866,10988,227,1822,1980,765
345,10866,10988,228,1825,1981,776
345,10866,10988,229,1820,1976,792
345,10866,10988,230,1829,1980,810
345,10866,10988,231,1832,1980,824
345,10866,10988,232,1825,1976,832
345,10866,10988,233,1833,1981,850
345,10866,10988,234,1835,1981,867
345,10866,10988,235,1830,1977,876
345,10866,10988,236,1838,1981,894
345,10866,10988,237,1841,1981,909
345,10866,10988,238,1836,1978,908
345,10866,10988,239,1844,1980,938
345,10866,10988,240,1846,1981,950
345,10866,10988,241,1840,1978,965
345,10866,10988,242,1850,1980,979
345,10866,10988,243,1851,1981,993
345,10866,10988,244,1845,1979,1005
345,10866,10988,245,1854,1979,1022
345,10866,10988,246,1856,1980,1038
345,10866,10988,247,1850,1979,1046
345,10866,10988,248,1859,1980,1051
345,10866,10988,249,1860,1980,1078
345,10866,10988,250,1858,1980,1090
345,10866,10988,251,1863,1980,1106
345,10866,10988,252,1866,1980,1121
345,10866,10988,253,1863,1981,1132
345,10866,10988,254,1868,1980,1147
345,10866,10988,255,1871,1979,1163
345,10866,10988,256,1870,1981,1174
345,10866,10988,257,1873,1981,1180
345,10866,10988,258,1876,1978,1207
345,10866,10988,259,1876,1981,1218
345,10866,10988,260,1880,1982,1233
345,10866,10988,261,1881,1978,1251
345,10866,10988,262,1881,1982,1266
345,10866,10988,263,1884,1983,1276
345,10866,10988,264,1885,1978,1290
345,10866,10988,265,1888,1982,1306
345,10866,10988,266,1889,1983,1315
345,10866,10988,267,1887,1977,1314
345,10866,10988,268,1889,1982,1301
345,10866,10988,269,1887,1983,1289
345,10866,10988,270,1881,1978,1273
345,10866,10988,271,1882,1982,1263
345,10866,10988,272,1883,1983,1247
345,10866,10988,273,1875,1977,1232
345,10866,10988,274,1878,1982,1220
345,10866,10988,275,1878,1982,1209
345,10866,10988,276,1869,1977,1191
345,10866,10988,277,1874,1982,1172
345,10866,10988,278,1872,1982,1164
345,10866,10988,279,1863,1978,1150
345,10866,10988,280,1867,1981,1133
345,10866,10988,281,1868,1982,1121
345,10866,10988,282,1857,1978,1102
345,10866,10988,283,1863,1981,1092
345,10866,10988,284,1862,1981,1078
345,10866,10988,285,1852,1979,1059
345,10866,10988,286,1858,1981,1048
345,10866,10988,287,1856,1980,1037
345,10866,10988,288,1847,1979,1018
345,10866,10988,289,1852,1980,1013
345,10866,10988,290,1851,1980,993
345,10866,10988,291,1844,1979,982
345,10866,10988,292,1846,1979,964
345,10866,10988,293,1846,1980,952
345,10866,10988,294,1837,1980,935
345,10866,10988,295,1841,1979,921
345,10866,10988,296,1840,1979,911
345,10866,10988,297,1834,1980,894
345,10866,10988,298,1834,1979,877
345,10866,10988,299,1834,1978,868
345,10866,10988,300,1830,1979,852
345,10866,10988,301,1829,1980,837
345,10866,10988,302,1828,1977,824
345,10866,10988,303,1826,1980,809
345,10866,10988,304,1824,1981,794
345,10866,10988,305,1823,1976,782
345,10866,10988,306,1821,1980,768
345,10866,10988,307,1819,1981,750
345,10866,10988,308,1818,1975,738
345,10866,10988,309,1815,1979,722
345,10866,10988,310,1815,1980,708
345,10866,10988,311,1810,1975,697
345,10866,10988,312,1812,1979,685
345,10866,10988,313,1811,1980,667
345,10866,10988,314,1804,1975,653
345,10866,10988,315,1807,1978,637
345,10866,10988,316,1808,1979,620
345,10866,10988,317,1799,1975,609
345,10866,10988,318,1803,1978,594
345,10866,10988,319,1802,1979,580
345,10866,10988,320,1793,1975,566
345,10866,10988,321,1799,1978,549
345,10866,10988,322,1798,1978,536
345,10866,10988,323,1788,1974,526
345,10866,10988,324,1793,1978,510
345,10866,10988,325,1792,1978,496
345,10866,10988,326,1783,1975,484
345,10866,10988,327,1789,1977,469
345,10866,10988,328,1787,1977,455
345,10866,10988,329,1778,1975,439
345,10866,10988,330,1784,1976,426
345,10866,10988,331,1782,1977,410
345,10866,10988,332,1774,1976,397
345,10866,10988,333,1779,1975,380
345,10866,10988,334,1778,1976,370
345,10866,10988,335,1769,1975,354
345,10866,10988,336,1774,1975,339
345,10866,10988,337,1773,1975,329
345,10866,10988,338,1766,1975,314
345,10866,10988,339,1769,1974,298
345,10866,10988,340,1768,1974,280
345,10866,10988,341,1762,1975,266
345,10866,10988,342,1764,1974,249
345,10866,10988,343,1761,1972,244
345,10866,10988,344,1758,1974,223
345,10866,10988,345,1758,1974,212
345,10866,10988,346,1757,1971,187
345,10866,10988,347,1754,1973,184
345,10866,10988,348,1754,1975,184
345,10866,10988,349,1762,1971,259
345,10866,10988,350,1773,1976,330
345,10866,10988,351,1783,1979,445
345,10866,10988,352,1793,1974,545
345,10866,10988,353,1806,1980,671
345,10866,10988,354,1820,1982,792
345,10866,10988,355,1834,1976,879
347,11050,11172,0,2003,2032,1315
347,11050,11172,1,1893,1983,1364
347,11050,11172,2,1901,1982,1435
347,11050,11172,3,1908,1981,1512
347,11050,11172,4,1922,1982,1615
347,11050,11172,5,1938,1982,1694
347,11050,11172,6,1948,1983,1810
347,11050,11172,7,1967,1983,1909
347,11050,11172,8,1983,1983,2052
347,11050,11172,9,1995,1984,2183
347,11050,11172,10,2017,1983,2299
347,11050,11172,11,2036,1983,2443
347,11050,11172,12,2054,1984,2491
347,11050,11172,13,2071,1987,2706
347,11050,11172,14,2089,1982,2838
347,11050,11172,15,2107,1986,2984
347,11050,11172,16,2129,1988,3123
347,11050,11172,17,2144,1982,3219
347,11050,11172,18,2160,1987,3322
347,11050,11172,19,2173,1988,3454
347,11050,11172,20,2182,1982,3485
347,11050,11172,21,2184,1986,3471
347,11050,11172,22,2184,1987,3471
347,11050,11172,23,2181,1982,3477
347,11050,11172,24,2183,1986,3456
347,11050,11172,25,2182,1987,3449
347,11050,11172,26,2175,1982,3437
347,11050,11172,27,2178,1986,3420
347,11050,11172,28,2177,1987,3412
347,11050,11172,29,2170,1982,3396
347,11050,11172,30,2173,1986,3375
347,11050,11172,31,2172,1987,3366
347,11050,11172,32,2162,1982,3349
347,11050,11172,33,2167,1986,3336
347,11050,11172,34,2165,1986,3324
347,11050,11172,35,2157,1982,3308
347,11050,11172,36,2161,1986,3291
347,11050,11172,37,2160,1986,3281
347,11050,11172,38,2149,1983,3264
347,11050,11172,39,2155,1986,3251
347,11050,11172,40,2153,1986,3239
347,11050,11172,41,2145,1984,3221
347,11050,11172,42,2149,1985,3210
347,11050,11172,43,2147,1985,3194
347,11050,11172,44,2140,1984,3177
347,11050,11172,45,2143,1985,3167
347,11050,11172,46,2141,1985,3152
347,11050,11172,47,2133,1984,3136
347,11050,11172,48,2137,1984,3117
347,11050,11172,49,2134,1984,3110
347,11050,11172,50,2129,1984,3093
347,11050,11172,51,2130,1984,3076
347,11050,11172,52,2128,1984,3067
347,11050,11172,53,2123,1985,3053
347,11050,11172,54,2124,1984,3036
347,11050,11172,55,2122,1982,3025
347,11050,11172,56,2118,1985,3008
347,11050,11172,57,2118,1985,2998
347,11050,11172,58,2116,1982,2980
347,11050,11172,59,2113,1985,2967
347,11050,11172,60,2111,1986,2953
347,11050,11172,61,2109,1981,2941
347,11050,11172,62,2108,1985,2921
347,11050,11172,63,2106,1987,2914
347,11050,11172,64,2103,1981,2898
347,11050,11172,65,2103,1985,2883
347,11050,11172,66,2100,1986,2868
347,11050,11172,67,2095,1980,2854
347,11050,11172,68,2098,1985,2850
347,11050,11172,69,2095,1986,2825
347,11050,11172,70,2088,1981,2812
347,11050,11172,71,2092,1985,2799
347,11050,11172,72,2091,1985,2783
347,11050,11172,73,2082,1981,2764
347,11050,11172,74,2086,1985,2750
347,11050,11172,75,2085,1985,2741
347,11050,11172,76,2076,1981,2724
347,11050,11172,77,2081,1985,2710
347,11050,11172,78,2079,1985,2697
347,11050,11172,79,2070,1981,2682
347,11050,11172,80,2074,1985,2666
347,11050,11172,81,2073,1985,2656
347,11050,11172,82,2064,1982,2637
347,11050,11172,83,2069,1984,2625
347,11050,11172,84,2067,1984,2613
347,11050,11172,85,2058,1982,2597
347,11050,11172,86,2065,1984,2583
347,11050,11172,87,2061,1984,2570
347,11050,11172,88,2053,1983,2553
347,11050,11172,89,2059,1984,2552
347,11050,11172,90,2062,1985,2572
347,11050,11172,91,2058,1984,2585
347,11050,11172,92,2064,1984,2597
347,11050,11172,93,2069,1983,2615
347,11050,11172,94,2065,1984,2627
347,11050,11172,95,2070,1984,2638
347,11050,11172,96,2071,1983,2653
347,11050,11172,97,2071,1984,2666
347,11050,11172,98,2075,1985,2685
347,11050,11172,99,2078,1982,2696
347,11050,11172,100,2077,1985,2711
347,11050,11172,101,2081,1985,2724
347,11050,11172,102,2083,1981,2732
347,11050,11172,103,2084,1985,2752
347,11050,11172,104,2086,1986,2769
347,11050,11172,105,2088,1981,2782
347,11050,11172,106,2091,1985,2793
347,11050,11172,107,2092,1987,2810
347,11050,11172,108,2092,1981,2825
347,11050,11172,109,2098,1986,2839
347,11050,11172,110,2099,1987,2853
347,11050,11172,111,2097,1981,2866
347,11050,11172,112,2103,1985,2880
347,11050,11172,113,2106,1986,2896
347,11050,11172,114,2102,1980,2908
347,11050,11172,115,2109,1985,2924
347,11050,11172,116,2112,1986,2944
347,11050,11172,117,2108,1981,2950
347,11050,11172,118,2115,1985,2952
347,11050,11172,119,2119,1986,2981
347,11050,11172,120,2112,1982,2994
347,11050,11172,121,2121,1985,3011
347,11050,11172,122,2124,1986,3023
347,11050,11172,123,2118,1982,3032
347,11050,11172,124,2128,1986,3051
347,11050,11172,125,2130,1986,3065
347,11050,11172,126,2124,1983,3080
347,11050,11172,127,2134,1985,3098
347,11050,11172,128,2136,1986,3109
347,11050,11172,129,2131,1984,3123
347,11050,11172,130,2140,1985,3138
347,11050,11172,131,2140,1985,3152
347,11050,11172,132,2137,1984,3167
347,11050,11172,133,2145,1985,3180
347,11050,11172,134,2147,1985,3194
347,11050,11172,135,2143,1985,3210
347,11050,11172,136,2151,1985,3223
347,11050,11172,137,2153,1985,3241
347,11050,11172,138,2151,1985,3250
347,11050,11172,139,2156,1985,3263
347,11050,11172,140,2159,1985,3288
347,11050,11172,141,2157,1986,3294
347,11050,11172,142,2162,1986,3304
347,11050,11172,143,2164,1983,3323
347,11050,11172,144,2164,1986,3338
347,11050,11172,145,2167,1987,3349
347,11050,11172,146,2169,1983,3365
347,11050,11172,147,2171,1986,3379
347,11050,11172,148,2172,1987,3395
347,11050,11172,149,2175,1982,3408
347,11050,11172,150,2177,1986,3423
347,11050,11172,151,2177,1988,3434
347,11050,11172,152,2180,1983,3450
347,11050,11172,153,2184,1987,3465
347,11050,11172,154,2185,1987,3476
347,11050,11172,155,2181,1982,3472
347,11050,11172,156,2185,1986,3472
347,11050,11172,157,2188,1987,3480
347,11050,11172,158,2183,1983,3498
347,11050,11172,159,2191,1987,3511
347,11050,11172,160,2192,1987,3517
347,11050,11172,161,2187,1982,3517
347,11050,11172,162,2190,1987,3478
347,11050,11172,163,2172,1985,3342
347,11050,11172,164,2148,1981,3206
347,11050,11172,165,2137,1985,3069
347,11050,11172,166,2122,1985,2952
347,11050,11172,167,2094,1981,2805
347,11050,11172,168,2082,1983,2657
347,11050,11172,169,2064,1984,2554
347,11050,11172,170,2042,1981,2428
347,11050,11172,171,2030,1983,2302
347,11050,11172,172,2013,1983,2173
347,11050,11172,173,1988,1980,2059
347,11050,11172,174,1973,1981,1919
347,11050,11172,175,1959,1982,1799
347,11050,11172,176,1935,1980,1677
347,11050,11172,177,1927,1981,1549
347,11050,11172,178,1919,1982,1490
347,11050,11172,179,1896,1980,1367
347,11050,11172,180,1886,1980,1241
347,11050,11172,181,1870,1980,1112
347,11050,11172,182,1849,1980,978
347,11050,11172,183,1835,1978,842
347,11050,11172,184,1821,1977,706
347,11050,11172,185,1803,1977,566
347,11050,11172,186,1787,1976,443
347,11050,11172,187,1774,1973,349
347,11050,11172,188,1763,1975,229
347,11050,11172,189,1760,1976,223
347,11050,11172,190,1762,1972,239
347,11050,11172,191,1764,1976,254
347,11050,11172,192,1764,1977,269
347,11050,11172,193,1766,1971,285
347,11050,11172,194,1768,1976,298
347,11050,11172,195,1771,1978,313
347,11050,11172,196,1769,1972,328
347,11050,11172,197,1773,1977,342
347,11050,11172,198,1776,1977,353
347,11050,11172,199,1772,1973,367
347,11050,11172,200,1778,1977,384
347,11050,11172,201,1782,1977,397
347,11050,11172,202,1776,1973,412
347,11050,11172,203,1784,1977,427
347,11050,11172,204,1786,1978,435
347,11050,11172,205,1781,1973,454
347,11050,11172,206,1789,1978,469
347,11050,11172,207,1791,1978,481
347,11050,11172,208,1785,1974,497
347,11050,11172,209,1794,1978,511
347,11050,11172,210,1796,1978,524
347,11050,11172,211,1790,1975,534
347,11050,11172,212,1798,1978,552
347,11050,11172,213,1800,1978,564
347,11050,11172,214,1795,1976,581
347,11050,11172,215,1803,1978,600
347,11050,11172,216,1804,1978,609
347,11050,11172,217,1801,1976,622
347,11050,11172,218,1808,1978,638
347,11050,11172,219,1810,1978,653
347,11050,11172,220,1805,1977,664
347,11050,11172,221,1814,1979,680
347,11050,11172,222,1815,1979,698
347,11050,11172,223,1811,1979,718
347,11050,11172,224,1818,1978,720
347,11050,11172,225,1819,1979,738
347,11050,11172,226,1817,1979,749
347,11050,11172,227,1822,1978,766
347,11050,11172,228,1824,1977,777
347,11050,11172,229,1822,1979,790
347,11050,11172,230,1826,1980,803
347,11050,11172,231,1828,1977,824
347,11050,11172,232,1828,1980,837
347,11050,11172,233,1832,1982,850
347,11050,11172,234,1833,1976,868
347,11050,11172,235,1835,1980,879
347,11050,11172,236,1837,1982,892
347,11050,11172,237,1838,1976,909
347,11050,11172,238,1839,1981,921
347,11050,11172,239,1842,1982,935
347,11050,11172,240,1841,1977,951
347,11050,11172,241,1846,1981,966
347,11050,11172,242,1848,1982,978
347,11050,11172,243,1845,1976,992
347,11050,11172,244,1851,1981,1006
347,11050,11172,245,1855,1981,1021
347,11050,11172,246,1849,1977,1035
347,11050,11172,247,1856,1981,1049
347,11050,11172,248,1859,1982,1064
347,11050,11172,249,1854,1977,1076
347,11050,11172,250,1863,1981,1091
347,11050,11172,251,1865,1981,1103
347,11050,11172,252,1859,1978,1126
347,11050,11172,253,1869,1981,1134
347,11050,11172,254,1870,1981,1148
347,11050,11172,255,1865,1978,1164
347,11050,11172,256,1873,1981,1176
347,11050,11172,257,1875,1982,1191
347,11050,11172,258,1870,1979,1203
347,11050,11172,259,1879,1981,1220
347,11050,11172,260,1881,1981,1236
347,11050,11172,261,1875,1980,1244
347,11050,11172,262,1884,1980,1264
347,11050,11172,263,1886,1981,1277
347,11050,11172,264,1882,1981,1299
347,11050,11172,265,1889,1981,1307
347,11050,11172,266,1891,1981,1323
347,11050,11172,267,1886,1981,1320
347,11050,11172,268,1888,1980,1305
347,11050,11172,269,1887,1981,1293
347,11050,11172,270,1881,1981,1276
347,11050,11172,271,1883,1981,1261
347,11050,11172,272,1881,1979,1250
347,11050,11172,273,1877,1981,1238
347,11050,11172,274,1877,1981,1215
347,11050,11172,275,1874,1978,1210
347,11050,11172,276,1873,1981,1191
347,11050,11172,277,1871,1982,1172
347,11050,11172,278,1870,1978,1163
347,11050,11172,279,1867,1981,1148
347,11050,11172,280,1866,1983,1135
347,11050,11172,281,1864,1977,1118
347,11050,11172,282,1863,1981,1105
347,11050,11172,283,1861,1983,1090
347,11050,11172,284,1856,1977,1079
347,11050,11172,285,1859,1982,1062
347,11050,11172,286,1858,1982,1049
347,11050,11172,287,1850,1977,1034
347,11050,11172,288,1853,1981,1018
347,11050,11172,289,1852,1981,1008
347,11050,11172,290,1844,1977,994
347,11050,11172,291,1848,1981,981
347,11050,11172,292,1848,1981,965
347,11050,11172,293,1839,1977,953
347,11050,11172,294,1843,1980,936
347,11050,11172,295,1842,1981,923
347,11050,11172,296,1834,1977,906
347,11050,11172,297,1838,1980,891
347,11050,11172,298,1837,1980,884
347,11050,11172,299,1828,1977,866
347,11050,11172,300,1834,1981,850
347,11050,11172,301,1831,1980,837
347,11050,11172,302,1823,1977,824
347,11050,11172,303,1828,1979,809
347,11050,11172,304,1827,1980,796
347,11050,11172,305,1818,1978,782
347,11050,11172,306,1823,1979,760
347,11050,11172,307,1821,1979,754
347,11050,11172,308,1814,1978,736
347,11050,11172,309,1818,1978,720
347,11050,11172,310,1817,1978,709
347,11050,11172,311,1808,1978,699
347,11050,11172,312,1812,1977,681
347,11050,11172,313,1811,1977,667
347,11050,11172,314,1806,1978,653
347,11050,11172,315,1807,1978,645
347,11050,11172,316,1806,1976,623
347,11050,11172,317,1801,1979,608
347,11050,11172,318,1804,1979,596
347,11050,11172,319,1801,1975,580
347,11050,11172,320,1797,1978,568
347,11050,11172,321,1797,1979,552
347,11050,11172,322,1795,1974,545
347,11050,11172,323,1793,1978,525
347,11050,11172,324,1792,1979,511
347,11050,11172,325,1788,1973,496
347,11050,11172,326,1789,1977,475
347,11050,11172,327,1788,1979,468
347,11050,11172,328,1782,1973,455
347,11050,11172,329,1784,1977,438
347,11050,11172,330,1784,1978,428
347,11050,11172,331,1776,1973,409
347,11050,11172,332,1779,1977,394
347,11050,11172,333,1780,1977,382
347,11050,11172,334,1772,1972,368
347,11050,11172,335,1775,1976,354
347,11050,11172,336,1775,1976,336
347,11050,11172,337,1766,1972,325
347,11050,11172,338,1771,1976,311
347,11050,11172,339,1770,1976,300
347,11050,11172,340,1760,1972,284
347,11050,11172,341,1767,1975,270
347,11050,11172,342,1764,1975,255
347,11050,11172,343,1756,1972,237
347,11050,11172,344,1762,1974,226
347,11050,11172,345,1760,1975,219
347,11050,11172,346,1751,1972,197
347,11050,11172,347,1758,1973,190
347,11050,11172,348,1756,1974,181
347,11050,11172,349,1756,1974,251
347,11050,11172,350,1773,1975,347
347,11050,11172,351,1783,1976,447
347,11050,11172,352,1790,1978,554
347,11050,11172,353,1808,1978,663
347,11050,11172,354,1823,1979,780
347,11050,11172,355,1832,1980,919
349,11225,11347,0,1990,2022,1139
349,11225,11347,1,1871,1984,1217
349,11225,11347,2,1888,1983,1308
349,11225,11347,3,1894,1979,1450
349,11225,11347,4,1916,1983,1527
349,11225,11347,5,1931,1984,1652
349,11225,11347,6,1938,1980,1780
349,11225,11347,7,1966,1984,1903
349,11225,11347,8,1982,1985,2025
349,11225,11347,9,1991,1981,2161
349,11225,11347,10,2018,1985,2279
349,11225,11347,11,2030,1985,2423
349,11225,11347,12,2044,1982,2560
349,11225,11347,13,2073,1985,2695
349,11225,11347,14,2092,1986,2844
349,11225,11347,15,2098,1984,3031
349,11225,11347,16,2142,1986,3192
349,11225,11347,17,2164,1986,3340
349,11225,11347,18,2175,1985,3473
349,11225,11347,19,2188,1985,3503
349,11225,11347,20,2189,1986,3484
349,11225,11347,21,2179,1984,3471
349,11225,11347,22,2186,1985,3472
349,11225,11347,23,2186,1985,3476
349,11225,11347,24,2179,1985,3465
349,11225,11347,25,2182,1985,3443
349,11225,11347,26,2179,1985,3434
349,11225,11347,27,2174,1985,3420
349,11225,11347,28,2175,1984,3404
349,11225,11347,29,2174,1984,3395
349,11225,11347,30,2170,1986,3382
349,11225,11347,31,2169,1986,3364
349,11225,11347,32,2168,1983,3349
349,11225,11347,33,2165,1986,3336
349,11225,11347,34,2163,1986,3321
349,11225,11347,35,2161,1982,3310
349,11225,11347,36,2159,1986,3293
349,11225,11347,37,2156,1987,3279
349,11225,11347,38,2154,1982,3269
349,11225,11347,39,2153,1986,3247
349,11225,11347,40,2151,1987,3238
349,11225,11347,41,2147,1981,3221
349,11225,11347,42,2149,1986,3208
349,11225,11347,43,2146,1987,3194
349,11225,11347,44,2140,1982,3183
349,11225,11347,45,2143,1985,3167
349,11225,11347,46,2141,1986,3153
349,11225,11347,47,2133,1981,3136
349,11225,11347,48,2137,1986,3120
349,11225,11347,49,2136,1986,3111
349,11225,11347,50,2127,1982,3091
349,11225,11347,51,2131,1986,3079
349,11225,11347,52,2129,1986,3067
349,11225,11347,53,2121,1982,3052
349,11225,11347,54,2124,1985,3035
349,11225,11347,55,2124,1986,3024
349,11225,11347,56,2116,1982,3009
349,11225,11347,57,2119,1985,2997
349,11225,11347,58,2118,1985,2980
349,11225,11347,59,2109,1982,2964
349,11225,11347,60,2115,1985,2953
349,11225,11347,61,2112,1985,2943
349,11225,11347,62,2103,1983,2925
349,11225,11347,63,2108,1984,2910
349,11225,11347,64,2106,1984,2900
349,11225,11347,65,2098,1984,2887
349,11225,11347,66,2101,1984,2872
349,11225,11347,67,2101,1984,2856
349,11225,11347,68,2092,1984,2840
349,11225,11347,69,2096,1984,2826
349,11225,11347,70,2094,1984,2812
349,11225,11347,71,2088,1984,2794
349,11225,11347,72,2089,1983,2783
349,11225,11347,73,2090,1983,2772
349,11225,11347,74,2083,1985,2753
349,11225,11347,75,2083,1984,2737
349,11225,11347,76,2081,1982,2727
349,11225,11347,77,2077,1984,2710
349,11225,11347,78,2076,1985,2724
349,11225,11347,79,2076,1980,2685
349,11225,11347,80,2072,1985,2668
349,11225,11347,81,2071,1986,2655
349,11225,11347,82,2068,1980,2640
349,11225,11347,83,2067,1984,2628
349,11225,11347,84,2065,1986,2611
349,11225,11347,85,2063,1981,2604
349,11225,11347,86,2062,1984,2586
349,11225,11347,87,2060,1986,2569
349,11225,11347,88,2054,1980,2555
349,11225,11347,89,2058,1985,2555
349,11225,11347,90,2061,1985,2571
349,11225,11347,91,2057,1981,2584
349,11225,11347,92,2064,1985,2601
349,11225,11347,93,2067,1985,2612
349,11225,11347,94,2062,1981,2626
349,11225,11347,95,2071,1985,2637
349,11225,11347,96,2073,1985,2654
349,11225,11347,97,2069,1981,2670
349,11225,11347,98,2076,1985,2684
349,11225,11347,99,2079,1985,2696
349,11225,11347,100,2074,1982,2709
349,11225,11347,101,2083,1984,2727
349,11225,11347,102,2085,1985,2738
349,11225,11347,103,2079,1982,2753
349,11225,11347,104,2088,1984,2764
349,11225,11347,105,2091,1985,2784
349,11225,11347,106,2085,1983,2795
349,11225,11347,107,2095,1984,2812
349,11225,11347,108,2096,1985,2827
349,11225,11347,109,2092,1984,2847
349,11225,11347,110,2100,1984,2851
349,11225,11347,111,2103,1984,2874
349,11225,11347,112,2100,1985,2884
349,11225,11347,113,2104,1984,2894
349,11225,11347,114,2108,1984,2909
349,11225,11347,115,2105,1985,2927
349,11225,11347,116,2111,1984,2940
349,11225,11347,117,2112,1983,2957
349,11225,11347,118,2113,1985,2965
349,11225,11347,119,2114,1986,2978
349,11225,11347,120,2118,1982,2993
349,11225,11347,121,2119,1986,3008
349,11225,11347,122,2121,1987,3023
349,11225,11347,123,2124,1982,3037
349,11225,11347,124,2125,1986,3053
349,11225,11347,125,2127,1987,3064
349,11225,11347,126,2129,1982,3082
349,11225,11347,127,2131,1986,3079
349,11225,11347,128,2134,1987,3109
349,11225,11347,129,2132,1981,3121
349,11225,11347,130,2138,1986,3136
349,11225,11347,131,2141,1987,3151
349,11225,11347,132,2137,1982,3170
349,11225,11347,133,2145,1986,3181
349,11225,11347,134,2148,1987,3195
349,11225,11347,135,2142,1982,3208
349,11225,11347,136,2151,1986,3224
349,11225,11347,137,2154,1987,3237
349,11225,11347,138,2148,1982,3249
349,11225,11347,139,2157,1986,3266
349,11225,11347,140,2159,1986,3273
349,11225,11347,141,2154,1982,3292
349,11225,11347,142,2164,1986,3310
349,11225,11347,143,2165,1986,3322
349,11225,11347,144,2160,1983,3331
349,11225,11347,145,2169,1986,3351
349,11225,11347,146,2171,1986,3365
349,11225,11347,147,2166,1984,3377
349,11225,11347,148,2175,1986,3392
349,11225,11347,149,2176,1986,3406
349,11225,11347,150,2172,1985,3421
349,11225,11347,151,2181,1986,3437
349,11225,11347,152,2184,1986,3451
349,11225,11347,153,2179,1985,3465
349,11225,11347,154,2185,1986,3476
349,11225,11347,155,2186,1985,3472
349,11225,11347,156,2181,1985,3471
349,11225,11347,157,2186,1986,3483
349,11225,11347,158,2188,1986,3499
349,11225,11347,159,2187,1987,3510
349,11225,11347,160,2190,1986,3517
349,11225,11347,161,2192,1984,3523
349,11225,11347,162,2189,1987,3511
349,11225,11347,163,2190,1987,3490
349,11225,11347,164,2176,1982,3382
349,11225,11347,165,2163,1985,3269
349,11225,11347,166,2143,1986,3161
349,11225,11347,167,2132,1981,3040
349,11225,11347,168,2111,1984,2896
349,11225,11347,169,2094,1986,2779
349,11225,11347,170,2072,1979,2627
349,11225,11347,171,2058,1983,2476
349,11225,11347,172,2034,1984,2323
349,11225,11347,173,2008,1978,2168
349,11225,11347,174,1995,1982,2026
349,11225,11347,175,1971,1983,1892
349,11225,11347,176,1947,1977,1734
349,11225,11347,177,1934,1982,1586
349,11225,11347,178,1923,1982,1518
349,11225,11347,179,1897,1977,1401
349,11225,11347,180,1889,1981,1262
349,11225,11347,181,1875,1981,1120
349,11225,11347,182,1849,1976,996
349,11225,11347,183,1838,1980,853
349,11225,11347,184,1826,1979,722
349,11225,11347,185,1799,1974,534
349,11225,11347,186,1783,1976,355
349,11225,11347,187,1768,1974,212
349,11225,11347,188,1753,1972,212
349,11225,11347,189,1762,1974,227
349,11225,11347,190,1764,1975,242
349,11225,11347,191,1759,1974,258
349,11225,11347,192,1766,1975,274
349,11225,11347,193,1768,1975,283
349,11225,11347,194,1763,1975,301
349,11225,11347,195,1771,1975,302
349,11225,11347,196,1773,1976,329
349,11225,11347,197,1768,1975,340
349,11225,11347,198,1776,1975,352
349,11225,11347,199,1778,1976,369
349,11225,11347,200,1774,1976,380
349,11225,11347,201,1779,1976,390
349,11225,11347,202,1782,1976,413
349,11225,11347,203,1780,1977,421
349,11225,11347,204,1784,1977,440
349,11225,11347,205,1786,1975,453
349,11225,11347,206,1785,1977,468
349,11225,11347,207,1789,1978,480
349,11225,11347,208,1790,1974,495
349,11225,11347,209,1792,1978,510
349,11225,11347,210,1793,1979,522
349,11225,11347,211,1795,1974,541
349,11225,11347,212,1797,1978,558
349,11225,11347,213,1798,1980,565
349,11225,11347,214,1798,1974,580
349,11225,11347,215,1802,1979,596
349,11225,11347,216,1804,1980,604
349,11225,11347,217,1802,1974,624
349,11225,11347,218,1808,1979,642
349,11225,11347,219,1810,1980,648
349,11225,11347,220,1806,1975,666
349,11225,11347,221,1812,1979,681
349,11225,11347,222,1815,1979,694
349,11225,11347,223,1810,1975,708
349,11225,11347,224,1818,1980,725
349,11225,11347,225,1820,1980,737
349,11225,11347,226,1815,1976,748
349,11225,11347,227,1823,1980,767
349,11225,11347,228,1825,1980,779
349,11225,11347,229,1820,1977,792
349,11225,11347,230,1828,1980,807
349,11225,11347,231,1830,1980,821
349,11225,11347,232,1825,1977,825
349,11225,11347,233,1832,1980,851
349,11225,11347,234,1834,1980,865
349,11225,11347,235,1829,1978,878
349,11225,11347,236,1839,1980,888
349,11225,11347,237,1840,1980,909
349,11225,11347,238,1835,1979,920
349,11225,11347,239,1843,1980,937
349,11225,11347,240,1845,1980,949
349,11225,11347,241,1842,1979,965
349,11225,11347,242,1848,1980,981
349,11225,11347,243,1850,1980,996
349,11225,11347,244,1847,1981,1004
349,11225,11347,245,1853,1980,1020
349,11225,11347,246,1855,1980,1036
349,11225,11347,247,1854,1981,1049
349,11225,11347,248,1859,1981,1064
349,11225,11347,249,1860,1978,1078
349,11225,11347,250,1860,1981,1092
349,11225,11347,251,1862,1982,1105
349,11225,11347,252,1864,1978,1123
349,11225,11347,253,1865,1981,1140
349,11225,11347,254,1868,1983,1150
349,11225,11347,255,1869,1977,1164
349,11225,11347,256,1872,1981,1176
349,11225,11347,257,1873,1983,1192
349,11225,11347,258,1875,1978,1211
349,11225,11347,259,1877,1982,1214
349,11225,11347,260,1880,1983,1233
349,11225,11347,261,1877,1977,1246
349,11225,11347,262,1883,1983,1262
349,11225,11347,263,1886,1983,1273
349,11225,11347,264,1882,1978,1290
349,11225,11347,265,1889,1982,1304
349,11225,11347,266,1891,1983,1317
349,11225,11347,267,1885,1978,1322
349,11225,11347,268,1890,1982,1304
349,11225,11347,269,1888,1982,1290
349,11225,11347,270,1879,1978,1276
349,11225,11347,271,1884,1982,1255
349,11225,11347,272,1883,1982,1242
349,11225,11347,273,1874,1979,1236
349,11225,11347,274,1879,1982,1219
349,11225,11347,275,1877,1981,1205
349,11225,11347,276,1869,1979,1191
349,11225,11347,277,1873,1980,1180
349,11225,11347,278,1873,1981,1162
349,11225,11347,279,1863,1979,1152
349,11225,11347,280,1868,1980,1135
349,11225,11347,281,1866,1980,1121
349,11225,11347,282,1858,1980,1108
349,11225,11347,283,1861,1979,1090
349,11225,11347,284,1861,1980,1078
349,11225,11347,285,1853,1980,1062
349,11225,11347,286,1856,1980,1049
349,11225,11347,287,1855,1979,1038
349,11225,11347,288,1850,1980,1020
349,11225,11347,289,1851,1979,1005
349,11225,11347,290,1850,1979,991
349,11225,11347,291,1845,1980,976
349,11225,11347,292,1845,1980,965
349,11225,11347,293,1845,1978,953
349,11225,11347,294,1840,1980,934
349,11225,11347,295,1840,1981,920
349,11225,11347,296,1838,1977,909
349,11225,11347,297,1836,1980,898
349,11225,11347,298,1835,1982,876
349,11225,11347,299,1833,1976,867
349,11225,11347,300,1831,1980,855
349,11225,11347,301,1829,1982,834
349,11225,11347,302,1827,1976,822
349,11225,11347,303,1826,1980,807
349,11225,11347,304,1826,1981,792
349,11225,11347,305,1820,1976,784
349,11225,11347,306,1823,1980,765
349,11225,11347,307,1822,1981,750
349,11225,11347,308,1814,1975,738
349,11225,11347,309,1818,1980,724
349,11225,11347,310,1816,1980,707
349,11225,11347,311,1808,1976,694
349,11225,11347,312,1813,1979,681
349,11225,11347,313,1812,1980,663
349,11225,11347,314,1803,1975,653
349,11225,11347,315,1808,1979,638
349,11225,11347,316,1807,1979,625
349,11225,11347,317,1798,1975,608
349,11225,11347,318,1804,1977,595
349,11225,11347,319,1802,1979,587
349,11225,11347,320,1793,1976,566
349,11225,11347,321,1798,1977,550
349,11225,11347,322,1797,1977,539
349,11225,11347,323,1788,1977,517
349,11225,11347,324,1793,1976,509
349,11225,11347,325,1792,1977,495
349,11225,11347,326,1784,1976,480
349,11225,11347,327,1789,1977,470
349,11225,11347,328,1787,1977,451
349,11225,11347,329,1781,1976,441
349,11225,11347,330,1783,1975,425
349,11225,11347,331,1782,1976,410
349,11225,11347,332,1777,1976,397
349,11225,11347,333,1777,1975,381
349,11225,11347,334,1776,1974,371
349,11225,11347,335,1773,1976,352
349,11225,11347,336,1773,1976,338
349,11225,11347,337,1771,1973,325
349,11225,11347,338,1767,1976,311
349,11225,11347,339,1768,1976,299
349,11225,11347,340,1767,1971,282
349,11225,11347,341,1764,1975,267
349,11225,11347,342,1762,1976,256
349,11225,11347,343,1761,1971,241
349,11225,11347,344,1759,1975,227
349,11225,11347,345,1759,1976,213
349,11225,11347,346,1754,1970,198
349,11225,11347,347,1756,1974,186
349,11225,11347,348,1755,1975,177
349,11225,11347,349,1757,1971,248
349,11225,11347,350,1772,1976,327
349,11225,11347,351,1784,1979,440
349,11225,11347,352,1788,1974,558
349,11225,11347,353,1806,1980,664
349,11225,11347,354,1822,1981,779
349,11225,11347,355,1825,1978,952
351,11403,11525,0,2007,2028,1236
351,11403,11525,1,1878,1983,1311
351,11403,11525,2,1895,1981,1394
351,11403,11525,3,1909,1982,1480
351,11403,11525,4,1917,1982,1575
351,11403,11525,5,1933,1982,1694
351,11403,11525,6,1951,1982,1797
351,11403,11525,7,1957,1983,1879
351,11403,11525,8,1975,1983,1975
351,11403,11525,9,1989,1981,2086
351,11403,11525,10,2006,1984,2193
351,11403,11525,11,2021,1985,2340
351,11403,11525,12,2038,1981,2453
351,11403,11525,13,2059,1986,2607
351,11403,11525,14,2074,1987,2747
351,11403,11525,15,2094,1982,2896
351,11403,11525,16,2119,1986,3041
351,11403,11525,17,2137,1988,3196
351,11403,11525,18,2159,1983,3349
351,11403,11525,19,2178,1987,3475
351,11403,11525,20,2187,1987,3482
351,11403,11525,21,2180,1981,3472
351,11403,11525,22,2185,1986,3472
351,11403,11525,23,2186,1987,3476
351,11403,11525,24,2180,1982,3464
351,11403,11525,25,2183,1986,3452
351,11403,11525,26,2181,1986,3435
351,11403,11525,27,2172,1982,3424
351,11403,11525,28,2176,1986,3406
351,11403,11525,29,2175,1986,3394
351,11403,11525,30,2166,1982,3384
351,11403,11525,31,2171,1986,3365
351,11403,11525,32,2168,1986,3346
351,11403,11525,33,2160,1983,3334
351,11403,11525,34,2165,1985,3325
351,11403,11525,35,2164,1985,3308
351,11403,11525,36,2154,1983,3290
351,11403,11525,37,2158,1985,3278
351,11403,11525,38,2157,1985,3267
351,11403,11525,39,2148,1984,3251
351,11403,11525,40,2152,1984,3238
351,11403,11525,41,2151,1985,3222
351,11403,11525,42,2142,1984,3209
351,11403,11525,43,2147,1985,3193
351,11403,11525,44,2144,1985,3184
351,11403,11525,45,2138,1985,3165
351,11403,11525,46,2140,1984,3150
351,11403,11525,47,2139,1984,3137
351,11403,11525,48,2131,1985,3122
351,11403,11525,49,2134,1984,3107
351,11403,11525,50,2133,1983,3095
351,11403,11525,51,2127,1985,3080
351,11403,11525,52,2127,1985,3064
351,11403,11525,53,2127,1982,3050
351,11403,11525,54,2123,1985,3038
351,11403,11525,55,2121,1986,3023
351,11403,11525,56,2119,1981,3008
351,11403,11525,57,2116,1985,2997
351,11403,11525,58,2115,1987,2982
351,11403,11525,59,2113,1981,2969
351,11403,11525,60,2112,1985,2952
351,11403,11525,61,2110,1987,2939
351,11403,11525,62,2103,1981,2924
351,11403,11525,63,2106,1985,2912
351,11403,11525,64,2106,1986,2895
351,11403,11525,65,2099,1981,2884
351,11403,11525,66,2101,1986,2866
351,11403,11525,67,2101,1986,2852
351,11403,11525,68,2092,1981,2838
351,11403,11525,69,2096,1985,2824
351,11403,11525,70,2095,1986,2810
351,11403,11525,71,2085,1981,2798
351,11403,11525,72,2090,1985,2782
351,11403,11525,73,2088,1985,2769
351,11403,11525,74,2079,1981,2754
351,11403,11525,75,2085,1984,2740
351,11403,11525,76,2082,1984,2729
351,11403,11525,77,2074,1982,2709
351,11403,11525,78,2079,1984,2697
351,11403,11525,79,2076,1984,2685
351,11403,11525,80,2068,1983,2666
351,11403,11525,81,2073,1984,2657
351,11403,11525,82,2072,1984,2640
351,11403,11525,83,2062,1983,2645
351,11403,11525,84,2068,1983,2614
351,11403,11525,85,2066,1984,2597
351,11403,11525,86,2056,1983,2585
351,11403,11525,87,2059,1983,2567
351,11403,11525,88,2059,1983,2554
351,11403,11525,89,2053,1983,2558
351,11403,11525,90,2059,1983,2569
351,11403,11525,91,2062,1984,2587
351,11403,11525,92,2060,1984,2597
351,11403,11525,93,2065,1984,2610
351,11403,11525,94,2068,1982,2628
351,11403,11525,95,2067,1984,2640
351,11403,11525,96,2071,1984,2650
351,11403,11525,97,2073,1982,2671
351,11403,11525,98,2074,1984,2684
351,11403,11525,99,2076,1985,2699
351,11403,11525,100,2079,1981,2711
351,11403,11525,101,2081,1985,2726
351,11403,11525,102,2081,1986,2742
351,11403,11525,103,2083,1981,2755
351,11403,11525,104,2086,1984,2768
351,11403,11525,105,2089,1986,2784
351,11403,11525,106,2087,1980,2798
351,11403,11525,107,2094,1985,2809
351,11403,11525,108,2095,1986,2825
351,11403,11525,109,2092,1981,2839
351,11403,11525,110,2099,1985,2857
351,11403,11525,111,2103,1986,2869
351,11403,11525,112,2098,1981,2881
351,11403,11525,113,2106,1986,2895
351,11403,11525,114,2107,1986,2909
351,11403,11525,115,2103,1981,2923
351,11403,11525,116,2112,1986,2938
351,11403,11525,117,2114,1986,2952
351,11403,11525,118,2109,1981,2966
351,11403,11525,119,2117,1985,2978
351,11403,11525,120,2120,1986,2997
351,11403,11525,121,2114,1983,3011
351,11403,11525,122,2123,1985,3026
351,11403,11525,123,2125,1985,3036
351,11403,11525,124,2120,1983,3051
351,11403,11525,125,2129,1985,3062
351,11403,11525,126,2132,1985,3081
351,11403,11525,127,2127,1984,3091
351,11403,11525,128,2135,1985,3109
351,11403,11525,129,2137,1985,3122
351,11403,11525,130,2133,1985,3141
351,11403,11525,131,2141,1984,3152
351,11403,11525,132,2144,1985,3165
351,11403,11525,133,2140,1985,3175
351,11403,11525,134,2146,1984,3193
351,11403,11525,135,2149,1984,3212
351,11403,11525,136,2146,1985,3223
351,11403,11525,137,2152,1985,3235
351,11403,11525,138,2154,1983,3252
351,11403,11525,139,2153,1985,3266
351,11403,11525,140,2156,1986,3280
351,11403,11525,141,2159,1983,3298
351,11403,11525,142,2161,1986,3308
351,11403,11525,143,2161,1987,3321
351,11403,11525,144,2165,1982,3338
351,11403,11525,145,2167,1985,3352
351,11403,11525,146,2168,1988,3364
351,11403,11525,147,2170,1982,3380
351,11403,11525,148,2174,1987,3393
351,11403,11525,149,2175,1988,3407
351,11403,11525,150,2174,1982,3422
351,11403,11525,151,2180,1986,3435
351,11403,11525,152,2182,1987,3451
351,11403,11525,153,2179,1982,3464
351,11403,11525,154,2186,1986,3476
351,11403,11525,155,2186,1987,3473
351,11403,11525,156,2179,1983,3472
351,11403,11525,157,2188,1986,3484
351,11403,11525,158,2190,1987,3493
351,11403,11525,159,2184,1983,3512
351,11403,11525,160,2191,1987,3513
351,11403,11525,161,2191,1986,3466
351,11403,11525,162,2171,1982,3408
351,11403,11525,163,2167,1985,3319
351,11403,11525,164,2157,1985,3238
351,11403,11525,165,2137,1981,3128
351,11403,11525,166,2128,1984,3019
351,11403,11525,167,2114,1984,2944
351,11403,11525,168,2089,1982,2776
351,11403,11525,169,2079,1984,2656
351,11403,11525,170,2062,1983,2539
351,11403,11525,171,2036,1981,2394
351,11403,11525,172,2027,1982,2268
351,11403,11525,173,2006,1982,2139
351,11403,11525,174,1980,1981,1992
351,11403,11525,175,1968,1981,1849
351,11403,11525,176,1951,1981,1722
351,11403,11525,177,1929,1981,1621
351,11403,11525,178,1926,1982,1574
351,11403,11525,179,1917,1981,1466
351,11403,11525,180,1895,1981,1345
351,11403,11525,181,1883,1980,1247
351,11403,11525,182,1870,1978,1103
351,11403,11525,183,1850,1980,984
351,11403,11525,184,1835,1979,836
351,11403,11525,185,1819,1975,678
351,11403,11525,186,1802,1977,530
351,11403,11525,187,1782,1977,372
351,11403,11525,188,1764,1971,221
351,11403,11525,189,1759,1975,225
351,11403,11525,190,1761,1977,242
351,11403,11525,191,1763,1971,253
351,11403,11525,192,1765,1975,270
351,11403,11525,193,1769,1977,283
351,11403,11525,194,1765,1972,297
351,11403,11525,195,1770,1976,313
351,11403,11525,196,1773,1977,325
351,11403,11525,197,1769,1972,341
351,11403,11525,198,1776,1976,352
351,11403,11525,199,1778,1977,368
351,11403,11525,200,1773,1973,379
351,11403,11525,201,1780,1977,395
351,11403,11525,202,1783,1977,414
351,11403,11525,203,1777,1973,423
351,11403,11525,204,1786,1977,438
351,11403,11525,205,1787,1978,452
351,11403,11525,206,1783,1974,467
351,11403,11525,207,1790,1977,479
351,11403,11525,208,1792,1978,496
351,11403,11525,209,1787,1975,509
351,11403,11525,210,1795,1978,525
351,11403,11525,211,1797,1978,543
351,11403,11525,212,1792,1975,553
351,11403,11525,213,1800,1977,568
351,11403,11525,214,1802,1978,572
351,11403,11525,215,1797,1976,596
351,11403,11525,216,1805,1978,610
351,11403,11525,217,1807,1978,625
351,11403,11525,218,1803,1978,637
351,11403,11525,219,1809,1978,651
351,11403,11525,220,1811,1978,663
351,11403,11525,221,1807,1978,679
351,11403,11525,222,1814,1978,695
351,11403,11525,223,1816,1978,710
351,11403,11525,224,1814,1979,723
351,11403,11525,225,1819,1979,738
351,11403,11525,226,1821,1977,745
351,11403,11525,227,1819,1979,764
351,11403,11525,228,1823,1981,778
351,11403,11525,229,1825,1977,794
351,11403,11525,230,1825,1980,806
351,11403,11525,231,1828,1981,822
351,11403,11525,232,1829,1976,836
351,11403,11525,233,1831,1981,852
351,11403,11525,234,1833,1982,863
351,11403,11525,235,1833,1976,878
351,11403,11525,236,1837,1981,884
351,11403,11525,237,1839,1981,906
351,11403,11525,238,1836,1976,922
351,11403,11525,239,1842,1981,935
351,11403,11525,240,1845,1981,952
351,11403,11525,241,1842,1977,968
351,11403,11525,242,1848,1981,981
351,11403,11525,243,1851,1982,993
351,11403,11525,244,1845,1977,1008
351,11403,11525,245,1853,1981,1019
351,11403,11525,246,1855,1982,1034
351,11403,11525,247,1851,1977,1050
351,11403,11525,248,1860,1981,1063
351,11403,11525,249,1861,1981,1079
351,11403,11525,250,1856,1977,1091
351,11403,11525,251,1864,1981,1103
351,11403,11525,252,1867,1981,1120
351,11403,11525,253,1861,1978,1134
351,11403,11525,254,1870,1981,1152
351,11403,11525,255,1871,1981,1165
351,11403,11525,256,1867,1979,1177
351,11403,11525,257,1875,1981,1194
351,11403,11525,258,1877,1981,1207
351,11403,11525,259,1872,1980,1214
351,11403,11525,260,1879,1981,1236
351,11403,11525,261,1882,1981,1249
351,11403,11525,262,1878,1981,1267
351,11403,11525,263,1884,1981,1276
351,11403,11525,264,1887,1981,1293
351,11403,11525,265,1884,1981,1297
351,11403,11525,266,1890,1981,1319
351,11403,11525,267,1890,1980,1320
351,11403,11525,268,1886,1981,1306
351,11403,11525,269,1886,1981,1284
351,11403,11525,270,1885,1978,1278
351,11403,11525,271,1881,1981,1261
351,11403,11525,272,1881,1982,1248
351,11403,11525,273,1879,1977,1232
351,11403,11525,274,1877,1982,1219
351,11403,11525,275,1875,1983,1206
351,11403,11525,276,1872,1977,1192
351,11403,11525,277,1871,1981,1179
351,11403,11525,278,1870,1983,1161
351,11403,11525,279,1866,1977,1149
351,11403,11525,280,1866,1981,1135
351,11403,11525,281,1866,1982,1120
351,11403,11525,282,1860,1977,1102
351,11403,11525,283,1862,1981,1091
351,11403,11525,284,1860,1982,1079
351,11403,11525,285,1853,1977,1060
351,11403,11525,286,1857,1981,1046
351,11403,11525,287,1856,1981,1035
351,11403,11525,288,1848,1977,1017
351,11403,11525,289,1852,1981,1005
351,11403,11525,290,1851,1981,994
351,11403,11525,291,1842,1977,976
351,11403,11525,292,1847,1981,965
351,11403,11525,293,1845,1981,950
351,11403,11525,294,1836,1977,933
351,11403,11525,295,1842,1981,924
351,11403,11525,296,1840,1981,908
351,11403,11525,297,1830,1978,895
351,11403,11525,298,1837,1980,878
351,11403,11525,299,1835,1980,867
351,11403,11525,300,1827,1977,849
351,11403,11525,301,1832,1979,837
351,11403,11525,302,1830,1980,820
351,11403,11525,303,1821,1978,809
351,11403,11525,304,1827,1979,787
351,11403,11525,305,1824,1979,781
351,11403,11525,306,1818,1979,764
351,11403,11525,307,1821,1978,754
351,11403,11525,308,1820,1978,736
351,11403,11525,309,1813,1979,724
351,11403,11525,310,1815,1978,707
351,11403,11525,311,1814,1977,696
351,11403,11525,312,1809,1979,679
351,11403,11525,313,1811,1979,665
351,11403,11525,314,1809,1976,653
351,11403,11525,315,1805,1978,636
351,11403,11525,316,1805,1979,623
351,11403,11525,317,1803,1975,609
351,11403,11525,318,1801,1978,595
351,11403,11525,319,1799,1980,581
351,11403,11525,320,1798,1974,566
351,11403,11525,321,1797,1978,552
351,11403,11525,322,1794,1979,536
351,11403,11525,323,1792,1974,524
351,11403,11525,324,1792,1978,508
351,11403,11525,325,1791,1979,498
351,11403,11525,326,1785,1973,482
351,11403,11525,327,1788,1977,474
351,11403,11525,328,1788,1978,452
351,11403,11525,329,1780,1973,439
351,11403,11525,330,1783,1977,424
351,11403,11525,331,1782,1977,411
351,11403,11525,332,1774,1973,395
351,11403,11525,333,1779,1976,382
351,11403,11525,334,1778,1976,362
351,11403,11525,335,1770,1972,355
351,11403,11525,336,1774,1976,340
351,11403,11525,337,1773,1976,322
351,11403,11525,338,1764,1972,313
351,11403,11525,339,1770,1975,296
351,11403,11525,340,1768,1975,286
351,11403,11525,341,1760,1972,265
351,11403,11525,342,1765,1974,253
351,11403,11525,343,1763,1975,243
351,11403,11525,344,1755,1973,224
351,11403,11525,345,1760,1974,211
351,11403,11525,346,1758,1974,198
351,11403,11525,347,1750,1972,178
351,11403,11525,348,1756,1973,172
351,11403,11525,349,1755,1973,174
351,11403,11525,350,1757,1974,249
351,11403,11525,351,1772,1975,345
351,11403,11525,352,1783,1976,448
351,11403,11525,353,1792,1978,563
351,11403,11525,354,1807,1978,688
351,11403,11525,355,1825,1979,811
353,11579,11701,0,1994,2026,1222
353,11579,11701,1,1881,1983,1274
353,11579,11701,2,1890,1982,1362
353,11579,11701,3,1905,1982,1463
353,11579,11701,4,1919,1981,1573
353,11579,11701,5,1931,1984,1715
353,11579,11701,6,1956,1984,1869
353,11579,11701,7,1976,1980,1981
353,11579,11701,8,1992,1985,2134
353,11579,11701,9,2014,1986,2281
353,11579,11701,10,2031,1981,2416
353,11579,11701,11,2049,1986,2552
353,11579,11701,12,2070,1987,2694
353,11579,11701,13,2087,1982,2853
353,11579,11701,14,2103,1985,2949
353,11579,11701,15,2123,1987,3073
353,11579,11701,16,2137,1982,3188
353,11579,11701,17,2158,1987,3316
353,11579,11701,18,2176,1988,3468
353,11579,11701,19,2182,1982,3495
353,11579,11701,20,2188,1986,3483
353,11579,11701,21,2186,1986,3471
353,11579,11701,22,2180,1982,3471
353,11579,11701,23,2186,1986,3476
353,11579,11701,24,2185,1987,3466
353,11579,11701,25,2176,1982,3446
353,11579,11701,26,2181,1986,3435
353,11579,11701,27,2179,1986,3419
353,11579,11701,28,2170,1983,3406
353,11579,11701,29,2174,1986,3392
353,11579,11701,30,2173,1986,3379
353,11579,11701,31,2163,1983,3364
353,11579,11701,32,2167,1985,3350
353,11579,11701,33,2167,1986,3338
353,11579,11701,34,2161,1983,3323
353,11579,11701,35,2163,1985,3309
353,11579,11701,36,2161,1985,3296
353,11579,11701,37,2152,1984,3282
353,11579,11701,38,2156,1984,3266
353,11579,11701,39,2155,1985,3251
353,11579,11701,40,2147,1985,3236
353,11579,11701,41,2151,1984,3224
353,11579,11701,42,2149,1985,3211
353,11579,11701,43,2142,1985,3196
353,11579,11701,44,2143,1984,3180
353,11579,11701,45,2143,1984,3165
353,11579,11701,46,2137,1985,3153
353,11579,11701,47,2139,1985,3135
353,11579,11701,48,2136,1983,3126
353,11579,11701,49,2132,1985,3110
353,11579,11701,50,2132,1985,3093
353,11579,11701,51,2130,1982,3078
353,11579,11701,52,2127,1985,3066
353,11579,11701,53,2125,1986,3049
353,11579,11701,54,2124,1981,3037
353,11579,11701,55,2122,1985,3020
353,11579,11701,56,2119,1987,3011
353,11579,11701,57,2119,1981,2993
353,11579,11701,58,2115,1985,2978
353,11579,11701,59,2114,1986,2966
353,11579,11701,60,2109,1981,2951
353,11579,11701,61,2110,1985,2936
353,11579,11701,62,2110,1986,2923
353,11579,11701,63,2102,1981,2911
353,11579,11701,64,2104,1985,2893
353,11579,11701,65,2105,1986,2870
353,11579,11701,66,2096,1981,2868
353,11579,11701,67,2099,1985,2852
353,11579,11701,68,2099,1985,2839
353,11579,11701,69,2090,1981,2825
353,11579,11701,70,2094,1985,2801
353,11579,11701,71,2092,1985,2798
353,11579,11701,72,2083,1981,2781
353,11579,11701,73,2088,1985,2771
353,11579,11701,74,2086,1985,2751
353,11579,11701,75,2077,1981,2739
353,11579,11701,76,2083,1984,2726
353,11579,11701,77,2081,1985,2711
353,11579,11701,78,2071,1982,2699
353,11579,11701,79,2076,1984,2685
353,11579,11701,80,2074,1984,2667
353,11579,11701,81,2066,1982,2653
353,11579,11701,82,2071,1984,2641
353,11579,11701,83,2069,1984,2625
353,11579,11701,84,2061,1983,2613
353,11579,11701,85,2064,1983,2595
353,11579,11701,86,2063,1983,2583
353,11579,11701,87,2056,1984,2568
353,11579,11701,88,2058,1984,2555
353,11579,11701,89,2059,1983,2554
353,11579,11701,90,2057,1984,2570
353,11579,11701,91,2062,1984,2583
353,11579,11701,92,2064,1982,2600
353,11579,11701,93,2064,1985,2611
353,11579,11701,94,2068,1985,2625
353,11579,11701,95,2070,1981,2645
353,11579,11701,96,2069,1985,2655
353,11579,11701,97,2073,1986,2675
353,11579,11701,98,2075,1981,2684
353,11579,11701,99,2075,1985,2698
353,11579,11701,100,2081,1987,2709
353,11579,11701,101,2079,1980,2727
353,11579,11701,102,2082,1985,2738
353,11579,11701,103,2085,1987,2743
353,11579,11701,104,2083,1981,2763
353,11579,11701,105,2089,1985,2778
353,11579,11701,106,2092,1986,2797
353,11579,11701,107,2088,1981,2811
353,11579,11701,108,2096,1985,2827
353,11579,11701,109,2097,1985,2840
353,11579,11701,110,2094,1981,2854
353,11579,11701,111,2103,1985,2868
353,11579,11701,112,2104,1986,2880
353,11579,11701,113,2100,1981,2905
353,11579,11701,114,2108,1985,2909
353,11579,11701,115,2110,1986,2920
353,11579,11701,116,2105,1982,2941
353,11579,11701,117,2114,1985,2952
353,11579,11701,118,2117,1985,2964
353,11579,11701,119,2110,1983,2981
353,11579,11701,120,2120,1984,2992
353,11579,11701,121,2122,1985,3011
353,11579,11701,122,2117,1983,3023
353,11579,11701,123,2126,1985,3040
353,11579,11701,124,2127,1985,3052
353,11579,11701,125,2122,1984,3065
353,11579,11701,126,2131,1985,3081
353,11579,11701,127,2133,1985,3092
353,11579,11701,128,2129,1984,3108
353,11579,11701,129,2137,1985,3126
353,11579,11701,130,2138,1985,3138
353,11579,11701,131,2136,1985,3151
353,11579,11701,132,2142,1984,3166
353,11579,11701,133,2145,1984,3181
353,11579,11701,134,2143,1985,3204
353,11579,11701,135,2150,1986,3210
353,11579,11701,136,2150,1983,3222
353,11579,11701,137,2150,1986,3236
353,11579,11701,138,2153,1987,3253
353,11579,11701,139,2155,1983,3263
353,11579,11701,140,2157,1986,3279
353,11579,11701,141,2158,1987,3291
353,11579,11701,142,2161,1982,3308
353,11579,11701,143,2162,1986,3323
353,11579,11701,144,2166,1988,3335
353,11579,11701,145,2164,1982,3350
353,11579,11701,146,2170,1987,3365
353,11579,11701,147,2172,1988,3380
353,11579,11701,148,2169,1982,3367
353,11579,11701,149,2176,1987,3408
353,11579,11701,150,2179,1987,3419
353,11579,11701,151,2175,1982,3433
353,11579,11701,152,2183,1987,3452
353,11579,11701,153,2183,1987,3450
353,11579,11701,154,2179,1983,3475
353,11579,11701,155,2186,1987,3473
353,11579,11701,156,2186,1987,3471
353,11579,11701,157,2181,1983,3484
353,11579,11701,158,2189,1987,3493
353,11579,11701,159,2191,1987,3508
353,11579,11701,160,2185,1983,3516
353,11579,11701,161,2193,1986,3522
353,11579,11701,162,2193,1986,3507
353,11579,11701,163,2171,1982,3400
353,11579,11701,164,2167,1985,3287
353,11579,11701,165,2150,1985,3191
353,11579,11701,166,2126,1982,3039
353,11579,11701,167,2117,1984,2933
353,11579,11701,168,2100,1983,2807
353,11579,11701,169,2075,1981,2655
353,11579,11701,170,2063,1983,2548
353,11579,11701,171,2044,1983,2414
353,11579,11701,172,2023,1982,2281
353,11579,11701,173,2006,1981,2152
353,11579,11701,174,1988,1981,2002
353,11579,11701,175,1965,1981,1825
353,11579,11701,176,1937,1979,1664
353,11579,11701,177,1923,1979,1497
353,11579,11701,178,1904,1981,1411
353,11579,11701,179,1885,1981,1285
353,11579,11701,180,1876,1977,1136
353,11579,11701,181,1856,1979,1009
353,11579,11701,182,1840,1981,904
353,11579,11701,183,1825,1975,751
353,11579,11701,184,1809,1978,632
353,11579,11701,185,1795,1978,505
353,11579,11701,186,1781,1972,368
353,11579,11701,187,1770,1975,248
353,11579,11701,188,1758,1976,211
353,11579,11701,189,1757,1971,226
353,11579,11701,190,1763,1975,239
353,11579,11701,191,1764,1976,259
353,11579,11701,192,1761,1971,273
353,11579,11701,193,1767,1976,284
353,11579,11701,194,1771,1977,296
353,11579,11701,195,1765,1972,313
353,11579,11701,196,1773,1976,328
353,11579,11701,197,1774,1977,340
353,11579,11701,198,1770,1973,355
353,11579,11701,199,1777,1977,369
353,11579,11701,200,1780,1977,390
353,11579,11701,201,1774,1973,396
353,11579,11701,202,1782,1977,410
353,11579,11701,203,1784,1977,427
353,11579,11701,204,1778,1974,438
353,11579,11701,205,1787,1977,455
353,11579,11701,206,1789,1977,468
353,11579,11701,207,1783,1976,483
353,11579,11701,208,1792,1977,494
353,11579,11701,209,1794,1977,507
353,11579,11701,210,1788,1976,523
353,11579,11701,211,1797,1977,538
353,11579,11701,212,1800,1978,552
353,11579,11701,213,1793,1977,566
353,11579,11701,214,1801,1977,577
353,11579,11701,215,1803,1977,597
353,11579,11701,216,1800,1978,608
353,11579,11701,217,1806,1977,622
353,11579,11701,218,1808,1978,642
353,11579,11701,219,1805,1978,652
353,11579,11701,220,1810,1978,665
353,11579,11701,221,1812,1977,680
353,11579,11701,222,1811,1979,694
353,11579,11701,223,1815,1979,704
353,11579,11701,224,1817,1976,725
353,11579,11701,225,1817,1979,743
353,11579,11701,226,1819,1980,749
353,11579,11701,227,1821,1976,765
353,11579,11701,228,1823,1980,779
353,11579,11701,229,1824,1981,791
353,11579,11701,230,1826,1976,809
353,11579,11701,231,1828,1979,822
353,11579,11701,232,1831,1981,836
353,11579,11701,233,1829,1976,850
353,11579,11701,234,1833,1980,873
353,11579,11701,235,1836,1982,879
353,11579,11701,236,1833,1976,895
353,11579,11701,237,1836,1980,907
353,11579,11701,238,1842,1981,925
353,11579,11701,239,1838,1977,936
353,11579,11701,240,1845,1981,950
353,11579,11701,241,1847,1981,967
353,11579,11701,242,1842,1977,979
353,11579,11701,243,1850,1981,994
353,11579,11701,244,1852,1981,1003
353,11579,11701,245,1846,1977,1021
353,11579,11701,246,1856,1981,1037
353,11579,11701,247,1857,1981,1048
353,11579,11701,248,1852,1978,1061
353,11579,11701,249,1861,1981,1078
353,11579,11701,250,1862,1981,1092
353,11579,11701,251,1858,1979,1104
353,11579,11701,252,1867,1981,1122
353,11579,11701,253,1868,1981,1134
353,11579,11701,254,1863,1980,1149
353,11579,11701,255,1872,1980,1163
353,11579,11701,256,1875,1981,1179
353,11579,11701,257,1869,1980,1191
353,11579,11701,258,1877,1981,1205
353,11579,11701,259,1877,1981,1223
353,11579,11701,260,1876,1980,1232
353,11579,11701,261,1880,1980,1247
353,11579,11701,262,1884,1980,1265
353,11579,11701,263,1881,1981,1277
353,11579,11701,264,1887,1981,1290
353,11579,11701,265,1888,1979,1307
353,11579,11701,266,1888,1981,1316
353,11579,11701,267,1889,1982,1318
353,11579,11701,268,1888,1978,1305
353,11579,11701,269,1885,1982,1292
353,11579,11701,270,1884,1982,1275
353,11579,11701,271,1882,1978,1264
353,11579,11701,272,1877,1982,1251
353,11579,11701,273,1878,1982,1232
353,11579,11701,274,1877,1977,1219
353,11579,11701,275,1875,1981,1211
353,11579,11701,276,1874,1983,1192
353,11579,11701,277,1869,1977,1174
353,11579,11701,278,1870,1981,1162
353,11579,11701,279,1870,1982,1141
353,11579,11701,280,1863,1977,1134
353,11579,11701,281,1865,1981,1123
353,11579,11701,282,1864,1982,1106
353,11579,11701,283,1856,1977,1091
353,11579,11701,284,1862,1981,1077
353,11579,11701,285,1860,1982,1063
353,11579,11701,286,1850,1977,1049
353,11579,11701,287,1855,1981,1029
353,11579,11701,288,1856,1981,1020
353,11579,11701,289,1845,1977,1006
353,11579,11701,290,1849,1980,994
353,11579,11701,291,1849,1980,980
353,11579,11701,292,1840,1977,963
353,11579,11701,293,1845,1980,949
353,11579,11701,294,1843,1980,936
353,11579,11701,295,1835,1978,918
353,11579,11701,296,1840,1980,911
353,11579,11701,297,1839,1980,896
353,11579,11701,298,1830,1978,878
353,11579,11701,299,1835,1979,865
353,11579,11701,300,1834,1979,851
353,11579,11701,301,1827,1979,835
353,11579,11701,302,1829,1979,820
353,11579,11701,303,1828,1979,810
353,11579,11701,304,1821,1979,792
353,11579,11701,305,1823,1979,776
353,11579,11701,306,1822,1978,774
353,11579,11701,307,1817,1979,744
353,11579,11701,308,1818,1978,738
353,11579,11701,309,1817,1977,722
353,11579,11701,310,1813,1979,716
353,11579,11701,311,1812,1979,692
353,11579,11701,312,1812,1976,681
353,11579,11701,313,1808,1979,667
353,11579,11701,314,1807,1980,652
353,11579,11701,315,1807,1975,638
353,11579,11701,316,1804,1979,623
353,11579,11701,317,1803,1980,610
353,11579,11701,318,1801,1974,594
353,11579,11701,319,1799,1978,580
353,11579,11701,320,1798,1980,568
353,11579,11701,321,1795,1974,551
353,11579,11701,322,1795,1978,538
353,11579,11701,323,1794,1979,523
353,11579,11701,324,1789,1974,510
353,11579,11701,325,1791,1978,498
353,11579,11701,326,1790,1978,482
353,11579,11701,327,1782,1973,469
353,11579,11701,328,1786,1977,453
353,11579,11701,329,1786,1978,440
353,11579,11701,330,1777,1973,425
353,11579,11701,331,1782,1977,409
353,11579,11701,332,1782,1977,397
353,11579,11701,333,1771,1973,383
353,11579,11701,334,1777,1976,369
353,11579,11701,335,1777,1976,354
353,11579,11701,336,1768,1974,338
353,11579,11701,337,1773,1976,325
353,11579,11701,338,1771,1975,310
353,11579,11701,339,1763,1973,300
353,11579,11701,340,1768,1975,280
353,11579,11701,341,1766,1975,269
353,11579,11701,342,1759,1974,254
353,11579,11701,343,1763,1973,240
353,11579,11701,344,1761,1974,227
353,11579,11701,345,1754,1974,207
353,11579,11701,346,1758,1974,196
353,11579,11701,347,1757,1973,185
353,11579,11701,348,1760,1975,261
353,11579,11701,349,1772,1976,392
353,11579,11701,350,1783,1976,451
353,11579,11701,351,1789,1978,559
353,11579,11701,352,1804,1979,660
353,11579,11701,353,1820,1977,762
353,11579,11701,354,1830,1980,881
353,11579,11701,355,1845,1981,997
355,11754,11876,0,1998,2022,1224
355,11754,11876,1,1885,1984,1292
355,11754,11876,2,1896,1984,1383
355,11754,11876,3,1903,1978,1469
355,11754,11876,4,1920,1982,1534
355,11754,11876,5,1927,1984,1623
355,11754,11876,6,1935,1978,1701
355,11754,11876,7,1954,1984,1750
355,11754,11876,8,1966,1984,1906
355,11754,11876,9,1979,1981,2056
355,11754,11876,10,2001,1985,2201
355,11754,11876,11,2023,1986,2332
355,11754,11876,12,2034,1981,2479
355,11754,11876,13,2056,1986,2601
355,11754,11876,14,2083,1986,2758
355,11754,11876,15,2093,1983,2907
355,11754,11876,16,2121,1986,3066
355,11754,11876,17,2145,1986,3235
355,11754,11876,18,2157,1984,3379
355,11754,11876,19,2183,1986,3482
355,11754,11876,20,2188,1986,3482
355,11754,11876,21,2179,1983,3471
355,11754,11876,22,2186,1985,3472
355,11754,11876,23,2186,1986,3477
355,11754,11876,24,2178,1984,3464
355,11754,11876,25,2184,1985,3450
355,11754,11876,26,2180,1986,3437
355,11754,11876,27,2172,1984,3420
355,11754,11876,28,2177,1985,3405
355,11754,11876,29,2174,1985,3395
355,11754,11876,30,2168,1985,3374
355,11754,11876,31,2169,1985,3362
355,11754,11876,32,2168,1985,3351
355,11754,11876,33,2164,1985,3336
355,11754,11876,34,2163,1985,3313
355,11754,11876,35,2163,1984,3309
355,11754,11876,36,2158,1985,3294
355,11754,11876,37,2157,1986,3278
355,11754,11876,38,2155,1983,3268
355,11754,11876,39,2153,1986,3250
355,11754,11876,40,2151,1987,3235
355,11754,11876,41,2149,1981,3218
355,11754,11876,42,2147,1986,3207
355,11754,11876,43,2145,1987,3191
355,11754,11876,44,2143,1981,3180
355,11754,11876,45,2141,1986,3165
355,11754,11876,46,2140,1987,3149
355,11754,11876,47,2136,1981,3140
355,11754,11876,48,2136,1986,3124
355,11754,11876,49,2134,1987,3111
355,11754,11876,50,2128,1982,3096
355,11754,11876,51,2131,1986,3082
355,11754,11876,52,2130,1986,3074
355,11754,11876,53,2122,1981,3053
355,11754,11876,54,2124,1985,3040
355,11754,11876,55,2124,1986,3024
355,11754,11876,56,2115,1981,3011
355,11754,11876,57,2120,1985,2992
355,11754,11876,58,2117,1985,2980
355,11754,11876,59,2109,1981,2964
355,11754,11876,60,2113,1985,2952
355,11754,11876,61,2113,1985,2939
355,11754,11876,62,2103,1982,2927
355,11754,11876,63,2108,1985,2908
355,11754,11876,64,2105,1985,2900
355,11754,11876,65,2097,1983,2870
355,11754,11876,66,2103,1984,2865
355,11754,11876,67,2100,1985,2852
355,11754,11876,68,2091,1983,2839
355,11754,11876,69,2096,1984,2822
355,11754,11876,70,2094,1984,2812
355,11754,11876,71,2088,1983,2792
355,11754,11876,72,2089,1984,2780
355,11754,11876,73,2088,1984,2768
355,11754,11876,74,2081,1984,2749
355,11754,11876,75,2083,1984,2738
355,11754,11876,76,2082,1983,2724
355,11754,11876,77,2076,1984,2718
355,11754,11876,78,2076,1984,2694
355,11754,11876,79,2075,1982,2683
355,11754,11876,80,2071,1984,2669
355,11754,11876,81,2071,1985,2648
355,11754,11876,82,2069,1981,2641
355,11754,11876,83,2066,1984,2627
355,11754,11876,84,2064,1985,2611
355,11754,11876,85,2063,1980,2598
355,11754,11876,86,2061,1984,2585
355,11754,11876,87,2058,1986,2570
355,11754,11876,88,2056,1980,2557
355,11754,11876,89,2057,1984,2551
355,11754,11876,90,2060,1986,2569
355,11754,11876,91,2058,1980,2585
355,11754,11876,92,2064,1985,2594
355,11754,11876,93,2067,1985,2612
355,11754,11876,94,2063,1981,2629
355,11754,11876,95,2070,1985,2635
355,11754,11876,96,2073,1986,2655
355,11754,11876,97,2068,1981,2668
355,11754,11876,98,2077,1985,2683
355,11754,11876,99,2077,1986,2695
355,11754,11876,100,2074,1981,2708
355,11754,11876,101,2083,1985,2721
355,11754,11876,102,2084,1986,2741
355,11754,11876,103,2079,1981,2752
355,11754,11876,104,2088,1985,2770
355,11754,11876,105,2090,1985,2782
355,11754,11876,106,2085,1982,2796
355,11754,11876,107,2094,1984,2808
355,11754,11876,108,2095,1984,2823
355,11754,11876,109,2091,1982,2839
355,11754,11876,110,2100,1984,2852
355,11754,11876,111,2102,1984,2865
355,11754,11876,112,2097,1983,2879
355,11754,11876,113,2106,1984,2897
355,11754,11876,114,2107,1985,2912
355,11754,11876,115,2104,1984,2929
355,11754,11876,116,2112,1984,2938
355,11754,11876,117,2113,1984,2950
355,11754,11876,118,2111,1984,2965
355,11754,11876,119,2117,1984,2979
355,11754,11876,120,2119,1984,2994
355,11754,11876,121,2117,1985,3006
355,11754,11876,122,2121,1985,3020
355,11754,11876,123,2124,1983,3037
355,11754,11876,124,2123,1985,3051
355,11754,11876,125,2127,1986,3063
355,11754,11876,126,2129,1983,3083
355,11754,11876,127,2130,1986,3095
355,11754,11876,128,2132,1987,3118
355,11754,11876,129,2135,1982,3126
355,11754,11876,130,2137,1986,3141
355,11754,11876,131,2138,1987,3149
355,11754,11876,132,2141,1981,3166
355,11754,11876,133,2143,1986,3184
355,11754,11876,134,2145,1987,3192
355,11754,11876,135,2144,1982,3209
355,11754,11876,136,2150,1986,3224
355,11754,11876,137,2152,1987,3237
355,11754,11876,138,2149,1982,3251
355,11754,11876,139,2156,1986,3264
355,11754,11876,140,2159,1987,3283
355,11754,11876,141,2154,1982,3294
355,11754,11876,142,2163,1986,3307
355,11754,11876,143,2165,1987,3322
355,11754,11876,144,2160,1982,3335
355,11754,11876,145,2168,1986,3347
355,11754,11876,146,2171,1986,3359
355,11754,11876,147,2165,1983,3377
355,11754,11876,148,2175,1986,3393
355,11754,11876,149,2175,1986,3411
355,11754,11876,150,2172,1983,3421
355,11754,11876,151,2181,1985,3428
355,11754,11876,152,2181,1986,3453
355,11754,11876,153,2177,1984,3460
355,11754,11876,154,2186,1985,3472
355,11754,11876,155,2186,1986,3472
355,11754,11876,156,2179,1984,3471
355,11754,11876,157,2188,1985,3479
355,11754,11876,158,2189,1986,3495
355,11754,11876,159,2185,1986,3508
355,11754,11876,160,2190,1985,3513
355,11754,11876,161,2191,1985,3514
355,11754,11876,162,2183,1985,3464
355,11754,11876,163,2175,1984,3370
355,11754,11876,164,2163,1984,3277
355,11754,11876,165,2143,1984,3163
355,11754,11876,166,2129,1984,3040
355,11754,11876,167,2115,1982,2922
355,11754,11876,168,2095,1983,2788
355,11754,11876,169,2077,1983,2661
355,11754,11876,170,2062,1979,2526
355,11754,11876,171,2041,1983,2392
355,11754,11876,172,2022,1984,2267
355,11754,11876,173,2005,1978,2120
355,11754,11876,174,1984,1982,2012
355,11754,11876,175,1975,1985,1926
355,11754,11876,176,1957,1977,1776
355,11754,11876,177,1940,1982,1667
355,11754,11876,178,1932,1983,1586
355,11754,11876,179,1917,1977,1471
355,11754,11876,180,1903,1981,1361
355,11754,11876,181,1885,1981,1204
355,11754,11876,182,1863,1976,1088
355,11754,11876,183,1848,1980,939
355,11754,11876,184,1834,1980,786
355,11754,11876,185,1808,1974,632
355,11754,11876,186,1793,1977,480
355,11754,11876,187,1778,1976,335
355,11754,11876,188,1757,1969,210
355,11754,11876,189,1762,1974,227
355,11754,11876,190,1764,1975,238
355,11754,11876,191,1758,1972,245
355,11754,11876,192,1764,1975,266
355,11754,11876,193,1768,1976,283
355,11754,11876,194,1763,1973,294
355,11754,11876,195,1771,1975,310
355,11754,11876,196,1772,1976,326
355,11754,11876,197,1767,1974,340
355,11754,11876,198,1776,1975,353
355,11754,11876,199,1778,1975,369
355,11754,11876,200,1773,1975,382
355,11754,11876,201,1780,1976,394
355,11754,11876,202,1782,1976,410
355,11754,11876,203,1778,1976,425
355,11754,11876,204,1785,1976,435
355,11754,11876,205,1786,1976,459
355,11754,11876,206,1784,1976,467
355,11754,11876,207,1789,1977,481
355,11754,11876,208,1791,1976,496
355,11754,11876,209,1790,1977,512
355,11754,11876,210,1793,1978,523
355,11754,11876,211,1795,1975,546
355,11754,11876,212,1795,1978,549
355,11754,11876,213,1798,1979,564
355,11754,11876,214,1800,1975,578
355,11754,11876,215,1800,1979,597
355,11754,11876,216,1803,1980,601
355,11754,11876,217,1804,1975,620
355,11754,11876,218,1806,1979,637
355,11754,11876,219,1808,1981,653
355,11754,11876,220,1808,1975,672
355,11754,11876,221,1812,1979,675
355,11754,11876,222,1816,1981,694
355,11754,11876,223,1812,1976,710
355,11754,11876,224,1817,1979,720
355,11754,11876,225,1820,1980,737
355,11754,11876,226,1816,1976,746
355,11754,11876,227,1824,1980,765
355,11754,11876,228,1824,1980,782
355,11754,11876,229,1820,1976,795
355,11754,11876,230,1828,1980,809
355,11754,11876,231,1830,1980,820
355,11754,11876,232,1825,1976,835
355,11754,11876,233,1834,1980,852
355,11754,11876,234,1834,1980,862
355,11754,11876,235,1830,1977,879
355,11754,11876,236,1838,1980,895
355,11754,11876,237,1839,1980,909
355,11754,11876,238,1835,1977,921
355,11754,11876,239,1844,1980,940
355,11754,11876,240,1846,1980,951
355,11754,11876,241,1840,1979,963
355,11754,11876,242,1849,1980,977
355,11754,11876,243,1850,1980,993
355,11754,11876,244,1846,1980,1005
355,11754,11876,245,1853,1980,1023
355,11754,11876,246,1856,1980,1037
355,11754,11876,247,1853,1980,1049
355,11754,11876,248,1857,1980,1068
355,11754,11876,249,1861,1980,1078
355,11754,11876,250,1858,1980,1096
355,11754,11876,251,1864,1979,1106
355,11754,11876,252,1866,1979,1120
355,11754,11876,253,1864,1981,1131
355,11754,11876,254,1868,1981,1147
355,11754,11876,255,1870,1978,1164
355,11754,11876,256,1871,1981,1177
355,11754,11876,257,1873,1982,1191
355,11754,11876,258,1875,1978,1206
355,11754,11876,259,1877,1981,1220
355,11754,11876,260,1878,1983,1238
355,11754,11876,261,1880,1978,1252
355,11754,11876,262,1882,1982,1264
355,11754,11876,263,1884,1983,1278
355,11754,11876,264,1883,1978,1285
355,11754,11876,265,1888,1982,1303
355,11754,11876,266,1890,1983,1319
355,11754,11876,267,1886,1977,1322
355,11754,11876,268,1889,1982,1302
355,11754,11876,269,1887,1982,1290
355,11754,11876,270,1879,1977,1277
355,11754,11876,271,1884,1981,1264
355,11754,11876,272,1882,1982,1249
355,11754,11876,273,1872,1978,1232
355,11754,11876,274,1879,1981,1220
355,11754,11876,275,1877,1981,1203
355,11754,11876,276,1868,1977,1192
355,11754,11876,277,1874,1981,1176
355,11754,11876,278,1871,1981,1162
355,11754,11876,279,1862,1978,1152
355,11754,11876,280,1869,1981,1132
355,11754,11876,281,1866,1981,1120
355,11754,11876,282,1857,1978,1105
355,11754,11876,283,1861,1980,1092
355,11754,11876,284,1861,1981,1081
355,11754,11876,285,1853,1979,1059
355,11754,11876,286,1857,1980,1047
355,11754,11876,287,1857,1980,1032
355,11754,11876,288,1848,1980,1021
355,11754,11876,289,1852,1980,1007
355,11754,11876,290,1850,1979,996
355,11754,11876,291,1844,1980,978
355,11754,11876,292,1846,1979,966
355,11754,11876,293,1845,1979,952
355,11754,11876,294,1839,1980,935
355,11754,11876,295,1840,1979,912
355,11754,11876,296,1838,1978,912
355,11754,11876,297,1835,1980,893
355,11754,11876,298,1834,1980,878
355,11754,11876,299,1834,1977,867
355,11754,11876,300,1830,1980,856
355,11754,11876,301,1830,1981,840
355,11754,11876,302,1828,1976,823
355,11754,11876,303,1826,1980,812
355,11754,11876,304,1824,1981,791
355,11754,11876,305,1822,1976,777
355,11754,11876,306,1821,1980,764
355,11754,11876,307,1820,1981,745
355,11754,11876,308,1816,1976,738
355,11754,11876,309,1817,1980,720
355,11754,11876,310,1816,1981,708
355,11754,11876,311,1809,1975,697
355,11754,11876,312,1813,1980,681
355,11754,11876,313,1811,1980,666
355,11754,11876,314,1804,1975,652
355,11754,11876,315,1807,1979,639
355,11754,11876,316,1807,1979,621
355,11754,11876,317,1796,1975,615
355,11754,11876,318,1803,1979,595
355,11754,11876,319,1801,1979,587
355,11754,11876,320,1794,1975,567
355,11754,11876,321,1798,1978,555
355,11754,11876,322,1799,1979,539
355,11754,11876,323,1788,1975,519
355,11754,11876,324,1794,1977,510
355,11754,11876,325,1792,1978,495
355,11754,11876,326,1784,1975,483
355,11754,11876,327,1789,1976,468
355,11754,11876,328,1787,1977,456
355,11754,11876,329,1779,1975,434
355,11754,11876,330,1783,1976,426
355,11754,11876,331,1782,1976,413
355,11754,11876,332,1773,1975,384
355,11754,11876,333,1780,1975,382
355,11754,11876,334,1777,1976,368
355,11754,11876,335,1770,1975,352
355,11754,11876,336,1773,1975,331
355,11754,11876,337,1773,1975,326
355,11754,11876,338,1766,1975,307
355,11754,11876,339,1769,1974,296
355,11754,11876,340,1767,1973,283
355,11754,11876,341,1763,1974,261
355,11754,11876,342,1763,1975,253
355,11754,11876,343,1762,1972,242
355,11754,11876,344,1760,1975,222
355,11754,11876,345,1757,1975,205
355,11754,11876,346,1756,1970,202
355,11754,11876,347,1755,1975,191
355,11754,11876,348,1752,1975,169
355,11754,11876,349,1751,1969,163
355,11754,11876,350,1761,1976,245
355,11754,11876,351,1772,1978,352
355,11754,11876,352,1780,1974,468
355,11754,11876,353,1790,1979,576
355,11754,11876,354,1812,1981,698
355,11754,11876,355,1819,1977,848
357,11930,12052,0,1999,2028,1254
357,11930,12052,1,1888,1984,1349
357,11930,12052,2,1898,1981,1441
357,11930,12052,3,1918,1982,1555
357,11930,12052,4,1933,1982,1669
357,11930,12052,5,1941,1982,1765
357,11930,12052,6,1962,1983,1903
357,11930,12052,7,1981,1983,2014
357,11930,12052,8,1990,1983,2133
357,11930,12052,9,2010,1983,2254
357,11930,12052,10,2028,1983,2361
357,11930,12052,11,2039,1985,2492
357,11930,12052,12,2058,1985,2615
357,11930,12052,13,2074,1982,2731
357,11930,12052,14,2092,1986,2859
357,11930,12052,15,2108,1986,3000
357,11930,12052,16,2131,1982,3139
357,11930,12052,17,2148,1986,3267
357,11930,12052,18,2169,1988,3413
357,11930,12052,19,2185,1982,3493
357,11930,12052,20,2186,1986,3482
357,11930,12052,21,2184,1988,3471
357,11930,12052,22,2181,1982,3472
357,11930,12052,23,2185,1986,3477
357,11930,12052,24,2184,1987,3465
357,11930,12052,25,2177,1982,3447
357,11930,12052,26,2180,1986,3439
357,11930,12052,27,2178,1987,3423
357,11930,12052,28,2171,1982,3408
357,11930,12052,29,2174,1986,3394
357,11930,12052,30,2173,1987,3380
357,11930,12052,31,2164,1982,3367
357,11930,12052,32,2168,1986,3349
357,11930,12052,33,2167,1986,3336
357,11930,12052,34,2158,1982,3323
357,11930,12052,35,2163,1986,3307
357,11930,12052,36,2161,1986,3293
357,11930,12052,37,2153,1983,3274
357,11930,12052,38,2157,1986,3266
357,11930,12052,39,2155,1986,3252
357,11930,12052,40,2146,1983,3233
357,11930,12052,41,2151,1986,3226
357,11930,12052,42,2149,1985,3213
357,11930,12052,43,2140,1983,3191
357,11930,12052,44,2145,1985,3179
357,11930,12052,45,2143,1985,3165
357,11930,12052,46,2135,1984,3150
357,11930,12052,47,2139,1985,3135
357,11930,12052,48,2137,1985,3122
357,11930,12052,49,2129,1985,3107
357,11930,12052,50,2133,1984,3092
357,11930,12052,51,2131,1985,3077
357,11930,12052,52,2124,1985,3068
357,11930,12052,53,2127,1984,3052
357,11930,12052,54,2124,1983,3037
357,11930,12052,55,2120,1984,3025
357,11930,12052,56,2119,1985,3010
357,11930,12052,57,2118,1982,2995
357,11930,12052,58,2115,1985,2978
357,11930,12052,59,2114,1986,2967
357,11930,12052,60,2111,1981,2957
357,11930,12052,61,2110,1985,2937
357,11930,12052,62,2107,1986,2923
357,11930,12052,63,2105,1981,2913
357,11930,12052,64,2105,1985,2894
357,11930,12052,65,2102,1986,2880
357,11930,12052,66,2097,1981,2868
357,11930,12052,67,2099,1985,2853
357,11930,12052,68,2098,1986,2839
357,11930,12052,69,2090,1980,2830
357,11930,12052,70,2093,1985,2811
357,11930,12052,71,2093,1985,2797
357,11930,12052,72,2084,1980,2795
357,11930,12052,73,2087,1984,2768
357,11930,12052,74,2086,1985,2752
357,11930,12052,75,2078,1980,2740
357,11930,12052,76,2083,1985,2726
357,11930,12052,77,2081,1985,2715
357,11930,12052,78,2071,1981,2695
357,11930,12052,79,2077,1985,2681
357,11930,12052,80,2075,1985,2671
357,11930,12052,81,2065,1981,2653
357,11930,12052,82,2071,1985,2634
357,11930,12052,83,2069,1985,2628
357,11930,12052,84,2061,1982,2618
357,11930,12052,85,2065,1983,2603
357,11930,12052,86,2063,1984,2586
357,11930,12052,87,2055,1982,2567
357,11930,12052,88,2059,1984,2555
357,11930,12052,89,2059,1984,2557
357,11930,12052,90,2054,1983,2568
357,11930,12052,91,2063,1983,2586
357,11930,12052,92,2065,1984,2601
357,11930,12052,93,2061,1984,2611
357,11930,12052,94,2068,1983,2627
357,11930,12052,95,2069,1984,2642
357,11930,12052,96,2068,1984,2654
357,11930,12052,97,2073,1984,2667
357,11930,12052,98,2076,1983,2680
357,11930,12052,99,2075,1985,2696
357,11930,12052,100,2078,1985,2709
357,11930,12052,101,2081,1982,2723
357,11930,12052,102,2081,1985,2741
357,11930,12052,103,2084,1986,2748
357,11930,12052,104,2086,1981,2771
357,11930,12052,105,2087,1985,2781
357,11930,12052,106,2090,1987,2799
357,11930,12052,107,2092,1980,2811
357,11930,12052,108,2094,1985,2823
357,11930,12052,109,2097,1986,2842
357,11930,12052,110,2096,1981,2862
357,11930,12052,111,2101,1985,2870
357,11930,12052,112,2103,1986,2882
357,11930,12052,113,2100,1981,2895
357,11930,12052,114,2107,1985,2910
357,11930,12052,115,2110,1986,2923
357,11930,12052,116,2105,1981,2932
357,11930,12052,117,2113,1985,2952
357,11930,12052,118,2115,1986,2966
357,11930,12052,119,2111,1981,2981
357,11930,12052,120,2119,1986,2994
357,11930,12052,121,2122,1986,3009
357,11930,12052,122,2116,1982,3023
357,11930,12052,123,2125,1985,3039
357,11930,12052,124,2125,1986,3052
357,11930,12052,125,2123,1982,3064
357,11930,12052,126,2131,1985,3079
357,11930,12052,127,2133,1986,3094
357,11930,12052,128,2129,1983,3111
357,11930,12052,129,2136,1985,3123
357,11930,12052,130,2139,1986,3140
357,11930,12052,131,2135,1984,3152
357,11930,12052,132,2145,1985,3162
357,11930,12052,133,2145,1985,3180
357,11930,12052,134,2141,1984,3193
357,11930,12052,135,2148,1985,3205
357,11930,12052,136,2151,1985,3223
357,11930,12052,137,2148,1985,3231
357,11930,12052,138,2154,1985,3248
357,11930,12052,139,2156,1985,3267
357,11930,12052,140,2154,1986,3276
357,11930,12052,141,2159,1985,3292
357,11930,12052,142,2161,1983,3306
357,11930,12052,143,2162,1985,3323
357,11930,12052,144,2165,1986,3334
357,11930,12052,145,2167,1983,3349
357,11930,12052,146,2166,1986,3379
357,11930,12052,147,2171,1987,3378
357,11930,12052,148,2173,1982,3395
357,11930,12052,149,2173,1986,3406
357,11930,12052,150,2177,1987,3407
357,11930,12052,151,2179,1982,3438
357,11930,12052,152,2180,1986,3448
357,11930,12052,153,2183,1988,3466
357,11930,12052,154,2182,1982,3476
357,11930,12052,155,2185,1986,3472
357,11930,12052,156,2185,1987,3471
357,11930,12052,157,2182,1982,3483
357,11930,12052,158,2190,1987,3502
357,11930,12052,159,2191,1987,3510
357,11930,12052,160,2185,1982,3515
357,11930,12052,161,2193,1987,3513
357,11930,12052,162,2189,1987,3471
357,11930,12052,163,2173,1981,3375
357,11930,12052,164,2162,1986,3277
357,11930,12052,165,2152,1985,3164
357,11930,12052,166,2126,1981,3058
357,11930,12052,167,2116,1985,2934
357,11930,12052,168,2102,1985,2822
357,11930,12052,169,2076,1980,2680
357,11930,12052,170,2064,1983,2521
357,11930,12052,171,2043,1983,2375
357,11930,12052,172,2010,1980,2209
357,11930,12052,173,1999,1981,2046
357,11930,12052,174,1978,1982,1919
357,11930,12052,175,1950,1979,1762
357,11930,12052,176,1942,1981,1635
357,11930,12052,177,1919,1981,1495
357,11930,12052,178,1905,1980,1430
357,11930,12052,179,1891,1980,1299
357,11930,12052,180,1879,1980,1186
357,11930,12052,181,1859,1980,1083
357,11930,12052,182,1850,1979,946
357,11930,12052,183,1834,1978,823
357,11930,12052,184,1805,1978,664
357,11930,12052,185,1801,1977,560
357,11930,12052,186,1787,1974,421
357,11930,12052,187,1770,1975,271
357,11930,12052,188,1758,1974,211
357,11930,12052,189,1761,1972,226
357,11930,12052,190,1760,1975,239
357,11930,12052,191,1763,1976,251
357,11930,12052,192,1764,1972,268
357,11930,12052,193,1765,1976,285
357,11930,12052,194,1767,1977,302
357,11930,12052,195,1769,1972,313
357,11930,12052,196,1772,1977,324
357,11930,12052,197,1773,1978,339
357,11930,12052,198,1772,1972,354
357,11930,12052,199,1777,1977,370
357,11930,12052,200,1779,1978,382
357,11930,12052,201,1775,1973,394
357,11930,12052,202,1782,1977,409
357,11930,12052,203,1784,1978,424
357,11930,12052,204,1780,1973,441
357,11930,12052,205,1787,1978,453
357,11930,12052,206,1788,1978,466
357,11930,12052,207,1783,1974,477
357,11930,12052,208,1792,1978,498
357,11930,12052,209,1794,1979,509
357,11930,12052,210,1788,1975,522
357,11930,12052,211,1797,1978,536
357,11930,12052,212,1799,1978,552
357,11930,12052,213,1793,1975,565
357,11930,12052,214,1802,1978,581
357,11930,12052,215,1803,1978,600
357,11930,12052,216,1798,1976,605
357,11930,12052,217,1808,1978,623
357,11930,12052,218,1808,1979,639
357,11930,12052,219,1803,1977,649
357,11930,12052,220,1811,1978,664
357,11930,12052,221,1813,1978,680
357,11930,12052,222,1809,1978,695
357,11930,12052,223,1815,1978,706
357,11930,12052,224,1819,1978,722
357,11930,12052,225,1815,1979,737
357,11930,12052,226,1820,1978,750
357,11930,12052,227,1822,1979,764
357,11930,12052,228,1820,1979,778
357,11930,12052,229,1826,1979,792
357,11930,12052,230,1827,1977,809
357,11930,12052,231,1826,1980,821
357,11930,12052,232,1830,1980,835
357,11930,12052,233,1832,1977,854
357,11930,12052,234,1832,1980,869
357,11930,12052,235,1834,1982,876
357,11930,12052,236,1836,1976,894
357,11930,12052,237,1838,1981,905
357,11930,12052,238,1839,1982,920
357,11930,12052,239,1839,1976,932
357,11930,12052,240,1843,1981,949
357,11930,12052,241,1846,1982,966
357,11930,12052,242,1845,1976,980
357,11930,12052,243,1849,1981,993
357,11930,12052,244,1852,1982,1005
357,11930,12052,245,1849,1977,1019
357,11930,12052,246,1854,1982,1036
357,11930,12052,247,1858,1982,1049
357,11930,12052,248,1853,1977,1064
357,11930,12052,249,1861,1982,1077
357,11930,12052,250,1863,1981,1098
357,11930,12052,251,1857,1977,1105
357,11930,12052,252,1866,1981,1120
357,11930,12052,253,1868,1982,1140
357,11930,12052,254,1862,1978,1146
357,11930,12052,255,1872,1981,1147
357,11930,12052,256,1874,1981,1176
357,11930,12052,257,1868,1978,1191
357,11930,12052,258,1877,1981,1207
357,11930,12052,259,1880,1982,1228
357,11930,12052,260,1873,1979,1236
357,11930,12052,261,1883,1981,1249
357,11930,12052,262,1884,1981,1264
357,11930,12052,263,1879,1980,1276
357,11930,12052,264,1887,1981,1284
357,11930,12052,265,1891,1981,1307
357,11930,12052,266,1885,1981,1320
357,11930,12052,267,1891,1981,1317
357,11930,12052,268,1888,1981,1306
357,11930,12052,269,1882,1980,1293
357,11930,12052,270,1885,1980,1276
357,11930,12052,271,1884,1980,1259
357,11930,12052,272,1878,1981,1250
357,11930,12052,273,1879,1981,1234
357,11930,12052,274,1878,1979,1221
357,11930,12052,275,1873,1981,1205
357,11930,12052,276,1874,1982,1189
357,11930,12052,277,1871,1978,1179
357,11930,12052,278,1869,1981,1163
357,11930,12052,279,1867,1983,1148
357,11930,12052,280,1866,1977,1150
357,11930,12052,281,1865,1981,1120
357,11930,12052,282,1863,1983,1107
357,11930,12052,283,1860,1977,1091
357,11930,12052,284,1860,1981,1075
357,11930,12052,285,1858,1982,1071
357,11930,12052,286,1854,1977,1049
357,11930,12052,287,1854,1981,1034
357,11930,12052,288,1854,1982,1021
357,11930,12052,289,1847,1977,1008
357,11930,12052,290,1849,1981,998
357,11930,12052,291,1849,1981,980
357,11930,12052,292,1841,1977,966
357,11930,12052,293,1845,1981,952
357,11930,12052,294,1843,1981,935
357,11930,12052,295,1835,1977,921
357,11930,12052,296,1840,1980,907
357,11930,12052,297,1838,1981,892
357,11930,12052,298,1830,1977,881
357,11930,12052,299,1835,1980,864
357,11930,12052,300,1833,1980,850
357,11930,12052,301,1825,1977,835
357,11930,12052,302,1829,1980,822
357,11930,12052,303,1828,1979,809
357,11930,12052,304,1819,1977,795
357,11930,12052,305,1825,1979,779
357,11930,12052,306,1823,1979,765
357,11930,12052,307,1815,1978,753
357,11930,12052,308,1820,1979,738
357,11930,12052,309,1818,1979,723
357,11930,12052,310,1812,1978,703
357,11930,12052,311,1814,1979,695
357,11930,12052,312,1813,1978,681
357,11930,12052,313,1806,1978,665
357,11930,12052,314,1809,1978,651
357,11930,12052,315,1807,1977,636
357,11930,12052,316,1802,1978,623
357,11930,12052,317,1803,1978,605
357,11930,12052,318,1802,1975,599
357,11930,12052,319,1799,1977,581
357,11930,12052,320,1799,1978,565
357,11930,12052,321,1796,1975,552
357,11930,12052,322,1795,1978,538
357,11930,12052,323,1793,1979,523
357,11930,12052,324,1791,1973,509
357,11930,12052,325,1790,1978,495
357,11930,12052,326,1789,1979,484
357,11930,12052,327,1785,1973,468
357,11930,12052,328,1786,1977,454
357,11930,12052,329,1785,1979,440
357,11930,12052,330,1779,1973,425
357,11930,12052,331,1781,1977,408
357,11930,12052,332,1782,1978,395
357,11930,12052,333,1773,1973,381
357,11930,12052,334,1776,1976,370
357,11930,12052,335,1778,1977,351
357,11930,12052,336,1768,1973,338
357,11930,12052,337,1772,1976,327
357,11930,12052,338,1773,1976,311
357,11930,12052,339,1762,1972,297
357,11930,12052,340,1768,1975,282
357,11930,12052,341,1768,1976,261
357,11930,12052,342,1758,1973,256
357,11930,12052,343,1762,1974,246
357,11930,12052,344,1762,1974,228
357,11930,12052,345,1754,1973,211
357,11930,12052,346,1757,1974,200
357,11930,12052,347,1759,1975,194
357,11930,12052,348,1756,1973,254
357,11930,12052,349,1771,1976,319
357,11930,12052,350,1779,1976,397
357,11930,12052,351,1775,1975,497
357,11930,12052,352,1799,1979,582
357,11930,12052,353,1812,1980,693
357,11930,12052,354,1815,1977,808
357,11930,12052,355,1840,1981,937
359,12106,12228,0,1994,2024,1140
359,12106,12228,1,1873,1983,1190
359,12106,12228,2,1878,1980,1275
359,12106,12228,3,1892,1981,1349
359,12106,12228,4,1906,1982,1457
359,12106,12228,5,1916,1984,1567
359,12106,12228,6,1934,1983,1694
359,12106,12228,7,1949,1982,1820
359,12106,12228,8,1965,1983,1955
359,12106,12228,9,1988,1984,2108
359,12106,12228,10,2009,1984,2254
359,12106,12228,11,2028,1984,2399
359,12106,12228,12,2050,1984,2534
359,12106,12228,13,2068,1984,2680
359,12106,12228,14,2087,1984,2887
359,12106,12228,15,2110,1985,2976
359,12106,12228,16,2126,1985,3110
359,12106,12228,17,2146,1985,3265
359,12106,12228,18,2159,1985,3405
359,12106,12228,19,2179,1986,3488
359,12106,12228,20,2183,1985,3484
359,12106,12228,21,2183,1984,3470
359,12106,12228,22,2184,1985,3471
359,12106,12228,23,2184,1986,3477
359,12106,12228,24,2182,1985,3463
359,12106,12228,25,2177,1985,3451
359,12106,12228,26,2178,1985,3433
359,12106,12228,27,2177,1985,3420
359,12106,12228,28,2174,1985,3409
359,12106,12228,29,2173,1985,3391
359,12106,12228,30,2170,1985,3376
359,12106,12228,31,2170,1985,3364
359,12106,12228,32,2166,1984,3353
359,12106,12228,33,2165,1985,3337
359,12106,12228,34,2162,1985,3321
359,12106,12228,35,2161,1986,3304
359,12106,12228,36,2158,1985,3293
359,12106,12228,37,2157,1985,3282
359,12106,12228,38,2154,1984,3264
359,12106,12228,39,2153,1985,3256
359,12106,12228,40,2151,1985,3240
359,12106,12228,41,2148,1985,3231
359,12106,12228,42,2147,1985,3208
359,12106,12228,43,2145,1985,3190
359,12106,12228,44,2142,1984,3175
359,12106,12228,45,2142,1984,3165
359,12106,12228,46,2140,1984,3149
359,12106,12228,47,2137,1984,3134
359,12106,12228,48,2135,1984,3120
359,12106,12228,49,2133,1984,3106
359,12106,12228,50,2132,1985,3098
359,12106,12228,51,2129,1985,3079
359,12106,12228,52,2127,1984,3068
359,12106,12228,53,2125,1984,3051
359,12106,12228,54,2122,1984,3035
359,12106,12228,55,2120,1984,3032
359,12106,12228,56,2119,1984,3009
359,12106,12228,57,2118,1984,2993
359,12106,12228,58,2116,1984,2979
359,12106,12228,59,2114,1984,2967
359,12106,12228,60,2113,1984,2953
359,12106,12228,61,2109,1984,2939
359,12106,12228,62,2107,1984,2923
359,12106,12228,63,2106,1984,2908
359,12106,12228,64,2104,1984,2894
359,12106,12228,65,2102,1984,2879
359,12106,12228,66,2100,1984,2868
359,12106,12228,67,2098,1984,2853
359,12106,12228,68,2096,1984,2836
359,12106,12228,69,2095,1984,2823
359,12106,12228,70,2091,1984,2813
359,12106,12228,71,2090,1983,2795
359,12106,12228,72,2088,1984,2777
359,12106,12228,73,2086,1983,2768
359,12106,12228,74,2083,1983,2753
359,12106,12228,75,2082,1984,2741
359,12106,12228,76,2080,1983,2714
359,12106,12228,77,2078,1983,2711
359,12106,12228,78,2077,1984,2696
359,12106,12228,79,2074,1984,2682
359,12106,12228,80,2072,1984,2668
359,12106,12228,81,2071,1983,2654
359,12106,12228,82,2068,1983,2639
359,12106,12228,83,2066,1984,2628
359,12106,12228,84,2067,1984,2612
359,12106,12228,85,2063,1983,2599
359,12106,12228,86,2061,1984,2586
359,12106,12228,87,2059,1983,2568
359,12106,12228,88,2057,1983,2558
359,12106,12228,89,2057,1983,2557
359,12106,12228,90,2059,1984,2569
359,12106,12228,91,2060,1983,2583
359,12106,12228,92,2063,1983,2599
359,12106,12228,93,2064,1984,2614
359,12106,12228,94,2067,1984,2627
359,12106,12228,95,2068,1984,2639
359,12106,12228,96,2069,1983,2658
359,12106,12228,97,2072,1983,2666
359,12106,12228,98,2074,1983,2684
359,12106,12228,99,2077,1984,2696
359,12106,12228,100,2077,1984,2710
359,12106,12228,101,2080,1984,2725
359,12106,12228,102,2081,1984,2744
359,12106,12228,103,2084,1984,2754
359,12106,12228,104,2086,1984,2767
359,12106,12228,105,2089,1984,2770
359,12106,12228,106,2091,1984,2795
359,12106,12228,107,2091,1984,2809
359,12106,12228,108,2093,1984,2823
359,12106,12228,109,2096,1984,2837
359,12106,12228,110,2098,1984,2854
359,12106,12228,111,2100,1984,2867
359,12106,12228,112,2102,1985,2880
359,12106,12228,113,2105,1984,2896
359,12106,12228,114,2105,1984,2911
359,12106,12228,115,2108,1984,2922
359,12106,12228,116,2109,1984,2938
359,12106,12228,117,2111,1984,2951
359,12106,12228,118,2114,1984,2968
359,12106,12228,119,2115,1984,2978
359,12106,12228,120,2117,1985,2995
359,12106,12228,121,2119,1985,3009
359,12106,12228,122,2121,1985,3022
359,12106,12228,123,2123,1985,3037
359,12106,12228,124,2125,1984,3047
359,12106,12228,125,2126,1985,3069
359,12106,12228,126,2129,1985,3077
359,12106,12228,127,2132,1985,3093
359,12106,12228,128,2134,1984,3113
359,12106,12228,129,2134,1984,3125
359,12106,12228,130,2137,1985,3139
359,12106,12228,131,2139,1984,3150
359,12106,12228,132,2139,1985,3164
359,12106,12228,133,2142,1985,3181
359,12106,12228,134,2145,1984,3196
359,12106,12228,135,2146,1985,3211
359,12106,12228,136,2149,1985,3220
359,12106,12228,137,2151,1985,3235
359,12106,12228,138,2153,1985,3252
359,12106,12228,139,2156,1985,3265
359,12106,12228,140,2157,1985,3279
359,12106,12228,141,2157,1985,3295
359,12106,12228,142,2160,1985,3305
359,12106,12228,143,2163,1985,3321
359,12106,12228,144,2163,1985,3335
359,12106,12228,145,2166,1984,3353
359,12106,12228,146,2170,1985,3364
359,12106,12228,147,2171,1985,3378
359,12106,12228,148,2172,1985,3389
359,12106,12228,149,2177,1985,3406
359,12106,12228,150,2176,1985,3421
359,12106,12228,151,2178,1985,3434
359,12106,12228,152,2180,1985,3447
359,12106,12228,153,2183,1985,3460
359,12106,12228,154,2184,1985,3477
359,12106,12228,155,2184,1985,3472
359,12106,12228,156,2183,1985,3471
359,12106,12228,157,2186,1985,3486
359,12106,12228,158,2186,1985,3494
359,12106,12228,159,2189,1986,3511
359,12106,12228,160,2190,1985,3516
359,12106,12228,161,2190,1985,3514
359,12106,12228,162,2189,1985,3473
359,12106,12228,163,2177,1984,3383
359,12106,12228,164,2160,1984,3284
359,12106,12228,165,2145,1983,3165
359,12106,12228,166,2128,1984,3047
359,12106,12228,167,2113,1983,2921
359,12106,12228,168,2097,1982,2810
359,12106,12228,169,2083,1984,2716
359,12106,12228,170,2072,1983,2632
359,12106,12228,171,2055,1982,2509
359,12106,12228,172,2040,1982,2379
359,12106,12228,173,2019,1982,2258
359,12106,12228,174,2003,1981,2113
359,12106,12228,175,1981,1981,1972
359,12106,12228,176,1965,1981,1834
359,12106,12228,177,1944,1981,1693
359,12106,12228,178,1933,1980,1597
359,12106,12228,179,1913,1979,1432
359,12106,12228,180,1892,1980,1297
359,12106,12228,181,1876,1980,1166
359,12106,12228,182,1857,1979,995
359,12106,12228,183,1836,1978,869
359,12106,12228,184,1823,1977,728
359,12106,12228,185,1809,1977,591
359,12106,12228,186,1786,1976,450
359,12106,12228,187,1774,1974,311
359,12106,12228,188,1758,1973,214
359,12106,12228,189,1760,1974,223
359,12106,12228,190,1761,1974,241
359,12106,12228,191,1763,1975,252
359,12106,12228,192,1765,1974,267
359,12106,12228,193,1765,1975,284
359,12106,12228,194,1767,1975,294
359,12106,12228,195,1769,1975,309
359,12106,12228,196,1771,1975,326
359,12106,12228,197,1772,1975,343
359,12106,12228,198,1774,1975,348
359,12106,12228,199,1775,1976,368
359,12106,12228,200,1777,1976,381
359,12106,12228,201,1778,1976,393
359,12106,12228,202,1780,1976,409
359,12106,12228,203,1782,1976,425
359,12106,12228,204,1783,1976,440
359,12106,12228,205,1785,1975,455
359,12106,12228,206,1786,1976,467
359,12106,12228,207,1788,1976,480
359,12106,12228,208,1790,1977,497
359,12106,12228,209,1791,1977,515
359,12106,12228,210,1793,1977,521
359,12106,12228,211,1794,1978,540
359,12106,12228,212,1796,1977,552
359,12106,12228,213,1798,1977,565
359,12106,12228,214,1799,1978,576
359,12106,12228,215,1801,1978,596
359,12106,12228,216,1803,1978,610
359,12106,12228,217,1804,1978,625
359,12106,12228,218,1806,1978,639
359,12106,12228,219,1808,1978,651
359,12106,12228,220,1809,1978,668
359,12106,12228,221,1810,1979,680
359,12106,12228,222,1813,1979,695
359,12106,12228,223,1814,1978,707
359,12106,12228,224,1816,1978,724
359,12106,12228,225,1818,1979,731
359,12106,12228,226,1818,1979,750
359,12106,12228,227,1821,1979,765
359,12106,12228,228,1822,1978,779
359,12106,12228,229,1824,1979,802
359,12106,12228,230,1823,1979,807
359,12106,12228,231,1827,1979,822
359,12106,12228,232,1829,1979,836
359,12106,12228,233,1832,1979,854
359,12106,12228,234,1833,1979,864
359,12106,12228,235,1835,1979,878
359,12106,12228,236,1836,1980,894
359,12106,12228,237,1838,1979,912
359,12106,12228,238,1840,1980,922
359,12106,12228,239,1841,1979,934
359,12106,12228,240,1843,1979,950
359,12106,12228,241,1845,1979,966
359,12106,12228,242,1846,1979,978
359,12106,12228,243,1848,1980,991
359,12106,12228,244,1850,1980,1007
359,12106,12228,245,1852,1980,1021
359,12106,12228,246,1854,1980,1037
359,12106,12228,247,1855,1980,1051
359,12106,12228,248,1857,1980,1063
359,12106,12228,249,1859,1980,1086
359,12106,12228,250,1862,1980,1091
359,12106,12228,251,1862,1980,1112
359,12106,12228,252,1864,1980,1119
359,12106,12228,253,1866,1980,1135
359,12106,12228,254,1869,1980,1148
359,12106,12228,255,1869,1981,1162
359,12106,12228,256,1871,1981,1176
359,12106,12228,257,1873,1981,1192
359,12106,12228,258,1874,1980,1206
359,12106,12228,259,1877,1980,1221
359,12106,12228,260,1878,1981,1233
359,12106,12228,261,1880,1980,1249
359,12106,12228,262,1882,1980,1260
359,12106,12228,263,1883,1981,1275
359,12106,12228,264,1885,1981,1291
359,12106,12228,265,1887,1980,1301
359,12106,12228,266,1889,1981,1317
359,12106,12228,267,1888,1981,1322
359,12106,12228,268,1888,1981,1304
359,12106,12228,269,1885,1981,1291
359,12106,12228,270,1884,1981,1287
359,12106,12228,271,1882,1981,1258
359,12106,12228,272,1880,1981,1249
359,12106,12228,273,1878,1981,1233
359,12106,12228,274,1877,1980,1223
359,12106,12228,275,1875,1980,1202
359,12106,12228,276,1873,1980,1194
359,12106,12228,277,1871,1980,1177
359,12106,12228,278,1870,1980,1162
359,12106,12228,279,1867,1981,1150
359,12106,12228,280,1866,1980,1133
359,12106,12228,281,1864,1980,1119
359,12106,12228,282,1862,1980,1108
359,12106,12228,283,1861,1980,1092
359,12106,12228,284,1858,1980,1074
359,12106,12228,285,1856,1980,1065
359,12106,12228,286,1856,1980,1048
359,12106,12228,287,1853,1980,1032
359,12106,12228,288,1852,1980,1021
359,12106,12228,289,1850,1980,1007
359,12106,12228,290,1848,1980,993
359,12106,12228,291,1846,1979,979
359,12106,12228,292,1844,1979,965
359,12106,12228,293,1843,1979,948
359,12106,12228,294,1841,1979,932
359,12106,12228,295,1840,1980,921
359,12106,12228,296,1837,1979,906
359,12106,12228,297,1836,1979,893
359,12106,12228,298,1834,1979,879
359,12106,12228,299,1833,1978,867
359,12106,12228,300,1832,1979,850
359,12106,12228,301,1829,1979,837
359,12106,12228,302,1827,1979,824
359,12106,12228,303,1826,1979,809
359,12106,12228,304,1824,1979,793
359,12106,12228,305,1822,1979,781
359,12106,12228,306,1821,1979,766
359,12106,12228,307,1819,1978,750
359,12106,12228,308,1818,1978,737
359,12106,12228,309,1816,1978,723
359,12106,12228,310,1815,1978,708
359,12106,12228,311,1812,1978,690
359,12106,12228,312,1811,1978,680
359,12106,12228,313,1809,1978,666
359,12106,12228,314,1807,1978,653
359,12106,12228,315,1806,1978,638
359,12106,12228,316,1804,1978,620
359,12106,12228,317,1804,1978,608
359,12106,12228,318,1801,1977,593
359,12106,12228,319,1800,1976,587
359,12106,12228,320,1798,1977,565
359,12106,12228,321,1797,1976,555
359,12106,12228,322,1795,1977,537
359,12106,12228,323,1792,1977,522
359,12106,12228,324,1792,1977,511
359,12106,12228,325,1789,1976,494
359,12106,12228,326,1787,1976,482
359,12106,12228,327,1787,1977,466
359,12106,12228,328,1784,1976,456
359,12106,12228,329,1783,1976,439
359,12106,12228,330,1783,1976,423
359,12106,12228,331,1780,1976,410
359,12106,12228,332,1778,1976,399
359,12106,12228,333,1777,1975,384
359,12106,12228,334,1775,1976,366
359,12106,12228,335,1774,1975,354
359,12106,12228,336,1772,1975,341
359,12106,12228,337,1770,1974,330
359,12106,12228,338,1770,1975,311
359,12106,12228,339,1767,1974,298
359,12106,12228,340,1766,1975,280
359,12106,12228,341,1764,1974,268
359,12106,12228,342,1762,1974,257
359,12106,12228,343,1761,1973,238
359,12106,12228,344,1760,1974,224
359,12106,12228,345,1757,1973,215
359,12106,12228,346,1756,1973,195
359,12106,12228,347,1755,1973,184
359,12106,12228,348,1753,1972,169
359,12106,12228,349,1756,1974,212
359,12106,12228,350,1769,1975,321
359,12106,12228,351,1777,1976,419
359,12106,12228,352,1792,1978,543
359,12106,12228,353,1801,1978,630
359,12106,12228,354,1819,1980,787
359,12106,12228,355,1833,1980,901
361,12281,12403,0,2000,2027,1325
361,12281,12403,1,1891,1983,1397
361,12281,12403,2,1909,1982,1476
361,12281,12403,3,1920,1982,1570
361,12281,12403,4,1931,1982,1664
361,12281,12403,5,1943,1983,1774
361,12281,12403,6,1958,1982,1863
361,12281,12403,7,1969,1983,1972
361,12281,12403,8,1989,1983,2091
361,12281,12403,9,2004,1983,2206
361,12281,12403,10,2019,1984,2337
361,12281,12403,11,2039,1983,2454
361,12281,12403,12,2054,1985,2584
361,12281,12403,13,2075,1985,2724
361,12281,12403,14,2092,1985,2874
361,12281,12403,15,2112,1985,3009
361,12281,12403,16,2129,1986,3133
361,12281,12403,17,2152,1986,3279
361,12281,12403,18,2170,1986,3418
361,12281,12403,19,2186,1986,3502
361,12281,12403,20,2186,1984,3485
361,12281,12403,21,2183,1984,3471
361,12281,12403,22,2183,1985,3471
361,12281,12403,23,2184,1984,3475
361,12281,12403,24,2182,1985,3458
361,12281,12403,25,2181,1985,3449
361,12281,12403,26,2179,1985,3434
361,12281,12403,27,2176,1985,3421
361,12281,12403,28,2175,1985,3405
361,12281,12403,29,2173,1985,3392
361,12281,12403,30,2170,1985,3386
361,12281,12403,31,2169,1985,3362
361,12281,12403,32,2166,1986,3350
361,12281,12403,33,2164,1985,3335
361,12281,12403,34,2163,1985,3323
361,12281,12403,35,2160,1985,3304
361,12281,12403,36,2159,1985,3292
361,12281,12403,37,2156,1985,3277
361,12281,12403,38,2154,1985,3265
361,12281,12403,39,2153,1985,3251
361,12281,12403,40,2150,1985,3236
361,12281,12403,41,2150,1985,3226
361,12281,12403,42,2147,1985,3207
361,12281,12403,43,2145,1984,3195
361,12281,12403,44,2143,1984,3176
361,12281,12403,45,2143,1985,3164
361,12281,12403,46,2139,1985,3149
361,12281,12403,47,2137,1985,3134
361,12281,12403,48,2135,1985,3121
361,12281,12403,49,2133,1985,3107
361,12281,12403,50,2131,1985,3091
361,12281,12403,51,2129,1984,3080
361,12281,12403,52,2127,1985,3067
361,12281,12403,53,2125,1984,3048
361,12281,12403,54,2122,1984,3037
361,12281,12403,55,2121,1984,3026
361,12281,12403,56,2118,1984,3011
361,12281,12403,57,2120,1984,2995
361,12281,12403,58,2115,1984,2980
361,12281,12403,59,2113,1984,2967
361,12281,12403,60,2112,1984,2950
361,12281,12403,61,2110,1984,2937
361,12281,12403,62,2108,1984,2924
361,12281,12403,63,2106,1984,2911
361,12281,12403,64,2103,1984,2894
361,12281,12403,65,2102,1984,2881
361,12281,12403,66,2100,1984,2865
361,12281,12403,67,2098,1984,2851
361,12281,12403,68,2095,1984,2837
361,12281,12403,69,2094,1984,2820
361,12281,12403,70,2091,1984,2810
361,12281,12403,71,2090,1983,2794
361,12281,12403,72,2088,1984,2784
361,12281,12403,73,2088,1984,2766
361,12281,12403,74,2084,1984,2753
361,12281,12403,75,2082,1984,2739
361,12281,12403,76,2080,1984,2724
361,12281,12403,77,2078,1984,2718
361,12281,12403,78,2076,1983,2695
361,12281,12403,79,2074,1983,2680
361,12281,12403,80,2073,1983,2667
361,12281,12403,81,2071,1984,2655
361,12281,12403,82,2069,1984,2640
361,12281,12403,83,2067,1983,2625
361,12281,12403,84,2065,1984,2612
361,12281,12403,85,2061,1983,2597
361,12281,12403,86,2061,1984,2585
361,12281,12403,87,2058,1983,2569
361,12281,12403,88,2056,1983,2555
361,12281,12403,89,2057,1983,2552
361,12281,12403,90,2059,1983,2569
361,12281,12403,91,2061,1984,2584
361,12281,12403,92,2062,1983,2596
361,12281,12403,93,2066,1984,2611
361,12281,12403,94,2067,1984,2623
361,12281,12403,95,2067,1984,2639
361,12281,12403,96,2070,1984,2654
361,12281,12403,97,2073,1984,2668
361,12281,12403,98,2074,1984,2681
361,12281,12403,99,2077,1984,2696
361,12281,12403,100,2078,1984,2712
361,12281,12403,101,2080,1983,2727
361,12281,12403,102,2083,1984,2737
361,12281,12403,103,2084,1984,2751
361,12281,12403,104,2086,1984,2770
361,12281,12403,105,2087,1984,2780
361,12281,12403,106,2090,1984,2800
361,12281,12403,107,2092,1984,2809
361,12281,12403,108,2094,1984,2829
361,12281,12403,109,2096,1984,2838
361,12281,12403,110,2098,1984,2853
361,12281,12403,111,2099,1984,2868
361,12281,12403,112,2101,1984,2880
361,12281,12403,113,2104,1985,2893
361,12281,12403,114,2105,1984,2907
361,12281,12403,115,2108,1985,2925
361,12281,12403,116,2109,1985,2936
361,12281,12403,117,2111,1985,2953
361,12281,12403,118,2112,1984,2964
361,12281,12403,119,2116,1984,2980
361,12281,12403,120,2117,1984,2995
361,12281,12403,121,2119,1985,3009
361,12281,12403,122,2121,1984,3020
361,12281,12403,123,2122,1984,3038
361,12281,12403,124,2125,1985,3057
361,12281,12403,125,2126,1984,3064
361,12281,12403,126,2130,1985,3080
361,12281,12403,127,2130,1985,3095
361,12281,12403,128,2133,1985,3110
361,12281,12403,129,2135,1984,3127
361,12281,12403,130,2137,1984,3132
361,12281,12403,131,2138,1985,3148
361,12281,12403,132,2140,1985,3161
361,12281,12403,133,2143,1985,3178
361,12281,12403,134,2144,1985,3192
361,12281,12403,135,2146,1985,3204
361,12281,12403,136,2150,1985,3222
361,12281,12403,137,2150,1985,3237
361,12281,12403,138,2153,1985,3259
361,12281,12403,139,2155,1985,3263
361,12281,12403,140,2156,1985,3273
361,12281,12403,141,2158,1985,3295
361,12281,12403,142,2160,1985,3310
361,12281,12403,143,2162,1986,3321
361,12281,12403,144,2163,1985,3337
361,12281,12403,145,2167,1985,3342
361,12281,12403,146,2165,1985,3364
361,12281,12403,147,2171,1985,3380
361,12281,12403,148,2172,1985,3393
361,12281,12403,149,2174,1986,3407
361,12281,12403,150,2176,1986,3430
361,12281,12403,151,2178,1985,3434
361,12281,12403,152,2181,1985,3448
361,12281,12403,153,2181,1985,3465
361,12281,12403,154,2184,1985,3475
361,12281,12403,155,2183,1985,3471
361,12281,12403,156,2183,1985,3471
361,12281,12403,157,2185,1985,3486
361,12281,12403,158,2188,1986,3500
361,12281,12403,159,2189,1985,3509
361,12281,12403,160,2190,1986,3515
361,12281,12403,161,2191,1986,3515
361,12281,12403,162,2189,1985,3483
361,12281,12403,163,2175,1984,3409
361,12281,12403,164,2156,1985,3284
361,12281,12403,165,2147,1984,3159
361,12281,12403,166,2132,1983,3032
361,12281,12403,167,2108,1982,2873
361,12281,12403,168,2089,1982,2729
361,12281,12403,169,2067,1982,2571
361,12281,12403,170,2045,1982,2442
361,12281,12403,171,2031,1981,2293
361,12281,12403,172,2015,1981,2167
361,12281,12403,173,1994,1981,2041
361,12281,12403,174,1973,1981,1906
361,12281,12403,175,1952,1981,1774
361,12281,12403,176,1939,1981,1642
361,12281,12403,177,1919,1980,1531
361,12281,12403,178,1912,1981,1454
361,12281,12403,179,1898,1981,1358
361,12281,12403,180,1882,1979,1236
361,12281,12403,181,1869,1979,1108
361,12281,12403,182,1853,1979,977
361,12281,12403,183,1834,1979,853
361,12281,12403,184,1820,1977,707
361,12281,12403,185,1803,1977,571
361,12281,12403,186,1787,1975,437
361,12281,12403,187,1772,1974,293
361,12281,12403,188,1757,1973,212
361,12281,12403,189,1759,1974,224
361,12281,12403,190,1761,1974,238
361,12281,12403,191,1763,1975,251
361,12281,12403,192,1764,1975,275
361,12281,12403,193,1765,1974,282
361,12281,12403,194,1768,1975,297
361,12281,12403,195,1768,1975,311
361,12281,12403,196,1771,1974,326
361,12281,12403,197,1772,1975,338
361,12281,12403,198,1773,1975,355
361,12281,12403,199,1776,1975,366
361,12281,12403,200,1777,1975,382
361,12281,12403,201,1779,1976,396
361,12281,12403,202,1779,1976,413
361,12281,12403,203,1781,1976,423
361,12281,12403,204,1784,1976,438
361,12281,12403,205,1785,1976,454
361,12281,12403,206,1787,1976,466
361,12281,12403,207,1789,1977,481
361,12281,12403,208,1790,1977,496
361,12281,12403,209,1791,1977,508
361,12281,12403,210,1793,1977,525
361,12281,12403,211,1794,1977,537
361,12281,12403,212,1797,1977,551
361,12281,12403,213,1798,1978,564
361,12281,12403,214,1800,1978,582
361,12281,12403,215,1801,1977,595
361,12281,12403,216,1802,1977,608
361,12281,12403,217,1805,1977,624
361,12281,12403,218,1805,1978,636
361,12281,12403,219,1807,1978,651
361,12281,12403,220,1809,1978,666
361,12281,12403,221,1811,1978,677
361,12281,12403,222,1812,1978,696
361,12281,12403,223,1815,1978,711
361,12281,12403,224,1816,1978,720
361,12281,12403,225,1818,1979,737
361,12281,12403,226,1819,1979,752
361,12281,12403,227,1821,1978,764
361,12281,12403,228,1823,1979,778
361,12281,12403,229,1825,1979,792
361,12281,12403,230,1826,1980,815
361,12281,12403,231,1827,1979,824
361,12281,12403,232,1829,1979,836
361,12281,12403,233,1831,1979,848
361,12281,12403,234,1833,1979,864
361,12281,12403,235,1834,1979,878
361,12281,12403,236,1836,1979,891
361,12281,12403,237,1837,1980,907
361,12281,12403,238,1840,1980,922
361,12281,12403,239,1841,1980,937
361,12281,12403,240,1843,1980,948
361,12281,12403,241,1845,1980,966
361,12281,12403,242,1847,1980,976
361,12281,12403,243,1848,1980,992
361,12281,12403,244,1850,1980,1007
361,12281,12403,245,1852,1980,1021
361,12281,12403,246,1853,1981,1064
361,12281,12403,247,1854,1980,1049
361,12281,12403,248,1857,1980,1063
361,12281,12403,249,1859,1980,1081
361,12281,12403,250,1861,1980,1091
361,12281,12403,251,1862,1980,1105
361,12281,12403,252,1863,1980,1120
361,12281,12403,253,1863,1980,1136
361,12281,12403,254,1867,1980,1146
361,12281,12403,255,1870,1980,1164
361,12281,12403,256,1871,1980,1174
361,12281,12403,257,1873,1980,1190
361,12281,12403,258,1874,1980,1204
361,12281,12403,259,1877,1980,1214
361,12281,12403,260,1879,1980,1232
361,12281,12403,261,1879,1980,1247
361,12281,12403,262,1882,1981,1261
361,12281,12403,263,1883,1981,1276
361,12281,12403,264,1886,1981,1289
361,12281,12403,265,1887,1980,1305
361,12281,12403,266,1889,1981,1324
361,12281,12403,267,1890,1980,1322
361,12281,12403,268,1887,1980,1303
361,12281,12403,269,1885,1980,1286
361,12281,12403,270,1884,1980,1275
361,12281,12403,271,1883,1980,1262
361,12281,12403,272,1880,1980,1248
361,12281,12403,273,1879,1981,1235
361,12281,12403,274,1876,1980,1219
361,12281,12403,275,1876,1981,1205
361,12281,12403,276,1873,1980,1188
361,12281,12403,277,1870,1981,1177
361,12281,12403,278,1869,1980,1155
361,12281,12403,279,1867,1980,1147
361,12281,12403,280,1868,1980,1134
361,12281,12403,281,1863,1980,1120
361,12281,12403,282,1863,1980,1106
361,12281,12403,283,1860,1980,1091
361,12281,12403,284,1858,1980,1075
361,12281,12403,285,1857,1980,1061
361,12281,12403,286,1856,1980,1047
361,12281,12403,287,1853,1980,1035
361,12281,12403,288,1853,1980,1018
361,12281,12403,289,1850,1980,1006
361,12281,12403,290,1848,1980,992
361,12281,12403,291,1847,1979,980
361,12281,12403,292,1844,1979,962
361,12281,12403,293,1843,1980,951
361,12281,12403,294,1842,1979,936
361,12281,12403,295,1840,1979,923
361,12281,12403,296,1838,1978,903
361,12281,12403,297,1836,1979,892
361,12281,12403,298,1834,1979,877
361,12281,12403,299,1833,1978,864
361,12281,12403,300,1831,1979,852
361,12281,12403,301,1830,1979,834
361,12281,12403,302,1827,1979,823
361,12281,12403,303,1826,1979,806
361,12281,12403,304,1824,1978,793
361,12281,12403,305,1823,1979,781
361,12281,12403,306,1821,1979,766
361,12281,12403,307,1819,1979,752
361,12281,12403,308,1817,1978,737
361,12281,12403,309,1817,1979,722
361,12281,12403,310,1814,1978,708
361,12281,12403,311,1813,1979,693
361,12281,12403,312,1810,1978,682
361,12281,12403,313,1810,1977,666
361,12281,12403,314,1808,1977,661
361,12281,12403,315,1807,1978,638
361,12281,12403,316,1804,1977,624
361,12281,12403,317,1803,1977,608
361,12281,12403,318,1801,1977,589
361,12281,12403,319,1798,1977,582
361,12281,12403,320,1797,1977,566
361,12281,12403,321,1796,1978,564
361,12281,12403,322,1794,1977,538
361,12281,12403,323,1793,1977,524
361,12281,12403,324,1791,1977,507
361,12281,12403,325,1790,1976,496
361,12281,12403,326,1788,1977,482
361,12281,12403,327,1787,1977,467
361,12281,12403,328,1784,1976,453
361,12281,12403,329,1783,1977,438
361,12281,12403,330,1781,1976,427
361,12281,12403,331,1782,1976,411
361,12281,12403,332,1779,1976,400
361,12281,12403,333,1776,1975,384
361,12281,12403,334,1775,1975,368
361,12281,12403,335,1773,1975,358
361,12281,12403,336,1772,1975,340
361,12281,12403,337,1770,1975,325
361,12281,12403,338,1769,1975,312
361,12281,12403,339,1767,1974,297
361,12281,12403,340,1767,1974,285
361,12281,12403,341,1765,1974,270
361,12281,12403,342,1763,1974,256
361,12281,12403,343,1761,1974,241
361,12281,12403,344,1760,1974,226
361,12281,12403,345,1757,1973,211
361,12281,12403,346,1756,1974,196
361,12281,12403,347,1756,1973,183
361,12281,12403,348,1756,1973,204
361,12281,12403,349,1763,1975,270
361,12281,12403,350,1771,1975,325
361,12281,12403,351,1781,1977,450
361,12281,12403,352,1794,1977,522
361,12281,12403,353,1798,1979,661
361,12281,12403,354,1820,1979,787
361,12281,12403,355,1834,1980,901
363,12457,12579,0,1992,2024,1111
363,12457,12579,1,1865,1982,1183
363,12457,12579,2,1878,1981,1259
363,12457,12579,3,1893,1982,1367
363,12457,12579,4,1905,1982,1488
363,12457,12579,5,1921,1982,1604
363,12457,12579,6,1941,1983,1740
363,12457,12579,7,1957,1983,1881
363,12457,12579,8,1975,1983,1999
363,12457,12579,9,1996,1983,2150
363,12457,12579,10,2013,1984,2269
363,12457,12579,11,2030,1985,2422
363,12457,12579,12,2053,1984,2562
363,12457,12579,13,2070,1985,2707
363,12457,12579,14,2092,1984,2841
363,12457,12579,15,2107,1985,2989
363,12457,12579,16,2127,1986,3118
363,12457,12579,17,2147,1985,3251
363,12457,12579,18,2159,1986,3426
363,12457,12579,19,2188,1986,3497
363,12457,12579,20,2184,1985,3485
363,12457,12579,21,2183,1985,3470
363,12457,12579,22,2184,1985,3471
363,12457,12579,23,2184,1985,3475
363,12457,12579,24,2183,1985,3463
363,12457,12579,25,2177,1985,3448
363,12457,12579,26,2178,1985,3432
363,12457,12579,27,2177,1985,3421
363,12457,12579,28,2173,1985,3408
363,12457,12579,29,2173,1985,3394
363,12457,12579,30,2170,1985,3386
363,12457,12579,31,2168,1985,3369
363,12457,12579,32,2167,1986,3351
363,12457,12579,33,2164,1985,3337
363,12457,12579,34,2163,1985,3323
363,12457,12579,35,2161,1985,3305
363,12457,12579,36,2158,1985,3294
363,12457,12579,37,2156,1984,3278
363,12457,12579,38,2156,1985,3265
363,12457,12579,39,2151,1985,3252
363,12457,12579,40,2152,1985,3235
363,12457,12579,41,2148,1985,3222
363,12457,12579,42,2146,1985,3206
363,12457,12579,43,2145,1984,3194
363,12457,12579,44,2142,1985,3178
363,12457,12579,45,2141,1985,3170
363,12457,12579,46,2139,1984,3150
363,12457,12579,47,2137,1985,3134
363,12457,12579,48,2135,1985,3124
363,12457,12579,49,2133,1985,3111
363,12457,12579,50,2131,1985,3094
363,12457,12579,51,2129,1984,3078
363,12457,12579,52,2127,1984,3066
363,12457,12579,53,2125,1985,3050
363,12457,12579,54,2124,1985,3039
363,12457,12579,55,2120,1985,3022
363,12457,12579,56,2119,1984,3010
363,12457,12579,57,2117,1984,2996
363,12457,12579,58,2116,1984,2980
363,12457,12579,59,2113,1985,2969
363,12457,12579,60,2111,1985,2952
363,12457,12579,61,2110,1984,2937
363,12457,12579,62,2108,1984,2923
363,12457,12579,63,2105,1984,2910
363,12457,12579,64,2104,1984,2895
363,12457,12579,65,2102,1984,2888
363,12457,12579,66,2099,1984,2870
363,12457,12579,67,2098,1984,2851
363,12457,12579,68,2096,1984,2839
363,12457,12579,69,2095,1984,2825
363,12457,12579,70,2092,1984,2819
363,12457,12579,71,2089,1984,2794
363,12457,12579,72,2087,1984,2780
363,12457,12579,73,2087,1984,2771
363,12457,12579,74,2085,1983,2755
363,12457,12579,75,2083,1984,2736
363,12457,12579,76,2080,1984,2726
363,12457,12579,77,2077,1983,2713
363,12457,12579,78,2076,1983,2697
363,12457,12579,79,2074,1984,2680
363,12457,12579,80,2072,1983,2667
363,12457,12579,81,2070,1983,2653
363,12457,12579,82,2069,1984,2641
363,12457,12579,83,2067,1983,2626
363,12457,12579,84,2065,1984,2609
363,12457,12579,85,2063,1984,2593
363,12457,12579,86,2060,1983,2583
363,12457,12579,87,2059,1984,2568
363,12457,12579,88,2057,1983,2552
363,12457,12579,89,2057,1983,2557
363,12457,12579,90,2058,1984,2568
363,12457,12579,91,2061,1983,2585
363,12457,12579,92,2063,1983,2597
363,12457,12579,93,2064,1984,2612
363,12457,12579,94,2068,1984,2625
363,12457,12579,95,2069,1984,2640
363,12457,12579,96,2069,1984,2656
363,12457,12579,97,2072,1983,2668
363,12457,12579,98,2074,1984,2681
363,12457,12579,99,2077,1983,2695
363,12457,12579,100,2079,1984,2712
363,12457,12579,101,2080,1984,2725
363,12457,12579,102,2082,1984,2740
363,12457,12579,103,2084,1984,2753
363,12457,12579,104,2085,1984,2772
363,12457,12579,105,2089,1984,2782
363,12457,12579,106,2089,1984,2803
363,12457,12579,107,2093,1984,2809
363,12457,12579,108,2094,1984,2824
363,12457,12579,109,2095,1984,2834
363,12457,12579,110,2100,1984,2853
363,12457,12579,111,2100,1984,2866
363,12457,12579,112,2101,1985,2881
363,12457,12579,113,2104,1984,2896
363,12457,12579,114,2105,1984,2910
363,12457,12579,115,2109,1984,2921
363,12457,12579,116,2112,1985,2938
363,12457,12579,117,2109,1984,2952
363,12457,12579,118,2113,1984,2970
363,12457,12579,119,2116,1984,2980
363,12457,12579,120,2118,1984,2998
363,12457,12579,121,2119,1985,3009
363,12457,12579,122,2121,1984,3023
363,12457,12579,123,2123,1985,3038
363,12457,12579,124,2125,1984,3052
363,12457,12579,125,2127,1984,3068
363,12457,12579,126,2128,1984,3079
363,12457,12579,127,2132,1985,3098
363,12457,12579,128,2133,1985,3108
363,12457,12579,129,2135,1985,3121
363,12457,12579,130,2136,1985,3137
363,12457,12579,131,2139,1985,3154
363,12457,12579,132,2142,1985,3163
363,12457,12579,133,2143,1984,3181
363,12457,12579,134,2145,1985,3195
363,12457,12579,135,2149,1985,3208
363,12457,12579,136,2148,1984,3223
363,12457,12579,137,2151,1985,3241
363,12457,12579,138,2153,1985,3251
363,12457,12579,139,2154,1985,3265
363,12457,12579,140,2156,1985,3279
363,12457,12579,141,2160,1985,3294
363,12457,12579,142,2160,1985,3307
363,12457,12579,143,2163,1985,3321
363,12457,12579,144,2165,1984,3336
363,12457,12579,145,2166,1985,3349
363,12457,12579,146,2168,1985,3365
363,12457,12579,147,2170,1985,3379
363,12457,12579,148,2172,1985,3390
363,12457,12579,149,2175,1985,3405
363,12457,12579,150,2176,1985,3423
363,12457,12579,151,2179,1986,3438
363,12457,12579,152,2180,1985,3451
363,12457,12579,153,2182,1985,3462
363,12457,12579,154,2184,1985,3477
363,12457,12579,155,2184,1986,3471
363,12457,12579,156,2183,1985,3470
363,12457,12579,157,2186,1986,3480
363,12457,12579,158,2187,1985,3502
363,12457,12579,159,2188,1986,3507
363,12457,12579,160,2191,1985,3517
363,12457,12579,161,2191,1985,3515
363,12457,12579,162,2188,1985,3482
363,12457,12579,163,2175,1984,3387
363,12457,12579,164,2163,1984,3319
363,12457,12579,165,2155,1984,3237
363,12457,12579,166,2139,1983,3108
363,12457,12579,167,2130,1984,3046
363,12457,12579,168,2110,1984,2952
363,12457,12579,169,2096,1983,2800
363,12457,12579,170,2080,1983,2666
363,12457,12579,171,2061,1982,2531
363,12457,12579,172,2040,1982,2382
363,12457,12579,173,2019,1982,2249
363,12457,12579,174,1999,1980,2072
363,12457,12579,175,1979,1981,1925
363,12457,12579,176,1955,1980,1768
363,12457,12579,177,1936,1980,1609
363,12457,12579,178,1924,1981,1532
363,12457,12579,179,1904,1980,1405
363,12457,12579,180,1889,1979,1268
363,12457,12579,181,1874,1979,1136
363,12457,12579,182,1854,1979,998
363,12457,12579,183,1838,1978,867
363,12457,12579,184,1822,1978,729
363,12457,12579,185,1808,1977,584
363,12457,12579,186,1790,1977,443
363,12457,12579,187,1771,1975,309
363,12457,12579,188,1759,1973,212
363,12457,12579,189,1760,1973,227
363,12457,12579,190,1761,1973,238
363,12457,12579,191,1762,1974,256
363,12457,12579,192,1764,1974,268
363,12457,12579,193,1765,1975,281
363,12457,12579,194,1767,1975,299
363,12457,12579,195,1769,1975,311
363,12457,12579,196,1771,1975,325
363,12457,12579,197,1772,1975,344
363,12457,12579,198,1774,1975,353
363,12457,12579,199,1776,1975,367
363,12457,12579,200,1777,1976,384
363,12457,12579,201,1779,1976,399
363,12457,12579,202,1781,1977,412
363,12457,12579,203,1782,1976,424
363,12457,12579,204,1783,1977,444
363,12457,12579,205,1785,1977,452
363,12457,12579,206,1787,1977,467
363,12457,12579,207,1788,1977,479
363,12457,12579,208,1790,1976,494
363,12457,12579,209,1792,1977,508
363,12457,12579,210,1792,1977,520
363,12457,12579,211,1795,1977,539
363,12457,12579,212,1795,1977,553
363,12457,12579,213,1798,1978,565
363,12457,12579,214,1800,1977,580
363,12457,12579,215,1801,1978,594
363,12457,12579,216,1803,1978,609
363,12457,12579,217,1804,1977,621
363,12457,12579,218,1807,1978,640
363,12457,12579,219,1807,1978,652
363,12457,12579,220,1809,1978,666
363,12457,12579,221,1810,1978,680
363,12457,12579,222,1812,1978,697
363,12457,12579,223,1814,1978,712
363,12457,12579,224,1816,1979,722
363,12457,12579,225,1818,1978,737
363,12457,12579,226,1819,1979,757
363,12457,12579,227,1821,1979,766
363,12457,12579,228,1823,1979,779
363,12457,12579,229,1825,1979,796
363,12457,12579,230,1826,1979,809
363,12457,12579,231,1828,1979,820
363,12457,12579,232,1830,1980,834
363,12457,12579,233,1832,1979,849
363,12457,12579,234,1833,1979,865
363,12457,12579,235,1835,1979,878
363,12457,12579,236,1836,1980,894
363,12457,12579,237,1838,1979,907
363,12457,12579,238,1838,1979,920
363,12457,12579,239,1844,1979,935
363,12457,12579,240,1843,1980,951
363,12457,12579,241,1845,1979,964
363,12457,12579,242,1847,1979,980
363,12457,12579,243,1848,1980,992
363,12457,12579,244,1851,1980,1006
363,12457,12579,245,1851,1980,1023
363,12457,12579,246,1854,1980,1033
363,12457,12579,247,1855,1980,1048
363,12457,12579,248,1856,1980,1063
363,12457,12579,249,1859,1981,1090
363,12457,12579,250,1860,1980,1082
363,12457,12579,251,1862,1980,1106
363,12457,12579,252,1864,1980,1121
363,12457,12579,253,1866,1980,1136
363,12457,12579,254,1868,1980,1138
363,12457,12579,255,1869,1980,1162
363,12457,12579,256,1871,1981,1177
363,12457,12579,257,1872,1981,1190
363,12457,12579,258,1874,1980,1205
363,12457,12579,259,1876,1980,1221
363,12457,12579,260,1879,1981,1238
363,12457,12579,261,1880,1980,1247
363,12457,12579,262,1882,1981,1263
363,12457,12579,263,1884,1981,1276
363,12457,12579,264,1885,1980,1291
363,12457,12579,265,1889,1981,1304
363,12457,12579,266,1888,1980,1320
363,12457,12579,267,1889,1981,1321
363,12457,12579,268,1887,1980,1303
363,12457,12579,269,1886,1980,1293
363,12457,12579,270,1884,1980,1276
363,12457,12579,271,1882,1980,1261
363,12457,12579,272,1880,1980,1251
363,12457,12579,273,1878,1980,1235
363,12457,12579,274,1875,1980,1222
363,12457,12579,275,1875,1980,1204
363,12457,12579,276,1872,1980,1187
363,12457,12579,277,1870,1980,1175
363,12457,12579,278,1869,1981,1161
363,12457,12579,279,1868,1980,1146
363,12457,12579,280,1866,1980,1134
363,12457,12579,281,1865,1979,1122
363,12457,12579,282,1862,1980,1107
363,12457,12579,283,1861,1980,1096
363,12457,12579,284,1858,1980,1078
363,12457,12579,285,1856,1980,1064
363,12457,12579,286,1855,1980,1049
363,12457,12579,287,1853,1980,1042
363,12457,12579,288,1851,1979,1020
363,12457,12579,289,1849,1979,1010
363,12457,12579,290,1849,1979,991
363,12457,12579,291,1847,1980,982
363,12457,12579,292,1845,1980,966
363,12457,12579,293,1843,1980,947
363,12457,12579,294,1841,1979,936
363,12457,12579,295,1840,1979,921
363,12457,12579,296,1839,1979,907
363,12457,12579,297,1836,1979,892
363,12457,12579,298,1834,1979,883
363,12457,12579,299,1833,1979,864
363,12457,12579,300,1831,1979,852
363,12457,12579,301,1829,1979,833
363,12457,12579,302,1827,1979,819
363,12457,12579,303,1826,1979,808
363,12457,12579,304,1823,1979,799
363,12457,12579,305,1823,1978,778
363,12457,12579,306,1821,1978,767
363,12457,12579,307,1820,1978,749
363,12457,12579,308,1817,1978,729
363,12457,12579,309,1816,1978,722
363,12457,12579,310,1814,1978,709
363,12457,12579,311,1813,1978,692
363,12457,12579,312,1811,1978,681
363,12457,12579,313,1809,1978,668
363,12457,12579,314,1808,1978,652
363,12457,12579,315,1806,1977,643
363,12457,12579,316,1805,1977,624
363,12457,12579,317,1805,1978,607
363,12457,12579,318,1800,1977,596
363,12457,12579,319,1800,1977,582
363,12457,12579,320,1797,1977,566
363,12457,12579,321,1796,1977,550
363,12457,12579,322,1795,1977,538
363,12457,12579,323,1793,1976,523
363,12457,12579,324,1791,1977,509
363,12457,12579,325,1789,1976,492
363,12457,12579,326,1788,1976,481
363,12457,12579,327,1787,1977,467
363,12457,12579,328,1785,1977,456
363,12457,12579,329,1783,1976,440
363,12457,12579,330,1781,1976,426
363,12457,12579,331,1780,1976,411
363,12457,12579,332,1779,1975,397
363,12457,12579,333,1777,1975,381
363,12457,12579,334,1776,1975,365
363,12457,12579,335,1773,1976,354
363,12457,12579,336,1772,1974,342
363,12457,12579,337,1772,1975,325
363,12457,12579,338,1769,1974,311
363,12457,12579,339,1768,1974,296
363,12457,12579,340,1765,1974,283
363,12457,12579,341,1764,1974,272
363,12457,12579,342,1764,1974,259
363,12457,12579,343,1761,1974,239
363,12457,12579,344,1760,1974,226
363,12457,12579,345,1758,1973,210
363,12457,12579,346,1756,1973,237
363,12457,12579,347,1755,1973,182
363,12457,12579,348,1753,1973,177
363,12457,12579,349,1760,1974,257
363,12457,12579,350,1771,1974,337
363,12457,12579,351,1780,1976,441
363,12457,12579,352,1790,1977,545
363,12457,12579,353,1806,1978,670
363,12457,12579,354,1819,1979,787
363,12457,12579,355,1833,1980,909
365,12635,12757,0,2005,2028,1247
365,12635,12757,1,1882,1983,1311
365,12635,12757,2,1895,1981,1392
365,12635,12757,3,1908,1981,1488
365,12635,12757,4,1920,1982,1586
365,12635,12757,5,1937,1982,1695
365,12635,12757,6,1948,1983,1820
365,12635,12757,7,1968,1983,1948
365,12635,12757,8,1984,1983,2058
365,12635,12757,9,2002,1983,2188
365,12635,12757,10,2020,1984,2272
365,12635,12757,11,2031,1984,2386
365,12635,12757,12,2046,1984,2494
365,12635,12757,13,2059,1984,2615
365,12635,12757,14,2076,1985,2786
365,12635,12757,15,2094,1984,2889
365,12635,12757,16,2115,1985,3013
365,12635,12757,17,2134,1985,3154
365,12635,12757,18,2152,1985,3299
365,12635,12757,19,2175,1985,3437
365,12635,12757,20,2184,1985,3483
365,12635,12757,21,2183,1985,3471
365,12635,12757,22,2184,1984,3472
365,12635,12757,23,2184,1985,3475
365,12635,12757,24,2183,1985,3466
365,12635,12757,25,2181,1985,3455
365,12635,12757,26,2179,1985,3426
365,12635,12757,27,2177,1985,3422
365,12635,12757,28,2175,1985,3408
365,12635,12757,29,2173,1985,3392
365,12635,12757,30,2170,1985,3376
365,12635,12757,31,2169,1985,3368
365,12635,12757,32,2165,1985,3353
365,12635,12757,33,2164,1985,3335
365,12635,12757,34,2162,1984,3321
365,12635,12757,35,2161,1985,3309
365,12635,12757,36,2159,1985,3282
365,12635,12757,37,2159,1985,3278
365,12635,12757,38,2155,1984,3263
365,12635,12757,39,2153,1984,3251
365,12635,12757,40,2152,1985,3240
365,12635,12757,41,2149,1985,3222
365,12635,12757,42,2148,1985,3205
365,12635,12757,43,2145,1984,3192
365,12635,12757,44,2144,1985,3181
365,12635,12757,45,2141,1984,3165
365,12635,12757,46,2139,1984,3149
365,12635,12757,47,2137,1984,3140
365,12635,12757,48,2135,1985,3121
365,12635,12757,49,2132,1984,3106
365,12635,12757,50,2131,1984,3093
365,12635,12757,51,2130,1985,3079
365,12635,12757,52,2127,1984,3065
365,12635,12757,53,2126,1985,3049
365,12635,12757,54,2122,1984,3034
365,12635,12757,55,2121,1984,3024
365,12635,12757,56,2120,1984,2997
365,12635,12757,57,2117,1984,2995
365,12635,12757,58,2116,1985,2982
365,12635,12757,59,2113,1984,2966
365,12635,12757,60,2112,1984,2951
365,12635,12757,61,2109,1984,2937
365,12635,12757,62,2108,1984,2924
365,12635,12757,63,2106,1984,2911
365,12635,12757,64,2104,1983,2896
365,12635,12757,65,2102,1983,2882
365,12635,12757,66,2100,1984,2866
365,12635,12757,67,2098,1984,2851
365,12635,12757,68,2096,1983,2836
365,12635,12757,69,2094,1984,2828
365,12635,12757,70,2092,1984,2805
365,12635,12757,71,2091,1984,2796
365,12635,12757,72,2088,1984,2786
365,12635,12757,73,2087,1984,2771
365,12635,12757,74,2084,1984,2762
365,12635,12757,75,2082,1984,2739
365,12635,12757,76,2079,1984,2727
365,12635,12757,77,2077,1984,2711
365,12635,12757,78,2076,1984,2690
365,12635,12757,79,2073,1984,2685
365,12635,12757,80,2072,1983,2668
365,12635,12757,81,2071,1983,2653
365,12635,12757,82,2068,1983,2639
365,12635,12757,83,2066,1984,2627
365,12635,12757,84,2065,1983,2611
365,12635,12757,85,2063,1983,2597
365,12635,12757,86,2061,1983,2577
365,12635,12757,87,2058,1984,2571
365,12635,12757,88,2056,1983,2556
365,12635,12757,89,2057,1984,2554
365,12635,12757,90,2059,1983,2570
365,12635,12757,91,2061,1984,2579
365,12635,12757,92,2063,1984,2598
365,12635,12757,93,2064,1984,2615
365,12635,12757,94,2068,1984,2629
365,12635,12757,95,2068,1984,2636
365,12635,12757,96,2070,1984,2656
365,12635,12757,97,2073,1984,2669
365,12635,12757,98,2074,1984,2685
365,12635,12757,99,2075,1984,2696
365,12635,12757,100,2078,1984,2713
365,12635,12757,101,2080,1984,2722
365,12635,12757,102,2083,1984,2740
365,12635,12757,103,2084,1984,2753
365,12635,12757,104,2085,1984,2765
365,12635,12757,105,2088,1984,2784
365,12635,12757,106,2090,1984,2792
365,12635,12757,107,2093,1984,2812
365,12635,12757,108,2094,1984,2822
365,12635,12757,109,2095,1984,2839
365,12635,12757,110,2098,1984,2849
365,12635,12757,111,2100,1984,2868
365,12635,12757,112,2101,1984,2883
365,12635,12757,113,2104,1984,2897
365,12635,12757,114,2106,1985,2908
365,12635,12757,115,2107,1984,2923
365,12635,12757,116,2110,1985,2937
365,12635,12757,117,2111,1984,2954
365,12635,12757,118,2114,1984,2966
365,12635,12757,119,2114,1985,2978
365,12635,12757,120,2117,1984,2993
365,12635,12757,121,2120,1984,3005
365,12635,12757,122,2121,1985,3021
365,12635,12757,123,2123,1984,3033
365,12635,12757,124,2125,1985,3054
365,12635,12757,125,2127,1985,3065
365,12635,12757,126,2129,1985,3077
365,12635,12757,127,2131,1984,3094
365,12635,12757,128,2134,1984,3108
365,12635,12757,129,2135,1985,3123
365,12635,12757,130,2136,1985,3138
365,12635,12757,131,2139,1985,3149
365,12635,12757,132,2141,1985,3167
365,12635,12757,133,2143,1985,3183
365,12635,12757,134,2146,1985,3194
365,12635,12757,135,2146,1985,3216
365,12635,12757,136,2149,1986,3228
365,12635,12757,137,2151,1985,3235
365,12635,12757,138,2153,1985,3257
365,12635,12757,139,2154,1985,3262
365,12635,12757,140,2156,1985,3275
365,12635,12757,141,2159,1985,3295
365,12635,12757,142,2159,1985,3306
365,12635,12757,143,2164,1985,3319
365,12635,12757,144,2165,1985,3335
365,12635,12757,145,2167,1985,3351
365,12635,12757,146,2168,1985,3361
365,12635,12757,147,2170,1985,3379
365,12635,12757,148,2173,1985,3394
365,12635,12757,149,2174,1985,3405
365,12635,12757,150,2177,1985,3422
365,12635,12757,151,2180,1986,3437
365,12635,12757,152,2178,1986,3447
365,12635,12757,153,2182,1985,3464
365,12635,12757,154,2184,1985,3476
365,12635,12757,155,2184,1985,3472
365,12635,12757,156,2183,1985,3471
365,12635,12757,157,2185,1985,3487
365,12635,12757,158,2187,1985,3494
365,12635,12757,159,2190,1985,3509
365,12635,12757,160,2189,1985,3512
365,12635,12757,161,2184,1985,3476
365,12635,12757,162,2173,1984,3381
365,12635,12757,163,2161,1985,3283
365,12635,12757,164,2148,1984,3186
365,12635,12757,165,2134,1984,3094
365,12635,12757,166,2121,1983,2972
365,12635,12757,167,2101,1983,2861
365,12635,12757,168,2090,1983,2746
365,12635,12757,169,2074,1983,2643
365,12635,12757,170,2055,1983,2505
365,12635,12757,171,2040,1982,2388
365,12635,12757,172,2021,1982,2255
365,12635,12757,173,2005,1981,2123
365,12635,12757,174,1982,1981,1987
365,12635,12757,175,1965,1980,1855
365,12635,12757,176,1952,1981,1726
365,12635,12757,177,1929,1980,1584
365,12635,12757,178,1920,1980,1513
365,12635,12757,179,1901,1980,1375
365,12635,12757,180,1883,1980,1273
365,12635,12757,181,1874,1981,1181
365,12635,12757,182,1864,1980,1082
365,12635,12757,183,1851,1979,964
365,12635,12757,184,1835,1978,837
365,12635,12757,185,1819,1978,708
365,12635,12757,186,1801,1977,567
365,12635,12757,187,1787,1976,429
365,12635,12757,188,1772,1974,275
365,12635,12757,189,1759,1973,225
365,12635,12757,190,1761,1974,240
365,12635,12757,191,1763,1974,251
365,12635,12757,192,1764,1975,268
365,12635,12757,193,1766,1974,284
365,12635,12757,194,1767,1975,299
365,12635,12757,195,1768,1974,310
365,12635,12757,196,1770,1975,325
365,12635,12757,197,1772,1976,341
365,12635,12757,198,1773,1975,353
365,12635,12757,199,1775,1975,368
365,12635,12757,200,1777,1975,381
365,12635,12757,201,1778,1976,398
365,12635,12757,202,1781,1976,410
365,12635,12757,203,1782,1976,426
365,12635,12757,204,1784,1976,438
365,12635,12757,205,1786,1976,454
365,12635,12757,206,1786,1977,468
365,12635,12757,207,1788,1977,481
365,12635,12757,208,1789,1977,495
365,12635,12757,209,1791,1977,508
365,12635,12757,210,1794,1977,523
365,12635,12757,211,1795,1977,529
365,12635,12757,212,1796,1977,553
365,12635,12757,213,1798,1977,566
365,12635,12757,214,1800,1977,582
365,12635,12757,215,1802,1978,595
365,12635,12757,216,1802,1978,608
365,12635,12757,217,1804,1978,624
365,12635,12757,218,1806,1978,636
365,12635,12757,219,1808,1978,645
365,12635,12757,220,1809,1978,664
365,12635,12757,221,1811,1978,680
365,12635,12757,222,1813,1978,693
365,12635,12757,223,1815,1978,707
365,12635,12757,224,1816,1979,723
365,12635,12757,225,1818,1979,734
365,12635,12757,226,1819,1979,753
365,12635,12757,227,1820,1978,764
365,12635,12757,228,1822,1979,775
365,12635,12757,229,1825,1979,791
365,12635,12757,230,1826,1979,806
365,12635,12757,231,1828,1980,818
365,12635,12757,232,1829,1979,834
365,12635,12757,233,1831,1979,849
365,12635,12757,234,1833,1979,864
365,12635,12757,235,1835,1979,876
365,12635,12757,236,1836,1979,889
365,12635,12757,237,1838,1979,906
365,12635,12757,238,1839,1980,923
365,12635,12757,239,1842,1979,934
365,12635,12757,240,1844,1980,948
365,12635,12757,241,1845,1980,962
365,12635,12757,242,1846,1980,978
365,12635,12757,243,1848,1980,989
365,12635,12757,244,1850,1980,1008
365,12635,12757,245,1851,1979,1022
365,12635,12757,246,1854,1980,1040
365,12635,12757,247,1855,1980,1048
365,12635,12757,248,1857,1980,1061
365,12635,12757,249,1859,1980,1075
365,12635,12757,250,1860,1980,1092
365,12635,12757,251,1863,1980,1102
365,12635,12757,252,1865,1981,1120
365,12635,12757,253,1868,1980,1135
365,12635,12757,254,1867,1980,1149
365,12635,12757,255,1869,1980,1160
365,12635,12757,256,1871,1980,1176
365,12635,12757,257,1873,1980,1193
365,12635,12757,258,1874,1980,1204
365,12635,12757,259,1877,1980,1219
365,12635,12757,260,1879,1981,1268
365,12635,12757,261,1880,1981,1248
365,12635,12757,262,1883,1980,1257
365,12635,12757,263,1884,1981,1278
365,12635,12757,264,1885,1981,1291
365,12635,12757,265,1887,1981,1306
365,12635,12757,266,1889,1981,1318
365,12635,12757,267,1889,1981,1318
365,12635,12757,268,1887,1980,1305
365,12635,12757,269,1887,1981,1289
365,12635,12757,270,1884,1981,1278
365,12635,12757,271,1881,1981,1261
365,12635,12757,272,1880,1981,1250
365,12635,12757,273,1879,1980,1234
365,12635,12757,274,1877,1980,1219
365,12635,12757,275,1874,1980,1206
365,12635,12757,276,1873,1980,1189
365,12635,12757,277,1871,1980,1177
365,12635,12757,278,1870,1980,1159
365,12635,12757,279,1867,1981,1150
365,12635,12757,280,1866,1981,1134
365,12635,12757,281,1864,1980,1121
365,12635,12757,282,1862,1980,1106
365,12635,12757,283,1860,1980,1092
365,12635,12757,284,1859,1980,1074
365,12635,12757,285,1857,1980,1063
365,12635,12757,286,1857,1980,1049
365,12635,12757,287,1855,1980,1036
365,12635,12757,288,1852,1979,1019
365,12635,12757,289,1849,1979,1004
365,12635,12757,290,1848,1979,989
365,12635,12757,291,1846,1980,984
365,12635,12757,292,1845,1980,963
365,12635,12757,293,1843,1979,951
365,12635,12757,294,1841,1979,940
365,12635,12757,295,1841,1980,922
365,12635,12757,296,1839,1980,906
365,12635,12757,297,1836,1980,890
365,12635,12757,298,1835,1979,869
365,12635,12757,299,1833,1979,863
365,12635,12757,300,1831,1980,851
365,12635,12757,301,1829,1979,836
365,12635,12757,302,1827,1979,823
365,12635,12757,303,1826,1978,807
365,12635,12757,304,1824,1979,792
365,12635,12757,305,1822,1979,781
365,12635,12757,306,1821,1978,764
365,12635,12757,307,1818,1979,750
365,12635,12757,308,1818,1979,736
365,12635,12757,309,1816,1979,723
365,12635,12757,310,1814,1979,706
365,12635,12757,311,1813,1978,693
365,12635,12757,312,1811,1978,679
365,12635,12757,313,1809,1978,666
365,12635,12757,314,1809,1978,649
365,12635,12757,315,1805,1978,639
365,12635,12757,316,1804,1977,621
365,12635,12757,317,1803,1978,609
365,12635,12757,318,1801,1978,589
365,12635,12757,319,1799,1978,578
365,12635,12757,320,1798,1977,569
365,12635,12757,321,1797,1977,552
365,12635,12757,322,1794,1977,538
365,12635,12757,323,1793,1977,512
365,12635,12757,324,1790,1976,509
365,12635,12757,325,1790,1977,496
365,12635,12757,326,1787,1976,482
365,12635,12757,327,1787,1977,471
365,12635,12757,328,1785,1976,452
365,12635,12757,329,1784,1977,438
365,12635,12757,330,1782,1976,425
365,12635,12757,331,1781,1976,410
365,12635,12757,332,1779,1976,385
365,12635,12757,333,1777,1975,381
365,12635,12757,334,1776,1975,368
365,12635,12757,335,1774,1975,355
365,12635,12757,336,1772,1975,335
365,12635,12757,337,1770,1974,325
365,12635,12757,338,1770,1975,312
365,12635,12757,339,1767,1975,296
365,12635,12757,340,1766,1974,283
365,12635,12757,341,1764,1974,269
365,12635,12757,342,1763,1974,254
365,12635,12757,343,1762,1974,236
365,12635,12757,344,1758,1973,228
365,12635,12757,345,1758,1974,215
365,12635,12757,346,1756,1973,194
365,12635,12757,347,1755,1973,182
365,12635,12757,348,1754,1973,180
365,12635,12757,349,1762,1974,254
365,12635,12757,350,1772,1976,341
365,12635,12757,351,1776,1975,366
365,12635,12757,352,1786,1976,472
365,12635,12757,353,1794,1978,583
365,12635,12757,354,1806,1978,678
365,12635,12757,355,1820,1979,778
367,12811,12933,0,1993,2027,1200
367,12811,12933,1,1879,1982,1280
367,12811,12933,2,1890,1982,1356
367,12811,12933,3,1902,1981,1444
367,12811,12933,4,1916,1982,1554
367,12811,12933,5,1929,1982,1671
367,12811,12933,6,1947,1982,1781
367,12811,12933,7,1961,1983,1911
367,12811,12933,8,1983,1984,2085
367,12811,12933,9,2005,1985,2267
367,12811,12933,10,2027,1985,2410
367,12811,12933,11,2049,1985,2561
367,12811,12933,12,2072,1985,2711
367,12811,12933,13,2089,1985,2847
367,12811,12933,14,2112,1985,2987
367,12811,12933,15,2130,1985,3123
367,12811,12933,16,2145,1986,3255
367,12811,12933,17,2165,1985,3378
367,12811,12933,18,2180,1985,3479
367,12811,12933,19,2187,1985,3498
367,12811,12933,20,2184,1985,3481
367,12811,12933,21,2183,1985,3470
367,12811,12933,22,2183,1985,3472
367,12811,12933,23,2183,1985,3473
367,12811,12933,24,2182,1985,3465
367,12811,12933,25,2182,1985,3449
367,12811,12933,26,2178,1985,3438
367,12811,12933,27,2177,1985,3420
367,12811,12933,28,2174,1985,3413
367,12811,12933,29,2173,1985,3393
367,12811,12933,30,2170,1985,3378
367,12811,12933,31,2167,1984,3366
367,12811,12933,32,2166,1985,3352
367,12811,12933,33,2164,1985,3337
367,12811,12933,34,2161,1985,3320
367,12811,12933,35,2160,1985,3306
367,12811,12933,36,2158,1985,3293
367,12811,12933,37,2156,1985,3282
367,12811,12933,38,2155,1985,3265
367,12811,12933,39,2152,1985,3252
367,12811,12933,40,2151,1985,3234
367,12811,12933,41,2148,1985,3223
367,12811,12933,42,2147,1985,3207
367,12811,12933,43,2144,1985,3194
367,12811,12933,44,2143,1985,3182
367,12811,12933,45,2140,1984,3170
367,12811,12933,46,2140,1984,3151
367,12811,12933,47,2137,1984,3137
367,12811,12933,48,2135,1984,3121
367,12811,12933,49,2133,1984,3107
367,12811,12933,50,2131,1984,3091
367,12811,12933,51,2129,1984,3080
367,12811,12933,52,2128,1984,3063
367,12811,12933,53,2124,1985,3051
367,12811,12933,54,2123,1984,3034
367,12811,12933,55,2121,1984,3020
367,12811,12933,56,2119,1985,3011
367,12811,12933,57,2117,1984,2994
367,12811,12933,58,2114,1984,2986
367,12811,12933,59,2114,1984,2967
367,12811,12933,60,2110,1984,2952
367,12811,12933,61,2109,1984,2938
367,12811,12933,62,2107,1984,2924
367,12811,12933,63,2105,1984,2910
367,12811,12933,64,2105,1983,2898
367,12811,12933,65,2101,1984,2880
367,12811,12933,66,2099,1983,2867
367,12811,12933,67,2097,1984,2860
367,12811,12933,68,2096,1984,2838
367,12811,12933,69,2094,1983,2824
367,12811,12933,70,2092,1984,2810
367,12811,12933,71,2090,1983,2794
367,12811,12933,72,2087,1984,2781
367,12811,12933,73,2084,1983,2769
367,12811,12933,74,2084,1984,2751
367,12811,12933,75,2082,1984,2740
367,12811,12933,76,2081,1983,2726
367,12811,12933,77,2078,1983,2710
367,12811,12933,78,2076,1984,2696
367,12811,12933,79,2074,1984,2682
367,12811,12933,80,2072,1984,2670
367,12811,12933,81,2072,1983,2655
367,12811,12933,82,2068,1983,2641
367,12811,12933,83,2067,1983,2623
367,12811,12933,84,2065,1983,2610
367,12811,12933,85,2063,1983,2596
367,12811,12933,86,2060,1983,2583
367,12811,12933,87,2060,1983,2568
367,12811,12933,88,2057,1984,2554
367,12811,12933,89,2057,1983,2555
367,12811,12933,90,2059,1984,2573
367,12811,12933,91,2060,1984,2581
367,12811,12933,92,2063,1984,2600
367,12811,12933,93,2065,1984,2611
367,12811,12933,94,2066,1983,2627
367,12811,12933,95,2069,1984,2638
367,12811,12933,96,2070,1984,2656
367,12811,12933,97,2072,1984,2665
367,12811,12933,98,2074,1983,2682
367,12811,12933,99,2076,1984,2696
367,12811,12933,100,2078,1984,2701
367,12811,12933,101,2080,1984,2723
367,12811,12933,102,2082,1984,2739
367,12811,12933,103,2084,1983,2753
367,12811,12933,104,2086,1984,2766
367,12811,12933,105,2088,1983,2781
367,12811,12933,106,2090,1984,2807
367,12811,12933,107,2092,1984,2809
367,12811,12933,108,2094,1984,2822
367,12811,12933,109,2095,1984,2839
367,12811,12933,110,2099,1984,2855
367,12811,12933,111,2099,1984,2870
367,12811,12933,112,2103,1984,2881
367,12811,12933,113,2103,1984,2892
367,12811,12933,114,2106,1984,2910
367,12811,12933,115,2107,1984,2914
367,12811,12933,116,2109,1984,2937
367,12811,12933,117,2112,1985,2963
367,12811,12933,118,2112,1984,2965
367,12811,12933,119,2116,1984,2980
367,12811,12933,120,2118,1985,2994
367,12811,12933,121,2119,1985,3015
367,12811,12933,122,2121,1984,3019
367,12811,12933,123,2123,1984,3038
367,12811,12933,124,2126,1985,3053
367,12811,12933,125,2127,1985,3067
367,12811,12933,126,2129,1985,3081
367,12811,12933,127,2131,1985,3095
367,12811,12933,128,2134,1985,3109
367,12811,12933,129,2135,1985,3123
367,12811,12933,130,2136,1985,3137
367,12811,12933,131,2140,1984,3148
367,12811,12933,132,2141,1984,3165
367,12811,12933,133,2143,1985,3177
367,12811,12933,134,2144,1984,3194
367,12811,12933,135,2147,1985,3209
367,12811,12933,136,2149,1985,3223
367,12811,12933,137,2150,1985,3247
367,12811,12933,138,2151,1985,3250
367,12811,12933,139,2156,1986,3265
367,12811,12933,140,2156,1985,3277
367,12811,12933,141,2159,1985,3283
367,12811,12933,142,2160,1985,3308
367,12811,12933,143,2162,1985,3321
367,12811,12933,144,2164,1986,3333
367,12811,12933,145,2167,1985,3351
367,12811,12933,146,2170,1986,3363
367,12811,12933,147,2171,1985,3377
367,12811,12933,148,2173,1985,3391
367,12811,12933,149,2174,1985,3405
367,12811,12933,150,2176,1985,3422
367,12811,12933,151,2179,1985,3435
367,12811,12933,152,2181,1986,3449
367,12811,12933,153,2183,1986,3464
367,12811,12933,154,2184,1986,3477
367,12811,12933,155,2183,1986,3472
367,12811,12933,156,2184,1985,3471
367,12811,12933,157,2186,1986,3483
367,12811,12933,158,2187,1985,3494
367,12811,12933,159,2189,1986,3507
367,12811,12933,160,2189,1987,3515
367,12811,12933,161,2190,1985,3523
367,12811,12933,162,2190,1986,3511
367,12811,12933,163,2187,1985,3450
367,12811,12933,164,2170,1984,3338
367,12811,12933,165,2154,1983,3216
367,12811,12933,166,2141,1983,3081
367,12811,12933,167,2119,1984,2959
367,12811,12933,168,2102,1983,2826
367,12811,12933,169,2079,1983,2677
367,12811,12933,170,2062,1983,2568
367,12811,12933,171,2045,1983,2425
367,12811,12933,172,2028,1982,2297
367,12811,12933,173,2008,1982,2163
367,12811,12933,174,1988,1981,1996
367,12811,12933,175,1973,1981,1873
367,12811,12933,176,1953,1981,1730
367,12811,12933,177,1929,1981,1603
367,12811,12933,178,1918,1981,1494
367,12811,12933,179,1895,1979,1322
367,12811,12933,180,1878,1979,1167
367,12811,12933,181,1860,1978,1022
367,12811,12933,182,1841,1978,881
367,12811,12933,183,1823,1977,744
367,12811,12933,184,1808,1977,604
367,12811,12933,185,1790,1976,464
367,12811,12933,186,1778,1974,331
367,12811,12933,187,1761,1973,201
367,12811,12933,188,1758,1974,213
367,12811,12933,189,1760,1974,226
367,12811,12933,190,1761,1975,240
367,12811,12933,191,1763,1974,255
367,12811,12933,192,1764,1975,265
367,12811,12933,193,1765,1975,284
367,12811,12933,194,1767,1975,297
367,12811,12933,195,1769,1975,311
367,12811,12933,196,1770,1975,323
367,12811,12933,197,1772,1975,339
367,12811,12933,198,1774,1976,354
367,12811,12933,199,1774,1976,367
367,12811,12933,200,1776,1976,381
367,12811,12933,201,1779,1975,393
367,12811,12933,202,1779,1976,414
367,12811,12933,203,1782,1976,423
367,12811,12933,204,1783,1976,440
367,12811,12933,205,1785,1976,455
367,12811,12933,206,1786,1977,468
367,12811,12933,207,1788,1977,485
367,12811,12933,208,1790,1976,494
367,12811,12933,209,1791,1977,511
367,12811,12933,210,1793,1977,522
367,12811,12933,211,1794,1977,541
367,12811,12933,212,1795,1977,550
367,12811,12933,213,1797,1977,565
367,12811,12933,214,1799,1978,580
367,12811,12933,215,1801,1977,595
367,12811,12933,216,1803,1978,610
367,12811,12933,217,1804,1978,625
367,12811,12933,218,1805,1977,635
367,12811,12933,219,1808,1978,654
367,12811,12933,220,1810,1978,666
367,12811,12933,221,1811,1978,679
367,12811,12933,222,1812,1978,697
367,12811,12933,223,1814,1978,704
367,12811,12933,224,1816,1979,722
367,12811,12933,225,1817,1978,738
367,12811,12933,226,1820,1979,751
367,12811,12933,227,1820,1979,761
367,12811,12933,228,1822,1979,781
367,12811,12933,229,1824,1979,794
367,12811,12933,230,1826,1978,813
367,12811,12933,231,1829,1979,823
367,12811,12933,232,1829,1979,837
367,12811,12933,233,1831,1979,853
367,12811,12933,234,1832,1979,865
367,12811,12933,235,1834,1979,872
367,12811,12933,236,1836,1979,893
367,12811,12933,237,1838,1980,913
367,12811,12933,238,1840,1980,921
367,12811,12933,239,1841,1980,935
367,12811,12933,240,1843,1980,948
367,12811,12933,241,1844,1980,963
367,12811,12933,242,1846,1979,978
367,12811,12933,243,1849,1980,992
367,12811,12933,244,1849,1980,1007
367,12811,12933,245,1851,1980,1031
367,12811,12933,246,1852,1979,1032
367,12811,12933,247,1855,1980,1048
367,12811,12933,248,1859,1980,1064
367,12811,12933,249,1857,1980,1079
367,12811,12933,250,1860,1980,1096
367,12811,12933,251,1861,1980,1105
367,12811,12933,252,1865,1981,1121
367,12811,12933,253,1866,1981,1136
367,12811,12933,254,1869,1980,1150
367,12811,12933,255,1869,1980,1161
367,12811,12933,256,1868,1981,1174
367,12811,12933,257,1873,1981,1190
367,12811,12933,258,1874,1981,1207
367,12811,12933,259,1876,1981,1220
367,12811,12933,260,1878,1981,1235
367,12811,12933,261,1880,1980,1248
367,12811,12933,262,1882,1980,1260
367,12811,12933,263,1883,1980,1279
367,12811,12933,264,1886,1981,1290
367,12811,12933,265,1887,1981,1304
367,12811,12933,266,1889,1981,1319
367,12811,12933,267,1888,1981,1324
367,12811,12933,268,1887,1980,1302
367,12811,12933,269,1887,1981,1290
367,12811,12933,270,1883,1981,1278
367,12811,12933,271,1882,1980,1259
367,12811,12933,272,1879,1981,1247
367,12811,12933,273,1879,1980,1236
367,12811,12933,274,1877,1980,1221
367,12811,12933,275,1875,1980,1207
367,12811,12933,276,1872,1979,1191
367,12811,12933,277,1871,1981,1177
367,12811,12933,278,1869,1980,1164
367,12811,12933,279,1868,1979,1152
367,12811,12933,280,1866,1980,1133
367,12811,12933,281,1864,1980,1119
367,12811,12933,282,1863,1980,1104
367,12811,12933,283,1860,1979,1092
367,12811,12933,284,1858,1980,1074
367,12811,12933,285,1857,1979,1064
367,12811,12933,286,1855,1980,1047
367,12811,12933,287,1856,1980,1034
367,12811,12933,288,1851,1980,1021
367,12811,12933,289,1850,1980,1007
367,12811,12933,290,1849,1980,995
367,12811,12933,291,1846,1979,979
367,12811,12933,292,1845,1980,962
367,12811,12933,293,1843,1980,948
367,12811,12933,294,1841,1979,935
367,12811,12933,295,1839,1979,923
367,12811,12933,296,1837,1979,905
367,12811,12933,297,1836,1979,894
367,12811,12933,298,1834,1979,879
367,12811,12933,299,1832,1979,859
367,12811,12933,300,1830,1980,849
367,12811,12933,301,1830,1979,841
367,12811,12933,302,1826,1979,820
367,12811,12933,303,1826,1980,821
367,12811,12933,304,1824,1979,794
367,12811,12933,305,1822,1979,781
367,12811,12933,306,1821,1979,765
367,12811,12933,307,1819,1979,751
367,12811,12933,308,1818,1979,740
367,12811,12933,309,1816,1978,721
367,12811,12933,310,1814,1978,709
367,12811,12933,311,1812,1978,695
367,12811,12933,312,1810,1978,682
367,12811,12933,313,1809,1978,664
367,12811,12933,314,1807,1978,652
367,12811,12933,315,1806,1977,640
367,12811,12933,316,1805,1978,624
367,12811,12933,317,1802,1977,599
367,12811,12933,318,1801,1977,595
367,12811,12933,319,1800,1977,581
367,12811,12933,320,1798,1977,565
367,12811,12933,321,1796,1976,558
367,12811,12933,322,1795,1977,538
367,12811,12933,323,1793,1977,523
367,12811,12933,324,1792,1976,511
367,12811,12933,325,1790,1977,494
367,12811,12933,326,1788,1976,481
367,12811,12933,327,1786,1976,469
367,12811,12933,328,1785,1976,453
367,12811,12933,329,1784,1976,440
367,12811,12933,330,1781,1976,424
367,12811,12933,331,1780,1976,404
367,12811,12933,332,1780,1976,398
367,12811,12933,333,1777,1975,382
367,12811,12933,334,1776,1975,370
367,12811,12933,335,1774,1975,349
367,12811,12933,336,1772,1975,340
367,12811,12933,337,1770,1975,324
367,12811,12933,338,1769,1975,312
367,12811,12933,339,1767,1975,295
367,12811,12933,340,1766,1974,283
367,12811,12933,341,1765,1974,266
367,12811,12933,342,1763,1974,254
367,12811,12933,343,1765,1974,239
367,12811,12933,344,1759,1973,226
367,12811,12933,345,1758,1974,213
367,12811,12933,346,1756,1973,194
367,12811,12933,347,1755,1973,183
367,12811,12933,348,1753,1973,192
367,12811,12933,349,1768,1975,314
367,12811,12933,350,1777,1977,439
367,12811,12933,351,1794,1977,538
367,12811,12933,352,1807,1979,679
367,12811,12933,353,1818,1979,799
367,12811,12933,354,1836,1980,930
367,12811,12933,355,1852,1981,1053
369,12986,13108,0,2000,2025,1236
369,12986,13108,1,1880,1982,1302
369,12986,13108,2,1896,1982,1356
369,12986,13108,3,1904,1982,1474
369,12986,13108,4,1916,1982,1571
369,12986,13108,5,1934,1982,1683
369,12986,13108,6,1942,1982,1757
369,12986,13108,7,1958,1983,1854
369,12986,13108,8,1966,1983,1950
369,12986,13108,9,1982,1983,2053
369,12986,13108,10,2001,1984,2191
369,12986,13108,11,2017,1984,2314
369,12986,13108,12,2037,1983,2462
369,12986,13108,13,2055,1984,2596
369,12986,13108,14,2074,1985,2744
369,12986,13108,15,2094,1985,2893
369,12986,13108,16,2118,1985,3047
369,12986,13108,17,2136,1986,3205
369,12986,13108,18,2162,1986,3360
369,12986,13108,19,2180,1985,3489
369,12986,13108,20,2186,1985,3481
369,12986,13108,21,2183,1985,3471
369,12986,13108,22,2184,1984,3472
369,12986,13108,23,2184,1985,3474
369,12986,13108,24,2183,1985,3460
369,12986,13108,25,2180,1985,3449
369,12986,13108,26,2179,1985,3437
369,12986,13108,27,2176,1985,3417
369,12986,13108,28,2174,1985,3407
369,12986,13108,29,2172,1985,3394
369,12986,13108,30,2170,1985,3377
369,12986,13108,31,2170,1985,3364
369,12986,13108,32,2167,1985,3352
369,12986,13108,33,2165,1985,3338
369,12986,13108,34,2162,1984,3323
369,12986,13108,35,2160,1984,3310
369,12986,13108,36,2159,1984,3293
369,12986,13108,37,2158,1985,3281
369,12986,13108,38,2155,1984,3265
369,12986,13108,39,2153,1985,3250
369,12986,13108,40,2151,1985,3238
369,12986,13108,41,2148,1985,3223
369,12986,13108,42,2147,1985,3210
369,12986,13108,43,2144,1984,3190
369,12986,13108,44,2143,1984,3179
369,12986,13108,45,2142,1985,3164
369,12986,13108,46,2139,1984,3149
369,12986,13108,47,2137,1984,3137
369,12986,13108,48,2135,1984,3122
369,12986,13108,49,2134,1985,3111
369,12986,13108,50,2131,1985,3096
369,12986,13108,51,2130,1984,3080
369,12986,13108,52,2128,1985,3063
369,12986,13108,53,2125,1985,3053
369,12986,13108,54,2123,1984,3033
369,12986,13108,55,2120,1984,3026
369,12986,13108,56,2119,1984,3011
369,12986,13108,57,2118,1984,2996
369,12986,13108,58,2115,1984,2981
369,12986,13108,59,2113,1984,2964
369,12986,13108,60,2114,1984,2951
369,12986,13108,61,2109,1984,2938
369,12986,13108,62,2108,1984,2923
369,12986,13108,63,2105,1984,2908
369,12986,13108,64,2104,1984,2894
369,12986,13108,65,2102,1984,2881
369,12986,13108,66,2101,1984,2865
369,12986,13108,67,2097,1984,2849
369,12986,13108,68,2093,1985,2843
369,12986,13108,69,2094,1984,2825
369,12986,13108,70,2091,1984,2809
369,12986,13108,71,2091,1984,2797
369,12986,13108,72,2088,1984,2781
369,12986,13108,73,2086,1984,2765
369,12986,13108,74,2084,1984,2747
369,12986,13108,75,2083,1983,2739
369,12986,13108,76,2081,1984,2726
369,12986,13108,77,2079,1983,2713
369,12986,13108,78,2076,1984,2696
369,12986,13108,79,2073,1984,2677
369,12986,13108,80,2075,1984,2668
369,12986,13108,81,2071,1983,2653
369,12986,13108,82,2069,1983,2640
369,12986,13108,83,2066,1983,2624
369,12986,13108,84,2064,1983,2610
369,12986,13108,85,2063,1983,2596
369,12986,13108,86,2062,1983,2584
369,12986,13108,87,2060,1983,2565
369,12986,13108,88,2057,1983,2553
369,12986,13108,89,2057,1984,2555
369,12986,13108,90,2058,1984,2569
369,12986,13108,91,2060,1984,2584
369,12986,13108,92,2062,1984,2593
369,12986,13108,93,2065,1984,2622
369,12986,13108,94,2067,1984,2629
369,12986,13108,95,2068,1983,2640
369,12986,13108,96,2070,1983,2653
369,12986,13108,97,2074,1984,2669
369,12986,13108,98,2074,1984,2684
369,12986,13108,99,2077,1984,2695
369,12986,13108,100,2079,1984,2710
369,12986,13108,101,2080,1983,2730
369,12986,13108,102,2083,1985,2739
369,12986,13108,103,2082,1983,2753
369,12986,13108,104,2086,1984,2768
369,12986,13108,105,2090,1984,2783
369,12986,13108,106,2089,1984,2802
369,12986,13108,107,2092,1983,2810
369,12986,13108,108,2095,1984,2823
369,12986,13108,109,2096,1984,2838
369,12986,13108,110,2098,1984,2851
369,12986,13108,111,2100,1984,2866
369,12986,13108,112,2102,1985,2881
369,12986,13108,113,2103,1984,2897
369,12986,13108,114,2105,1984,2908
369,12986,13108,115,2108,1984,2932
369,12986,13108,116,2112,1985,2937
369,12986,13108,117,2111,1984,2953
369,12986,13108,118,2114,1984,2966
369,12986,13108,119,2115,1985,2976
369,12986,13108,120,2117,1985,3004
369,12986,13108,121,2120,1985,3008
369,12986,13108,122,2122,1984,3026
369,12986,13108,123,2123,1984,3038
369,12986,13108,124,2125,1984,3051
369,12986,13108,125,2127,1985,3067
369,12986,13108,126,2128,1985,3078
369,12986,13108,127,2131,1985,3097
369,12986,13108,128,2135,1985,3107
369,12986,13108,129,2134,1984,3116
369,12986,13108,130,2138,1985,3137
369,12986,13108,131,2140,1985,3153
369,12986,13108,132,2141,1985,3164
369,12986,13108,133,2142,1985,3180
369,12986,13108,134,2145,1984,3194
369,12986,13108,135,2147,1985,3210
369,12986,13108,136,2148,1986,3224
369,12986,13108,137,2151,1985,3235
369,12986,13108,138,2152,1985,3244
369,12986,13108,139,2154,1985,3263
369,12986,13108,140,2157,1984,3281
369,12986,13108,141,2158,1985,3292
369,12986,13108,142,2161,1985,3309
369,12986,13108,143,2162,1985,3321
369,12986,13108,144,2166,1986,3336
369,12986,13108,145,2167,1985,3351
369,12986,13108,146,2168,1985,3365
369,12986,13108,147,2171,1986,3378
369,12986,13108,148,2172,1985,3395
369,12986,13108,149,2174,1985,3407
369,12986,13108,150,2176,1985,3419
369,12986,13108,151,2178,1985,3439
369,12986,13108,152,2180,1985,3448
369,12986,13108,153,2182,1985,3463
369,12986,13108,154,2184,1986,3478
369,12986,13108,155,2183,1985,3472
369,12986,13108,156,2184,1985,3471
369,12986,13108,157,2186,1985,3483
369,12986,13108,158,2186,1985,3500
369,12986,13108,159,2189,1985,3510
369,12986,13108,160,2190,1985,3515
369,12986,13108,161,2189,1985,3509
369,12986,13108,162,2179,1985,3438
369,12986,13108,163,2166,1984,3340
369,12986,13108,164,2158,1984,3227
369,12986,13108,165,2141,1985,3143
369,12986,13108,166,2127,1983,3025
369,12986,13108,167,2111,1984,2906
369,12986,13108,168,2090,1984,2792
369,12986,13108,169,2076,1982,2658
369,12986,13108,170,2061,1982,2531
369,12986,13108,171,2042,1982,2400
369,12986,13108,172,2022,1982,2267
369,12986,13108,173,2007,1982,2143
369,12986,13108,174,1987,1981,1992
369,12986,13108,175,1967,1981,1826
369,12986,13108,176,1949,1981,1774
369,12986,13108,177,1938,1981,1649
369,12986,13108,178,1928,1981,1603
369,12986,13108,179,1918,1980,1510
369,12986,13108,180,1904,1980,1386
369,12986,13108,181,1888,1980,1265
369,12986,13108,182,1873,1980,1126
369,12986,13108,183,1852,1979,981
369,12986,13108,184,1838,1979,811
369,12986,13108,185,1817,1978,684
369,12986,13108,186,1799,1976,542
369,12986,13108,187,1782,1975,370
369,12986,13108,188,1764,1973,216
369,12986,13108,189,1760,1973,228
369,12986,13108,190,1762,1974,246
369,12986,13108,191,1762,1975,252
369,12986,13108,192,1765,1975,268
369,12986,13108,193,1766,1975,279
369,12986,13108,194,1767,1975,297
369,12986,13108,195,1769,1974,314
369,12986,13108,196,1771,1975,326
369,12986,13108,197,1771,1975,338
369,12986,13108,198,1773,1975,354
369,12986,13108,199,1775,1976,367
369,12986,13108,200,1777,1975,377
369,12986,13108,201,1779,1975,397
369,12986,13108,202,1780,1976,412
369,12986,13108,203,1782,1976,426
369,12986,13108,204,1784,1976,438
369,12986,13108,205,1785,1976,456
369,12986,13108,206,1782,1977,468
369,12986,13108,207,1787,1976,483
369,12986,13108,208,1790,1977,497
369,12986,13108,209,1792,1977,517
369,12986,13108,210,1793,1977,523
369,12986,13108,211,1794,1978,539
369,12986,13108,212,1796,1978,551
369,12986,13108,213,1797,1977,568
369,12986,13108,214,1800,1979,580
369,12986,13108,215,1801,1978,594
369,12986,13108,216,1802,1978,604
369,12986,13108,217,1804,1978,622
369,12986,13108,218,1807,1978,637
369,12986,13108,219,1808,1978,649
369,12986,13108,220,1809,1978,664
369,12986,13108,221,1811,1979,681
369,12986,13108,222,1813,1978,694
369,12986,13108,223,1814,1978,708
369,12986,13108,224,1816,1979,718
369,12986,13108,225,1818,1978,733
369,12986,13108,226,1819,1979,752
369,12986,13108,227,1821,1979,766
369,12986,13108,228,1822,1979,778
369,12986,13108,229,1824,1979,791
369,12986,13108,230,1826,1979,806
369,12986,13108,231,1827,1979,821
369,12986,13108,232,1829,1979,835
369,12986,13108,233,1831,1979,851
369,12986,13108,234,1830,1979,862
369,12986,13108,235,1835,1979,878
369,12986,13108,236,1836,1980,895
369,12986,13108,237,1837,1980,909
369,12986,13108,238,1838,1979,920
369,12986,13108,239,1841,1980,935
369,12986,13108,240,1843,1980,950
369,12986,13108,241,1844,1980,964
369,12986,13108,242,1846,1980,979
369,12986,13108,243,1848,1980,992
369,12986,13108,244,1850,1980,1004
369,12986,13108,245,1850,1979,1026
369,12986,13108,246,1855,1980,1033
369,12986,13108,247,1855,1980,1048
369,12986,13108,248,1857,1980,1063
369,12986,13108,249,1858,1980,1080
369,12986,13108,250,1858,1980,1091
369,12986,13108,251,1861,1980,1106
369,12986,13108,252,1864,1980,1120
369,12986,13108,253,1866,1980,1134
369,12986,13108,254,1867,1980,1148
369,12986,13108,255,1870,1980,1165
369,12986,13108,256,1871,1981,1179
369,12986,13108,257,1872,1980,1189
369,12986,13108,258,1875,1980,1206
369,12986,13108,259,1877,1980,1219
369,12986,13108,260,1878,1981,1234
369,12986,13108,261,1881,1981,1248
369,12986,13108,262,1880,1981,1260
369,12986,13108,263,1883,1980,1275
369,12986,13108,264,1885,1981,1295
369,12986,13108,265,1887,1981,1307
369,12986,13108,266,1889,1981,1317
369,12986,13108,267,1888,1980,1317
369,12986,13108,268,1887,1981,1305
369,12986,13108,269,1885,1980,1290
369,12986,13108,270,1884,1981,1277
369,12986,13108,271,1882,1981,1262
369,12986,13108,272,1880,1980,1252
369,12986,13108,273,1879,1981,1229
369,12986,13108,274,1877,1981,1219
369,12986,13108,275,1875,1980,1203
369,12986,13108,276,1873,1981,1189
369,12986,13108,277,1872,1980,1176
369,12986,13108,278,1869,1981,1163
369,12986,13108,279,1869,1981,1148
369,12986,13108,280,1866,1980,1133
369,12986,13108,281,1864,1980,1122
369,12986,13108,282,1862,1980,1105
369,12986,13108,283,1861,1980,1089
369,12986,13108,284,1860,1980,1077
369,12986,13108,285,1857,1980,1062
369,12986,13108,286,1856,1980,1046
369,12986,13108,287,1854,1980,1034
369,12986,13108,288,1852,1980,1018
369,12986,13108,289,1849,1980,1005
369,12986,13108,290,1848,1979,992
369,12986,13108,291,1847,1980,979
369,12986,13108,292,1844,1980,965
369,12986,13108,293,1843,1980,951
369,12986,13108,294,1842,1980,934
369,12986,13108,295,1840,1980,925
369,12986,13108,296,1837,1979,909
369,12986,13108,297,1837,1980,894
369,12986,13108,298,1832,1979,878
369,12986,13108,299,1833,1979,865
369,12986,13108,300,1831,1979,850
369,12986,13108,301,1829,1979,835
369,12986,13108,302,1828,1979,826
369,12986,13108,303,1825,1979,806
369,12986,13108,304,1824,1978,797
369,12986,13108,305,1823,1978,779
369,12986,13108,306,1821,1979,768
369,12986,13108,307,1819,1979,751
369,12986,13108,308,1818,1978,737
369,12986,13108,309,1817,1978,723
369,12986,13108,310,1814,1978,707
369,12986,13108,311,1813,1978,695
369,12986,13108,312,1811,1978,679
369,12986,13108,313,1811,1978,664
369,12986,13108,314,1808,1978,655
369,12986,13108,315,1807,1978,640
369,12986,13108,316,1804,1977,618
369,12986,13108,317,1803,1978,610
369,12986,13108,318,1801,1977,593
369,12986,13108,319,1800,1977,580
369,12986,13108,320,1798,1977,565
369,12986,13108,321,1796,1977,551
369,12986,13108,322,1794,1978,538
369,12986,13108,323,1793,1977,527
369,12986,13108,324,1792,1977,512
369,12986,13108,325,1790,1977,495
369,12986,13108,326,1788,1977,483
369,12986,13108,327,1787,1976,467
369,12986,13108,328,1785,1976,457
369,12986,13108,329,1784,1976,437
369,12986,13108,330,1781,1976,426
369,12986,13108,331,1780,1976,408
369,12986,13108,332,1781,1976,400
369,12986,13108,333,1777,1976,381
369,12986,13108,334,1776,1975,367
369,12986,13108,335,1774,1975,354
369,12986,13108,336,1772,1975,341
369,12986,13108,337,1771,1975,324
369,12986,13108,338,1769,1976,311
369,12986,13108,339,1767,1975,296
369,12986,13108,340,1766,1975,283
369,12986,13108,341,1765,1974,268
369,12986,13108,342,1762,1974,255
369,12986,13108,343,1761,1974,239
369,12986,13108,344,1759,1974,227
369,12986,13108,345,1759,1974,219
369,12986,13108,346,1757,1973,198
369,12986,13108,347,1755,1973,180
369,12986,13108,348,1753,1972,168
369,12986,13108,349,1752,1973,157
369,12986,13108,350,1760,1974,226
369,12986,13108,351,1765,1975,324
369,12986,13108,352,1778,1976,428
369,12986,13108,353,1793,1977,529
369,12986,13108,354,1805,1979,671
369,12986,13108,355,1815,1978,777
371,13164,13286,0,2005,2030,1337
371,13164,13286,1,1895,1984,1415
371,13164,13286,2,1908,1982,1513
371,13164,13286,3,1925,1982,1578
371,13164,13286,4,1934,1983,1710
371,13164,13286,5,1950,1982,1817
371,13164,13286,6,1964,1983,1932
371,13164,13286,7,1981,1983,2027
371,13164,13286,8,1994,1983,2136
371,13164,13286,9,2010,1984,2239
371,13164,13286,10,2026,1983,2343
371,13164,13286,11,2041,1984,2483
371,13164,13286,12,2060,1984,2600
371,13164,13286,13,2076,1984,2735
371,13164,13286,14,2094,1985,2876
371,13164,13286,15,2113,1984,3010
371,13164,13286,16,2135,1985,3144
371,13164,13286,17,2150,1985,3280
371,13164,13286,18,2169,1986,3419
371,13164,13286,19,2184,1985,3499
371,13164,13286,20,2188,1984,3483
371,13164,13286,21,2184,1985,3470
371,13164,13286,22,2184,1985,3473
371,13164,13286,23,2183,1985,3472
371,13164,13286,24,2182,1985,3464
371,13164,13286,25,2183,1985,3450
371,13164,13286,26,2178,1985,3436
371,13164,13286,27,2176,1985,3421
371,13164,13286,28,2174,1986,3405
371,13164,13286,29,2173,1984,3393
371,13164,13286,30,2170,1985,3377
371,13164,13286,31,2168,1985,3365
371,13164,13286,32,2167,1985,3349
371,13164,13286,33,2165,1985,3337
371,13164,13286,34,2164,1985,3322
371,13164,13286,35,2161,1985,3309
371,13164,13286,36,2158,1985,3294
371,13164,13286,37,2157,1985,3280
371,13164,13286,38,2154,1984,3266
371,13164,13286,39,2153,1985,3252
371,13164,13286,40,2152,1985,3238
371,13164,13286,41,2149,1984,3223
371,13164,13286,42,2146,1985,3210
371,13164,13286,43,2146,1984,3197
371,13164,13286,44,2143,1985,3183
371,13164,13286,45,2139,1985,3168
371,13164,13286,46,2139,1985,3150
371,13164,13286,47,2138,1985,3135
371,13164,13286,48,2135,1985,3125
371,13164,13286,49,2133,1985,3105
371,13164,13286,50,2131,1984,3096
371,13164,13286,51,2130,1985,3081
371,13164,13286,52,2126,1984,3067
371,13164,13286,53,2126,1985,3050
371,13164,13286,54,2123,1984,3037
371,13164,13286,55,2123,1984,3023
371,13164,13286,56,2119,1984,3006
371,13164,13286,57,2118,1984,2996
371,13164,13286,58,2116,1984,2979
371,13164,13286,59,2114,1984,2966
371,13164,13286,60,2113,1984,2950
371,13164,13286,61,2110,1984,2939
371,13164,13286,62,2108,1984,2921
371,13164,13286,63,2105,1984,2909
371,13164,13286,64,2104,1984,2895
371,13164,13286,65,2102,1984,2881
371,13164,13286,66,2100,1984,2860
371,13164,13286,67,2098,1984,2855
371,13164,13286,68,2096,1984,2837
371,13164,13286,69,2094,1984,2823
371,13164,13286,70,2092,1984,2812
371,13164,13286,71,2088,1984,2795
371,13164,13286,72,2088,1984,2781
371,13164,13286,73,2086,1984,2768
371,13164,13286,74,2084,1983,2754
371,13164,13286,75,2083,1984,2739
371,13164,13286,76,2080,1984,2723
371,13164,13286,77,2078,1984,2718
371,13164,13286,78,2077,1984,2700
371,13164,13286,79,2075,1984,2682
371,13164,13286,80,2073,1984,2669
371,13164,13286,81,2070,1983,2656
371,13164,13286,82,2069,1984,2638
371,13164,13286,83,2065,1984,2626
371,13164,13286,84,2065,1984,2612
371,13164,13286,85,2063,1984,2598
371,13164,13286,86,2061,1983,2582
371,13164,13286,87,2059,1983,2566
371,13164,13286,88,2057,1983,2555
371,13164,13286,89,2057,1984,2559
371,13164,13286,90,2059,1984,2569
371,13164,13286,91,2061,1984,2584
371,13164,13286,92,2063,1984,2598
371,13164,13286,93,2065,1984,2609
371,13164,13286,94,2068,1983,2621
371,13164,13286,95,2069,1984,2641
371,13164,13286,96,2070,1984,2653
371,13164,13286,97,2072,1984,2668
371,13164,13286,98,2075,1984,2675
371,13164,13286,99,2075,1984,2696
371,13164,13286,100,2079,1984,2713
371,13164,13286,101,2080,1984,2721
371,13164,13286,102,2080,1984,2742
371,13164,13286,103,2084,1984,2755
371,13164,13286,104,2086,1984,2766
371,13164,13286,105,2089,1984,2788
371,13164,13286,106,2089,1983,2794
371,13164,13286,107,2092,1984,2811
371,13164,13286,108,2095,1984,2824
371,13164,13286,109,2095,1984,2838
371,13164,13286,110,2098,1984,2854
371,13164,13286,111,2099,1984,2869
371,13164,13286,112,2102,1984,2882
371,13164,13286,113,2104,1984,2895
371,13164,13286,114,2105,1984,2910
371,13164,13286,115,2107,1985,2928
371,13164,13286,116,2110,1985,2930
371,13164,13286,117,2111,1984,2952
371,13164,13286,118,2113,1985,2966
371,13164,13286,119,2115,1985,2982
371,13164,13286,120,2118,1984,2991
371,13164,13286,121,2119,1984,3008
371,13164,13286,122,2121,1984,3019
371,13164,13286,123,2124,1985,3037
371,13164,13286,124,2125,1984,3053
371,13164,13286,125,2128,1984,3066
371,13164,13286,126,2129,1985,3076
371,13164,13286,127,2131,1985,3094
371,13164,13286,128,2133,1984,3109
371,13164,13286,129,2136,1985,3123
371,13164,13286,130,2137,1985,3135
371,13164,13286,131,2139,1985,3150
371,13164,13286,132,2141,1985,3165
371,13164,13286,133,2142,1984,3177
371,13164,13286,134,2146,1985,3192
371,13164,13286,135,2147,1985,3210
371,13164,13286,136,2148,1986,3224
371,13164,13286,137,2150,1985,3241
371,13164,13286,138,2153,1985,3251
371,13164,13286,139,2155,1985,3267
371,13164,13286,140,2157,1985,3279
371,13164,13286,141,2158,1985,3296
371,13164,13286,142,2161,1985,3309
371,13164,13286,143,2163,1985,3322
371,13164,13286,144,2166,1985,3335
371,13164,13286,145,2166,1985,3347
371,13164,13286,146,2168,1985,3363
371,13164,13286,147,2170,1986,3381
371,13164,13286,148,2173,1985,3393
371,13164,13286,149,2175,1985,3409
371,13164,13286,150,2176,1985,3419
371,13164,13286,151,2178,1985,3434
371,13164,13286,152,2180,1985,3452
371,13164,13286,153,2182,1985,3463
371,13164,13286,154,2184,1985,3466
371,13164,13286,155,2183,1985,3472
371,13164,13286,156,2184,1985,3471
371,13164,13286,157,2187,1985,3487
371,13164,13286,158,2187,1986,3494
371,13164,13286,159,2188,1986,3510
371,13164,13286,160,2189,1986,3516
371,13164,13286,161,2189,1985,3518
371,13164,13286,162,2188,1985,3481
371,13164,13286,163,2181,1984,3393
371,13164,13286,164,2162,1984,3291
371,13164,13286,165,2145,1984,3104
371,13164,13286,166,2131,1983,3061
371,13164,13286,167,2109,1984,2919
371,13164,13286,168,2095,1982,2741
371,13164,13286,169,2072,1982,2583
371,13164,13286,170,2048,1981,2418
371,13164,13286,171,2028,1982,2274
371,13164,13286,172,2004,1981,2127
371,13164,13286,173,1983,1980,1988
371,13164,13286,174,1966,1981,1845
371,13164,13286,175,1948,1981,1717
371,13164,13286,176,1929,1980,1590
371,13164,13286,177,1912,1979,1438
371,13164,13286,178,1902,1981,1393
371,13164,13286,179,1890,1980,1281
371,13164,13286,180,1874,1980,1177
371,13164,13286,181,1860,1978,1067
371,13164,13286,182,1848,1979,943
371,13164,13286,183,1832,1978,804
371,13164,13286,184,1819,1978,707
371,13164,13286,185,1800,1977,550
371,13164,13286,186,1786,1975,388
371,13164,13286,187,1771,1974,284
371,13164,13286,188,1758,1973,213
371,13164,13286,189,1759,1974,227
371,13164,13286,190,1761,1974,240
371,13164,13286,191,1763,1975,256
371,13164,13286,192,1764,1974,262
371,13164,13286,193,1766,1975,281
371,13164,13286,194,1768,1975,283
371,13164,13286,195,1768,1975,308
371,13164,13286,196,1771,1976,324
371,13164,13286,197,1772,1975,338
371,13164,13286,198,1774,1975,359
371,13164,13286,199,1776,1976,366
371,13164,13286,200,1776,1975,378
371,13164,13286,201,1779,1976,394
371,13164,13286,202,1779,1976,410
371,13164,13286,203,1782,1976,425
371,13164,13286,204,1781,1976,439
371,13164,13286,205,1785,1976,450
371,13164,13286,206,1787,1976,468
371,13164,13286,207,1789,1977,486
371,13164,13286,208,1789,1977,494
371,13164,13286,209,1791,1977,519
371,13164,13286,210,1793,1977,519
371,13164,13286,211,1794,1977,537
371,13164,13286,212,1796,1978,553
371,13164,13286,213,1797,1978,566
371,13164,13286,214,1799,1978,576
371,13164,13286,215,1801,1977,591
371,13164,13286,216,1804,1978,609
371,13164,13286,217,1805,1978,623
371,13164,13286,218,1806,1978,637
371,13164,13286,219,1808,1978,651
371,13164,13286,220,1810,1978,670
371,13164,13286,221,1812,1978,678
371,13164,13286,222,1812,1978,693
371,13164,13286,223,1814,1978,707
371,13164,13286,224,1816,1979,723
371,13164,13286,225,1817,1979,736
371,13164,13286,226,1819,1979,749
371,13164,13286,227,1820,1978,767
371,13164,13286,228,1823,1978,781
371,13164,13286,229,1824,1979,796
371,13164,13286,230,1825,1979,807
371,13164,13286,231,1827,1979,820
371,13164,13286,232,1829,1980,837
371,13164,13286,233,1831,1979,851
371,13164,13286,234,1833,1979,864
371,13164,13286,235,1837,1980,878
371,13164,13286,236,1836,1980,890
371,13164,13286,237,1838,1979,906
371,13164,13286,238,1840,1979,921
371,13164,13286,239,1841,1980,935
371,13164,13286,240,1843,1979,946
371,13164,13286,241,1844,1980,965
371,13164,13286,242,1846,1980,985
371,13164,13286,243,1849,1980,993
371,13164,13286,244,1849,1980,1006
371,13164,13286,245,1852,1979,1010
371,13164,13286,246,1853,1980,1034
371,13164,13286,247,1855,1980,1048
371,13164,13286,248,1857,1980,1063
371,13164,13286,249,1858,1980,1077
371,13164,13286,250,1861,1980,1093
371,13164,13286,251,1863,1980,1107
371,13164,13286,252,1863,1980,1120
371,13164,13286,253,1866,1981,1133
371,13164,13286,254,1867,1980,1147
371,13164,13286,255,1870,1980,1167
371,13164,13286,256,1872,1980,1178
371,13164,13286,257,1872,1980,1184
371,13164,13286,258,1874,1981,1206
371,13164,13286,259,1877,1981,1220
371,13164,13286,260,1878,1981,1233
371,13164,13286,261,1881,1981,1250
371,13164,13286,262,1881,1981,1259
371,13164,13286,263,1883,1980,1278
371,13164,13286,264,1886,1981,1290
371,13164,13286,265,1888,1980,1303
371,13164,13286,266,1890,1980,1318
371,13164,13286,267,1889,1980,1317
371,13164,13286,268,1887,1980,1305
371,13164,13286,269,1885,1981,1297
371,13164,13286,270,1883,1980,1276
371,13164,13286,271,1883,1981,1264
371,13164,13286,272,1880,1981,1247
371,13164,13286,273,1879,1980,1236
371,13164,13286,274,1876,1980,1221
371,13164,13286,275,1875,1979,1204
371,13164,13286,276,1874,1980,1192
371,13164,13286,277,1872,1980,1178
371,13164,13286,278,1870,1980,1160
371,13164,13286,279,1867,1981,1149
371,13164,13286,280,1866,1981,1135
371,13164,13286,281,1864,1980,1122
371,13164,13286,282,1863,1980,1104
371,13164,13286,283,1861,1980,1094
371,13164,13286,284,1859,1980,1077
371,13164,13286,285,1857,1980,1066
371,13164,13286,286,1855,1980,1052
371,13164,13286,287,1853,1980,1034
371,13164,13286,288,1852,1980,1021
371,13164,13286,289,1850,1979,1008
371,13164,13286,290,1848,1980,993
371,13164,13286,291,1847,1980,980
371,13164,13286,292,1845,1980,962
371,13164,13286,293,1843,1980,947
371,13164,13286,294,1841,1980,937
371,13164,13286,295,1839,1980,916
371,13164,13286,296,1838,1979,912
371,13164,13286,297,1836,1979,895
371,13164,13286,298,1834,1979,878
371,13164,13286,299,1833,1979,867
371,13164,13286,300,1831,1979,846
371,13164,13286,301,1830,1979,837
371,13164,13286,302,1828,1979,824
371,13164,13286,303,1826,1979,807
371,13164,13286,304,1825,1979,797
371,13164,13286,305,1822,1978,771
371,13164,13286,306,1821,1979,767
371,13164,13286,307,1819,1978,753
371,13164,13286,308,1818,1979,741
371,13164,13286,309,1816,1978,721
371,13164,13286,310,1814,1978,710
371,13164,13286,311,1814,1978,696
371,13164,13286,312,1811,1978,681
371,13164,13286,313,1810,1979,664
371,13164,13286,314,1807,1978,649
371,13164,13286,315,1806,1977,637
371,13164,13286,316,1805,1978,625
371,13164,13286,317,1803,1977,608
371,13164,13286,318,1801,1977,591
371,13164,13286,319,1799,1977,580
371,13164,13286,320,1798,1978,564
371,13164,13286,321,1796,1977,551
371,13164,13286,322,1795,1977,537
371,13164,13286,323,1793,1977,522
371,13164,13286,324,1792,1977,507
371,13164,13286,325,1789,1976,494
371,13164,13286,326,1789,1977,481
371,13164,13286,327,1787,1977,463
371,13164,13286,328,1785,1976,454
371,13164,13286,329,1783,1976,439
371,13164,13286,330,1782,1976,423
371,13164,13286,331,1780,1976,412
371,13164,13286,332,1778,1976,395
371,13164,13286,333,1777,1976,381
371,13164,13286,334,1775,1975,367
371,13164,13286,335,1774,1975,351
371,13164,13286,336,1772,1975,341
371,13164,13286,337,1771,1975,325
371,13164,13286,338,1769,1975,306
371,13164,13286,339,1767,1975,296
371,13164,13286,340,1767,1975,282
371,13164,13286,341,1764,1975,268
371,13164,13286,342,1764,1974,253
371,13164,13286,343,1760,1974,238
371,13164,13286,344,1760,1974,227
371,13164,13286,345,1759,1974,202
371,13164,13286,346,1756,1973,196
371,13164,13286,347,1756,1973,205
371,13164,13286,348,1765,1974,249
371,13164,13286,349,1767,1975,304
371,13164,13286,350,1777,1976,390
371,13164,13286,351,1786,1976,467
371,13164,13286,352,1799,1978,580
371,13164,13286,353,1809,1978,684
371,13164,13286,354,1823,1979,812
371,13164,13286,355,1836,1980,924
373,13359,13481,0,2008,2036,1157
373,13359,13481,1,1869,1983,1240
373,13359,13481,2,1887,1982,1336
373,13359,13481,3,1899,1982,1434
373,13359,13481,4,1916,1982,1550
373,13359,13481,5,1930,1983,1686
373,13359,13481,6,1946,1982,1782
373,13359,13481,7,1962,1983,1934
373,13359,13481,8,1980,1983,2048
373,13359,13481,9,1997,1984,2182
373,13359,13481,10,2018,1984,2301
373,13359,13481,11,2035,1985,2445
373,13359,13481,12,2054,1985,2600
373,13359,13481,13,2082,1985,2788
373,13359,13481,14,2106,1986,2967
373,13359,13481,15,2127,1985,3144
373,13359,13481,16,2152,1985,3286
373,13359,13481,17,2169,1986,3427
373,13359,13481,18,2188,1985,3508
373,13359,13481,19,2189,1985,3510
373,13359,13481,20,2188,1985,3507
373,13359,13481,21,2188,1985,3498
373,13359,13481,22,2185,1985,3473
373,13359,13481,23,2184,1985,3475
373,13359,13481,24,2183,1985,3465
373,13359,13481,25,2181,1985,3447
373,13359,13481,26,2178,1985,3439
373,13359,13481,27,2176,1985,3421
373,13359,13481,28,2176,1985,3406
373,13359,13481,29,2172,1985,3388
373,13359,13481,30,2170,1985,3378
373,13359,13481,31,2168,1985,3361
373,13359,13481,32,2167,1985,3349
373,13359,13481,33,2166,1985,3334
373,13359,13481,34,2163,1985,3320
373,13359,13481,35,2162,1985,3308
373,13359,13481,36,2157,1985,3294
373,13359,13481,37,2157,1985,3279
373,13359,13481,38,2154,1985,3267
373,13359,13481,39,2152,1984,3251
373,13359,13481,40,2150,1985,3237
373,13359,13481,41,2149,1985,3218
373,13359,13481,42,2147,1985,3206
373,13359,13481,43,2144,1985,3195
373,13359,13481,44,2143,1984,3180
373,13359,13481,45,2142,1985,3163
373,13359,13481,46,2140,1985,3151
373,13359,13481,47,2137,1985,3136
373,13359,13481,48,2135,1985,3123
373,13359,13481,49,2133,1984,3109
373,13359,13481,50,2130,1985,3096
373,13359,13481,51,2129,1984,3078
373,13359,13481,52,2127,1984,3065
373,13359,13481,53,2126,1985,3048
373,13359,13481,54,2122,1984,3037
373,13359,13481,55,2121,1985,3023
373,13359,13481,56,2119,1984,3008
373,13359,13481,57,2117,1984,2994
373,13359,13481,58,2116,1984,2979
373,13359,13481,59,2114,1985,2967
373,13359,13481,60,2112,1984,2941
373,13359,13481,61,2109,1984,2934
373,13359,13481,62,2109,1984,2922
373,13359,13481,63,2106,1984,2908
373,13359,13481,64,2105,1984,2893
373,13359,13481,65,2102,1984,2880
373,13359,13481,66,2100,1984,2860
373,13359,13481,67,2096,1984,2854
373,13359,13481,68,2095,1984,2838
373,13359,13481,69,2095,1984,2823
373,13359,13481,70,2091,1984,2810
373,13359,13481,71,2090,1984,2797
373,13359,13481,72,2088,1983,2781
373,13359,13481,73,2086,1984,2769
373,13359,13481,74,2083,1983,2752
373,13359,13481,75,2083,1984,2741
373,13359,13481,76,2080,1984,2727
373,13359,13481,77,2079,1984,2712
373,13359,13481,78,2076,1984,2695
373,13359,13481,79,2074,1983,2672
373,13359,13481,80,2072,1984,2670
373,13359,13481,81,2070,1983,2653
373,13359,13481,82,2069,1983,2638
373,13359,13481,83,2066,1984,2624
373,13359,13481,84,2065,1983,2610
373,13359,13481,85,2062,1984,2595
373,13359,13481,86,2059,1983,2580
373,13359,13481,87,2057,1983,2569
373,13359,13481,88,2057,1983,2564
373,13359,13481,89,2056,1983,2552
373,13359,13481,90,2059,1984,2570
373,13359,13481,91,2060,1983,2581
373,13359,13481,92,2062,1983,2597
373,13359,13481,93,2065,1983,2610
373,13359,13481,94,2067,1984,2623
373,13359,13481,95,2069,1984,2640
373,13359,13481,96,2070,1984,2649
373,13359,13481,97,2072,1984,2667
373,13359,13481,98,2073,1984,2682
373,13359,13481,99,2076,1984,2694
373,13359,13481,100,2079,1984,2708
373,13359,13481,101,2080,1983,2722
373,13359,13481,102,2081,1984,2737
373,13359,13481,103,2085,1984,2752
373,13359,13481,104,2086,1984,2767
373,13359,13481,105,2087,1984,2780
373,13359,13481,106,2089,1984,2818
373,13359,13481,107,2092,1983,2809
373,13359,13481,108,2093,1984,2825
373,13359,13481,109,2095,1984,2836
373,13359,13481,110,2098,1984,2852
373,13359,13481,111,2099,1984,2863
373,13359,13481,112,2102,1984,2880
373,13359,13481,113,2102,1985,2895
373,13359,13481,114,2105,1985,2910
373,13359,13481,115,2106,1984,2921
373,13359,13481,116,2109,1984,2934
373,13359,13481,117,2111,1984,2952
373,13359,13481,118,2113,1984,2964
373,13359,13481,119,2115,1984,2978
373,13359,13481,120,2117,1984,2993
373,13359,13481,121,2119,1985,3008
373,13359,13481,122,2121,1985,3022
373,13359,13481,123,2123,1985,3036
373,13359,13481,124,2125,1985,3050
373,13359,13481,125,2126,1985,3064
373,13359,13481,126,2129,1984,3078
373,13359,13481,127,2132,1984,3093
373,13359,13481,128,2132,1984,3104
373,13359,13481,129,2136,1985,3135
373,13359,13481,130,2137,1985,3139
373,13359,13481,131,2139,1985,3147
373,13359,13481,132,2141,1985,3166
373,13359,13481,133,2143,1985,3178
373,13359,13481,134,2144,1984,3191
373,13359,13481,135,2146,1984,3207
373,13359,13481,136,2149,1984,3222
373,13359,13481,137,2151,1985,3233
373,13359,13481,138,2152,1985,3251
373,13359,13481,139,2154,1985,3262
373,13359,13481,140,2157,1984,3275
373,13359,13481,141,2158,1985,3292
373,13359,13481,142,2161,1985,3306
373,13359,13481,143,2162,1985,3321
373,13359,13481,144,2165,1985,3336
373,13359,13481,145,2165,1985,3350
373,13359,13481,146,2169,1985,3365
373,13359,13481,147,2171,1985,3378
373,13359,13481,148,2173,1985,3389
373,13359,13481,149,2174,1985,3402
373,13359,13481,150,2176,1985,3421
373,13359,13481,151,2178,1985,3434
373,13359,13481,152,2180,1986,3448
373,13359,13481,153,2182,1986,3465
373,13359,13481,154,2183,1985,3475
373,13359,13481,155,2184,1985,3444
373,13359,13481,156,2183,1985,3471
373,13359,13481,157,2184,1985,3485
373,13359,13481,158,2189,1985,3499
373,13359,13481,159,2189,1986,3507
373,13359,13481,160,2189,1986,3515
373,13359,13481,161,2190,1985,3523
373,13359,13481,162,2191,1986,3523
373,13359,13481,163,2190,1985,3513
373,13359,13481,164,2180,1985,3423
373,13359,13481,165,2166,1984,3312
373,13359,13481,166,2150,1983,3191
373,13359,13481,167,2148,1983,3078
373,13359,13481,168,2113,1982,2905
373,13359,13481,169,2095,1982,2775
373,13359,13481,170,2073,1982,2610
373,13359,13481,171,2051,1982,2464
373,13359,13481,172,2034,1981,2305
373,13359,13481,173,2010,1982,2177
373,13359,13481,174,1991,1981,2034
373,13359,13481,175,1971,1981,1889
373,13359,13481,176,1952,1980,1741
373,13359,13481,177,1936,1980,1601
373,13359,13481,178,1921,1981,1515
373,13359,13481,179,1909,1980,1399
373,13359,13481,180,1889,1980,1268
373,13359,13481,181,1872,1979,1138
373,13359,13481,182,1856,1979,1004
373,13359,13481,183,1834,1979,862
373,13359,13481,184,1816,1975,635
373,13359,13481,185,1794,1976,486
373,13359,13481,186,1777,1974,317
373,13359,13481,187,1757,1973,196
373,13359,13481,188,1758,1974,217
373,13359,13481,189,1758,1974,224
373,13359,13481,190,1761,1974,238
373,13359,13481,191,1763,1975,255
373,13359,13481,192,1764,1974,268
373,13359,13481,193,1766,1975,282
373,13359,13481,194,1767,1975,298
373,13359,13481,195,1770,1975,312
373,13359,13481,196,1772,1975,324
373,13359,13481,197,1772,1974,340
373,13359,13481,198,1774,1975,353
373,13359,13481,199,1775,1975,368
373,13359,13481,200,1776,1976,380
373,13359,13481,201,1778,1976,397
373,13359,13481,202,1781,1976,408
373,13359,13481,203,1781,1976,424
373,13359,13481,204,1783,1976,441
373,13359,13481,205,1785,1976,451
373,13359,13481,206,1786,1976,464
373,13359,13481,207,1790,1977,481
373,13359,13481,208,1789,1977,496
373,13359,13481,209,1792,1977,509
373,13359,13481,210,1793,1977,522
373,13359,13481,211,1795,1977,533
373,13359,13481,212,1797,1977,552
373,13359,13481,213,1798,1977,566
373,13359,13481,214,1800,1977,582
373,13359,13481,215,1801,1977,595
373,13359,13481,216,1803,1977,606
373,13359,13481,217,1804,1978,621
373,13359,13481,218,1805,1977,635
373,13359,13481,219,1807,1978,647
373,13359,13481,220,1809,1978,666
373,13359,13481,221,1810,1978,678
373,13359,13481,222,1813,1978,691
373,13359,13481,223,1815,1978,708
373,13359,13481,224,1816,1979,722
373,13359,13481,225,1817,1979,736
373,13359,13481,226,1819,1978,749
373,13359,13481,227,1822,1979,763
373,13359,13481,228,1823,1979,777
373,13359,13481,229,1824,1979,793
373,13359,13481,230,1826,1979,807
373,13359,13481,231,1828,1979,821
373,13359,13481,232,1830,1978,839
373,13359,13481,233,1831,1979,850
373,13359,13481,234,1832,1979,865
373,13359,13481,235,1835,1979,876
373,13359,13481,236,1836,1979,892
373,13359,13481,237,1838,1980,904
373,13359,13481,238,1840,1980,918
373,13359,13481,239,1839,1979,934
373,13359,13481,240,1843,1980,951
373,13359,13481,241,1844,1980,963
373,13359,13481,242,1846,1979,974
373,13359,13481,243,1849,1980,991
373,13359,13481,244,1851,1980,1006
373,13359,13481,245,1852,1979,1022
373,13359,13481,246,1854,1980,1033
373,13359,13481,247,1855,1980,1050
373,13359,13481,248,1857,1981,1064
373,13359,13481,249,1858,1980,1078
373,13359,13481,250,1861,1981,1091
373,13359,13481,251,1862,1980,1106
373,13359,13481,252,1864,1980,1120
373,13359,13481,253,1865,1981,1135
373,13359,13481,254,1868,1980,1151
373,13359,13481,255,1869,1980,1163
373,13359,13481,256,1873,1981,1181
373,13359,13481,257,1872,1981,1192
373,13359,13481,258,1875,1981,1207
373,13359,13481,259,1876,1981,1220
373,13359,13481,260,1878,1980,1231
373,13359,13481,261,1881,1981,1249
373,13359,13481,262,1882,1980,1263
373,13359,13481,263,1884,1981,1275
373,13359,13481,264,1886,1981,1290
373,13359,13481,265,1887,1981,1307
373,13359,13481,266,1887,1981,1317
373,13359,13481,267,1889,1980,1319
373,13359,13481,268,1887,1980,1307
373,13359,13481,269,1885,1981,1289
373,13359,13481,270,1884,1980,1270
373,13359,13481,271,1881,1980,1260
373,13359,13481,272,1880,1980,1249
373,13359,13481,273,1878,1980,1234
373,13359,13481,274,1877,1980,1217
373,13359,13481,275,1874,1980,1205
373,13359,13481,276,1872,1981,1196
373,13359,13481,277,1871,1980,1177
373,13359,13481,278,1869,1980,1161
373,13359,13481,279,1868,1980,1145
373,13359,13481,280,1865,1980,1135
373,13359,13481,281,1864,1980,1118
373,13359,13481,282,1862,1980,1106
373,13359,13481,283,1860,1980,1093
373,13359,13481,284,1858,1980,1077
373,13359,13481,285,1857,1979,1073
373,13359,13481,286,1855,1980,1048
373,13359,13481,287,1854,1980,1034
373,13359,13481,288,1851,1980,1020
373,13359,13481,289,1850,1980,1014
373,13359,13481,290,1848,1980,991
373,13359,13481,291,1846,1979,980
373,13359,13481,292,1845,1979,960
373,13359,13481,293,1844,1979,946
373,13359,13481,294,1842,1980,936
373,13359,13481,295,1839,1979,926
373,13359,13481,296,1838,1979,907
373,13359,13481,297,1836,1980,896
373,13359,13481,298,1834,1979,876
373,13359,13481,299,1833,1979,864
373,13359,13481,300,1831,1979,849
373,13359,13481,301,1828,1979,836
373,13359,13481,302,1827,1979,820
373,13359,13481,303,1827,1978,800
373,13359,13481,304,1824,1978,793
373,13359,13481,305,1823,1979,777
373,13359,13481,306,1821,1979,765
373,13359,13481,307,1819,1978,753
373,13359,13481,308,1817,1978,736
373,13359,13481,309,1816,1978,724
373,13359,13481,310,1814,1978,711
373,13359,13481,311,1813,1978,694
373,13359,13481,312,1811,1978,678
373,13359,13481,313,1809,1978,666
373,13359,13481,314,1807,1978,652
373,13359,13481,315,1805,1977,636
373,13359,13481,316,1804,1978,620
373,13359,13481,317,1802,1977,607
373,13359,13481,318,1801,1977,598
373,13359,13481,319,1800,1977,580
373,13359,13481,320,1797,1977,566
373,13359,13481,321,1796,1977,553
373,13359,13481,322,1794,1977,541
373,13359,13481,323,1793,1977,524
373,13359,13481,324,1792,1977,508
373,13359,13481,325,1789,1977,496
373,13359,13481,326,1788,1976,477
373,13359,13481,327,1786,1976,466
373,13359,13481,328,1785,1977,453
373,13359,13481,329,1783,1975,439
373,13359,13481,330,1781,1976,424
373,13359,13481,331,1780,1976,415
373,13359,13481,332,1778,1975,394
373,13359,13481,333,1778,1975,381
373,13359,13481,334,1776,1976,367
373,13359,13481,335,1773,1975,354
373,13359,13481,336,1772,1976,342
373,13359,13481,337,1771,1975,325
373,13359,13481,338,1769,1975,311
373,13359,13481,339,1768,1974,289
373,13359,13481,340,1766,1975,284
373,13359,13481,341,1765,1975,269
373,13359,13481,342,1762,1974,254
373,13359,13481,343,1761,1974,240
373,13359,13481,344,1759,1974,225
373,13359,13481,345,1757,1973,213
373,13359,13481,346,1757,1973,204
373,13359,13481,347,1756,1973,185
373,13359,13481,348,1753,1973,174
373,13359,13481,349,1762,1974,254
373,13359,13481,350,1769,1976,335
373,13359,13481,351,1782,1977,435
373,13359,13481,352,1792,1978,552
373,13359,13481,353,1807,1980,735
373,13359,13481,354,1825,1980,875
373,13359,13481,355,1847,1981,1034
375,13531,13653,0,1996,2023,1330
375,13531,13653,1,1898,1983,1427
375,13531,13653,2,1909,1982,1515
375,13531,13653,3,1926,1982,1614
375,13531,13653,4,1937,1982,1716
375,13531,13653,5,1952,1982,1816
375,13531,13653,6,1964,1983,1923
375,13531,13653,7,1982,1983,2033
375,13531,13653,8,1993,1983,2137
375,13531,13653,9,2006,1982,2225
375,13531,13653,10,2025,1984,2367
375,13531,13653,11,2039,1984,2478
375,13531,13653,12,2059,1984,2599
375,13531,13653,13,2073,1984,2741
375,13531,13653,14,2095,1984,2868
375,13531,13653,15,2112,1986,3006
375,13531,13653,16,2130,1985,3146
375,13531,13653,17,2152,1985,3280
375,13531,13653,18,2170,1985,3408
375,13531,13653,19,2185,1986,3495
375,13531,13653,20,2185,1984,3488
375,13531,13653,21,2183,1985,3471
375,13531,13653,22,2183,1985,3472
375,13531,13653,23,2184,1985,3477
375,13531,13653,24,2183,1985,3463
375,13531,13653,25,2180,1985,3449
375,13531,13653,26,2179,1985,3437
375,13531,13653,27,2176,1985,3422
375,13531,13653,28,2175,1985,3407
375,13531,13653,29,2172,1985,3392
375,13531,13653,30,2171,1984,3383
375,13531,13653,31,2169,1985,3363
375,13531,13653,32,2166,1985,3351
375,13531,13653,33,2164,1985,3355
375,13531,13653,34,2162,1984,3319
375,13531,13653,35,2160,1985,3307
375,13531,13653,36,2159,1985,3295
375,13531,13653,37,2158,1985,3270
375,13531,13653,38,2154,1985,3260
375,13531,13653,39,2153,1985,3254
375,13531,13653,40,2151,1985,3233
375,13531,13653,41,2149,1985,3222
375,13531,13653,42,2147,1984,3216
375,13531,13653,43,2145,1985,3193
375,13531,13653,44,2143,1985,3179
375,13531,13653,45,2140,1984,3163
375,13531,13653,46,2140,1984,3149
375,13531,13653,47,2137,1985,3137
375,13531,13653,48,2135,1984,3121
375,13531,13653,49,2133,1985,3108
375,13531,13653,50,2132,1985,3093
375,13531,13653,51,2130,1985,3080
375,13531,13653,52,2126,1984,3065
375,13531,13653,53,2125,1985,3049
375,13531,13653,54,2123,1985,3037
375,13531,13653,55,2121,1985,3023
375,13531,13653,56,2119,1984,3007
375,13531,13653,57,2118,1984,2995
375,13531,13653,58,2116,1984,2979
375,13531,13653,59,2113,1984,2964
375,13531,13653,60,2111,1984,2950
375,13531,13653,61,2110,1984,2940
375,13531,13653,62,2107,1984,2923
375,13531,13653,63,2104,1984,2909
375,13531,13653,64,2103,1985,2900
375,13531,13653,65,2101,1984,2881
375,13531,13653,66,2099,1983,2869
375,13531,13653,67,2098,1984,2856
375,13531,13653,68,2096,1984,2835
375,13531,13653,69,2094,1984,2824
375,13531,13653,70,2087,1984,2811
375,13531,13653,71,2089,1983,2792
375,13531,13653,72,2088,1984,2785
375,13531,13653,73,2086,1984,2770
375,13531,13653,74,2083,1983,2753
375,13531,13653,75,2083,1984,2741
375,13531,13653,76,2079,1983,2725
375,13531,13653,77,2079,1984,2710
375,13531,13653,78,2075,1984,2696
375,13531,13653,79,2074,1983,2681
375,13531,13653,80,2072,1983,2666
375,13531,13653,81,2070,1984,2652
375,13531,13653,82,2068,1984,2642
375,13531,13653,83,2066,1984,2625
375,13531,13653,84,2066,1983,2611
375,13531,13653,85,2062,1983,2595
375,13531,13653,86,2060,1983,2587
375,13531,13653,87,2059,1983,2567
375,13531,13653,88,2057,1983,2556
375,13531,13653,89,2057,1984,2551
375,13531,13653,90,2058,1984,2568
375,13531,13653,91,2061,1983,2581
375,13531,13653,92,2062,1984,2595
375,13531,13653,93,2065,1984,2612
375,13531,13653,94,2066,1983,2625
375,13531,13653,95,2069,1984,2647
375,13531,13653,96,2070,1984,2653
375,13531,13653,97,2073,1984,2668
375,13531,13653,98,2075,1984,2683
375,13531,13653,99,2076,1984,2694
375,13531,13653,100,2079,1984,2709
375,13531,13653,101,2079,1984,2726
375,13531,13653,102,2082,1984,2738
375,13531,13653,103,2084,1984,2752
375,13531,13653,104,2086,1984,2765
375,13531,13653,105,2088,1984,2782
375,13531,13653,106,2090,1985,2797
375,13531,13653,107,2092,1984,2809
375,13531,13653,108,2094,1984,2823
375,13531,13653,109,2096,1984,2837
375,13531,13653,110,2097,1984,2852
375,13531,13653,111,2099,1984,2868
375,13531,13653,112,2101,1984,2884
375,13531,13653,113,2103,1984,2895
375,13531,13653,114,2105,1984,2906
375,13531,13653,115,2107,1984,2923
375,13531,13653,116,2110,1984,2937
375,13531,13653,117,2111,1984,2951
375,13531,13653,118,2114,1985,2966
375,13531,13653,119,2116,1985,2981
375,13531,13653,120,2117,1984,2996
375,13531,13653,121,2119,1985,3009
375,13531,13653,122,2121,1984,3021
375,13531,13653,123,2123,1984,3037
375,13531,13653,124,2125,1984,3052
375,13531,13653,125,2126,1984,3065
375,13531,13653,126,2129,1985,3082
375,13531,13653,127,2132,1984,3091
375,13531,13653,128,2132,1985,3109
375,13531,13653,129,2136,1985,3121
375,13531,13653,130,2137,1985,3132
375,13531,13653,131,2140,1985,3152
375,13531,13653,132,2141,1984,3166
375,13531,13653,133,2143,1985,3179
375,13531,13653,134,2146,1985,3193
375,13531,13653,135,2147,1984,3208
375,13531,13653,136,2149,1984,3222
375,13531,13653,137,2151,1984,3239
375,13531,13653,138,2152,1985,3248
375,13531,13653,139,2154,1985,3265
375,13531,13653,140,2156,1985,3268
375,13531,13653,141,2158,1985,3294
375,13531,13653,142,2161,1985,3315
375,13531,13653,143,2162,1986,3320
375,13531,13653,144,2164,1985,3337
375,13531,13653,145,2166,1985,3349
375,13531,13653,146,2168,1985,3363
375,13531,13653,147,2170,1985,3379
375,13531,13653,148,2173,1985,3390
375,13531,13653,149,2175,1985,3409
375,13531,13653,150,2176,1985,3419
375,13531,13653,151,2179,1985,3434
375,13531,13653,152,2180,1986,3451
375,13531,13653,153,2183,1985,3464
375,13531,13653,154,2184,1985,3476
375,13531,13653,155,2183,1985,3472
375,13531,13653,156,2184,1985,3471
375,13531,13653,157,2186,1985,3484
375,13531,13653,158,2189,1986,3494
375,13531,13653,159,2188,1986,3509
375,13531,13653,160,2190,1986,3515
375,13531,13653,161,2191,1985,3514
375,13531,13653,162,2189,1985,3469
375,13531,13653,163,2174,1984,3368
375,13531,13653,164,2164,1984,3280
375,13531,13653,165,2146,1984,3184
375,13531,13653,166,2133,1983,3058
375,13531,13653,167,2114,1983,2938
375,13531,13653,168,2097,1983,2756
375,13531,13653,169,2071,1982,2594
375,13531,13653,170,2050,1982,2444
375,13531,13653,171,2025,1982,2286
375,13531,13653,172,2007,1981,2138
375,13531,13653,173,1986,1981,1998
375,13531,13653,174,1968,1980,1851
375,13531,13653,175,1949,1981,1719
375,13531,13653,176,1929,1980,1584
375,13531,13653,177,1914,1980,1460
375,13531,13653,178,1905,1980,1392
375,13531,13653,179,1890,1980,1291
375,13531,13653,180,1874,1979,1182
375,13531,13653,181,1862,1979,1058
375,13531,13653,182,1844,1979,943
375,13531,13653,183,1838,1978,819
375,13531,13653,184,1817,1977,691
375,13531,13653,185,1802,1977,570
375,13531,13653,186,1785,1976,425
375,13531,13653,187,1771,1974,287
375,13531,13653,188,1756,1973,210
375,13531,13653,189,1761,1975,225
375,13531,13653,190,1760,1974,237
375,13531,13653,191,1762,1974,252
375,13531,13653,192,1765,1975,268
375,13531,13653,193,1766,1974,283
375,13531,13653,194,1768,1974,293
375,13531,13653,195,1769,1975,311
375,13531,13653,196,1770,1975,326
375,13531,13653,197,1772,1975,341
375,13531,13653,198,1773,1975,352
375,13531,13653,199,1776,1975,368
375,13531,13653,200,1776,1976,383
375,13531,13653,201,1778,1975,396
375,13531,13653,202,1781,1976,412
375,13531,13653,203,1781,1976,426
375,13531,13653,204,1783,1976,432
375,13531,13653,205,1785,1975,453
375,13531,13653,206,1787,1976,466
375,13531,13653,207,1788,1977,481
375,13531,13653,208,1789,1977,494
375,13531,13653,209,1791,1977,506
375,13531,13653,210,1792,1977,524
375,13531,13653,211,1795,1977,536
375,13531,13653,212,1796,1977,553
375,13531,13653,213,1798,1977,568
375,13531,13653,214,1800,1977,572
375,13531,13653,215,1801,1978,597
375,13531,13653,216,1803,1978,608
375,13531,13653,217,1804,1978,623
375,13531,13653,218,1806,1977,634
375,13531,13653,219,1808,1977,649
375,13531,13653,220,1809,1978,663
375,13531,13653,221,1811,1978,681
375,13531,13653,222,1813,1978,695
375,13531,13653,223,1814,1978,707
375,13531,13653,224,1815,1978,723
375,13531,13653,225,1818,1979,736
375,13531,13653,226,1818,1978,754
375,13531,13653,227,1821,1979,766
375,13531,13653,228,1821,1979,779
375,13531,13653,229,1824,1979,793
375,13531,13653,230,1826,1979,807
375,13531,13653,231,1821,1979,822
375,13531,13653,232,1830,1979,839
375,13531,13653,233,1831,1979,852
375,13531,13653,234,1833,1979,866
375,13531,13653,235,1834,1979,879
375,13531,13653,236,1837,1980,892
375,13531,13653,237,1837,1979,908
375,13531,13653,238,1840,1980,921
375,13531,13653,239,1841,1979,928
375,13531,13653,240,1843,1979,950
375,13531,13653,241,1844,1980,968
375,13531,13653,242,1847,1980,982
375,13531,13653,243,1849,1980,992
375,13531,13653,244,1850,1979,1007
375,13531,13653,245,1852,1980,1023
375,13531,13653,246,1853,1980,1034
375,13531,13653,247,1854,1980,1055
375,13531,13653,248,1856,1980,1081
375,13531,13653,249,1858,1979,1076
375,13531,13653,250,1860,1980,1089
375,13531,13653,251,1862,1980,1106
375,13531,13653,252,1864,1980,1120
375,13531,13653,253,1865,1980,1137
375,13531,13653,254,1868,1980,1147
375,13531,13653,255,1869,1980,1162
375,13531,13653,256,1871,1980,1179
375,13531,13653,257,1873,1980,1191
375,13531,13653,258,1874,1981,1209
375,13531,13653,259,1875,1981,1217
375,13531,13653,260,1878,1981,1233
375,13531,13653,261,1880,1980,1249
375,13531,13653,262,1881,1980,1261
375,13531,13653,263,1884,1981,1276
375,13531,13653,264,1886,1981,1290
375,13531,13653,265,1888,1981,1303
375,13531,13653,266,1888,1980,1321
375,13531,13653,267,1889,1980,1318
375,13531,13653,268,1887,1980,1306
375,13531,13653,269,1885,1980,1290
375,13531,13653,270,1883,1980,1276
375,13531,13653,271,1881,1981,1262
375,13531,13653,272,1880,1980,1245
375,13531,13653,273,1878,1980,1232
375,13531,13653,274,1877,1980,1218
375,13531,13653,275,1874,1980,1192
375,13531,13653,276,1873,1981,1194
375,13531,13653,277,1871,1980,1178
375,13531,13653,278,1869,1980,1161
375,13531,13653,279,1867,1980,1144
375,13531,13653,280,1865,1980,1133
375,13531,13653,281,1864,1980,1122
375,13531,13653,282,1862,1980,1106
375,13531,13653,283,1862,1979,1091
375,13531,13653,284,1858,1979,1076
375,13531,13653,285,1860,1981,1063
375,13531,13653,286,1854,1979,1045
375,13531,13653,287,1853,1980,1034
375,13531,13653,288,1851,1980,1020
375,13531,13653,289,1850,1980,1013
375,13531,13653,290,1849,1980,992
375,13531,13653,291,1846,1980,976
375,13531,13653,292,1844,1980,958
375,13531,13653,293,1843,1980,949
375,13531,13653,294,1841,1980,936
375,13531,13653,295,1839,1980,920
375,13531,13653,296,1837,1979,908
375,13531,13653,297,1836,1979,890
375,13531,13653,298,1835,1979,880
375,13531,13653,299,1833,1979,864
375,13531,13653,300,1831,1978,851
375,13531,13653,301,1829,1979,837
375,13531,13653,302,1828,1979,822
375,13531,13653,303,1826,1979,807
375,13531,13653,304,1823,1979,791
375,13531,13653,305,1822,1979,781
375,13531,13653,306,1821,1978,765
375,13531,13653,307,1819,1979,753
375,13531,13653,308,1817,1979,738
375,13531,13653,309,1816,1978,724
375,13531,13653,310,1814,1978,709
375,13531,13653,311,1812,1978,694
375,13531,13653,312,1812,1978,680
375,13531,13653,313,1809,1978,669
375,13531,13653,314,1807,1978,653
375,13531,13653,315,1806,1978,639
375,13531,13653,316,1805,1977,623
375,13531,13653,317,1802,1977,609
375,13531,13653,318,1801,1978,588
375,13531,13653,319,1799,1977,579
375,13531,13653,320,1797,1977,570
375,13531,13653,321,1797,1976,551
375,13531,13653,322,1794,1977,536
375,13531,13653,323,1790,1977,523
375,13531,13653,324,1791,1976,508
375,13531,13653,325,1790,1977,496
375,13531,13653,326,1788,1976,479
375,13531,13653,327,1786,1976,469
375,13531,13653,328,1785,1976,453
375,13531,13653,329,1784,1976,437
375,13531,13653,330,1781,1976,424
375,13531,13653,331,1780,1976,410
375,13531,13653,332,1778,1976,399
375,13531,13653,333,1777,1975,381
375,13531,13653,334,1775,1975,368
375,13531,13653,335,1774,1975,351
375,13531,13653,336,1773,1975,339
375,13531,13653,337,1770,1975,323
375,13531,13653,338,1768,1975,310
375,13531,13653,339,1767,1974,296
375,13531,13653,340,1766,1975,298
375,13531,13653,341,1764,1974,270
375,13531,13653,342,1763,1974,254
375,13531,13653,343,1761,1974,239
375,13531,13653,344,1760,1974,225
375,13531,13653,345,1758,1974,211
375,13531,13653,346,1756,1973,198
375,13531,13653,347,1760,1974,201
375,13531,13653,348,1761,1974,239
375,13531,13653,349,1769,1975,303
375,13531,13653,350,1774,1975,351
375,13531,13653,351,1786,1977,479
375,13531,13653,352,1795,1977,583
375,13531,13653,353,1807,1978,687
375,13531,13653,354,1822,1979,807
375,13531,13653,355,1836,1980,940
377,13702,13824,0,1999,2024,1238
377,13702,13824,1,1882,1982,1291
377,13702,13824,2,1895,1982,1385
377,13702,13824,3,1905,1982,1471
377,13702,13824,4,1918,1982,1579
377,13702,13824,5,1933,1982,1688
377,13702,13824,6,1948,1982,1812
377,13702,13824,7,1965,1984,1933
377,13702,13824,8,1977,1982,1993
377,13702,13824,9,1991,1983,2104
377,13702,13824,10,2004,1983,2206
377,13702,13824,11,2022,1984,2328
377,13702,13824,12,2036,1984,2419
377,13702,13824,13,2055,1985,2618
377,13702,13824,14,2074,1984,2740
377,13702,13824,15,2093,1985,2871
377,13702,13824,16,2112,1985,3018
377,13702,13824,17,2135,1985,3175
377,13702,13824,18,2152,1986,3319
377,13702,13824,19,2177,1987,3476
377,13702,13824,20,2184,1985,3489
377,13702,13824,21,2184,1985,3470
377,13702,13824,22,2183,1985,3471
377,13702,13824,23,2184,1986,3477
377,13702,13824,24,2183,1985,3460
377,13702,13824,25,2180,1985,3448
377,13702,13824,26,2179,1985,3435
377,13702,13824,27,2176,1985,3418
377,13702,13824,28,2174,1985,3407
377,13702,13824,29,2173,1984,3398
377,13702,13824,30,2172,1985,3378
377,13702,13824,31,2169,1985,3363
377,13702,13824,32,2167,1985,3350
377,13702,13824,33,2164,1985,3336
377,13702,13824,34,2163,1985,3321
377,13702,13824,35,2159,1985,3340
377,13702,13824,36,2158,1985,3290
377,13702,13824,37,2157,1985,3277
377,13702,13824,38,2155,1985,3262
377,13702,13824,39,2151,1985,3251
377,13702,13824,40,2150,1985,3238
377,13702,13824,41,2149,1984,3219
377,13702,13824,42,2146,1985,3205
377,13702,13824,43,2145,1985,3193
377,13702,13824,44,2142,1984,3180
377,13702,13824,45,2141,1985,3165
377,13702,13824,46,2139,1984,3149
377,13702,13824,47,2137,1984,3139
377,13702,13824,48,2135,1984,3121
377,13702,13824,49,2132,1985,3106
377,13702,13824,50,2131,1984,3093
377,13702,13824,51,2130,1984,3081
377,13702,13824,52,2127,1984,3067
377,13702,13824,53,2126,1984,3048
377,13702,13824,54,2123,1984,3036
377,13702,13824,55,2121,1985,3025
377,13702,13824,56,2120,1984,3010
377,13702,13824,57,2116,1984,2995
377,13702,13824,58,2115,1984,2978
377,13702,13824,59,2112,1984,2965
377,13702,13824,60,2112,1984,2952
377,13702,13824,61,2111,1984,2938
377,13702,13824,62,2107,1984,2925
377,13702,13824,63,2107,1985,2909
377,13702,13824,64,2104,1984,2894
377,13702,13824,65,2101,1984,2874
377,13702,13824,66,2100,1984,2865
377,13702,13824,67,2097,1984,2852
377,13702,13824,68,2096,1984,2835
377,13702,13824,69,2094,1984,2827
377,13702,13824,70,2092,1984,2810
377,13702,13824,71,2090,1984,2798
377,13702,13824,72,2088,1984,2779
377,13702,13824,73,2086,1984,2767
377,13702,13824,74,2084,1984,2752
377,13702,13824,75,2082,1984,2733
377,13702,13824,76,2081,1984,2726
377,13702,13824,77,2078,1984,2709
377,13702,13824,78,2076,1983,2697
377,13702,13824,79,2075,1984,2682
377,13702,13824,80,2071,1984,2672
377,13702,13824,81,2072,1984,2657
377,13702,13824,82,2068,1984,2638
377,13702,13824,83,2067,1984,2630
377,13702,13824,84,2064,1984,2610
377,13702,13824,85,2063,1983,2600
377,13702,13824,86,2062,1984,2581
377,13702,13824,87,2059,1984,2564
377,13702,13824,88,2056,1984,2553
377,13702,13824,89,2057,1984,2553
377,13702,13824,90,2059,1984,2571
377,13702,13824,91,2060,1983,2571
377,13702,13824,92,2062,1984,2597
377,13702,13824,93,2064,1984,2615
377,13702,13824,94,2066,1983,2624
377,13702,13824,95,2068,1984,2644
377,13702,13824,96,2071,1983,2656
377,13702,13824,97,2073,1984,2669
377,13702,13824,98,2074,1984,2674
377,13702,13824,99,2076,1984,2697
377,13702,13824,100,2079,1984,2711
377,13702,13824,101,2080,1984,2727
377,13702,13824,102,2082,1984,2735
377,13702,13824,103,2085,1984,2753
377,13702,13824,104,2085,1984,2765
377,13702,13824,105,2088,1984,2782
377,13702,13824,106,2089,1984,2795
377,13702,13824,107,2092,1984,2811
377,13702,13824,108,2094,1983,2823
377,13702,13824,109,2096,1984,2840
377,13702,13824,110,2098,1984,2851
377,13702,13824,111,2099,1984,2869
377,13702,13824,112,2102,1985,2884
377,13702,13824,113,2103,1984,2893
377,13702,13824,114,2105,1985,2917
377,13702,13824,115,2107,1985,2924
377,13702,13824,116,2110,1984,2938
377,13702,13824,117,2111,1985,2951
377,13702,13824,118,2114,1985,2966
377,13702,13824,119,2115,1984,2980
377,13702,13824,120,2118,1984,2995
377,13702,13824,121,2120,1985,3011
377,13702,13824,122,2120,1984,3024
377,13702,13824,123,2123,1985,3031
377,13702,13824,124,2125,1985,3050
377,13702,13824,125,2127,1984,3062
377,13702,13824,126,2130,1985,3076
377,13702,13824,127,2131,1984,3091
377,13702,13824,128,2133,1985,3107
377,13702,13824,129,2134,1985,3121
377,13702,13824,130,2137,1985,3136
377,13702,13824,131,2140,1985,3151
377,13702,13824,132,2141,1985,3168
377,13702,13824,133,2143,1985,3179
377,13702,13824,134,2145,1985,3193
377,13702,13824,135,2146,1985,3208
377,13702,13824,136,2149,1985,3222
377,13702,13824,137,2151,1985,3235
377,13702,13824,138,2153,1985,3247
377,13702,13824,139,2156,1985,3264
377,13702,13824,140,2156,1985,3279
377,13702,13824,141,2159,1985,3293
377,13702,13824,142,2159,1985,3305
377,13702,13824,143,2163,1986,3318
377,13702,13824,144,2165,1985,3336
377,13702,13824,145,2166,1985,3348
377,13702,13824,146,2169,1985,3363
377,13702,13824,147,2170,1985,3377
377,13702,13824,148,2174,1986,3392
377,13702,13824,149,2174,1985,3407
377,13702,13824,150,2177,1985,3424
377,13702,13824,151,2178,1985,3434
377,13702,13824,152,2181,1985,3452
377,13702,13824,153,2183,1986,3466
377,13702,13824,154,2184,1985,3477
377,13702,13824,155,2184,1985,3472
377,13702,13824,156,2183,1985,3472
377,13702,13824,157,2186,1985,3484
377,13702,13824,158,2187,1986,3499
377,13702,13824,159,2190,1986,3515
377,13702,13824,160,2190,1986,3516
377,13702,13824,161,2185,1986,3477
377,13702,13824,162,2173,1985,3387
377,13702,13824,163,2165,1985,3305
377,13702,13824,164,2152,1984,3198
377,13702,13824,165,2137,1984,3116
377,13702,13824,166,2122,1984,3011
377,13702,13824,167,2106,1984,2897
377,13702,13824,168,2090,1983,2779
377,13702,13824,169,2076,1983,2653
377,13702,13824,170,2058,1983,2529
377,13702,13824,171,2043,1982,2405
377,13702,13824,172,2022,1982,2262
377,13702,13824,173,2002,1981,2123
377,13702,13824,174,1986,1981,1985
377,13702,13824,175,1967,1980,1834
377,13702,13824,176,1950,1981,1712
377,13702,13824,177,1928,1981,1568
377,13702,13824,178,1920,1982,1551
377,13702,13824,179,1909,1981,1440
377,13702,13824,180,1896,1981,1353
377,13702,13824,181,1884,1980,1233
377,13702,13824,182,1868,1979,1108
377,13702,13824,183,1852,1980,992
377,13702,13824,184,1833,1978,840
377,13702,13824,185,1822,1978,718
377,13702,13824,186,1802,1977,573
377,13702,13824,187,1791,1975,414
377,13702,13824,188,1768,1974,240
377,13702,13824,189,1758,1974,221
377,13702,13824,190,1761,1975,237
377,13702,13824,191,1763,1974,255
377,13702,13824,192,1764,1974,269
377,13702,13824,193,1766,1975,282
377,13702,13824,194,1768,1975,296
377,13702,13824,195,1769,1974,292
377,13702,13824,196,1771,1976,326
377,13702,13824,197,1772,1975,331
377,13702,13824,198,1774,1975,353
377,13702,13824,199,1777,1976,368
377,13702,13824,200,1777,1976,380
377,13702,13824,201,1779,1976,397
377,13702,13824,202,1780,1975,411
377,13702,13824,203,1782,1976,425
377,13702,13824,204,1784,1976,439
377,13702,13824,205,1785,1976,451
377,13702,13824,206,1787,1977,467
377,13702,13824,207,1788,1977,483
377,13702,13824,208,1790,1977,494
377,13702,13824,209,1791,1977,511
377,13702,13824,210,1793,1977,520
377,13702,13824,211,1793,1977,537
377,13702,13824,212,1796,1977,553
377,13702,13824,213,1798,1977,564
377,13702,13824,214,1800,1977,583
377,13702,13824,215,1801,1978,594
377,13702,13824,216,1802,1978,616
377,13702,13824,217,1805,1978,623
377,13702,13824,218,1806,1978,636
377,13702,13824,219,1808,1979,654
377,13702,13824,220,1809,1978,666
377,13702,13824,221,1811,1978,683
377,13702,13824,222,1813,1978,694
377,13702,13824,223,1814,1978,709
377,13702,13824,224,1817,1979,719
377,13702,13824,225,1818,1978,737
377,13702,13824,226,1820,1979,749
377,13702,13824,227,1822,1979,765
377,13702,13824,228,1823,1979,785
377,13702,13824,229,1825,1979,793
377,13702,13824,230,1826,1979,804
377,13702,13824,231,1828,1979,821
377,13702,13824,232,1829,1979,833
377,13702,13824,233,1830,1980,851
377,13702,13824,234,1833,1979,864
377,13702,13824,235,1834,1980,881
377,13702,13824,236,1836,1979,894
377,13702,13824,237,1838,1980,910
377,13702,13824,238,1839,1979,924
377,13702,13824,239,1842,1979,936
377,13702,13824,240,1843,1980,951
377,13702,13824,241,1845,1980,962
377,13702,13824,242,1846,1980,979
377,13702,13824,243,1848,1979,989
377,13702,13824,244,1851,1980,1003
377,13702,13824,245,1851,1980,1022
377,13702,13824,246,1853,1980,1035
377,13702,13824,247,1855,1980,1051
377,13702,13824,248,1857,1980,1064
377,13702,13824,249,1859,1980,1074
377,13702,13824,250,1861,1981,1092
377,13702,13824,251,1863,1980,1110
377,13702,13824,252,1863,1980,1120
377,13702,13824,253,1865,1980,1133
377,13702,13824,254,1868,1980,1141
377,13702,13824,255,1868,1981,1162
377,13702,13824,256,1870,1980,1177
377,13702,13824,257,1874,1981,1191
377,13702,13824,258,1875,1981,1205
377,13702,13824,259,1877,1981,1222
377,13702,13824,260,1878,1980,1234
377,13702,13824,261,1880,1981,1243
377,13702,13824,262,1882,1981,1266
377,13702,13824,263,1883,1981,1277
377,13702,13824,264,1886,1981,1290
377,13702,13824,265,1887,1981,1304
377,13702,13824,266,1889,1981,1319
377,13702,13824,267,1890,1981,1315
377,13702,13824,268,1887,1980,1307
377,13702,13824,269,1886,1980,1289
377,13702,13824,270,1884,1980,1282
377,13702,13824,271,1882,1981,1262
377,13702,13824,272,1880,1980,1249
377,13702,13824,273,1878,1980,1227
377,13702,13824,274,1876,1980,1221
377,13702,13824,275,1874,1981,1206
377,13702,13824,276,1873,1980,1191
377,13702,13824,277,1872,1980,1177
377,13702,13824,278,1870,1980,1159
377,13702,13824,279,1867,1980,1146
377,13702,13824,280,1866,1980,1131
377,13702,13824,281,1864,1980,1118
377,13702,13824,282,1863,1981,1107
377,13702,13824,283,1860,1980,1092
377,13702,13824,284,1858,1979,1077
377,13702,13824,285,1857,1980,1058
377,13702,13824,286,1856,1980,1052
377,13702,13824,287,1854,1980,1034
377,13702,13824,288,1851,1980,1020
377,13702,13824,289,1850,1980,1007
377,13702,13824,290,1847,1980,991
377,13702,13824,291,1846,1980,976
377,13702,13824,292,1845,1980,962
377,13702,13824,293,1844,1979,948
377,13702,13824,294,1841,1979,934
377,13702,13824,295,1840,1980,921
377,13702,13824,296,1838,1979,909
377,13702,13824,297,1836,1979,893
377,13702,13824,298,1834,1980,881
377,13702,13824,299,1832,1979,863
377,13702,13824,300,1831,1979,849
377,13702,13824,301,1828,1979,838
377,13702,13824,302,1828,1979,822
377,13702,13824,303,1826,1979,804
377,13702,13824,304,1824,1978,801
377,13702,13824,305,1823,1979,779
377,13702,13824,306,1824,1978,761
377,13702,13824,307,1820,1978,748
377,13702,13824,308,1817,1978,738
377,13702,13824,309,1816,1978,721
377,13702,13824,310,1814,1979,710
377,13702,13824,311,1812,1978,694
377,13702,13824,312,1811,1978,679
377,13702,13824,313,1809,1978,666
377,13702,13824,314,1808,1977,653
377,13702,13824,315,1807,1977,635
377,13702,13824,316,1804,1978,623
377,13702,13824,317,1802,1977,609
377,13702,13824,318,1802,1978,595
377,13702,13824,319,1799,1977,580
377,13702,13824,320,1798,1977,566
377,13702,13824,321,1796,1977,552
377,13702,13824,322,1794,1977,535
377,13702,13824,323,1792,1977,520
377,13702,13824,324,1791,1977,509
377,13702,13824,325,1790,1977,496
377,13702,13824,326,1788,1977,480
377,13702,13824,327,1785,1977,467
377,13702,13824,328,1785,1976,447
377,13702,13824,329,1784,1976,441
377,13702,13824,330,1781,1976,423
377,13702,13824,331,1780,1976,409
377,13702,13824,332,1778,1976,395
377,13702,13824,333,1776,1975,382
377,13702,13824,334,1776,1975,367
377,13702,13824,335,1775,1975,352
377,13702,13824,336,1771,1975,338
377,13702,13824,337,1769,1975,325
377,13702,13824,338,1769,1975,310
377,13702,13824,339,1767,1975,292
377,13702,13824,340,1766,1975,283
377,13702,13824,341,1764,1974,272
377,13702,13824,342,1763,1974,256
377,13702,13824,343,1762,1974,242
377,13702,13824,344,1759,1974,225
377,13702,13824,345,1758,1974,212
377,13702,13824,346,1756,1973,197
377,13702,13824,347,1755,1974,182
377,13702,13824,348,1754,1973,166
377,13702,13824,349,1757,1974,192
377,13702,13824,350,1763,1974,280
377,13702,13824,351,1771,1976,341
377,13702,13824,352,1780,1976,441
377,13702,13824,353,1791,1977,553
377,13702,13824,354,1799,1979,644
377,13702,13824,355,1822,1979,803
379,13877,13999,0,1995,2027,1204
379,13877,13999,1,1878,1983,1273
379,13877,13999,2,1894,1982,1339
379,13877,13999,3,1902,1982,1460
379,13877,13999,4,1917,1982,1563
379,13877,13999,5,1931,1982,1673
379,13877,13999,6,1948,1983,1807
379,13877,13999,7,1964,1983,1937
379,13877,13999,8,1989,1984,2111
379,13877,13999,9,2010,1984,2276
379,13877,13999,10,2030,1984,2416
379,13877,13999,11,2050,1984,2557
379,13877,13999,12,2072,1985,2700
379,13877,13999,13,2089,1985,2839
379,13877,13999,14,2111,1985,2983
379,13877,13999,15,2127,1985,3104
379,13877,13999,16,2145,1985,3221
379,13877,13999,17,2163,1985,3345
379,13877,13999,18,2178,1986,3475
379,13877,13999,19,2188,1985,3498
379,13877,13999,20,2187,1984,3481
379,13877,13999,21,2183,1986,3471
379,13877,13999,22,2183,1985,3472
379,13877,13999,23,2184,1985,3477
379,13877,13999,24,2184,1985,3464
379,13877,13999,25,2181,1985,3448
379,13877,13999,26,2178,1985,3434
379,13877,13999,27,2177,1985,3415
379,13877,13999,28,2175,1985,3407
379,13877,13999,29,2172,1985,3390
379,13877,13999,30,2171,1986,3375
379,13877,13999,31,2169,1985,3363
379,13877,13999,32,2166,1985,3349
379,13877,13999,33,2165,1985,3336
379,13877,13999,34,2163,1985,3324
379,13877,13999,35,2161,1985,3308
379,13877,13999,36,2159,1985,3304
379,13877,13999,37,2156,1985,3279
379,13877,13999,38,2154,1985,3265
379,13877,13999,39,2153,1985,3251
379,13877,13999,40,2151,1985,3237
379,13877,13999,41,2150,1985,3222
379,13877,13999,42,2147,1985,3206
379,13877,13999,43,2144,1985,3191
379,13877,13999,44,2144,1985,3181
379,13877,13999,45,2140,1985,3165
379,13877,13999,46,2139,1985,3147
379,13877,13999,47,2137,1985,3136
379,13877,13999,48,2135,1985,3124
379,13877,13999,49,2132,1985,3107
379,13877,13999,50,2130,1985,3093
379,13877,13999,51,2129,1984,3079
379,13877,13999,52,2127,1984,3066
379,13877,13999,53,2126,1985,3053
379,13877,13999,54,2123,1984,3039
379,13877,13999,55,2121,1984,3024
379,13877,13999,56,2119,1985,3009
379,13877,13999,57,2117,1985,3015
379,13877,13999,58,2116,1984,2979
379,13877,13999,59,2114,1985,2966
379,13877,13999,60,2112,1985,2952
379,13877,13999,61,2109,1984,2939
379,13877,13999,62,2107,1984,2921
379,13877,13999,63,2105,1984,2908
379,13877,13999,64,2103,1984,2896
379,13877,13999,65,2101,1984,2891
379,13877,13999,66,2099,1984,2866
379,13877,13999,67,2097,1984,2850
379,13877,13999,68,2096,1984,2839
379,13877,13999,69,2093,1984,2823
379,13877,13999,70,2091,1984,2813
379,13877,13999,71,2089,1984,2796
379,13877,13999,72,2089,1984,2783
379,13877,13999,73,2088,1984,2766
379,13877,13999,74,2084,1984,2753
379,13877,13999,75,2082,1984,2741
379,13877,13999,76,2080,1984,2725
379,13877,13999,77,2077,1984,2710
379,13877,13999,78,2076,1983,2731
379,13877,13999,79,2074,1983,2683
379,13877,13999,80,2073,1983,2668
379,13877,13999,81,2070,1983,2655
379,13877,13999,82,2068,1984,2644
379,13877,13999,83,2065,1983,2623
379,13877,13999,84,2065,1984,2611
379,13877,13999,85,2062,1983,2597
379,13877,13999,86,2059,1983,2584
379,13877,13999,87,2059,1984,2567
379,13877,13999,88,2057,1983,2554
379,13877,13999,89,2056,1983,2556
379,13877,13999,90,2059,1984,2570
379,13877,13999,91,2061,1983,2585
379,13877,13999,92,2062,1984,2596
379,13877,13999,93,2065,1984,2609
379,13877,13999,94,2066,1983,2623
379,13877,13999,95,2069,1984,2636
379,13877,13999,96,2070,1984,2656
379,13877,13999,97,2072,1984,2669
379,13877,13999,98,2073,1983,2681
379,13877,13999,99,2076,1984,2696
379,13877,13999,100,2079,1984,2712
379,13877,13999,101,2080,1984,2730
379,13877,13999,102,2082,1984,2739
379,13877,13999,103,2084,1984,2758
379,13877,13999,104,2091,1984,2770
379,13877,13999,105,2089,1984,2783
379,13877,13999,106,2091,1984,2796
379,13877,13999,107,2092,1984,2810
379,13877,13999,108,2094,1984,2827
379,13877,13999,109,2096,1984,2838
379,13877,13999,110,2097,1984,2853
379,13877,13999,111,2100,1984,2868
379,13877,13999,112,2101,1984,2879
379,13877,13999,113,2103,1985,2895
379,13877,13999,114,2105,1984,2908
379,13877,13999,115,2107,1984,2923
379,13877,13999,116,2110,1984,2936
379,13877,13999,117,2111,1984,2950
379,13877,13999,118,2114,1985,2969
379,13877,13999,119,2115,1985,2979
379,13877,13999,120,2117,1985,2995
379,13877,13999,121,2119,1985,3009
379,13877,13999,122,2121,1985,3023
379,13877,13999,123,2124,1984,3036
379,13877,13999,124,2126,1985,3050
379,13877,13999,125,2126,1985,3065
379,13877,13999,126,2128,1985,3079
379,13877,13999,127,2132,1984,3111
379,13877,13999,128,2134,1985,3107
379,13877,13999,129,2134,1984,3123
379,13877,13999,130,2136,1984,3137
379,13877,13999,131,2139,1985,3154
379,13877,13999,132,2141,1985,3162
379,13877,13999,133,2143,1985,3178
379,13877,13999,134,2144,1985,3189
379,13877,13999,135,2147,1985,3209
379,13877,13999,136,2148,1985,3221
379,13877,13999,137,2151,1985,3233
379,13877,13999,138,2153,1985,3249
379,13877,13999,139,2154,1985,3265
379,13877,13999,140,2157,1985,3278
379,13877,13999,141,2160,1985,3290
379,13877,13999,142,2161,1985,3306
379,13877,13999,143,2163,1985,3323
379,13877,13999,144,2165,1985,3336
379,13877,13999,145,2166,1985,3350
379,13877,13999,146,2169,1986,3363
379,13877,13999,147,2170,1986,3379
379,13877,13999,148,2172,1985,3389
379,13877,13999,149,2175,1985,3404
379,13877,13999,150,2176,1986,3422
379,13877,13999,151,2178,1985,3433
379,13877,13999,152,2181,1985,3450
379,13877,13999,153,2182,1985,3463
379,13877,13999,154,2185,1986,3475
379,13877,13999,155,2183,1985,3472
379,13877,13999,156,2184,1986,3472
379,13877,13999,157,2185,1985,3478
379,13877,13999,158,2188,1986,3494
379,13877,13999,159,2189,1986,3512
379,13877,13999,160,2191,1986,3520
379,13877,13999,161,2191,1986,3522
379,13877,13999,162,2190,1985,3510
379,13877,13999,163,2183,1985,3445
379,13877,13999,164,2169,1984,3325
379,13877,13999,165,2149,1985,3219
379,13877,13999,166,2137,1983,3080
379,13877,13999,167,2117,1983,2936
379,13877,13999,168,2099,1984,2820
379,13877,13999,169,2081,1982,2682
379,13877,13999,170,2064,1982,2550
379,13877,13999,171,2045,1983,2429
379,13877,13999,172,2024,1982,2277
379,13877,13999,173,2007,1982,2138
379,13877,13999,174,1989,1982,2004
379,13877,13999,175,1972,1981,1868
379,13877,13999,176,1948,1981,1740
379,13877,13999,177,1934,1980,1593
379,13877,13999,178,1915,1980,1467
379,13877,13999,179,1895,1979,1298
379,13877,13999,180,1874,1979,1160
379,13877,13999,181,1855,1979,1004
379,13877,13999,182,1841,1979,868
379,13877,13999,183,1823,1977,722
379,13877,13999,184,1806,1977,599
379,13877,13999,185,1795,1976,471
379,13877,13999,186,1778,1975,343
379,13877,13999,187,1764,1974,207
379,13877,13999,188,1758,1973,205
379,13877,13999,189,1760,1975,225
379,13877,13999,190,1761,1974,240
379,13877,13999,191,1763,1974,245
379,13877,13999,192,1765,1974,269
379,13877,13999,193,1766,1975,288
379,13877,13999,194,1768,1974,301
379,13877,13999,195,1768,1975,310
379,13877,13999,196,1771,1974,326
379,13877,13999,197,1772,1976,343
379,13877,13999,198,1774,1975,356
379,13877,13999,199,1776,1975,369
379,13877,13999,200,1777,1976,381
379,13877,13999,201,1778,1976,395
379,13877,13999,202,1780,1976,411
379,13877,13999,203,1781,1976,423
379,13877,13999,204,1784,1976,437
379,13877,13999,205,1786,1977,451
379,13877,13999,206,1787,1976,465
379,13877,13999,207,1789,1977,487
379,13877,13999,208,1789,1977,493
379,13877,13999,209,1792,1977,512
379,13877,13999,210,1794,1977,530
379,13877,13999,211,1794,1977,537
379,13877,13999,212,1797,1977,551
379,13877,13999,213,1798,1977,570
379,13877,13999,214,1800,1977,583
379,13877,13999,215,1800,1978,598
379,13877,13999,216,1803,1978,608
379,13877,13999,217,1804,1977,622
379,13877,13999,218,1804,1978,634
379,13877,13999,219,1808,1978,650
379,13877,13999,220,1809,1978,665
379,13877,13999,221,1811,1978,682
379,13877,13999,222,1812,1978,694
379,13877,13999,223,1815,1979,707
379,13877,13999,224,1817,1979,721
379,13877,13999,225,1818,1979,737
379,13877,13999,226,1819,1979,750
379,13877,13999,227,1821,1978,764
379,13877,13999,228,1824,1979,783
379,13877,13999,229,1824,1979,790
379,13877,13999,230,1826,1979,805
379,13877,13999,231,1828,1979,824
379,13877,13999,232,1829,1979,839
379,13877,13999,233,1831,1979,850
379,13877,13999,234,1832,1979,865
379,13877,13999,235,1835,1979,880
379,13877,13999,236,1836,1979,893
379,13877,13999,237,1837,1979,907
379,13877,13999,238,1840,1979,930
379,13877,13999,239,1841,1980,938
379,13877,13999,240,1843,1979,950
379,13877,13999,241,1845,1980,963
379,13877,13999,242,1845,1980,979
379,13877,13999,243,1849,1980,995
379,13877,13999,244,1849,1980,1006
379,13877,13999,245,1852,1980,1020
379,13877,13999,246,1853,1980,1034
379,13877,13999,247,1855,1980,1050
379,13877,13999,248,1857,1980,1066
379,13877,13999,249,1859,1980,1080
379,13877,13999,250,1860,1980,1090
379,13877,13999,251,1862,1981,1106
379,13877,13999,252,1865,1981,1119
379,13877,13999,253,1865,1980,1135
379,13877,13999,254,1867,1981,1148
379,13877,13999,255,1870,1980,1160
379,13877,13999,256,1871,1980,1179
379,13877,13999,257,1873,1981,1192
379,13877,13999,258,1874,1981,1204
379,13877,13999,259,1877,1981,1220
379,13877,13999,260,1878,1980,1232
379,13877,13999,261,1881,1981,1251
379,13877,13999,262,1882,1981,1262
379,13877,13999,263,1884,1980,1280
379,13877,13999,264,1885,1982,1290
379,13877,13999,265,1888,1981,1301
379,13877,13999,266,1890,1981,1318
379,13877,13999,267,1890,1981,1319
379,13877,13999,268,1887,1980,1304
379,13877,13999,269,1886,1981,1289
379,13877,13999,270,1884,1981,1278
379,13877,13999,271,1881,1981,1262
379,13877,13999,272,1881,1980,1247
379,13877,13999,273,1878,1980,1234
379,13877,13999,274,1876,1980,1219
379,13877,13999,275,1875,1980,1203
379,13877,13999,276,1872,1980,1191
379,13877,13999,277,1872,1981,1175
379,13877,13999,278,1870,1980,1162
379,13877,13999,279,1867,1980,1148
379,13877,13999,280,1867,1980,1132
379,13877,13999,281,1865,1980,1120
379,13877,13999,282,1863,1980,1101
379,13877,13999,283,1860,1980,1091
379,13877,13999,284,1859,1980,1076
379,13877,13999,285,1856,1980,1062
379,13877,13999,286,1856,1980,1049
379,13877,13999,287,1853,1980,1041
379,13877,13999,288,1853,1980,1018
379,13877,13999,289,1848,1980,1007
379,13877,13999,290,1849,1980,990
379,13877,13999,291,1846,1980,976
379,13877,13999,292,1845,1980,965
379,13877,13999,293,1843,1980,950
379,13877,13999,294,1841,1979,934
379,13877,13999,295,1840,1980,922
379,13877,13999,296,1837,1979,909
379,13877,13999,297,1836,1980,893
379,13877,13999,298,1836,1979,878
379,13877,13999,299,1833,1979,869
379,13877,13999,300,1831,1979,850
379,13877,13999,301,1829,1979,837
379,13877,13999,302,1827,1979,820
379,13877,13999,303,1826,1979,807
379,13877,13999,304,1825,1978,796
379,13877,13999,305,1823,1979,780
379,13877,13999,306,1821,1979,761
379,13877,13999,307,1821,1979,751
379,13877,13999,308,1818,1978,738
379,13877,13999,309,1816,1978,726
379,13877,13999,310,1814,1978,708
379,13877,13999,311,1813,1978,684
379,13877,13999,312,1811,1978,683
379,13877,13999,313,1808,1978,664
379,13877,13999,314,1808,1978,654
379,13877,13999,315,1805,1978,636
379,13877,13999,316,1804,1977,623
379,13877,13999,317,1803,1978,608
379,13877,13999,318,1801,1977,578
379,13877,13999,319,1800,1977,580
379,13877,13999,320,1797,1977,567
379,13877,13999,321,1796,1977,551
379,13877,13999,322,1795,1977,536
379,13877,13999,323,1793,1977,522
379,13877,13999,324,1791,1977,511
379,13877,13999,325,1789,1977,498
379,13877,13999,326,1788,1977,482
379,13877,13999,327,1786,1976,467
379,13877,13999,328,1785,1976,454
379,13877,13999,329,1782,1976,438
379,13877,13999,330,1782,1975,427
379,13877,13999,331,1780,1976,410
379,13877,13999,332,1780,1976,399
379,13877,13999,333,1777,1976,380
379,13877,13999,334,1775,1975,369
379,13877,13999,335,1775,1976,354
379,13877,13999,336,1771,1975,338
379,13877,13999,337,1771,1975,328
379,13877,13999,338,1769,1974,312
379,13877,13999,339,1768,1974,296
379,13877,13999,340,1767,1974,283
379,13877,13999,341,1764,1974,267
379,13877,13999,342,1763,1974,255
379,13877,13999,343,1761,1974,242
379,13877,13999,344,1760,1973,226
379,13877,13999,345,1758,1973,210
379,13877,13999,346,1756,1973,197
379,13877,13999,347,1755,1973,187
379,13877,13999,348,1759,1974,233
379,13877,13999,349,1768,1976,332
379,13877,13999,350,1781,1977,460
379,13877,13999,351,1794,1978,566
379,13877,13999,352,1809,1979,685
379,13877,13999,353,1819,1980,796
379,13877,13999,354,1836,1980,902
379,13877,13999,355,1845,1980,1034
381,14049,14171,0,1997,2024,1347
381,14049,14171,1,1896,1982,1406
381,14049,14171,2,1909,1982,1464
381,14049,14171,3,1917,1982,1549
381,14049,14171,4,1926,1982,1632
381,14049,14171,5,1940,1982,1739
381,14049,14171,6,1952,1982,1843
381,14049,14171,7,1967,1983,1942
381,14049,14171,8,1983,1983,2058
381,14049,14171,9,2001,1983,2187
381,14049,14171,10,2018,1984,2315
381,14049,14171,11,2038,1984,2445
381,14049,14171,12,2058,1985,2587
381,14049,14171,13,2072,1984,2658
381,14049,14171,14,2090,1985,2846
381,14049,14171,15,2110,1985,2992
381,14049,14171,16,2132,1985,3145
381,14049,14171,17,2152,1985,3260
381,14049,14171,18,2159,1985,3357
381,14049,14171,19,2179,1985,3468
381,14049,14171,20,2185,1985,3489
381,14049,14171,21,2183,1985,3471
381,14049,14171,22,2183,1985,3472
381,14049,14171,23,2182,1985,3477
381,14049,14171,24,2182,1985,3462
381,14049,14171,25,2180,1985,3447
381,14049,14171,26,2179,1985,3434
381,14049,14171,27,2175,1985,3420
381,14049,14171,28,2174,1985,3404
381,14049,14171,29,2175,1984,3391
381,14049,14171,30,2171,1985,3375
381,14049,14171,31,2168,1985,3362
381,14049,14171,32,2166,1984,3348
381,14049,14171,33,2165,1985,3334
381,14049,14171,34,2163,1985,3323
381,14049,14171,35,2160,1985,3305
381,14049,14171,36,2158,1985,3290
381,14049,14171,37,2156,1984,3279
381,14049,14171,38,2155,1985,3265
381,14049,14171,39,2153,1985,3250
381,14049,14171,40,2150,1984,3237
381,14049,14171,41,2149,1984,3218
381,14049,14171,42,2147,1985,3210
381,14049,14171,43,2145,1985,3194
381,14049,14171,44,2144,1985,3183
381,14049,14171,45,2141,1984,3163
381,14049,14171,46,2139,1985,3151
381,14049,14171,47,2137,1985,3133
381,14049,14171,48,2134,1985,3121
381,14049,14171,49,2133,1985,3107
381,14049,14171,50,2131,1984,3095
381,14049,14171,51,2129,1984,3082
381,14049,14171,52,2127,1984,3064
381,14049,14171,53,2125,1984,3054
381,14049,14171,54,2123,1984,3038
381,14049,14171,55,2121,1985,3024
381,14049,14171,56,2119,1984,3005
381,14049,14171,57,2117,1984,2991
381,14049,14171,58,2117,1985,2981
381,14049,14171,59,2113,1984,2965
381,14049,14171,60,2111,1985,2956
381,14049,14171,61,2109,1984,2939
381,14049,14171,62,2107,1984,2925
381,14049,14171,63,2105,1984,2908
381,14049,14171,64,2103,1984,2897
381,14049,14171,65,2103,1984,2881
381,14049,14171,66,2098,1984,2866
381,14049,14171,67,2098,1983,2852
381,14049,14171,68,2096,1984,2839
381,14049,14171,69,2094,1984,2823
381,14049,14171,70,2093,1984,2808
381,14049,14171,71,2090,1984,2796
381,14049,14171,72,2087,1984,2784
381,14049,14171,73,2082,1984,2766
381,14049,14171,74,2084,1983,2756
381,14049,14171,75,2083,1984,2739
381,14049,14171,76,2080,1983,2715
381,14049,14171,77,2078,1984,2712
381,14049,14171,78,2077,1984,2698
381,14049,14171,79,2075,1984,2682
381,14049,14171,80,2072,1984,2671
381,14049,14171,81,2070,1984,2653
381,14049,14171,82,2068,1983,2640
381,14049,14171,83,2066,1984,2626
381,14049,14171,84,2064,1983,2613
381,14049,14171,85,2063,1983,2601
381,14049,14171,86,2061,1983,2583
381,14049,14171,87,2058,1984,2568
381,14049,14171,88,2057,1983,2552
381,14049,14171,89,2056,1983,2550
381,14049,14171,90,2058,1984,2568
381,14049,14171,91,2062,1984,2582
381,14049,14171,92,2062,1984,2593
381,14049,14171,93,2065,1984,2612
381,14049,14171,94,2068,1983,2624
381,14049,14171,95,2068,1984,2640
381,14049,14171,96,2071,1984,2653
381,14049,14171,97,2072,1984,2669
381,14049,14171,98,2075,1984,2679
381,14049,14171,99,2076,1983,2694
381,14049,14171,100,2078,1984,2708
381,14049,14171,101,2080,1984,2725
381,14049,14171,102,2081,1983,2738
381,14049,14171,103,2084,1984,2750
381,14049,14171,104,2086,1984,2765
381,14049,14171,105,2088,1984,2778
381,14049,14171,106,2089,1984,2797
381,14049,14171,107,2092,1984,2810
381,14049,14171,108,2094,1984,2822
381,14049,14171,109,2096,1985,2838
381,14049,14171,110,2098,1984,2851
381,14049,14171,111,2099,1985,2867
381,14049,14171,112,2102,1984,2881
381,14049,14171,113,2104,1984,2898
381,14049,14171,114,2106,1985,2911
381,14049,14171,115,2106,1984,2927
381,14049,14171,116,2110,1984,2936
381,14049,14171,117,2111,1984,2957
381,14049,14171,118,2113,1984,2966
381,14049,14171,119,2114,1984,2974
381,14049,14171,120,2117,1984,2995
381,14049,14171,121,2118,1985,3009
381,14049,14171,122,2120,1984,3021
381,14049,14171,123,2123,1985,3038
381,14049,14171,124,2125,1984,3051
381,14049,14171,125,2127,1984,3072
381,14049,14171,126,2129,1984,3078
381,14049,14171,127,2131,1985,3091
381,14049,14171,128,2135,1984,3108
381,14049,14171,129,2135,1985,3122
381,14049,14171,130,2137,1985,3136
381,14049,14171,131,2139,1985,3150
381,14049,14171,132,2140,1985,3166
381,14049,14171,133,2143,1985,3178
381,14049,14171,134,2143,1985,3193
381,14049,14171,135,2147,1985,3206
381,14049,14171,136,2148,1985,3223
381,14049,14171,137,2150,1984,3231
381,14049,14171,138,2154,1985,3248
381,14049,14171,139,2153,1985,3264
381,14049,14171,140,2156,1985,3278
381,14049,14171,141,2158,1985,3292
381,14049,14171,142,2160,1985,3306
381,14049,14171,143,2163,1985,3324
381,14049,14171,144,2164,1985,3337
381,14049,14171,145,2166,1985,3348
381,14049,14171,146,2168,1985,3368
381,14049,14171,147,2170,1985,3375
381,14049,14171,148,2172,1985,3392
381,14049,14171,149,2173,1985,3423
381,14049,14171,150,2176,1985,3421
381,14049,14171,151,2178,1985,3437
381,14049,14171,152,2180,1985,3449
381,14049,14171,153,2182,1985,3461
381,14049,14171,154,2184,1985,3476
381,14049,14171,155,2183,1985,3472
381,14049,14171,156,2185,1986,3470
381,14049,14171,157,2185,1985,3484
381,14049,14171,158,2187,1986,3498
381,14049,14171,159,2189,1986,3507
381,14049,14171,160,2190,1985,3516
381,14049,14171,161,2191,1985,3517
381,14049,14171,162,2191,1985,3479
381,14049,14171,163,2176,1985,3355
381,14049,14171,164,2154,1983,3189
381,14049,14171,165,2136,1983,3078
381,14049,14171,166,2118,1983,2949
381,14049,14171,167,2097,1983,2811
381,14049,14171,168,2081,1982,2675
381,14049,14171,169,2062,1982,2551
381,14049,14171,170,2042,1982,2411
381,14049,14171,171,2025,1982,2294
381,14049,14171,172,2008,1981,2180
381,14049,14171,173,1995,1981,2056
381,14049,14171,174,1976,1981,1938
381,14049,14171,175,1961,1981,1810
381,14049,14171,176,1939,1980,1680
381,14049,14171,177,1926,1980,1564
381,14049,14171,178,1914,1981,1485
381,14049,14171,179,1902,1980,1374
381,14049,14171,180,1886,1979,1244
381,14049,14171,181,1870,1979,1114
381,14049,14171,182,1853,1979,987
381,14049,14171,183,1836,1979,853
381,14049,14171,184,1823,1978,719
381,14049,14171,185,1805,1977,580
381,14049,14171,186,1793,1975,437
381,14049,14171,187,1772,1975,318
381,14049,14171,188,1765,1974,224
381,14049,14171,189,1760,1975,224
381,14049,14171,190,1762,1974,239
381,14049,14171,191,1763,1974,253
381,14049,14171,192,1764,1974,267
381,14049,14171,193,1766,1974,285
381,14049,14171,194,1768,1974,296
381,14049,14171,195,1769,1975,314
381,14049,14171,196,1771,1975,324
381,14049,14171,197,1772,1975,341
381,14049,14171,198,1774,1975,353
381,14049,14171,199,1776,1975,370
381,14049,14171,200,1776,1976,380
381,14049,14171,201,1779,1976,396
381,14049,14171,202,1780,1976,410
381,14049,14171,203,1782,1976,426
381,14049,14171,204,1784,1976,446
381,14049,14171,205,1784,1976,453
381,14049,14171,206,1786,1976,468
381,14049,14171,207,1789,1977,483
381,14049,14171,208,1790,1977,497
381,14049,14171,209,1791,1977,510
381,14049,14171,210,1793,1977,523
381,14049,14171,211,1794,1978,536
381,14049,14171,212,1796,1977,550
381,14049,14171,213,1798,1977,567
381,14049,14171,214,1799,1977,581
381,14049,14171,215,1801,1977,593
381,14049,14171,216,1802,1977,608
381,14049,14171,217,1804,1978,622
381,14049,14171,218,1806,1978,639
381,14049,14171,219,1808,1978,651
381,14049,14171,220,1809,1978,664
381,14049,14171,221,1810,1977,677
381,14049,14171,222,1813,1978,695
381,14049,14171,223,1815,1978,708
381,14049,14171,224,1816,1979,727
381,14049,14171,225,1818,1979,737
381,14049,14171,226,1819,1978,752
381,14049,14171,227,1821,1979,763
381,14049,14171,228,1823,1978,777
381,14049,14171,229,1824,1978,794
381,14049,14171,230,1825,1979,804
381,14049,14171,231,1828,1979,817
381,14049,14171,232,1829,1980,836
381,14049,14171,233,1830,1980,851
381,14049,14171,234,1833,1979,863
381,14049,14171,235,1834,1979,879
381,14049,14171,236,1836,1980,894
381,14049,14171,237,1837,1979,908
381,14049,14171,238,1839,1979,914
381,14049,14171,239,1841,1979,935
381,14049,14171,240,1843,1979,955
381,14049,14171,241,1845,1980,964
381,14049,14171,242,1847,1979,983
381,14049,14171,243,1848,1980,992
381,14049,14171,244,1850,1980,1005
381,14049,14171,245,1852,1980,1021
381,14049,14171,246,1853,1980,1034
381,14049,14171,247,1854,1980,1049
381,14049,14171,248,1856,1980,1058
381,14049,14171,249,1859,1980,1058
381,14049,14171,250,1860,1980,1089
381,14049,14171,251,1862,1980,1105
381,14049,14171,252,1865,1980,1121
381,14049,14171,253,1867,1980,1134
381,14049,14171,254,1867,1981,1147
381,14049,14171,255,1869,1981,1164
381,14049,14171,256,1871,1980,1176
381,14049,14171,257,1873,1980,1190
381,14049,14171,258,1875,1980,1202
381,14049,14171,259,1877,1981,1217
381,14049,14171,260,1878,1981,1234
381,14049,14171,261,1881,1980,1248
381,14049,14171,262,1882,1981,1260
381,14049,14171,263,1883,1981,1279
381,14049,14171,264,1885,1981,1289
381,14049,14171,265,1886,1980,1305
381,14049,14171,266,1889,1981,1318
381,14049,14171,267,1889,1980,1316
381,14049,14171,268,1887,1981,1304
381,14049,14171,269,1886,1981,1290
381,14049,14171,270,1883,1981,1271
381,14049,14171,271,1881,1981,1263
381,14049,14171,272,1881,1980,1247
381,14049,14171,273,1879,1981,1233
381,14049,14171,274,1876,1981,1220
381,14049,14171,275,1874,1980,1204
381,14049,14171,276,1872,1980,1187
381,14049,14171,277,1871,1981,1174
381,14049,14171,278,1870,1981,1161
381,14049,14171,279,1867,1980,1148
381,14049,14171,280,1866,1980,1148
381,14049,14171,281,1864,1980,1121
381,14049,14171,282,1862,1980,1105
381,14049,14171,283,1861,1980,1088
381,14049,14171,284,1859,1980,1077
381,14049,14171,285,1856,1980,1055
381,14049,14171,286,1855,1980,1049
381,14049,14171,287,1855,1980,1032
381,14049,14171,288,1852,1980,1016
381,14049,14171,289,1850,1980,1005
381,14049,14171,290,1847,1980,993
381,14049,14171,291,1847,1979,976
381,14049,14171,292,1845,1980,962
381,14049,14171,293,1842,1980,953
381,14049,14171,294,1841,1980,937
381,14049,14171,295,1839,1979,913
381,14049,14171,296,1838,1980,905
381,14049,14171,297,1836,1979,894
381,14049,14171,298,1835,1979,877
381,14049,14171,299,1833,1979,863
381,14049,14171,300,1830,1979,849
381,14049,14171,301,1829,1979,837
381,14049,14171,302,1827,1979,821
381,14049,14171,303,1826,1978,806
381,14049,14171,304,1824,1979,792
381,14049,14171,305,1823,1979,777
381,14049,14171,306,1821,1978,767
381,14049,14171,307,1820,1979,753
381,14049,14171,308,1817,1978,732
381,14049,14171,309,1815,1978,721
381,14049,14171,310,1814,1978,710
381,14049,14171,311,1812,1978,694
381,14049,14171,312,1810,1978,679
381,14049,14171,313,1810,1978,665
381,14049,14171,314,1807,1978,651
381,14049,14171,315,1807,1978,636
381,14049,14171,316,1804,1978,624
381,14049,14171,317,1802,1977,608
381,14049,14171,318,1802,1978,596
381,14049,14171,319,1799,1977,577
381,14049,14171,320,1798,1977,565
381,14049,14171,321,1796,1977,549
381,14049,14171,322,1795,1976,535
381,14049,14171,323,1793,1977,525
381,14049,14171,324,1792,1976,501
381,14049,14171,325,1791,1976,496
381,14049,14171,326,1788,1977,482
381,14049,14171,327,1786,1976,469
381,14049,14171,328,1785,1976,452
381,14049,14171,329,1784,1976,436
381,14049,14171,330,1782,1975,427
381,14049,14171,331,1781,1976,410
381,14049,14171,332,1779,1975,397
381,14049,14171,333,1777,1975,382
381,14049,14171,334,1776,1976,368
381,14049,14171,335,1773,1976,353
381,14049,14171,336,1772,1976,344
381,14049,14171,337,1771,1975,323
381,14049,14171,338,1769,1974,311
381,14049,14171,339,1768,1975,298
381,14049,14171,340,1766,1975,282
381,14049,14171,341,1764,1975,270
381,14049,14171,342,1763,1974,259
381,14049,14171,343,1760,1974,238
381,14049,14171,344,1759,1974,227
381,14049,14171,345,1758,1973,213
381,14049,14171,346,1756,1973,198
381,14049,14171,347,1755,1973,182
381,14049,14171,348,1753,1973,181
381,14049,14171,349,1760,1975,257
381,14049,14171,350,1772,1975,343
381,14049,14171,351,1783,1976,444
381,14049,14171,352,1792,1978,569
381,14049,14171,353,1810,1979,679
381,14049,14171,354,1820,1980,800
381,14049,14171,355,1835,1980,923
383,14220,14342,0,1996,2024,1247
383,14220,14342,1,1883,1982,1313
383,14220,14342,2,1896,1981,1389
383,14220,14342,3,1908,1981,1435
383,14220,14342,4,1911,1982,1509
383,14220,14342,5,1921,1982,1602
383,14220,14342,6,1935,1982,1696
383,14220,14342,7,1952,1982,1805
383,14220,14342,8,1966,1982,1935
383,14220,14342,9,1984,1983,2055
383,14220,14342,10,1999,1983,2211
383,14220,14342,11,2021,1983,2337
383,14220,14342,12,2041,1985,2487
383,14220,14342,13,2057,1985,2634
383,14220,14342,14,2080,1984,2785
383,14220,14342,15,2101,1985,2935
383,14220,14342,16,2121,1985,3085
383,14220,14342,17,2144,1985,3232
383,14220,14342,18,2166,1986,3393
383,14220,14342,19,2184,1985,3488
383,14220,14342,20,2186,1985,3477
383,14220,14342,21,2183,1985,3471
383,14220,14342,22,2184,1984,3472
383,14220,14342,23,2184,1985,3475
383,14220,14342,24,2183,1985,3463
383,14220,14342,25,2180,1986,3447
383,14220,14342,26,2178,1985,3434
383,14220,14342,27,2176,1984,3418
383,14220,14342,28,2174,1985,3403
383,14220,14342,29,2174,1985,3391
383,14220,14342,30,2170,1985,3375
383,14220,14342,31,2168,1985,3362
383,14220,14342,32,2167,1985,3345
383,14220,14342,33,2164,1985,3334
383,14220,14342,34,2162,1985,3315
383,14220,14342,35,2160,1985,3306
383,14220,14342,36,2159,1985,3295
383,14220,14342,37,2157,1985,3276
383,14220,14342,38,2154,1985,3264
383,14220,14342,39,2153,1984,3251
383,14220,14342,40,2151,1985,3235
383,14220,14342,41,2149,1985,3215
383,14220,14342,42,2148,1985,3207
383,14220,14342,43,2144,1985,3192
383,14220,14342,44,2143,1984,3178
383,14220,14342,45,2141,1984,3162
383,14220,14342,46,2139,1984,3149
383,14220,14342,47,2137,1985,3136
383,14220,14342,48,2134,1984,3114
383,14220,14342,49,2134,1984,3108
383,14220,14342,50,2131,1985,3094
383,14220,14342,51,2130,1984,3081
383,14220,14342,52,2126,1984,3062
383,14220,14342,53,2125,1984,3051
383,14220,14342,54,2124,1985,3036
383,14220,14342,55,2121,1984,3021
383,14220,14342,56,2120,1984,3008
383,14220,14342,57,2118,1984,2992
383,14220,14342,58,2116,1984,2979
383,14220,14342,59,2112,1985,2973
383,14220,14342,60,2112,1984,2952
383,14220,14342,61,2108,1984,2933
383,14220,14342,62,2108,1985,2921
383,14220,14342,63,2105,1984,2908
383,14220,14342,64,2104,1984,2894
383,14220,14342,65,2102,1984,2880
383,14220,14342,66,2099,1984,2865
383,14220,14342,67,2098,1984,2849
383,14220,14342,68,2096,1984,2839
383,14220,14342,69,2094,1984,2823
383,14220,14342,70,2092,1984,2807
383,14220,14342,71,2090,1984,2797
383,14220,14342,72,2087,1984,2781
383,14220,14342,73,2087,1984,2767
383,14220,14342,74,2084,1984,2750
383,14220,14342,75,2083,1984,2739
383,14220,14342,76,2080,1983,2722
383,14220,14342,77,2079,1983,2710
383,14220,14342,78,2076,1983,2693
383,14220,14342,79,2073,1984,2680
383,14220,14342,80,2072,1984,2671
383,14220,14342,81,2070,1983,2653
383,14220,14342,82,2069,1984,2641
383,14220,14342,83,2066,1983,2624
383,14220,14342,84,2065,1983,2612
383,14220,14342,85,2063,1983,2597
383,14220,14342,86,2061,1983,2582
383,14220,14342,87,2058,1983,2567
383,14220,14342,88,2056,1983,2557
383,14220,14342,89,2058,1983,2552
383,14220,14342,90,2058,1984,2566
383,14220,14342,91,2060,1984,2583
383,14220,14342,92,2063,1984,2595
383,14220,14342,93,2064,1984,2611
383,14220,14342,94,2067,1984,2624
383,14220,14342,95,2068,1983,2641
383,14220,14342,96,2070,1984,2647
383,14220,14342,97,2071,1984,2669
383,14220,14342,98,2074,1983,2684
383,14220,14342,99,2077,1984,2695
383,14220,14342,100,2079,1984,2708
383,14220,14342,101,2079,1984,2723
383,14220,14342,102,2082,1984,2734
383,14220,14342,103,2083,1983,2751
383,14220,14342,104,2088,1984,2766
383,14220,14342,105,2089,1984,2782
383,14220,14342,106,2089,1984,2793
383,14220,14342,107,2091,1984,2792
383,14220,14342,108,2093,1984,2824
383,14220,14342,109,2096,1984,2834
383,14220,14342,110,2096,1984,2850
383,14220,14342,111,2099,1985,2864
383,14220,14342,112,2101,1984,2882
383,14220,14342,113,2104,1984,2896
383,14220,14342,114,2105,1984,2910
383,14220,14342,115,2107,1984,2920
383,14220,14342,116,2110,1984,2936
383,14220,14342,117,2112,1985,2953
383,14220,14342,118,2113,1984,2965
383,14220,14342,119,2115,1984,2979
383,14220,14342,120,2118,1984,2994
383,14220,14342,121,2118,1984,3006
383,14220,14342,122,2122,1985,3022
383,14220,14342,123,2123,1984,3038
383,14220,14342,124,2125,1984,3050
383,14220,14342,125,2126,1984,3062
383,14220,14342,126,2130,1985,3080
383,14220,14342,127,2131,1985,3093
383,14220,14342,128,2133,1984,3107
383,14220,14342,129,2135,1985,3121
383,14220,14342,130,2137,1985,3138
383,14220,14342,131,2138,1984,3149
383,14220,14342,132,2142,1985,3166
383,14220,14342,133,2142,1985,3178
383,14220,14342,134,2144,1985,3194
383,14220,14342,135,2146,1984,3207
383,14220,14342,136,2149,1985,3225
383,14220,14342,137,2150,1985,3236
383,14220,14342,138,2152,1985,3246
383,14220,14342,139,2154,1985,3265
383,14220,14342,140,2158,1985,3280
383,14220,14342,141,2157,1985,3293
383,14220,14342,142,2161,1985,3308
383,14220,14342,143,2163,1985,3319
383,14220,14342,144,2164,1986,3337
383,14220,14342,145,2166,1985,3349
383,14220,14342,146,2167,1985,3368
383,14220,14342,147,2171,1985,3379
383,14220,14342,148,2172,1985,3393
383,14220,14342,149,2175,1985,3408
383,14220,14342,150,2176,1985,3419
383,14220,14342,151,2178,1985,3433
383,14220,14342,152,2180,1985,3448
383,14220,14342,153,2182,1985,3466
383,14220,14342,154,2184,1985,3475
383,14220,14342,155,2183,1985,3472
383,14220,14342,156,2184,1985,3471
383,14220,14342,157,2185,1985,3484
383,14220,14342,158,2187,1986,3495
383,14220,14342,159,2188,1985,3510
383,14220,14342,160,2190,1986,3516
383,14220,14342,161,2191,1986,3513
383,14220,14342,162,2188,1985,3467
383,14220,14342,163,2175,1985,3396
383,14220,14342,164,2163,1984,3271
383,14220,14342,165,2147,1984,3181
383,14220,14342,166,2130,1983,3047
383,14220,14342,167,2115,1984,2931
383,14220,14342,168,2096,1984,2810
383,14220,14342,169,2077,1983,2669
383,14220,14342,170,2062,1982,2542
383,14220,14342,171,2043,1982,2410
383,14220,14342,172,2025,1982,2272
383,14220,14342,173,2006,1982,2165
383,14220,14342,174,1997,1982,2074
383,14220,14342,175,1981,1981,1959
383,14220,14342,176,1964,1981,1847
383,14220,14342,177,1949,1981,1748
383,14220,14342,178,1937,1982,1655
383,14220,14342,179,1923,1982,1619
383,14220,14342,180,1907,1979,1418
383,14220,14342,181,1889,1980,1247
383,14220,14342,182,1870,1979,1119
383,14220,14342,183,1854,1978,971
383,14220,14342,184,1829,1978,803
383,14220,14342,185,1814,1977,640
383,14220,14342,186,1795,1976,483
383,14220,14342,187,1778,1975,341
383,14220,14342,188,1764,1973,210
383,14220,14342,189,1760,1974,226
383,14220,14342,190,1761,1974,237
383,14220,14342,191,1762,1975,255
383,14220,14342,192,1764,1975,269
383,14220,14342,193,1766,1975,283
383,14220,14342,194,1767,1975,295
383,14220,14342,195,1769,1975,311
383,14220,14342,196,1771,1975,326
383,14220,14342,197,1773,1976,342
383,14220,14342,198,1772,1975,351
383,14220,14342,199,1775,1975,366
383,14220,14342,200,1777,1975,381
383,14220,14342,201,1778,1975,399
383,14220,14342,202,1780,1976,411
383,14220,14342,203,1782,1976,421
383,14220,14342,204,1783,1977,436
383,14220,14342,205,1785,1976,450
383,14220,14342,206,1786,1976,470
383,14220,14342,207,1788,1976,480
383,14220,14342,208,1789,1977,494
383,14220,14342,209,1791,1977,508
383,14220,14342,210,1793,1977,524
383,14220,14342,211,1795,1978,539
383,14220,14342,212,1795,1977,551
383,14220,14342,213,1798,1977,565
383,14220,14342,214,1799,1977,582
383,14220,14342,215,1801,1978,595
383,14220,14342,216,1803,1978,606
383,14220,14342,217,1804,1977,622
383,14220,14342,218,1807,1978,634
383,14220,14342,219,1807,1978,651
383,14220,14342,220,1809,1978,668
383,14220,14342,221,1810,1978,680
383,14220,14342,222,1812,1979,695
383,14220,14342,223,1814,1978,706
383,14220,14342,224,1816,1978,723
383,14220,14342,225,1818,1979,739
383,14220,14342,226,1819,1978,750
383,14220,14342,227,1821,1978,764
383,14220,14342,228,1823,1979,778
383,14220,14342,229,1824,1979,790
383,14220,14342,230,1826,1979,806
383,14220,14342,231,1827,1979,818
383,14220,14342,232,1829,1979,834
383,14220,14342,233,1829,1979,851
383,14220,14342,234,1833,1979,861
383,14220,14342,235,1834,1979,879
383,14220,14342,236,1836,1979,891
383,14220,14342,237,1838,1979,910
383,14220,14342,238,1839,1980,921
383,14220,14342,239,1841,1980,933
383,14220,14342,240,1843,1980,949
383,14220,14342,241,1845,1979,963
383,14220,14342,242,1847,1979,979
383,14220,14342,243,1848,1980,991
383,14220,14342,244,1849,1980,1006
383,14220,14342,245,1852,1980,1018
383,14220,14342,246,1853,1980,1027
383,14220,14342,247,1854,1980,1046
383,14220,14342,248,1858,1980,1064
383,14220,14342,249,1859,1980,1083
383,14220,14342,250,1860,1980,1092
383,14220,14342,251,1864,1981,1105
383,14220,14342,252,1863,1980,1119
383,14220,14342,253,1865,1980,1133
383,14220,14342,254,1868,1980,1146
383,14220,14342,255,1868,1980,1162
383,14220,14342,256,1872,1980,1174
383,14220,14342,257,1872,1981,1189
383,14220,14342,258,1875,1981,1206
383,14220,14342,259,1876,1980,1217
383,14220,14342,260,1879,1980,1233
383,14220,14342,261,1879,1980,1250
383,14220,14342,262,1881,1980,1263
383,14220,14342,263,1883,1981,1275
383,14220,14342,264,1885,1981,1291
383,14220,14342,265,1886,1981,1306
383,14220,14342,266,1889,1981,1317
383,14220,14342,267,1889,1981,1316
383,14220,14342,268,1887,1980,1304
383,14220,14342,269,1886,1981,1292
383,14220,14342,270,1883,1981,1276
383,14220,14342,271,1882,1981,1257
383,14220,14342,272,1879,1981,1244
383,14220,14342,273,1878,1980,1236
383,14220,14342,274,1877,1980,1219
383,14220,14342,275,1874,1980,1206
383,14220,14342,276,1873,1980,1191
383,14220,14342,277,1872,1980,1175
383,14220,14342,278,1869,1980,1162
383,14220,14342,279,1867,1980,1148
383,14220,14342,280,1866,1980,1133
383,14220,14342,281,1864,1980,1119
383,14220,14342,282,1862,1980,1105
383,14220,14342,283,1860,1980,1090
383,14220,14342,284,1859,1980,1076
383,14220,14342,285,1857,1980,1061
383,14220,14342,286,1855,1980,1049
383,14220,14342,287,1853,1980,1027
383,14220,14342,288,1849,1980,1020
383,14220,14342,289,1849,1980,1009
383,14220,14342,290,1848,1980,992
383,14220,14342,291,1847,1980,977
383,14220,14342,292,1845,1979,962
383,14220,14342,293,1843,1980,951
383,14220,14342,294,1841,1979,934
383,14220,14342,295,1839,1979,918
383,14220,14342,296,1838,1979,906
383,14220,14342,297,1835,1979,891
383,14220,14342,298,1835,1979,875
383,14220,14342,299,1833,1979,863
383,14220,14342,300,1831,1979,847
383,14220,14342,301,1829,1979,838
383,14220,14342,302,1827,1979,816
383,14220,14342,303,1825,1979,806
383,14220,14342,304,1824,1979,792
383,14220,14342,305,1822,1979,777
383,14220,14342,306,1821,1979,765
383,14220,14342,307,1819,1979,750
383,14220,14342,308,1817,1978,741
383,14220,14342,309,1816,1978,724
383,14220,14342,310,1814,1978,708
383,14220,14342,311,1812,1978,693
383,14220,14342,312,1811,1978,676
383,14220,14342,313,1809,1978,665
383,14220,14342,314,1807,1978,652
383,14220,14342,315,1806,1978,639
383,14220,14342,316,1804,1978,623
383,14220,14342,317,1803,1977,610
383,14220,14342,318,1801,1977,593
383,14220,14342,319,1800,1977,580
383,14220,14342,320,1798,1978,572
383,14220,14342,321,1796,1977,549
383,14220,14342,322,1795,1977,542
383,14220,14342,323,1793,1977,525
383,14220,14342,324,1791,1976,508
383,14220,14342,325,1790,1976,493
383,14220,14342,326,1789,1976,479
383,14220,14342,327,1787,1977,470
383,14220,14342,328,1785,1976,451
383,14220,14342,329,1783,1976,442
383,14220,14342,330,1781,1976,424
383,14220,14342,331,1781,1976,411
383,14220,14342,332,1778,1975,396
383,14220,14342,333,1777,1975,381
383,14220,14342,334,1775,1975,369
383,14220,14342,335,1774,1975,354
383,14220,14342,336,1773,1974,339
383,14220,14342,337,1770,1975,323
383,14220,14342,338,1769,1975,317
383,14220,14342,339,1767,1974,297
383,14220,14342,340,1766,1975,282
383,14220,14342,341,1765,1974,270
383,14220,14342,342,1763,1974,256
383,14220,14342,343,1761,1974,240
383,14220,14342,344,1760,1973,225
383,14220,14342,345,1757,1973,210
383,14220,14342,346,1757,1973,197
383,14220,14342,347,1755,1973,182
383,14220,14342,348,1753,1973,161
383,14220,14342,349,1752,1972,160
383,14220,14342,350,1762,1975,234
383,14220,14342,351,1768,1976,346
383,14220,14342,352,1782,1977,467
383,14220,14342,353,1796,1979,585
383,14220,14342,354,1809,1979,735
383,14220,14342,355,1827,1980,858
385,14392,14514,0,1989,2023,1166
385,14392,14514,1,1873,1982,1239
385,14392,14514,2,1887,1981,1327
385,14392,14514,3,1899,1982,1433
385,14392,14514,4,1913,1982,1524
385,14392,14514,5,1929,1982,1655
385,14392,14514,6,1944,1983,1784
385,14392,14514,7,1964,1983,1911
385,14392,14514,8,1977,1983,2037
385,14392,14514,9,1999,1983,2163
385,14392,14514,10,2016,1983,2303
385,14392,14514,11,2032,1983,2440
385,14392,14514,12,2062,1983,2543
385,14392,14514,13,2071,1986,2734
385,14392,14514,14,2098,1985,2925
385,14392,14514,15,2122,1985,3083
385,14392,14514,16,2143,1986,3241
385,14392,14514,17,2164,1986,3390
385,14392,14514,18,2185,1985,3505
385,14392,14514,19,2189,1985,3502
385,14392,14514,20,2186,1984,3483
385,14392,14514,21,2182,1984,3471
385,14392,14514,22,2184,1985,3471
385,14392,14514,23,2184,1985,3476
385,14392,14514,24,2182,1985,3460
385,14392,14514,25,2179,1985,3446
385,14392,14514,26,2178,1985,3434
385,14392,14514,27,2176,1985,3419
385,14392,14514,28,2175,1984,3406
385,14392,14514,29,2173,1984,3388
385,14392,14514,30,2170,1985,3378
385,14392,14514,31,2169,1985,3369
385,14392,14514,32,2165,1984,3348
385,14392,14514,33,2164,1985,3334
385,14392,14514,34,2162,1985,3320
385,14392,14514,35,2160,1985,3307
385,14392,14514,36,2158,1984,3288
385,14392,14514,37,2158,1985,3277
385,14392,14514,38,2155,1984,3263
385,14392,14514,39,2151,1984,3249
385,14392,14514,40,2150,1984,3237
385,14392,14514,41,2150,1984,3223
385,14392,14514,42,2147,1984,3208
385,14392,14514,43,2147,1985,3193
385,14392,14514,44,2143,1985,3181
385,14392,14514,45,2139,1984,3165
385,14392,14514,46,2139,1985,3150
385,14392,14514,47,2138,1984,3135
385,14392,14514,48,2135,1985,3119
385,14392,14514,49,2133,1985,3106
385,14392,14514,50,2131,1984,3099
385,14392,14514,51,2129,1984,3079
385,14392,14514,52,2127,1985,3061
385,14392,14514,53,2125,1984,3051
385,14392,14514,54,2123,1984,3033
385,14392,14514,55,2121,1985,3021
385,14392,14514,56,2119,1984,3012
385,14392,14514,57,2118,1984,2994
385,14392,14514,58,2115,1984,2978
385,14392,14514,59,2114,1985,2965
385,14392,14514,60,2111,1984,2952
385,14392,14514,61,2109,1984,2935
385,14392,14514,62,2108,1984,2922
385,14392,14514,63,2106,1984,2904
385,14392,14514,64,2103,1985,2897
385,14392,14514,65,2102,1984,2883
385,14392,14514,66,2099,1984,2866
385,14392,14514,67,2099,1984,2855
385,14392,14514,68,2095,1984,2839
385,14392,14514,69,2094,1984,2824
385,14392,14514,70,2091,1984,2811
385,14392,14514,71,2090,1984,2793
385,14392,14514,72,2088,1983,2782
385,14392,14514,73,2085,1983,2768
385,14392,14514,74,2084,1983,2754
385,14392,14514,75,2083,1984,2741
385,14392,14514,76,2081,1983,2723
385,14392,14514,77,2079,1984,2711
385,14392,14514,78,2076,1984,2697
385,14392,14514,79,2074,1983,2667
385,14392,14514,80,2073,1984,2669
385,14392,14514,81,2070,1984,2655
385,14392,14514,82,2069,1983,2639
385,14392,14514,83,2066,1984,2622
385,14392,14514,84,2064,1983,2615
385,14392,14514,85,2063,1983,2602
385,14392,14514,86,2060,1984,2585
385,14392,14514,87,2059,1983,2567
385,14392,14514,88,2057,1983,2554
385,14392,14514,89,2057,1984,2553
385,14392,14514,90,2059,1984,2571
385,14392,14514,91,2060,1983,2580
385,14392,14514,92,2063,1983,2598
385,14392,14514,93,2065,1983,2610
385,14392,14514,94,2066,1983,2626
385,14392,14514,95,2069,1983,2643
385,14392,14514,96,2070,1983,2656
385,14392,14514,97,2073,1984,2669
385,14392,14514,98,2074,1983,2683
385,14392,14514,99,2076,1984,2696
385,14392,14514,100,2079,1983,2710
385,14392,14514,101,2080,1984,2725
385,14392,14514,102,2082,1984,2737
385,14392,14514,103,2083,1984,2754
385,14392,14514,104,2086,1984,2768
385,14392,14514,105,2088,1984,2790
385,14392,14514,106,2090,1984,2795
385,14392,14514,107,2091,1984,2803
385,14392,14514,108,2094,1984,2823
385,14392,14514,109,2095,1984,2834
385,14392,14514,110,2096,1984,2853
385,14392,14514,111,2101,1985,2867
385,14392,14514,112,2103,1984,2881
385,14392,14514,113,2104,1984,2897
385,14392,14514,114,2106,1984,2907
385,14392,14514,115,2108,1984,2922
385,14392,14514,116,2109,1985,2942
385,14392,14514,117,2112,1984,2949
385,14392,14514,118,2113,1985,2967
385,14392,14514,119,2115,1985,2979
385,14392,14514,120,2118,1984,2993
385,14392,14514,121,2118,1984,2993
385,14392,14514,122,2122,1984,3023
385,14392,14514,123,2124,1984,3038
385,14392,14514,124,2125,1985,3049
385,14392,14514,125,2126,1984,3063
385,14392,14514,126,2128,1985,3081
385,14392,14514,127,2130,1985,3089
385,14392,14514,128,2134,1985,3113
385,14392,14514,129,2134,1985,3119
385,14392,14514,130,2136,1985,3135
385,14392,14514,131,2139,1984,3151
385,14392,14514,132,2142,1985,3163
385,14392,14514,133,2142,1985,3180
385,14392,14514,134,2145,1985,3193
385,14392,14514,135,2148,1985,3212
385,14392,14514,136,2148,1985,3221
385,14392,14514,137,2150,1985,3239
385,14392,14514,138,2152,1985,3249
385,14392,14514,139,2154,1985,3264
385,14392,14514,140,2156,1985,3274
385,14392,14514,141,2159,1985,3295
385,14392,14514,142,2161,1985,3307
385,14392,14514,143,2163,1985,3322
385,14392,14514,144,2165,1985,3338
385,14392,14514,145,2167,1985,3350
385,14392,14514,146,2167,1985,3364
385,14392,14514,147,2170,1985,3378
385,14392,14514,148,2171,1985,3391
385,14392,14514,149,2174,1985,3408
385,14392,14514,150,2176,1985,3420
385,14392,14514,151,2178,1985,3431
385,14392,14514,152,2180,1985,3449
385,14392,14514,153,2182,1985,3463
385,14392,14514,154,2184,1985,3475
385,14392,14514,155,2184,1985,3472
385,14392,14514,156,2183,1985,3481
385,14392,14514,157,2186,1986,3484
385,14392,14514,158,2188,1985,3500
385,14392,14514,159,2189,1986,3510
385,14392,14514,160,2190,1986,3515
385,14392,14514,161,2191,1985,3523
385,14392,14514,162,2190,1986,3523
385,14392,14514,163,2189,1985,3510
385,14392,14514,164,2179,1985,3407
385,14392,14514,165,2164,1984,3311
385,14392,14514,166,2149,1983,3248
385,14392,14514,167,2135,1983,3067
385,14392,14514,168,2111,1983,2904
385,14392,14514,169,2096,1983,2762
385,14392,14514,170,2069,1982,2610
385,14392,14514,171,2052,1982,2478
385,14392,14514,172,2030,1981,2313
385,14392,14514,173,2011,1981,2174
385,14392,14514,174,1990,1981,2023
385,14392,14514,175,1969,1981,1920
385,14392,14514,176,1949,1981,1738
385,14392,14514,177,1932,1980,1593
385,14392,14514,178,1918,1980,1508
385,14392,14514,179,1905,1980,1389
385,14392,14514,180,1890,1979,1270
385,14392,14514,181,1873,1978,1126
385,14392,14514,182,1856,1979,1019
385,14392,14514,183,1840,1979,861
385,14392,14514,184,1817,1976,674
385,14392,14514,185,1798,1976,511
385,14392,14514,186,1780,1974,357
385,14392,14514,187,1763,1973,202
385,14392,14514,188,1759,1974,211
385,14392,14514,189,1759,1974,225
385,14392,14514,190,1761,1974,236
385,14392,14514,191,1762,1974,253
385,14392,14514,192,1764,1974,234
385,14392,14514,193,1766,1975,280
385,14392,14514,194,1766,1975,297
385,14392,14514,195,1769,1975,312
385,14392,14514,196,1772,1975,335
385,14392,14514,197,1772,1975,339
385,14392,14514,198,1774,1975,355
385,14392,14514,199,1775,1976,367
385,14392,14514,200,1777,1976,381
385,14392,14514,201,1778,1976,397
385,14392,14514,202,1780,1976,413
385,14392,14514,203,1781,1976,421
385,14392,14514,204,1783,1976,437
385,14392,14514,205,1785,1976,454
385,14392,14514,206,1786,1977,470
385,14392,14514,207,1788,1977,481
385,14392,14514,208,1790,1977,498
385,14392,14514,209,1791,1977,509
385,14392,14514,210,1793,1977,523
385,14392,14514,211,1795,1977,535
385,14392,14514,212,1796,1977,553
385,14392,14514,213,1797,1978,569
385,14392,14514,214,1800,1977,581
385,14392,14514,215,1801,1978,596
385,14392,14514,216,1802,1978,608
385,14392,14514,217,1804,1978,623
385,14392,14514,218,1805,1978,647
385,14392,14514,219,1807,1978,651
385,14392,14514,220,1809,1978,666
385,14392,14514,221,1810,1977,681
385,14392,14514,222,1813,1978,694
385,14392,14514,223,1815,1978,707
385,14392,14514,224,1817,1978,722
385,14392,14514,225,1818,1978,736
385,14392,14514,226,1819,1979,751
385,14392,14514,227,1822,1979,769
385,14392,14514,228,1823,1979,781
385,14392,14514,229,1824,1979,796
385,14392,14514,230,1826,1979,808
385,14392,14514,231,1828,1979,821
385,14392,14514,232,1829,1979,837
385,14392,14514,233,1831,1979,851
385,14392,14514,234,1833,1980,867
385,14392,14514,235,1834,1979,878
385,14392,14514,236,1835,1979,893
385,14392,14514,237,1838,1980,900
385,14392,14514,238,1841,1979,921
385,14392,14514,239,1842,1980,937
385,14392,14514,240,1842,1980,949
385,14392,14514,241,1844,1980,963
385,14392,14514,242,1847,1980,977
385,14392,14514,243,1848,1980,995
385,14392,14514,244,1850,1980,1005
385,14392,14514,245,1852,1980,1014
385,14392,14514,246,1854,1980,1035
385,14392,14514,247,1855,1980,1048
385,14392,14514,248,1857,1980,1063
385,14392,14514,249,1859,1980,1079
385,14392,14514,250,1861,1980,1093
385,14392,14514,251,1862,1980,1103
385,14392,14514,252,1864,1980,1120
385,14392,14514,253,1865,1980,1132
385,14392,14514,254,1867,1980,1152
385,14392,14514,255,1870,1981,1161
385,14392,14514,256,1871,1980,1173
385,14392,14514,257,1874,1981,1188
385,14392,14514,258,1875,1981,1209
385,14392,14514,259,1877,1981,1220
385,14392,14514,260,1878,1980,1233
385,14392,14514,261,1880,1980,1250
385,14392,14514,262,1881,1980,1270
385,14392,14514,263,1884,1981,1279
385,14392,14514,264,1885,1981,1288
385,14392,14514,265,1887,1981,1309
385,14392,14514,266,1890,1981,1314
385,14392,14514,267,1888,1981,1320
385,14392,14514,268,1887,1981,1304
385,14392,14514,269,1886,1980,1291
385,14392,14514,270,1884,1981,1276
385,14392,14514,271,1882,1980,1262
385,14392,14514,272,1880,1980,1247
385,14392,14514,273,1878,1981,1234
385,14392,14514,274,1877,1981,1221
385,14392,14514,275,1875,1980,1206
385,14392,14514,276,1874,1981,1191
385,14392,14514,277,1871,1980,1176
385,14392,14514,278,1869,1980,1159
385,14392,14514,279,1868,1980,1145
385,14392,14514,280,1866,1980,1134
385,14392,14514,281,1864,1980,1120
385,14392,14514,282,1862,1980,1100
385,14392,14514,283,1860,1980,1093
385,14392,14514,284,1859,1980,1076
385,14392,14514,285,1857,1980,1063
385,14392,14514,286,1856,1980,1048
385,14392,14514,287,1854,1980,1035
385,14392,14514,288,1852,1980,1021
385,14392,14514,289,1850,1980,1004
385,14392,14514,290,1848,1980,991
385,14392,14514,291,1847,1980,977
385,14392,14514,292,1845,1980,966
385,14392,14514,293,1844,1979,949
385,14392,14514,294,1842,1979,934
385,14392,14514,295,1840,1979,923
385,14392,14514,296,1837,1979,902
385,14392,14514,297,1837,1980,894
385,14392,14514,298,1833,1979,879
385,14392,14514,299,1833,1979,866
385,14392,14514,300,1831,1980,851
385,14392,14514,301,1830,1979,838
385,14392,14514,302,1828,1979,822
385,14392,14514,303,1825,1979,807
385,14392,14514,304,1825,1979,796
385,14392,14514,305,1822,1979,782
385,14392,14514,306,1821,1979,767
385,14392,14514,307,1820,1979,751
385,14392,14514,308,1817,1979,736
385,14392,14514,309,1817,1978,717
385,14392,14514,310,1814,1978,704
385,14392,14514,311,1813,1978,692
385,14392,14514,312,1811,1978,677
385,14392,14514,313,1810,1978,664
385,14392,14514,314,1808,1978,653
385,14392,14514,315,1806,1978,634
385,14392,14514,316,1804,1978,620
385,14392,14514,317,1802,1978,608
385,14392,14514,318,1801,1977,597
385,14392,14514,319,1799,1978,582
385,14392,14514,320,1798,1977,566
385,14392,14514,321,1796,1977,551
385,14392,14514,322,1794,1977,541
385,14392,14514,323,1793,1976,525
385,14392,14514,324,1791,1977,512
385,14392,14514,325,1790,1977,495
385,14392,14514,326,1788,1976,476
385,14392,14514,327,1786,1976,466
385,14392,14514,328,1785,1976,452
385,14392,14514,329,1783,1976,437
385,14392,14514,330,1782,1976,422
385,14392,14514,331,1780,1976,414
385,14392,14514,332,1778,1975,395
385,14392,14514,333,1777,1975,381
385,14392,14514,334,1775,1975,368
385,14392,14514,335,1774,1975,352
385,14392,14514,336,1772,1975,339
385,14392,14514,337,1771,1975,325
385,14392,14514,338,1769,1975,310
385,14392,14514,339,1768,1975,299
385,14392,14514,340,1765,1975,279
385,14392,14514,341,1765,1974,269
385,14392,14514,342,1763,1974,253
385,14392,14514,343,1761,1974,239
385,14392,14514,344,1760,1973,224
385,14392,14514,345,1758,1973,215
385,14392,14514,346,1757,1973,197
385,14392,14514,347,1754,1973,181
385,14392,14514,348,1754,1973,173
385,14392,14514,349,1763,1975,264
385,14392,14514,350,1769,1976,343
385,14392,14514,351,1780,1976,432
385,14392,14514,352,1792,1978,550
385,14392,14514,353,1806,1978,670
385,14392,14514,354,1825,1981,843
385,14392,14514,355,1844,1980,1008
387,14567,14689,0,2006,2027,1306
387,14567,14689,1,1889,1982,1354
387,14567,14689,2,1902,1982,1419
387,14567,14689,3,1909,1982,1510
387,14567,14689,4,1924,1982,1605
387,14567,14689,5,1936,1982,1699
387,14567,14689,6,1954,1983,1822
387,14567,14689,7,1969,1983,1939
387,14567,14689,8,1984,1983,2070
387,14567,14689,9,2000,1983,2186
387,14567,14689,10,2021,1984,2321
387,14567,14689,11,2037,1984,2443
387,14567,14689,12,2054,1985,2586
387,14567,14689,13,2076,1985,2698
387,14567,14689,14,2085,1984,2798
387,14567,14689,15,2100,1985,2906
387,14567,14689,16,2111,1985,3018
387,14567,14689,17,2132,1985,3156
387,14567,14689,18,2151,1986,3274
387,14567,14689,19,2173,1985,3447
387,14567,14689,20,2184,1985,3478
387,14567,14689,21,2184,1985,3471
387,14567,14689,22,2183,1985,3472
387,14567,14689,23,2185,1985,3475
387,14567,14689,24,2182,1986,3463
387,14567,14689,25,2179,1985,3449
387,14567,14689,26,2177,1985,3435
387,14567,14689,27,2177,1985,3419
387,14567,14689,28,2174,1985,3401
387,14567,14689,29,2173,1986,3394
387,14567,14689,30,2170,1985,3376
387,14567,14689,31,2168,1985,3367
387,14567,14689,32,2167,1985,3349
387,14567,14689,33,2165,1985,3338
387,14567,14689,34,2163,1985,3323
387,14567,14689,35,2162,1984,3309
387,14567,14689,36,2158,1984,3294
387,14567,14689,37,2157,1985,3281
387,14567,14689,38,2155,1985,3263
387,14567,14689,39,2153,1985,3252
387,14567,14689,40,2151,1985,3238
387,14567,14689,41,2148,1984,3219
387,14567,14689,42,2147,1985,3205
387,14567,14689,43,2145,1985,3193
387,14567,14689,44,2143,1985,3183
387,14567,14689,45,2140,1984,3163
387,14567,14689,46,2140,1985,3150
387,14567,14689,47,2137,1985,3136
387,14567,14689,48,2135,1985,3119
387,14567,14689,49,2133,1984,3109
387,14567,14689,50,2130,1984,3093
387,14567,14689,51,2129,1984,3078
387,14567,14689,52,2127,1984,3065
387,14567,14689,53,2124,1985,3050
387,14567,14689,54,2123,1984,3040
387,14567,14689,55,2122,1984,3024
387,14567,14689,56,2118,1984,3004
387,14567,14689,57,2116,1984,2997
387,14567,14689,58,2115,1984,2978
387,14567,14689,59,2113,1984,2967
387,14567,14689,60,2111,1984,2951
387,14567,14689,61,2109,1984,2938
387,14567,14689,62,2108,1984,2920
387,14567,14689,63,2105,1983,2908
387,14567,14689,64,2103,1984,2885
387,14567,14689,65,2102,1984,2877
387,14567,14689,66,2100,1984,2865
387,14567,14689,67,2097,1984,2852
387,14567,14689,68,2095,1984,2837
387,14567,14689,69,2094,1984,2823
387,14567,14689,70,2093,1984,2808
387,14567,14689,71,2089,1984,2793
387,14567,14689,72,2088,1983,2777
387,14567,14689,73,2086,1984,2766
387,14567,14689,74,2084,1984,2751
387,14567,14689,75,2082,1984,2735
387,14567,14689,76,2080,1984,2723
387,14567,14689,77,2078,1983,2709
387,14567,14689,78,2077,1983,2693
387,14567,14689,79,2073,1984,2677
387,14567,14689,80,2073,1984,2664
387,14567,14689,81,2070,1983,2649
387,14567,14689,82,2068,1983,2639
387,14567,14689,83,2067,1984,2628
387,14567,14689,84,2063,1983,2608
387,14567,14689,85,2062,1983,2595
387,14567,14689,86,2061,1984,2582
387,14567,14689,87,2059,1983,2575
387,14567,14689,88,2057,1984,2555
387,14567,14689,89,2057,1983,2555
387,14567,14689,90,2060,1983,2566
387,14567,14689,91,2060,1984,2582
387,14567,14689,92,2063,1983,2598
387,14567,14689,93,2064,1983,2607
387,14567,14689,94,2067,1983,2631
387,14567,14689,95,2068,1984,2641
387,14567,14689,96,2071,1984,2657
387,14567,14689,97,2071,1984,2667
387,14567,14689,98,2074,1984,2681
387,14567,14689,99,2076,1983,2695
387,14567,14689,100,2078,1984,2709
387,14567,14689,101,2080,1984,2722
387,14567,14689,102,2081,1984,2738
387,14567,14689,103,2085,1983,2752
387,14567,14689,104,2086,1984,2767
387,14567,14689,105,2086,1984,2774
387,14567,14689,106,2091,1984,2794
387,14567,14689,107,2092,1984,2811
387,14567,14689,108,2094,1984,2823
387,14567,14689,109,2097,1984,2839
387,14567,14689,110,2098,1985,2852
387,14567,14689,111,2098,1983,2865
387,14567,14689,112,2101,1984,2876
387,14567,14689,113,2103,1984,2892
387,14567,14689,114,2106,1984,2906
387,14567,14689,115,2107,1984,2923
387,14567,14689,116,2111,1985,2939
387,14567,14689,117,2111,1983,2954
387,14567,14689,118,2114,1985,2967
387,14567,14689,119,2115,1984,2980
387,14567,14689,120,2117,1985,2993
387,14567,14689,121,2119,1984,3008
387,14567,14689,122,2122,1984,3025
387,14567,14689,123,2123,1984,3035
387,14567,14689,124,2125,1985,3051
387,14567,14689,125,2127,1984,3062
387,14567,14689,126,2129,1985,3080
387,14567,14689,127,2131,1984,3092
387,14567,14689,128,2134,1985,3106
387,14567,14689,129,2134,1985,3120
387,14567,14689,130,2136,1984,3138
387,14567,14689,131,2140,1985,3149
387,14567,14689,132,2141,1984,3166
387,14567,14689,133,2140,1985,3177
387,14567,14689,134,2145,1985,3192
387,14567,14689,135,2147,1985,3207
387,14567,14689,136,2149,1985,3223
387,14567,14689,137,2151,1985,3241
387,14567,14689,138,2153,1985,3249
387,14567,14689,139,2155,1985,3263
387,14567,14689,140,2158,1985,3281
387,14567,14689,141,2155,1985,3289
387,14567,14689,142,2161,1985,3309
387,14567,14689,143,2162,1985,3320
387,14567,14689,144,2165,1985,3334
387,14567,14689,145,2166,1985,3348
387,14567,14689,146,2168,1985,3364
387,14567,14689,147,2171,1985,3383
387,14567,14689,148,2173,1984,3392
387,14567,14689,149,2175,1985,3405
387,14567,14689,150,2176,1985,3422
387,14567,14689,151,2178,1985,3434
387,14567,14689,152,2180,1985,3450
387,14567,14689,153,2182,1985,3463
387,14567,14689,154,2184,1985,3476
387,14567,14689,155,2183,1985,3471
387,14567,14689,156,2183,1985,3471
387,14567,14689,157,2185,1985,3481
387,14567,14689,158,2188,1985,3494
387,14567,14689,159,2188,1985,3510
387,14567,14689,160,2189,1985,3513
387,14567,14689,161,2188,1985,3468
387,14567,14689,162,2175,1985,3415
387,14567,14689,163,2159,1984,3320
387,14567,14689,164,2147,1983,3171
387,14567,14689,165,2131,1984,3057
387,14567,14689,166,2115,1984,2948
387,14567,14689,167,2100,1982,2827
387,14567,14689,168,2083,1982,2696
387,14567,14689,169,2067,1982,2585
387,14567,14689,170,2050,1982,2531
387,14567,14689,171,2034,1982,2355
387,14567,14689,172,2018,1981,2238
387,14567,14689,173,2001,1982,2112
387,14567,14689,174,1985,1981,1948
387,14567,14689,175,1965,1981,1821
387,14567,14689,176,1941,1980,1701
387,14567,14689,177,1930,1980,1541
387,14567,14689,178,1916,1980,1483
387,14567,14689,179,1900,1980,1361
387,14567,14689,180,1884,1980,1243
387,14567,14689,181,1869,1979,1121
387,14567,14689,182,1853,1979,989
387,14567,14689,183,1835,1978,860
387,14567,14689,184,1830,1977,756
387,14567,14689,185,1816,1978,651
387,14567,14689,186,1803,1978,565
387,14567,14689,187,1788,1976,443
387,14567,14689,188,1776,1974,308
387,14567,14689,189,1759,1973,227
387,14567,14689,190,1761,1973,240
387,14567,14689,191,1763,1974,254
387,14567,14689,192,1764,1974,268
387,14567,14689,193,1766,1974,282
387,14567,14689,194,1767,1975,296
387,14567,14689,195,1769,1974,311
387,14567,14689,196,1771,1975,322
387,14567,14689,197,1772,1975,342
387,14567,14689,198,1774,1975,353
387,14567,14689,199,1776,1975,367
387,14567,14689,200,1777,1975,383
387,14567,14689,201,1779,1976,396
387,14567,14689,202,1780,1976,409
387,14567,14689,203,1782,1976,424
387,14567,14689,204,1783,1976,440
387,14567,14689,205,1785,1976,451
387,14567,14689,206,1787,1976,468
387,14567,14689,207,1789,1977,480
387,14567,14689,208,1789,1977,496
387,14567,14689,209,1792,1977,511
387,14567,14689,210,1792,1977,527
387,14567,14689,211,1795,1977,536
387,14567,14689,212,1796,1977,552
387,14567,14689,213,1798,1977,565
387,14567,14689,214,1800,1978,580
387,14567,14689,215,1801,1978,590
387,14567,14689,216,1803,1977,606
387,14567,14689,217,1804,1978,623
387,14567,14689,218,1807,1978,635
387,14567,14689,219,1807,1978,651
387,14567,14689,220,1810,1978,665
387,14567,14689,221,1812,1978,682
387,14567,14689,222,1813,1979,694
387,14567,14689,223,1814,1979,705
387,14567,14689,224,1816,1978,725
387,14567,14689,225,1817,1978,735
387,14567,14689,226,1819,1978,752
387,14567,14689,227,1821,1979,765
387,14567,14689,228,1822,1979,780
387,14567,14689,229,1824,1979,792
387,14567,14689,230,1826,1979,807
387,14567,14689,231,1827,1979,823
387,14567,14689,232,1829,1980,835
387,14567,14689,233,1831,1979,847
387,14567,14689,234,1833,1979,864
387,14567,14689,235,1834,1979,878
387,14567,14689,236,1836,1979,890
387,14567,14689,237,1838,1979,909
387,14567,14689,238,1840,1979,918
387,14567,14689,239,1842,1979,937
387,14567,14689,240,1843,1980,939
387,14567,14689,241,1844,1980,963
387,14567,14689,242,1846,1980,980
387,14567,14689,243,1847,1980,1000
387,14567,14689,244,1850,1980,1005
387,14567,14689,245,1851,1980,1023
387,14567,14689,246,1853,1980,1035
387,14567,14689,247,1855,1980,1052
387,14567,14689,248,1857,1980,1063
387,14567,14689,249,1859,1980,1078
387,14567,14689,250,1859,1980,1091
387,14567,14689,251,1862,1980,1103
387,14567,14689,252,1864,1980,1121
387,14567,14689,253,1866,1981,1134
387,14567,14689,254,1867,1980,1147
387,14567,14689,255,1869,1981,1161
387,14567,14689,256,1871,1981,1178
387,14567,14689,257,1873,1980,1195
387,14567,14689,258,1875,1980,1207
387,14567,14689,259,1876,1980,1220
387,14567,14689,260,1879,1981,1231
387,14567,14689,261,1880,1981,1248
387,14567,14689,262,1883,1981,1262
387,14567,14689,263,1884,1981,1275
387,14567,14689,264,1886,1981,1292
387,14567,14689,265,1887,1981,1300
387,14567,14689,266,1890,1981,1321
387,14567,14689,267,1889,1981,1315
387,14567,14689,268,1885,1981,1305
387,14567,14689,269,1886,1980,1287
387,14567,14689,270,1884,1980,1277
387,14567,14689,271,1883,1981,1262
387,14567,14689,272,1880,1980,1248
387,14567,14689,273,1878,1981,1234
387,14567,14689,274,1877,1981,1220
387,14567,14689,275,1875,1980,1205
387,14567,14689,276,1873,1980,1192
387,14567,14689,277,1871,1980,1177
387,14567,14689,278,1869,1980,1163
387,14567,14689,279,1867,1980,1148
387,14567,14689,280,1865,1980,1133
387,14567,14689,281,1864,1980,1119
387,14567,14689,282,1864,1979,1105
387,14567,14689,283,1861,1980,1088
387,14567,14689,284,1858,1980,1079
387,14567,14689,285,1857,1980,1063
387,14567,14689,286,1856,1980,1046
387,14567,14689,287,1853,1979,1033
387,14567,14689,288,1852,1979,1021
387,14567,14689,289,1850,1980,1004
387,14567,14689,290,1848,1979,994
387,14567,14689,291,1846,1980,977
387,14567,14689,292,1844,1980,964
387,14567,14689,293,1843,1980,951
387,14567,14689,294,1841,1979,935
387,14567,14689,295,1839,1980,923
387,14567,14689,296,1838,1979,908
387,14567,14689,297,1836,1979,889
387,14567,14689,298,1835,1979,880
387,14567,14689,299,1832,1979,863
387,14567,14689,300,1832,1979,850
387,14567,14689,301,1829,1979,837
387,14567,14689,302,1827,1979,821
387,14567,14689,303,1825,1979,807
387,14567,14689,304,1824,1979,793
387,14567,14689,305,1822,1979,778
387,14567,14689,306,1820,1978,765
387,14567,14689,307,1820,1978,750
387,14567,14689,308,1817,1978,735
387,14567,14689,309,1815,1978,725
387,14567,14689,310,1814,1978,708
387,14567,14689,311,1813,1978,697
387,14567,14689,312,1810,1978,681
387,14567,14689,313,1808,1978,664
387,14567,14689,314,1807,1978,654
387,14567,14689,315,1807,1978,633
387,14567,14689,316,1805,1977,625
387,14567,14689,317,1803,1978,610
387,14567,14689,318,1801,1977,593
387,14567,14689,319,1800,1977,582
387,14567,14689,320,1797,1977,565
387,14567,14689,321,1797,1977,554
387,14567,14689,322,1795,1977,540
387,14567,14689,323,1793,1977,522
387,14567,14689,324,1791,1977,508
387,14567,14689,325,1789,1977,497
387,14567,14689,326,1788,1977,479
387,14567,14689,327,1787,1976,469
387,14567,14689,328,1785,1976,453
387,14567,14689,329,1784,1976,436
387,14567,14689,330,1781,1976,423
387,14567,14689,331,1780,1976,410
387,14567,14689,332,1778,1976,394
387,14567,14689,333,1778,1976,379
387,14567,14689,334,1775,1976,368
387,14567,14689,335,1773,1976,348
387,14567,14689,336,1772,1974,339
387,14567,14689,337,1771,1975,329
387,14567,14689,338,1769,1975,317
387,14567,14689,339,1767,1974,296
387,14567,14689,340,1765,1974,280
387,14567,14689,341,1765,1974,268
387,14567,14689,342,1763,1974,252
387,14567,14689,343,1761,1974,243
387,14567,14689,344,1759,1974,226
387,14567,14689,345,1758,1973,209
387,14567,14689,346,1757,1973,200
387,14567,14689,347,1755,1972,184
387,14567,14689,348,1754,1973,179
387,14567,14689,349,1761,1974,240
387,14567,14689,350,1769,1975,346
387,14567,14689,351,1782,1976,467
387,14567,14689,352,1801,1978,567
387,14567,14689,353,1804,1979,671
387,14567,14689,354,1820,1979,743
387,14567,14689,355,1833,1980,814
389,14738,14860,0,1997,2024,1172
389,14738,14860,1,1872,1981,1200
389,14738,14860,2,1880,1981,1264
389,14738,14860,3,1891,1981,1343
389,14738,14860,4,1899,1981,1435
389,14738,14860,5,1915,1982,1544
389,14738,14860,6,1928,1982,1666
389,14738,14860,7,1946,1982,1815
389,14738,14860,8,1966,1983,1938
389,14738,14860,9,1985,1984,2086
389,14738,14860,10,2005,1983,2235
389,14738,14860,11,2027,1984,2375
389,14738,14860,12,2044,1983,2474
389,14738,14860,13,2068,1986,2670
389,14738,14860,14,2082,1985,2820
389,14738,14860,15,2106,1985,2960
389,14738,14860,16,2127,1986,3116
389,14738,14860,17,2146,1985,3254
389,14738,14860,18,2167,1986,3394
389,14738,14860,19,2184,1986,3489
389,14738,14860,20,2186,1985,3490
389,14738,14860,21,2183,1985,3470
389,14738,14860,22,2183,1985,3473
389,14738,14860,23,2184,1985,3474
389,14738,14860,24,2182,1985,3466
389,14738,14860,25,2180,1985,3447
389,14738,14860,26,2179,1985,3435
389,14738,14860,27,2176,1985,3419
389,14738,14860,28,2173,1986,3406
389,14738,14860,29,2172,1986,3390
389,14738,14860,30,2170,1985,3376
389,14738,14860,31,2169,1985,3368
389,14738,14860,32,2166,1985,3353
389,14738,14860,33,2164,1985,3335
389,14738,14860,34,2162,1985,3319
389,14738,14860,35,2160,1985,3303
389,14738,14860,36,2159,1985,3290
389,14738,14860,37,2155,1985,3276
389,14738,14860,38,2155,1984,3265
389,14738,14860,39,2153,1985,3250
389,14738,14860,40,2150,1985,3237
389,14738,14860,41,2146,1985,3216
389,14738,14860,42,2147,1985,3207
389,14738,14860,43,2145,1984,3191
389,14738,14860,44,2143,1985,3177
389,14738,14860,45,2141,1985,3164
389,14738,14860,46,2138,1984,3138
389,14738,14860,47,2137,1985,3136
389,14738,14860,48,2134,1984,3121
389,14738,14860,49,2133,1985,3107
389,14738,14860,50,2131,1984,3094
389,14738,14860,51,2128,1984,3080
389,14738,14860,52,2127,1984,3070
389,14738,14860,53,2124,1984,3051
389,14738,14860,54,2122,1984,3033
389,14738,14860,55,2122,1985,3020
389,14738,14860,56,2119,1984,3003
389,14738,14860,57,2116,1984,2992
389,14738,14860,58,2116,1984,2981
389,14738,14860,59,2113,1984,2966
389,14738,14860,60,2112,1984,2950
389,14738,14860,61,2109,1984,2933
389,14738,14860,62,2108,1984,2922
389,14738,14860,63,2105,1984,2910
389,14738,14860,64,2104,1984,2892
389,14738,14860,65,2101,1984,2881
389,14738,14860,66,2099,1984,2861
389,14738,14860,67,2098,1984,2850
389,14738,14860,68,2096,1984,2838
389,14738,14860,69,2094,1983,2823
389,14738,14860,70,2092,1984,2809
389,14738,14860,71,2090,1984,2793
389,14738,14860,72,2089,1984,2783
389,14738,14860,73,2086,1984,2768
389,14738,14860,74,2084,1984,2752
389,14738,14860,75,2084,1983,2739
389,14738,14860,76,2081,1984,2723
389,14738,14860,77,2078,1984,2712
389,14738,14860,78,2077,1984,2695
389,14738,14860,79,2074,1984,2681
389,14738,14860,80,2072,1984,2667
389,14738,14860,81,2070,1984,2653
389,14738,14860,82,2068,1984,2644
389,14738,14860,83,2066,1984,2617
389,14738,14860,84,2065,1983,2613
389,14738,14860,85,2062,1983,2596
389,14738,14860,86,2060,1983,2581
389,14738,14860,87,2059,1984,2567
389,14738,14860,88,2057,1983,2553
389,14738,14860,89,2057,1983,2546
389,14738,14860,90,2058,1984,2567
389,14738,14860,91,2061,1984,2582
389,14738,14860,92,2063,1984,2593
389,14738,14860,93,2065,1984,2612
389,14738,14860,94,2067,1984,2625
389,14738,14860,95,2068,1984,2638
389,14738,14860,96,2071,1984,2652
389,14738,14860,97,2073,1984,2666
389,14738,14860,98,2073,1984,2680
389,14738,14860,99,2076,1984,2695
389,14738,14860,100,2078,1984,2713
389,14738,14860,101,2081,1984,2726
389,14738,14860,102,2082,1984,2739
389,14738,14860,103,2084,1984,2754
389,14738,14860,104,2085,1984,2770
389,14738,14860,105,2089,1984,2779
389,14738,14860,106,2090,1984,2794
389,14738,14860,107,2092,1985,2810
389,14738,14860,108,2094,1984,2823
389,14738,14860,109,2096,1984,2837
389,14738,14860,110,2097,1984,2851
389,14738,14860,111,2100,1984,2865
389,14738,14860,112,2102,1985,2879
389,14738,14860,113,2103,1984,2893
389,14738,14860,114,2106,1985,2911
389,14738,14860,115,2108,1984,2923
389,14738,14860,116,2109,1984,2936
389,14738,14860,117,2112,1984,2951
389,14738,14860,118,2113,1984,2964
389,14738,14860,119,2115,1985,2979
389,14738,14860,120,2117,1985,2994
389,14738,14860,121,2119,1985,3007
389,14738,14860,122,2121,1984,3015
389,14738,14860,123,2123,1984,3035
389,14738,14860,124,2125,1985,3052
389,14738,14860,125,2127,1985,3066
389,14738,14860,126,2129,1985,3078
389,14738,14860,127,2131,1985,3090
389,14738,14860,128,2132,1985,3106
389,14738,14860,129,2135,1985,3119
389,14738,14860,130,2138,1985,3136
389,14738,14860,131,2138,1984,3151
389,14738,14860,132,2142,1984,3164
389,14738,14860,133,2143,1985,3178
389,14738,14860,134,2144,1985,3192
389,14738,14860,135,2147,1985,3208
389,14738,14860,136,2150,1985,3219
389,14738,14860,137,2150,1985,3240
389,14738,14860,138,2151,1985,3249
389,14738,14860,139,2154,1985,3262
389,14738,14860,140,2157,1985,3278
389,14738,14860,141,2158,1985,3293
389,14738,14860,142,2160,1985,3305
389,14738,14860,143,2162,1985,3321
389,14738,14860,144,2165,1985,3341
389,14738,14860,145,2165,1985,3349
389,14738,14860,146,2169,1985,3363
389,14738,14860,147,2171,1985,3380
389,14738,14860,148,2172,1985,3390
389,14738,14860,149,2173,1985,3407
389,14738,14860,150,2176,1985,3422
389,14738,14860,151,2179,1985,3433
389,14738,14860,152,2180,1985,3448
389,14738,14860,153,2183,1985,3461
389,14738,14860,154,2184,1985,3474
389,14738,14860,155,2183,1985,3472
389,14738,14860,156,2184,1985,3471
389,14738,14860,157,2187,1986,3482
389,14738,14860,158,2187,1986,3493
389,14738,14860,159,2189,1986,3508
389,14738,14860,160,2189,1986,3515
389,14738,14860,161,2191,1985,3515
389,14738,14860,162,2186,1985,3473
389,14738,14860,163,2174,1985,3393
389,14738,14860,164,2155,1984,3286
389,14738,14860,165,2145,1984,3175
389,14738,14860,166,2131,1984,3055
389,14738,14860,167,2116,1984,2936
389,14738,14860,168,2098,1983,2808
389,14738,14860,169,2080,1983,2694
389,14738,14860,170,2068,1984,2609
389,14738,14860,171,2057,1984,2518
389,14738,14860,172,2038,1982,2396
389,14738,14860,173,2025,1982,2280
389,14738,14860,174,2006,1982,2117
389,14738,14860,175,1989,1981,2010
389,14738,14860,176,1968,1984,1982
389,14738,14860,177,1948,1980,1748
389,14738,14860,178,1940,1980,1652
389,14738,14860,179,1922,1980,1512
389,14738,14860,180,1902,1980,1352
389,14738,14860,181,1879,1979,1198
389,14738,14860,182,1863,1981,1142
389,14738,14860,183,1845,1977,909
389,14738,14860,184,1827,1978,758
389,14738,14860,185,1809,1977,615
389,14738,14860,186,1793,1976,469
389,14738,14860,187,1777,1974,325
389,14738,14860,188,1760,1973,214
389,14738,14860,189,1760,1974,225
389,14738,14860,190,1761,1975,240
389,14738,14860,191,1763,1974,254
389,14738,14860,192,1765,1974,268
389,14738,14860,193,1766,1975,277
389,14738,14860,194,1768,1974,299
389,14738,14860,195,1768,1975,307
389,14738,14860,196,1770,1975,324
389,14738,14860,197,1772,1975,339
389,14738,14860,198,1774,1975,355
389,14738,14860,199,1776,1975,365
389,14738,14860,200,1776,1976,383
389,14738,14860,201,1779,1976,397
389,14738,14860,202,1779,1976,413
389,14738,14860,203,1783,1976,424
389,14738,14860,204,1783,1976,437
389,14738,14860,205,1785,1977,452
389,14738,14860,206,1786,1976,469
389,14738,14860,207,1788,1977,484
389,14738,14860,208,1790,1977,494
389,14738,14860,209,1792,1977,511
389,14738,14860,210,1793,1977,526
389,14738,14860,211,1794,1977,536
389,14738,14860,212,1796,1978,550
389,14738,14860,213,1798,1978,565
389,14738,14860,214,1799,1978,585
389,14738,14860,215,1801,1978,593
389,14738,14860,216,1803,1978,609
389,14738,14860,217,1804,1978,619
389,14738,14860,218,1806,1978,638
389,14738,14860,219,1808,1978,657
389,14738,14860,220,1809,1978,667
389,14738,14860,221,1811,1978,680
389,14738,14860,222,1812,1978,694
389,14738,14860,223,1814,1979,710
389,14738,14860,224,1815,1978,720
389,14738,14860,225,1818,1979,737
389,14738,14860,226,1820,1979,747
389,14738,14860,227,1820,1979,766
389,14738,14860,228,1823,1978,777
389,14738,14860,229,1825,1979,791
389,14738,14860,230,1824,1979,806
389,14738,14860,231,1827,1979,821
389,14738,14860,232,1830,1980,834
389,14738,14860,233,1831,1979,850
389,14738,14860,234,1832,1980,865
389,14738,14860,235,1835,1980,877
389,14738,14860,236,1836,1979,895
389,14738,14860,237,1838,1979,905
389,14738,14860,238,1839,1979,919
389,14738,14860,239,1842,1980,933
389,14738,14860,240,1842,1980,950
389,14738,14860,241,1844,1979,965
389,14738,14860,242,1847,1980,981
389,14738,14860,243,1848,1979,993
389,14738,14860,244,1850,1980,1007
389,14738,14860,245,1851,1980,1019
389,14738,14860,246,1854,1980,1032
389,14738,14860,247,1855,1980,1049
389,14738,14860,248,1857,1980,1061
389,14738,14860,249,1858,1980,1078
389,14738,14860,250,1861,1980,1092
389,14738,14860,251,1862,1980,1105
389,14738,14860,252,1864,1981,1116
389,14738,14860,253,1865,1980,1127
389,14738,14860,254,1868,1981,1151
389,14738,14860,255,1870,1980,1161
389,14738,14860,256,1870,1980,1177
389,14738,14860,257,1870,1981,1189
389,14738,14860,258,1875,1981,1205
389,14738,14860,259,1877,1981,1218
389,14738,14860,260,1878,1981,1238
389,14738,14860,261,1881,1981,1246
389,14738,14860,262,1881,1981,1262
389,14738,14860,263,1885,1981,1275
389,14738,14860,264,1886,1981,1287
389,14738,14860,265,1883,1981,1303
389,14738,14860,266,1889,1981,1321
389,14738,14860,267,1890,1981,1317
389,14738,14860,268,1888,1981,1313
389,14738,14860,269,1886,1980,1293
389,14738,14860,270,1883,1981,1275
389,14738,14860,271,1882,1980,1262
389,14738,14860,272,1881,1981,1247
389,14738,14860,273,1878,1981,1234
389,14738,14860,274,1876,1980,1220
389,14738,14860,275,1875,1981,1214
389,14738,14860,276,1873,1980,1190
389,14738,14860,277,1871,1980,1179
389,14738,14860,278,1869,1980,1162
389,14738,14860,279,1868,1980,1150
389,14738,14860,280,1867,1980,1134
389,14738,14860,281,1864,1980,1119
389,14738,14860,282,1861,1980,1108
389,14738,14860,283,1860,1980,1092
389,14738,14860,284,1857,1980,1074
389,14738,14860,285,1858,1980,1063
389,14738,14860,286,1855,1980,1049
389,14738,14860,287,1854,1979,1037
389,14738,14860,288,1852,1980,1022
389,14738,14860,289,1850,1979,1004
389,14738,14860,290,1848,1980,988
389,14738,14860,291,1847,1980,978
389,14738,14860,292,1843,1979,961
389,14738,14860,293,1843,1979,947
389,14738,14860,294,1841,1979,936
389,14738,14860,295,1839,1979,920
389,14738,14860,296,1838,1979,906
389,14738,14860,297,1837,1979,891
389,14738,14860,298,1834,1979,879
389,14738,14860,299,1832,1979,865
389,14738,14860,300,1830,1979,851
389,14738,14860,301,1829,1979,834
389,14738,14860,302,1827,1979,822
389,14738,14860,303,1826,1979,813
389,14738,14860,304,1825,1979,793
389,14738,14860,305,1823,1979,778
389,14738,14860,306,1821,1979,762
389,14738,14860,307,1819,1979,751
389,14738,14860,308,1818,1978,734
389,14738,14860,309,1816,1979,715
389,14738,14860,310,1814,1979,708
389,14738,14860,311,1812,1977,693
389,14738,14860,312,1811,1978,681
389,14738,14860,313,1810,1977,666
389,14738,14860,314,1809,1978,651
389,14738,14860,315,1805,1978,636
389,14738,14860,316,1805,1978,630
389,14738,14860,317,1803,1977,608
389,14738,14860,318,1802,1977,602
389,14738,14860,319,1801,1978,580
389,14738,14860,320,1797,1977,569
389,14738,14860,321,1793,1977,552
389,14738,14860,322,1796,1977,538
389,14738,14860,323,1793,1977,523
389,14738,14860,324,1791,1977,510
389,14738,14860,325,1790,1976,496
389,14738,14860,326,1788,1977,486
389,14738,14860,327,1786,1976,466
389,14738,14860,328,1785,1977,457
389,14738,14860,329,1783,1976,438
389,14738,14860,330,1782,1976,425
389,14738,14860,331,1779,1976,409
389,14738,14860,332,1779,1976,393
389,14738,14860,333,1776,1976,381
389,14738,14860,334,1775,1975,366
389,14738,14860,335,1773,1975,351
389,14738,14860,336,1772,1975,339
389,14738,14860,337,1771,1975,326
389,14738,14860,338,1768,1975,311
389,14738,14860,339,1767,1974,298
389,14738,14860,340,1766,1974,284
389,14738,14860,341,1764,1974,269
389,14738,14860,342,1762,1974,256
389,14738,14860,343,1762,1973,239
389,14738,14860,344,1760,1974,224
389,14738,14860,345,1757,1973,210
389,14738,14860,346,1757,1973,194
389,14738,14860,347,1755,1972,186
389,14738,14860,348,1754,1972,168
389,14738,14860,349,1756,1973,196
389,14738,14860,350,1771,1976,298
389,14738,14860,351,1777,1976,400
389,14738,14860,352,1790,1977,517
389,14738,14860,353,1802,1978,647
389,14738,14860,354,1819,1980,781
389,14738,14860,355,1833,1980,905
391,14910,15032,0,1991,2023,1195
391,14910,15032,1,1878,1982,1268
391,14910,15032,2,1892,1981,1352
391,14910,15032,3,1904,1981,1463
391,14910,15032,4,1914,1981,1557
391,14910,15032,5,1932,1982,1705
391,14910,15032,6,1946,1982,1785
391,14910,15032,7,1963,1983,1936
391,14910,15032,8,1982,1983,2043
391,14910,15032,9,1999,1985,2224
391,14910,15032,10,2028,1984,2386
391,14910,15032,11,2046,1984,2523
391,14910,15032,12,2068,1984,2687
391,14910,15032,13,2090,1985,2845
391,14910,15032,14,2108,1985,2988
391,14910,15032,15,2127,1985,3117
391,14910,15032,16,2145,1985,3256
391,14910,15032,17,2165,1985,3369
391,14910,15032,18,2184,1985,3484
391,14910,15032,19,2187,1984,3489
391,14910,15032,20,2185,1985,3481
391,14910,15032,21,2183,1985,3471
391,14910,15032,22,2183,1985,3473
391,14910,15032,23,2184,1985,3475
391,14910,15032,24,2183,1985,3463
391,14910,15032,25,2181,1984,3444
391,14910,15032,26,2178,1985,3434
391,14910,15032,27,2177,1985,3420
391,14910,15032,28,2175,1985,3405
391,14910,15032,29,2173,1985,3391
391,14910,15032,30,2170,1985,3377
391,14910,15032,31,2168,1985,3361
391,14910,15032,32,2167,1984,3350
391,14910,15032,33,2165,1985,3334
391,14910,15032,34,2162,1985,3319
391,14910,15032,35,2160,1985,3306
391,14910,15032,36,2157,1984,3296
391,14910,15032,37,2156,1985,3281
391,14910,15032,38,2155,1984,3261
391,14910,15032,39,2153,1984,3248
391,14910,15032,40,2150,1985,3237
391,14910,15032,41,2148,1984,3222
391,14910,15032,42,2147,1985,3215
391,14910,15032,43,2145,1984,3194
391,14910,15032,44,2143,1985,3179
391,14910,15032,45,2140,1985,3167
391,14910,15032,46,2138,1985,3151
391,14910,15032,47,2137,1985,3132
391,14910,15032,48,2135,1984,3120
391,14910,15032,49,2133,1985,3108
391,14910,15032,50,2132,1984,3090
391,14910,15032,51,2129,1984,3081
391,14910,15032,52,2127,1984,3062
391,14910,15032,53,2126,1984,3049
391,14910,15032,54,2123,1984,3038
391,14910,15032,55,2120,1984,3025
391,14910,15032,56,2121,1985,3008
391,14910,15032,57,2117,1984,2996
391,14910,15032,58,2115,1985,2979
391,14910,15032,59,2114,1985,2966
391,14910,15032,60,2111,1984,2951
391,14910,15032,61,2109,1984,2940
391,14910,15032,62,2107,1984,2924
391,14910,15032,63,2106,1984,2909
391,14910,15032,64,2103,1984,2895
391,14910,15032,65,2101,1984,2882
391,14910,15032,66,2099,1984,2866
391,14910,15032,67,2098,1984,2853
391,14910,15032,68,2095,1983,2837
391,14910,15032,69,2093,1984,2826
391,14910,15032,70,2092,1984,2811
391,14910,15032,71,2090,1983,2796
391,14910,15032,72,2088,1983,2780
391,14910,15032,73,2086,1984,2766
391,14910,15032,74,2084,1984,2753
391,14910,15032,75,2082,1984,2742
391,14910,15032,76,2081,1984,2723
391,14910,15032,77,2078,1984,2713
391,14910,15032,78,2076,1984,2695
391,14910,15032,79,2074,1984,2681
391,14910,15032,80,2072,1983,2668
391,14910,15032,81,2071,1984,2651
391,14910,15032,82,2069,1983,2641
391,14910,15032,83,2067,1983,2621
391,14910,15032,84,2064,1983,2611
391,14910,15032,85,2062,1983,2599
391,14910,15032,86,2060,1984,2585
391,14910,15032,87,2059,1983,2566
391,14910,15032,88,2056,1983,2560
391,14910,15032,89,2057,1983,2550
391,14910,15032,90,2059,1984,2571
391,14910,15032,91,2060,1984,2584
391,14910,15032,92,2064,1983,2595
391,14910,15032,93,2064,1983,2610
391,14910,15032,94,2067,1983,2625
391,14910,15032,95,2069,1984,2641
391,14910,15032,96,2070,1983,2653
391,14910,15032,97,2071,1984,2666
391,14910,15032,98,2074,1983,2683
391,14910,15032,99,2076,1983,2696
391,14910,15032,100,2077,1984,2709
391,14910,15032,101,2080,1983,2721
391,14910,15032,102,2082,1983,2751
391,14910,15032,103,2084,1983,2751
391,14910,15032,104,2086,1983,2768
391,14910,15032,105,2088,1984,2779
391,14910,15032,106,2089,1984,2794
391,14910,15032,107,2092,1984,2808
391,14910,15032,108,2093,1984,2821
391,14910,15032,109,2095,1984,2838
391,14910,15032,110,2097,1984,2846
391,14910,15032,111,2100,1984,2865
391,14910,15032,112,2103,1985,2881
391,14910,15032,113,2104,1984,2892
391,14910,15032,114,2105,1984,2907
391,14910,15032,115,2108,1984,2923
391,14910,15032,116,2109,1985,2940
391,14910,15032,117,2111,1984,2951
391,14910,15032,118,2113,1985,2965
391,14910,15032,119,2114,1985,2977
391,14910,15032,120,2118,1985,2991
391,14910,15032,121,2119,1984,3007
391,14910,15032,122,2122,1984,3022
391,14910,15032,123,2123,1984,3037
391,14910,15032,124,2125,1985,3057
391,14910,15032,125,2127,1985,3064
391,14910,15032,126,2130,1985,3083
391,14910,15032,127,2130,1985,3092
391,14910,15032,128,2132,1985,3105
391,14910,15032,129,2135,1985,3123
391,14910,15032,130,2136,1985,3135
391,14910,15032,131,2138,1984,3150
391,14910,15032,132,2141,1985,3167
391,14910,15032,133,2141,1984,3182
391,14910,15032,134,2145,1985,3194
391,14910,15032,135,2145,1984,3208
391,14910,15032,136,2150,1985,3215
391,14910,15032,137,2150,1985,3236
391,14910,15032,138,2153,1985,3247
391,14910,15032,139,2155,1985,3264
391,14910,15032,140,2157,1985,3280
391,14910,15032,141,2159,1985,3292
391,14910,15032,142,2160,1985,3303
391,14910,15032,143,2162,1985,3322
391,14910,15032,144,2165,1985,3333
391,14910,15032,145,2166,1985,3348
391,14910,15032,146,2168,1985,3364
391,14910,15032,147,2171,1985,3377
391,14910,15032,148,2172,1985,3394
391,14910,15032,149,2174,1985,3406
391,14910,15032,150,2176,1985,3423
391,14910,15032,151,2178,1985,3435
391,14910,15032,152,2180,1985,3448
391,14910,15032,153,2183,1985,3460
391,14910,15032,154,2185,1985,3477
391,14910,15032,155,2183,1985,3472
391,14910,15032,156,2183,1985,3471
391,14910,15032,157,2186,1986,3482
391,14910,15032,158,2187,1986,3496
391,14910,15032,159,2188,1985,3507
391,14910,15032,160,2190,1985,3517
391,14910,15032,161,2191,1985,3522
391,14910,15032,162,2192,1985,3513
391,14910,15032,163,2188,1985,3465
391,14910,15032,164,2174,1984,3357
391,14910,15032,165,2153,1983,3238
391,14910,15032,166,2141,1984,3131
391,14910,15032,167,2119,1983,2968
391,14910,15032,168,2100,1983,2820
391,14910,15032,169,2083,1983,2705
391,14910,15032,170,2067,1982,2561
391,14910,15032,171,2049,1982,2432
391,14910,15032,172,2027,1981,2287
391,14910,15032,173,2010,1981,2155
391,14910,15032,174,1988,1981,2020
391,14910,15032,175,1972,1981,1884
391,14910,15032,176,1952,1981,1725
391,14910,15032,177,1935,1980,1604
391,14910,15032,178,1921,1980,1509
391,14910,15032,179,1905,1979,1362
391,14910,15032,180,1880,1979,1196
391,14910,15032,181,1861,1978,1042
391,14910,15032,182,1840,1978,881
391,14910,15032,183,1824,1976,741
391,14910,15032,184,1810,1977,609
391,14910,15032,185,1789,1976,470
391,14910,15032,186,1777,1974,334
391,14910,15032,187,1759,1973,218
391,14910,15032,188,1759,1974,212
391,14910,15032,189,1759,1974,226
391,14910,15032,190,1761,1975,240
391,14910,15032,191,1762,1974,254
391,14910,15032,192,1765,1974,269
391,14910,15032,193,1766,1974,281
391,14910,15032,194,1768,1974,297
391,14910,15032,195,1769,1975,308
391,14910,15032,196,1771,1975,326
391,14910,15032,197,1772,1975,343
391,14910,15032,198,1774,1976,357
391,14910,15032,199,1776,1976,368
391,14910,15032,200,1777,1976,382
391,14910,15032,201,1778,1975,396
391,14910,15032,202,1780,1976,409
391,14910,15032,203,1782,1976,418
391,14910,15032,204,1783,1976,439
391,14910,15032,205,1785,1976,454
391,14910,15032,206,1786,1976,467
391,14910,15032,207,1788,1977,484
391,14910,15032,208,1790,1977,494
391,14910,15032,209,1792,1977,511
391,14910,15032,210,1793,1977,524
391,14910,15032,211,1794,1977,541
391,14910,15032,212,1796,1977,552
391,14910,15032,213,1798,1977,566
391,14910,15032,214,1800,1977,579
391,14910,15032,215,1801,1978,595
391,14910,15032,216,1803,1978,606
391,14910,15032,217,1803,1977,622
391,14910,15032,218,1806,1978,637
391,14910,15032,219,1808,1978,651
391,14910,15032,220,1809,1978,667
391,14910,15032,221,1811,1978,680
391,14910,15032,222,1812,1978,692
391,14910,15032,223,1815,1978,709
391,14910,15032,224,1816,1979,709
391,14910,15032,225,1817,1979,734
391,14910,15032,226,1819,1979,752
391,14910,15032,227,1821,1979,764
391,14910,15032,228,1822,1978,776
391,14910,15032,229,1823,1979,792
391,14910,15032,230,1826,1978,823
391,14910,15032,231,1826,1979,821
391,14910,15032,232,1829,1979,835
391,14910,15032,233,1829,1979,850
391,14910,15032,234,1833,1980,867
391,14910,15032,235,1834,1979,878
391,14910,15032,236,1836,1979,890
391,14910,15032,237,1838,1980,904
391,14910,15032,238,1839,1980,919
391,14910,15032,239,1842,1980,934
391,14910,15032,240,1843,1979,941
391,14910,15032,241,1845,1980,961
391,14910,15032,242,1847,1980,977
391,14910,15032,243,1848,1980,994
391,14910,15032,244,1849,1980,999
391,14910,15032,245,1854,1980,1021
391,14910,15032,246,1853,1980,1035
391,14910,15032,247,1855,1980,1049
391,14910,15032,248,1856,1980,1062
391,14910,15032,249,1859,1979,1076
391,14910,15032,250,1861,1980,1089
391,14910,15032,251,1862,1980,1106
391,14910,15032,252,1864,1981,1119
391,14910,15032,253,1866,1981,1132
391,14910,15032,254,1867,1980,1148
391,14910,15032,255,1870,1981,1162
391,14910,15032,256,1870,1980,1176
391,14910,15032,257,1873,1980,1192
391,14910,15032,258,1875,1980,1206
391,14910,15032,259,1877,1981,1219
391,14910,15032,260,1878,1981,1230
391,14910,15032,261,1880,1981,1249
391,14910,15032,262,1881,1981,1260
391,14910,15032,263,1883,1981,1276
391,14910,15032,264,1886,1980,1289
391,14910,15032,265,1887,1981,1305
391,14910,15032,266,1888,1980,1315
391,14910,15032,267,1889,1980,1319
391,14910,15032,268,1887,1981,1300
391,14910,15032,269,1885,1981,1291
391,14910,15032,270,1885,1980,1274
391,14910,15032,271,1882,1981,1261
391,14910,15032,272,1880,1980,1247
391,14910,15032,273,1878,1980,1235
391,14910,15032,274,1876,1981,1217
391,14910,15032,275,1875,1980,1201
391,14910,15032,276,1873,1981,1190
391,14910,15032,277,1871,1980,1171
391,14910,15032,278,1867,1981,1163
391,14910,15032,279,1868,1980,1148
391,14910,15032,280,1866,1980,1134
391,14910,15032,281,1864,1980,1120
391,14910,15032,282,1862,1980,1109
391,14910,15032,283,1861,1981,1092
391,14910,15032,284,1858,1980,1077
391,14910,15032,285,1858,1980,1054
391,14910,15032,286,1855,1980,1050
391,14910,15032,287,1853,1980,1034
391,14910,15032,288,1851,1980,1020
391,14910,15032,289,1850,1980,1005
391,14910,15032,290,1848,1980,998
391,14910,15032,291,1846,1980,979
391,14910,15032,292,1844,1980,961
391,14910,15032,293,1843,1979,950
391,14910,15032,294,1842,1980,938
391,14910,15032,295,1839,1979,923
391,14910,15032,296,1839,1980,907
391,14910,15032,297,1836,1980,896
391,14910,15032,298,1834,1979,880
391,14910,15032,299,1832,1979,861
391,14910,15032,300,1831,1979,850
391,14910,15032,301,1830,1979,833
391,14910,15032,302,1828,1979,821
391,14910,15032,303,1826,1979,810
391,14910,15032,304,1826,1979,791
391,14910,15032,305,1823,1979,779
391,14910,15032,306,1821,1979,764
391,14910,15032,307,1819,1978,750
391,14910,15032,308,1817,1979,736
391,14910,15032,309,1816,1978,722
391,14910,15032,310,1814,1978,706
391,14910,15032,311,1812,1978,692
391,14910,15032,312,1812,1978,682
391,14910,15032,313,1809,1978,651
391,14910,15032,314,1808,1978,651
391,14910,15032,315,1811,1978,635
391,14910,15032,316,1805,1978,624
391,14910,15032,317,1802,1978,609
391,14910,15032,318,1801,1978,592
391,14910,15032,319,1799,1977,579
391,14910,15032,320,1798,1977,564
391,14910,15032,321,1794,1977,550
391,14910,15032,322,1795,1977,538
391,14910,15032,323,1793,1977,523
391,14910,15032,324,1791,1977,511
391,14910,15032,325,1790,1977,494
391,14910,15032,326,1788,1976,486
391,14910,15032,327,1787,1976,468
391,14910,15032,328,1785,1976,452
391,14910,15032,329,1783,1976,435
391,14910,15032,330,1782,1976,424
391,14910,15032,331,1780,1976,409
391,14910,15032,332,1776,1976,395
391,14910,15032,333,1777,1975,382
391,14910,15032,334,1776,1975,369
391,14910,15032,335,1774,1975,358
391,14910,15032,336,1772,1975,341
391,14910,15032,337,1771,1975,323
391,14910,15032,338,1769,1975,308
391,14910,15032,339,1768,1974,290
391,14910,15032,340,1766,1975,284
391,14910,15032,341,1764,1974,270
391,14910,15032,342,1763,1974,251
391,14910,15032,343,1762,1974,238
391,14910,15032,344,1759,1974,227
391,14910,15032,345,1758,1974,209
391,14910,15032,346,1756,1973,199
391,14910,15032,347,1754,1973,183
391,14910,15032,348,1753,1973,178
391,14910,15032,349,1762,1974,283
391,14910,15032,350,1772,1976,408
391,14910,15032,351,1789,1978,541
391,14910,15032,352,1803,1979,667
391,14910,15032,353,1822,1980,796
391,14910,15032,354,1834,1980,928
391,14910,15032,355,1853,1981,1062
393,15094,15216,0,2001,2030,1201
393,15094,15216,1,1880,1983,1295
393,15094,15216,2,1895,1981,1367
393,15094,15216,3,1902,1982,1468
393,15094,15216,4,1916,1981,1560
393,15094,15216,5,1931,1982,1681
393,15094,15216,6,1948,1983,1842
393,15094,15216,7,1972,1983,1983
393,15094,15216,8,1993,1984,2144
393,15094,15216,9,2014,1984,2292
393,15094,15216,10,2030,1984,2436
393,15094,15216,11,2051,1984,2565
393,15094,15216,12,2076,1985,2718
393,15094,15216,13,2091,1986,2872
393,15094,15216,14,2110,1984,2980
393,15094,15216,15,2129,1985,3115
393,15094,15216,16,2144,1985,3225
393,15094,15216,17,2161,1986,3342
393,15094,15216,18,2176,1986,3466
393,15094,15216,19,2187,1985,3500
393,15094,15216,20,2186,1985,3484
393,15094,15216,21,2184,1985,3470
393,15094,15216,22,2183,1985,3472
393,15094,15216,23,2184,1985,3477
393,15094,15216,24,2183,1985,3463
393,15094,15216,25,2180,1985,3448
393,15094,15216,26,2178,1985,3434
393,15094,15216,27,2177,1985,3418
393,15094,15216,28,2174,1985,3401
393,15094,15216,29,2173,1986,3361
393,15094,15216,30,2170,1985,3378
393,15094,15216,31,2168,1985,3363
393,15094,15216,32,2167,1985,3348
393,15094,15216,33,2164,1984,3334
393,15094,15216,34,2162,1984,3312
393,15094,15216,35,2161,1985,3308
393,15094,15216,36,2158,1985,3278
393,15094,15216,37,2157,1985,3277
393,15094,15216,38,2155,1984,3255
393,15094,15216,39,2151,1985,3250
393,15094,15216,40,2152,1985,3236
393,15094,15216,41,2148,1985,3220
393,15094,15216,42,2147,1984,3208
393,15094,15216,43,2144,1985,3193
393,15094,15216,44,2143,1985,3180
393,15094,15216,45,2141,1984,3163
393,15094,15216,46,2139,1985,3153
393,15094,15216,47,2137,1985,3135
393,15094,15216,48,2135,1985,3121
393,15094,15216,49,2133,1985,3108
393,15094,15216,50,2131,1984,3093
393,15094,15216,51,2129,1985,3081
393,15094,15216,52,2127,1985,3060
393,15094,15216,53,2124,1985,3052
393,15094,15216,54,2123,1985,3036
393,15094,15216,55,2121,1984,3023
393,15094,15216,56,2121,1985,2999
393,15094,15216,57,2117,1984,2992
393,15094,15216,58,2115,1984,2979
393,15094,15216,59,2113,1984,2967
393,15094,15216,60,2110,1984,2948
393,15094,15216,61,2108,1984,2938
393,15094,15216,62,2108,1984,2924
393,15094,15216,63,2105,1984,2910
393,15094,15216,64,2104,1984,2895
393,15094,15216,65,2102,1984,2881
393,15094,15216,66,2100,1984,2876
393,15094,15216,67,2098,1984,2853
393,15094,15216,68,2096,1984,2839
393,15094,15216,69,2094,1984,2828
393,15094,15216,70,2092,1983,2805
393,15094,15216,71,2090,1984,2794
393,15094,15216,72,2087,1984,2783
393,15094,15216,73,2086,1983,2769
393,15094,15216,74,2084,1983,2753
393,15094,15216,75,2083,1984,2738
393,15094,15216,76,2081,1984,2724
393,15094,15216,77,2078,1983,2710
393,15094,15216,78,2076,1983,2694
393,15094,15216,79,2073,1983,2679
393,15094,15216,80,2073,1983,2666
393,15094,15216,81,2071,1983,2654
393,15094,15216,82,2067,1984,2635
393,15094,15216,83,2067,1983,2622
393,15094,15216,84,2064,1983,2609
393,15094,15216,85,2063,1983,2596
393,15094,15216,86,2062,1983,2583
393,15094,15216,87,2059,1983,2568
393,15094,15216,88,2056,1983,2552
393,15094,15216,89,2057,1983,2554
393,15094,15216,90,2057,1984,2572
393,15094,15216,91,2061,1984,2583
393,15094,15216,92,2064,1984,2598
393,15094,15216,93,2065,1984,2607
393,15094,15216,94,2067,1983,2626
393,15094,15216,95,2067,1984,2639
393,15094,15216,96,2070,1983,2654
393,15094,15216,97,2073,1983,2665
393,15094,15216,98,2075,1983,2681
393,15094,15216,99,2076,1983,2690
393,15094,15216,100,2078,1984,2710
393,15094,15216,101,2079,1983,2723
393,15094,15216,102,2083,1984,2738
393,15094,15216,103,2084,1984,2758
393,15094,15216,104,2087,1983,2769
393,15094,15216,105,2087,1984,2779
393,15094,15216,106,2090,1984,2795
393,15094,15216,107,2092,1984,2807
393,15094,15216,108,2093,1984,2827
393,15094,15216,109,2096,1984,2832
393,15094,15216,110,2097,1984,2851
393,15094,15216,111,2100,1985,2865
393,15094,15216,112,2101,1984,2876
393,15094,15216,113,2103,1984,2880
393,15094,15216,114,2105,1984,2906
393,15094,15216,115,2105,1984,2927
393,15094,15216,116,2110,1984,2937
393,15094,15216,117,2111,1984,2947
393,15094,15216,118,2113,1984,2962
393,15094,15216,119,2116,1985,2977
393,15094,15216,120,2117,1984,2992
393,15094,15216,121,2120,1984,3007
393,15094,15216,122,2120,1984,3024
393,15094,15216,123,2124,1984,3038
393,15094,15216,124,2126,1985,3053
393,15094,15216,125,2126,1984,3065
393,15094,15216,126,2129,1984,3080
393,15094,15216,127,2131,1984,3093
393,15094,15216,128,2133,1985,3109
393,15094,15216,129,2135,1984,3124
393,15094,15216,130,2135,1985,3136
393,15094,15216,131,2139,1985,3147
393,15094,15216,132,2141,1985,3165
393,15094,15216,133,2143,1984,3180
393,15094,15216,134,2145,1985,3190
393,15094,15216,135,2146,1985,3207
393,15094,15216,136,2148,1985,3224
393,15094,15216,137,2151,1985,3234
393,15094,15216,138,2154,1985,3252
393,15094,15216,139,2154,1985,3265
393,15094,15216,140,2157,1985,3280
393,15094,15216,141,2159,1985,3292
393,15094,15216,142,2161,1985,3308
393,15094,15216,143,2161,1985,3320
393,15094,15216,144,2164,1985,3332
393,15094,15216,145,2166,1985,3366
393,15094,15216,146,2168,1985,3365
393,15094,15216,147,2170,1985,3371
393,15094,15216,148,2172,1985,3392
393,15094,15216,149,2175,1985,3407
393,15094,15216,150,2177,1985,3421
393,15094,15216,151,2179,1986,3425
393,15094,15216,152,2179,1986,3448
393,15094,15216,153,2180,1986,3462
393,15094,15216,154,2185,1985,3472
393,15094,15216,155,2184,1986,3473
393,15094,15216,156,2183,1985,3480
393,15094,15216,157,2186,1986,3483
393,15094,15216,158,2187,1986,3495
393,15094,15216,159,2189,1986,3510
393,15094,15216,160,2190,1986,3516
393,15094,15216,161,2191,1986,3522
393,15094,15216,162,2189,1986,3505
393,15094,15216,163,2183,1985,3425
393,15094,15216,164,2162,1984,3308
393,15094,15216,165,2152,1984,3190
393,15094,15216,166,2132,1984,3070
393,15094,15216,167,2118,1984,2955
393,15094,15216,168,2100,1983,2818
393,15094,15216,169,2102,1983,2703
393,15094,15216,170,2066,1982,2568
393,15094,15216,171,2045,1983,2425
393,15094,15216,172,2029,1982,2298
393,15094,15216,173,2008,1982,2156
393,15094,15216,174,1991,1982,2026
393,15094,15216,175,1973,1982,1887
393,15094,15216,176,1951,1981,1728
393,15094,15216,177,1928,1980,1548
393,15094,15216,178,1912,1980,1447
393,15094,15216,179,1892,1979,1286
393,15094,15216,180,1876,1979,1155
393,15094,15216,181,1858,1979,1011
393,15094,15216,182,1838,1978,880
393,15094,15216,183,1824,1978,746
393,15094,15216,184,1808,1977,610
393,15094,15216,185,1798,1976,480
393,15094,15216,186,1778,1975,353
393,15094,15216,187,1764,1974,233
393,15094,15216,188,1758,1974,210
393,15094,15216,189,1760,1974,224
393,15094,15216,190,1760,1975,239
393,15094,15216,191,1763,1974,249
393,15094,15216,192,1763,1974,270
393,15094,15216,193,1766,1975,282
393,15094,15216,194,1768,1975,298
393,15094,15216,195,1769,1975,318
393,15094,15216,196,1771,1975,324
393,15094,15216,197,1772,1975,337
393,15094,15216,198,1773,1976,355
393,15094,15216,199,1776,1975,371
393,15094,15216,200,1777,1976,381
393,15094,15216,201,1779,1976,396
393,15094,15216,202,1781,1976,411
393,15094,15216,203,1782,1976,424
393,15094,15216,204,1784,1977,439
393,15094,15216,205,1785,1976,455
393,15094,15216,206,1785,1977,465
393,15094,15216,207,1787,1977,482
393,15094,15216,208,1790,1976,495
393,15094,15216,209,1792,1977,512
393,15094,15216,210,1792,1977,524
393,15094,15216,211,1795,1977,534
393,15094,15216,212,1795,1977,553
393,15094,15216,213,1797,1977,565
393,15094,15216,214,1799,1978,579
393,15094,15216,215,1801,1977,591
393,15094,15216,216,1802,1978,611
393,15094,15216,217,1804,1977,621
393,15094,15216,218,1806,1978,633
393,15094,15216,219,1807,1978,651
393,15094,15216,220,1810,1978,662
393,15094,15216,221,1811,1978,680
393,15094,15216,222,1813,1979,695
393,15094,15216,223,1813,1978,707
393,15094,15216,224,1816,1979,723
393,15094,15216,225,1817,1978,736
393,15094,15216,226,1819,1979,753
393,15094,15216,227,1821,1978,764
393,15094,15216,228,1822,1978,781
393,15094,15216,229,1825,1979,791
393,15094,15216,230,1826,1979,805
393,15094,15216,231,1827,1979,822
393,15094,15216,232,1829,1979,836
393,15094,15216,233,1830,1980,852
393,15094,15216,234,1832,1979,864
393,15094,15216,235,1835,1979,876
393,15094,15216,236,1837,1980,893
393,15094,15216,237,1839,1980,906
393,15094,15216,238,1839,1980,920
393,15094,15216,239,1841,1980,935
393,15094,15216,240,1843,1980,949
393,15094,15216,241,1845,1979,964
393,15094,15216,242,1847,1980,979
393,15094,15216,243,1849,1980,992
393,15094,15216,244,1849,1980,1005
393,15094,15216,245,1851,1980,1020
393,15094,15216,246,1854,1981,1040
393,15094,15216,247,1855,1980,1049
393,15094,15216,248,1857,1980,1060
393,15094,15216,249,1859,1980,1077
393,15094,15216,250,1862,1981,1081
393,15094,15216,251,1862,1981,1104
393,15094,15216,252,1864,1980,1128
393,15094,15216,253,1866,1980,1134
393,15094,15216,254,1867,1981,1154
393,15094,15216,255,1871,1981,1161
393,15094,15216,256,1870,1981,1174
393,15094,15216,257,1873,1980,1191
393,15094,15216,258,1874,1980,1204
393,15094,15216,259,1876,1981,1221
393,15094,15216,260,1878,1981,1232
393,15094,15216,261,1880,1980,1249
393,15094,15216,262,1882,1981,1263
393,15094,15216,263,1883,1980,1276
393,15094,15216,264,1885,1981,1279
393,15094,15216,265,1887,1981,1304
393,15094,15216,266,1888,1980,1318
393,15094,15216,267,1890,1981,1318
393,15094,15216,268,1887,1981,1308
393,15094,15216,269,1885,1981,1290
393,15094,15216,270,1885,1981,1276
393,15094,15216,271,1881,1981,1264
393,15094,15216,272,1880,1980,1248
393,15094,15216,273,1879,1981,1232
393,15094,15216,274,1876,1980,1220
393,15094,15216,275,1875,1981,1204
393,15094,15216,276,1872,1980,1192
393,15094,15216,277,1871,1980,1178
393,15094,15216,278,1870,1980,1158
393,15094,15216,279,1867,1980,1147
393,15094,15216,280,1866,1980,1137
393,15094,15216,281,1864,1980,1119
393,15094,15216,282,1863,1981,1100
393,15094,15216,283,1860,1980,1088
393,15094,15216,284,1859,1980,1075
393,15094,15216,285,1857,1980,1064
393,15094,15216,286,1855,1981,1045
393,15094,15216,287,1852,1980,1033
393,15094,15216,288,1851,1980,1018
393,15094,15216,289,1850,1980,1005
393,15094,15216,290,1848,1980,991
393,15094,15216,291,1846,1980,978
393,15094,15216,292,1844,1979,961
393,15094,15216,293,1843,1980,950
393,15094,15216,294,1841,1979,935
393,15094,15216,295,1840,1980,921
393,15094,15216,296,1837,1980,907
393,15094,15216,297,1836,1979,885
393,15094,15216,298,1835,1980,878
393,15094,15216,299,1833,1980,863
393,15094,15216,300,1831,1979,854
393,15094,15216,301,1829,1979,842
393,15094,15216,302,1828,1979,820
393,15094,15216,303,1826,1979,808
393,15094,15216,304,1825,1979,795
393,15094,15216,305,1823,1979,777
393,15094,15216,306,1820,1979,763
393,15094,15216,307,1819,1978,750
393,15094,15216,308,1817,1979,734
393,15094,15216,309,1814,1978,719
393,15094,15216,310,1814,1978,710
393,15094,15216,311,1812,1978,687
393,15094,15216,312,1811,1978,679
393,15094,15216,313,1810,1978,662
393,15094,15216,314,1808,1978,651
393,15094,15216,315,1805,1978,638
393,15094,15216,316,1804,1977,624
393,15094,15216,317,1803,1978,612
393,15094,15216,318,1800,1977,593
393,15094,15216,319,1799,1978,581
393,15094,15216,320,1797,1977,564
393,15094,15216,321,1797,1977,552
393,15094,15216,322,1795,1977,531
393,15094,15216,323,1791,1976,523
393,15094,15216,324,1792,1977,511
393,15094,15216,325,1789,1976,497
393,15094,15216,326,1788,1976,482
393,15094,15216,327,1787,1976,465
393,15094,15216,328,1785,1976,457
393,15094,15216,329,1783,1976,439
393,15094,15216,330,1782,1976,426
393,15094,15216,331,1780,1976,407
393,15094,15216,332,1778,1976,394
393,15094,15216,333,1775,1975,382
393,15094,15216,334,1775,1976,367
393,15094,15216,335,1774,1975,347
393,15094,15216,336,1772,1975,342
393,15094,15216,337,1771,1975,324
393,15094,15216,338,1769,1975,310
393,15094,15216,339,1770,1975,296
393,15094,15216,340,1766,1974,282
393,15094,15216,341,1764,1974,280
393,15094,15216,342,1763,1974,255
393,15094,15216,343,1761,1974,237
393,15094,15216,344,1759,1974,224
393,15094,15216,345,1758,1973,212
393,15094,15216,346,1757,1974,196
393,15094,15216,347,1756,1974,182
393,15094,15216,348,1760,1975,275
393,15094,15216,349,1775,1976,370
393,15094,15216,350,1783,1978,479
393,15094,15216,351,1797,1979,587
393,15094,15216,352,1808,1979,697
393,15094,15216,353,1825,1980,818
393,15094,15216,354,1837,1981,928
393,15094,15216,355,1851,1980,1036
395,15270,15392,0,2001,2026,1233
395,15270,15392,1,1883,1982,1299
395,15270,15392,2,1896,1982,1389
395,15270,15392,3,1907,1982,1481
395,15270,15392,4,1918,1982,1543
395,15270,15392,5,1924,1982,1615
395,15270,15392,6,1939,1982,1713
395,15270,15392,7,1952,1983,1815
395,15270,15392,8,1964,1982,1929
395,15270,15392,9,1982,1983,2055
395,15270,15392,10,2001,1984,2178
395,15270,15392,11,2017,1985,2322
395,15270,15392,12,2041,1984,2452
395,15270,15392,13,2055,1986,2617
395,15270,15392,14,2079,1985,2760
395,15270,15392,15,2097,1986,2916
395,15270,15392,16,2122,1986,3072
395,15270,15392,17,2144,1986,3223
395,15270,15392,18,2165,1986,3380
395,15270,15392,19,2183,1986,3491
395,15270,15392,20,2186,1985,3496
395,15270,15392,21,2185,1985,3470
395,15270,15392,22,2184,1985,3472
395,15270,15392,23,2185,1985,3474
395,15270,15392,24,2181,1985,3464
395,15270,15392,25,2180,1985,3452
395,15270,15392,26,2179,1985,3434
395,15270,15392,27,2176,1985,3419
395,15270,15392,28,2174,1985,3409
395,15270,15392,29,2174,1985,3393
395,15270,15392,30,2170,1985,3376
395,15270,15392,31,2169,1985,3363
395,15270,15392,32,2167,1985,3346
395,15270,15392,33,2164,1985,3333
395,15270,15392,34,2162,1985,3320
395,15270,15392,35,2161,1985,3306
395,15270,15392,36,2158,1985,3281
395,15270,15392,37,2157,1985,3280
395,15270,15392,38,2155,1985,3270
395,15270,15392,39,2152,1984,3249
395,15270,15392,40,2150,1985,3238
395,15270,15392,41,2149,1985,3221
395,15270,15392,42,2147,1985,3209
395,15270,15392,43,2144,1985,3192
395,15270,15392,44,2143,1985,3178
395,15270,15392,45,2140,1984,3166
395,15270,15392,46,2140,1985,3149
395,15270,15392,47,2136,1984,3134
395,15270,15392,48,2135,1985,3120
395,15270,15392,49,2132,1984,3107
395,15270,15392,50,2131,1984,3097
395,15270,15392,51,2130,1984,3079
395,15270,15392,52,2126,1984,3062
395,15270,15392,53,2125,1984,3053
395,15270,15392,54,2123,1984,3040
395,15270,15392,55,2120,1984,3022
395,15270,15392,56,2119,1984,3011
395,15270,15392,57,2116,1984,2993
395,15270,15392,58,2115,1984,2982
395,15270,15392,59,2115,1984,2962
395,15270,15392,60,2111,1984,2950
395,15270,15392,61,2110,1984,2943
395,15270,15392,62,2109,1984,2920
395,15270,15392,63,2105,1985,2909
395,15270,15392,64,2104,1985,2893
395,15270,15392,65,2102,1984,2881
395,15270,15392,66,2100,1985,2868
395,15270,15392,67,2097,1984,2852
395,15270,15392,68,2096,1984,2839
395,15270,15392,69,2094,1984,2825
395,15270,15392,70,2092,1984,2808
395,15270,15392,71,2089,1984,2796
395,15270,15392,72,2088,1984,2783
395,15270,15392,73,2086,1984,2762
395,15270,15392,74,2084,1984,2753
395,15270,15392,75,2082,1983,2741
395,15270,15392,76,2081,1983,2727
395,15270,15392,77,2079,1984,2708
395,15270,15392,78,2076,1983,2697
395,15270,15392,79,2075,1984,2683
395,15270,15392,80,2072,1984,2666
395,15270,15392,81,2071,1984,2651
395,15270,15392,82,2069,1984,2639
395,15270,15392,83,2067,1984,2626
395,15270,15392,84,2065,1984,2612
395,15270,15392,85,2062,1983,2598
395,15270,15392,86,2062,1983,2586
395,15270,15392,87,2058,1984,2567
395,15270,15392,88,2057,1984,2552
395,15270,15392,89,2057,1983,2552
395,15270,15392,90,2059,1984,2569
395,15270,15392,91,2061,1984,2582
395,15270,15392,92,2063,1984,2596
395,15270,15392,93,2065,1984,2611
395,15270,15392,94,2067,1984,2625
395,15270,15392,95,2069,1985,2638
395,15270,15392,96,2070,1983,2654
395,15270,15392,97,2072,1984,2665
395,15270,15392,98,2074,1984,2678
395,15270,15392,99,2076,1984,2694
395,15270,15392,100,2078,1984,2701
395,15270,15392,101,2080,1984,2723
395,15270,15392,102,2083,1984,2739
395,15270,15392,103,2084,1984,2754
395,15270,15392,104,2085,1984,2769
395,15270,15392,105,2088,1984,2780
395,15270,15392,106,2089,1984,2797
395,15270,15392,107,2091,1983,2810
395,15270,15392,108,2094,1984,2822
395,15270,15392,109,2096,1984,2836
395,15270,15392,110,2098,1984,2852
395,15270,15392,111,2100,1984,2862
395,15270,15392,112,2102,1984,2879
395,15270,15392,113,2104,1984,2893
395,15270,15392,114,2106,1984,2910
395,15270,15392,115,2107,1985,2922
395,15270,15392,116,2109,1984,2939
395,15270,15392,117,2112,1984,2955
395,15270,15392,118,2113,1984,2962
395,15270,15392,119,2116,1985,2984
395,15270,15392,120,2116,1985,2994
395,15270,15392,121,2119,1984,3007
395,15270,15392,122,2121,1984,3022
395,15270,15392,123,2123,1984,3035
395,15270,15392,124,2126,1985,3054
395,15270,15392,125,2126,1985,3063
395,15270,15392,126,2130,1985,3067
395,15270,15392,127,2131,1985,3094
395,15270,15392,128,2133,1985,3106
395,15270,15392,129,2134,1985,3124
395,15270,15392,130,2136,1984,3135
395,15270,15392,131,2140,1984,3151
395,15270,15392,132,2140,1985,3167
395,15270,15392,133,2143,1985,3177
395,15270,15392,134,2145,1985,3193
395,15270,15392,135,2148,1985,3207
395,15270,15392,136,2149,1984,3222
395,15270,15392,137,2149,1985,3238
395,15270,15392,138,2152,1985,3249
395,15270,15392,139,2154,1985,3264
395,15270,15392,140,2156,1985,3279
395,15270,15392,141,2159,1985,3293
395,15270,15392,142,2159,1985,3304
395,15270,15392,143,2164,1985,3319
395,15270,15392,144,2165,1985,3338
395,15270,15392,145,2166,1985,3352
395,15270,15392,146,2169,1986,3366
395,15270,15392,147,2170,1985,3379
395,15270,15392,148,2172,1986,3385
395,15270,15392,149,2175,1985,3407
395,15270,15392,150,2176,1985,3412
395,15270,15392,151,2179,1986,3433
395,15270,15392,152,2180,1985,3450
395,15270,15392,153,2180,1985,3462
395,15270,15392,154,2185,1986,3473
395,15270,15392,155,2183,1985,3472
395,15270,15392,156,2183,1985,3470
395,15270,15392,157,2186,1985,3486
395,15270,15392,158,2187,1986,3492
395,15270,15392,159,2189,1986,3510
395,15270,15392,160,2188,1985,3516
395,15270,15392,161,2191,1986,3524
395,15270,15392,162,2182,1985,3451
395,15270,15392,163,2174,1984,3362
395,15270,15392,164,2159,1984,3271
395,15270,15392,165,2146,1983,3156
395,15270,15392,166,2128,1984,3047
395,15270,15392,167,2112,1982,2927
395,15270,15392,168,2094,1983,2803
395,15270,15392,169,2079,1983,2670
395,15270,15392,170,2061,1982,2566
395,15270,15392,171,2051,1982,2419
395,15270,15392,172,2024,1982,2282
395,15270,15392,173,2009,1982,2148
395,15270,15392,174,1987,1982,2041
395,15270,15392,175,1974,1982,1942
395,15270,15392,176,1963,1982,1827
395,15270,15392,177,1944,1981,1708
395,15270,15392,178,1937,1981,1645
395,15270,15392,179,1919,1981,1533
395,15270,15392,180,1908,1979,1399
395,15270,15392,181,1891,1979,1268
395,15270,15392,182,1870,1979,1125
395,15270,15392,183,1852,1979,981
395,15270,15392,184,1834,1979,879
395,15270,15392,185,1817,1976,675
395,15270,15392,186,1797,1976,518
395,15270,15392,187,1782,1974,342
395,15270,15392,188,1762,1973,217
395,15270,15392,189,1760,1974,225
395,15270,15392,190,1761,1974,248
395,15270,15392,191,1763,1975,251
395,15270,15392,192,1765,1974,268
395,15270,15392,193,1766,1974,279
395,15270,15392,194,1769,1975,297
395,15270,15392,195,1770,1975,316
395,15270,15392,196,1771,1975,324
395,15270,15392,197,1773,1975,341
395,15270,15392,198,1774,1975,352
395,15270,15392,199,1775,1976,365
395,15270,15392,200,1777,1976,380
395,15270,15392,201,1779,1976,398
395,15270,15392,202,1781,1976,412
395,15270,15392,203,1782,1976,422
395,15270,15392,204,1783,1976,440
395,15270,15392,205,1785,1977,454
395,15270,15392,206,1786,1977,469
395,15270,15392,207,1788,1977,479
395,15270,15392,208,1791,1977,495
395,15270,15392,209,1791,1976,511
395,15270,15392,210,1794,1977,516
395,15270,15392,211,1794,1978,535
395,15270,15392,212,1797,1977,550
395,15270,15392,213,1798,1977,567
395,15270,15392,214,1799,1978,579
395,15270,15392,215,1801,1978,594
395,15270,15392,216,1803,1977,611
395,15270,15392,217,1805,1978,630
395,15270,15392,218,1803,1978,636
395,15270,15392,219,1807,1979,654
395,15270,15392,220,1809,1978,662
395,15270,15392,221,1811,1978,680
395,15270,15392,222,1812,1978,694
395,15270,15392,223,1815,1978,712
395,15270,15392,224,1816,1979,723
395,15270,15392,225,1818,1978,735
395,15270,15392,226,1820,1978,750
395,15270,15392,227,1822,1979,768
395,15270,15392,228,1823,1979,778
395,15270,15392,229,1824,1979,794
395,15270,15392,230,1826,1979,808
395,15270,15392,231,1827,1979,820
395,15270,15392,232,1829,1979,835
395,15270,15392,233,1830,1979,850
395,15270,15392,234,1833,1979,865
395,15270,15392,235,1835,1980,878
395,15270,15392,236,1836,1979,895
395,15270,15392,237,1838,1980,913
395,15270,15392,238,1839,1980,922
395,15270,15392,239,1842,1980,935
395,15270,15392,240,1844,1980,953
395,15270,15392,241,1845,1980,962
395,15270,15392,242,1846,1980,977
395,15270,15392,243,1849,1980,991
395,15270,15392,244,1850,1980,1004
395,15270,15392,245,1852,1980,1023
395,15270,15392,246,1854,1980,1035
395,15270,15392,247,1855,1980,1048
395,15270,15392,248,1857,1980,1060
395,15270,15392,249,1859,1980,1078
395,15270,15392,250,1861,1981,1096
395,15270,15392,251,1863,1980,1104
395,15270,15392,252,1864,1980,1122
395,15270,15392,253,1866,1980,1132
395,15270,15392,254,1868,1980,1147
395,15270,15392,255,1869,1980,1161
395,15270,15392,256,1872,1980,1176
395,15270,15392,257,1873,1980,1190
395,15270,15392,258,1875,1981,1205
395,15270,15392,259,1877,1981,1220
395,15270,15392,260,1878,1981,1233
395,15270,15392,261,1880,1981,1244
395,15270,15392,262,1882,1981,1260
395,15270,15392,263,1883,1980,1271
395,15270,15392,264,1885,1981,1289
395,15270,15392,265,1887,1980,1302
395,15270,15392,266,1889,1981,1319
395,15270,15392,267,1889,1981,1316
395,15270,15392,268,1888,1981,1305
395,15270,15392,269,1885,1980,1289
395,15270,15392,270,1884,1981,1275
395,15270,15392,271,1881,1980,1267
395,15270,15392,272,1881,1981,1249
395,15270,15392,273,1878,1980,1236
395,15270,15392,274,1876,1980,1220
395,15270,15392,275,1876,1980,1201
395,15270,15392,276,1873,1980,1196
395,15270,15392,277,1872,1981,1178
395,15270,15392,278,1869,1980,1162
395,15270,15392,279,1869,1980,1149
395,15270,15392,280,1865,1980,1134
395,15270,15392,281,1864,1980,1120
395,15270,15392,282,1862,1980,1106
395,15270,15392,283,1860,1979,1090
395,15270,15392,284,1859,1980,1077
395,15270,15392,285,1857,1980,1064
395,15270,15392,286,1854,1980,1051
395,15270,15392,287,1853,1980,1034
395,15270,15392,288,1851,1979,1022
395,15270,15392,289,1850,1980,1006
395,15270,15392,290,1848,1980,985
395,15270,15392,291,1846,1979,976
395,15270,15392,292,1845,1980,963
395,15270,15392,293,1842,1979,948
395,15270,15392,294,1841,1980,935
395,15270,15392,295,1840,1980,922
395,15270,15392,296,1837,1979,906
395,15270,15392,297,1836,1978,892
395,15270,15392,298,1835,1979,878
395,15270,15392,299,1833,1979,863
395,15270,15392,300,1831,1979,848
395,15270,15392,301,1829,1979,837
395,15270,15392,302,1828,1979,824
395,15270,15392,303,1826,1979,806
395,15270,15392,304,1823,1978,793
395,15270,15392,305,1822,1979,778
395,15270,15392,306,1820,1979,763
395,15270,15392,307,1819,1978,751
395,15270,15392,308,1817,1978,735
395,15270,15392,309,1816,1978,723
395,15270,15392,310,1815,1978,708
395,15270,15392,311,1813,1978,693
395,15270,15392,312,1811,1978,682
395,15270,15392,313,1810,1978,668
395,15270,15392,314,1807,1978,649
395,15270,15392,315,1806,1977,634
395,15270,15392,316,1804,1978,624
395,15270,15392,317,1803,1978,608
395,15270,15392,318,1802,1978,596
395,15270,15392,319,1799,1977,581
395,15270,15392,320,1799,1977,564
395,15270,15392,321,1798,1978,551
395,15270,15392,322,1794,1977,517
395,15270,15392,323,1793,1977,524
395,15270,15392,324,1791,1976,508
395,15270,15392,325,1789,1977,494
395,15270,15392,326,1788,1977,480
395,15270,15392,327,1787,1977,466
395,15270,15392,328,1785,1976,456
395,15270,15392,329,1784,1976,439
395,15270,15392,330,1782,1976,423
395,15270,15392,331,1780,1976,411
395,15270,15392,332,1778,1975,396
395,15270,15392,333,1776,1975,380
395,15270,15392,334,1775,1975,368
395,15270,15392,335,1774,1975,351
395,15270,15392,336,1771,1975,344
395,15270,15392,337,1771,1975,326
395,15270,15392,338,1769,1974,314
395,15270,15392,339,1768,1974,296
395,15270,15392,340,1766,1975,284
395,15270,15392,341,1763,1974,268
395,15270,15392,342,1762,1974,256
395,15270,15392,343,1760,1974,241
395,15270,15392,344,1760,1974,226
395,15270,15392,345,1758,1973,210
395,15270,15392,346,1757,1974,198
395,15270,15392,347,1754,1973,183
395,15270,15392,348,1754,1972,168
395,15270,15392,349,1753,1973,156
395,15270,15392,350,1759,1974,233
395,15270,15392,351,1769,1975,311
395,15270,15392,352,1779,1977,437
395,15270,15392,353,1793,1977,558
395,15270,15392,354,1807,1979,699
395,15270,15392,355,1824,1980,839
397,15446,15568,0,2001,2028,1223
397,15446,15568,1,1876,1983,1274
397,15446,15568,2,1895,1982,1395
397,15446,15568,3,1908,1983,1533
397,15446,15568,4,1930,1983,1676
397,15446,15568,5,1945,1983,1797
397,15446,15568,6,1963,1983,1938
397,15446,15568,7,1984,1984,2066
397,15446,15568,8,2000,1984,2196
397,15446,15568,9,2019,1984,2318
397,15446,15568,10,2035,1984,2413
397,15446,15568,11,2052,1984,2561
397,15446,15568,12,2067,1984,2710
397,15446,15568,13,2085,1985,2797
397,15446,15568,14,2100,1985,2898
397,15446,15568,15,2116,1985,3039
397,15446,15568,16,2136,1985,3153
397,15446,15568,17,2155,1986,3306
397,15446,15568,18,2172,1986,3419
397,15446,15568,19,2187,1985,3494
397,15446,15568,20,2186,1984,3485
397,15446,15568,21,2183,1985,3471
397,15446,15568,22,2183,1985,3472
397,15446,15568,23,2184,1985,3475
397,15446,15568,24,2182,1985,3465
397,15446,15568,25,2181,1985,3446
397,15446,15568,26,2178,1985,3432
397,15446,15568,27,2176,1984,3420
397,15446,15568,28,2175,1985,3405
397,15446,15568,29,2172,1985,3391
397,15446,15568,30,2171,1985,3375
397,15446,15568,31,2168,1985,3360
397,15446,15568,32,2167,1984,3351
397,15446,15568,33,2165,1985,3336
397,15446,15568,34,2163,1985,3322
397,15446,15568,35,2160,1985,3306
397,15446,15568,36,2158,1985,3294
397,15446,15568,37,2156,1985,3278
397,15446,15568,38,2154,1985,3262
397,15446,15568,39,2153,1985,3249
397,15446,15568,40,2149,1985,3234
397,15446,15568,41,2149,1984,3221
397,15446,15568,42,2147,1985,3206
397,15446,15568,43,2144,1985,3195
397,15446,15568,44,2143,1985,3177
397,15446,15568,45,2141,1985,3165
397,15446,15568,46,2138,1984,3150
397,15446,15568,47,2136,1985,3136
397,15446,15568,48,2135,1984,3121
397,15446,15568,49,2133,1984,3107
397,15446,15568,50,2131,1984,3092
397,15446,15568,51,2129,1984,3078
397,15446,15568,52,2128,1985,3064
397,15446,15568,53,2125,1985,3054
397,15446,15568,54,2122,1985,3037
397,15446,15568,55,2122,1984,3022
397,15446,15568,56,2120,1985,3006
397,15446,15568,57,2116,1984,2995
397,15446,15568,58,2115,1985,2978
397,15446,15568,59,2114,1984,2967
397,15446,15568,60,2111,1984,2953
397,15446,15568,61,2109,1984,2938
397,15446,15568,62,2108,1984,2924
397,15446,15568,63,2105,1984,2908
397,15446,15568,64,2103,1984,2897
397,15446,15568,65,2102,1984,2880
397,15446,15568,66,2099,1984,2868
397,15446,15568,67,2097,1984,2851
397,15446,15568,68,2095,1984,2838
397,15446,15568,69,2094,1984,2826
397,15446,15568,70,2093,1984,2807
397,15446,15568,71,2090,1984,2796
397,15446,15568,72,2089,1984,2785
397,15446,15568,73,2086,1984,2768
397,15446,15568,74,2085,1984,2751
397,15446,15568,75,2082,1983,2738
397,15446,15568,76,2080,1984,2724
397,15446,15568,77,2078,1984,2711
397,15446,15568,78,2076,1984,2697
397,15446,15568,79,2073,1983,2682
397,15446,15568,80,2073,1983,2668
397,15446,15568,81,2070,1983,2653
397,15446,15568,82,2070,1983,2640
397,15446,15568,83,2067,1984,2625
397,15446,15568,84,2064,1983,2610
397,15446,15568,85,2063,1983,2600
397,15446,15568,86,2061,1983,2582
397,15446,15568,87,2058,1983,2570
397,15446,15568,88,2057,1983,2555
397,15446,15568,89,2056,1983,2557
397,15446,15568,90,2059,1984,2568
397,15446,15568,91,2061,1983,2582
397,15446,15568,92,2062,1984,2601
397,15446,15568,93,2065,1984,2610
397,15446,15568,94,2067,1984,2626
397,15446,15568,95,2068,1984,2638
397,15446,15568,96,2071,1984,2655
397,15446,15568,97,2073,1984,2667
397,15446,15568,98,2075,1984,2684
397,15446,15568,99,2076,1984,2695
397,15446,15568,100,2079,1985,2710
397,15446,15568,101,2079,1984,2724
397,15446,15568,102,2081,1984,2739
397,15446,15568,103,2084,1984,2753
397,15446,15568,104,2086,1984,2766
397,15446,15568,105,2087,1984,2782
397,15446,15568,106,2090,1984,2797
397,15446,15568,107,2092,1984,2807
397,15446,15568,108,2093,1984,2821
397,15446,15568,109,2096,1984,2835
397,15446,15568,110,2097,1984,2853
397,15446,15568,111,2099,1984,2880
397,15446,15568,112,2101,1984,2882
397,15446,15568,113,2104,1984,2892
397,15446,15568,114,2106,1984,2909
397,15446,15568,115,2107,1984,2913
397,15446,15568,116,2113,1985,2935
397,15446,15568,117,2111,1984,2949
397,15446,15568,118,2114,1984,2965
397,15446,15568,119,2116,1985,2980
397,15446,15568,120,2118,1984,2995
397,15446,15568,121,2119,1984,3008
397,15446,15568,122,2121,1984,3023
397,15446,15568,123,2123,1985,3036
397,15446,15568,124,2125,1984,3050
397,15446,15568,125,2127,1985,3065
397,15446,15568,126,2129,1984,3079
397,15446,15568,127,2131,1984,3092
397,15446,15568,128,2132,1984,3108
397,15446,15568,129,2135,1984,3122
397,15446,15568,130,2132,1985,3137
397,15446,15568,131,2139,1985,3156
397,15446,15568,132,2140,1985,3162
397,15446,15568,133,2143,1985,3177
397,15446,15568,134,2144,1985,3195
397,15446,15568,135,2146,1985,3206
397,15446,15568,136,2149,1985,3230
397,15446,15568,137,2151,1985,3242
397,15446,15568,138,2152,1985,3242
397,15446,15568,139,2154,1985,3265
397,15446,15568,140,2157,1985,3266
397,15446,15568,141,2158,1985,3289
397,15446,15568,142,2161,1986,3308
397,15446,15568,143,2163,1985,3320
397,15446,15568,144,2164,1985,3335
397,15446,15568,145,2166,1985,3348
397,15446,15568,146,2169,1985,3366
397,15446,15568,147,2171,1985,3376
397,15446,15568,148,2172,1985,3391
397,15446,15568,149,2175,1986,3409
397,15446,15568,150,2176,1985,3419
397,15446,15568,151,2179,1986,3434
397,15446,15568,152,2181,1986,3449
397,15446,15568,153,2183,1985,3464
397,15446,15568,154,2184,1985,3477
397,15446,15568,155,2184,1985,3472
397,15446,15568,156,2184,1985,3470
397,15446,15568,157,2185,1985,3485
397,15446,15568,158,2187,1986,3497
397,15446,15568,159,2188,1985,3509
397,15446,15568,160,2190,1985,3514
397,15446,15568,161,2190,1986,3518
397,15446,15568,162,2186,1986,3481
397,15446,15568,163,2175,1984,3401
397,15446,15568,164,2161,1984,3285
397,15446,15568,165,2149,1984,3181
397,15446,15568,166,2134,1984,3058
397,15446,15568,167,2115,1983,2949
397,15446,15568,168,2100,1982,2797
397,15446,15568,169,2081,1983,2674
397,15446,15568,170,2063,1982,2525
397,15446,15568,171,2043,1982,2412
397,15446,15568,172,2024,1981,2253
397,15446,15568,173,2000,1981,2081
397,15446,15568,174,1978,1980,1916
397,15446,15568,175,1955,1980,1755
397,15446,15568,176,1933,1980,1603
397,15446,15568,177,1917,1980,1452
397,15446,15568,178,1902,1980,1357
397,15446,15568,179,1898,1980,1261
397,15446,15568,180,1871,1980,1148
397,15446,15568,181,1856,1979,1029
397,15446,15568,182,1841,1979,901
397,15446,15568,183,1828,1977,774
397,15446,15568,184,1814,1978,654
397,15446,15568,185,1799,1977,535
397,15446,15568,186,1784,1975,413
397,15446,15568,187,1770,1974,278
397,15446,15568,188,1757,1973,211
397,15446,15568,189,1759,1974,220
397,15446,15568,190,1761,1974,244
397,15446,15568,191,1763,1974,253
397,15446,15568,192,1765,1975,270
397,15446,15568,193,1766,1975,282
397,15446,15568,194,1767,1974,289
397,15446,15568,195,1768,1975,310
397,15446,15568,196,1770,1975,324
397,15446,15568,197,1773,1975,342
397,15446,15568,198,1774,1975,357
397,15446,15568,199,1776,1975,368
397,15446,15568,200,1777,1975,382
397,15446,15568,201,1779,1976,396
397,15446,15568,202,1780,1976,409
397,15446,15568,203,1782,1976,426
397,15446,15568,204,1782,1976,438
397,15446,15568,205,1785,1976,452
397,15446,15568,206,1786,1977,469
397,15446,15568,207,1787,1976,477
397,15446,15568,208,1790,1977,497
397,15446,15568,209,1791,1977,512
397,15446,15568,210,1793,1977,522
397,15446,15568,211,1795,1977,537
397,15446,15568,212,1796,1977,551
397,15446,15568,213,1798,1978,568
397,15446,15568,214,1799,1977,579
397,15446,15568,215,1801,1978,598
397,15446,15568,216,1802,1978,606
397,15446,15568,217,1804,1978,622
397,15446,15568,218,1806,1978,639
397,15446,15568,219,1808,1978,650
397,15446,15568,220,1809,1978,666
397,15446,15568,221,1811,1978,677
397,15446,15568,222,1813,1978,692
397,15446,15568,223,1815,1978,710
397,15446,15568,224,1816,1978,721
397,15446,15568,225,1817,1979,736
397,15446,15568,226,1820,1979,750
397,15446,15568,227,1820,1979,763
397,15446,15568,228,1822,1979,781
397,15446,15568,229,1824,1979,792
397,15446,15568,230,1826,1979,806
397,15446,15568,231,1827,1979,820
397,15446,15568,232,1830,1979,833
397,15446,15568,233,1831,1979,850
397,15446,15568,234,1833,1979,860
397,15446,15568,235,1834,1980,878
397,15446,15568,236,1835,1979,884
397,15446,15568,237,1840,1980,903
397,15446,15568,238,1839,1980,924
397,15446,15568,239,1839,1979,935
397,15446,15568,240,1843,1980,951
397,15446,15568,241,1844,1980,963
397,15446,15568,242,1847,1980,971
397,15446,15568,243,1848,1979,992
397,15446,15568,244,1850,1981,1004
397,15446,15568,245,1850,1980,1018
397,15446,15568,246,1853,1980,1031
397,15446,15568,247,1854,1980,1051
397,15446,15568,248,1857,1980,1062
397,15446,15568,249,1859,1980,1075
397,15446,15568,250,1860,1980,1089
397,15446,15568,251,1862,1980,1104
397,15446,15568,252,1863,1980,1119
397,15446,15568,253,1866,1980,1134
397,15446,15568,254,1867,1980,1149
397,15446,15568,255,1869,1981,1161
397,15446,15568,256,1870,1980,1172
397,15446,15568,257,1873,1981,1190
397,15446,15568,258,1874,1980,1203
397,15446,15568,259,1876,1980,1218
397,15446,15568,260,1879,1980,1232
397,15446,15568,261,1880,1980,1246
397,15446,15568,262,1882,1981,1264
397,15446,15568,263,1882,1981,1275
397,15446,15568,264,1885,1980,1290
397,15446,15568,265,1887,1981,1305
397,15446,15568,266,1889,1981,1316
397,15446,15568,267,1889,1981,1318
397,15446,15568,268,1887,1980,1303
397,15446,15568,269,1886,1980,1289
397,15446,15568,270,1884,1980,1279
397,15446,15568,271,1881,1980,1252
397,15446,15568,272,1880,1980,1245
397,15446,15568,273,1878,1980,1234
397,15446,15568,274,1876,1980,1217
397,15446,15568,275,1876,1981,1205
397,15446,15568,276,1872,1980,1189
397,15446,15568,277,1872,1981,1173
397,15446,15568,278,1870,1980,1163
397,15446,15568,279,1868,1981,1151
397,15446,15568,280,1865,1981,1133
397,15446,15568,281,1864,1980,1118
397,15446,15568,282,1862,1980,1105
397,15446,15568,283,1861,1980,1093
397,15446,15568,284,1858,1980,1076
397,15446,15568,285,1856,1980,1063
397,15446,15568,286,1856,1980,1052
397,15446,15568,287,1853,1980,1037
397,15446,15568,288,1851,1980,1021
397,15446,15568,289,1851,1980,1006
397,15446,15568,290,1848,1979,991
397,15446,15568,291,1846,1979,976
397,15446,15568,292,1846,1979,963
397,15446,15568,293,1843,1979,945
397,15446,15568,294,1841,1979,934
397,15446,15568,295,1840,1979,921
397,15446,15568,296,1838,1979,911
397,15446,15568,297,1836,1979,886
397,15446,15568,298,1835,1979,876
397,15446,15568,299,1831,1979,863
397,15446,15568,300,1833,1979,851
397,15446,15568,301,1830,1979,834
397,15446,15568,302,1827,1979,819
397,15446,15568,303,1826,1979,807
397,15446,15568,304,1825,1978,797
397,15446,15568,305,1822,1978,779
397,15446,15568,306,1821,1979,759
397,15446,15568,307,1819,1978,751
397,15446,15568,308,1818,1979,736
397,15446,15568,309,1815,1979,723
397,15446,15568,310,1814,1978,710
397,15446,15568,311,1813,1978,693
397,15446,15568,312,1811,1978,676
397,15446,15568,313,1809,1978,664
397,15446,15568,314,1808,1978,650
397,15446,15568,315,1806,1978,637
397,15446,15568,316,1804,1979,629
397,15446,15568,317,1803,1978,607
397,15446,15568,318,1801,1977,592
397,15446,15568,319,1800,1977,580
397,15446,15568,320,1797,1976,567
397,15446,15568,321,1796,1977,552
397,15446,15568,322,1795,1977,537
397,15446,15568,323,1793,1977,524
397,15446,15568,324,1791,1976,510
397,15446,15568,325,1790,1976,498
397,15446,15568,326,1789,1977,482
397,15446,15568,327,1786,1976,467
397,15446,15568,328,1785,1976,455
397,15446,15568,329,1783,1976,441
397,15446,15568,330,1782,1976,427
397,15446,15568,331,1780,1976,410
397,15446,15568,332,1779,1976,396
397,15446,15568,333,1778,1976,380
397,15446,15568,334,1776,1976,367
397,15446,15568,335,1773,1976,352
397,15446,15568,336,1770,1975,326
397,15446,15568,337,1771,1974,329
397,15446,15568,338,1769,1975,328
397,15446,15568,339,1767,1975,299
397,15446,15568,340,1766,1974,282
397,15446,15568,341,1764,1974,264
397,15446,15568,342,1763,1974,259
397,15446,15568,343,1762,1974,239
397,15446,15568,344,1760,1973,226
397,15446,15568,345,1758,1973,209
397,15446,15568,346,1757,1974,198
397,15446,15568,347,1760,1974,241
397,15446,15568,348,1762,1975,293
397,15446,15568,349,1777,1975,378
397,15446,15568,350,1785,1977,461
397,15446,15568,351,1794,1978,564
397,15446,15568,352,1803,1979,640
397,15446,15568,353,1816,1979,748
397,15446,15568,354,1826,1980,859
397,15446,15568,355,1840,1980,966
399,15621,15743,0,2001,2027,1262
399,15621,15743,1,1877,1981,1257
399,15621,15743,2,1888,1980,1294
399,15621,15743,3,1895,1980,1371
399,15621,15743,4,1909,1982,1466
399,15621,15743,5,1915,1982,1563
399,15621,15743,6,1935,1982,1691
399,15621,15743,7,1946,1983,1789
399,15621,15743,8,1967,1983,1936
399,15621,15743,9,1984,1984,2070
399,15621,15743,10,2004,1984,2223
399,15621,15743,11,2023,1984,2356
399,15621,15743,12,2042,1985,2526
399,15621,15743,13,2065,1985,2673
399,15621,15743,14,2085,1985,2811
399,15621,15743,15,2108,1985,2972
399,15621,15743,16,2126,1986,3114
399,15621,15743,17,2147,1985,3252
399,15621,15743,18,2165,1986,3406
399,15621,15743,19,2184,1985,3494
399,15621,15743,20,2187,1985,3482
399,15621,15743,21,2183,1985,3471
399,15621,15743,22,2184,1985,3472
399,15621,15743,23,2184,1986,3475
399,15621,15743,24,2182,1985,3462
399,15621,15743,25,2181,1985,3447
399,15621,15743,26,2179,1985,3435
399,15621,15743,27,2177,1986,3424
399,15621,15743,28,2174,1985,3404
399,15621,15743,29,2172,1985,3394
399,15621,15743,30,2171,1985,3378
399,15621,15743,31,2167,1985,3356
399,15621,15743,32,2166,1985,3350
399,15621,15743,33,2165,1985,3335
399,15621,15743,34,2162,1985,3320
399,15621,15743,35,2160,1984,3305
399,15621,15743,36,2159,1985,3296
399,15621,15743,37,2157,1985,3277
399,15621,15743,38,2154,1984,3273
399,15621,15743,39,2153,1985,3252
399,15621,15743,40,2151,1984,3238
399,15621,15743,41,2148,1985,3222
399,15621,15743,42,2146,1985,3205
399,15621,15743,43,2144,1985,3191
399,15621,15743,44,2142,1985,3177
399,15621,15743,45,2140,1985,3165
399,15621,15743,46,2139,1984,3150
399,15621,15743,47,2137,1985,3136
399,15621,15743,48,2131,1984,3122
399,15621,15743,49,2133,1984,3106
399,15621,15743,50,2132,1984,3095
399,15621,15743,51,2129,1984,3081
399,15621,15743,52,2127,1984,3065
399,15621,15743,53,2126,1985,3050
399,15621,15743,54,2124,1985,3035
399,15621,15743,55,2121,1984,3022
399,15621,15743,56,2120,1985,3010
399,15621,15743,57,2115,1984,2993
399,15621,15743,58,2116,1984,2981
399,15621,15743,59,2112,1984,2964
399,15621,15743,60,2111,1984,2951
399,15621,15743,61,2109,1984,2939
399,15621,15743,62,2108,1985,2923
399,15621,15743,63,2105,1984,2907
399,15621,15743,64,2103,1985,2897
399,15621,15743,65,2102,1984,2878
399,15621,15743,66,2099,1984,2868
399,15621,15743,67,2098,1984,2852
399,15621,15743,68,2096,1984,2837
399,15621,15743,69,2093,1985,2822
399,15621,15743,70,2091,1984,2810
399,15621,15743,71,2090,1983,2794
399,15621,15743,72,2088,1984,2780
399,15621,15743,73,2086,1983,2763
399,15621,15743,74,2086,1984,2755
399,15621,15743,75,2082,1984,2738
399,15621,15743,76,2079,1984,2723
399,15621,15743,77,2079,1984,2708
399,15621,15743,78,2076,1984,2697
399,15621,15743,79,2075,1984,2680
399,15621,15743,80,2073,1984,2668
399,15621,15743,81,2070,1984,2657
399,15621,15743,82,2068,1983,2641
399,15621,15743,83,2066,1983,2625
399,15621,15743,84,2065,1983,2611
399,15621,15743,85,2063,1983,2596
399,15621,15743,86,2061,1983,2583
399,15621,15743,87,2059,1984,2569
399,15621,15743,88,2056,1983,2550
399,15621,15743,89,2057,1984,2554
399,15621,15743,90,2059,1983,2554
399,15621,15743,91,2061,1984,2580
399,15621,15743,92,2062,1984,2596
399,15621,15743,93,2064,1983,2612
399,15621,15743,94,2067,1984,2624
399,15621,15743,95,2068,1984,2638
399,15621,15743,96,2070,1984,2652
399,15621,15743,97,2072,1984,2671
399,15621,15743,98,2074,1983,2686
399,15621,15743,99,2076,1984,2696
399,15621,15743,100,2079,1984,2709
399,15621,15743,101,2080,1984,2722
399,15621,15743,102,2083,1985,2738
399,15621,15743,103,2085,1984,2750
399,15621,15743,104,2086,1984,2766
399,15621,15743,105,2088,1984,2785
399,15621,15743,106,2090,1984,2797
399,15621,15743,107,2091,1984,2809
399,15621,15743,108,2094,1984,2827
399,15621,15743,109,2096,1984,2840
399,15621,15743,110,2098,1984,2847
399,15621,15743,111,2099,1984,2867
399,15621,15743,112,2099,1984,2867
399,15621,15743,113,2104,1985,2895
399,15621,15743,114,2105,1984,2909
399,15621,15743,115,2108,1984,2926
399,15621,15743,116,2109,1983,2933
399,15621,15743,117,2111,1984,2945
399,15621,15743,118,2114,1985,2965
399,15621,15743,119,2115,1984,2979
399,15621,15743,120,2117,1985,2993
399,15621,15743,121,2119,1985,3011
399,15621,15743,122,2122,1985,3024
399,15621,15743,123,2123,1985,3042
399,15621,15743,124,2125,1985,3051
399,15621,15743,125,2128,1985,3064
399,15621,15743,126,2130,1985,3079
399,15621,15743,127,2131,1985,3094
399,15621,15743,128,2132,1985,3109
399,15621,15743,129,2136,1985,3119
399,15621,15743,130,2136,1985,3135
399,15621,15743,131,2140,1985,3149
399,15621,15743,132,2140,1985,3156
399,15621,15743,133,2144,1985,3179
399,15621,15743,134,2144,1985,3191
399,15621,15743,135,2147,1985,3209
399,15621,15743,136,2149,1985,3222
399,15621,15743,137,2150,1985,3237
399,15621,15743,138,2153,1985,3248
399,15621,15743,139,2154,1985,3262
399,15621,15743,140,2157,1985,3277
399,15621,15743,141,2159,1985,3293
399,15621,15743,142,2160,1985,3308
399,15621,15743,143,2163,1985,3322
399,15621,15743,144,2165,1985,3332
399,15621,15743,145,2167,1985,3347
399,15621,15743,146,2169,1986,3364
399,15621,15743,147,2170,1985,3376
399,15621,15743,148,2173,1985,3395
399,15621,15743,149,2174,1985,3404
399,15621,15743,150,2177,1985,3416
399,15621,15743,151,2178,1985,3430
399,15621,15743,152,2179,1985,3448
399,15621,15743,153,2182,1985,3462
399,15621,15743,154,2184,1986,3472
399,15621,15743,155,2183,1985,3473
399,15621,15743,156,2183,1985,3470
399,15621,15743,157,2185,1985,3482
399,15621,15743,158,2188,1985,3497
399,15621,15743,159,2189,1986,3509
399,15621,15743,160,2189,1986,3516
399,15621,15743,161,2190,1986,3513
399,15621,15743,162,2188,1986,3470
399,15621,15743,163,2178,1985,3390
399,15621,15743,164,2162,1985,3290
399,15621,15743,165,2149,1983,3169
399,15621,15743,166,2129,1984,3037
399,15621,15743,167,2115,1984,2927
399,15621,15743,168,2106,1983,2815
399,15621,15743,169,2082,1982,2685
399,15621,15743,170,2064,1982,2550
399,15621,15743,171,2046,1983,2462
399,15621,15743,172,2036,1982,2358
399,15621,15743,173,2019,1983,2256
399,15621,15743,174,2004,1982,2127
399,15621,15743,175,1987,1981,1995
399,15621,15743,176,1967,1981,1867
399,15621,15743,177,1950,1981,1716
399,15621,15743,178,1936,1982,1658
399,15621,15743,179,1918,1980,1517
399,15621,15743,180,1900,1979,1361
399,15621,15743,181,1884,1979,1218
399,15621,15743,182,1862,1980,1079
399,15621,15743,183,1845,1978,903
399,15621,15743,184,1829,1979,763
399,15621,15743,185,1813,1977,630
399,15621,15743,186,1793,1976,461
399,15621,15743,187,1776,1975,337
399,15621,15743,188,1760,1973,213
399,15621,15743,189,1760,1974,222
399,15621,15743,190,1761,1974,240
399,15621,15743,191,1763,1974,252
399,15621,15743,192,1765,1975,269
399,15621,15743,193,1765,1975,280
399,15621,15743,194,1767,1975,296
399,15621,15743,195,1769,1975,304
399,15621,15743,196,1770,1974,324
399,15621,15743,197,1772,1975,337
399,15621,15743,198,1772,1975,352
399,15621,15743,199,1775,1976,411
399,15621,15743,200,1777,1975,379
399,15621,15743,201,1778,1975,397
399,15621,15743,202,1780,1976,410
399,15621,15743,203,1782,1976,425
399,15621,15743,204,1783,1976,436
399,15621,15743,205,1785,1976,450
399,15621,15743,206,1787,1976,463
399,15621,15743,207,1787,1977,481
399,15621,15743,208,1789,1976,492
399,15621,15743,209,1792,1976,504
399,15621,15743,210,1793,1977,522
399,15621,15743,211,1794,1977,538
399,15621,15743,212,1796,1977,553
399,15621,15743,213,1798,1977,566
399,15621,15743,214,1799,1977,578
399,15621,15743,215,1802,1978,595
399,15621,15743,216,1802,1977,608
399,15621,15743,217,1804,1978,622
399,15621,15743,218,1806,1978,637
399,15621,15743,219,1807,1978,652
399,15621,15743,220,1811,1979,666
399,15621,15743,221,1811,1978,680
399,15621,15743,222,1813,1979,696
399,15621,15743,223,1815,1978,708
399,15621,15743,224,1816,1979,722
399,15621,15743,225,1818,1978,737
399,15621,15743,226,1820,1979,753
399,15621,15743,227,1819,1979,763
399,15621,15743,228,1823,1979,780
399,15621,15743,229,1823,1979,794
399,15621,15743,230,1827,1979,805
399,15621,15743,231,1827,1979,820
399,15621,15743,232,1829,1979,838
399,15621,15743,233,1832,1979,848
399,15621,15743,234,1832,1979,862
399,15621,15743,235,1834,1980,880
399,15621,15743,236,1836,1979,892
399,15621,15743,237,1836,1980,907
399,15621,15743,238,1839,1980,920
399,15621,15743,239,1841,1979,935
399,15621,15743,240,1843,1980,943
399,15621,15743,241,1845,1980,967
399,15621,15743,242,1846,1980,978
399,15621,15743,243,1848,1980,991
399,15621,15743,244,1849,1980,1004
399,15621,15743,245,1852,1980,1021
399,15621,15743,246,1854,1980,1035
399,15621,15743,247,1855,1980,1051
399,15621,15743,248,1857,1981,1063
399,15621,15743,249,1859,1980,1078
399,15621,15743,250,1861,1981,1092
399,15621,15743,251,1863,1980,1108
399,15621,15743,252,1864,1980,1123
399,15621,15743,253,1866,1980,1132
399,15621,15743,254,1867,1980,1147
399,15621,15743,255,1871,1980,1163
399,15621,15743,256,1872,1981,1175
399,15621,15743,257,1873,1981,1186
399,15621,15743,258,1875,1981,1203
399,15621,15743,259,1877,1981,1221
399,15621,15743,260,1877,1980,1234
399,15621,15743,261,1881,1981,1244
399,15621,15743,262,1881,1980,1261
399,15621,15743,263,1883,1981,1275
399,15621,15743,264,1885,1981,1290
399,15621,15743,265,1887,1980,1296
399,15621,15743,266,1889,1981,1321
399,15621,15743,267,1888,1980,1316
399,15621,15743,268,1887,1981,1309
399,15621,15743,269,1886,1981,1290
399,15621,15743,270,1883,1981,1283
399,15621,15743,271,1882,1981,1258
399,15621,15743,272,1879,1981,1247
399,15621,15743,273,1878,1980,1239
399,15621,15743,274,1876,1981,1220
399,15621,15743,275,1874,1980,1205
399,15621,15743,276,1873,1981,1190
399,15621,15743,277,1870,1980,1193
399,15621,15743,278,1869,1980,1163
399,15621,15743,279,1868,1980,1143
399,15621,15743,280,1865,1980,1133
399,15621,15743,281,1864,1980,1122
399,15621,15743,282,1863,1980,1103
399,15621,15743,283,1860,1980,1093
399,15621,15743,284,1858,1980,1077
399,15621,15743,285,1856,1980,1065
399,15621,15743,286,1854,1980,1050
399,15621,15743,287,1853,1979,1035
399,15621,15743,288,1852,1979,1020
399,15621,15743,289,1850,1980,1005
399,15621,15743,290,1848,1980,994
399,15621,15743,291,1846,1979,973
399,15621,15743,292,1845,1979,964
399,15621,15743,293,1843,1979,948
399,15621,15743,294,1841,1980,933
399,15621,15743,295,1839,1979,921
399,15621,15743,296,1838,1979,906
399,15621,15743,297,1836,1979,894
399,15621,15743,298,1834,1979,878
399,15621,15743,299,1833,1979,864
399,15621,15743,300,1831,1979,849
399,15621,15743,301,1829,1979,835
399,15621,15743,302,1828,1979,826
399,15621,15743,303,1826,1979,808
399,15621,15743,304,1824,1979,802
399,15621,15743,305,1823,1979,776
399,15621,15743,306,1821,1978,767
399,15621,15743,307,1819,1978,752
399,15621,15743,308,1817,1978,738
399,15621,15743,309,1815,1978,722
399,15621,15743,310,1814,1978,707
399,15621,15743,311,1812,1978,692
399,15621,15743,312,1812,1978,682
399,15621,15743,313,1808,1977,664
399,15621,15743,314,1807,1978,652
399,15621,15743,315,1805,1977,636
399,15621,15743,316,1804,1978,624
399,15621,15743,317,1803,1978,616
399,15621,15743,318,1802,1978,593
399,15621,15743,319,1799,1977,582
399,15621,15743,320,1801,1978,567
399,15621,15743,321,1796,1978,552
399,15621,15743,322,1795,1977,533
399,15621,15743,323,1793,1977,524
399,15621,15743,324,1792,1977,518
399,15621,15743,325,1787,1977,493
399,15621,15743,326,1788,1976,479
399,15621,15743,327,1787,1977,464
399,15621,15743,328,1785,1976,451
399,15621,15743,329,1782,1976,438
399,15621,15743,330,1782,1976,424
399,15621,15743,331,1780,1975,409
399,15621,15743,332,1779,1976,396
399,15621,15743,333,1777,1976,382
399,15621,15743,334,1776,1975,365
399,15621,15743,335,1773,1975,356
399,15621,15743,336,1772,1975,338
399,15621,15743,337,1771,1975,325
399,15621,15743,338,1769,1975,309
399,15621,15743,339,1767,1975,297
399,15621,15743,340,1766,1975,283
399,15621,15743,341,1764,1974,267
399,15621,15743,342,1756,1974,253
399,15621,15743,343,1762,1973,235
399,15621,15743,344,1759,1974,226
399,15621,15743,345,1759,1974,212
399,15621,15743,346,1756,1973,196
399,15621,15743,347,1755,1973,184
399,15621,15743,348,1753,1973,170
399,15621,15743,349,1753,1973,178
399,15621,15743,350,1764,1975,277
399,15621,15743,351,1773,1975,372
399,15621,15743,352,1787,1978,496
399,15621,15743,353,1800,1978,628
399,15621,15743,354,1816,1980,762
399,15621,15743,355,1831,1981,920
401,15800,15922,0,2012,2031,1285
401,15800,15922,1,1890,1982,1332
401,15800,15922,2,1899,1982,1403
401,15800,15922,3,1907,1982,1498
401,15800,15922,4,1923,1981,1598
401,15800,15922,5,1936,1982,1700
401,15800,15922,6,1948,1983,1819
401,15800,15922,7,1966,1983,1926
401,15800,15922,8,1982,1983,2055
401,15800,15922,9,2002,1984,2174
401,15800,15922,10,2021,1984,2325
401,15800,15922,11,2035,1984,2457
401,15800,15922,12,2056,1984,2574
401,15800,15922,13,2065,1984,2661
401,15800,15922,14,2084,1983,2751
401,15800,15922,15,2096,1985,2878
401,15800,15922,16,2115,1985,3006
401,15800,15922,17,2131,1985,3140
401,15800,15922,18,2150,1986,3273
401,15800,15922,19,2169,1986,3419
401,15800,15922,20,2184,1985,3486
401,15800,15922,21,2183,1985,3470
401,15800,15922,22,2183,1985,3472
401,15800,15922,23,2184,1985,3472
401,15800,15922,24,2182,1986,3462
401,15800,15922,25,2180,1986,3460
401,15800,15922,26,2178,1986,3434
401,15800,15922,27,2175,1985,3420
401,15800,15922,28,2175,1985,3407
401,15800,15922,29,2172,1985,3393
401,15800,15922,30,2171,1985,3379
401,15800,15922,31,2169,1985,3369
401,15800,15922,32,2166,1985,3353
401,15800,15922,33,2164,1985,3337
401,15800,15922,34,2163,1985,3322
401,15800,15922,35,2161,1985,3307
401,15800,15922,36,2157,1985,3289
401,15800,15922,37,2158,1985,3276
401,15800,15922,38,2155,1985,3261
401,15800,15922,39,2152,1985,3250
401,15800,15922,40,2151,1985,3239
401,15800,15922,41,2150,1985,3219
401,15800,15922,42,2146,1984,3206
401,15800,15922,43,2144,1985,3191
401,15800,15922,44,2143,1985,3178
401,15800,15922,45,2140,1984,3162
401,15800,15922,46,2139,1985,3152
401,15800,15922,47,2138,1985,3135
401,15800,15922,48,2135,1984,3120
401,15800,15922,49,2132,1984,3106
401,15800,15922,50,2130,1985,3092
401,15800,15922,51,2129,1984,3081
401,15800,15922,52,2128,1984,3070
401,15800,15922,53,2125,1984,3051
401,15800,15922,54,2123,1985,3031
401,15800,15922,55,2121,1985,3019
401,15800,15922,56,2119,1984,3007
401,15800,15922,57,2119,1984,2994
401,15800,15922,58,2115,1984,2978
401,15800,15922,59,2113,1983,2963
401,15800,15922,60,2111,1984,2951
401,15800,15922,61,2109,1984,2935
401,15800,15922,62,2108,1984,2923
401,15800,15922,63,2106,1984,2914
401,15800,15922,64,2103,1984,2893
401,15800,15922,65,2101,1984,2882
401,15800,15922,66,2101,1983,2864
401,15800,15922,67,2098,1984,2849
401,15800,15922,68,2096,1984,2837
401,15800,15922,69,2094,1984,2824
401,15800,15922,70,2091,1984,2805
401,15800,15922,71,2089,1984,2791
401,15800,15922,72,2089,1984,2780
401,15800,15922,73,2086,1983,2765
401,15800,15922,74,2084,1983,2751
401,15800,15922,75,2082,1984,2739
401,15800,15922,76,2080,1983,2724
401,15800,15922,77,2077,1984,2710
401,15800,15922,78,2076,1984,2696
401,15800,15922,79,2074,1984,2682
401,15800,15922,80,2072,1983,2667
401,15800,15922,81,2071,1983,2653
401,15800,15922,82,2068,1983,2639
401,15800,15922,83,2067,1984,2624
401,15800,15922,84,2062,1983,2611
401,15800,15922,85,2063,1983,2595
401,15800,15922,86,2062,1984,2580
401,15800,15922,87,2059,1983,2565
401,15800,15922,88,2057,1984,2550
401,15800,15922,89,2057,1983,2552
401,15800,15922,90,2058,1983,2570
401,15800,15922,91,2062,1983,2582
401,15800,15922,92,2062,1984,2596
401,15800,15922,93,2064,1984,2616
401,15800,15922,94,2065,1983,2621
401,15800,15922,95,2068,1984,2637
401,15800,15922,96,2070,1983,2653
401,15800,15922,97,2072,1984,2671
401,15800,15922,98,2074,1984,2679
401,15800,15922,99,2076,1983,2700
401,15800,15922,100,2079,1984,2710
401,15800,15922,101,2079,1984,2724
401,15800,15922,102,2082,1984,2739
401,15800,15922,103,2083,1984,2753
401,15800,15922,104,2086,1984,2762
401,15800,15922,105,2088,1984,2777
401,15800,15922,106,2090,1984,2788
401,15800,15922,107,2091,1984,2809
401,15800,15922,108,2094,1983,2823
401,15800,15922,109,2096,1984,2836
401,15800,15922,110,2097,1984,2853
401,15800,15922,111,2100,1984,2864
401,15800,15922,112,2101,1984,2874
401,15800,15922,113,2104,1984,2894
401,15800,15922,114,2106,1984,2908
401,15800,15922,115,2107,1985,2922
401,15800,15922,116,2108,1985,2923
401,15800,15922,117,2112,1984,2954
401,15800,15922,118,2113,1984,2968
401,15800,15922,119,2116,1984,2982
401,15800,15922,120,2117,1984,2991
401,15800,15922,121,2120,1984,3006
401,15800,15922,122,2121,1984,3021
401,15800,15922,123,2123,1984,3037
401,15800,15922,124,2125,1984,3052
401,15800,15922,125,2126,1984,3065
401,15800,15922,126,2129,1985,3077
401,15800,15922,127,2131,1985,3090
401,15800,15922,128,2134,1984,3107
401,15800,15922,129,2133,1985,3120
401,15800,15922,130,2137,1984,3133
401,15800,15922,131,2138,1984,3148
401,15800,15922,132,2141,1984,3163
401,15800,15922,133,2143,1985,3175
401,15800,15922,134,2144,1985,3193
401,15800,15922,135,2147,1985,3206
401,15800,15922,136,2149,1985,3223
401,15800,15922,137,2151,1985,3235
401,15800,15922,138,2152,1985,3244
401,15800,15922,139,2155,1985,3265
401,15800,15922,140,2156,1985,3277
401,15800,15922,141,2158,1985,3292
401,15800,15922,142,2160,1985,3307
401,15800,15922,143,2162,1985,3321
401,15800,15922,144,2165,1985,3334
401,15800,15922,145,2165,1985,3347
401,15800,15922,146,2168,1985,3363
401,15800,15922,147,2170,1985,3380
401,15800,15922,148,2171,1985,3393
401,15800,15922,149,2175,1986,3405
401,15800,15922,150,2176,1985,3419
401,15800,15922,151,2177,1986,3431
401,15800,15922,152,2180,1985,3452
401,15800,15922,153,2181,1985,3469
401,15800,15922,154,2184,1985,3473
401,15800,15922,155,2184,1985,3472
401,15800,15922,156,2183,1985,3470
401,15800,15922,157,2184,1985,3483
401,15800,15922,158,2188,1985,3494
401,15800,15922,159,2189,1985,3510
401,15800,15922,160,2189,1985,3511
401,15800,15922,161,2184,1985,3454
401,15800,15922,162,2172,1985,3372
401,15800,15922,163,2160,1983,3262
401,15800,15922,164,2145,1984,3137
401,15800,15922,165,2135,1983,3043
401,15800,15922,166,2114,1984,2945
401,15800,15922,167,2100,1983,2816
401,15800,15922,168,2082,1983,2716
401,15800,15922,169,2071,1983,2614
401,15800,15922,170,2048,1982,2474
401,15800,15922,171,2036,1982,2372
401,15800,15922,172,2018,1982,2242
401,15800,15922,173,2000,1981,2114
401,15800,15922,174,1987,1981,1967
401,15800,15922,175,1965,1981,1847
401,15800,15922,176,1948,1981,1712
401,15800,15922,177,1929,1980,1577
401,15800,15922,178,1918,1980,1504
401,15800,15922,179,1899,1980,1379
401,15800,15922,180,1888,1980,1255
401,15800,15922,181,1870,1979,1134
401,15800,15922,182,1856,1979,1002
401,15800,15922,183,1845,1979,918
401,15800,15922,184,1830,1978,811
401,15800,15922,185,1820,1978,704
401,15800,15922,186,1803,1977,590
401,15800,15922,187,1788,1975,442
401,15800,15922,188,1776,1975,309
401,15800,15922,189,1759,1973,226
401,15800,15922,190,1761,1974,238
401,15800,15922,191,1764,1974,253
401,15800,15922,192,1764,1974,268
401,15800,15922,193,1765,1974,284
401,15800,15922,194,1767,1975,298
401,15800,15922,195,1769,1975,309
401,15800,15922,196,1770,1975,325
401,15800,15922,197,1771,1975,342
401,15800,15922,198,1774,1975,353
401,15800,15922,199,1774,1975,365
401,15800,15922,200,1776,1975,381
401,15800,15922,201,1779,1976,396
401,15800,15922,202,1780,1976,412
401,15800,15922,203,1782,1976,411
401,15800,15922,204,1784,1977,438
401,15800,15922,205,1784,1976,443
401,15800,15922,206,1787,1977,478
401,15800,15922,207,1788,1976,485
401,15800,15922,208,1789,1976,496
401,15800,15922,209,1791,1976,506
401,15800,15922,210,1792,1977,524
401,15800,15922,211,1794,1977,538
401,15800,15922,212,1797,1976,559
401,15800,15922,213,1798,1977,563
401,15800,15922,214,1799,1977,576
401,15800,15922,215,1801,1978,594
401,15800,15922,216,1802,1978,608
401,15800,15922,217,1805,1978,626
401,15800,15922,218,1805,1978,637
401,15800,15922,219,1808,1978,650
401,15800,15922,220,1808,1978,663
401,15800,15922,221,1811,1978,681
401,15800,15922,222,1813,1978,692
401,15800,15922,223,1814,1978,686
401,15800,15922,224,1816,1979,721
401,15800,15922,225,1818,1979,737
401,15800,15922,226,1819,1979,750
401,15800,15922,227,1820,1979,762
401,15800,15922,228,1822,1978,777
401,15800,15922,229,1824,1978,791
401,15800,15922,230,1826,1979,806
401,15800,15922,231,1827,1979,817
401,15800,15922,232,1830,1979,835
401,15800,15922,233,1831,1979,849
401,15800,15922,234,1833,1979,863
401,15800,15922,235,1836,1980,880
401,15800,15922,236,1835,1980,892
401,15800,15922,237,1838,1980,906
401,15800,15922,238,1839,1979,920
401,15800,15922,239,1841,1980,935
401,15800,15922,240,1843,1979,943
401,15800,15922,241,1845,1979,963
401,15800,15922,242,1846,1979,977
401,15800,15922,243,1848,1980,992
401,15800,15922,244,1850,1980,1006
401,15800,15922,245,1851,1980,1018
401,15800,15922,246,1852,1980,1033
401,15800,15922,247,1855,1980,1051
401,15800,15922,248,1856,1980,1061
401,15800,15922,249,1858,1980,1078
401,15800,15922,250,1860,1981,1091
401,15800,15922,251,1862,1980,1105
401,15800,15922,252,1863,1980,1118
401,15800,15922,253,1865,1980,1129
401,15800,15922,254,1869,1980,1147
401,15800,15922,255,1869,1981,1163
401,15800,15922,256,1870,1980,1179
401,15800,15922,257,1873,1980,1192
401,15800,15922,258,1874,1980,1205
401,15800,15922,259,1876,1980,1214
401,15800,15922,260,1878,1981,1234
401,15800,15922,261,1880,1980,1245
401,15800,15922,262,1881,1981,1262
401,15800,15922,263,1883,1980,1276
401,15800,15922,264,1887,1981,1291
401,15800,15922,265,1886,1980,1305
401,15800,15922,266,1889,1981,1317
401,15800,15922,267,1888,1981,1318
401,15800,15922,268,1887,1981,1306
401,15800,15922,269,1886,1981,1288
401,15800,15922,270,1884,1981,1279
401,15800,15922,271,1881,1980,1259
401,15800,15922,272,1880,1980,1246
401,15800,15922,273,1876,1980,1234
401,15800,15922,274,1876,1980,1220
401,15800,15922,275,1875,1980,1206
401,15800,15922,276,1873,1980,1189
401,15800,15922,277,1871,1981,1181
401,15800,15922,278,1870,1980,1164
401,15800,15922,279,1868,1980,1149
401,15800,15922,280,1866,1980,1133
401,15800,15922,281,1864,1980,1116
401,15800,15922,282,1862,1980,1107
401,15800,15922,283,1860,1980,1090
401,15800,15922,284,1859,1980,1076
401,15800,15922,285,1856,1980,1061
401,15800,15922,286,1855,1980,1048
401,15800,15922,287,1853,1980,1040
401,15800,15922,288,1851,1980,1023
401,15800,15922,289,1850,1979,1005
401,15800,15922,290,1849,1980,993
401,15800,15922,291,1845,1979,976
401,15800,15922,292,1844,1980,965
401,15800,15922,293,1843,1979,948
401,15800,15922,294,1841,1980,931
401,15800,15922,295,1840,1980,917
401,15800,15922,296,1837,1979,906
401,15800,15922,297,1837,1980,894
401,15800,15922,298,1833,1979,882
401,15800,15922,299,1834,1980,864
401,15800,15922,300,1831,1979,849
401,15800,15922,301,1830,1979,835
401,15800,15922,302,1827,1978,820
401,15800,15922,303,1826,1979,804
401,15800,15922,304,1824,1979,793
401,15800,15922,305,1822,1978,779
401,15800,15922,306,1821,1979,762
401,15800,15922,307,1819,1978,750
401,15800,15922,308,1819,1978,735
401,15800,15922,309,1815,1978,723
401,15800,15922,310,1813,1978,708
401,15800,15922,311,1813,1978,694
401,15800,15922,312,1810,1979,679
401,15800,15922,313,1809,1978,668
401,15800,15922,314,1807,1978,652
401,15800,15922,315,1807,1978,640
401,15800,15922,316,1805,1978,621
401,15800,15922,317,1803,1978,608
401,15800,15922,318,1800,1977,593
401,15800,15922,319,1800,1978,580
401,15800,15922,320,1797,1977,566
401,15800,15922,321,1796,1977,549
401,15800,15922,322,1795,1977,536
401,15800,15922,323,1793,1977,521
401,15800,15922,324,1792,1977,509
401,15800,15922,325,1790,1977,492
401,15800,15922,326,1788,1976,479
401,15800,15922,327,1787,1977,467
401,15800,15922,328,1786,1976,456
401,15800,15922,329,1783,1976,441
401,15800,15922,330,1782,1976,423
401,15800,15922,331,1781,1976,410
401,15800,15922,332,1779,1976,397
401,15800,15922,333,1776,1975,380
401,15800,15922,334,1776,1975,368
401,15800,15922,335,1773,1976,355
401,15800,15922,336,1772,1975,335
401,15800,15922,337,1770,1975,325
401,15800,15922,338,1769,1974,310
401,15800,15922,339,1767,1974,299
401,15800,15922,340,1765,1974,281
401,15800,15922,341,1764,1973,269
401,15800,15922,342,1763,1974,253
401,15800,15922,343,1761,1974,239
401,15800,15922,344,1759,1974,229
401,15800,15922,345,1757,1973,209
401,15800,15922,346,1756,1974,199
401,15800,15922,347,1753,1972,183
401,15800,15922,348,1754,1973,176
401,15800,15922,349,1762,1974,252
401,15800,15922,350,1770,1975,344
401,15800,15922,351,1780,1976,457
401,15800,15922,352,1795,1977,561
401,15800,15922,353,1804,1978,629
401,15800,15922,354,1814,1978,706
401,15800,15922,355,1825,1979,818
403,15991,16113,0,2012,2035,1122
403,15991,16113,1,1869,1982,1218
403,15991,16113,2,1875,1982,1295
403,15991,16113,3,1897,1982,1404
403,15991,16113,4,1908,1982,1522
403,15991,16113,5,1926,1982,1626
403,15991,16113,6,1945,1983,1774
403,15991,16113,7,1961,1983,1916
403,15991,16113,8,1981,1983,2047
403,15991,16113,9,1997,1984,2146
403,15991,16113,10,2015,1984,2300
403,15991,16113,11,2035,1984,2438
403,15991,16113,12,2053,1984,2559
403,15991,16113,13,2074,1985,2705
403,15991,16113,14,2091,1985,2859
403,15991,16113,15,2111,1985,2989
403,15991,16113,16,2138,1986,3169
403,15991,16113,17,2160,1986,3355
403,15991,16113,18,2178,1986,3477
403,15991,16113,19,2187,1985,3495
403,15991,16113,20,2186,1985,3485
403,15991,16113,21,2183,1985,3471
403,15991,16113,22,2183,1985,3473
403,15991,16113,23,2185,1985,3475
403,15991,16113,24,2182,1985,3461
403,15991,16113,25,2180,1985,3441
403,15991,16113,26,2179,1985,3434
403,15991,16113,27,2176,1985,3420
403,15991,16113,28,2174,1985,3406
403,15991,16113,29,2173,1985,3390
403,15991,16113,30,2170,1985,3375
403,15991,16113,31,2168,1985,3364
403,15991,16113,32,2167,1985,3351
403,15991,16113,33,2164,1985,3325
403,15991,16113,34,2163,1985,3321
403,15991,16113,35,2160,1985,3307
403,15991,16113,36,2159,1986,3291
403,15991,16113,37,2157,1985,3275
403,15991,16113,38,2154,1986,3272
403,15991,16113,39,2151,1985,3250
403,15991,16113,40,2151,1985,3236
403,15991,16113,41,2148,1984,3218
403,15991,16113,42,2146,1984,3208
403,15991,16113,43,2145,1984,3192
403,15991,16113,44,2143,1984,3175
403,15991,16113,45,2140,1985,3168
403,15991,16113,46,2138,1985,3150
403,15991,16113,47,2137,1985,3133
403,15991,16113,48,2135,1984,3118
403,15991,16113,49,2134,1984,3101
403,15991,16113,50,2132,1984,3090
403,15991,16113,51,2129,1985,3076
403,15991,16113,52,2126,1985,3062
403,15991,16113,53,2125,1985,3053
403,15991,16113,54,2123,1984,3033
403,15991,16113,55,2120,1984,3021
403,15991,16113,56,2120,1984,3003
403,15991,16113,57,2116,1984,2995
403,15991,16113,58,2116,1984,2977
403,15991,16113,59,2113,1984,2966
403,15991,16113,60,2111,1984,2955
403,15991,16113,61,2110,1984,2937
403,15991,16113,62,2108,1984,2920
403,15991,16113,63,2104,1984,2910
403,15991,16113,64,2103,1984,2895
403,15991,16113,65,2102,1984,2880
403,15991,16113,66,2100,1984,2870
403,15991,16113,67,2097,1984,2851
403,15991,16113,68,2096,1984,2836
403,15991,16113,69,2094,1984,2823
403,15991,16113,70,2092,1984,2808
403,15991,16113,71,2090,1984,2791
403,15991,16113,72,2088,1984,2779
403,15991,16113,73,2086,1984,2766
403,15991,16113,74,2083,1984,2753
403,15991,16113,75,2080,1983,2739
403,15991,16113,76,2080,1983,2724
403,15991,16113,77,2077,1983,2709
403,15991,16113,78,2077,1983,2695
403,15991,16113,79,2073,1984,2685
403,15991,16113,80,2072,1983,2663
403,15991,16113,81,2070,1984,2654
403,15991,16113,82,2073,1983,2640
403,15991,16113,83,2066,1984,2631
403,15991,16113,84,2064,1984,2611
403,15991,16113,85,2062,1983,2599
403,15991,16113,86,2060,1983,2580
403,15991,16113,87,2059,1983,2566
403,15991,16113,88,2057,1984,2552
403,15991,16113,89,2055,1983,2557
403,15991,16113,90,2059,1983,2570
403,15991,16113,91,2061,1983,2582
403,15991,16113,92,2062,1983,2594
403,15991,16113,93,2063,1983,2609
403,15991,16113,94,2067,1984,2630
403,15991,16113,95,2068,1984,2638
403,15991,16113,96,2071,1984,2654
403,15991,16113,97,2073,1984,2665
403,15991,16113,98,2073,1984,2686
403,15991,16113,99,2076,1984,2696
403,15991,16113,100,2077,1984,2711
403,15991,16113,101,2079,1984,2724
403,15991,16113,102,2083,1984,2739
403,15991,16113,103,2084,1984,2750
403,15991,16113,104,2086,1984,2762
403,15991,16113,105,2088,1984,2780
403,15991,16113,106,2090,1984,2794
403,15991,16113,107,2091,1984,2812
403,15991,16113,108,2093,1983,2821
403,15991,16113,109,2096,1984,2839
403,15991,16113,110,2097,1984,2850
403,15991,16113,111,2099,1984,2865
403,15991,16113,112,2101,1984,2877
403,15991,16113,113,2104,1985,2894
403,15991,16113,114,2105,1985,2908
403,15991,16113,115,2108,1985,2922
403,15991,16113,116,2109,1985,2938
403,15991,16113,117,2111,1984,2952
403,15991,16113,118,2113,1984,2965
403,15991,16113,119,2115,1984,2977
403,15991,16113,120,2117,1984,2992
403,15991,16113,121,2120,1984,3006
403,15991,16113,122,2120,1984,3020
403,15991,16113,123,2124,1984,3035
403,15991,16113,124,2124,1984,3048
403,15991,16113,125,2127,1985,3064
403,15991,16113,126,2129,1984,3077
403,15991,16113,127,2131,1985,3092
403,15991,16113,128,2133,1985,3105
403,15991,16113,129,2134,1985,3120
403,15991,16113,130,2136,1985,3136
403,15991,16113,131,2140,1985,3149
403,15991,16113,132,2141,1984,3166
403,15991,16113,133,2143,1985,3180
403,15991,16113,134,2144,1984,3190
403,15991,16113,135,2147,1985,3210
403,15991,16113,136,2148,1985,3221
403,15991,16113,137,2151,1985,3229
403,15991,16113,138,2152,1985,3251
403,15991,16113,139,2156,1985,3265
403,15991,16113,140,2156,1984,3280
403,15991,16113,141,2159,1985,3294
403,15991,16113,142,2159,1985,3304
403,15991,16113,143,2162,1985,3322
403,15991,16113,144,2167,1985,3333
403,15991,16113,145,2166,1985,3350
403,15991,16113,146,2169,1985,3367
403,15991,16113,147,2169,1985,3379
403,15991,16113,148,2172,1986,3394
403,15991,16113,149,2174,1985,3406
403,15991,16113,150,2176,1985,3420
403,15991,16113,151,2178,1985,3433
403,15991,16113,152,2180,1985,3448
403,15991,16113,153,2181,1986,3463
403,15991,16113,154,2184,1985,3474
403,15991,16113,155,2184,1985,3472
403,15991,16113,156,2184,1985,3470
403,15991,16113,157,2183,1985,3486
403,15991,16113,158,2188,1986,3501
403,15991,16113,159,2188,1985,3507
403,15991,16113,160,2189,1985,3514
403,15991,16113,161,2190,1985,3521
403,15991,16113,162,2190,1985,3521
403,15991,16113,163,2189,1985,3493
403,15991,16113,164,2176,1984,3405
403,15991,16113,165,2165,1984,3305
403,15991,16113,166,2150,1984,3176
403,15991,16113,167,2135,1984,3073
403,15991,16113,168,2117,1983,2942
403,15991,16113,169,2096,1982,2806
403,15991,16113,170,2081,1983,2667
403,15991,16113,171,2060,1982,2493
403,15991,16113,172,2034,1982,2357
403,15991,16113,173,2018,1981,2204
403,15991,16113,174,1995,1981,2033
403,15991,16113,175,1973,1981,1905
403,15991,16113,176,1954,1980,1758
403,15991,16113,177,1934,1980,1609
403,15991,16113,178,1924,1980,1535
403,15991,16113,179,1905,1980,1410
403,15991,16113,180,1890,1980,1286
403,15991,16113,181,1875,1980,1150
403,15991,16113,182,1857,1979,1014
403,15991,16113,183,1841,1978,879
403,15991,16113,184,1824,1978,736
403,15991,16113,185,1807,1977,595
403,15991,16113,186,1790,1975,411
403,15991,16113,187,1769,1974,269
403,15991,16113,188,1758,1974,210
403,15991,16113,189,1759,1974,224
403,15991,16113,190,1760,1975,241
403,15991,16113,191,1763,1974,253
403,15991,16113,192,1764,1975,269
403,15991,16113,193,1766,1974,285
403,15991,16113,194,1768,1975,299
403,15991,16113,195,1767,1974,308
403,15991,16113,196,1771,1975,327
403,15991,16113,197,1772,1974,338
403,15991,16113,198,1774,1975,354
403,15991,16113,199,1775,1976,368
403,15991,16113,200,1776,1975,381
403,15991,16113,201,1778,1976,396
403,15991,16113,202,1780,1976,412
403,15991,16113,203,1781,1976,424
403,15991,16113,204,1782,1976,437
403,15991,16113,205,1785,1976,453
403,15991,16113,206,1786,1976,467
403,15991,16113,207,1787,1976,479
403,15991,16113,208,1790,1977,496
403,15991,16113,209,1791,1976,512
403,15991,16113,210,1793,1977,524
403,15991,16113,211,1794,1977,535
403,15991,16113,212,1797,1977,551
403,15991,16113,213,1797,1978,567
403,15991,16113,214,1799,1977,581
403,15991,16113,215,1801,1977,592
403,15991,16113,216,1803,1977,603
403,15991,16113,217,1804,1978,624
403,15991,16113,218,1805,1978,642
403,15991,16113,219,1808,1977,653
403,15991,16113,220,1809,1978,659
403,15991,16113,221,1811,1978,681
403,15991,16113,222,1813,1978,692
403,15991,16113,223,1814,1978,707
403,15991,16113,224,1816,1979,721
403,15991,16113,225,1817,1979,737
403,15991,16113,226,1819,1979,748
403,15991,16113,227,1821,1978,767
403,15991,16113,228,1823,1978,778
403,15991,16113,229,1825,1979,792
403,15991,16113,230,1825,1979,805
403,15991,16113,231,1828,1979,816
403,15991,16113,232,1830,1979,834
403,15991,16113,233,1831,1979,851
403,15991,16113,234,1832,1980,863
403,15991,16113,235,1834,1979,877
403,15991,16113,236,1835,1979,892
403,15991,16113,237,1838,1979,904
403,15991,16113,238,1840,1979,923
403,15991,16113,239,1841,1978,933
403,15991,16113,240,1843,1979,950
403,15991,16113,241,1845,1980,962
403,15991,16113,242,1846,1980,978
403,15991,16113,243,1849,1980,990
403,15991,16113,244,1849,1980,1004
403,15991,16113,245,1852,1980,1018
403,15991,16113,246,1853,1980,1033
403,15991,16113,247,1855,1980,1045
403,15991,16113,248,1857,1980,1061
403,15991,16113,249,1859,1980,1074
403,15991,16113,250,1860,1980,1090
403,15991,16113,251,1862,1980,1103
403,15991,16113,252,1864,1980,1119
403,15991,16113,253,1866,1980,1133
403,15991,16113,254,1867,1981,1147
403,15991,16113,255,1868,1980,1160
403,15991,16113,256,1871,1981,1177
403,15991,16113,257,1872,1980,1178
403,15991,16113,258,1875,1981,1204
403,15991,16113,259,1877,1981,1218
403,15991,16113,260,1879,1980,1241
403,15991,16113,261,1880,1981,1247
403,15991,16113,262,1882,1980,1260
403,15991,16113,263,1884,1981,1276
403,15991,16113,264,1886,1981,1289
403,15991,16113,265,1887,1981,1304
403,15991,16113,266,1888,1981,1317
403,15991,16113,267,1890,1981,1319
403,15991,16113,268,1887,1981,1302
403,15991,16113,269,1886,1981,1290
403,15991,16113,270,1883,1981,1276
403,15991,16113,271,1881,1980,1263
403,15991,16113,272,1880,1981,1244
403,15991,16113,273,1877,1980,1233
403,15991,16113,274,1877,1980,1216
403,15991,16113,275,1875,1980,1205
403,15991,16113,276,1874,1980,1191
403,15991,16113,277,1870,1980,1175
403,15991,16113,278,1870,1980,1164
403,15991,16113,279,1867,1981,1146
403,15991,16113,280,1866,1980,1134
403,15991,16113,281,1864,1980,1118
403,15991,16113,282,1863,1980,1104
403,15991,16113,283,1861,1979,1091
403,15991,16113,284,1859,1979,1077
403,15991,16113,285,1857,1980,1062
403,15991,16113,286,1855,1979,1046
403,15991,16113,287,1854,1980,1034
403,15991,16113,288,1851,1980,1012
403,15991,16113,289,1851,1980,1003
403,15991,16113,290,1847,1980,990
403,15991,16113,291,1846,1980,975
403,15991,16113,292,1844,1980,968
403,15991,16113,293,1844,1979,951
403,15991,16113,294,1841,1979,924
403,15991,16113,295,1840,1979,920
403,15991,16113,296,1838,1979,911
403,15991,16113,297,1836,1979,893
403,15991,16113,298,1835,1979,873
403,15991,16113,299,1831,1979,865
403,15991,16113,300,1830,1979,850
403,15991,16113,301,1830,1979,835
403,15991,16113,302,1828,1979,822
403,15991,16113,303,1825,1979,809
403,15991,16113,304,1823,1979,793
403,15991,16113,305,1823,1978,777
403,15991,16113,306,1821,1978,764
403,15991,16113,307,1820,1978,751
403,15991,16113,308,1817,1978,736
403,15991,16113,309,1817,1979,721
403,15991,16113,310,1814,1978,708
403,15991,16113,311,1812,1978,693
403,15991,16113,312,1811,1978,680
403,15991,16113,313,1810,1978,666
403,15991,16113,314,1807,1978,648
403,15991,16113,315,1807,1978,636
403,15991,16113,316,1803,1978,619
403,15991,16113,317,1802,1977,611
403,15991,16113,318,1801,1978,592
403,15991,16113,319,1799,1977,570
403,15991,16113,320,1798,1977,564
403,15991,16113,321,1795,1977,548
403,15991,16113,322,1795,1977,538
403,15991,16113,323,1792,1977,523
403,15991,16113,324,1792,1977,509
403,15991,16113,325,1790,1976,492
403,15991,16113,326,1787,1976,478
403,15991,16113,327,1787,1976,465
403,15991,16113,328,1784,1976,451
403,15991,16113,329,1784,1976,439
403,15991,16113,330,1782,1976,423
403,15991,16113,331,1778,1976,411
403,15991,16113,332,1778,1976,396
403,15991,16113,333,1776,1975,384
403,15991,16113,334,1775,1975,366
403,15991,16113,335,1773,1975,350
403,15991,16113,336,1772,1975,336
403,15991,16113,337,1771,1975,321
403,15991,16113,338,1769,1974,310
403,15991,16113,339,1769,1974,299
403,15991,16113,340,1766,1974,280
403,15991,16113,341,1764,1975,265
403,15991,16113,342,1762,1974,254
403,15991,16113,343,1761,1973,240
403,15991,16113,344,1760,1974,224
403,15991,16113,345,1759,1973,207
403,15991,16113,346,1756,1973,197
403,15991,16113,347,1755,1973,181
403,15991,16113,348,1754,1974,187
403,15991,16113,349,1761,1974,251
403,15991,16113,350,1773,1976,357
403,15991,16113,351,1782,1977,444
403,15991,16113,352,1793,1978,561
403,15991,16113,353,1802,1979,670
403,15991,16113,354,1820,1979,787
403,15991,16113,355,1834,1980,917
405,16167,16289,0,2009,2028,1274
405,16167,16289,1,1887,1982,1347
405,16167,16289,2,1899,1981,1416
405,16167,16289,3,1910,1981,1495
405,16167,16289,4,1923,1982,1600
405,16167,16289,5,1937,1982,1717
405,16167,16289,6,1948,1983,1811
405,16167,16289,7,1966,1983,1945
405,16167,16289,8,1984,1983,2058
405,16167,16289,9,2001,1983,2169
405,16167,16289,10,2018,1984,2315
405,16167,16289,11,2036,1985,2469
405,16167,16289,12,2056,1984,2597
405,16167,16289,13,2075,1984,2686
405,16167,16289,14,2086,1985,2802
405,16167,16289,15,2102,1984,2934
405,16167,16289,16,2119,1985,3028
405,16167,16289,17,2134,1985,3176
405,16167,16289,18,2151,1985,3297
405,16167,16289,19,2173,1986,3450
405,16167,16289,20,2185,1985,3487
405,16167,16289,21,2183,1985,3471
405,16167,16289,22,2183,1985,3471
405,16167,16289,23,2184,1985,3478
405,16167,16289,24,2183,1985,3453
405,16167,16289,25,2181,1985,3448
405,16167,16289,26,2178,1984,3445
405,16167,16289,27,2177,1985,3421
405,16167,16289,28,2175,1985,3405
405,16167,16289,29,2172,1986,3392
405,16167,16289,30,2170,1985,3382
405,16167,16289,31,2167,1985,3365
405,16167,16289,32,2167,1985,3346
405,16167,16289,33,2164,1985,3332
405,16167,16289,34,2162,1985,3322
405,16167,16289,35,2161,1985,3310
405,16167,16289,36,2159,1985,3287
405,16167,16289,37,2156,1985,3277
405,16167,16289,38,2155,1985,3260
405,16167,16289,39,2151,1985,3248
405,16167,16289,40,2151,1985,3234
405,16167,16289,41,2149,1984,3224
405,16167,16289,42,2148,1984,3206
405,16167,16289,43,2145,1985,3195
405,16167,16289,44,2143,1984,3178
405,16167,16289,45,2141,1984,3162
405,16167,16289,46,2140,1984,3147
405,16167,16289,47,2136,1984,3134
405,16167,16289,48,2135,1984,3118
405,16167,16289,49,2133,1984,3109
405,16167,16289,50,2131,1984,3093
405,16167,16289,51,2129,1984,3078
405,16167,16289,52,2128,1984,3061
405,16167,16289,53,2124,1984,3047
405,16167,16289,54,2123,1985,3035
405,16167,16289,55,2121,1984,3019
405,16167,16289,56,2119,1984,3008
405,16167,16289,57,2118,1984,2993
405,16167,16289,58,2115,1985,2980
405,16167,16289,59,2114,1984,2964
405,16167,16289,60,2111,1984,2952
405,16167,16289,61,2109,1985,2940
405,16167,16289,62,2107,1984,2915
405,16167,16289,63,2104,1984,2909
405,16167,16289,64,2103,1984,2892
405,16167,16289,65,2101,1984,2879
405,16167,16289,66,2099,1984,2868
405,16167,16289,67,2098,1985,2851
405,16167,16289,68,2096,1984,2836
405,16167,16289,69,2095,1984,2823
405,16167,16289,70,2092,1984,2810
405,16167,16289,71,2090,1984,2793
405,16167,16289,72,2087,1984,2779
405,16167,16289,73,2085,1984,2767
405,16167,16289,74,2085,1984,2756
405,16167,16289,75,2083,1984,2743
405,16167,16289,76,2080,1984,2724
405,16167,16289,77,2078,1983,2708
405,16167,16289,78,2076,1983,2694
405,16167,16289,79,2074,1984,2688
405,16167,16289,80,2071,1983,2666
405,16167,16289,81,2070,1983,2652
405,16167,16289,82,2069,1984,2643
405,16167,16289,83,2067,1983,2624
405,16167,16289,84,2064,1983,2611
405,16167,16289,85,2063,1984,2599
405,16167,16289,86,2060,1984,2581
405,16167,16289,87,2059,1984,2570
405,16167,16289,88,2056,1983,2554
405,16167,16289,89,2057,1984,2553
405,16167,16289,90,2059,1983,2568
405,16167,16289,91,2061,1983,2584
405,16167,16289,92,2063,1984,2596
405,16167,16289,93,2064,1984,2606
405,16167,16289,94,2067,1984,2625
405,16167,16289,95,2068,1983,2639
405,16167,16289,96,2071,1984,2651
405,16167,16289,97,2071,1984,2667
405,16167,16289,98,2074,1984,2682
405,16167,16289,99,2076,1984,2693
405,16167,16289,100,2078,1983,2708
405,16167,16289,101,2080,1984,2724
405,16167,16289,102,2082,1984,2738
405,16167,16289,103,2085,1984,2750
405,16167,16289,104,2085,1983,2767
405,16167,16289,105,2088,1984,2779
405,16167,16289,106,2090,1984,2796
405,16167,16289,107,2092,1984,2811
405,16167,16289,108,2094,1984,2826
405,16167,16289,109,2095,1984,2838
405,16167,16289,110,2098,1984,2849
405,16167,16289,111,2099,1984,2866
405,16167,16289,112,2101,1984,2883
405,16167,16289,113,2104,1984,2893
405,16167,16289,114,2105,1983,2901
405,16167,16289,115,2108,1984,2922
405,16167,16289,116,2110,1984,2935
405,16167,16289,117,2111,1984,2950
405,16167,16289,118,2112,1985,2969
405,16167,16289,119,2114,1985,2977
405,16167,16289,120,2117,1984,2994
405,16167,16289,121,2120,1984,3007
405,16167,16289,122,2121,1985,3021
405,16167,16289,123,2122,1985,3036
405,16167,16289,124,2126,1984,3048
405,16167,16289,125,2128,1984,3062
405,16167,16289,126,2129,1985,3079
405,16167,16289,127,2128,1985,3095
405,16167,16289,128,2133,1984,3101
405,16167,16289,129,2134,1985,3120
405,16167,16289,130,2137,1984,3136
405,16167,16289,131,2139,1985,3146
405,16167,16289,132,2141,1985,3164
405,16167,16289,133,2141,1985,3177
405,16167,16289,134,2145,1985,3189
405,16167,16289,135,2147,1985,3205
405,16167,16289,136,2149,1985,3215
405,16167,16289,137,2151,1985,3232
405,16167,16289,138,2152,1985,3250
405,16167,16289,139,2154,1985,3265
405,16167,16289,140,2156,1985,3279
405,16167,16289,141,2158,1984,3292
405,16167,16289,142,2160,1985,3306
405,16167,16289,143,2162,1985,3321
405,16167,16289,144,2164,1985,3336
405,16167,16289,145,2166,1984,3344
405,16167,16289,146,2169,1985,3364
405,16167,16289,147,2173,1985,3377
405,16167,16289,148,2173,1985,3389
405,16167,16289,149,2174,1986,3403
405,16167,16289,150,2175,1985,3419
405,16167,16289,151,2178,1986,3433
405,16167,16289,152,2181,1985,3449
405,16167,16289,153,2183,1985,3462
405,16167,16289,154,2184,1986,3475
405,16167,16289,155,2183,1985,3471
405,16167,16289,156,2183,1985,3471
405,16167,16289,157,2186,1985,3485
405,16167,16289,158,2187,1985,3498
405,16167,16289,159,2188,1986,3508
405,16167,16289,160,2190,1986,3515
405,16167,16289,161,2189,1985,3486
405,16167,16289,162,2174,1984,3384
405,16167,16289,163,2160,1984,3286
405,16167,16289,164,2146,1984,3197
405,16167,16289,165,2133,1984,3064
405,16167,16289,166,2116,1983,2942
405,16167,16289,167,2101,1982,2825
405,16167,16289,168,2083,1983,2721
405,16167,16289,169,2068,1982,2592
405,16167,16289,170,2053,1982,2476
405,16167,16289,171,2034,1982,2359
405,16167,16289,172,2018,1983,2279
405,16167,16289,173,2002,1981,2106
405,16167,16289,174,1983,1981,1922
405,16167,16289,175,1966,1981,1836
405,16167,16289,176,1946,1981,1758
405,16167,16289,177,1931,1980,1578
405,16167,16289,178,1918,1980,1515
405,16167,16289,179,1903,1980,1380
405,16167,16289,180,1887,1980,1263
405,16167,16289,181,1872,1980,1134
405,16167,16289,182,1851,1979,999
405,16167,16289,183,1838,1978,894
405,16167,16289,184,1826,1978,776
405,16167,16289,185,1813,1978,679
405,16167,16289,186,1802,1977,560
405,16167,16289,187,1787,1976,426
405,16167,16289,188,1770,1974,284
405,16167,16289,189,1759,1974,220
405,16167,16289,190,1760,1974,237
405,16167,16289,191,1762,1975,250
405,16167,16289,192,1764,1974,269
405,16167,16289,193,1766,1974,281
405,16167,16289,194,1767,1975,298
405,16167,16289,195,1769,1975,309
405,16167,16289,196,1769,1975,323
405,16167,16289,197,1772,1974,341
405,16167,16289,198,1774,1975,350
405,16167,16289,199,1775,1975,368
405,16167,16289,200,1777,1976,382
405,16167,16289,201,1778,1976,396
405,16167,16289,202,1780,1976,409
405,16167,16289,203,1781,1976,424
405,16167,16289,204,1784,1977,440
405,16167,16289,205,1785,1976,452
405,16167,16289,206,1786,1976,469
405,16167,16289,207,1788,1977,478
405,16167,16289,208,1790,1977,495
405,16167,16289,209,1792,1977,509
405,16167,16289,210,1792,1977,518
405,16167,16289,211,1794,1977,536
405,16167,16289,212,1797,1977,554
405,16167,16289,213,1798,1977,563
405,16167,16289,214,1799,1977,579
405,16167,16289,215,1800,1978,596
405,16167,16289,216,1803,1978,606
405,16167,16289,217,1804,1978,621
405,16167,16289,218,1805,1978,638
405,16167,16289,219,1808,1978,649
405,16167,16289,220,1810,1978,665
405,16167,16289,221,1811,1978,680
405,16167,16289,222,1812,1978,694
405,16167,16289,223,1814,1978,708
405,16167,16289,224,1816,1978,719
405,16167,16289,225,1818,1978,736
405,16167,16289,226,1819,1979,758
405,16167,16289,227,1820,1978,766
405,16167,16289,228,1822,1979,780
405,16167,16289,229,1823,1979,792
405,16167,16289,230,1826,1979,805
405,16167,16289,231,1828,1979,820
405,16167,16289,232,1830,1979,833
405,16167,16289,233,1831,1979,850
405,16167,16289,234,1833,1979,864
405,16167,16289,235,1834,1979,879
405,16167,16289,236,1835,1979,892
405,16167,16289,237,1838,1980,909
405,16167,16289,238,1839,1979,918
405,16167,16289,239,1841,1979,935
405,16167,16289,240,1842,1979,948
405,16167,16289,241,1845,1979,962
405,16167,16289,242,1846,1979,979
405,16167,16289,243,1848,1979,993
405,16167,16289,244,1851,1980,1004
405,16167,16289,245,1851,1979,1020
405,16167,16289,246,1854,1980,1032
405,16167,16289,247,1854,1980,1049
405,16167,16289,248,1856,1980,1058
405,16167,16289,249,1859,1980,1075
405,16167,16289,250,1859,1980,1091
405,16167,16289,251,1862,1980,1106
405,16167,16289,252,1864,1980,1120
405,16167,16289,253,1864,1980,1130
405,16167,16289,254,1867,1980,1147
405,16167,16289,255,1870,1980,1162
405,16167,16289,256,1871,1980,1176
405,16167,16289,257,1873,1980,1192
405,16167,16289,258,1875,1980,1201
405,16167,16289,259,1877,1980,1217
405,16167,16289,260,1877,1980,1233
405,16167,16289,261,1880,1981,1245
405,16167,16289,262,1881,1981,1262
405,16167,16289,263,1883,1980,1281
405,16167,16289,264,1885,1981,1293
405,16167,16289,265,1887,1980,1303
405,16167,16289,266,1889,1980,1322
405,16167,16289,267,1888,1980,1315
405,16167,16289,268,1887,1980,1304
405,16167,16289,269,1886,1981,1289
405,16167,16289,270,1883,1980,1277
405,16167,16289,271,1882,1980,1261
405,16167,16289,272,1879,1981,1252
405,16167,16289,273,1878,1981,1227
405,16167,16289,274,1875,1980,1219
405,16167,16289,275,1874,1980,1211
405,16167,16289,276,1874,1980,1191
405,16167,16289,277,1872,1980,1178
405,16167,16289,278,1869,1980,1159
405,16167,16289,279,1868,1980,1146
405,16167,16289,280,1865,1980,1131
405,16167,16289,281,1863,1981,1116
405,16167,16289,282,1862,1980,1103
405,16167,16289,283,1860,1980,1089
405,16167,16289,284,1860,1979,1073
405,16167,16289,285,1857,1980,1061
405,16167,16289,286,1855,1980,1049
405,16167,16289,287,1853,1980,1034
405,16167,16289,288,1852,1980,1020
405,16167,16289,289,1849,1979,1003
405,16167,16289,290,1849,1980,990
405,16167,16289,291,1845,1979,977
405,16167,16289,292,1845,1980,966
405,16167,16289,293,1843,1979,951
405,16167,16289,294,1842,1979,933
405,16167,16289,295,1840,1979,919
405,16167,16289,296,1838,1979,905
405,16167,16289,297,1836,1979,893
405,16167,16289,298,1835,1979,879
405,16167,16289,299,1833,1978,863
405,16167,16289,300,1831,1979,848
405,16167,16289,301,1829,1978,838
405,16167,16289,302,1827,1979,822
405,16167,16289,303,1826,1979,808
405,16167,16289,304,1824,1978,808
405,16167,16289,305,1823,1979,778
405,16167,16289,306,1820,1979,766
405,16167,16289,307,1818,1978,747
405,16167,16289,308,1818,1978,734
405,16167,16289,309,1815,1978,722
405,16167,16289,310,1815,1978,695
405,16167,16289,311,1812,1977,691
405,16167,16289,312,1811,1978,678
405,16167,16289,313,1809,1978,664
405,16167,16289,314,1807,1978,647
405,16167,16289,315,1806,1978,636
405,16167,16289,316,1804,1978,629
405,16167,16289,317,1803,1978,606
405,16167,16289,318,1801,1978,595
405,16167,16289,319,1799,1977,578
405,16167,16289,320,1798,1977,563
405,16167,16289,321,1796,1977,551
405,16167,16289,322,1794,1977,536
405,16167,16289,323,1794,1977,523
405,16167,16289,324,1790,1977,508
405,16167,16289,325,1790,1977,492
405,16167,16289,326,1788,1976,479
405,16167,16289,327,1786,1977,467
405,16167,16289,328,1785,1976,450
405,16167,16289,329,1784,1976,439
405,16167,16289,330,1782,1976,424
405,16167,16289,331,1780,1975,409
405,16167,16289,332,1780,1976,397
405,16167,16289,333,1776,1976,386
405,16167,16289,334,1775,1976,367
405,16167,16289,335,1774,1975,353
405,16167,16289,336,1772,1975,341
405,16167,16289,337,1770,1975,325
405,16167,16289,338,1768,1975,311
405,16167,16289,339,1768,1975,295
405,16167,16289,340,1765,1974,287
405,16167,16289,341,1763,1974,269
405,16167,16289,342,1763,1974,257
405,16167,16289,343,1761,1974,239
405,16167,16289,344,1759,1974,224
405,16167,16289,345,1758,1973,211
405,16167,16289,346,1756,1973,195
405,16167,16289,347,1754,1972,184
405,16167,16289,348,1753,1973,186
405,16167,16289,349,1761,1974,249
405,16167,16289,350,1770,1976,355
405,16167,16289,351,1782,1976,449
405,16167,16289,352,1794,1978,561
405,16167,16289,353,1808,1978,653
405,16167,16289,354,1816,1979,744
405,16167,16289,355,1827,1979,847
407,16345,16467,0,2002,2028,1233
407,16345,16467,1,1886,1982,1277
407,16345,16467,2,1897,1981,1371
407,16345,16467,3,1904,1981,1473
407,16345,16467,4,1918,1982,1587
407,16345,16467,5,1940,1983,1734
407,16345,16467,6,1957,1983,1889
407,16345,16467,7,1978,1984,2032
407,16345,16467,8,1994,1984,2162
407,16345,16467,9,2016,1983,2301
407,16345,16467,10,2032,1984,2427
407,16345,16467,11,2055,1985,2573
407,16345,16467,12,2069,1985,2699
407,16345,16467,13,2091,1985,2838
407,16345,16467,14,2107,1984,2957
407,16345,16467,15,2118,1984,3060
407,16345,16467,16,2141,1985,3194
407,16345,16467,17,2154,1985,3319
407,16345,16467,18,2175,1985,3436
407,16345,16467,19,2189,1986,3494
407,16345,16467,20,2185,1985,3482
407,16345,16467,21,2184,1985,3470
407,16345,16467,22,2184,1985,3472
407,16345,16467,23,2183,1985,3474
407,16345,16467,24,2182,1985,3461
407,16345,16467,25,2180,1985,3450
407,16345,16467,26,2178,1985,3431
407,16345,16467,27,2177,1985,3422
407,16345,16467,28,2174,1985,3408
407,16345,16467,29,2172,1985,3390
407,16345,16467,30,2170,1985,3379
407,16345,16467,31,2168,1985,3362
407,16345,16467,32,2167,1985,3348
407,16345,16467,33,2164,1985,3335
407,16345,16467,34,2162,1985,3329
407,16345,16467,35,2161,1984,3318
407,16345,16467,36,2158,1985,3293
407,16345,16467,37,2158,1984,3278
407,16345,16467,38,2154,1985,3263
407,16345,16467,39,2153,1985,3249
407,16345,16467,40,2149,1985,3237
407,16345,16467,41,2149,1984,3223
407,16345,16467,42,2147,1985,3206
407,16345,16467,43,2145,1985,3193
407,16345,16467,44,2142,1984,3176
407,16345,16467,45,2141,1985,3163
407,16345,16467,46,2138,1985,3148
407,16345,16467,47,2137,1985,3137
407,16345,16467,48,2135,1984,3121
407,16345,16467,49,2130,1984,3108
407,16345,16467,50,2131,1984,3093
407,16345,16467,51,2128,1984,3078
407,16345,16467,52,2127,1985,3063
407,16345,16467,53,2123,1984,3050
407,16345,16467,54,2123,1984,3036
407,16345,16467,55,2121,1985,3020
407,16345,16467,56,2119,1984,3010
407,16345,16467,57,2117,1984,2992
407,16345,16467,58,2114,1984,2978
407,16345,16467,59,2113,1984,2966
407,16345,16467,60,2111,1984,2950
407,16345,16467,61,2110,1985,2933
407,16345,16467,62,2107,1985,2922
407,16345,16467,63,2107,1985,2909
407,16345,16467,64,2103,1984,2899
407,16345,16467,65,2101,1983,2881
407,16345,16467,66,2099,1984,2876
407,16345,16467,67,2098,1983,2849
407,16345,16467,68,2096,1984,2839
407,16345,16467,69,2094,1984,2820
407,16345,16467,70,2092,1984,2810
407,16345,16467,71,2090,1984,2791
407,16345,16467,72,2088,1984,2781
407,16345,16467,73,2086,1984,2759
407,16345,16467,74,2086,1984,2752
407,16345,16467,75,2082,1984,2737
407,16345,16467,76,2081,1984,2724
407,16345,16467,77,2077,1984,2712
407,16345,16467,78,2076,1983,2696
407,16345,16467,79,2074,1983,2681
407,16345,16467,80,2072,1983,2665
407,16345,16467,81,2070,1984,2654
407,16345,16467,82,2068,1983,2637
407,16345,16467,83,2066,1984,2626
407,16345,16467,84,2064,1983,2612
407,16345,16467,85,2063,1984,2598
407,16345,16467,86,2060,1983,2586
407,16345,16467,87,2060,1983,2569
407,16345,16467,88,2057,1983,2554
407,16345,16467,89,2056,1984,2554
407,16345,16467,90,2059,1983,2569
407,16345,16467,91,2061,1983,2582
407,16345,16467,92,2063,1984,2596
407,16345,16467,93,2065,1983,2617
407,16345,16467,94,2068,1983,2625
407,16345,16467,95,2067,1984,2638
407,16345,16467,96,2071,1984,2654
407,16345,16467,97,2070,1984,2670
407,16345,16467,98,2074,1984,2683
407,16345,16467,99,2078,1983,2694
407,16345,16467,100,2078,1984,2705
407,16345,16467,101,2080,1984,2719
407,16345,16467,102,2080,1984,2739
407,16345,16467,103,2084,1985,2752
407,16345,16467,104,2087,1984,2765
407,16345,16467,105,2088,1985,2781
407,16345,16467,106,2089,1984,2794
407,16345,16467,107,2092,1984,2807
407,16345,16467,108,2093,1984,2825
407,16345,16467,109,2097,1984,2837
407,16345,16467,110,2097,1984,2863
407,16345,16467,111,2098,1984,2865
407,16345,16467,112,2101,1984,2884
407,16345,16467,113,2102,1984,2895
407,16345,16467,114,2104,1984,2909
407,16345,16467,115,2107,1983,2921
407,16345,16467,116,2109,1984,2937
407,16345,16467,117,2112,1984,2949
407,16345,16467,118,2113,1984,2967
407,16345,16467,119,2116,1984,2978
407,16345,16467,120,2117,1983,2985
407,16345,16467,121,2120,1985,3007
407,16345,16467,122,2121,1985,3016
407,16345,16467,123,2123,1984,3036
407,16345,16467,124,2125,1985,3051
407,16345,16467,125,2127,1984,3063
407,16345,16467,126,2130,1984,3074
407,16345,16467,127,2131,1984,3095
407,16345,16467,128,2133,1984,3111
407,16345,16467,129,2135,1985,3120
407,16345,16467,130,2136,1984,3134
407,16345,16467,131,2139,1985,3150
407,16345,16467,132,2141,1985,3163
407,16345,16467,133,2142,1985,3177
407,16345,16467,134,2144,1985,3192
407,16345,16467,135,2147,1985,3207
407,16345,16467,136,2148,1985,3218
407,16345,16467,137,2151,1985,3233
407,16345,16467,138,2152,1985,3248
407,16345,16467,139,2153,1985,3264
407,16345,16467,140,2158,1985,3278
407,16345,16467,141,2157,1985,3294
407,16345,16467,142,2161,1986,3305
407,16345,16467,143,2162,1984,3317
407,16345,16467,144,2164,1985,3334
407,16345,16467,145,2166,1985,3349
407,16345,16467,146,2168,1985,3363
407,16345,16467,147,2170,1985,3373
407,16345,16467,148,2172,1985,3390
407,16345,16467,149,2175,1985,3407
407,16345,16467,150,2176,1985,3421
407,16345,16467,151,2179,1986,3432
407,16345,16467,152,2180,1985,3447
407,16345,16467,153,2183,1985,3464
407,16345,16467,154,2184,1985,3475
407,16345,16467,155,2184,1985,3472
407,16345,16467,156,2184,1986,3470
407,16345,16467,157,2185,1985,3496
407,16345,16467,158,2188,1985,3492
407,16345,16467,159,2188,1986,3509
407,16345,16467,160,2192,1986,3513
407,16345,16467,161,2191,1985,3522
407,16345,16467,162,2188,1986,3515
407,16345,16467,163,2178,1984,3404
407,16345,16467,164,2162,1984,3289
407,16345,16467,165,2148,1984,3179
407,16345,16467,166,2132,1983,3063
407,16345,16467,167,2113,1982,2931
407,16345,16467,168,2099,1983,2817
407,16345,16467,169,2080,1983,2673
407,16345,16467,170,2066,1983,2558
407,16345,16467,171,2043,1982,2410
407,16345,16467,172,2025,1982,2288
407,16345,16467,173,2007,1982,2138
407,16345,16467,174,1990,1981,2014
407,16345,16467,175,1966,1980,1841
407,16345,16467,176,1946,1980,1663
407,16345,16467,177,1921,1980,1503
407,16345,16467,178,1901,1980,1411
407,16345,16467,179,1889,1979,1271
407,16345,16467,180,1870,1979,1146
407,16345,16467,181,1854,1979,1001
407,16345,16467,182,1841,1978,874
407,16345,16467,183,1822,1978,750
407,16345,16467,184,1808,1977,621
407,16345,16467,185,1795,1976,499
407,16345,16467,186,1778,1975,365
407,16345,16467,187,1768,1974,252
407,16345,16467,188,1758,1974,211
407,16345,16467,189,1759,1974,230
407,16345,16467,190,1761,1974,240
407,16345,16467,191,1763,1974,256
407,16345,16467,192,1764,1974,269
407,16345,16467,193,1766,1974,285
407,16345,16467,194,1768,1974,297
407,16345,16467,195,1769,1975,313
407,16345,16467,196,1770,1975,326
407,16345,16467,197,1772,1975,339
407,16345,16467,198,1773,1976,352
407,16345,16467,199,1775,1976,366
407,16345,16467,200,1776,1976,378
407,16345,16467,201,1781,1976,396
407,16345,16467,202,1780,1976,412
407,16345,16467,203,1782,1976,424
407,16345,16467,204,1784,1976,440
407,16345,16467,205,1784,1976,453
407,16345,16467,206,1787,1977,461
407,16345,16467,207,1788,1977,479
407,16345,16467,208,1790,1977,494
407,16345,16467,209,1790,1977,508
407,16345,16467,210,1793,1977,529
407,16345,16467,211,1794,1977,539
407,16345,16467,212,1796,1977,546
407,16345,16467,213,1798,1977,567
407,16345,16467,214,1799,1977,580
407,16345,16467,215,1801,1978,595
407,16345,16467,216,1802,1978,606
407,16345,16467,217,1804,1978,624
407,16345,16467,218,1807,1978,637
407,16345,16467,219,1808,1978,663
407,16345,16467,220,1808,1978,664
407,16345,16467,221,1811,1979,681
407,16345,16467,222,1813,1979,693
407,16345,16467,223,1814,1978,710
407,16345,16467,224,1815,1978,722
407,16345,16467,225,1817,1978,736
407,16345,16467,226,1820,1978,750
407,16345,16467,227,1820,1978,763
407,16345,16467,228,1823,1979,782
407,16345,16467,229,1824,1979,792
407,16345,16467,230,1826,1979,806
407,16345,16467,231,1827,1979,821
407,16345,16467,232,1829,1979,835
407,16345,16467,233,1831,1979,847
407,16345,16467,234,1832,1980,866
407,16345,16467,235,1834,1979,877
407,16345,16467,236,1836,1980,889
407,16345,16467,237,1837,1980,906
407,16345,16467,238,1840,1979,921
407,16345,16467,239,1842,1980,935
407,16345,16467,240,1843,1979,951
407,16345,16467,241,1844,1980,964
407,16345,16467,242,1846,1980,979
407,16345,16467,243,1848,1980,990
407,16345,16467,244,1850,1980,1008
407,16345,16467,245,1851,1980,1017
407,16345,16467,246,1854,1979,1033
407,16345,16467,247,1855,1980,1049
407,16345,16467,248,1856,1980,1062
407,16345,16467,249,1858,1980,1076
407,16345,16467,250,1861,1980,1089
407,16345,16467,251,1862,1980,1105
407,16345,16467,252,1864,1981,1119
407,16345,16467,253,1865,1980,1132
407,16345,16467,254,1868,1981,1147
407,16345,16467,255,1869,1981,1159
407,16345,16467,256,1874,1980,1176
407,16345,16467,257,1873,1980,1190
407,16345,16467,258,1875,1980,1205
407,16345,16467,259,1876,1980,1221
407,16345,16467,260,1878,1981,1231
407,16345,16467,261,1880,1981,1253
407,16345,16467,262,1881,1980,1263
407,16345,16467,263,1883,1981,1275
407,16345,16467,264,1885,1980,1289
407,16345,16467,265,1886,1981,1304
407,16345,16467,266,1889,1981,1314
407,16345,16467,267,1889,1981,1320
407,16345,16467,268,1887,1980,1304
407,16345,16467,269,1885,1980,1288
407,16345,16467,270,1883,1981,1276
407,16345,16467,271,1881,1981,1260
407,16345,16467,272,1880,1981,1242
407,16345,16467,273,1878,1980,1232
407,16345,16467,274,1876,1980,1218
407,16345,16467,275,1874,1980,1203
407,16345,16467,276,1872,1980,1187
407,16345,16467,277,1871,1980,1175
407,16345,16467,278,1869,1980,1163
407,16345,16467,279,1868,1980,1148
407,16345,16467,280,1866,1980,1134
407,16345,16467,281,1864,1980,1112
407,16345,16467,282,1860,1981,1108
407,16345,16467,283,1861,1980,1090
407,16345,16467,284,1858,1980,1081
407,16345,16467,285,1857,1980,1060
407,16345,16467,286,1855,1980,1054
407,16345,16467,287,1854,1981,1032
407,16345,16467,288,1851,1980,1019
407,16345,16467,289,1849,1979,1006
407,16345,16467,290,1848,1979,990
407,16345,16467,291,1847,1979,977
407,16345,16467,292,1845,1980,961
407,16345,16467,293,1843,1979,949
407,16345,16467,294,1842,1979,936
407,16345,16467,295,1839,1980,921
407,16345,16467,296,1837,1979,907
407,16345,16467,297,1836,1979,892
407,16345,16467,298,1835,1979,881
407,16345,16467,299,1833,1978,868
407,16345,16467,300,1833,1979,850
407,16345,16467,301,1829,1979,833
407,16345,16467,302,1829,1978,822
407,16345,16467,303,1826,1978,806
407,16345,16467,304,1824,1978,795
407,16345,16467,305,1824,1979,777
407,16345,16467,306,1820,1978,769
407,16345,16467,307,1819,1978,752
407,16345,16467,308,1817,1978,735
407,16345,16467,309,1814,1978,720
407,16345,16467,310,1814,1979,709
407,16345,16467,311,1812,1978,693
407,16345,16467,312,1811,1977,680
407,16345,16467,313,1809,1978,661
407,16345,16467,314,1807,1978,649
407,16345,16467,315,1805,1978,636
407,16345,16467,316,1804,1978,622
407,16345,16467,317,1802,1978,609
407,16345,16467,318,1801,1978,591
407,16345,16467,319,1799,1977,579
407,16345,16467,320,1798,1978,568
407,16345,16467,321,1795,1977,550
407,16345,16467,322,1794,1977,538
407,16345,16467,323,1792,1977,524
407,16345,16467,324,1791,1976,511
407,16345,16467,325,1789,1977,496
407,16345,16467,326,1787,1976,478
407,16345,16467,327,1787,1976,461
407,16345,16467,328,1785,1976,454
407,16345,16467,329,1783,1976,437
407,16345,16467,330,1781,1975,424
407,16345,16467,331,1781,1976,410
407,16345,16467,332,1777,1975,394
407,16345,16467,333,1777,1976,381
407,16345,16467,334,1775,1976,368
407,16345,16467,335,1774,1975,353
407,16345,16467,336,1772,1975,339
407,16345,16467,337,1771,1975,325
407,16345,16467,338,1769,1975,309
407,16345,16467,339,1767,1975,297
407,16345,16467,340,1766,1974,283
407,16345,16467,341,1765,1974,268
407,16345,16467,342,1761,1974,256
407,16345,16467,343,1760,1974,239
407,16345,16467,344,1760,1974,227
407,16345,16467,345,1757,1974,208
407,16345,16467,346,1755,1973,198
407,16345,16467,347,1756,1973,201
407,16345,16467,348,1765,1975,290
407,16345,16467,349,1772,1976,372
407,16345,16467,350,1783,1977,470
407,16345,16467,351,1794,1978,569
407,16345,16467,352,1807,1978,678
407,16345,16467,353,1821,1979,782
407,16345,16467,354,1834,1980,901
407,16345,16467,355,1847,1980,1002
409,16520,16642,0,2003,2026,1240
409,16520,16642,1,1884,1982,1293
409,16520,16642,2,1896,1982,1389
409,16520,16642,3,1901,1981,1419
409,16520,16642,4,1908,1981,1516
409,16520,16642,5,1921,1982,1587
409,16520,16642,6,1934,1982,1686
409,16520,16642,7,1946,1983,1805
409,16520,16642,8,1966,1983,1930
409,16520,16642,9,1982,1983,2059
409,16520,16642,10,2000,1984,2199
409,16520,16642,11,2023,1984,2350
409,16520,16642,12,2041,1984,2490
409,16520,16642,13,2062,1985,2648
409,16520,16642,14,2083,1985,2799
409,16520,16642,15,2104,1985,2936
409,16520,16642,16,2127,1985,3099
409,16520,16642,17,2142,1986,3244
409,16520,16642,18,2164,1985,3388
409,16520,16642,19,2185,1986,3495
409,16520,16642,20,2186,1985,3482
409,16520,16642,21,2184,1984,3471
409,16520,16642,22,2184,1985,3473
409,16520,16642,23,2184,1985,3475
409,16520,16642,24,2183,1986,3461
409,16520,16642,25,2180,1985,3450
409,16520,16642,26,2179,1985,3433
409,16520,16642,27,2177,1985,3414
409,16520,16642,28,2175,1985,3405
409,16520,16642,29,2172,1985,3389
409,16520,16642,30,2172,1985,3376
409,16520,16642,31,2169,1985,3364
409,16520,16642,32,2166,1985,3350
409,16520,16642,33,2165,1985,3335
409,16520,16642,34,2162,1984,3319
409,16520,16642,35,2161,1985,3305
409,16520,16642,36,2158,1985,3294
409,16520,16642,37,2157,1985,3278
409,16520,16642,38,2154,1985,3263
409,16520,16642,39,2153,1984,3249
409,16520,16642,40,2150,1984,3236
409,16520,16642,41,2150,1984,3208
409,16520,16642,42,2147,1985,3208
409,16520,16642,43,2144,1985,3192
409,16520,16642,44,2144,1985,3180
409,16520,16642,45,2140,1984,3164
409,16520,16642,46,2138,1985,3146
409,16520,16642,47,2137,1984,3136
409,16520,16642,48,2135,1985,3124
409,16520,16642,49,2134,1984,3107
409,16520,16642,50,2130,1985,3092
409,16520,16642,51,2128,1984,3075
409,16520,16642,52,2128,1984,3065
409,16520,16642,53,2125,1984,3051
409,16520,16642,54,2123,1984,3037
409,16520,16642,55,2121,1983,3012
409,16520,16642,56,2119,1984,3009
409,16520,16642,57,2118,1984,2996
409,16520,16642,58,2115,1984,2979
409,16520,16642,59,2114,1984,2964
409,16520,16642,60,2111,1984,2951
409,16520,16642,61,2109,1984,2937
409,16520,16642,62,2107,1984,2925
409,16520,16642,63,2106,1984,2910
409,16520,16642,64,2104,1984,2896
409,16520,16642,65,2102,1983,2861
409,16520,16642,66,2101,1984,2866
409,16520,16642,67,2097,1983,2850
409,16520,16642,68,2096,1984,2838
409,16520,16642,69,2093,1984,2822
409,16520,16642,70,2092,1984,2809
409,16520,16642,71,2089,1984,2791
409,16520,16642,72,2088,1984,2779
409,16520,16642,73,2085,1984,2767
409,16520,16642,74,2084,1983,2750
409,16520,16642,75,2088,1984,2736
409,16520,16642,76,2080,1984,2724
409,16520,16642,77,2078,1983,2715
409,16520,16642,78,2076,1983,2697
409,16520,16642,79,2075,1984,2685
409,16520,16642,80,2072,1984,2669
409,16520,16642,81,2071,1984,2648
409,16520,16642,82,2068,1983,2639
409,16520,16642,83,2067,1984,2624
409,16520,16642,84,2064,1983,2608
409,16520,16642,85,2062,1984,2597
409,16520,16642,86,2059,1984,2582
409,16520,16642,87,2058,1983,2568
409,16520,16642,88,2057,1983,2555
409,16520,16642,89,2056,1983,2554
409,16520,16642,90,2059,1983,2569
409,16520,16642,91,2059,1984,2583
409,16520,16642,92,2063,1983,2593
409,16520,16642,93,2064,1984,2614
409,16520,16642,94,2067,1984,2628
409,16520,16642,95,2067,1984,2635
409,16520,16642,96,2070,1985,2655
409,16520,16642,97,2072,1984,2669
409,16520,16642,98,2073,1983,2682
409,16520,16642,99,2075,1984,2696
409,16520,16642,100,2076,1983,2712
409,16520,16642,101,2081,1984,2724
409,16520,16642,102,2082,1984,2737
409,16520,16642,103,2085,1984,2749
409,16520,16642,104,2086,1984,2763
409,16520,16642,105,2088,1984,2781
409,16520,16642,106,2090,1984,2794
409,16520,16642,107,2093,1984,2808
409,16520,16642,108,2093,1984,2822
409,16520,16642,109,2096,1984,2839
409,16520,16642,110,2098,1985,2848
409,16520,16642,111,2100,1985,2864
409,16520,16642,112,2102,1984,2880
409,16520,16642,113,2103,1984,2892
409,16520,16642,114,2106,1984,2909
409,16520,16642,115,2108,1984,2921
409,16520,16642,116,2109,1984,2941
409,16520,16642,117,2111,1984,2948
409,16520,16642,118,2114,1985,2965
409,16520,16642,119,2114,1984,2974
409,16520,16642,120,2118,1984,2996
409,16520,16642,121,2119,1984,3006
409,16520,16642,122,2121,1984,3023
409,16520,16642,123,2123,1984,3036
409,16520,16642,124,2125,1985,3049
409,16520,16642,125,2127,1984,3064
409,16520,16642,126,2127,1985,3079
409,16520,16642,127,2131,1985,3093
409,16520,16642,128,2133,1984,3105
409,16520,16642,129,2134,1985,3121
409,16520,16642,130,2137,1985,3139
409,16520,16642,131,2139,1984,3149
409,16520,16642,132,2141,1984,3164
409,16520,16642,133,2143,1985,3174
409,16520,16642,134,2145,1985,3192
409,16520,16642,135,2147,1985,3211
409,16520,16642,136,2149,1985,3223
409,16520,16642,137,2150,1985,3236
409,16520,16642,138,2153,1985,3249
409,16520,16642,139,2154,1985,3263
409,16520,16642,140,2157,1985,3280
409,16520,16642,141,2158,1985,3292
409,16520,16642,142,2161,1986,3309
409,16520,16642,143,2162,1985,3320
409,16520,16642,144,2164,1985,3343
409,16520,16642,145,2167,1985,3346
409,16520,16642,146,2168,1985,3359
409,16520,16642,147,2171,1985,3378
409,16520,16642,148,2172,1985,3394
409,16520,16642,149,2174,1985,3400
409,16520,16642,150,2177,1986,3421
409,16520,16642,151,2178,1986,3433
409,16520,16642,152,2180,1985,3448
409,16520,16642,153,2182,1985,3463
409,16520,16642,154,2183,1985,3476
409,16520,16642,155,2184,1985,3472
409,16520,16642,156,2184,1985,3471
409,16520,16642,157,2184,1986,3480
409,16520,16642,158,2188,1985,3501
409,16520,16642,159,2189,1985,3509
409,16520,16642,160,2190,1985,3515
409,16520,16642,161,2191,1986,3517
409,16520,16642,162,2186,1986,3485
409,16520,16642,163,2175,1984,3406
409,16520,16642,164,2161,1984,3282
409,16520,16642,165,2146,1983,3179
409,16520,16642,166,2132,1984,3095
409,16520,16642,167,2122,1983,2943
409,16520,16642,168,2101,1983,2819
409,16520,16642,169,2082,1983,2682
409,16520,16642,170,2064,1983,2550
409,16520,16642,171,2046,1982,2434
409,16520,16642,172,2028,1982,2304
409,16520,16642,173,2013,1982,2185
409,16520,16642,174,1999,1982,2101
409,16520,16642,175,1980,1982,1975
409,16520,16642,176,1965,1981,1850
409,16520,16642,177,1950,1981,1718
409,16520,16642,178,1939,1981,1654
409,16520,16642,179,1921,1980,1522
409,16520,16642,180,1910,1980,1388
409,16520,16642,181,1887,1979,1254
409,16520,16642,182,1869,1979,1079
409,16520,16642,183,1847,1979,940
409,16520,16642,184,1829,1978,791
409,16520,16642,185,1812,1978,631
409,16520,16642,186,1793,1975,484
409,16520,16642,187,1777,1974,318
409,16520,16642,188,1760,1974,210
409,16520,16642,189,1759,1974,242
409,16520,16642,190,1761,1974,239
409,16520,16642,191,1763,1974,256
409,16520,16642,192,1765,1974,267
409,16520,16642,193,1766,1974,283
409,16520,16642,194,1767,1975,294
409,16520,16642,195,1766,1976,310
409,16520,16642,196,1771,1976,329
409,16520,16642,197,1772,1975,338
409,16520,16642,198,1773,1975,352
409,16520,16642,199,1775,1975,368
409,16520,16642,200,1776,1976,380
409,16520,16642,201,1779,1975,396
409,16520,16642,202,1781,1976,414
409,16520,16642,203,1782,1976,425
409,16520,16642,204,1784,1976,443
409,16520,16642,205,1785,1976,446
409,16520,16642,206,1787,1976,460
409,16520,16642,207,1789,1977,480
409,16520,16642,208,1790,1977,494
409,16520,16642,209,1791,1977,506
409,16520,16642,210,1793,1977,524
409,16520,16642,211,1795,1977,536
409,16520,16642,212,1797,1977,552
409,16520,16642,213,1798,1978,557
409,16520,16642,214,1799,1978,581
409,16520,16642,215,1801,1977,596
409,16520,16642,216,1802,1978,609
409,16520,16642,217,1804,1978,624
409,16520,16642,218,1806,1978,636
409,16520,16642,219,1805,1978,651
409,16520,16642,220,1809,1978,662
409,16520,16642,221,1811,1978,679
409,16520,16642,222,1812,1978,693
409,16520,16642,223,1815,1978,708
409,16520,16642,224,1816,1979,722
409,16520,16642,225,1818,1979,734
409,16520,16642,226,1819,1979,748
409,16520,16642,227,1820,1979,764
409,16520,16642,228,1823,1979,777
409,16520,16642,229,1823,1979,791
409,16520,16642,230,1825,1979,808
409,16520,16642,231,1827,1979,820
409,16520,16642,232,1828,1979,829
409,16520,16642,233,1831,1979,848
409,16520,16642,234,1832,1979,865
409,16520,16642,235,1835,1979,878
409,16520,16642,236,1836,1979,889
409,16520,16642,237,1839,1980,905
409,16520,16642,238,1838,1979,922
409,16520,16642,239,1841,1980,935
409,16520,16642,240,1842,1979,948
409,16520,16642,241,1845,1980,961
409,16520,16642,242,1847,1979,979
409,16520,16642,243,1847,1980,995
409,16520,16642,244,1849,1980,1004
409,16520,16642,245,1851,1980,1020
409,16520,16642,246,1853,1980,1030
409,16520,16642,247,1855,1980,1049
409,16520,16642,248,1856,1980,1068
409,16520,16642,249,1859,1980,1076
409,16520,16642,250,1860,1980,1091
409,16520,16642,251,1861,1980,1106
409,16520,16642,252,1864,1980,1124
409,16520,16642,253,1866,1980,1134
409,16520,16642,254,1867,1980,1147
409,16520,16642,255,1868,1980,1156
409,16520,16642,256,1871,1980,1178
409,16520,16642,257,1872,1980,1194
409,16520,16642,258,1875,1980,1205
409,16520,16642,259,1877,1980,1220
409,16520,16642,260,1878,1981,1232
409,16520,16642,261,1881,1981,1244
409,16520,16642,262,1881,1981,1260
409,16520,16642,263,1884,1981,1274
409,16520,16642,264,1885,1981,1292
409,16520,16642,265,1887,1981,1302
409,16520,16642,266,1889,1980,1316
409,16520,16642,267,1889,1981,1316
409,16520,16642,268,1888,1980,1301
409,16520,16642,269,1886,1981,1279
409,16520,16642,270,1884,1981,1275
409,16520,16642,271,1883,1980,1264
409,16520,16642,272,1881,1980,1246
409,16520,16642,273,1879,1981,1238
409,16520,16642,274,1877,1981,1220
409,16520,16642,275,1875,1980,1209
409,16520,16642,276,1872,1981,1191
409,16520,16642,277,1871,1980,1174
409,16520,16642,278,1869,1980,1162
409,16520,16642,279,1867,1980,1146
409,16520,16642,280,1866,1980,1137
409,16520,16642,281,1863,1980,1118
409,16520,16642,282,1863,1981,1105
409,16520,16642,283,1860,1980,1090
409,16520,16642,284,1858,1980,1075
409,16520,16642,285,1857,1980,1060
409,16520,16642,286,1855,1980,1048
409,16520,16642,287,1854,1980,1034
409,16520,16642,288,1851,1980,1021
409,16520,16642,289,1849,1980,1005
409,16520,16642,290,1847,1979,991
409,16520,16642,291,1846,1979,977
409,16520,16642,292,1844,1980,963
409,16520,16642,293,1843,1979,949
409,16520,16642,294,1842,1980,933
409,16520,16642,295,1839,1979,919
409,16520,16642,296,1838,1979,905
409,16520,16642,297,1837,1979,893
409,16520,16642,298,1835,1979,876
409,16520,16642,299,1832,1979,863
409,16520,16642,300,1831,1979,849
409,16520,16642,301,1829,1978,835
409,16520,16642,302,1827,1979,822
409,16520,16642,303,1826,1979,810
409,16520,16642,304,1824,1978,793
409,16520,16642,305,1823,1979,770
409,16520,16642,306,1820,1979,762
409,16520,16642,307,1819,1979,750
409,16520,16642,308,1817,1978,732
409,16520,16642,309,1816,1979,723
409,16520,16642,310,1815,1978,711
409,16520,16642,311,1810,1978,694
409,16520,16642,312,1811,1978,680
409,16520,16642,313,1810,1978,674
409,16520,16642,314,1808,1978,650
409,16520,16642,315,1805,1978,637
409,16520,16642,316,1804,1977,616
409,16520,16642,317,1802,1978,609
409,16520,16642,318,1801,1978,598
409,16520,16642,319,1800,1977,581
409,16520,16642,320,1798,1977,566
409,16520,16642,321,1796,1977,552
409,16520,16642,322,1794,1977,537
409,16520,16642,323,1793,1976,518
409,16520,16642,324,1791,1976,510
409,16520,16642,325,1790,1977,497
409,16520,16642,326,1788,1977,480
409,16520,16642,327,1787,1976,467
409,16520,16642,328,1785,1976,473
409,16520,16642,329,1784,1976,435
409,16520,16642,330,1781,1976,423
409,16520,16642,331,1779,1975,409
409,16520,16642,332,1779,1976,397
409,16520,16642,333,1777,1975,376
409,16520,16642,334,1775,1975,375
409,16520,16642,335,1774,1975,355
409,16520,16642,336,1773,1975,339
409,16520,16642,337,1771,1975,327
409,16520,16642,338,1769,1975,308
409,16520,16642,339,1767,1975,301
409,16520,16642,340,1765,1975,280
409,16520,16642,341,1764,1974,268
409,16520,16642,342,1763,1974,254
409,16520,16642,343,1761,1974,240
409,16520,16642,344,1758,1974,224
409,16520,16642,345,1758,1973,211
409,16520,16642,346,1757,1973,199
409,16520,16642,347,1755,1973,183
409,16520,16642,348,1753,1973,166
409,16520,16642,349,1752,1973,188
409,16520,16642,350,1763,1974,262
409,16520,16642,351,1772,1975,356
409,16520,16642,352,1784,1977,471
409,16520,16642,353,1797,1979,611
409,16520,16642,354,1813,1979,736
409,16520,16642,355,1829,1980,870
411,16696,16818,0,2002,2028,1225
411,16696,16818,1,1884,1984,1344
411,16696,16818,2,1903,1982,1480
411,16696,16818,3,1917,1983,1581
411,16696,16818,4,1938,1983,1711
411,16696,16818,5,1954,1983,1831
411,16696,16818,6,1969,1983,1948
411,16696,16818,7,1985,1983,2074
411,16696,16818,8,1999,1984,2180
411,16696,16818,9,2018,1984,2318
411,16696,16818,10,2034,1984,2421
411,16696,16818,11,2049,1984,2539
411,16696,16818,12,2065,1984,2644
411,16696,16818,13,2081,1985,2776
411,16696,16818,14,2097,1985,2885
411,16696,16818,15,2115,1985,3025
411,16696,16818,16,2134,1986,3150
411,16696,16818,17,2153,1986,3295
411,16696,16818,18,2171,1986,3424
411,16696,16818,19,2187,1985,3499
411,16696,16818,20,2186,1985,3487
411,16696,16818,21,2184,1985,3471
411,16696,16818,22,2184,1985,3471
411,16696,16818,23,2184,1985,3472
411,16696,16818,24,2182,1985,3463
411,16696,16818,25,2180,1985,3447
411,16696,16818,26,2178,1985,3434
411,16696,16818,27,2177,1985,3421
411,16696,16818,28,2173,1985,3405
411,16696,16818,29,2173,1985,3391
411,16696,16818,30,2170,1985,3378
411,16696,16818,31,2168,1985,3369
411,16696,16818,32,2165,1985,3346
411,16696,16818,33,2164,1985,3336
411,16696,16818,34,2163,1985,3318
411,16696,16818,35,2160,1985,3303
411,16696,16818,36,2159,1985,3288
411,16696,16818,37,2156,1985,3278
411,16696,16818,38,2155,1985,3279
411,16696,16818,39,2153,1984,3249
411,16696,16818,40,2150,1985,3235
411,16696,16818,41,2148,1985,3218
411,16696,16818,42,2147,1984,3203
411,16696,16818,43,2145,1985,3191
411,16696,16818,44,2143,1985,3178
411,16696,16818,45,2140,1985,3165
411,16696,16818,46,2139,1985,3149
411,16696,16818,47,2137,1984,3133
411,16696,16818,48,2136,1985,3122
411,16696,16818,49,2133,1985,3107
411,16696,16818,50,2131,1984,3089
411,16696,16818,51,2129,1985,3079
411,16696,16818,52,2127,1985,3058
411,16696,16818,53,2125,1984,3051
411,16696,16818,54,2123,1984,3035
411,16696,16818,55,2122,1984,3021
411,16696,16818,56,2119,1984,3007
411,16696,16818,57,2118,1984,2995
411,16696,16818,58,2115,1984,2981
411,16696,16818,59,2112,1984,2963
411,16696,16818,60,2111,1984,2948
411,16696,16818,61,2110,1984,2934
411,16696,16818,62,2107,1984,2923
411,16696,16818,63,2105,1984,2909
411,16696,16818,64,2104,1984,2887
411,16696,16818,65,2102,1984,2879
411,16696,16818,66,2100,1984,2865
411,16696,16818,67,2097,1984,2854
411,16696,16818,68,2096,1984,2835
411,16696,16818,69,2095,1984,2825
411,16696,16818,70,2092,1984,2811
411,16696,16818,71,2089,1984,2793
411,16696,16818,72,2088,1984,2781
411,16696,16818,73,2085,1984,2767
411,16696,16818,74,2084,1984,2753
411,16696,16818,75,2081,1983,2738
411,16696,16818,76,2080,1984,2725
411,16696,16818,77,2078,1984,2709
411,16696,16818,78,2076,1983,2695
411,16696,16818,79,2075,1983,2681
411,16696,16818,80,2072,1984,2667
411,16696,16818,81,2068,1983,2651
411,16696,16818,82,2068,1984,2639
411,16696,16818,83,2066,1983,2623
411,16696,16818,84,2065,1984,2610
411,16696,16818,85,2062,1984,2598
411,16696,16818,86,2061,1984,2579
411,16696,16818,87,2058,1984,2570
411,16696,16818,88,2056,1983,2548
411,16696,16818,89,2057,1983,2555
411,16696,16818,90,2058,1984,2570
411,16696,16818,91,2060,1984,2583
411,16696,16818,92,2062,1984,2594
411,16696,16818,93,2067,1984,2612
411,16696,16818,94,2067,1984,2623
411,16696,16818,95,2069,1984,2642
411,16696,16818,96,2070,1984,2653
411,16696,16818,97,2073,1984,2669
411,16696,16818,98,2075,1984,2677
411,16696,16818,99,2077,1984,2692
411,16696,16818,100,2078,1985,2707
411,16696,16818,101,2080,1984,2722
411,16696,16818,102,2083,1984,2735
411,16696,16818,103,2084,1984,2752
411,16696,16818,104,2087,1984,2767
411,16696,16818,105,2088,1984,2778
411,16696,16818,106,2089,1984,2801
411,16696,16818,107,2092,1984,2808
411,16696,16818,108,2094,1984,2823
411,16696,16818,109,2096,1984,2838
411,16696,16818,110,2097,1984,2852
411,16696,16818,111,2101,1984,2868
411,16696,16818,112,2103,1984,2879
411,16696,16818,113,2103,1985,2892
411,16696,16818,114,2105,1984,2906
411,16696,16818,115,2108,1985,2922
411,16696,16818,116,2109,1984,2937
411,16696,16818,117,2112,1984,2950
411,16696,16818,118,2114,1984,2966
411,16696,16818,119,2116,1984,2981
411,16696,16818,120,2117,1984,2993
411,16696,16818,121,2120,1984,3006
411,16696,16818,122,2121,1985,3018
411,16696,16818,123,2123,1984,3033
411,16696,16818,124,2125,1985,3051
411,16696,16818,125,2126,1985,3066
411,16696,16818,126,2129,1985,3076
411,16696,16818,127,2130,1985,3091
411,16696,16818,128,2133,1985,3106
411,16696,16818,129,2135,1985,3119
411,16696,16818,130,2136,1984,3133
411,16696,16818,131,2139,1985,3150
411,16696,16818,132,2141,1985,3162
411,16696,16818,133,2143,1985,3177
411,16696,16818,134,2144,1985,3190
411,16696,16818,135,2146,1985,3207
411,16696,16818,136,2149,1985,3219
411,16696,16818,137,2151,1985,3235
411,16696,16818,138,2153,1985,3249
411,16696,16818,139,2155,1985,3265
411,16696,16818,140,2156,1985,3276
411,16696,16818,141,2159,1985,3292
411,16696,16818,142,2161,1985,3305
411,16696,16818,143,2162,1985,3320
411,16696,16818,144,2165,1985,3335
411,16696,16818,145,2166,1985,3349
411,16696,16818,146,2169,1986,3364
411,16696,16818,147,2170,1986,3343
411,16696,16818,148,2172,1986,3392
411,16696,16818,149,2174,1985,3406
411,16696,16818,150,2176,1985,3420
411,16696,16818,151,2179,1985,3424
411,16696,16818,152,2180,1986,3447
411,16696,16818,153,2182,1986,3466
411,16696,16818,154,2184,1985,3475
411,16696,16818,155,2183,1985,3472
411,16696,16818,156,2183,1985,3471
411,16696,16818,157,2186,1986,3483
411,16696,16818,158,2187,1986,3502
411,16696,16818,159,2189,1986,3512
411,16696,16818,160,2189,1985,3516
411,16696,16818,161,2190,1986,3516
411,16696,16818,162,2189,1986,3491
411,16696,16818,163,2176,1984,3393
411,16696,16818,164,2160,1984,3280
411,16696,16818,165,2148,1984,3194
411,16696,16818,166,2129,1984,3050
411,16696,16818,167,2119,1983,2944
411,16696,16818,168,2097,1982,2812
411,16696,16818,169,2082,1982,2691
411,16696,16818,170,2063,1983,2553
411,16696,16818,171,2045,1981,2368
411,16696,16818,172,2018,1981,2208
411,16696,16818,173,1996,1982,2051
411,16696,16818,174,1973,1981,1881
411,16696,16818,175,1953,1981,1755
411,16696,16818,176,1932,1981,1593
411,16696,16818,177,1916,1980,1457
411,16696,16818,178,1903,1980,1388
411,16696,16818,179,1887,1979,1270
411,16696,16818,180,1876,1979,1148
411,16696,16818,181,1858,1979,1036
411,16696,16818,182,1846,1979,951
411,16696,16818,183,1830,1978,801
411,16696,16818,184,1816,1978,689
411,16696,16818,185,1804,1977,552
411,16696,16818,186,1789,1976,430
411,16696,16818,187,1771,1974,285
411,16696,16818,188,1758,1973,211
411,16696,16818,189,1759,1974,229
411,16696,16818,190,1762,1974,238
411,16696,16818,191,1763,1975,258
411,16696,16818,192,1764,1975,268
411,16696,16818,193,1766,1975,282
411,16696,16818,194,1767,1975,296
411,16696,16818,195,1768,1975,306
411,16696,16818,196,1771,1975,326
411,16696,16818,197,1772,1976,340
411,16696,16818,198,1773,1975,353
411,16696,16818,199,1776,1976,364
411,16696,16818,200,1778,1976,380
411,16696,16818,201,1775,1976,395
411,16696,16818,202,1781,1976,409
411,16696,16818,203,1781,1976,423
411,16696,16818,204,1783,1976,439
411,16696,16818,205,1785,1976,445
411,16696,16818,206,1786,1976,471
411,16696,16818,207,1788,1977,479
411,16696,16818,208,1789,1977,492
411,16696,16818,209,1791,1976,510
411,16696,16818,210,1793,1977,521
411,16696,16818,211,1795,1977,537
411,16696,16818,212,1797,1978,553
411,16696,16818,213,1797,1977,566
411,16696,16818,214,1799,1978,581
411,16696,16818,215,1800,1977,594
411,16696,16818,216,1803,1978,609
411,16696,16818,217,1803,1978,626
411,16696,16818,218,1806,1978,637
411,16696,16818,219,1808,1978,652
411,16696,16818,220,1809,1978,665
411,16696,16818,221,1811,1977,679
411,16696,16818,222,1812,1978,695
411,16696,16818,223,1815,1978,709
411,16696,16818,224,1815,1979,722
411,16696,16818,225,1818,1978,735
411,16696,16818,226,1819,1979,750
411,16696,16818,227,1820,1979,764
411,16696,16818,228,1822,1979,779
411,16696,16818,229,1825,1979,799
411,16696,16818,230,1825,1979,806
411,16696,16818,231,1828,1979,819
411,16696,16818,232,1830,1979,836
411,16696,16818,233,1830,1979,849
411,16696,16818,234,1832,1979,864
411,16696,16818,235,1835,1980,877
411,16696,16818,236,1835,1979,892
411,16696,16818,237,1838,1980,905
411,16696,16818,238,1841,1979,922
411,16696,16818,239,1840,1979,935
411,16696,16818,240,1843,1980,949
411,16696,16818,241,1844,1979,963
411,16696,16818,242,1847,1980,972
411,16696,16818,243,1849,1980,994
411,16696,16818,244,1850,1980,1008
411,16696,16818,245,1852,1980,1019
411,16696,16818,246,1853,1980,1033
411,16696,16818,247,1855,1980,1050
411,16696,16818,248,1856,1980,1061
411,16696,16818,249,1858,1980,1078
411,16696,16818,250,1860,1980,1091
411,16696,16818,251,1862,1980,1107
411,16696,16818,252,1864,1980,1121
411,16696,16818,253,1866,1980,1118
411,16696,16818,254,1868,1980,1149
411,16696,16818,255,1870,1980,1161
411,16696,16818,256,1871,1980,1177
411,16696,16818,257,1873,1980,1192
411,16696,16818,258,1875,1980,1208
411,16696,16818,259,1875,1981,1218
411,16696,16818,260,1878,1981,1232
411,16696,16818,261,1880,1980,1230
411,16696,16818,262,1882,1981,1259
411,16696,16818,263,1883,1981,1285
411,16696,16818,264,1886,1981,1289
411,16696,16818,265,1886,1981,1304
411,16696,16818,266,1888,1981,1321
411,16696,16818,267,1890,1980,1316
411,16696,16818,268,1888,1981,1302
411,16696,16818,269,1885,1980,1296
411,16696,16818,270,1884,1980,1276
411,16696,16818,271,1881,1980,1262
411,16696,16818,272,1881,1980,1249
411,16696,16818,273,1879,1981,1237
411,16696,16818,274,1877,1981,1219
411,16696,16818,275,1875,1981,1203
411,16696,16818,276,1872,1980,1189
411,16696,16818,277,1871,1980,1173
411,16696,16818,278,1870,1980,1161
411,16696,16818,279,1868,1980,1147
411,16696,16818,280,1866,1980,1132
411,16696,16818,281,1865,1980,1128
411,16696,16818,282,1863,1980,1103
411,16696,16818,283,1859,1980,1092
411,16696,16818,284,1860,1980,1077
411,16696,16818,285,1857,1980,1062
411,16696,16818,286,1855,1980,1049
411,16696,16818,287,1853,1980,1030
411,16696,16818,288,1851,1980,1022
411,16696,16818,289,1850,1980,1003
411,16696,16818,290,1849,1980,994
411,16696,16818,291,1847,1980,977
411,16696,16818,292,1845,1979,964
411,16696,16818,293,1844,1981,941
411,16696,16818,294,1841,1980,934
411,16696,16818,295,1840,1980,919
411,16696,16818,296,1838,1980,906
411,16696,16818,297,1835,1979,892
411,16696,16818,298,1834,1979,881
411,16696,16818,299,1833,1979,864
411,16696,16818,300,1831,1980,848
411,16696,16818,301,1829,1979,836
411,16696,16818,302,1828,1979,820
411,16696,16818,303,1825,1978,813
411,16696,16818,304,1825,1979,791
411,16696,16818,305,1822,1979,776
411,16696,16818,306,1820,1978,764
411,16696,16818,307,1819,1978,748
411,16696,16818,308,1818,1978,737
411,16696,16818,309,1817,1979,722
411,16696,16818,310,1814,1979,711
411,16696,16818,311,1812,1978,695
411,16696,16818,312,1811,1978,681
411,16696,16818,313,1809,1978,665
411,16696,16818,314,1808,1978,649
411,16696,16818,315,1806,1978,638
411,16696,16818,316,1804,1978,623
411,16696,16818,317,1803,1977,608
411,16696,16818,318,1800,1978,599
411,16696,16818,319,1800,1977,581
411,16696,16818,320,1798,1977,567
411,16696,16818,321,1796,1977,553
411,16696,16818,322,1794,1977,536
411,16696,16818,323,1793,1977,522
411,16696,16818,324,1792,1978,510
411,16696,16818,325,1790,1977,496
411,16696,16818,326,1788,1977,478
411,16696,16818,327,1787,1977,468
411,16696,16818,328,1785,1976,449
411,16696,16818,329,1784,1977,436
411,16696,16818,330,1782,1976,424
411,16696,16818,331,1780,1976,412
411,16696,16818,332,1778,1976,396
411,16696,16818,333,1776,1976,380
411,16696,16818,334,1775,1976,367
411,16696,16818,335,1775,1976,353
411,16696,16818,336,1771,1975,336
411,16696,16818,337,1771,1976,327
411,16696,16818,338,1769,1975,309
411,16696,16818,339,1768,1974,296
411,16696,16818,340,1766,1974,283
411,16696,16818,341,1765,1974,271
411,16696,16818,342,1764,1974,251
411,16696,16818,343,1762,1974,240
411,16696,16818,344,1759,1974,223
411,16696,16818,345,1758,1974,209
411,16696,16818,346,1756,1974,206
411,16696,16818,347,1760,1974,226
411,16696,16818,348,1766,1975,292
411,16696,16818,349,1773,1976,357
411,16696,16818,350,1783,1977,449
411,16696,16818,351,1794,1977,533
411,16696,16818,352,1801,1978,632
411,16696,16818,353,1816,1979,728
411,16696,16818,354,1828,1980,835
411,16696,16818,355,1838,1981,957
413,16872,16994,0,2000,2025,1164
413,16872,16994,1,1870,1982,1183
413,16872,16994,2,1877,1981,1256
413,16872,16994,3,1889,1981,1335
413,16872,16994,4,1899,1982,1428
413,16872,16994,5,1917,1981,1554
413,16872,16994,6,1924,1982,1659
413,16872,16994,7,1944,1983,1799
413,16872,16994,8,1963,1983,1924
413,16872,16994,9,1984,1983,2076
413,16872,16994,10,2005,1984,2225
413,16872,16994,11,2026,1984,2374
413,16872,16994,12,2047,1985,2524
413,16872,16994,13,2067,1985,2678
413,16872,16994,14,2088,1986,2827
413,16872,16994,15,2107,1986,2951
413,16872,16994,16,2135,1986,3125
413,16872,16994,17,2145,1986,3275
413,16872,16994,18,2166,1986,3414
413,16872,16994,19,2186,1985,3495
413,16872,16994,20,2187,1985,3490
413,16872,16994,21,2184,1985,3471
413,16872,16994,22,2185,1985,3471
413,16872,16994,23,2185,1985,3467
413,16872,16994,24,2183,1986,3460
413,16872,16994,25,2180,1985,3448
413,16872,16994,26,2179,1986,3433
413,16872,16994,27,2177,1985,3410
413,16872,16994,28,2174,1985,3406
413,16872,16994,29,2173,1985,3391
413,16872,16994,30,2170,1985,3380
413,16872,16994,31,2169,1985,3362
413,16872,16994,32,2167,1985,3348
413,16872,16994,33,2166,1985,3336
413,16872,16994,34,2162,1985,3310
413,16872,16994,35,2160,1985,3304
413,16872,16994,36,2158,1985,3284
413,16872,16994,37,2156,1985,3279
413,16872,16994,38,2155,1985,3262
413,16872,16994,39,2152,1985,3251
413,16872,16994,40,2151,1984,3236
413,16872,16994,41,2148,1984,3220
413,16872,16994,42,2148,1985,3214
413,16872,16994,43,2144,1985,3194
413,16872,16994,44,2142,1985,3179
413,16872,16994,45,2140,1985,3162
413,16872,16994,46,2139,1984,3156
413,16872,16994,47,2136,1985,3139
413,16872,16994,48,2136,1985,3123
413,16872,16994,49,2133,1985,3104
413,16872,16994,50,2132,1984,3091
413,16872,16994,51,2130,1984,3076
413,16872,16994,52,2127,1984,3064
413,16872,16994,53,2126,1984,3049
413,16872,16994,54,2124,1984,3036
413,16872,16994,55,2122,1984,3021
413,16872,16994,56,2119,1984,3009
413,16872,16994,57,2118,1984,2994
413,16872,16994,58,2115,1984,2979
413,16872,16994,59,2113,1984,2964
413,16872,16994,60,2112,1984,2950
413,16872,16994,61,2109,1984,2933
413,16872,16994,62,2108,1985,2917
413,16872,16994,63,2105,1984,2909
413,16872,16994,64,2105,1984,2890
413,16872,16994,65,2102,1984,2879
413,16872,16994,66,2099,1984,2863
413,16872,16994,67,2098,1984,2852
413,16872,16994,68,2095,1984,2838
413,16872,16994,69,2094,1984,2824
413,16872,16994,70,2093,1984,2810
413,16872,16994,71,2090,1984,2796
413,16872,16994,72,2088,1984,2780
413,16872,16994,73,2086,1984,2766
413,16872,16994,74,2085,1985,2750
413,16872,16994,75,2081,1984,2737
413,16872,16994,76,2079,1984,2721
413,16872,16994,77,2078,1984,2710
413,16872,16994,78,2077,1984,2695
413,16872,16994,79,2075,1983,2681
413,16872,16994,80,2072,1984,2666
413,16872,16994,81,2071,1983,2653
413,16872,16994,82,2069,1983,2639
413,16872,16994,83,2067,1984,2625
413,16872,16994,84,2065,1984,2607
413,16872,16994,85,2063,1983,2599
413,16872,16994,86,2061,1984,2582
413,16872,16994,87,2058,1983,2570
413,16872,16994,88,2057,1983,2553
413,16872,16994,89,2056,1984,2553
413,16872,16994,90,2058,1983,2571
413,16872,16994,91,2062,1984,2581
413,16872,16994,92,2062,1983,2593
413,16872,16994,93,2065,1984,2609
413,16872,16994,94,2066,1984,2623
413,16872,16994,95,2070,1984,2636
413,16872,16994,96,2070,1984,2653
413,16872,16994,97,2073,1984,2664
413,16872,16994,98,2074,1984,2680
413,16872,16994,99,2077,1984,2698
413,16872,16994,100,2078,1984,2709
413,16872,16994,101,2080,1984,2722
413,16872,16994,102,2083,1984,2738
413,16872,16994,103,2084,1984,2752
413,16872,16994,104,2086,1984,2767
413,16872,16994,105,2088,1984,2781
413,16872,16994,106,2091,1984,2791
413,16872,16994,107,2092,1985,2808
413,16872,16994,108,2094,1984,2822
413,16872,16994,109,2096,1984,2835
413,16872,16994,110,2099,1984,2854
413,16872,16994,111,2099,1984,2867
413,16872,16994,112,2101,1985,2880
413,16872,16994,113,2104,1985,2897
413,16872,16994,114,2106,1984,2910
413,16872,16994,115,2107,1984,2921
413,16872,16994,116,2110,1984,2937
413,16872,16994,117,2112,1985,2950
413,16872,16994,118,2113,1984,2967
413,16872,16994,119,2115,1984,2977
413,16872,16994,120,2117,1984,2992
413,16872,16994,121,2120,1985,3007
413,16872,16994,122,2121,1985,3023
413,16872,16994,123,2123,1984,3036
413,16872,16994,124,2125,1985,3040
413,16872,16994,125,2127,1985,3063
413,16872,16994,126,2129,1985,3087
413,16872,16994,127,2131,1984,3093
413,16872,16994,128,2134,1985,3105
413,16872,16994,129,2135,1985,3121
413,16872,16994,130,2137,1986,3136
413,16872,16994,131,2138,1984,3150
413,16872,16994,132,2141,1985,3162
413,16872,16994,133,2142,1985,3180
413,16872,16994,134,2145,1985,3194
413,16872,16994,135,2148,1985,3205
413,16872,16994,136,2149,1985,3223
413,16872,16994,137,2152,1985,3235
413,16872,16994,138,2153,1986,3249
413,16872,16994,139,2155,1986,3264
413,16872,16994,140,2156,1985,3279
413,16872,16994,141,2158,1985,3292
413,16872,16994,142,2161,1985,3307
413,16872,16994,143,2162,1985,3319
413,16872,16994,144,2164,1985,3344
413,16872,16994,145,2167,1984,3349
413,16872,16994,146,2168,1985,3361
413,16872,16994,147,2170,1984,3377
413,16872,16994,148,2173,1985,3392
413,16872,16994,149,2175,1985,3407
413,16872,16994,150,2177,1985,3419
413,16872,16994,151,2177,1986,3434
413,16872,16994,152,2181,1986,3466
413,16872,16994,153,2183,1986,3461
413,16872,16994,154,2184,1986,3477
413,16872,16994,155,2184,1984,3472
413,16872,16994,156,2184,1985,3470
413,16872,16994,157,2188,1986,3484
413,16872,16994,158,2188,1986,3494
413,16872,16994,159,2189,1986,3507
413,16872,16994,160,2190,1986,3517
413,16872,16994,161,2190,1986,3517
413,16872,16994,162,2189,1985,3477
413,16872,16994,163,2173,1985,3390
413,16872,16994,164,2164,1984,3285
413,16872,16994,165,2148,1984,3177
413,16872,16994,166,2131,1984,3052
413,16872,16994,167,2114,1984,2947
413,16872,16994,168,2098,1983,2801
413,16872,16994,169,2080,1983,2720
413,16872,16994,170,2069,1984,2626
413,16872,16994,171,2058,1983,2534
413,16872,16994,172,2038,1982,2410
413,16872,16994,173,2029,1982,2296
413,16872,16994,174,2010,1982,2158
413,16872,16994,175,1990,1982,2046
413,16872,16994,176,1974,1981,1886
413,16872,16994,177,1952,1980,1723
413,16872,16994,178,1940,1981,1653
413,16872,16994,179,1917,1980,1499
413,16872,16994,180,1904,1979,1357
413,16872,16994,181,1879,1980,1182
413,16872,16994,182,1861,1979,1047
413,16872,16994,183,1845,1979,897
413,16872,16994,184,1820,1978,751
413,16872,16994,185,1812,1977,611
413,16872,16994,186,1794,1975,461
413,16872,16994,187,1777,1975,323
413,16872,16994,188,1761,1975,239
413,16872,16994,189,1760,1974,227
413,16872,16994,190,1761,1974,240
413,16872,16994,191,1763,1974,258
413,16872,16994,192,1764,1975,267
413,16872,16994,193,1766,1975,284
413,16872,16994,194,1767,1975,314
413,16872,16994,195,1769,1974,308
413,16872,16994,196,1772,1975,326
413,16872,16994,197,1772,1975,337
413,16872,16994,198,1774,1975,355
413,16872,16994,199,1775,1975,367
413,16872,16994,200,1777,1976,380
413,16872,16994,201,1779,1976,396
413,16872,16994,202,1781,1976,411
413,16872,16994,203,1781,1976,424
413,16872,16994,204,1783,1976,436
413,16872,16994,205,1785,1976,453
413,16872,16994,206,1786,1977,463
413,16872,16994,207,1788,1977,480
413,16872,16994,208,1790,1977,496
413,16872,16994,209,1791,1977,509
413,16872,16994,210,1793,1977,521
413,16872,16994,211,1793,1978,539
413,16872,16994,212,1796,1978,552
413,16872,16994,213,1798,1977,564
413,16872,16994,214,1800,1978,581
413,16872,16994,215,1801,1977,595
413,16872,16994,216,1802,1978,606
413,16872,16994,217,1804,1978,623
413,16872,16994,218,1806,1979,637
413,16872,16994,219,1808,1979,654
413,16872,16994,220,1809,1978,663
413,16872,16994,221,1811,1979,681
413,16872,16994,222,1812,1978,692
413,16872,16994,223,1815,1978,707
413,16872,16994,224,1815,1979,722
413,16872,16994,225,1818,1979,736
413,16872,16994,226,1819,1979,749
413,16872,16994,227,1821,1979,766
413,16872,16994,228,1823,1979,774
413,16872,16994,229,1824,1979,793
413,16872,16994,230,1827,1979,805
413,16872,16994,231,1828,1979,824
413,16872,16994,232,1829,1979,835
413,16872,16994,233,1831,1979,850
413,16872,16994,234,1832,1979,864
413,16872,16994,235,1834,1980,878
413,16872,16994,236,1836,1979,899
413,16872,16994,237,1839,1979,905
413,16872,16994,238,1840,1980,920
413,16872,16994,239,1842,1979,934
413,16872,16994,240,1843,1979,947
413,16872,16994,241,1845,1979,965
413,16872,16994,242,1847,1979,977
413,16872,16994,243,1848,1979,987
413,16872,16994,244,1849,1980,1004
413,16872,16994,245,1852,1981,1023
413,16872,16994,246,1853,1980,1036
413,16872,16994,247,1856,1981,1045
413,16872,16994,248,1857,1980,1062
413,16872,16994,249,1858,1980,1076
413,16872,16994,250,1861,1980,1094
413,16872,16994,251,1862,1980,1105
413,16872,16994,252,1864,1981,1117
413,16872,16994,253,1865,1980,1133
413,16872,16994,254,1868,1981,1147
413,16872,16994,255,1869,1981,1162
413,16872,16994,256,1872,1981,1175
413,16872,16994,257,1873,1981,1188
413,16872,16994,258,1874,1981,1208
413,16872,16994,259,1877,1981,1217
413,16872,16994,260,1878,1980,1231
413,16872,16994,261,1881,1981,1248
413,16872,16994,262,1881,1981,1261
413,16872,16994,263,1884,1981,1276
413,16872,16994,264,1885,1981,1289
413,16872,16994,265,1887,1981,1303
413,16872,16994,266,1890,1981,1318
413,16872,16994,267,1888,1981,1317
413,16872,16994,268,1888,1980,1305
413,16872,16994,269,1886,1981,1294
413,16872,16994,270,1884,1980,1274
413,16872,16994,271,1882,1981,1263
413,16872,16994,272,1880,1981,1244
413,16872,16994,273,1879,1981,1232
413,16872,16994,274,1876,1981,1220
413,16872,16994,275,1874,1980,1204
413,16872,16994,276,1873,1980,1190
413,16872,16994,277,1871,1981,1176
413,16872,16994,278,1870,1980,1162
413,16872,16994,279,1868,1980,1154
413,16872,16994,280,1866,1980,1133
413,16872,16994,281,1864,1980,1122
413,16872,16994,282,1862,1980,1103
413,16872,16994,283,1861,1981,1088
413,16872,16994,284,1859,1980,1076
413,16872,16994,285,1857,1980,1064
413,16872,16994,286,1854,1980,1049
413,16872,16994,287,1853,1980,1035
413,16872,16994,288,1852,1979,1021
413,16872,16994,289,1850,1980,1003
413,16872,16994,290,1848,1980,990
413,16872,16994,291,1846,1979,989
413,16872,16994,292,1845,1979,963
413,16872,16994,293,1843,1979,949
413,16872,16994,294,1841,1979,933
413,16872,16994,295,1841,1979,921
413,16872,16994,296,1838,1980,905
413,16872,16994,297,1836,1979,893
413,16872,16994,298,1834,1980,882
413,16872,16994,299,1830,1980,863
413,16872,16994,300,1831,1979,845
413,16872,16994,301,1830,1979,836
413,16872,16994,302,1828,1979,820
413,16872,16994,303,1826,1978,805
413,16872,16994,304,1824,1979,791
413,16872,16994,305,1823,1978,774
413,16872,16994,306,1821,1978,767
413,16872,16994,307,1819,1978,750
413,16872,16994,308,1818,1978,735
413,16872,16994,309,1816,1979,724
413,16872,16994,310,1813,1978,709
413,16872,16994,311,1813,1978,696
413,16872,16994,312,1810,1978,680
413,16872,16994,313,1810,1978,666
413,16872,16994,314,1808,1978,655
413,16872,16994,315,1804,1977,636
413,16872,16994,316,1805,1978,618
413,16872,16994,317,1803,1978,606
413,16872,16994,318,1801,1977,591
413,16872,16994,319,1799,1977,579
413,16872,16994,320,1800,1978,566
413,16872,16994,321,1796,1977,556
413,16872,16994,322,1795,1978,535
413,16872,16994,323,1792,1977,524
413,16872,16994,324,1792,1977,508
413,16872,16994,325,1789,1977,495
413,16872,16994,326,1786,1976,480
413,16872,16994,327,1787,1976,467
413,16872,16994,328,1785,1976,452
413,16872,16994,329,1783,1976,438
413,16872,16994,330,1782,1976,423
413,16872,16994,331,1780,1976,415
413,16872,16994,332,1778,1976,398
413,16872,16994,333,1777,1976,380
413,16872,16994,334,1776,1975,367
413,16872,16994,335,1774,1976,355
413,16872,16994,336,1772,1975,339
413,16872,16994,337,1768,1975,325
413,16872,16994,338,1773,1976,311
413,16872,16994,339,1762,1973,301
413,16872,16994,340,1768,1975,280
413,16872,16994,341,1766,1974,267
413,16872,16994,342,1760,1974,253
413,16872,16994,343,1762,1973,242
413,16872,16994,344,1763,1974,226
413,16872,16994,345,1753,1971,212
413,16872,16994,346,1759,1974,196
413,16872,16994,347,1755,1972,180
413,16872,16994,348,1750,1973,168
413,16872,16994,349,1752,1974,199
413,16872,16994,350,1764,1973,293
413,16872,16994,351,1773,1977,407
413,16872,16994,352,1790,1980,519
413,16872,16994,353,1803,1976,663
413,16872,16994,354,1818,1980,784
413,16872,16994,355,1835,1983,910
415,17049,17171,0,2011,2029,1376
415,17049,17171,1,1899,1985,1419
415,17049,17171,2,1902,1978,1474
415,17049,17171,3,1922,1983,1551
415,17049,17171,4,1930,1984,1650
415,17049,17171,5,1935,1979,1744
415,17049,17171,6,1959,1984,1852
415,17049,17171,7,1974,1984,1966
415,17049,17171,8,1980,1980,2094
415,17049,17171,9,2008,1985,2215
415,17049,17171,10,2026,1984,2325
415,17049,17171,11,2036,1982,2474
415,17049,17171,12,2060,1986,2607
415,17049,17171,13,2079,1985,2731
415,17049,17171,14,2088,1983,2870
415,17049,17171,15,2117,1986,3008
415,17049,17171,16,2128,1985,3078
415,17049,17171,17,2130,1984,3166
415,17049,17171,18,2158,1986,3291
415,17049,17171,19,2172,1986,3419
415,17049,17171,20,2181,1985,3480
415,17049,17171,21,2185,1984,3469
415,17049,17171,22,2186,1986,3472
415,17049,17171,23,2180,1985,3473
415,17049,17171,24,2184,1985,3462
415,17049,17171,25,2182,1985,3447
415,17049,17171,26,2176,1985,3433
415,17049,17171,27,2178,1985,3418
415,17049,17171,28,2176,1984,3407
415,17049,17171,29,2170,1986,3390
415,17049,17171,30,2171,1986,3377
415,17049,17171,31,2170,1983,3365
415,17049,17171,32,2165,1985,3348
415,17049,17171,33,2164,1987,3327
415,17049,17171,34,2163,1982,3318
415,17049,17171,35,2160,1986,3306
415,17049,17171,36,2159,1987,3290
415,17049,17171,37,2156,1982,3277
415,17049,17171,38,2156,1986,3264
415,17049,17171,39,2153,1987,3248
415,17049,17171,40,2149,1982,3238
415,17049,17171,41,2152,1986,3223
415,17049,17171,42,2148,1987,3207
415,17049,17171,43,2142,1982,3191
415,17049,17171,44,2143,1986,3179
415,17049,17171,45,2144,1986,3163
415,17049,17171,46,2135,1981,3151
415,17049,17171,47,2139,1986,3134
415,17049,17171,48,2138,1986,3119
415,17049,17171,49,2128,1982,3104
415,17049,17171,50,2133,1986,3091
415,17049,17171,51,2130,1986,3076
415,17049,17171,52,2123,1982,3061
415,17049,17171,53,2128,1986,3049
415,17049,17171,54,2126,1986,3036
415,17049,17171,55,2117,1982,3021
415,17049,17171,56,2121,1985,3006
415,17049,17171,57,2119,1985,2995
415,17049,17171,58,2111,1982,2981
415,17049,17171,59,2115,1985,2962
415,17049,17171,60,2113,1985,2951
415,17049,17171,61,2105,1983,2933
415,17049,17171,62,2109,1984,2926
415,17049,17171,63,2107,1985,2906
415,17049,17171,64,2099,1983,2893
415,17049,17171,65,2104,1984,2888
415,17049,17171,66,2102,1984,2868
415,17049,17171,67,2093,1984,2853
415,17049,17171,68,2098,1984,2834
415,17049,17171,69,2095,1984,2823
415,17049,17171,70,2088,1984,2808
415,17049,17171,71,2091,1984,2792
415,17049,17171,72,2090,1983,2781
415,17049,17171,73,2084,1984,2763
415,17049,17171,74,2085,1985,2751
415,17049,17171,75,2083,1982,2739
415,17049,17171,76,2080,1985,2726
415,17049,17171,77,2079,1985,2710
415,17049,17171,78,2077,1981,2687
415,17049,17171,79,2073,1985,2684
415,17049,17171,80,2072,1987,2665
415,17049,17171,81,2070,1981,2656
415,17049,17171,82,2069,1985,2639
415,17049,17171,83,2067,1986,2624
415,17049,17171,84,2063,1980,2611
415,17049,17171,85,2064,1985,2596
415,17049,17171,86,2062,1986,2580
415,17049,17171,87,2056,1980,2565
415,17049,17171,88,2059,1985,2551
415,17049,17171,89,2060,1986,2552
415,17049,17171,90,2054,1981,2567
415,17049,17171,91,2063,1985,2579
415,17049,17171,92,2066,1986,2595
415,17049,17171,93,2060,1981,2610
415,17049,17171,94,2068,1985,2622
415,17049,17171,95,2071,1985,2641
415,17049,17171,96,2066,1981,2647
415,17049,17171,97,2074,1985,2666
415,17049,17171,98,2076,1985,2684
415,17049,17171,99,2071,1982,2697
415,17049,17171,100,2078,1985,2707
415,17049,17171,101,2083,1985,2724
415,17049,17171,102,2077,1982,2740
415,17049,17171,103,2087,1984,2753
415,17049,17171,104,2089,1985,2768
415,17049,17171,105,2083,1983,2779
415,17049,17171,106,2092,1985,2796
415,17049,17171,107,2094,1984,2811
415,17049,17171,108,2090,1984,2821
415,17049,17171,109,2097,1984,2828
415,17049,17171,110,2100,1985,2855
415,17049,17171,111,2097,1984,2859
415,17049,17171,112,2104,1984,2878
415,17049,17171,113,2105,1984,2891
415,17049,17171,114,2103,1985,2910
415,17049,17171,115,2108,1984,2918
415,17049,17171,116,2110,1983,2939
415,17049,17171,117,2109,1985,2947
415,17049,17171,118,2113,1985,2965
415,17049,17171,119,2117,1982,2973
415,17049,17171,120,2116,1985,2991
415,17049,17171,121,2119,1987,3006
415,17049,17171,122,2121,1982,3023
415,17049,17171,123,2124,1986,3037
415,17049,17171,124,2125,1987,3049
415,17049,17171,125,2126,1981,3063
415,17049,17171,126,2130,1986,3080
415,17049,17171,127,2132,1986,3092
415,17049,17171,128,2131,1982,3106
415,17049,17171,129,2135,1987,3120
415,17049,17171,130,2138,1987,3134
415,17049,17171,131,2136,1982,3146
415,17049,17171,132,2142,1986,3161
415,17049,17171,133,2144,1986,3177
415,17049,17171,134,2140,1982,3192
415,17049,17171,135,2148,1986,3207
415,17049,17171,136,2151,1986,3223
415,17049,17171,137,2146,1982,3233
415,17049,17171,138,2155,1986,3251
415,17049,17171,139,2157,1986,3266
415,17049,17171,140,2153,1983,3279
415,17049,17171,141,2160,1987,3291
415,17049,17171,142,2163,1986,3305
415,17049,17171,143,2158,1983,3321
415,17049,17171,144,2167,1986,3332
415,17049,17171,145,2169,1986,3348
415,17049,17171,146,2163,1984,3364
415,17049,17171,147,2172,1986,3377
415,17049,17171,148,2176,1986,3390
415,17049,17171,149,2170,1984,3404
415,17049,17171,150,2178,1986,3420
415,17049,17171,151,2180,1986,3433
415,17049,17171,152,2176,1985,3449
415,17049,17171,153,2183,1985,3460
415,17049,17171,154,2186,1985,3477
415,17049,17171,155,2181,1985,3472
415,17049,17171,156,2184,1985,3470
415,17049,17171,157,2185,1985,3476
415,17049,17171,158,2184,1986,3493
415,17049,17171,159,2189,1986,3508
415,17049,17171,160,2193,1984,3517
415,17049,17171,161,2189,1987,3518
415,17049,17171,162,2183,1985,3400
415,17049,17171,163,2164,1982,3286
415,17049,17171,164,2147,1984,3143
415,17049,17171,165,2124,1985,3019
415,17049,17171,166,2109,1980,2889
415,17049,17171,167,2091,1984,2762
415,17049,17171,168,2075,1986,2642
415,17049,17171,169,2057,1979,2519
415,17049,17171,170,2041,1984,2412
415,17049,17171,171,2026,1985,2296
415,17049,17171,172,2006,1978,2174
415,17049,17171,173,1995,1983,2059
415,17049,17171,174,1977,1984,1993
415,17049,17171,175,1957,1977,1825
415,17049,17171,176,1948,1982,1698
415,17049,17171,177,1929,1982,1561
415,17049,17171,178,1913,1977,1491
415,17049,17171,179,1902,1981,1373
415,17049,17171,180,1887,1981,1246
415,17049,17171,181,1865,1977,1115
415,17049,17171,182,1855,1980,988
415,17049,17171,183,1840,1980,859
415,17049,17171,184,1815,1975,717
415,17049,17171,185,1807,1978,571
415,17049,17171,186,1794,1977,488
415,17049,17171,187,1774,1974,414
415,17049,17171,188,1774,1975,292
415,17049,17171,189,1763,1976,243
415,17049,17171,190,1756,1972,230
415,17049,17171,191,1766,1975,253
415,17049,17171,192,1766,1975,267
415,17049,17171,193,1761,1974,281
415,17049,17171,194,1769,1975,296
415,17049,17171,195,1771,1975,310
415,17049,17171,196,1766,1975,297
415,17049,17171,197,1774,1975,336
415,17049,17171,198,1775,1975,352
415,17049,17171,199,1773,1976,366
415,17049,17171,200,1777,1975,377
415,17049,17171,201,1780,1976,398
415,17049,17171,202,1778,1977,410
415,17049,17171,203,1783,1977,421
415,17049,17171,204,1784,1975,443
415,17049,17171,205,1783,1978,451
415,17049,17171,206,1787,1978,463
415,17049,17171,207,1789,1974,481
415,17049,17171,208,1789,1978,489
415,17049,17171,209,1792,1979,491
415,17049,17171,210,1793,1974,523
415,17049,17171,211,1795,1978,536
415,17049,17171,212,1796,1980,548
415,17049,17171,213,1796,1974,568
415,17049,17171,214,1800,1978,578
415,17049,17171,215,1802,1980,596
415,17049,17171,216,1800,1975,606
415,17049,17171,217,1805,1979,623
415,17049,17171,218,1808,1980,640
415,17049,17171,219,1803,1975,648
415,17049,17171,220,1811,1980,666
415,17049,17171,221,1815,1980,682
415,17049,17171,222,1808,1975,692
415,17049,17171,223,1816,1980,705
415,17049,17171,224,1819,1980,720
415,17049,17171,225,1812,1976,737
415,17049,17171,226,1822,1980,751
415,17049,17171,227,1823,1980,766
415,17049,17171,228,1818,1976,771
415,17049,17171,229,1826,1980,792
415,17049,17171,230,1828,1980,807
415,17049,17171,231,1823,1977,823
415,17049,17171,232,1831,1979,832
415,17049,17171,233,1834,1980,849
415,17049,17171,234,1828,1978,863
415,17049,17171,235,1836,1979,878
415,17049,17171,236,1838,1980,892
415,17049,17171,237,1834,1979,910
415,17049,17171,238,1842,1980,920
415,17049,17171,239,1843,1980,934
415,17049,17171,240,1838,1980,950
415,17049,17171,241,1846,1980,967
415,17049,17171,242,1849,1980,980
415,17049,17171,243,1845,1981,992
415,17049,17171,244,1851,1980,1012
415,17049,17171,245,1854,1980,1029
415,17049,17171,246,1851,1981,1034
415,17049,17171,247,1855,1981,1049
415,17049,17171,248,1857,1979,1064
415,17049,17171,249,1858,1981,1075
415,17049,17171,250,1861,1982,1090
415,17049,17171,251,1862,1978,1106
415,17049,17171,252,1864,1981,1118
415,17049,17171,253,1865,1983,1134
415,17049,17171,254,1867,1978,1151
415,17049,17171,255,1870,1982,1161
415,17049,17171,256,1871,1983,1174
415,17049,17171,257,1871,1978,1195
415,17049,17171,258,1875,1982,1203
415,17049,17171,259,1877,1983,1228
415,17049,17171,260,1875,1977,1232
415,17049,17171,261,1881,1982,1246
415,17049,17171,262,1885,1982,1260
415,17049,17171,263,1880,1978,1273
415,17049,17171,264,1887,1982,1290
415,17049,17171,265,1890,1983,1305
415,17049,17171,266,1885,1978,1318
415,17049,17171,267,1891,1982,1316
415,17049,17171,268,1889,1982,1304
415,17049,17171,269,1881,1978,1293
415,17049,17171,270,1886,1982,1277
415,17049,17171,271,1885,1982,1262
415,17049,17171,272,1875,1978,1245
415,17049,17171,273,1880,1981,1234
415,17049,17171,274,1879,1981,1216
415,17049,17171,275,1871,1979,1200
415,17049,17171,276,1875,1981,1193
415,17049,17171,277,1873,1981,1178
415,17049,17171,278,1865,1979,1160
415,17049,17171,279,1870,1981,1147
415,17049,17171,280,1868,1980,1134
415,17049,17171,281,1859,1980,1116
415,17049,17171,282,1865,1981,1105
415,17049,17171,283,1863,1981,1090
415,17049,17171,284,1855,1981,1076
415,17049,17171,285,1858,1980,1063
415,17049,17171,286,1857,1980,1051
415,17049,17171,287,1851,1980,1033
415,17049,17171,288,1853,1980,1013
415,17049,17171,289,1851,1979,1005
415,17049,17171,290,1846,1980,991
415,17049,17171,291,1847,1981,963
415,17049,17171,292,1845,1978,961
415,17049,17171,293,1843,1980,939
415,17049,17171,294,1841,1981,933
415,17049,17171,295,1840,1977,922
415,17049,17171,296,1838,1981,905
415,17049,17171,297,1836,1982,891
415,17049,17171,298,1834,1976,877
415,17049,17171,299,1834,1980,861
415,17049,17171,300,1831,1982,849
415,17049,17171,301,1828,1975,830
415,17049,17171,302,1828,1980,822
415,17049,17171,303,1827,1981,803
415,17049,17171,304,1821,1976,791
415,17049,17171,305,1824,1980,779
415,17049,17171,306,1823,1981,766
415,17049,17171,307,1816,1976,749
415,17049,17171,308,1818,1979,734
415,17049,17171,309,1818,1980,720
415,17049,17171,310,1809,1975,704
415,17049,17171,311,1814,1979,698
415,17049,17171,312,1814,1979,682
415,17049,17171,313,1804,1975,664
415,17049,17171,314,1810,1979,651
415,17049,17171,315,1808,1979,636
415,17049,17171,316,1799,1975,617
415,17049,17171,317,1805,1978,607
415,17049,17171,318,1804,1978,592
415,17049,17171,319,1795,1976,579
415,17049,17171,320,1800,1978,564
415,17049,17171,321,1798,1978,552
415,17049,17171,322,1790,1976,536
415,17049,17171,323,1795,1977,522
415,17049,17171,324,1793,1978,509
415,17049,17171,325,1786,1976,491
415,17049,17171,326,1790,1976,486
415,17049,17171,327,1788,1976,465
415,17049,17171,328,1781,1976,451
415,17049,17171,329,1784,1976,441
415,17049,17171,330,1783,1976,424
415,17049,17171,331,1777,1976,402
415,17049,17171,332,1780,1975,394
415,17049,17171,333,1778,1974,382
415,17049,17171,334,1773,1976,366
415,17049,17171,335,1775,1976,349
415,17049,17171,336,1773,1974,340
415,17049,17171,337,1770,1976,324
415,17049,17171,338,1768,1976,304
415,17049,17171,339,1768,1972,297
415,17049,17171,340,1765,1975,287
415,17049,17171,341,1764,1976,268
415,17049,17171,342,1763,1970,251
415,17049,17171,343,1761,1975,245
415,17049,17171,344,1759,1977,226
415,17049,17171,345,1756,1970,211
415,17049,17171,346,1756,1975,198
415,17049,17171,347,1757,1976,183
415,17049,17171,348,1750,1970,175
415,17049,17171,349,1764,1976,256
415,17049,17171,350,1771,1978,346
415,17049,17171,351,1779,1974,445
415,17049,17171,352,1795,1979,561
415,17049,17171,353,1809,1981,677
415,17049,17171,354,1819,1977,798
415,17049,17171,355,1838,1981,932
417,17222,17344,0,1997,2023,1083
417,17222,17344,1,1864,1984,1135
417,17222,17344,2,1867,1978,1197
417,17222,17344,3,1886,1982,1281
417,17222,17344,4,1897,1984,1398
417,17222,17344,5,1906,1979,1512
417,17222,17344,6,1927,1983,1630
417,17222,17344,7,1947,1985,1779
417,17222,17344,8,1958,1981,1924
417,17222,17344,9,1987,1985,2062
417,17222,17344,10,2008,1986,2272
417,17222,17344,11,2021,1982,2385
417,17222,17344,12,2050,1986,2565
417,17222,17344,13,2072,1985,2690
417,17222,17344,14,2079,1984,2872
417,17222,17344,15,2110,1985,2975
417,17222,17344,16,2132,1986,3125
417,17222,17344,17,2142,1985,3271
417,17222,17344,18,2169,1986,3417
417,17222,17344,19,2186,1986,3496
417,17222,17344,20,2182,1984,3472
417,17222,17344,21,2184,1985,3470
417,17222,17344,22,2185,1985,3472
417,17222,17344,23,2181,1985,3474
417,17222,17344,24,2184,1985,3459
417,17222,17344,25,2182,1986,3449
417,17222,17344,26,2176,1986,3432
417,17222,17344,27,2176,1985,3416
417,17222,17344,28,2175,1984,3405
417,17222,17344,29,2171,1986,3393
417,17222,17344,30,2170,1986,3372
417,17222,17344,31,2170,1983,3364
417,17222,17344,32,2165,1986,3354
417,17222,17344,33,2164,1987,3334
417,17222,17344,34,2163,1982,3322
417,17222,17344,35,2160,1986,3302
417,17222,17344,36,2159,1987,3289
417,17222,17344,37,2157,1982,3278
417,17222,17344,38,2155,1986,3262
417,17222,17344,39,2153,1987,3249
417,17222,17344,40,2149,1982,3235
417,17222,17344,41,2150,1986,3222
417,17222,17344,42,2149,1987,3206
417,17222,17344,43,2142,1982,3192
417,17222,17344,44,2145,1986,3182
417,17222,17344,45,2143,1987,3164
417,17222,17344,46,2135,1982,3145
417,17222,17344,47,2138,1986,3135
417,17222,17344,48,2138,1986,3124
417,17222,17344,49,2129,1982,3106
417,17222,17344,50,2133,1986,3090
417,17222,17344,51,2131,1986,3080
417,17222,17344,52,2123,1982,3064
417,17222,17344,53,2126,1986,3050
417,17222,17344,54,2126,1986,3036
417,17222,17344,55,2116,1982,3018
417,17222,17344,56,2122,1985,3008
417,17222,17344,57,2120,1985,2994
417,17222,17344,58,2111,1983,2977
417,17222,17344,59,2115,1984,2963
417,17222,17344,60,2114,1985,2952
417,17222,17344,61,2105,1984,2934
417,17222,17344,62,2110,1984,2915
417,17222,17344,63,2108,1985,2911
417,17222,17344,64,2100,1984,2893
417,17222,17344,65,2103,1984,2879
417,17222,17344,66,2102,1984,2866
417,17222,17344,67,2095,1984,2854
417,17222,17344,68,2097,1984,2839
417,17222,17344,69,2096,1984,2827
417,17222,17344,70,2090,1984,2808
417,17222,17344,71,2091,1984,2793
417,17222,17344,72,2089,1982,2778
417,17222,17344,73,2085,1985,2769
417,17222,17344,74,2084,1985,2749
417,17222,17344,75,2083,1982,2737
417,17222,17344,76,2079,1985,2722
417,17222,17344,77,2078,1986,2706
417,17222,17344,78,2076,1981,2695
417,17222,17344,79,2075,1985,2677
417,17222,17344,80,2071,1987,2664
417,17222,17344,81,2070,1980,2647
417,17222,17344,82,2068,1985,2636
417,17222,17344,83,2067,1986,2629
417,17222,17344,84,2062,1980,2615
417,17222,17344,85,2063,1985,2592
417,17222,17344,86,2062,1986,2577
417,17222,17344,87,2055,1980,2567
417,17222,17344,88,2058,1985,2554
417,17222,17344,89,2059,1985,2534
417,17222,17344,90,2054,1980,2568
417,17222,17344,91,2063,1985,2581
417,17222,17344,92,2066,1986,2595
417,17222,17344,93,2061,1981,2614
417,17222,17344,94,2068,1985,2624
417,17222,17344,95,2070,1985,2638
417,17222,17344,96,2065,1981,2652
417,17222,17344,97,2074,1984,2665
417,17222,17344,98,2076,1985,2680
417,17222,17344,99,2072,1982,2695
417,17222,17344,100,2080,1984,2711
417,17222,17344,101,2082,1985,2728
417,17222,17344,102,2078,1983,2734
417,17222,17344,103,2086,1985,2751
417,17222,17344,104,2089,1985,2765
417,17222,17344,105,2083,1984,2778
417,17222,17344,106,2092,1984,2794
417,17222,17344,107,2093,1984,2809
417,17222,17344,108,2090,1984,2826
417,17222,17344,109,2098,1984,2836
417,17222,17344,110,2100,1985,2844
417,17222,17344,111,2096,1985,2864
417,17222,17344,112,2103,1984,2877
417,17222,17344,113,2106,1984,2893
417,17222,17344,114,2103,1985,2909
417,17222,17344,115,2110,1984,2920
417,17222,17344,116,2110,1983,2936
417,17222,17344,117,2110,1984,2948
417,17222,17344,118,2113,1985,2965
417,17222,17344,119,2116,1982,2979
417,17222,17344,120,2116,1986,2991
417,17222,17344,121,2120,1987,3010
417,17222,17344,122,2122,1982,3022
417,17222,17344,123,2123,1986,3037
417,17222,17344,124,2125,1988,3050
417,17222,17344,125,2126,1982,3066
417,17222,17344,126,2129,1986,3079
417,17222,17344,127,2132,1987,3093
417,17222,17344,128,2129,1982,3106
417,17222,17344,129,2137,1986,3120
417,17222,17344,130,2139,1987,3138
417,17222,17344,131,2134,1982,3150
417,17222,17344,132,2142,1986,3161
417,17222,17344,133,2146,1987,3168
417,17222,17344,134,2141,1982,3191
417,17222,17344,135,2148,1986,3207
417,17222,17344,136,2152,1987,3220
417,17222,17344,137,2146,1982,3229
417,17222,17344,138,2152,1987,3249
417,17222,17344,139,2156,1986,3264
417,17222,17344,140,2152,1983,3280
417,17222,17344,141,2161,1986,3296
417,17222,17344,142,2163,1986,3306
417,17222,17344,143,2159,1984,3321
417,17222,17344,144,2165,1985,3334
417,17222,17344,145,2169,1986,3349
417,17222,17344,146,2164,1984,3364
417,17222,17344,147,2172,1985,3376
417,17222,17344,148,2175,1986,3390
417,17222,17344,149,2170,1985,3404
417,17222,17344,150,2177,1985,3423
417,17222,17344,151,2181,1986,3436
417,17222,17344,152,2178,1985,3443
417,17222,17344,153,2182,1985,3465
417,17222,17344,154,2186,1986,3477
417,17222,17344,155,2181,1986,3473
417,17222,17344,156,2184,1985,3469
417,17222,17344,157,2189,1985,3483
417,17222,17344,158,2185,1987,3499
417,17222,17344,159,2190,1987,3513
417,17222,17344,160,2190,1984,3515
417,17222,17344,161,2190,1986,3514
417,17222,17344,162,2188,1986,3447
417,17222,17344,163,2175,1983,3385
417,17222,17344,164,2161,1986,3273
417,17222,17344,165,2146,1986,3177
417,17222,17344,166,2130,1980,3039
417,17222,17344,167,2115,1984,2927
417,17222,17344,168,2106,1987,2891
417,17222,17344,169,2093,1980,2804
417,17222,17344,170,2084,1985,2703
417,17222,17344,171,2069,1986,2632
417,17222,17344,172,2049,1979,2485
417,17222,17344,173,2036,1984,2344
417,17222,17344,174,2017,1985,2213
417,17222,17344,175,1992,1978,2068
417,17222,17344,176,1977,1982,1906
417,17222,17344,177,1957,1982,1756
417,17222,17344,178,1935,1978,1626
417,17222,17344,179,1919,1981,1484
417,17222,17344,180,1900,1981,1341
417,17222,17344,181,1876,1977,1189
417,17222,17344,182,1864,1980,1038
417,17222,17344,183,1851,1980,911
417,17222,17344,184,1822,1975,766
417,17222,17344,185,1811,1978,605
417,17222,17344,186,1796,1977,472
417,17222,17344,187,1771,1973,327
417,17222,17344,188,1765,1974,210
417,17222,17344,189,1762,1975,234
417,17222,17344,190,1757,1974,237
417,17222,17344,191,1764,1974,255
417,17222,17344,192,1766,1975,263
417,17222,17344,193,1761,1974,282
417,17222,17344,194,1770,1974,294
417,17222,17344,195,1772,1975,312
417,17222,17344,196,1767,1975,323
417,17222,17344,197,1773,1975,336
417,17222,17344,198,1776,1976,355
417,17222,17344,199,1774,1976,366
417,17222,17344,200,1778,1975,378
417,17222,17344,201,1780,1975,398
417,17222,17344,202,1779,1976,412
417,17222,17344,203,1782,1977,422
417,17222,17344,204,1784,1974,437
417,17222,17344,205,1784,1977,450
417,17222,17344,206,1786,1978,469
417,17222,17344,207,1789,1974,483
417,17222,17344,208,1789,1978,494
417,17222,17344,209,1790,1979,508
417,17222,17344,210,1793,1974,523
417,17222,17344,211,1795,1978,538
417,17222,17344,212,1796,1980,552
417,17222,17344,213,1796,1974,566
417,17222,17344,214,1801,1978,586
417,17222,17344,215,1802,1980,593
417,17222,17344,216,1800,1974,610
417,17222,17344,217,1805,1979,623
417,17222,17344,218,1809,1980,637
417,17222,17344,219,1804,1975,655
417,17222,17344,220,1811,1980,664
417,17222,17344,221,1813,1980,680
417,17222,17344,222,1809,1975,691
417,17222,17344,223,1816,1980,709
417,17222,17344,224,1818,1980,721
417,17222,17344,225,1813,1976,736
417,17222,17344,226,1821,1980,748
417,17222,17344,227,1823,1980,768
417,17222,17344,228,1816,1977,775
417,17222,17344,229,1826,1980,792
417,17222,17344,230,1829,1980,808
417,17222,17344,231,1822,1977,822
417,17222,17344,232,1831,1980,836
417,17222,17344,233,1834,1980,851
417,17222,17344,234,1828,1978,860
417,17222,17344,235,1836,1979,875
417,17222,17344,236,1838,1980,893
417,17222,17344,237,1834,1979,907
417,17222,17344,238,1841,1979,918
417,17222,17344,239,1843,1980,935
417,17222,17344,240,1840,1980,949
417,17222,17344,241,1845,1980,963
417,17222,17344,242,1848,1980,976
417,17222,17344,243,1846,1980,990
417,17222,17344,244,1850,1980,1005
417,17222,17344,245,1853,1979,1019
417,17222,17344,246,1853,1981,1030
417,17222,17344,247,1855,1981,1048
417,17222,17344,248,1858,1978,1061
417,17222,17344,249,1858,1981,1077
417,17222,17344,250,1860,1982,1090
417,17222,17344,251,1863,1977,1109
417,17222,17344,252,1864,1981,1120
417,17222,17344,253,1866,1983,1133
417,17222,17344,254,1868,1977,1148
417,17222,17344,255,1869,1982,1162
417,17222,17344,256,1873,1983,1174
417,17222,17344,257,1870,1977,1194
417,17222,17344,258,1875,1982,1202
417,17222,17344,259,1878,1983,1217
417,17222,17344,260,1875,1978,1235
417,17222,17344,261,1881,1981,1248
417,17222,17344,262,1886,1983,1261
417,17222,17344,263,1880,1978,1277
417,17222,17344,264,1887,1982,1288
417,17222,17344,265,1890,1983,1306
417,17222,17344,266,1885,1978,1316
417,17222,17344,267,1890,1982,1318
417,17222,17344,268,1890,1982,1304
417,17222,17344,269,1881,1979,1295
417,17222,17344,270,1885,1982,1278
417,17222,17344,271,1885,1982,1259
417,17222,17344,272,1874,1979,1245
417,17222,17344,273,1880,1981,1255
417,17222,17344,274,1879,1981,1220
417,17222,17344,275,1870,1979,1206
417,17222,17344,276,1875,1980,1188
417,17222,17344,277,1874,1981,1176
417,17222,17344,278,1865,1979,1158
417,17222,17344,279,1870,1981,1148
417,17222,17344,280,1868,1981,1133
417,17222,17344,281,1860,1980,1119
417,17222,17344,282,1864,1980,1105
417,17222,17344,283,1862,1980,1091
417,17222,17344,284,1856,1980,1077
417,17222,17344,285,1858,1980,1061
417,17222,17344,286,1857,1980,1050
417,17222,17344,287,1851,1981,1033
417,17222,17344,288,1852,1980,1019
417,17222,17344,289,1851,1979,1006
417,17222,17344,290,1847,1980,989
417,17222,17344,291,1846,1981,977
417,17222,17344,292,1845,1977,965
417,17222,17344,293,1842,1981,950
417,17222,17344,294,1841,1982,936
417,17222,17344,295,1839,1977,924
417,17222,17344,296,1837,1980,905
417,17222,17344,297,1835,1981,890
417,17222,17344,298,1834,1976,878
417,17222,17344,299,1834,1980,860
417,17222,17344,300,1832,1982,850
417,17222,17344,301,1828,1976,836
417,17222,17344,302,1828,1980,822
417,17222,17344,303,1828,1981,807
417,17222,17344,304,1820,1976,794
417,17222,17344,305,1824,1980,779
417,17222,17344,306,1823,1980,765
417,17222,17344,307,1815,1976,750
417,17222,17344,308,1819,1980,738
417,17222,17344,309,1819,1980,720
417,17222,17344,310,1810,1975,708
417,17222,17344,311,1815,1979,693
417,17222,17344,312,1814,1979,681
417,17222,17344,313,1805,1975,667
417,17222,17344,314,1810,1979,650
417,17222,17344,315,1808,1979,637
417,17222,17344,316,1800,1976,621
417,17222,17344,317,1805,1978,609
417,17222,17344,318,1804,1978,595
417,17222,17344,319,1795,1976,579
417,17222,17344,320,1799,1977,572
417,17222,17344,321,1797,1978,549
417,17222,17344,322,1791,1976,534
417,17222,17344,323,1795,1977,526
417,17222,17344,324,1793,1976,517
417,17222,17344,325,1786,1976,490
417,17222,17344,326,1790,1976,473
417,17222,17344,327,1788,1976,467
417,17222,17344,328,1782,1977,452
417,17222,17344,329,1784,1976,442
417,17222,17344,330,1783,1976,421
417,17222,17344,331,1777,1976,410
417,17222,17344,332,1779,1975,398
417,17222,17344,333,1778,1974,382
417,17222,17344,334,1774,1976,367
417,17222,17344,335,1774,1976,345
417,17222,17344,336,1774,1973,338
417,17222,17344,337,1769,1976,330
417,17222,17344,338,1768,1976,314
417,17222,17344,339,1767,1971,296
417,17222,17344,340,1766,1976,282
417,17222,17344,341,1764,1977,266
417,17222,17344,342,1763,1971,255
417,17222,17344,343,1761,1975,227
417,17222,17344,344,1760,1976,224
417,17222,17344,345,1755,1970,211
417,17222,17344,346,1757,1975,197
417,17222,17344,347,1756,1975,182
417,17222,17344,348,1750,1970,165
417,17222,17344,349,1757,1974,208
417,17222,17344,350,1768,1977,311
417,17222,17344,351,1774,1973,443
417,17222,17344,352,1795,1979,541
417,17222,17344,353,1808,1980,666
417,17222,17344,354,1814,1977,779
417,17222,17344,355,1834,1981,914
419,17398,17520,0,2005,2028,1434
419,17398,17520,1,1910,1985,1494
419,17398,17520,2,1927,1983,1597
419,17398,17520,3,1927,1979,1688
419,17398,17520,4,1947,1983,1767
419,17398,17520,5,1962,1983,1857
419,17398,17520,6,1964,1981,1944
419,17398,17520,7,1987,1983,2032
419,17398,17520,8,2000,1984,2146
419,17398,17520,9,2006,1982,2246
419,17398,17520,10,2026,1984,2362
419,17398,17520,11,2047,1985,2494
419,17398,17520,12,2056,1983,2625
419,17398,17520,13,2079,1985,2767
419,17398,17520,14,2096,1985,2896
419,17398,17520,15,2111,1985,3012
419,17398,17520,16,2137,1985,3147
419,17398,17520,17,2155,1985,3268
419,17398,17520,18,2171,1987,3421
419,17398,17520,19,2188,1986,3495
419,17398,17520,20,2187,1984,3479
419,17398,17520,21,2182,1986,3471
419,17398,17520,22,2184,1986,3471
419,17398,17520,23,2185,1984,3476
419,17398,17520,24,2180,1986,3462
419,17398,17520,25,2180,1987,3445
419,17398,17520,26,2178,1983,3433
419,17398,17520,27,2175,1986,3422
419,17398,17520,28,2175,1987,3404
419,17398,17520,29,2172,1982,3391
419,17398,17520,30,2171,1986,3376
419,17398,17520,31,2168,1987,3358
419,17398,17520,32,2164,1982,3349
419,17398,17520,33,2166,1986,3338
419,17398,17520,34,2163,1987,3321
419,17398,17520,35,2157,1982,3310
419,17398,17520,36,2160,1986,3289
419,17398,17520,37,2159,1987,3276
419,17398,17520,38,2150,1982,3262
419,17398,17520,39,2154,1986,3247
419,17398,17520,40,2153,1986,3238
419,17398,17520,41,2144,1982,3220
419,17398,17520,42,2148,1986,3205
419,17398,17520,43,2147,1986,3192
419,17398,17520,44,2138,1982,3175
419,17398,17520,45,2144,1986,3162
419,17398,17520,46,2141,1986,3148
419,17398,17520,47,2132,1982,3134
419,17398,17520,48,2138,1986,3119
419,17398,17520,49,2136,1985,3106
419,17398,17520,50,2127,1982,3091
419,17398,17520,51,2132,1985,3080
419,17398,17520,52,2129,1985,3066
419,17398,17520,53,2120,1983,3049
419,17398,17520,54,2125,1985,3037
419,17398,17520,55,2123,1985,3019
419,17398,17520,56,2115,1984,3009
419,17398,17520,57,2119,1984,2990
419,17398,17520,58,2118,1985,2981
419,17398,17520,59,2108,1984,2961
419,17398,17520,60,2113,1984,2950
419,17398,17520,61,2110,1984,2938
419,17398,17520,62,2104,1985,2920
419,17398,17520,63,2107,1984,2903
419,17398,17520,64,2104,1983,2894
419,17398,17520,65,2100,1985,2881
419,17398,17520,66,2099,1985,2866
419,17398,17520,67,2099,1982,2855
419,17398,17520,68,2095,1985,2836
419,17398,17520,69,2095,1986,2816
419,17398,17520,70,2092,1981,2810
419,17398,17520,71,2089,1985,2797
419,17398,17520,72,2088,1986,2779
419,17398,17520,73,2086,1981,2764
419,17398,17520,74,2084,1985,2753
419,17398,17520,75,2082,1987,2738
419,17398,17520,76,2077,1981,2725
419,17398,17520,77,2081,1985,2712
419,17398,17520,78,2077,1986,2695
419,17398,17520,79,2071,1981,2681
419,17398,17520,80,2075,1985,2667
419,17398,17520,81,2074,1986,2654
419,17398,17520,82,2064,1980,2640
419,17398,17520,83,2069,1985,2627
419,17398,17520,84,2067,1985,2611
419,17398,17520,85,2057,1980,2597
419,17398,17520,86,2063,1985,2582
419,17398,17520,87,2061,1985,2569
419,17398,17520,88,2051,1981,2557
419,17398,17520,89,2058,1985,2561
419,17398,17520,90,2061,1985,2567
419,17398,17520,91,2055,1982,2578
419,17398,17520,92,2065,1985,2598
419,17398,17520,93,2067,1985,2608
419,17398,17520,94,2062,1982,2628
419,17398,17520,95,2072,1985,2624
419,17398,17520,96,2072,1985,2656
419,17398,17520,97,2068,1982,2667
419,17398,17520,98,2077,1984,2680
419,17398,17520,99,2077,1984,2693
419,17398,17520,100,2073,1984,2711
419,17398,17520,101,2082,1984,2719
419,17398,17520,102,2085,1984,2739
419,17398,17520,103,2081,1984,2751
419,17398,17520,104,2087,1984,2766
419,17398,17520,105,2090,1984,2782
419,17398,17520,106,2088,1984,2791
419,17398,17520,107,2094,1984,2807
419,17398,17520,108,2095,1983,2824
419,17398,17520,109,2093,1984,2836
419,17398,17520,110,2099,1985,2851
419,17398,17520,111,2101,1982,2865
419,17398,17520,112,2101,1985,2878
419,17398,17520,113,2103,1986,2896
419,17398,17520,114,2106,1982,2911
419,17398,17520,115,2108,1985,2922
419,17398,17520,116,2109,1987,2935
419,17398,17520,117,2111,1981,2949
419,17398,17520,118,2113,1986,2964
419,17398,17520,119,2117,1987,2980
419,17398,17520,120,2114,1981,2995
419,17398,17520,121,2120,1986,3004
419,17398,17520,122,2124,1987,3020
419,17398,17520,123,2120,1982,3040
419,17398,17520,124,2127,1986,3049
419,17398,17520,125,2130,1987,3064
419,17398,17520,126,2125,1982,3077
419,17398,17520,127,2132,1986,3092
419,17398,17520,128,2135,1986,3105
419,17398,17520,129,2131,1982,3120
419,17398,17520,130,2138,1986,3134
419,17398,17520,131,2142,1986,3149
419,17398,17520,132,2136,1982,3165
419,17398,17520,133,2145,1986,3175
419,17398,17520,134,2146,1985,3194
419,17398,17520,135,2142,1983,3206
419,17398,17520,136,2152,1985,3221
419,17398,17520,137,2153,1986,3234
419,17398,17520,138,2148,1984,3251
419,17398,17520,139,2157,1985,3262
419,17398,17520,140,2160,1986,3279
419,17398,17520,141,2154,1984,3292
419,17398,17520,142,2162,1985,3305
419,17398,17520,143,2164,1985,3322
419,17398,17520,144,2160,1985,3335
419,17398,17520,145,2168,1985,3347
419,17398,17520,146,2171,1985,3364
419,17398,17520,147,2167,1985,3373
419,17398,17520,148,2174,1985,3386
419,17398,17520,149,2175,1985,3412
419,17398,17520,150,2174,1986,3419
419,17398,17520,151,2179,1985,3438
419,17398,17520,152,2181,1984,3446
419,17398,17520,153,2179,1986,3459
419,17398,17520,154,2185,1986,3472
419,17398,17520,155,2184,1983,3473
419,17398,17520,156,2183,1986,3470
419,17398,17520,157,2185,1987,3481
419,17398,17520,158,2187,1982,3498
419,17398,17520,159,2188,1987,3505
419,17398,17520,160,2189,1988,3513
419,17398,17520,161,2190,1982,3515
419,17398,17520,162,2189,1987,3500
419,17398,17520,163,2177,1987,3398
419,17398,17520,164,2162,1981,3297
419,17398,17520,165,2149,1985,3189
419,17398,17520,166,2132,1985,3007
419,17398,17520,167,2102,1979,2836
419,17398,17520,168,2081,1983,2663
419,17398,17520,169,2062,1983,2506
419,17398,17520,170,2034,1979,2360
419,17398,17520,171,2020,1983,2217
419,17398,17520,172,2001,1983,2099
419,17398,17520,173,1978,1978,1960
419,17398,17520,174,1967,1982,1829
419,17398,17520,175,1948,1982,1710
419,17398,17520,176,1925,1978,1590
419,17398,17520,177,1916,1982,1481
419,17398,17520,178,1909,1982,1427
419,17398,17520,179,1888,1978,1338
419,17398,17520,180,1882,1980,1212
419,17398,17520,181,1872,1980,1096
419,17398,17520,182,1844,1978,984
419,17398,17520,183,1837,1978,838
419,17398,17520,184,1824,1979,709
419,17398,17520,185,1800,1976,568
419,17398,17520,186,1790,1976,449
419,17398,17520,187,1776,1975,301
419,17398,17520,188,1753,1972,206
419,17398,17520,189,1761,1974,222
419,17398,17520,190,1763,1974,241
419,17398,17520,191,1760,1975,252
419,17398,17520,192,1765,1975,265
419,17398,17520,193,1768,1974,281
419,17398,17520,194,1764,1975,295
419,17398,17520,195,1769,1975,308
419,17398,17520,196,1772,1974,326
419,17398,17520,197,1771,1976,336
419,17398,17520,198,1775,1977,351
419,17398,17520,199,1776,1973,367
419,17398,17520,200,1776,1976,382
419,17398,17520,201,1779,1978,393
419,17398,17520,202,1780,1973,407
419,17398,17520,203,1782,1977,424
419,17398,17520,204,1784,1979,438
419,17398,17520,205,1784,1973,449
419,17398,17520,206,1787,1978,466
419,17398,17520,207,1790,1978,480
419,17398,17520,208,1787,1973,492
419,17398,17520,209,1793,1978,512
419,17398,17520,210,1795,1979,515
419,17398,17520,211,1791,1974,537
419,17398,17520,212,1798,1979,546
419,17398,17520,213,1801,1979,563
419,17398,17520,214,1795,1974,578
419,17398,17520,215,1803,1979,592
419,17398,17520,216,1805,1979,608
419,17398,17520,217,1799,1975,621
419,17398,17520,218,1808,1979,636
419,17398,17520,219,1810,1979,649
419,17398,17520,220,1805,1976,663
419,17398,17520,221,1813,1980,678
419,17398,17520,222,1815,1980,700
419,17398,17520,223,1809,1976,709
419,17398,17520,224,1818,1980,721
419,17398,17520,225,1819,1979,736
419,17398,17520,226,1814,1977,752
419,17398,17520,227,1825,1979,766
419,17398,17520,228,1823,1979,780
419,17398,17520,229,1820,1978,800
419,17398,17520,230,1827,1979,809
419,17398,17520,231,1830,1979,816
419,17398,17520,232,1825,1979,833
419,17398,17520,233,1833,1979,851
419,17398,17520,234,1834,1980,866
419,17398,17520,235,1830,1979,893
419,17398,17520,236,1837,1979,890
419,17398,17520,237,1838,1979,906
419,17398,17520,238,1837,1980,919
419,17398,17520,239,1842,1981,934
419,17398,17520,240,1844,1978,947
419,17398,17520,241,1844,1980,962
419,17398,17520,242,1846,1981,974
419,17398,17520,243,1849,1978,994
419,17398,17520,244,1850,1981,1007
419,17398,17520,245,1852,1982,1025
419,17398,17520,246,1854,1977,1036
419,17398,17520,247,1855,1981,1048
419,17398,17520,248,1856,1983,1063
419,17398,17520,249,1857,1977,1075
419,17398,17520,250,1861,1981,1091
419,17398,17520,251,1864,1983,1105
419,17398,17520,252,1861,1977,1117
419,17398,17520,253,1867,1982,1135
419,17398,17520,254,1870,1982,1148
419,17398,17520,255,1865,1977,1160
419,17398,17520,256,1875,1982,1177
419,17398,17520,257,1876,1983,1190
419,17398,17520,258,1870,1977,1206
419,17398,17520,259,1878,1982,1220
419,17398,17520,260,1881,1982,1234
419,17398,17520,261,1875,1978,1248
419,17398,17520,262,1884,1982,1261
419,17398,17520,263,1886,1982,1274
419,17398,17520,264,1881,1978,1289
419,17398,17520,265,1889,1982,1299
419,17398,17520,266,1891,1982,1312
419,17398,17520,267,1884,1979,1317
419,17398,17520,268,1890,1981,1311
419,17398,17520,269,1888,1982,1299
419,17398,17520,270,1879,1979,1272
419,17398,17520,271,1884,1981,1261
419,17398,17520,272,1882,1981,1249
419,17398,17520,273,1874,1980,1234
419,17398,17520,274,1879,1980,1214
419,17398,17520,275,1877,1981,1210
419,17398,17520,276,1869,1981,1190
419,17398,17520,277,1873,1980,1178
419,17398,17520,278,1871,1981,1171
419,17398,17520,279,1865,1980,1150
419,17398,17520,280,1867,1980,1129
419,17398,17520,281,1866,1980,1119
419,17398,17520,282,1860,1981,1105
419,17398,17520,283,1862,1981,1090
419,17398,17520,284,1860,1978,1076
419,17398,17520,285,1857,1981,1063
419,17398,17520,286,1855,1981,1048
419,17398,17520,287,1853,1977,1032
419,17398,17520,288,1851,1981,1020
419,17398,17520,289,1850,1982,1004
419,17398,17520,290,1848,1977,991
419,17398,17520,291,1846,1981,980
419,17398,17520,292,1844,1982,962
419,17398,17520,293,1842,1976,950
419,17398,17520,294,1842,1981,934
419,17398,17520,295,1841,1982,920
419,17398,17520,296,1835,1976,907
419,17398,17520,297,1837,1980,893
419,17398,17520,298,1836,1981,877
419,17398,17520,299,1829,1976,864
419,17398,17520,300,1833,1980,848
419,17398,17520,301,1832,1981,831
419,17398,17520,302,1823,1976,820
419,17398,17520,303,1828,1980,806
419,17398,17520,304,1827,1981,793
419,17398,17520,305,1817,1976,778
419,17398,17520,306,1824,1980,763
419,17398,17520,307,1821,1980,748
419,17398,17520,308,1813,1976,735
419,17398,17520,309,1818,1979,721
419,17398,17520,310,1816,1979,708
419,17398,17520,311,1808,1977,695
419,17398,17520,312,1813,1978,678
419,17398,17520,313,1811,1978,663
419,17398,17520,314,1803,1977,648
419,17398,17520,315,1808,1978,635
419,17398,17520,316,1807,1978,622
419,17398,17520,317,1797,1977,606
419,17398,17520,318,1804,1978,591
419,17398,17520,319,1801,1978,583
419,17398,17520,320,1794,1978,565
419,17398,17520,321,1797,1978,552
419,17398,17520,322,1796,1977,540
419,17398,17520,323,1790,1977,522
419,17398,17520,324,1793,1976,496
419,17398,17520,325,1792,1976,493
419,17398,17520,326,1787,1977,480
419,17398,17520,327,1786,1977,475
419,17398,17520,328,1787,1974,454
419,17398,17520,329,1782,1977,436
419,17398,17520,330,1782,1978,425
419,17398,17520,331,1781,1973,415
419,17398,17520,332,1778,1976,398
419,17398,17520,333,1776,1978,388
419,17398,17520,334,1775,1972,368
419,17398,17520,335,1774,1976,344
419,17398,17520,336,1772,1978,336
419,17398,17520,337,1770,1972,323
419,17398,17520,338,1770,1976,298
419,17398,17520,339,1769,1977,294
419,17398,17520,340,1763,1971,283
419,17398,17520,341,1765,1976,269
419,17398,17520,342,1765,1976,253
419,17398,17520,343,1757,1971,237
419,17398,17520,344,1762,1975,227
419,17398,17520,345,1760,1975,213
419,17398,17520,346,1752,1970,199
419,17398,17520,347,1757,1974,184
419,17398,17520,348,1763,1975,217
419,17398,17520,349,1759,1972,288
419,17398,17520,350,1777,1977,362
419,17398,17520,351,1784,1978,469
419,17398,17520,352,1786,1975,566
419,17398,17520,353,1810,1980,693
419,17398,17520,354,1823,1981,789
419,17398,17520,355,1830,1979,933
421,17576,17698,0,1993,2027,1150
421,17576,17698,1,1874,1982,1229
421,17576,17698,2,1892,1982,1329
421,17576,17698,3,1894,1981,1437
421,17576,17698,4,1917,1982,1555
421,17576,17698,5,1932,1982,1666
421,17576,17698,6,1943,1983,1785
421,17576,17698,7,1965,1983,1936
421,17576,17698,8,1984,1984,2050
421,17576,17698,9,1997,1984,2169
421,17576,17698,10,2018,1984,2332
421,17576,17698,11,2039,1983,2462
421,17576,17698,12,2065,1986,2683
421,17576,17698,13,2089,1986,2868
421,17576,17698,14,2117,1983,3030
421,17576,17698,15,2137,1986,3179
421,17576,17698,16,2157,1987,3349
421,17576,17698,17,2182,1983,3478
421,17576,17698,18,2188,1986,3504
421,17576,17698,19,2187,1987,3498
421,17576,17698,20,2185,1982,3480
421,17576,17698,21,2184,1986,3470
421,17576,17698,22,2184,1987,3472
421,17576,17698,23,2182,1982,3476
421,17576,17698,24,2183,1986,3460
421,17576,17698,25,2181,1987,3447
421,17576,17698,26,2175,1982,3433
421,17576,17698,27,2177,1986,3423
421,17576,17698,28,2177,1987,3403
421,17576,17698,29,2169,1982,3392
421,17576,17698,30,2171,1986,3376
421,17576,17698,31,2170,1987,3363
421,17576,17698,32,2163,1982,3360
421,17576,17698,33,2166,1986,3334
421,17576,17698,34,2166,1987,3323
421,17576,17698,35,2156,1982,3303
421,17576,17698,36,2159,1986,3292
421,17576,17698,37,2158,1986,3277
421,17576,17698,38,2149,1982,3261
421,17576,17698,39,2155,1985,3249
421,17576,17698,40,2153,1986,3235
421,17576,17698,41,2144,1983,3217
421,17576,17698,42,2149,1985,3205
421,17576,17698,43,2147,1985,3191
421,17576,17698,44,2137,1984,3177
421,17576,17698,45,2142,1985,3165
421,17576,17698,46,2140,1985,3148
421,17576,17698,47,2135,1985,3135
421,17576,17698,48,2135,1984,3121
421,17576,17698,49,2135,1984,3105
421,17576,17698,50,2128,1984,3093
421,17576,17698,51,2130,1984,3076
421,17576,17698,52,2128,1984,3068
421,17576,17698,53,2123,1985,3050
421,17576,17698,54,2123,1984,3035
421,17576,17698,55,2122,1983,3019
421,17576,17698,56,2117,1985,3005
421,17576,17698,57,2117,1985,2988
421,17576,17698,58,2116,1982,2980
421,17576,17698,59,2112,1985,2964
421,17576,17698,60,2111,1986,2949
421,17576,17698,61,2109,1981,2935
421,17576,17698,62,2107,1985,2919
421,17576,17698,63,2104,1986,2913
421,17576,17698,64,2104,1981,2892
421,17576,17698,65,2102,1985,2885
421,17576,17698,66,2100,1986,2866
421,17576,17698,67,2096,1981,2852
421,17576,17698,68,2096,1985,2835
421,17576,17698,69,2096,1986,2820
421,17576,17698,70,2089,1981,2808
421,17576,17698,71,2091,1985,2794
421,17576,17698,72,2090,1985,2781
421,17576,17698,73,2082,1981,2766
421,17576,17698,74,2086,1985,2751
421,17576,17698,75,2085,1985,2738
421,17576,17698,76,2076,1981,2723
421,17576,17698,77,2080,1985,2708
421,17576,17698,78,2078,1985,2694
421,17576,17698,79,2069,1981,2683
421,17576,17698,80,2075,1985,2668
421,17576,17698,81,2072,1984,2654
421,17576,17698,82,2064,1981,2634
421,17576,17698,83,2068,1984,2624
421,17576,17698,84,2067,1984,2610
421,17576,17698,85,2057,1982,2597
421,17576,17698,86,2063,1983,2584
421,17576,17698,87,2061,1984,2567
421,17576,17698,88,2052,1983,2552
421,17576,17698,89,2059,1984,2553
421,17576,17698,90,2061,1984,2569
421,17576,17698,91,2055,1983,2580
421,17576,17698,92,2064,1983,2595
421,17576,17698,93,2066,1984,2611
421,17576,17698,94,2064,1984,2623
421,17576,17698,95,2069,1983,2636
421,17576,17698,96,2072,1984,2652
421,17576,17698,97,2070,1984,2667
421,17576,17698,98,2075,1984,2677
421,17576,17698,99,2077,1983,2695
421,17576,17698,100,2076,1985,2709
421,17576,17698,101,2080,1984,2728
421,17576,17698,102,2083,1982,2736
421,17576,17698,103,2083,1985,2750
421,17576,17698,104,2086,1986,2763
421,17576,17698,105,2088,1981,2781
421,17576,17698,106,2090,1985,2794
421,17576,17698,107,2091,1986,2808
421,17576,17698,108,2093,1981,2825
421,17576,17698,109,2096,1985,2836
421,17576,17698,110,2098,1987,2849
421,17576,17698,111,2097,1981,2864
421,17576,17698,112,2102,1986,2881
421,17576,17698,113,2105,1987,2893
421,17576,17698,114,2101,1981,2912
421,17576,17698,115,2109,1986,2921
421,17576,17698,116,2112,1986,2932
421,17576,17698,117,2107,1981,2948
421,17576,17698,118,2115,1986,2966
421,17576,17698,119,2118,1986,2973
421,17576,17698,120,2114,1982,2992
421,17576,17698,121,2122,1986,2990
421,17576,17698,122,2123,1986,3023
421,17576,17698,123,2118,1982,3037
421,17576,17698,124,2127,1985,3047
421,17576,17698,125,2130,1986,3065
421,17576,17698,126,2123,1982,3075
421,17576,17698,127,2133,1985,3095
421,17576,17698,128,2137,1986,3110
421,17576,17698,129,2130,1983,3122
421,17576,17698,130,2140,1985,3137
421,17576,17698,131,2140,1985,3146
421,17576,17698,132,2136,1984,3166
421,17576,17698,133,2144,1985,3176
421,17576,17698,134,2147,1985,3192
421,17576,17698,135,2143,1985,3207
421,17576,17698,136,2150,1985,3218
421,17576,17698,137,2153,1985,3236
421,17576,17698,138,2149,1985,3248
421,17576,17698,139,2156,1985,3259
421,17576,17698,140,2158,1985,3279
421,17576,17698,141,2156,1986,3292
421,17576,17698,142,2163,1985,3307
421,17576,17698,143,2161,1984,3319
421,17576,17698,144,2164,1985,3335
421,17576,17698,145,2167,1986,3345
421,17576,17698,146,2169,1983,3361
421,17576,17698,147,2169,1986,3376
421,17576,17698,148,2168,1987,3390
421,17576,17698,149,2175,1982,3408
421,17576,17698,150,2175,1986,3418
421,17576,17698,151,2178,1988,3434
421,17576,17698,152,2179,1982,3449
421,17576,17698,153,2183,1987,3464
421,17576,17698,154,2185,1988,3475
421,17576,17698,155,2181,1982,3472
421,17576,17698,156,2185,1986,3470
421,17576,17698,157,2188,1988,3482
421,17576,17698,158,2184,1983,3497
421,17576,17698,159,2191,1987,3509
421,17576,17698,160,2192,1988,3512
421,17576,17698,161,2187,1983,3522
421,17576,17698,162,2192,1987,3523
421,17576,17698,163,2194,1987,3516
421,17576,17698,164,2182,1982,3474
421,17576,17698,165,2179,1986,3348
421,17576,17698,166,2160,1985,3231
421,17576,17698,167,2132,1980,3065
421,17576,17698,168,2118,1983,2919
421,17576,17698,169,2097,1984,2776
421,17576,17698,170,2066,1980,2612
421,17576,17698,171,2054,1983,2470
421,17576,17698,172,2037,1983,2335
421,17576,17698,173,2011,1980,2183
421,17576,17698,174,1996,1982,2037
421,17576,17698,175,1976,1981,1903
421,17576,17698,176,1951,1980,1749
421,17576,17698,177,1938,1980,1611
421,17576,17698,178,1926,1981,1529
421,17576,17698,179,1903,1980,1406
421,17576,17698,180,1891,1980,1286
421,17576,17698,181,1875,1979,1139
421,17576,17698,182,1849,1978,931
421,17576,17698,183,1834,1977,763
421,17576,17698,184,1808,1977,580
421,17576,17698,185,1784,1975,416
421,17576,17698,186,1771,1974,271
421,17576,17698,187,1758,1971,198
421,17576,17698,188,1757,1974,209
421,17576,17698,189,1759,1975,223
421,17576,17698,190,1761,1972,240
421,17576,17698,191,1762,1976,252
421,17576,17698,192,1764,1977,268
421,17576,17698,193,1766,1972,280
421,17576,17698,194,1768,1976,296
421,17576,17698,195,1768,1978,310
421,17576,17698,196,1769,1972,322
421,17576,17698,197,1773,1976,340
421,17576,17698,198,1775,1978,353
421,17576,17698,199,1773,1972,368
421,17576,17698,200,1778,1977,382
421,17576,17698,201,1781,1978,394
421,17576,17698,202,1776,1973,412
421,17576,17698,203,1784,1977,423
421,17576,17698,204,1786,1978,437
421,17576,17698,205,1780,1974,453
421,17576,17698,206,1788,1978,466
421,17576,17698,207,1791,1979,481
421,17576,17698,208,1782,1974,489
421,17576,17698,209,1794,1978,510
421,17576,17698,210,1795,1979,524
421,17576,17698,211,1789,1975,538
421,17576,17698,212,1798,1978,550
421,17576,17698,213,1800,1978,565
421,17576,17698,214,1795,1976,578
421,17576,17698,215,1803,1978,594
421,17576,17698,216,1804,1978,607
421,17576,17698,217,1799,1977,624
421,17576,17698,218,1808,1978,639
421,17576,17698,219,1810,1979,651
421,17576,17698,220,1803,1977,664
421,17576,17698,221,1813,1978,680
421,17576,17698,222,1814,1979,695
421,17576,17698,223,1810,1978,704
421,17576,17698,224,1817,1978,722
421,17576,17698,225,1818,1978,741
421,17576,17698,226,1817,1979,752
421,17576,17698,227,1822,1979,763
421,17576,17698,228,1823,1979,778
421,17576,17698,229,1822,1980,791
421,17576,17698,230,1826,1979,806
421,17576,17698,231,1829,1977,823
421,17576,17698,232,1828,1980,835
421,17576,17698,233,1832,1981,847
421,17576,17698,234,1833,1977,864
421,17576,17698,235,1834,1981,877
421,17576,17698,236,1836,1981,892
421,17576,17698,237,1838,1977,906
421,17576,17698,238,1839,1980,919
421,17576,17698,239,1841,1982,935
421,17576,17698,240,1841,1977,951
421,17576,17698,241,1845,1981,962
421,17576,17698,242,1847,1983,968
421,17576,17698,243,1845,1977,990
421,17576,17698,244,1851,1981,999
421,17576,17698,245,1851,1982,1018
421,17576,17698,246,1850,1977,1034
421,17576,17698,247,1857,1982,1046
421,17576,17698,248,1861,1982,1063
421,17576,17698,249,1855,1978,1077
421,17576,17698,250,1862,1981,1090
421,17576,17698,251,1865,1982,1106
421,17576,17698,252,1859,1978,1118
421,17576,17698,253,1868,1981,1135
421,17576,17698,254,1871,1982,1147
421,17576,17698,255,1864,1978,1161
421,17576,17698,256,1873,1982,1178
421,17576,17698,257,1875,1982,1190
421,17576,17698,258,1870,1979,1208
421,17576,17698,259,1879,1981,1219
421,17576,17698,260,1880,1981,1236
421,17576,17698,261,1876,1980,1247
421,17576,17698,262,1883,1980,1257
421,17576,17698,263,1885,1981,1276
421,17576,17698,264,1881,1980,1287
421,17576,17698,265,1890,1981,1302
421,17576,17698,266,1892,1981,1318
421,17576,17698,267,1885,1981,1318
421,17576,17698,268,1890,1980,1304
421,17576,17698,269,1887,1981,1291
421,17576,17698,270,1881,1980,1271
421,17576,17698,271,1883,1980,1259
421,17576,17698,272,1881,1980,1248
421,17576,17698,273,1876,1981,1232
421,17576,17698,274,1876,1981,1216
421,17576,17698,275,1876,1979,1205
421,17576,17698,276,1872,1981,1189
421,17576,17698,277,1871,1982,1174
421,17576,17698,278,1870,1978,1162
421,17576,17698,279,1867,1981,1148
421,17576,17698,280,1865,1982,1135
421,17576,17698,281,1865,1977,1121
421,17576,17698,282,1862,1981,1102
421,17576,17698,283,1861,1982,1085
421,17576,17698,284,1858,1977,1076
421,17576,17698,285,1858,1981,1061
421,17576,17698,286,1856,1982,1046
421,17576,17698,287,1851,1977,1037
421,17576,17698,288,1853,1981,1019
421,17576,17698,289,1852,1982,1004
421,17576,17698,290,1845,1976,989
421,17576,17698,291,1848,1981,977
421,17576,17698,292,1847,1981,963
421,17576,17698,293,1839,1977,951
421,17576,17698,294,1843,1981,933
421,17576,17698,295,1842,1981,921
421,17576,17698,296,1833,1976,905
421,17576,17698,297,1838,1980,892
421,17576,17698,298,1837,1980,875
421,17576,17698,299,1827,1977,861
421,17576,17698,300,1833,1980,847
421,17576,17698,301,1832,1980,836
421,17576,17698,302,1822,1977,818
421,17576,17698,303,1828,1979,806
421,17576,17698,304,1826,1980,791
421,17576,17698,305,1818,1978,777
421,17576,17698,306,1824,1978,764
421,17576,17698,307,1821,1979,747
421,17576,17698,308,1813,1978,735
421,17576,17698,309,1817,1979,726
421,17576,17698,310,1816,1978,703
421,17576,17698,311,1809,1978,693
421,17576,17698,312,1811,1978,679
421,17576,17698,313,1811,1978,667
421,17576,17698,314,1805,1978,648
421,17576,17698,315,1807,1977,635
421,17576,17698,316,1805,1977,626
421,17576,17698,317,1801,1978,603
421,17576,17698,318,1802,1978,591
421,17576,17698,319,1801,1975,579
421,17576,17698,320,1796,1978,561
421,17576,17698,321,1794,1978,551
421,17576,17698,322,1795,1974,537
421,17576,17698,323,1792,1978,523
421,17576,17698,324,1791,1979,505
421,17576,17698,325,1790,1974,494
421,17576,17698,326,1788,1977,478
421,17576,17698,327,1787,1979,466
421,17576,17698,328,1783,1973,453
421,17576,17698,329,1784,1977,438
421,17576,17698,330,1783,1978,422
421,17576,17698,331,1777,1972,411
421,17576,17698,332,1780,1977,399
421,17576,17698,333,1779,1977,382
421,17576,17698,334,1772,1972,370
421,17576,17698,335,1775,1976,352
421,17576,17698,336,1774,1977,329
421,17576,17698,337,1767,1972,325
421,17576,17698,338,1771,1976,311
421,17576,17698,339,1769,1976,295
421,17576,17698,340,1762,1972,280
421,17576,17698,341,1766,1975,266
421,17576,17698,342,1765,1975,254
421,17576,17698,343,1757,1972,239
421,17576,17698,344,1762,1974,226
421,17576,17698,345,1760,1975,212
421,17576,17698,346,1752,1972,197
421,17576,17698,347,1756,1973,184
421,17576,17698,348,1757,1974,183
421,17576,17698,349,1755,1973,251
421,17576,17698,350,1772,1975,355
421,17576,17698,351,1784,1977,457
421,17576,17698,352,1792,1979,622
421,17576,17698,353,1818,1980,791
421,17576,17698,354,1840,1981,949
421,17576,17698,355,1854,1981,1107
423,17751,17873,0,2007,2025,1263
423,17751,17873,1,1889,1983,1244
423,17751,17873,2,1901,1983,1407
423,17751,17873,3,1905,1981,1492
423,17751,17873,4,1924,1982,1598
423,17751,17873,5,1938,1983,1705
423,17751,17873,6,1947,1982,1806
423,17751,17873,7,1968,1983,1944
423,17751,17873,8,1988,1983,2065
423,17751,17873,9,1995,1983,2132
423,17751,17873,10,2008,1983,2210
423,17751,17873,11,2022,1983,2312
423,17751,17873,12,2030,1984,2420
423,17751,17873,13,2051,1984,2545
423,17751,17873,14,2072,1983,2670
423,17751,17873,15,2084,1985,2795
423,17751,17873,16,2104,1986,2952
423,17751,17873,17,2125,1983,3102
423,17751,17873,18,2145,1986,3252
423,17751,17873,19,2168,1988,3424
423,17751,17873,20,2186,1982,3485
423,17751,17873,21,2183,1986,3471
423,17751,17873,22,2185,1987,3472
423,17751,17873,23,2184,1982,3476
423,17751,17873,24,2182,1986,3459
423,17751,17873,25,2181,1987,3449
423,17751,17873,26,2176,1981,3435
423,17751,17873,27,2177,1986,3420
423,17751,17873,28,2176,1987,3406
423,17751,17873,29,2169,1982,3391
423,17751,17873,30,2172,1986,3379
423,17751,17873,31,2170,1987,3362
423,17751,17873,32,2163,1982,3354
423,17751,17873,33,2166,1986,3335
423,17751,17873,34,2165,1987,3321
423,17751,17873,35,2155,1982,3306
423,17751,17873,36,2161,1986,3292
423,17751,17873,37,2158,1986,3277
423,17751,17873,38,2149,1982,3267
423,17751,17873,39,2155,1986,3246
423,17751,17873,40,2153,1986,3235
423,17751,17873,41,2144,1983,3222
423,17751,17873,42,2149,1985,3206
423,17751,17873,43,2147,1986,3186
423,17751,17873,44,2138,1983,3180
423,17751,17873,45,2143,1985,3163
423,17751,17873,46,2141,1985,3153
423,17751,17873,47,2132,1984,3137
423,17751,17873,48,2136,1985,3122
423,17751,17873,49,2133,1985,3105
423,17751,17873,50,2127,1984,3090
423,17751,17873,51,2131,1984,3077
423,17751,17873,52,2128,1984,3065
423,17751,17873,53,2122,1984,3050
423,17751,17873,54,2124,1984,3030
423,17751,17873,55,2123,1984,3023
423,17751,17873,56,2117,1985,3007
423,17751,17873,57,2118,1984,2994
423,17751,17873,58,2117,1983,2982
423,17751,17873,59,2112,1985,2963
423,17751,17873,60,2113,1985,2949
423,17751,17873,61,2110,1982,2934
423,17751,17873,62,2107,1985,2924
423,17751,17873,63,2106,1986,2907
423,17751,17873,64,2104,1981,2896
423,17751,17873,65,2102,1985,2878
423,17751,17873,66,2099,1986,2866
423,17751,17873,67,2096,1981,2847
423,17751,17873,68,2097,1985,2837
423,17751,17873,69,2095,1986,2818
423,17751,17873,70,2089,1981,2811
423,17751,17873,71,2091,1985,2794
423,17751,17873,72,2090,1986,2780
423,17751,17873,73,2082,1981,2767
423,17751,17873,74,2086,1985,2750
423,17751,17873,75,2085,1986,2738
423,17751,17873,76,2073,1981,2725
423,17751,17873,77,2080,1985,2708
423,17751,17873,78,2078,1985,2695
423,17751,17873,79,2069,1981,2679
423,17751,17873,80,2074,1985,2665
423,17751,17873,81,2072,1985,2653
423,17751,17873,82,2063,1981,2639
423,17751,17873,83,2069,1985,2620
423,17751,17873,84,2066,1985,2609
423,17751,17873,85,2058,1981,2592
423,17751,17873,86,2063,1984,2582
423,17751,17873,87,2061,1984,2569
423,17751,17873,88,2051,1982,2551
423,17751,17873,89,2059,1984,2553
423,17751,17873,90,2060,1984,2569
423,17751,17873,91,2056,1983,2578
423,17751,17873,92,2064,1984,2595
423,17751,17873,93,2066,1984,2611
423,17751,17873,94,2063,1983,2623
423,17751,17873,95,2070,1983,2639
423,17751,17873,96,2073,1984,2656
423,17751,17873,97,2068,1984,2664
423,17751,17873,98,2076,1984,2677
423,17751,17873,99,2077,1984,2699
423,17751,17873,100,2076,1984,2708
423,17751,17873,101,2081,1984,2723
423,17751,17873,102,2082,1983,2738
423,17751,17873,103,2083,1985,2749
423,17751,17873,104,2086,1985,2753
423,17751,17873,105,2089,1982,2778
423,17751,17873,106,2088,1985,2794
423,17751,17873,107,2093,1986,2806
423,17751,17873,108,2094,1981,2822
423,17751,17873,109,2095,1985,2831
423,17751,17873,110,2097,1987,2851
423,17751,17873,111,2098,1981,2866
423,17751,17873,112,2102,1985,2878
423,17751,17873,113,2104,1987,2892
423,17751,17873,114,2103,1981,2910
423,17751,17873,115,2109,1986,2923
423,17751,17873,116,2111,1987,2933
423,17751,17873,117,2108,1981,2950
423,17751,17873,118,2115,1986,2964
423,17751,17873,119,2118,1986,2975
423,17751,17873,120,2113,1982,2980
423,17751,17873,121,2121,1986,2997
423,17751,17873,122,2123,1986,3020
423,17751,17873,123,2118,1982,3020
423,17751,17873,124,2126,1986,3049
423,17751,17873,125,2129,1986,3064
423,17751,17873,126,2124,1982,3075
423,17751,17873,127,2133,1986,3091
423,17751,17873,128,2134,1986,3106
423,17751,17873,129,2129,1982,3119
423,17751,17873,130,2139,1985,3134
423,17751,17873,131,2141,1986,3148
423,17751,17873,132,2135,1984,3167
423,17751,17873,133,2145,1985,3181
423,17751,17873,134,2146,1985,3192
423,17751,17873,135,2142,1984,3205
423,17751,17873,136,2149,1985,3220
423,17751,17873,137,2152,1985,3238
423,17751,17873,138,2149,1985,3249
423,17751,17873,139,2155,1985,3263
423,17751,17873,140,2158,1985,3278
423,17751,17873,141,2155,1985,3267
423,17751,17873,142,2162,1985,3305
423,17751,17873,143,2163,1985,3319
423,17751,17873,144,2160,1985,3334
423,17751,17873,145,2167,1985,3346
423,17751,17873,146,2169,1984,3360
423,17751,17873,147,2169,1986,3376
423,17751,17873,148,2173,1987,3392
423,17751,17873,149,2174,1983,3406
423,17751,17873,150,2176,1986,3422
423,17751,17873,151,2177,1988,3431
423,17751,17873,152,2180,1982,3445
423,17751,17873,153,2182,1987,3464
423,17751,17873,154,2184,1988,3476
423,17751,17873,155,2182,1982,3472
423,17751,17873,156,2184,1987,3470
423,17751,17873,157,2187,1988,3480
423,17751,17873,158,2186,1982,3493
423,17751,17873,159,2189,1987,3495
423,17751,17873,160,2184,1987,3466
423,17751,17873,161,2170,1981,3373
423,17751,17873,162,2162,1986,3312
423,17751,17873,163,2157,1986,3238
423,17751,17873,164,2134,1981,3141
423,17751,17873,165,2132,1985,3033
423,17751,17873,166,2119,1986,2943
423,17751,17873,167,2096,1981,2844
423,17751,17873,168,2090,1984,2739
423,17751,17873,169,2076,1984,2636
423,17751,17873,170,2052,1980,2516
423,17751,17873,171,2044,1983,2400
423,17751,17873,172,2028,1983,2248
423,17751,17873,173,2000,1980,2127
423,17751,17873,174,1987,1982,1987
423,17751,17873,175,1969,1982,1861
423,17751,17873,176,1942,1979,1712
423,17751,17873,177,1933,1981,1586
423,17751,17873,178,1924,1981,1501
423,17751,17873,179,1903,1979,1439
423,17751,17873,180,1900,1981,1367
423,17751,17873,181,1888,1981,1287
423,17751,17873,182,1872,1980,1172
423,17751,17873,183,1861,1979,1074
423,17751,17873,184,1848,1979,930
423,17751,17873,185,1825,1978,792
423,17751,17873,186,1814,1977,659
423,17751,17873,187,1801,1976,506
423,17751,17873,188,1777,1975,342
423,17751,17873,189,1762,1973,224
423,17751,17873,190,1762,1972,244
423,17751,17873,191,1762,1975,255
423,17751,17873,192,1764,1975,262
423,17751,17873,193,1767,1972,285
423,17751,17873,194,1767,1975,302
423,17751,17873,195,1769,1977,306
423,17751,17873,196,1771,1972,326
423,17751,17873,197,1772,1976,340
423,17751,17873,198,1774,1978,357
423,17751,17873,199,1774,1972,365
423,17751,17873,200,1777,1977,380
423,17751,17873,201,1780,1978,395
423,17751,17873,202,1777,1973,409
423,17751,17873,203,1783,1977,425
423,17751,17873,204,1784,1977,439
423,17751,17873,205,1781,1973,453
423,17751,17873,206,1788,1978,468
423,17751,17873,207,1791,1978,483
423,17751,17873,208,1786,1974,492
423,17751,17873,209,1792,1978,512
423,17751,17873,210,1796,1979,522
423,17751,17873,211,1789,1974,537
423,17751,17873,212,1798,1978,550
423,17751,17873,213,1801,1979,566
423,17751,17873,214,1795,1975,578
423,17751,17873,215,1803,1978,592
423,17751,17873,216,1805,1979,609
423,17751,17873,217,1800,1976,622
423,17751,17873,218,1808,1978,634
423,17751,17873,219,1809,1979,652
423,17751,17873,220,1805,1977,665
423,17751,17873,221,1813,1979,678
423,17751,17873,222,1815,1979,695
423,17751,17873,223,1810,1978,707
423,17751,17873,224,1818,1979,719
423,17751,17873,225,1818,1979,737
423,17751,17873,226,1815,1979,751
423,17751,17873,227,1821,1979,763
423,17751,17873,228,1824,1979,782
423,17751,17873,229,1822,1979,790
423,17751,17873,230,1826,1979,805
423,17751,17873,231,1829,1978,822
423,17751,17873,232,1827,1980,834
423,17751,17873,233,1831,1980,849
423,17751,17873,234,1834,1978,866
423,17751,17873,235,1833,1980,877
423,17751,17873,236,1835,1981,888
423,17751,17873,237,1837,1977,906
423,17751,17873,238,1839,1980,923
423,17751,17873,239,1842,1982,933
423,17751,17873,240,1843,1976,950
423,17751,17873,241,1845,1980,961
423,17751,17873,242,1847,1982,972
423,17751,17873,243,1847,1977,990
423,17751,17873,244,1851,1982,1006
423,17751,17873,245,1854,1982,1015
423,17751,17873,246,1850,1977,1035
423,17751,17873,247,1856,1981,1046
423,17751,17873,248,1860,1982,1062
423,17751,17873,249,1854,1977,1075
423,17751,17873,250,1863,1981,1091
423,17751,17873,251,1865,1982,1104
423,17751,17873,252,1859,1977,1118
423,17751,17873,253,1867,1981,1134
423,17751,17873,254,1870,1982,1149
423,17751,17873,255,1864,1977,1162
423,17751,17873,256,1873,1981,1180
423,17751,17873,257,1875,1982,1193
423,17751,17873,258,1870,1978,1201
423,17751,17873,259,1879,1982,1220
423,17751,17873,260,1880,1981,1232
423,17751,17873,261,1875,1979,1246
423,17751,17873,262,1884,1982,1260
423,17751,17873,263,1885,1981,1275
423,17751,17873,264,1880,1980,1289
423,17751,17873,265,1889,1981,1302
423,17751,17873,266,1891,1982,1319
423,17751,17873,267,1885,1980,1319
423,17751,17873,268,1889,1981,1304
423,17751,17873,269,1888,1980,1291
423,17751,17873,270,1879,1980,1277
423,17751,17873,271,1883,1980,1261
423,17751,17873,272,1882,1981,1252
423,17751,17873,273,1875,1981,1232
423,17751,17873,274,1877,1980,1218
423,17751,17873,275,1876,1979,1203
423,17751,17873,276,1872,1981,1190
423,17751,17873,277,1871,1981,1174
423,17751,17873,278,1870,1979,1162
423,17751,17873,279,1866,1981,1147
423,17751,17873,280,1865,1982,1133
423,17751,17873,281,1865,1977,1120
423,17751,17873,282,1862,1981,1106
423,17751,17873,283,1860,1982,1093
423,17751,17873,284,1859,1977,1072
423,17751,17873,285,1858,1981,1063
423,17751,17873,286,1855,1982,1048
423,17751,17873,287,1852,1976,1034
423,17751,17873,288,1852,1981,1018
423,17751,17873,289,1852,1982,1004
423,17751,17873,290,1845,1976,993
423,17751,17873,291,1848,1981,977
423,17751,17873,292,1847,1982,963
423,17751,17873,293,1839,1976,951
423,17751,17873,294,1843,1981,934
423,17751,17873,295,1841,1981,922
423,17751,17873,296,1833,1977,905
423,17751,17873,297,1839,1980,889
423,17751,17873,298,1836,1980,876
423,17751,17873,299,1828,1977,864
423,17751,17873,300,1833,1980,849
423,17751,17873,301,1831,1980,836
423,17751,17873,302,1823,1976,819
423,17751,17873,303,1829,1980,802
423,17751,17873,304,1826,1980,789
423,17751,17873,305,1818,1977,780
423,17751,17873,306,1823,1979,768
423,17751,17873,307,1821,1979,752
423,17751,17873,308,1813,1978,736
423,17751,17873,309,1818,1979,720
423,17751,17873,310,1816,1979,707
423,17751,17873,311,1808,1978,691
423,17751,17873,312,1812,1978,678
423,17751,17873,313,1811,1978,665
423,17751,17873,314,1805,1978,651
423,17751,17873,315,1807,1978,634
423,17751,17873,316,1806,1978,622
423,17751,17873,317,1800,1978,607
423,17751,17873,318,1802,1977,588
423,17751,17873,319,1800,1976,581
423,17751,17873,320,1796,1978,561
423,17751,17873,321,1797,1978,549
423,17751,17873,322,1795,1974,536
423,17751,17873,323,1792,1978,520
423,17751,17873,324,1791,1979,506
423,17751,17873,325,1789,1974,496
423,17751,17873,326,1788,1978,479
423,17751,17873,327,1786,1979,470
423,17751,17873,328,1785,1973,453
423,17751,17873,329,1784,1977,427
423,17751,17873,330,1783,1978,422
423,17751,17873,331,1778,1972,410
423,17751,17873,332,1780,1976,398
423,17751,17873,333,1778,1977,381
423,17751,17873,334,1772,1972,369
423,17751,17873,335,1775,1977,351
423,17751,17873,336,1774,1977,340
423,17751,17873,337,1767,1972,325
423,17751,17873,338,1771,1976,307
423,17751,17873,339,1771,1976,295
423,17751,17873,340,1761,1972,282
423,17751,17873,341,1766,1975,252
423,17751,17873,342,1765,1975,253
423,17751,17873,343,1756,1971,239
423,17751,17873,344,1761,1974,231
423,17751,17873,345,1761,1975,211
423,17751,17873,346,1752,1971,197
423,17751,17873,347,1757,1974,182
423,17751,17873,348,1757,1974,178
423,17751,17873,349,1757,1973,261
423,17751,17873,350,1767,1975,276
423,17751,17873,351,1772,1975,329
423,17751,17873,352,1771,1974,387
423,17751,17873,353,1791,1977,505
423,17751,17873,354,1802,1978,611
423,17751,17873,355,1807,1978,733
425,17927,18049,0,2002,2027,1211
425,17927,18049,1,1874,1984,1278
425,17927,18049,2,1892,1984,1374
425,17927,18049,3,1901,1979,1450
425,17927,18049,4,1917,1984,1562
425,17927,18049,5,1935,1985,1683
425,17927,18049,6,1943,1979,1774
425,17927,18049,7,1966,1986,2001
425,17927,18049,8,1995,1986,2166
425,17927,18049,9,2015,1981,2342
425,17927,18049,10,2045,1986,2501
425,17927,18049,11,2067,1986,2652
425,17927,18049,12,2078,1982,2783
425,17927,18049,13,2105,1986,2929
425,17927,18049,14,2123,1987,3065
425,17927,18049,15,2134,1983,3196
425,17927,18049,16,2159,1987,3302
425,17927,18049,17,2172,1987,3402
425,17927,18049,18,2180,1983,3490
425,17927,18049,19,2189,1985,3497
425,17927,18049,20,2187,1986,3486
425,17927,18049,21,2178,1983,3471
425,17927,18049,22,2186,1986,3472
425,17927,18049,23,2187,1986,3476
425,17927,18049,24,2177,1984,3469
425,17927,18049,25,2183,1986,3450
425,17927,18049,26,2181,1986,3436
425,17927,18049,27,2172,1985,3416
425,17927,18049,28,2177,1985,3406
425,17927,18049,29,2176,1986,3398
425,17927,18049,30,2168,1985,3375
425,17927,18049,31,2170,1985,3357
425,17927,18049,32,2167,1985,3350
425,17927,18049,33,2162,1985,3334
425,17927,18049,34,2163,1985,3317
425,17927,18049,35,2161,1984,3305
425,17927,18049,36,2157,1986,3294
425,17927,18049,37,2158,1986,3276
425,17927,18049,38,2155,1983,3263
425,17927,18049,39,2152,1986,3247
425,17927,18049,40,2150,1986,3239
425,17927,18049,41,2149,1982,3223
425,17927,18049,42,2147,1986,3209
425,17927,18049,43,2144,1987,3190
425,17927,18049,44,2143,1982,3176
425,17927,18049,45,2140,1986,3164
425,17927,18049,46,2139,1987,3146
425,17927,18049,47,2136,1982,3140
425,17927,18049,48,2136,1985,3121
425,17927,18049,49,2135,1987,3105
425,17927,18049,50,2128,1982,3094
425,17927,18049,51,2130,1986,3079
425,17927,18049,52,2129,1986,3069
425,17927,18049,53,2120,1981,3050
425,17927,18049,54,2125,1986,3040
425,17927,18049,55,2123,1986,3023
425,17927,18049,56,2115,1982,3011
425,17927,18049,57,2120,1986,2991
425,17927,18049,58,2118,1986,2977
425,17927,18049,59,2108,1982,2964
425,17927,18049,60,2114,1985,2946
425,17927,18049,61,2111,1985,2938
425,17927,18049,62,2103,1982,2920
425,17927,18049,63,2108,1985,2920
425,17927,18049,64,2106,1985,2894
425,17927,18049,65,2097,1983,2877
425,17927,18049,66,2102,1984,2865
425,17927,18049,67,2099,1985,2850
425,17927,18049,68,2090,1983,2834
425,17927,18049,69,2096,1983,2824
425,17927,18049,70,2094,1984,2809
425,17927,18049,71,2086,1984,2790
425,17927,18049,72,2090,1984,2788
425,17927,18049,73,2088,1983,2768
425,17927,18049,74,2080,1984,2752
425,17927,18049,75,2082,1984,2737
425,17927,18049,76,2082,1984,2727
425,17927,18049,77,2076,1984,2709
425,17927,18049,78,2077,1983,2694
425,17927,18049,79,2075,1982,2685
425,17927,18049,80,2073,1984,2670
425,17927,18049,81,2069,1985,2653
425,17927,18049,82,2069,1981,2642
425,17927,18049,83,2066,1985,2624
425,17927,18049,84,2064,1986,2608
425,17927,18049,85,2064,1981,2599
425,17927,18049,86,2060,1984,2589
425,17927,18049,87,2059,1986,2568
425,17927,18049,88,2058,1980,2554
425,17927,18049,89,2055,1985,2553
425,17927,18049,90,2059,1986,2566
425,17927,18049,91,2059,1980,2579
425,17927,18049,92,2064,1985,2597
425,17927,18049,93,2066,1986,2606
425,17927,18049,94,2063,1981,2624
425,17927,18049,95,2070,1985,2642
425,17927,18049,96,2075,1986,2650
425,17927,18049,97,2067,1981,2665
425,17927,18049,98,2076,1985,2681
425,17927,18049,99,2078,1985,2695
425,17927,18049,100,2073,1981,2708
425,17927,18049,101,2082,1985,2721
425,17927,18049,102,2084,1985,2740
425,17927,18049,103,2078,1982,2752
425,17927,18049,104,2087,1985,2767
425,17927,18049,105,2090,1985,2780
425,17927,18049,106,2086,1982,2792
425,17927,18049,107,2094,1985,2809
425,17927,18049,108,2095,1985,2824
425,17927,18049,109,2091,1983,2836
425,17927,18049,110,2100,1985,2851
425,17927,18049,111,2101,1985,2866
425,17927,18049,112,2096,1983,2879
425,17927,18049,113,2106,1984,2894
425,17927,18049,114,2107,1984,2909
425,17927,18049,115,2104,1984,2921
425,17927,18049,116,2110,1984,2934
425,17927,18049,117,2113,1984,2951
425,17927,18049,118,2112,1985,2963
425,17927,18049,119,2115,1984,2981
425,17927,18049,120,2119,1985,2997
425,17927,18049,121,2117,1985,3008
425,17927,18049,122,2121,1984,3019
425,17927,18049,123,2123,1983,3034
425,17927,18049,124,2123,1985,3050
425,17927,18049,125,2127,1986,3061
425,17927,18049,126,2130,1982,3080
425,17927,18049,127,2129,1985,3091
425,17927,18049,128,2133,1987,3108
425,17927,18049,129,2135,1982,3122
425,17927,18049,130,2136,1985,3135
425,17927,18049,131,2140,1987,3147
425,17927,18049,132,2139,1982,3164
425,17927,18049,133,2143,1986,3175
425,17927,18049,134,2145,1987,3192
425,17927,18049,135,2144,1981,3209
425,17927,18049,136,2153,1986,3219
425,17927,18049,137,2152,1986,3235
425,17927,18049,138,2149,1982,3248
425,17927,18049,139,2155,1986,3260
425,17927,18049,140,2157,1987,3277
425,17927,18049,141,2154,1982,3292
425,17927,18049,142,2163,1986,3306
425,17927,18049,143,2165,1987,3320
425,17927,18049,144,2160,1982,3330
425,17927,18049,145,2169,1986,3349
425,17927,18049,146,2170,1986,3364
425,17927,18049,147,2165,1983,3378
425,17927,18049,148,2174,1986,3389
425,17927,18049,149,2177,1987,3406
425,17927,18049,150,2171,1983,3419
425,17927,18049,151,2179,1986,3433
425,17927,18049,152,2182,1986,3451
425,17927,18049,153,2178,1984,3459
425,17927,18049,154,2185,1986,3472
425,17927,18049,155,2186,1986,3472
425,17927,18049,156,2179,1984,3471
425,17927,18049,157,2188,1986,3483
425,17927,18049,158,2188,1986,3498
425,17927,18049,159,2184,1986,3508
425,17927,18049,160,2191,1985,3513
425,17927,18049,161,2192,1986,3522
425,17927,18049,162,2188,1985,3511
425,17927,18049,163,2189,1984,3455
425,17927,18049,164,2175,1984,3343
425,17927,18049,165,2153,1984,3225
425,17927,18049,166,2136,1984,3108
425,17927,18049,167,2123,1981,2964
425,17927,18049,168,2101,1983,2841
425,17927,18049,169,2083,1984,2703
425,17927,18049,170,2065,1980,2556
425,17927,18049,171,2050,1983,2426
425,17927,18049,172,2027,1984,2293
425,17927,18049,173,2008,1978,2150
425,17927,18049,174,1988,1983,2005
425,17927,18049,175,1968,1984,1863
425,17927,18049,176,1951,1977,1729
425,17927,18049,177,1932,1981,1540
425,17927,18049,178,1912,1982,1425
425,17927,18049,179,1885,1976,1251
425,17927,18049,180,1868,1980,1084
425,17927,18049,181,1854,1981,960
425,17927,18049,182,1828,1975,796
425,17927,18049,183,1815,1977,618
425,17927,18049,184,1803,1979,529
425,17927,18049,185,1779,1973,399
425,17927,18049,186,1773,1977,330
425,17927,18049,187,1760,1974,197
425,17927,18049,188,1754,1972,211
425,17927,18049,189,1762,1975,224
425,17927,18049,190,1764,1976,238
425,17927,18049,191,1758,1972,252
425,17927,18049,192,1767,1975,269
425,17927,18049,193,1768,1976,284
425,17927,18049,194,1763,1973,296
425,17927,18049,195,1771,1975,308
425,17927,18049,196,1773,1976,327
425,17927,18049,197,1767,1974,337
425,17927,18049,198,1776,1976,352
425,17927,18049,199,1778,1976,367
425,17927,18049,200,1772,1975,378
425,17927,18049,201,1780,1976,419
425,17927,18049,202,1783,1977,410
425,17927,18049,203,1778,1976,420
425,17927,18049,204,1784,1976,437
425,17927,18049,205,1786,1977,453
425,17927,18049,206,1784,1977,465
425,17927,18049,207,1789,1976,478
425,17927,18049,208,1791,1977,497
425,17927,18049,209,1789,1978,508
425,17927,18049,210,1793,1978,523
425,17927,18049,211,1796,1976,539
425,17927,18049,212,1796,1978,549
425,17927,18049,213,1798,1979,562
425,17927,18049,214,1800,1975,576
425,17927,18049,215,1801,1978,594
425,17927,18049,216,1803,1980,604
425,17927,18049,217,1804,1975,625
425,17927,18049,218,1807,1979,632
425,17927,18049,219,1807,1981,648
425,17927,18049,220,1808,1975,669
425,17927,18049,221,1812,1979,680
425,17927,18049,222,1813,1981,690
425,17927,18049,223,1812,1975,707
425,17927,18049,224,1816,1980,720
425,17927,18049,225,1820,1980,735
425,17927,18049,226,1814,1975,751
425,17927,18049,227,1823,1980,766
425,17927,18049,228,1826,1981,776
425,17927,18049,229,1819,1976,792
425,17927,18049,230,1828,1980,804
425,17927,18049,231,1831,1980,820
425,17927,18049,232,1825,1976,834
425,17927,18049,233,1833,1980,850
425,17927,18049,234,1835,1981,865
425,17927,18049,235,1830,1977,876
425,17927,18049,236,1838,1980,894
425,17927,18049,237,1841,1981,908
425,17927,18049,238,1834,1978,920
425,17927,18049,239,1844,1980,934
425,17927,18049,240,1845,1981,952
425,17927,18049,241,1840,1978,964
425,17927,18049,242,1848,1980,979
425,17927,18049,243,1851,1980,991
425,17927,18049,244,1846,1980,1005
425,17927,18049,245,1853,1979,1022
425,17927,18049,246,1855,1980,1034
425,17927,18049,247,1851,1980,1048
425,17927,18049,248,1858,1979,1062
425,17927,18049,249,1860,1980,1077
425,17927,18049,250,1857,1980,1090
425,17927,18049,251,1863,1980,1103
425,17927,18049,252,1866,1980,1123
425,17927,18049,253,1864,1982,1137
425,17927,18049,254,1867,1981,1142
425,17927,18049,255,1871,1979,1163
425,17927,18049,256,1871,1981,1176
425,17927,18049,257,1872,1982,1192
425,17927,18049,258,1875,1978,1203
425,17927,18049,259,1876,1982,1217
425,17927,18049,260,1878,1983,1235
425,17927,18049,261,1881,1977,1246
425,17927,18049,262,1881,1982,1261
425,17927,18049,263,1883,1983,1276
425,17927,18049,264,1884,1977,1295
425,17927,18049,265,1888,1982,1303
425,17927,18049,266,1890,1983,1306
425,17927,18049,267,1886,1978,1316
425,17927,18049,268,1889,1982,1305
425,17927,18049,269,1888,1983,1292
425,17927,18049,270,1880,1977,1275
425,17927,18049,271,1884,1982,1262
425,17927,18049,272,1882,1982,1247
425,17927,18049,273,1874,1977,1231
425,17927,18049,274,1878,1981,1219
425,17927,18049,275,1877,1981,1205
425,17927,18049,276,1868,1978,1188
425,17927,18049,277,1873,1981,1176
425,17927,18049,278,1872,1982,1164
425,17927,18049,279,1863,1978,1146
425,17927,18049,280,1868,1981,1132
425,17927,18049,281,1866,1981,1118
425,17927,18049,282,1858,1979,1106
425,17927,18049,283,1863,1980,1087
425,17927,18049,284,1861,1981,1077
425,17927,18049,285,1852,1979,1060
425,17927,18049,286,1857,1980,1047
425,17927,18049,287,1856,1980,1031
425,17927,18049,288,1847,1980,1016
425,17927,18049,289,1851,1980,1005
425,17927,18049,290,1850,1980,994
425,17927,18049,291,1844,1980,976
425,17927,18049,292,1846,1979,965
425,17927,18049,293,1845,1979,947
425,17927,18049,294,1839,1980,938
425,17927,18049,295,1839,1979,919
425,17927,18049,296,1839,1979,907
425,17927,18049,297,1834,1980,888
425,17927,18049,298,1834,1980,877
425,17927,18049,299,1834,1977,864
425,17927,18049,300,1830,1980,851
425,17927,18049,301,1829,1980,838
425,17927,18049,302,1827,1976,823
425,17927,18049,303,1826,1980,806
425,17927,18049,304,1824,1981,793
425,17927,18049,305,1823,1976,782
425,17927,18049,306,1821,1980,762
425,17927,18049,307,1819,1981,747
425,17927,18049,308,1816,1975,737
425,17927,18049,309,1816,1979,721
425,17927,18049,310,1816,1980,711
425,17927,18049,311,1809,1975,692
425,17927,18049,312,1812,1979,679
425,17927,18049,313,1811,1980,666
425,17927,18049,314,1803,1975,651
425,17927,18049,315,1808,1979,635
425,17927,18049,316,1807,1979,621
425,17927,18049,317,1799,1975,597
425,17927,18049,318,1804,1978,593
425,17927,18049,319,1803,1979,584
425,17927,18049,320,1793,1974,562
425,17927,18049,321,1798,1978,552
425,17927,18049,322,1796,1978,538
425,17927,18049,323,1789,1974,523
425,17927,18049,324,1795,1977,506
425,17927,18049,325,1792,1977,495
425,17927,18049,326,1784,1975,479
425,17927,18049,327,1788,1976,468
425,17927,18049,328,1787,1977,453
425,17927,18049,329,1779,1975,437
425,17927,18049,330,1783,1977,427
425,17927,18049,331,1782,1976,413
425,17927,18049,332,1775,1975,393
425,17927,18049,333,1777,1975,379
425,17927,18049,334,1777,1976,367
425,17927,18049,335,1771,1975,353
425,17927,18049,336,1773,1975,338
425,17927,18049,337,1773,1975,325
425,17927,18049,338,1766,1975,312
425,17927,18049,339,1768,1974,294
425,17927,18049,340,1767,1973,283
425,17927,18049,341,1762,1975,267
425,17927,18049,342,1763,1975,252
425,17927,18049,343,1762,1972,240
425,17927,18049,344,1758,1974,220
425,17927,18049,345,1758,1975,210
425,17927,18049,346,1756,1970,199
425,17927,18049,347,1755,1974,183
425,17927,18049,348,1762,1977,285
425,17927,18049,349,1776,1973,389
425,17927,18049,350,1790,1979,511
425,17927,18049,351,1803,1981,649
425,17927,18049,352,1814,1975,748
425,17927,18049,353,1832,1981,861
425,17927,18049,354,1847,1983,994
425,17927,18049,355,1857,1977,1113
427,18103,18225,0,2009,2027,1238
427,18103,18225,1,1878,1982,1307
427,18103,18225,2,1898,1981,1395
427,18103,18225,3,1910,1982,1490
427,18103,18225,4,1920,1983,1587
427,18103,18225,5,1931,1981,1625
427,18103,18225,6,1939,1981,1702
427,18103,18225,7,1945,1983,1780
427,18103,18225,8,1962,1984,1880
427,18103,18225,9,1974,1981,2003
427,18103,18225,10,1990,1984,2118
427,18103,18225,11,2012,1986,2258
427,18103,18225,12,2031,1981,2385
427,18103,18225,13,2049,1986,2543
427,18103,18225,14,2071,1987,2700
427,18103,18225,15,2090,1982,2850
427,18103,18225,16,2114,1987,3016
427,18103,18225,17,2134,1988,3197
427,18103,18225,18,2158,1982,3367
427,18103,18225,19,2181,1987,3482
427,18103,18225,20,2185,1987,3480
427,18103,18225,21,2180,1982,3471
427,18103,18225,22,2185,1986,3471
427,18103,18225,23,2186,1988,3473
427,18103,18225,24,2178,1982,3463
427,18103,18225,25,2182,1986,3447
427,18103,18225,26,2181,1986,3433
427,18103,18225,27,2172,1982,3419
427,18103,18225,28,2176,1986,3403
427,18103,18225,29,2176,1987,3388
427,18103,18225,30,2165,1982,3375
427,18103,18225,31,2170,1986,3363
427,18103,18225,32,2168,1986,3347
427,18103,18225,33,2161,1983,3332
427,18103,18225,34,2165,1985,3317
427,18103,18225,35,2162,1986,3304
427,18103,18225,36,2154,1984,3292
427,18103,18225,37,2158,1985,3281
427,18103,18225,38,2157,1985,3268
427,18103,18225,39,2148,1984,3249
427,18103,18225,40,2152,1985,3235
427,18103,18225,41,2151,1985,3220
427,18103,18225,42,2142,1984,3222
427,18103,18225,43,2149,1985,3192
427,18103,18225,44,2145,1985,3179
427,18103,18225,45,2137,1984,3163
427,18103,18225,46,2140,1985,3147
427,18103,18225,47,2138,1985,3139
427,18103,18225,48,2132,1985,3122
427,18103,18225,49,2133,1985,3107
427,18103,18225,50,2133,1983,3094
427,18103,18225,51,2127,1985,3078
427,18103,18225,52,2126,1985,3063
427,18103,18225,53,2126,1983,3052
427,18103,18225,54,2122,1985,3032
427,18103,18225,55,2120,1986,3024
427,18103,18225,56,2119,1982,3011
427,18103,18225,57,2117,1985,2996
427,18103,18225,58,2116,1986,2979
427,18103,18225,59,2115,1981,2967
427,18103,18225,60,2112,1985,2948
427,18103,18225,61,2110,1986,2933
427,18103,18225,62,2105,1981,2924
427,18103,18225,63,2105,1985,2911
427,18103,18225,64,2105,1987,2893
427,18103,18225,65,2099,1981,2886
427,18103,18225,66,2100,1985,2865
427,18103,18225,67,2100,1986,2851
427,18103,18225,68,2092,1981,2839
427,18103,18225,69,2094,1985,2825
427,18103,18225,70,2094,1986,2811
427,18103,18225,71,2086,1981,2794
427,18103,18225,72,2089,1985,2776
427,18103,18225,73,2088,1985,2770
427,18103,18225,74,2079,1981,2752
427,18103,18225,75,2085,1985,2737
427,18103,18225,76,2083,1985,2725
427,18103,18225,77,2073,1981,2708
427,18103,18225,78,2079,1985,2682
427,18103,18225,79,2076,1984,2681
427,18103,18225,80,2068,1982,2666
427,18103,18225,81,2072,1984,2653
427,18103,18225,82,2070,1984,2647
427,18103,18225,83,2062,1982,2625
427,18103,18225,84,2066,1984,2610
427,18103,18225,85,2065,1984,2598
427,18103,18225,86,2057,1983,2585
427,18103,18225,87,2060,1984,2566
427,18103,18225,88,2059,1984,2554
427,18103,18225,89,2052,1983,2550
427,18103,18225,90,2060,1984,2567
427,18103,18225,91,2063,1984,2581
427,18103,18225,92,2060,1984,2593
427,18103,18225,93,2066,1983,2607
427,18103,18225,94,2067,1983,2624
427,18103,18225,95,2066,1984,2635
427,18103,18225,96,2070,1985,2652
427,18103,18225,97,2073,1982,2666
427,18103,18225,98,2073,1985,2677
427,18103,18225,99,2076,1986,2695
427,18103,18225,100,2079,1981,2710
427,18103,18225,101,2080,1985,2723
427,18103,18225,102,2080,1986,2737
427,18103,18225,103,2084,1981,2751
427,18103,18225,104,2087,1985,2768
427,18103,18225,105,2088,1986,2778
427,18103,18225,106,2089,1981,2794
427,18103,18225,107,2092,1985,2809
427,18103,18225,108,2096,1986,2825
427,18103,18225,109,2093,1982,2836
427,18103,18225,110,2098,1985,2849
427,18103,18225,111,2103,1986,2859
427,18103,18225,112,2098,1981,2877
427,18103,18225,113,2106,1986,2893
427,18103,18225,114,2108,1986,2907
427,18103,18225,115,2103,1982,2923
427,18103,18225,116,2110,1986,2937
427,18103,18225,117,2114,1986,2949
427,18103,18225,118,2108,1982,2959
427,18103,18225,119,2116,1986,2980
427,18103,18225,120,2119,1985,2995
427,18103,18225,121,2114,1982,3006
427,18103,18225,122,2122,1985,3023
427,18103,18225,123,2125,1985,3037
427,18103,18225,124,2119,1983,3048
427,18103,18225,125,2128,1985,3065
427,18103,18225,126,2131,1985,3078
427,18103,18225,127,2127,1983,3090
427,18103,18225,128,2135,1984,3105
427,18103,18225,129,2136,1985,3116
427,18103,18225,130,2134,1984,3136
427,18103,18225,131,2139,1985,3147
427,18103,18225,132,2143,1985,3163
427,18103,18225,133,2139,1985,3177
427,18103,18225,134,2147,1985,3192
427,18103,18225,135,2148,1985,3205
427,18103,18225,136,2148,1985,3220
427,18103,18225,137,2152,1984,3234
427,18103,18225,138,2154,1984,3248
427,18103,18225,139,2154,1986,3263
427,18103,18225,140,2156,1986,3278
427,18103,18225,141,2159,1983,3294
427,18103,18225,142,2159,1986,3302
427,18103,18225,143,2162,1987,3318
427,18103,18225,144,2165,1982,3335
427,18103,18225,145,2165,1986,3348
427,18103,18225,146,2169,1988,3361
427,18103,18225,147,2170,1982,3380
427,18103,18225,148,2173,1987,3391
427,18103,18225,149,2176,1988,3404
427,18103,18225,150,2174,1982,3421
427,18103,18225,151,2179,1986,3433
427,18103,18225,152,2182,1987,3445
427,18103,18225,153,2179,1982,3463
427,18103,18225,154,2185,1987,3475
427,18103,18225,155,2186,1987,3472
427,18103,18225,156,2179,1982,3470
427,18103,18225,157,2188,1987,3481
427,18103,18225,158,2189,1987,3495
427,18103,18225,159,2184,1982,3508
427,18103,18225,160,2191,1987,3511
427,18103,18225,161,2191,1987,3487
427,18103,18225,162,2172,1982,3428
427,18103,18225,163,2172,1986,3346
427,18103,18225,164,2160,1985,3258
427,18103,18225,165,2140,1982,3153
427,18103,18225,166,2129,1984,3025
427,18103,18225,167,2115,1984,2922
427,18103,18225,168,2093,1981,2811
427,18103,18225,169,2083,1983,2663
427,18103,18225,170,2066,1984,2563
427,18103,18225,171,2041,1981,2430
427,18103,18225,172,2029,1982,2275
427,18103,18225,173,2013,1982,2158
427,18103,18225,174,1983,1981,2014
427,18103,18225,175,1972,1982,1946
427,18103,18225,176,1964,1982,1862
427,18103,18225,177,1947,1981,1745
427,18103,18225,178,1944,1981,1696
427,18103,18225,179,1928,1980,1588
427,18103,18225,180,1913,1980,1469
427,18103,18225,181,1898,1980,1345
427,18103,18225,182,1880,1978,1196
427,18103,18225,183,1861,1979,1027
427,18103,18225,184,1842,1980,893
427,18103,18225,185,1824,1975,717
427,18103,18225,186,1802,1977,543
427,18103,18225,187,1781,1977,383
427,18103,18225,188,1767,1970,233
427,18103,18225,189,1759,1975,223
427,18103,18225,190,1761,1976,239
427,18103,18225,191,1761,1971,252
427,18103,18225,192,1765,1975,267
427,18103,18225,193,1767,1976,281
427,18103,18225,194,1765,1971,294
427,18103,18225,195,1770,1977,304
427,18103,18225,196,1773,1977,321
427,18103,18225,197,1770,1972,338
427,18103,18225,198,1776,1977,352
427,18103,18225,199,1777,1977,363
427,18103,18225,200,1772,1973,384
427,18103,18225,201,1780,1977,396
427,18103,18225,202,1782,1977,412
427,18103,18225,203,1777,1973,423
427,18103,18225,204,1785,1978,436
427,18103,18225,205,1787,1978,459
427,18103,18225,206,1781,1974,467
427,18103,18225,207,1790,1978,478
427,18103,18225,208,1793,1978,495
427,18103,18225,209,1786,1976,519
427,18103,18225,210,1794,1978,522
427,18103,18225,211,1797,1978,538
427,18103,18225,212,1792,1976,550
427,18103,18225,213,1800,1978,569
427,18103,18225,214,1801,1978,581
427,18103,18225,215,1796,1977,591
427,18103,18225,216,1804,1978,607
427,18103,18225,217,1806,1979,617
427,18103,18225,218,1801,1978,643
427,18103,18225,219,1809,1978,649
427,18103,18225,220,1812,1978,665
427,18103,18225,221,1808,1978,678
427,18103,18225,222,1813,1978,694
427,18103,18225,223,1815,1979,708
427,18103,18225,224,1813,1979,720
427,18103,18225,225,1818,1979,735
427,18103,18225,226,1821,1977,754
427,18103,18225,227,1820,1980,765
427,18103,18225,228,1822,1980,776
427,18103,18225,229,1825,1976,789
427,18103,18225,230,1826,1979,805
427,18103,18225,231,1827,1981,819
427,18103,18225,232,1830,1976,835
427,18103,18225,233,1831,1980,843
427,18103,18225,234,1832,1982,855
427,18103,18225,235,1833,1976,877
427,18103,18225,236,1836,1980,893
427,18103,18225,237,1839,1982,906
427,18103,18225,238,1837,1976,917
427,18103,18225,239,1842,1981,934
427,18103,18225,240,1845,1982,947
427,18103,18225,241,1841,1977,967
427,18103,18225,242,1849,1981,976
427,18103,18225,243,1851,1981,993
427,18103,18225,244,1845,1977,1002
427,18103,18225,245,1853,1981,1021
427,18103,18225,246,1856,1981,1034
427,18103,18225,247,1851,1978,1050
427,18103,18225,248,1859,1981,1061
427,18103,18225,249,1866,1981,1076
427,18103,18225,250,1855,1978,1088
427,18103,18225,251,1865,1981,1107
427,18103,18225,252,1867,1981,1120
427,18103,18225,253,1861,1978,1130
427,18103,18225,254,1870,1981,1155
427,18103,18225,255,1872,1981,1162
427,18103,18225,256,1866,1979,1174
427,18103,18225,257,1875,1981,1197
427,18103,18225,258,1877,1981,1199
427,18103,18225,259,1872,1980,1221
427,18103,18225,260,1880,1981,1232
427,18103,18225,261,1882,1981,1249
427,18103,18225,262,1878,1981,1261
427,18103,18225,263,1885,1981,1270
427,18103,18225,264,1887,1981,1290
427,18103,18225,265,1884,1981,1302
427,18103,18225,266,1890,1981,1317
427,18103,18225,267,1891,1980,1319
427,18103,18225,268,1886,1981,1305
427,18103,18225,269,1886,1981,1287
427,18103,18225,270,1885,1979,1276
427,18103,18225,271,1881,1981,1261
427,18103,18225,272,1879,1982,1248
427,18103,18225,273,1879,1978,1239
427,18103,18225,274,1875,1981,1222
427,18103,18225,275,1876,1983,1204
427,18103,18225,276,1873,1977,1191
427,18103,18225,277,1872,1981,1174
427,18103,18225,278,1868,1983,1161
427,18103,18225,279,1866,1977,1152
427,18103,18225,280,1866,1981,1157
427,18103,18225,281,1865,1983,1120
427,18103,18225,282,1859,1977,1105
427,18103,18225,283,1861,1981,1092
427,18103,18225,284,1862,1982,1082
427,18103,18225,285,1853,1977,1063
427,18103,18225,286,1857,1981,1049
427,18103,18225,287,1857,1982,1033
427,18103,18225,288,1847,1976,1017
427,18103,18225,289,1852,1981,1004
427,18103,18225,290,1850,1981,990
427,18103,18225,291,1841,1977,974
427,18103,18225,292,1847,1981,962
427,18103,18225,293,1846,1981,949
427,18103,18225,294,1837,1977,939
427,18103,18225,295,1842,1980,921
427,18103,18225,296,1840,1981,905
427,18103,18225,297,1832,1977,893
427,18103,18225,298,1836,1980,877
427,18103,18225,299,1835,1980,863
427,18103,18225,300,1826,1978,850
427,18103,18225,301,1831,1979,835
427,18103,18225,302,1830,1980,820
427,18103,18225,303,1822,1978,805
427,18103,18225,304,1827,1979,789
427,18103,18225,305,1825,1980,779
427,18103,18225,306,1817,1979,762
427,18103,18225,307,1821,1979,753
427,18103,18225,308,1819,1979,738
427,18103,18225,309,1814,1979,723
427,18103,18225,310,1815,1978,706
427,18103,18225,311,1814,1978,696
427,18103,18225,312,1808,1979,677
427,18103,18225,313,1810,1979,662
427,18103,18225,314,1809,1976,649
427,18103,18225,315,1805,1978,638
427,18103,18225,316,1804,1979,622
427,18103,18225,317,1803,1975,611
427,18103,18225,318,1800,1979,594
427,18103,18225,319,1799,1980,578
427,18103,18225,320,1798,1974,566
427,18103,18225,321,1796,1979,548
427,18103,18225,322,1794,1980,534
427,18103,18225,323,1791,1974,522
427,18103,18225,324,1792,1978,512
427,18103,18225,325,1792,1979,493
427,18103,18225,326,1785,1973,480
427,18103,18225,327,1789,1978,468
427,18103,18225,328,1787,1978,452
427,18103,18225,329,1779,1973,439
427,18103,18225,330,1784,1977,410
427,18103,18225,331,1783,1977,410
427,18103,18225,332,1774,1973,397
427,18103,18225,333,1779,1977,376
427,18103,18225,334,1778,1977,366
427,18103,18225,335,1769,1972,354
427,18103,18225,336,1774,1976,336
427,18103,18225,337,1774,1977,326
427,18103,18225,338,1764,1973,311
427,18103,18225,339,1770,1976,293
427,18103,18225,340,1767,1975,283
427,18103,18225,341,1759,1973,265
427,18103,18225,342,1765,1974,257
427,18103,18225,343,1763,1974,240
427,18103,18225,344,1755,1973,223
427,18103,18225,345,1760,1974,210
427,18103,18225,346,1759,1973,196
427,18103,18225,347,1751,1972,177
427,18103,18225,348,1755,1972,166
427,18103,18225,349,1753,1973,156
427,18103,18225,350,1752,1973,197
427,18103,18225,351,1764,1974,277
427,18103,18225,352,1776,1976,383
427,18103,18225,353,1786,1977,524
427,18103,18225,354,1804,1978,664
427,18103,18225,355,1819,1979,785
429,18281,18403,0,2012,2034,1398
429,18281,18403,1,1897,1980,1480
429,18281,18403,2,1920,1983,1544
429,18281,18403,3,1936,1984,1683
429,18281,18403,4,1941,1979,1752
429,18281,18403,5,1960,1984,1854
429,18281,18403,6,1975,1984,1954
429,18281,18403,7,1975,1980,2034
429,18281,18403,8,2000,1984,2126
429,18281,18403,9,2015,1985,2244
429,18281,18403,10,2022,1983,2361
429,18281,18403,11,2042,1984,2491
429,18281,18403,12,2065,1984,2607
429,18281,18403,13,2072,1984,2735
429,18281,18403,14,2098,1985,2875
429,18281,18403,15,2115,1985,3019
429,18281,18403,16,2131,1985,3158
429,18281,18403,17,2155,1985,3289
429,18281,18403,18,2174,1986,3434
429,18281,18403,19,2183,1986,3497
429,18281,18403,20,2185,1985,3481
429,18281,18403,21,2185,1985,3471
429,18281,18403,22,2181,1985,3472
429,18281,18403,23,2185,1985,3473
429,18281,18403,24,2183,1984,3464
429,18281,18403,25,2178,1986,3429
429,18281,18403,26,2179,1986,3431
429,18281,18403,27,2177,1983,3418
429,18281,18403,28,2172,1986,3405
429,18281,18403,29,2172,1986,3385
429,18281,18403,30,2171,1982,3378
429,18281,18403,31,2168,1986,3362
429,18281,18403,32,2166,1988,3346
429,18281,18403,33,2163,1982,3333
429,18281,18403,34,2163,1986,3316
429,18281,18403,35,2162,1987,3301
429,18281,18403,36,2157,1982,3297
429,18281,18403,37,2157,1986,3278
429,18281,18403,38,2156,1987,3262
429,18281,18403,39,2149,1981,3245
429,18281,18403,40,2152,1986,3235
429,18281,18403,41,2152,1986,3219
429,18281,18403,42,2143,1981,3205
429,18281,18403,43,2146,1986,3190
429,18281,18403,44,2145,1986,3177
429,18281,18403,45,2137,1982,3163
429,18281,18403,46,2143,1986,3151
429,18281,18403,47,2139,1986,3135
429,18281,18403,48,2130,1982,3119
429,18281,18403,49,2135,1986,3105
429,18281,18403,50,2134,1986,3092
429,18281,18403,51,2124,1982,3078
429,18281,18403,52,2129,1985,3062
429,18281,18403,53,2127,1985,3053
429,18281,18403,54,2119,1983,3034
429,18281,18403,55,2124,1985,3022
429,18281,18403,56,2120,1985,3002
429,18281,18403,57,2113,1983,2990
429,18281,18403,58,2118,1984,2978
429,18281,18403,59,2115,1985,2963
429,18281,18403,60,2107,1984,2948
429,18281,18403,61,2110,1984,2931
429,18281,18403,62,2110,1984,2921
429,18281,18403,63,2102,1984,2908
429,18281,18403,64,2105,1984,2893
429,18281,18403,65,2103,1984,2880
429,18281,18403,66,2097,1984,2860
429,18281,18403,67,2098,1984,2848
429,18281,18403,68,2097,1983,2835
429,18281,18403,69,2093,1985,2821
429,18281,18403,70,2092,1985,2806
429,18281,18403,71,2091,1981,2799
429,18281,18403,72,2087,1985,2775
429,18281,18403,73,2086,1986,2764
429,18281,18403,74,2085,1981,2753
429,18281,18403,75,2081,1985,2738
429,18281,18403,76,2080,1987,2724
429,18281,18403,77,2077,1980,2711
429,18281,18403,78,2077,1985,2694
429,18281,18403,79,2075,1986,2677
429,18281,18403,80,2070,1980,2668
429,18281,18403,81,2072,1985,2654
429,18281,18403,82,2071,1985,2637
429,18281,18403,83,2063,1980,2628
429,18281,18403,84,2066,1985,2611
429,18281,18403,85,2067,1986,2591
429,18281,18403,86,2056,1980,2582
429,18281,18403,87,2061,1985,2566
429,18281,18403,88,2061,1985,2554
429,18281,18403,89,2052,1980,2563
429,18281,18403,90,2061,1985,2566
429,18281,18403,91,2062,1985,2579
429,18281,18403,92,2057,1981,2598
429,18281,18403,93,2066,1985,2610
429,18281,18403,94,2068,1985,2623
429,18281,18403,95,2064,1982,2635
429,18281,18403,96,2073,1985,2650
429,18281,18403,97,2074,1985,2666
429,18281,18403,98,2069,1982,2678
429,18281,18403,99,2078,1984,2693
429,18281,18403,100,2080,1984,2711
429,18281,18403,101,2075,1983,2723
429,18281,18403,102,2083,1984,2737
429,18281,18403,103,2086,1985,2750
429,18281,18403,104,2082,1984,2770
429,18281,18403,105,2089,1984,2780
429,18281,18403,106,2092,1984,2792
429,18281,18403,107,2089,1984,2805
429,18281,18403,108,2095,1984,2821
429,18281,18403,109,2097,1984,2836
429,18281,18403,110,2095,1984,2850
429,18281,18403,111,2100,1984,2863
429,18281,18403,112,2104,1983,2879
429,18281,18403,113,2101,1985,2896
429,18281,18403,114,2105,1986,2908
429,18281,18403,115,2108,1982,2924
429,18281,18403,116,2108,1985,2925
429,18281,18403,117,2111,1986,2946
429,18281,18403,118,2113,1981,2965
429,18281,18403,119,2114,1986,2978
429,18281,18403,120,2116,1987,2991
429,18281,18403,121,2118,1981,3012
429,18281,18403,122,2122,1986,3021
429,18281,18403,123,2124,1987,3036
429,18281,18403,124,2123,1981,3048
429,18281,18403,125,2127,1986,3064
429,18281,18403,126,2131,1986,3082
429,18281,18403,127,2127,1981,3093
429,18281,18403,128,2134,1985,3094
429,18281,18403,129,2136,1987,3119
429,18281,18403,130,2132,1982,3131
429,18281,18403,131,2140,1986,3153
429,18281,18403,132,2143,1986,3165
429,18281,18403,133,2137,1982,3175
429,18281,18403,134,2147,1986,3191
429,18281,18403,135,2149,1986,3205
429,18281,18403,136,2143,1982,3216
429,18281,18403,137,2153,1986,3233
429,18281,18403,138,2155,1986,3252
429,18281,18403,139,2149,1983,3262
429,18281,18403,140,2158,1985,3273
429,18281,18403,141,2161,1986,3293
429,18281,18403,142,2155,1984,3304
429,18281,18403,143,2164,1985,3321
429,18281,18403,144,2167,1986,3337
429,18281,18403,145,2162,1984,3347
429,18281,18403,146,2171,1986,3357
429,18281,18403,147,2171,1986,3376
429,18281,18403,148,2169,1986,3389
429,18281,18403,149,2175,1985,3404
429,18281,18403,150,2178,1985,3419
429,18281,18403,151,2175,1985,3430
429,18281,18403,152,2180,1985,3444
429,18281,18403,153,2185,1985,3461
429,18281,18403,154,2182,1986,3474
429,18281,18403,155,2184,1986,3472
429,18281,18403,156,2185,1983,3470
429,18281,18403,157,2184,1986,3480
429,18281,18403,158,2188,1987,3493
429,18281,18403,159,2189,1983,3510
429,18281,18403,160,2189,1986,3517
429,18281,18403,161,2190,1988,3518
429,18281,18403,162,2183,1982,3468
429,18281,18403,163,2175,1986,3377
429,18281,18403,164,2157,1987,3280
429,18281,18403,165,2148,1981,3168
429,18281,18403,166,2132,1985,3053
429,18281,18403,167,2114,1985,2889
429,18281,18403,168,2085,1979,2722
429,18281,18403,169,2068,1984,2564
429,18281,18403,170,2048,1984,2423
429,18281,18403,171,2021,1980,2332
429,18281,18403,172,2011,1982,2140
429,18281,18403,173,1988,1983,2006
429,18281,18403,174,1964,1978,1870
429,18281,18403,175,1953,1982,1739
429,18281,18403,176,1936,1982,1602
429,18281,18403,177,1912,1978,1489
429,18281,18403,178,1912,1982,1431
429,18281,18403,179,1897,1981,1329
429,18281,18403,180,1876,1977,1206
429,18281,18403,181,1868,1981,1078
429,18281,18403,182,1854,1980,961
429,18281,18403,183,1829,1977,847
429,18281,18403,184,1823,1978,706
429,18281,18403,185,1807,1978,588
429,18281,18403,186,1785,1975,455
429,18281,18403,187,1778,1975,308
429,18281,18403,188,1761,1974,213
429,18281,18403,189,1755,1973,225
429,18281,18403,190,1763,1975,239
429,18281,18403,191,1764,1975,256
429,18281,18403,192,1761,1974,267
429,18281,18403,193,1767,1974,281
429,18281,18403,194,1769,1975,296
429,18281,18403,195,1766,1975,308
429,18281,18403,196,1772,1975,322
429,18281,18403,197,1773,1974,340
429,18281,18403,198,1772,1976,354
429,18281,18403,199,1776,1976,367
429,18281,18403,200,1778,1974,383
429,18281,18403,201,1778,1977,396
429,18281,18403,202,1780,1978,418
429,18281,18403,203,1782,1974,425
429,18281,18403,204,1782,1977,441
429,18281,18403,205,1784,1979,452
429,18281,18403,206,1787,1973,467
429,18281,18403,207,1788,1978,478
429,18281,18403,208,1790,1979,491
429,18281,18403,209,1789,1974,510
429,18281,18403,210,1794,1979,522
429,18281,18403,211,1797,1979,540
429,18281,18403,212,1792,1974,550
429,18281,18403,213,1799,1979,565
429,18281,18403,214,1801,1979,579
429,18281,18403,215,1796,1974,594
429,18281,18403,216,1804,1979,608
429,18281,18403,217,1807,1980,625
429,18281,18403,218,1802,1975,641
429,18281,18403,219,1810,1979,652
429,18281,18403,220,1812,1979,666
429,18281,18403,221,1807,1975,681
429,18281,18403,222,1816,1980,698
429,18281,18403,223,1816,1979,707
429,18281,18403,224,1811,1976,719
429,18281,18403,225,1819,1980,737
429,18281,18403,226,1822,1980,752
429,18281,18403,227,1816,1977,757
429,18281,18403,228,1826,1979,777
429,18281,18403,229,1826,1980,791
429,18281,18403,230,1821,1978,807
429,18281,18403,231,1830,1979,820
429,18281,18403,232,1832,1980,834
429,18281,18403,233,1827,1979,848
429,18281,18403,234,1834,1979,864
429,18281,18403,235,1837,1980,876
429,18281,18403,236,1832,1980,891
429,18281,18403,237,1839,1979,905
429,18281,18403,238,1842,1980,922
429,18281,18403,239,1837,1980,936
429,18281,18403,240,1844,1979,946
429,18281,18403,241,1846,1978,962
429,18281,18403,242,1844,1981,976
429,18281,18403,243,1848,1981,989
429,18281,18403,244,1851,1978,1012
429,18281,18403,245,1850,1981,1019
429,18281,18403,246,1853,1982,1032
429,18281,18403,247,1855,1977,1049
429,18281,18403,248,1857,1981,1061
429,18281,18403,249,1860,1982,1076
429,18281,18403,250,1861,1977,1092
429,18281,18403,251,1863,1981,1107
429,18281,18403,252,1865,1983,1119
429,18281,18403,253,1863,1977,1138
429,18281,18403,254,1868,1981,1148
429,18281,18403,255,1871,1982,1161
429,18281,18403,256,1868,1977,1175
429,18281,18403,257,1874,1981,1192
429,18281,18403,258,1877,1982,1206
429,18281,18403,259,1872,1978,1219
429,18281,18403,260,1880,1981,1233
429,18281,18403,261,1882,1983,1246
429,18281,18403,262,1877,1978,1260
429,18281,18403,263,1886,1982,1274
429,18281,18403,264,1887,1982,1289
429,18281,18403,265,1883,1978,1301
429,18281,18403,266,1893,1982,1318
429,18281,18403,267,1892,1982,1318
429,18281,18403,268,1882,1979,1305
429,18281,18403,269,1889,1981,1290
429,18281,18403,270,1886,1982,1276
429,18281,18403,271,1876,1980,1261
429,18281,18403,272,1882,1981,1248
429,18281,18403,273,1881,1981,1236
429,18281,18403,274,1872,1980,1215
429,18281,18403,275,1877,1980,1205
429,18281,18403,276,1875,1981,1186
429,18281,18403,277,1867,1980,1177
429,18281,18403,278,1869,1980,1163
429,18281,18403,279,1871,1980,1141
429,18281,18403,280,1863,1980,1130
429,18281,18403,281,1865,1980,1116
429,18281,18403,282,1864,1980,1105
429,18281,18403,283,1858,1981,1091
429,18281,18403,284,1859,1980,1078
429,18281,18403,285,1858,1978,1063
429,18281,18403,286,1854,1981,1050
429,18281,18403,287,1854,1981,1032
429,18281,18403,288,1853,1978,1020
429,18281,18403,289,1850,1981,1006
429,18281,18403,290,1848,1982,991
429,18281,18403,291,1846,1977,978
429,18281,18403,292,1844,1981,964
429,18281,18403,293,1842,1981,948
429,18281,18403,294,1841,1976,935
429,18281,18403,295,1840,1980,920
429,18281,18403,296,1839,1981,904
429,18281,18403,297,1834,1976,890
429,18281,18403,298,1836,1981,878
429,18281,18403,299,1834,1981,862
429,18281,18403,300,1827,1976,851
429,18281,18403,301,1831,1981,829
429,18281,18403,302,1830,1980,816
429,18281,18403,303,1822,1976,805
429,18281,18403,304,1828,1980,794
429,18281,18403,305,1825,1980,776
429,18281,18403,306,1816,1976,757
429,18281,18403,307,1821,1980,753
429,18281,18403,308,1820,1980,736
429,18281,18403,309,1812,1976,722
429,18281,18403,310,1816,1979,704
429,18281,18403,311,1815,1980,694
429,18281,18403,312,1806,1976,679
429,18281,18403,313,1811,1979,666
429,18281,18403,314,1810,1978,649
429,18281,18403,315,1801,1976,635
429,18281,18403,316,1807,1978,620
429,18281,18403,317,1805,1978,613
429,18281,18403,318,1796,1977,592
429,18281,18403,319,1802,1978,583
429,18281,18403,320,1800,1978,567
429,18281,18403,321,1792,1977,552
429,18281,18403,322,1797,1977,539
429,18281,18403,323,1796,1977,527
429,18281,18403,324,1788,1976,511
429,18281,18403,325,1792,1976,493
429,18281,18403,326,1789,1976,480
429,18281,18403,327,1785,1977,466
429,18281,18403,328,1787,1977,449
429,18281,18403,329,1784,1975,439
429,18281,18403,330,1780,1977,421
429,18281,18403,331,1781,1976,406
429,18281,18403,332,1780,1973,394
429,18281,18403,333,1776,1976,381
429,18281,18403,334,1775,1977,365
429,18281,18403,335,1773,1972,352
429,18281,18403,336,1772,1976,338
429,18281,18403,337,1769,1978,322
429,18281,18403,338,1768,1972,309
429,18281,18403,339,1768,1976,291
429,18281,18403,340,1767,1977,284
429,18281,18403,341,1762,1971,269
429,18281,18403,342,1764,1975,254
429,18281,18403,343,1763,1977,251
429,18281,18403,344,1755,1971,225
429,18281,18403,345,1759,1975,212
429,18281,18403,346,1759,1975,198
429,18281,18403,347,1751,1970,187
429,18281,18403,348,1761,1975,203
429,18281,18403,349,1768,1976,281
429,18281,18403,350,1770,1973,364
429,18281,18403,351,1786,1978,457
429,18281,18403,352,1797,1979,569
429,18281,18403,353,1804,1977,688
429,18281,18403,354,1823,1981,806
429,18281,18403,355,1837,1982,928
431,18464,18586,0,2008,2033,1355
431,18464,18586,1,1902,1984,1454
431,18464,18586,2,1917,1983,1536
431,18464,18586,3,1923,1982,1633
431,18464,18586,4,1943,1982,1744
431,18464,18586,5,1959,1983,1820
431,18464,18586,6,1963,1983,1932
431,18464,18586,7,1984,1983,2037
431,18464,18586,8,1997,1984,2124
431,18464,18586,9,2008,1983,2233
431,18464,18586,10,2026,1984,2372
431,18464,18586,11,2046,1984,2491
431,18464,18586,12,2058,1986,2624
431,18464,18586,13,2078,1985,2756
431,18464,18586,14,2099,1983,2891
431,18464,18586,15,2114,1986,3017
431,18464,18586,16,2134,1987,3163
431,18464,18586,17,2153,1983,3298
431,18464,18586,18,2172,1987,3430
431,18464,18586,19,2186,1988,3492
431,18464,18586,20,2186,1982,3478
431,18464,18586,21,2183,1986,3470
431,18464,18586,22,2184,1988,3472
431,18464,18586,23,2182,1982,3477
431,18464,18586,24,2183,1986,3462
431,18464,18586,25,2182,1987,3441
431,18464,18586,26,2177,1982,3431
431,18464,18586,27,2178,1986,3421
431,18464,18586,28,2175,1987,3406
431,18464,18586,29,2170,1982,3389
431,18464,18586,30,2172,1986,3383
431,18464,18586,31,2171,1987,3362
431,18464,18586,32,2162,1982,3344
431,18464,18586,33,2167,1986,3333
431,18464,18586,34,2164,1987,3314
431,18464,18586,35,2156,1982,3308
431,18464,18586,36,2161,1986,3291
431,18464,18586,37,2158,1986,3275
431,18464,18586,38,2149,1983,3261
431,18464,18586,39,2155,1985,3247
431,18464,18586,40,2154,1986,3232
431,18464,18586,41,2143,1983,3218
431,18464,18586,42,2148,1985,3202
431,18464,18586,43,2147,1985,3190
431,18464,18586,44,2137,1983,3179
431,18464,18586,45,2143,1985,3160
431,18464,18586,46,2141,1985,3150
431,18464,18586,47,2132,1984,3132
431,18464,18586,48,2136,1985,3120
431,18464,18586,49,2136,1985,3106
431,18464,18586,50,2127,1984,3089
431,18464,18586,51,2130,1984,3077
431,18464,18586,52,2128,1985,3064
431,18464,18586,53,2122,1985,3042
431,18464,18586,54,2124,1984,3036
431,18464,18586,55,2123,1984,3022
431,18464,18586,56,2117,1985,3006
431,18464,18586,57,2117,1985,2997
431,18464,18586,58,2116,1983,2976
431,18464,18586,59,2112,1985,2962
431,18464,18586,60,2111,1986,2948
431,18464,18586,61,2109,1982,2934
431,18464,18586,62,2107,1985,2925
431,18464,18586,63,2105,1987,2911
431,18464,18586,64,2104,1981,2887
431,18464,18586,65,2102,1985,2879
431,18464,18586,66,2100,1987,2869
431,18464,18586,67,2097,1981,2850
431,18464,18586,68,2096,1985,2833
431,18464,18586,69,2095,1986,2820
431,18464,18586,70,2089,1981,2809
431,18464,18586,71,2091,1985,2795
431,18464,18586,72,2090,1986,2779
431,18464,18586,73,2081,1981,2763
431,18464,18586,74,2085,1985,2751
431,18464,18586,75,2084,1985,2738
431,18464,18586,76,2075,1981,2723
431,18464,18586,77,2080,1985,2708
431,18464,18586,78,2078,1985,2695
431,18464,18586,79,2069,1981,2677
431,18464,18586,80,2075,1985,2665
431,18464,18586,81,2073,1985,2658
431,18464,18586,82,2062,1981,2638
431,18464,18586,83,2068,1984,2625
431,18464,18586,84,2066,1985,2613
431,18464,18586,85,2060,1982,2593
431,18464,18586,86,2063,1984,2584
431,18464,18586,87,2061,1984,2568
431,18464,18586,88,2052,1983,2550
431,18464,18586,89,2058,1984,2552
431,18464,18586,90,2061,1985,2569
431,18464,18586,91,2056,1983,2581
431,18464,18586,92,2065,1984,2593
431,18464,18586,93,2066,1984,2608
431,18464,18586,94,2063,1984,2622
431,18464,18586,95,2069,1984,2639
431,18464,18586,96,2072,1984,2652
431,18464,18586,97,2070,1984,2665
431,18464,18586,98,2074,1984,2677
431,18464,18586,99,2078,1983,2696
431,18464,18586,100,2076,1985,2708
431,18464,18586,101,2080,1985,2723
431,18464,18586,102,2083,1982,2740
431,18464,18586,103,2083,1985,2750
431,18464,18586,104,2086,1986,2758
431,18464,18586,105,2088,1981,2782
431,18464,18586,106,2089,1985,2791
431,18464,18586,107,2091,1986,2806
431,18464,18586,108,2093,1981,2823
431,18464,18586,109,2096,1985,2838
431,18464,18586,110,2097,1987,2849
431,18464,18586,111,2098,1981,2869
431,18464,18586,112,2103,1985,2879
431,18464,18586,113,2105,1987,2896
431,18464,18586,114,2102,1981,2908
431,18464,18586,115,2108,1986,2920
431,18464,18586,116,2112,1986,2938
431,18464,18586,117,2107,1982,2956
431,18464,18586,118,2115,1986,2963
431,18464,18586,119,2117,1986,2980
431,18464,18586,120,2113,1982,2992
431,18464,18586,121,2121,1986,3006
431,18464,18586,122,2123,1986,3020
431,18464,18586,123,2119,1982,3032
431,18464,18586,124,2127,1985,3047
431,18464,18586,125,2130,1986,3065
431,18464,18586,126,2124,1982,3077
431,18464,18586,127,2133,1985,3094
431,18464,18586,128,2135,1986,3106
431,18464,18586,129,2131,1984,3122
431,18464,18586,130,2139,1985,3133
431,18464,18586,131,2141,1986,3151
431,18464,18586,132,2136,1984,3159
431,18464,18586,133,2144,1985,3177
431,18464,18586,134,2147,1985,3192
431,18464,18586,135,2144,1985,3204
431,18464,18586,136,2150,1985,3223
431,18464,18586,137,2152,1985,3235
431,18464,18586,138,2149,1985,3252
431,18464,18586,139,2155,1985,3259
431,18464,18586,140,2158,1985,3277
431,18464,18586,141,2156,1985,3285
431,18464,18586,142,2161,1985,3304
431,18464,18586,143,2164,1984,3319
431,18464,18586,144,2164,1986,3332
431,18464,18586,145,2167,1986,3346
431,18464,18586,146,2169,1983,3362
431,18464,18586,147,2170,1986,3378
431,18464,18586,148,2170,1987,3390
431,18464,18586,149,2174,1982,3408
431,18464,18586,150,2175,1987,3419
431,18464,18586,151,2177,1987,3431
431,18464,18586,152,2180,1982,3446
431,18464,18586,153,2182,1987,3466
431,18464,18586,154,2185,1988,3473
431,18464,18586,155,2182,1982,3472
431,18464,18586,156,2185,1986,3477
431,18464,18586,157,2185,1988,3479
431,18464,18586,158,2184,1983,3497
431,18464,18586,159,2190,1987,3508
431,18464,18586,160,2193,1988,3514
431,18464,18586,161,2185,1983,3519
431,18464,18586,162,2187,1986,3470
431,18464,18586,163,2180,1986,3385
431,18464,18586,164,2154,1981,3271
431,18464,18586,165,2147,1986,3198
431,18464,18586,166,2136,1985,3064
431,18464,18586,167,2109,1980,2876
431,18464,18586,168,2088,1983,2721
431,18464,18586,169,2071,1983,2565
431,18464,18586,170,2039,1980,2422
431,18464,18586,171,2031,1982,2265
431,18464,18586,172,2008,1983,2139
431,18464,18586,173,1982,1980,2002
431,18464,18586,174,1971,1982,1861
431,18464,18586,175,1955,1982,1734
431,18464,18586,176,1928,1980,1615
431,18464,18586,177,1918,1980,1487
431,18464,18586,178,1909,1981,1428
431,18464,18586,179,1890,1980,1317
431,18464,18586,180,1880,1980,1214
431,18464,18586,181,1871,1980,1082
431,18464,18586,182,1847,1979,969
431,18464,18586,183,1835,1978,846
431,18464,18586,184,1820,1978,714
431,18464,18586,185,1803,1977,582
431,18464,18586,186,1791,1975,444
431,18464,18586,187,1775,1973,291
431,18464,18586,188,1756,1974,205
431,18464,18586,189,1759,1974,222
431,18464,18586,190,1763,1972,239
431,18464,18586,191,1763,1975,251
431,18464,18586,192,1765,1976,267
431,18464,18586,193,1766,1972,281
431,18464,18586,194,1768,1976,297
431,18464,18586,195,1768,1978,307
431,18464,18586,196,1770,1972,323
431,18464,18586,197,1773,1977,339
431,18464,18586,198,1775,1978,350
431,18464,18586,199,1773,1972,368
431,18464,18586,200,1777,1977,383
431,18464,18586,201,1780,1977,397
431,18464,18586,202,1777,1973,411
431,18464,18586,203,1783,1977,425
431,18464,18586,204,1786,1978,437
431,18464,18586,205,1781,1973,450
431,18464,18586,206,1788,1978,465
431,18464,18586,207,1790,1978,478
431,18464,18586,208,1785,1974,491
431,18464,18586,209,1793,1978,509
431,18464,18586,210,1796,1978,523
431,18464,18586,211,1790,1974,539
431,18464,18586,212,1798,1978,551
431,18464,18586,213,1801,1979,566
431,18464,18586,214,1794,1976,577
431,18464,18586,215,1803,1978,595
431,18464,18586,216,1805,1978,609
431,18464,18586,217,1800,1976,620
431,18464,18586,218,1808,1978,636
431,18464,18586,219,1810,1979,650
431,18464,18586,220,1804,1977,666
431,18464,18586,221,1813,1978,680
431,18464,18586,222,1815,1979,693
431,18464,18586,223,1810,1978,706
431,18464,18586,224,1817,1978,723
431,18464,18586,225,1820,1979,737
431,18464,18586,226,1816,1979,750
431,18464,18586,227,1822,1978,763
431,18464,18586,228,1824,1979,779
431,18464,18586,229,1819,1979,791
431,18464,18586,230,1826,1979,803
431,18464,18586,231,1828,1978,819
431,18464,18586,232,1828,1980,836
431,18464,18586,233,1831,1980,848
431,18464,18586,234,1834,1977,866
431,18464,18586,235,1833,1980,872
431,18464,18586,236,1836,1981,895
431,18464,18586,237,1838,1977,908
431,18464,18586,238,1839,1980,919
431,18464,18586,239,1841,1982,931
431,18464,18586,240,1843,1977,946
431,18464,18586,241,1845,1981,964
431,18464,18586,242,1847,1983,973
431,18464,18586,243,1846,1977,995
431,18464,18586,244,1851,1981,1022
431,18464,18586,245,1854,1982,1021
431,18464,18586,246,1850,1977,1032
431,18464,18586,247,1856,1981,1047
431,18464,18586,248,1860,1982,1062
431,18464,18586,249,1854,1977,1077
431,18464,18586,250,1862,1981,1091
431,18464,18586,251,1864,1982,1104
431,18464,18586,252,1859,1977,1119
431,18464,18586,253,1868,1981,1136
431,18464,18586,254,1869,1982,1147
431,18464,18586,255,1865,1978,1163
431,18464,18586,256,1874,1982,1174
431,18464,18586,257,1875,1982,1191
431,18464,18586,258,1869,1978,1207
431,18464,18586,259,1878,1981,1219
431,18464,18586,260,1881,1981,1230
431,18464,18586,261,1875,1979,1245
431,18464,18586,262,1884,1981,1258
431,18464,18586,263,1886,1981,1272
431,18464,18586,264,1882,1980,1289
431,18464,18586,265,1889,1981,1307
431,18464,18586,266,1891,1981,1321
431,18464,18586,267,1884,1980,1322
431,18464,18586,268,1890,1980,1299
431,18464,18586,269,1888,1980,1294
431,18464,18586,270,1880,1980,1270
431,18464,18586,271,1883,1980,1260
431,18464,18586,272,1882,1980,1243
431,18464,18586,273,1876,1981,1234
431,18464,18586,274,1877,1980,1222
431,18464,18586,275,1875,1979,1208
431,18464,18586,276,1872,1981,1190
431,18464,18586,277,1872,1982,1176
431,18464,18586,278,1871,1978,1162
431,18464,18586,279,1866,1981,1147
431,18464,18586,280,1866,1983,1125
431,18464,18586,281,1865,1977,1120
431,18464,18586,282,1863,1981,1107
431,18464,18586,283,1860,1983,1091
431,18464,18586,284,1857,1977,1075
431,18464,18586,285,1857,1981,1062
431,18464,18586,286,1856,1983,1046
431,18464,18586,287,1851,1977,1033
431,18464,18586,288,1853,1981,1021
431,18464,18586,289,1853,1982,1002
431,18464,18586,290,1844,1977,991
431,18464,18586,291,1848,1981,977
431,18464,18586,292,1847,1982,964
431,18464,18586,293,1840,1977,949
431,18464,18586,294,1843,1981,932
431,18464,18586,295,1843,1981,921
431,18464,18586,296,1833,1977,905
431,18464,18586,297,1837,1981,894
431,18464,18586,298,1836,1980,877
431,18464,18586,299,1828,1977,866
431,18464,18586,300,1834,1980,849
431,18464,18586,301,1831,1980,834
431,18464,18586,302,1823,1977,821
431,18464,18586,303,1828,1979,807
431,18464,18586,304,1827,1980,793
431,18464,18586,305,1817,1977,778
431,18464,18586,306,1823,1979,766
431,18464,18586,307,1821,1979,749
431,18464,18586,308,1813,1978,735
431,18464,18586,309,1817,1978,719
431,18464,18586,310,1816,1979,709
431,18464,18586,311,1809,1978,697
431,18464,18586,312,1812,1978,679
431,18464,18586,313,1812,1978,667
431,18464,18586,314,1805,1978,653
431,18464,18586,315,1806,1977,634
431,18464,18586,316,1807,1977,627
431,18464,18586,317,1801,1978,598
431,18464,18586,318,1801,1978,593
431,18464,18586,319,1800,1976,580
431,18464,18586,320,1796,1978,565
431,18464,18586,321,1797,1979,549
431,18464,18586,322,1794,1974,538
431,18464,18586,323,1793,1978,522
431,18464,18586,324,1791,1979,508
431,18464,18586,325,1790,1974,495
431,18464,18586,326,1788,1978,485
431,18464,18586,327,1786,1979,464
431,18464,18586,328,1784,1973,452
431,18464,18586,329,1783,1977,441
431,18464,18586,330,1783,1978,423
431,18464,18586,331,1778,1972,412
431,18464,18586,332,1781,1977,395
431,18464,18586,333,1779,1978,383
431,18464,18586,334,1772,1972,367
431,18464,18586,335,1775,1976,353
431,18464,18586,336,1772,1977,340
431,18464,18586,337,1766,1972,321
431,18464,18586,338,1771,1976,315
431,18464,18586,339,1770,1976,296
431,18464,18586,340,1762,1972,281
431,18464,18586,341,1767,1976,271
431,18464,18586,342,1765,1975,254
431,18464,18586,343,1757,1972,239
431,18464,18586,344,1762,1974,223
431,18464,18586,345,1760,1974,211
431,18464,18586,346,1752,1972,198
431,18464,18586,347,1756,1974,183
431,18464,18586,348,1760,1975,229
431,18464,18586,349,1761,1973,276
431,18464,18586,350,1776,1976,365
431,18464,18586,351,1785,1977,472
431,18464,18586,352,1791,1976,573
431,18464,18586,353,1810,1978,669
431,18464,18586,354,1825,1980,815
431,18464,18586,355,1834,1980,928
433,18648,18769,0,2017,2033,1352
433,18648,18769,1,1894,1983,1419
433,18648,18769,2,1912,1983,1508
433,18648,18769,3,1921,1979,1584
433,18648,18769,4,1939,1983,1687
433,18648,18769,5,1947,1984,1792
433,18648,18769,6,1959,1980,1886
433,18648,18769,7,1976,1984,1990
433,18648,18769,8,1989,1986,2105
433,18648,18769,9,2005,1980,2231
433,18648,18769,10,2022,1985,2337
433,18648,18769,11,2039,1987,2480
433,18648,18769,12,2056,1981,2603
433,18648,18769,13,2078,1986,2745
433,18648,18769,14,2097,1987,2887
433,18648,18769,15,2111,1982,3007
433,18648,18769,16,2133,1987,3158
433,18648,18769,17,2156,1987,3297
433,18648,18769,18,2165,1983,3424
433,18648,18769,19,2189,1987,3491
433,18648,18769,20,2186,1986,3477
433,18648,18769,21,2178,1982,3470
433,18648,18769,22,2186,1986,3471
433,18648,18769,23,2187,1986,3473
433,18648,18769,24,2177,1982,3466
433,18648,18769,25,2182,1986,3445
433,18648,18769,26,2181,1986,3433
433,18648,18769,27,2171,1983,3421
433,18648,18769,28,2177,1986,3401
433,18648,18769,29,2178,1986,3393
433,18648,18769,30,2165,1984,3374
433,18648,18769,31,2170,1985,3366
433,18648,18769,32,2169,1986,3350
433,18648,18769,33,2160,1984,3335
433,18648,18769,34,2165,1985,3321
433,18648,18769,35,2163,1985,3306
433,18648,18769,36,2154,1985,3288
433,18648,18769,37,2159,1985,3275
433,18648,18769,38,2156,1985,3261
433,18648,18769,39,2149,1985,3239
433,18648,18769,40,2152,1985,3234
433,18648,18769,41,2149,1985,3222
433,18648,18769,42,2145,1985,3207
433,18648,18769,43,2145,1985,3188
433,18648,18769,44,2143,1983,3177
433,18648,18769,45,2140,1986,3165
433,18648,18769,46,2140,1986,3138
433,18648,18769,47,2137,1983,3139
433,18648,18769,48,2134,1985,3121
433,18648,18769,49,2133,1987,3108
433,18648,18769,50,2132,1982,3090
433,18648,18769,51,2129,1986,3080
433,18648,18769,52,2128,1987,3049
433,18648,18769,53,2123,1981,3047
433,18648,18769,54,2123,1985,3034
433,18648,18769,55,2122,1986,3019
433,18648,18769,56,2116,1981,3007
433,18648,18769,57,2119,1986,2993
433,18648,18769,58,2117,1986,2976
433,18648,18769,59,2110,1981,2967
433,18648,18769,60,2114,1986,2947
433,18648,18769,61,2112,1986,2936
433,18648,18769,62,2102,1981,2920
433,18648,18769,63,2107,1986,2907
433,18648,18769,64,2106,1985,2900
433,18648,18769,65,2096,1981,2876
433,18648,18769,66,2102,1985,2865
433,18648,18769,67,2099,1985,2849
433,18648,18769,68,2090,1982,2841
433,18648,18769,69,2096,1985,2820
433,18648,18769,70,2094,1985,2808
433,18648,18769,71,2085,1981,2791
433,18648,18769,72,2091,1984,2777
433,18648,18769,73,2088,1985,2764
433,18648,18769,74,2079,1983,2750
433,18648,18769,75,2084,1984,2736
433,18648,18769,76,2083,1984,2722
433,18648,18769,77,2074,1983,2707
433,18648,18769,78,2078,1983,2693
433,18648,18769,79,2077,1984,2681
433,18648,18769,80,2068,1984,2665
433,18648,18769,81,2072,1984,2681
433,18648,18769,82,2070,1984,2640
433,18648,18769,83,2063,1984,2621
433,18648,18769,84,2068,1984,2611
433,18648,18769,85,2065,1983,2597
433,18648,18769,86,2059,1984,2581
433,18648,18769,87,2061,1984,2565
433,18648,18769,88,2059,1982,2555
433,18648,18769,89,2055,1984,2548
433,18648,18769,90,2057,1985,2567
433,18648,18769,91,2060,1981,2584
433,18648,18769,92,2063,1985,2603
433,18648,18769,93,2064,1986,2609
433,18648,18769,94,2066,1981,2624
433,18648,18769,95,2069,1985,2638
433,18648,18769,96,2070,1987,2650
433,18648,18769,97,2071,1981,2666
433,18648,18769,98,2074,1986,2681
433,18648,18769,99,2076,1986,2695
433,18648,18769,100,2075,1981,2712
433,18648,18769,101,2081,1985,2720
433,18648,18769,102,2084,1986,2737
433,18648,18769,103,2081,1981,2751
433,18648,18769,104,2089,1986,2766
433,18648,18769,105,2091,1986,2778
433,18648,18769,106,2085,1981,2792
433,18648,18769,107,2094,1986,2811
433,18648,18769,108,2097,1986,2821
433,18648,18769,109,2091,1981,2835
433,18648,18769,110,2100,1985,2853
433,18648,18769,111,2101,1986,2866
433,18648,18769,112,2097,1982,2879
433,18648,18769,113,2106,1985,2896
433,18648,18769,114,2109,1986,2911
433,18648,18769,115,2102,1982,2920
433,18648,18769,116,2112,1985,2936
433,18648,18769,117,2113,1985,2950
433,18648,18769,118,2108,1983,2957
433,18648,18769,119,2117,1985,2983
433,18648,18769,120,2119,1985,2994
433,18648,18769,121,2114,1984,3004
433,18648,18769,122,2122,1984,3022
433,18648,18769,123,2125,1985,3036
433,18648,18769,124,2122,1985,3050
433,18648,18769,125,2128,1985,3063
433,18648,18769,126,2131,1985,3081
433,18648,18769,127,2128,1985,3092
433,18648,18769,128,2135,1985,3108
433,18648,18769,129,2136,1984,3124
433,18648,18769,130,2136,1985,3136
433,18648,18769,131,2140,1986,3149
433,18648,18769,132,2141,1983,3164
433,18648,18769,133,2141,1986,3178
433,18648,18769,134,2145,1987,3192
433,18648,18769,135,2146,1983,3208
433,18648,18769,136,2148,1986,3220
433,18648,18769,137,2151,1987,3234
433,18648,18769,138,2152,1982,3250
433,18648,18769,139,2155,1987,3259
433,18648,18769,140,2157,1988,3277
433,18648,18769,141,2157,1982,3293
433,18648,18769,142,2160,1986,3308
433,18648,18769,143,2164,1987,3318
433,18648,18769,144,2162,1982,3337
433,18648,18769,145,2168,1986,3340
433,18648,18769,146,2172,1988,3364
433,18648,18769,147,2164,1982,3377
433,18648,18769,148,2173,1987,3396
433,18648,18769,149,2176,1988,3402
433,18648,18769,150,2171,1983,3419
433,18648,18769,151,2181,1987,3438
433,18648,18769,152,2183,1987,3448
433,18648,18769,153,2177,1983,3460
433,18648,18769,154,2186,1987,3475
433,18648,18769,155,2186,1987,3472
433,18648,18769,156,2178,1983,3469
433,18648,18769,157,2188,1986,3478
433,18648,18769,158,2189,1987,3501
433,18648,18769,159,2184,1984,3510
433,18648,18769,160,2192,1986,3514
433,18648,18769,161,2193,1986,3519
433,18648,18769,162,2184,1984,3488
433,18648,18769,163,2178,1985,3395
433,18648,18769,164,2169,1985,3306
433,18648,18769,165,2144,1983,3195
433,18648,18769,166,2133,1983,3026
433,18648,18769,167,2113,1983,2880
433,18648,18769,168,2084,1982,2717
433,18648,18769,169,2068,1982,2580
433,18648,18769,170,2049,1982,2436
433,18648,18769,171,2026,1982,2297
433,18648,18769,172,2008,1982,2170
433,18648,18769,173,1995,1981,2023
433,18648,18769,174,1971,1982,1884
433,18648,18769,175,1955,1982,1774
433,18648,18769,176,1941,1979,1611
433,18648,18769,177,1918,1981,1520
433,18648,18769,178,1911,1982,1475
433,18648,18769,179,1899,1978,1358
433,18648,18769,180,1883,1981,1237
433,18648,18769,181,1870,1981,1132
433,18648,18769,182,1853,1976,978
433,18648,18769,183,1835,1980,847
433,18648,18769,184,1822,1980,724
433,18648,18769,185,1803,1974,580
433,18648,18769,186,1789,1977,437
433,18648,18769,187,1774,1977,303
433,18648,18769,188,1756,1970,211
433,18648,18769,189,1761,1976,224
433,18648,18769,190,1764,1976,234
433,18648,18769,191,1759,1972,251
433,18648,18769,192,1766,1976,270
433,18648,18769,193,1770,1977,282
433,18648,18769,194,1762,1972,297
433,18648,18769,195,1769,1976,307
433,18648,18769,196,1774,1977,326
433,18648,18769,197,1767,1973,336
433,18648,18769,198,1776,1976,353
433,18648,18769,199,1778,1977,366
433,18648,18769,200,1772,1973,381
433,18648,18769,201,1780,1977,395
433,18648,18769,202,1783,1977,405
433,18648,18769,203,1777,1975,423
433,18648,18769,204,1785,1977,437
433,18648,18769,205,1787,1978,453
433,18648,18769,206,1782,1976,464
433,18648,18769,207,1790,1977,479
433,18648,18769,208,1792,1977,493
433,18648,18769,209,1788,1977,507
433,18648,18769,210,1796,1977,523
433,18648,18769,211,1796,1977,539
433,18648,18769,212,1793,1977,550
433,18648,18769,213,1800,1978,564
433,18648,18769,214,1801,1978,579
433,18648,18769,215,1798,1978,590
433,18648,18769,216,1803,1977,605
433,18648,18769,217,1806,1977,623
433,18648,18769,218,1804,1978,634
433,18648,18769,219,1808,1978,648
433,18648,18769,220,1811,1976,667
433,18648,18769,221,1810,1979,678
433,18648,18769,222,1812,1980,690
433,18648,18769,223,1816,1976,707
433,18648,18769,224,1815,1979,720
433,18648,18769,225,1817,1981,734
433,18648,18769,226,1818,1975,750
433,18648,18769,227,1822,1980,766
433,18648,18769,228,1823,1981,779
433,18648,18769,229,1822,1976,793
433,18648,18769,230,1827,1980,806
433,18648,18769,231,1829,1981,823
433,18648,18769,232,1826,1976,837
433,18648,18769,233,1832,1980,851
433,18648,18769,234,1835,1981,863
433,18648,18769,235,1831,1976,883
433,18648,18769,236,1838,1981,892
433,18648,18769,237,1840,1981,908
433,18648,18769,238,1835,1977,921
433,18648,18769,239,1844,1981,936
433,18648,18769,240,1846,1981,948
433,18648,18769,241,1840,1977,962
433,18648,18769,242,1849,1981,975
433,18648,18769,243,1851,1981,991
433,18648,18769,244,1845,1978,1004
433,18648,18769,245,1854,1981,1020
433,18648,18769,246,1855,1981,1034
433,18648,18769,247,1851,1978,1046
433,18648,18769,248,1859,1980,1065
433,18648,18769,249,1861,1981,1073
433,18648,18769,250,1856,1979,1090
433,18648,18769,251,1864,1980,1102
433,18648,18769,252,1866,1981,1118
433,18648,18769,253,1861,1980,1132
433,18648,18769,254,1869,1981,1144
433,18648,18769,255,1871,1981,1163
433,18648,18769,256,1867,1981,1174
433,18648,18769,257,1874,1980,1189
433,18648,18769,258,1876,1980,1205
433,18648,18769,259,1873,1981,1217
433,18648,18769,260,1879,1980,1232
433,18648,18769,261,1880,1979,1248
433,18648,18769,262,1880,1981,1259
433,18648,18769,263,1885,1981,1270
433,18648,18769,264,1886,1978,1288
433,18648,18769,265,1885,1981,1302
433,18648,18769,266,1889,1982,1320
433,18648,18769,267,1889,1978,1321
433,18648,18769,268,1886,1982,1303
433,18648,18769,269,1886,1982,1287
433,18648,18769,270,1883,1977,1275
433,18648,18769,271,1883,1982,1261
433,18648,18769,272,1881,1983,1248
433,18648,18769,273,1877,1977,1231
433,18648,18769,274,1878,1982,1218
433,18648,18769,275,1876,1983,1206
433,18648,18769,276,1869,1977,1187
433,18648,18769,277,1873,1982,1175
433,18648,18769,278,1872,1982,1160
433,18648,18769,279,1863,1977,1145
433,18648,18769,280,1867,1982,1130
433,18648,18769,281,1867,1982,1118
433,18648,18769,282,1857,1977,1104
433,18648,18769,283,1863,1982,1094
433,18648,18769,284,1861,1981,1077
433,18648,18769,285,1852,1977,1061
433,18648,18769,286,1857,1981,1046
433,18648,18769,287,1855,1981,1037
433,18648,18769,288,1847,1978,1015
433,18648,18769,289,1852,1980,1002
433,18648,18769,290,1850,1981,991
433,18648,18769,291,1842,1978,976
433,18648,18769,292,1847,1980,962
433,18648,18769,293,1845,1980,949
433,18648,18769,294,1837,1978,934
433,18648,18769,295,1841,1980,920
433,18648,18769,296,1840,1979,908
433,18648,18769,297,1831,1979,889
433,18648,18769,298,1836,1979,878
433,18648,18769,299,1834,1979,865
433,18648,18769,300,1828,1979,846
433,18648,18769,301,1830,1979,834
433,18648,18769,302,1829,1978,823
433,18648,18769,303,1824,1979,806
433,18648,18769,304,1825,1979,790
433,18648,18769,305,1824,1977,778
433,18648,18769,306,1819,1979,764
433,18648,18769,307,1820,1979,750
433,18648,18769,308,1819,1976,736
433,18648,18769,309,1813,1979,721
433,18648,18769,310,1814,1980,709
433,18648,18769,311,1812,1976,694
433,18648,18769,312,1811,1979,680
433,18648,18769,313,1809,1981,666
433,18648,18769,314,1806,1975,650
433,18648,18769,315,1807,1979,638
433,18648,18769,316,1806,1980,617
433,18648,18769,317,1800,1974,611
433,18648,18769,318,1802,1979,593
433,18648,18769,319,1801,1980,581
433,18648,18769,320,1794,1974,566
433,18648,18769,321,1798,1978,551
433,18648,18769,322,1797,1979,535
433,18648,18769,323,1789,1974,520
433,18648,18769,324,1794,1978,506
433,18648,18769,325,1792,1978,495
433,18648,18769,326,1783,1974,479
433,18648,18769,327,1788,1978,466
433,18648,18769,328,1787,1978,451
433,18648,18769,329,1779,1974,440
433,18648,18769,330,1784,1977,422
433,18648,18769,331,1782,1977,411
433,18648,18769,332,1774,1973,395
433,18648,18769,333,1780,1976,383
433,18648,18769,334,1778,1976,372
433,18648,18769,335,1769,1974,352
433,18648,18769,336,1774,1975,339
433,18648,18769,337,1773,1976,325
433,18648,18769,338,1764,1974,310
433,18648,18769,339,1769,1975,295
433,18648,18769,340,1767,1975,282
433,18648,18769,341,1760,1974,269
433,18648,18769,342,1766,1974,249
433,18648,18769,343,1763,1974,242
433,18648,18769,344,1756,1974,223
433,18648,18769,345,1759,1974,214
433,18648,18769,346,1759,1973,203
433,18648,18769,347,1752,1973,182
433,18648,18769,348,1754,1973,190
433,18648,18769,349,1764,1973,276
433,18648,18769,350,1771,1977,375
433,18648,18769,351,1783,1978,466
433,18648,18769,352,1797,1975,561
433,18648,18769,353,1806,1980,691
433,18648,18769,354,1821,1981,803
433,18648,18769,355,1838,1978,937
435,18825,18947,0,1996,2027,1183
435,18825,18947,1,1876,1984,1246
435,18825,18947,2,1893,1983,1358
435,18825,18947,3,1904,1979,1459
435,18825,18947,4,1919,1984,1593
435,18825,18947,5,1938,1983,1684
435,18825,18947,6,1942,1980,1807
435,18825,18947,7,1967,1983,1898
435,18825,18947,8,1985,1985,2052
435,18825,18947,9,1993,1981,2177
435,18825,18947,10,2019,1984,2322
435,18825,18947,11,2039,1986,2498
435,18825,18947,12,2059,1984,2669
435,18825,18947,13,2089,1985,2824
435,18825,18947,14,2108,1985,2981
435,18825,18947,15,2126,1985,3126
435,18825,18947,16,2149,1986,3273
435,18825,18947,17,2170,1986,3407
435,18825,18947,18,2181,1985,3502
435,18825,18947,19,2190,1984,3503
435,18825,18947,20,2190,1985,3478
435,18825,18947,21,2180,1985,3470
435,18825,18947,22,2185,1985,3471
435,18825,18947,23,2186,1985,3475
435,18825,18947,24,2180,1986,3460
435,18825,18947,25,2180,1985,3444
435,18825,18947,26,2180,1985,3433
435,18825,18947,27,2174,1986,3418
435,18825,18947,28,2174,1986,3404
435,18825,18947,29,2173,1983,3392
435,18825,18947,30,2169,1986,3376
435,18825,18947,31,2168,1987,3360
435,18825,18947,32,2167,1983,3352
435,18825,18947,33,2164,1986,3332
435,18825,18947,34,2162,1987,3318
435,18825,18947,35,2160,1982,3301
435,18825,18947,36,2158,1986,3293
435,18825,18947,37,2157,1987,3277
435,18825,18947,38,2152,1981,3258
435,18825,18947,39,2154,1986,3250
435,18825,18947,40,2152,1987,3235
435,18825,18947,41,2146,1982,3218
435,18825,18947,42,2148,1985,3204
435,18825,18947,43,2147,1986,3194
435,18825,18947,44,2139,1981,3176
435,18825,18947,45,2143,1986,3163
435,18825,18947,46,2141,1987,3149
435,18825,18947,47,2132,1982,3135
435,18825,18947,48,2137,1986,3118
435,18825,18947,49,2136,1986,3110
435,18825,18947,50,2127,1982,3092
435,18825,18947,51,2131,1985,3078
435,18825,18947,52,2130,1986,3064
435,18825,18947,53,2120,1982,3049
435,18825,18947,54,2125,1985,3036
435,18825,18947,55,2123,1985,3024
435,18825,18947,56,2114,1983,3005
435,18825,18947,57,2120,1984,2992
435,18825,18947,58,2118,1985,2981
435,18825,18947,59,2109,1983,2966
435,18825,18947,60,2114,1984,2950
435,18825,18947,61,2112,1985,2937
435,18825,18947,62,2104,1984,2924
435,18825,18947,63,2109,1984,2905
435,18825,18947,64,2105,1984,2898
435,18825,18947,65,2098,1984,2879
435,18825,18947,66,2100,1984,2867
435,18825,18947,67,2099,1984,2851
435,18825,18947,68,2092,1984,2837
435,18825,18947,69,2094,1984,2822
435,18825,18947,70,2093,1983,2809
435,18825,18947,71,2088,1985,2793
435,18825,18947,72,2088,1985,2777
435,18825,18947,73,2086,1982,2766
435,18825,18947,74,2083,1984,2750
435,18825,18947,75,2082,1985,2737
435,18825,18947,76,2081,1981,2723
435,18825,18947,77,2078,1985,2710
435,18825,18947,78,2076,1986,2696
435,18825,18947,79,2074,1981,2682
435,18825,18947,80,2072,1985,2666
435,18825,18947,81,2072,1986,2651
435,18825,18947,82,2067,1981,2638
435,18825,18947,83,2067,1984,2622
435,18825,18947,84,2066,1986,2609
435,18825,18947,85,2059,1980,2598
435,18825,18947,86,2062,1985,2584
435,18825,18947,87,2061,1985,2565
435,18825,18947,88,2052,1980,2553
435,18825,18947,89,2058,1985,2560
435,18825,18947,90,2061,1985,2560
435,18825,18947,91,2057,1981,2581
435,18825,18947,92,2065,1985,2600
435,18825,18947,93,2066,1985,2605
435,18825,18947,94,2061,1981,2622
435,18825,18947,95,2071,1985,2634
435,18825,18947,96,2072,1985,2654
435,18825,18947,97,2068,1982,2666
435,18825,18947,98,2076,1984,2677
435,18825,18947,99,2078,1985,2699
435,18825,18947,100,2073,1983,2708
435,18825,18947,101,2082,1984,2719
435,18825,18947,102,2085,1985,2738
435,18825,18947,103,2079,1983,2750
435,18825,18947,104,2087,1984,2765
435,18825,18947,105,2090,1985,2779
435,18825,18947,106,2085,1984,2792
435,18825,18947,107,2093,1984,2807
435,18825,18947,108,2095,1984,2822
435,18825,18947,109,2093,1984,2836
435,18825,18947,110,2099,1984,2849
435,18825,18947,111,2101,1984,2865
435,18825,18947,112,2099,1985,2884
435,18825,18947,113,2104,1984,2892
435,18825,18947,114,2106,1983,2908
435,18825,18947,115,2106,1985,2934
435,18825,18947,116,2109,1985,2934
435,18825,18947,117,2111,1982,2952
435,18825,18947,118,2112,1985,2963
435,18825,18947,119,2114,1986,2982
435,18825,18947,120,2117,1981,2990
435,18825,18947,121,2119,1985,3009
435,18825,18947,122,2120,1987,3020
435,18825,18947,123,2122,1981,3031
435,18825,18947,124,2125,1986,3048
435,18825,18947,125,2127,1987,3062
435,18825,18947,126,2127,1981,3077
435,18825,18947,127,2131,1986,3094
435,18825,18947,128,2135,1987,3105
435,18825,18947,129,2131,1981,3110
435,18825,18947,130,2140,1986,3136
435,18825,18947,131,2141,1987,3151
435,18825,18947,132,2136,1982,3163
435,18825,18947,133,2144,1986,3178
435,18825,18947,134,2146,1986,3187
435,18825,18947,135,2138,1982,3203
435,18825,18947,136,2150,1986,3219
435,18825,18947,137,2154,1986,3234
435,18825,18947,138,2147,1982,3250
435,18825,18947,139,2157,1986,3259
435,18825,18947,140,2159,1986,3279
435,18825,18947,141,2153,1983,3287
435,18825,18947,142,2164,1985,3301
435,18825,18947,143,2164,1986,3317
435,18825,18947,144,2160,1984,3335
435,18825,18947,145,2168,1985,3346
435,18825,18947,146,2170,1986,3361
435,18825,18947,147,2166,1985,3376
435,18825,18947,148,2174,1985,3390
435,18825,18947,149,2176,1986,3403
435,18825,18947,150,2172,1985,3418
435,18825,18947,151,2181,1985,3427
435,18825,18947,152,2181,1985,3446
435,18825,18947,153,2179,1985,3462
435,18825,18947,154,2185,1985,3474
435,18825,18947,155,2185,1985,3471
435,18825,18947,156,2181,1985,3470
435,18825,18947,157,2186,1986,3478
435,18825,18947,158,2188,1984,3497
435,18825,18947,159,2188,1986,3508
435,18825,18947,160,2189,1987,3513
435,18825,18947,161,2192,1984,3522
435,18825,18947,162,2190,1987,3522
435,18825,18947,163,2189,1988,3504
435,18825,18947,164,2179,1981,3383
435,18825,18947,165,2160,1985,3308
435,18825,18947,166,2149,1986,3168
435,18825,18947,167,2129,1981,3048
435,18825,18947,168,2112,1984,2894
435,18825,18947,169,2090,1985,2740
435,18825,18947,170,2068,1979,2593
435,18825,18947,171,2052,1983,2456
435,18825,18947,172,2030,1984,2315
435,18825,18947,173,2008,1978,2163
435,18825,18947,174,1994,1983,2026
435,18825,18947,175,1974,1983,1897
435,18825,18947,176,1952,1977,1742
435,18825,18947,177,1937,1981,1603
435,18825,18947,178,1924,1982,1536
435,18825,18947,179,1902,1977,1398
435,18825,18947,180,1891,1981,1263
435,18825,18947,181,1876,1981,1137
435,18825,18947,182,1845,1975,949
435,18825,18947,183,1834,1978,784
435,18825,18947,184,1815,1978,644
435,18825,18947,185,1792,1974,476
435,18825,18947,186,1780,1974,331
435,18825,18947,187,1764,1974,198
435,18825,18947,188,1753,1972,212
435,18825,18947,189,1762,1974,226
435,18825,18947,190,1763,1975,242
435,18825,18947,191,1758,1974,250
435,18825,18947,192,1765,1974,263
435,18825,18947,193,1767,1975,282
435,18825,18947,194,1764,1975,295
435,18825,18947,195,1770,1975,309
435,18825,18947,196,1772,1976,326
435,18825,18947,197,1769,1975,337
435,18825,18947,198,1775,1975,352
435,18825,18947,199,1777,1975,368
435,18825,18947,200,1775,1976,378
435,18825,18947,201,1779,1976,395
435,18825,18947,202,1781,1975,411
435,18825,18947,203,1781,1977,420
435,18825,18947,204,1782,1978,437
435,18825,18947,205,1785,1974,450
435,18825,18947,206,1786,1978,466
435,18825,18947,207,1788,1979,480
435,18825,18947,208,1790,1974,495
435,18825,18947,209,1793,1978,508
435,18825,18947,210,1792,1980,521
435,18825,18947,211,1793,1974,536
435,18825,18947,212,1797,1979,550
435,18825,18947,213,1799,1979,561
435,18825,18947,214,1796,1974,577
435,18825,18947,215,1802,1979,597
435,18825,18947,216,1804,1980,605
435,18825,18947,217,1800,1975,622
435,18825,18947,218,1809,1979,634
435,18825,18947,219,1810,1980,651
435,18825,18947,220,1805,1975,663
435,18825,18947,221,1813,1979,678
435,18825,18947,222,1815,1979,692
435,18825,18947,223,1809,1975,705
435,18825,18947,224,1818,1979,722
435,18825,18947,225,1820,1980,735
435,18825,18947,226,1814,1976,748
435,18825,18947,227,1824,1979,762
435,18825,18947,228,1825,1980,778
435,18825,18947,229,1820,1977,790
435,18825,18947,230,1828,1979,808
435,18825,18947,231,1829,1980,821
435,18825,18947,232,1824,1978,833
435,18825,18947,233,1833,1979,848
435,18825,18947,234,1835,1980,863
435,18825,18947,235,1829,1978,877
435,18825,18947,236,1838,1978,890
435,18825,18947,237,1839,1980,905
435,18825,18947,238,1836,1979,920
435,18825,18947,239,1842,1980,937
435,18825,18947,240,1845,1979,948
435,18825,18947,241,1842,1980,961
435,18825,18947,242,1849,1980,975
435,18825,18947,243,1850,1979,992
435,18825,18947,244,1847,1980,1008
435,18825,18947,245,1852,1980,1019
435,18825,18947,246,1854,1978,1033
435,18825,18947,247,1854,1981,1049
435,18825,18947,248,1857,1982,1060
435,18825,18947,249,1859,1977,1076
435,18825,18947,250,1860,1981,1090
435,18825,18947,251,1862,1982,1104
435,18825,18947,252,1863,1977,1119
435,18825,18947,253,1866,1982,1126
435,18825,18947,254,1868,1983,1147
435,18825,18947,255,1868,1977,1160
435,18825,18947,256,1872,1982,1187
435,18825,18947,257,1873,1983,1188
435,18825,18947,258,1872,1977,1203
435,18825,18947,259,1878,1982,1216
435,18825,18947,260,1880,1983,1233
435,18825,18947,261,1877,1977,1245
435,18825,18947,262,1883,1982,1257
435,18825,18947,263,1886,1983,1276
435,18825,18947,264,1881,1978,1290
435,18825,18947,265,1889,1982,1298
435,18825,18947,266,1892,1983,1324
435,18825,18947,267,1884,1978,1313
435,18825,18947,268,1889,1982,1302
435,18825,18947,269,1888,1982,1286
435,18825,18947,270,1879,1978,1273
435,18825,18947,271,1883,1981,1260
435,18825,18947,272,1882,1981,1245
435,18825,18947,273,1874,1979,1232
435,18825,18947,274,1880,1980,1219
435,18825,18947,275,1877,1981,1205
435,18825,18947,276,1869,1979,1187
435,18825,18947,277,1874,1980,1174
435,18825,18947,278,1873,1981,1160
435,18825,18947,279,1862,1979,1151
435,18825,18947,280,1867,1980,1129
435,18825,18947,281,1865,1980,1119
435,18825,18947,282,1859,1980,1107
435,18825,18947,283,1862,1980,1090
435,18825,18947,284,1860,1980,1079
435,18825,18947,285,1855,1980,1060
435,18825,18947,286,1857,1979,1048
435,18825,18947,287,1854,1979,1036
435,18825,18947,288,1851,1981,1014
435,18825,18947,289,1850,1980,1007
435,18825,18947,290,1850,1978,991
435,18825,18947,291,1845,1980,977
435,18825,18947,292,1844,1981,961
435,18825,18947,293,1843,1977,951
435,18825,18947,294,1841,1980,936
435,18825,18947,295,1840,1981,918
435,18825,18947,296,1838,1976,909
435,18825,18947,297,1836,1980,891
435,18825,18947,298,1834,1981,876
435,18825,18947,299,1831,1976,865
435,18825,18947,300,1831,1980,846
435,18825,18947,301,1831,1981,832
435,18825,18947,302,1825,1975,823
435,18825,18947,303,1827,1981,808
435,18825,18947,304,1827,1981,790
435,18825,18947,305,1818,1976,779
435,18825,18947,306,1823,1980,763
435,18825,18947,307,1821,1980,749
435,18825,18947,308,1813,1975,734
435,18825,18947,309,1818,1979,720
435,18825,18947,310,1817,1979,708
435,18825,18947,311,1807,1976,691
435,18825,18947,312,1813,1979,679
435,18825,18947,313,1812,1979,663
435,18825,18947,314,1802,1975,653
435,18825,18947,315,1808,1979,635
435,18825,18947,316,1806,1979,621
435,18825,18947,317,1795,1976,606
435,18825,18947,318,1804,1978,596
435,18825,18947,319,1802,1978,579
435,18825,18947,320,1794,1976,563
435,18825,18947,321,1798,1977,549
435,18825,18947,322,1797,1977,538
435,18825,18947,323,1789,1977,525
435,18825,18947,324,1793,1976,506
435,18825,18947,325,1792,1977,493
435,18825,18947,326,1785,1977,478
435,18825,18947,327,1789,1976,465
435,18825,18947,328,1786,1975,454
435,18825,18947,329,1781,1976,437
435,18825,18947,330,1782,1975,424
435,18825,18947,331,1781,1974,411
435,18825,18947,332,1776,1976,393
435,18825,18947,333,1778,1976,378
435,18825,18947,334,1776,1973,366
435,18825,18947,335,1773,1976,353
435,18825,18947,336,1772,1977,336
435,18825,18947,337,1771,1972,327
435,18825,18947,338,1769,1975,307
435,18825,18947,339,1767,1977,292
435,18825,18947,340,1766,1971,284
435,18825,18947,341,1765,1976,271
435,18825,18947,342,1763,1977,253
435,18825,18947,343,1759,1971,239
435,18825,18947,344,1761,1975,226
435,18825,18947,345,1759,1976,208
435,18825,18947,346,1753,1970,194
435,18825,18947,347,1756,1974,183
435,18825,18947,348,1757,1975,181
435,18825,18947,349,1760,1973,295
435,18825,18947,350,1774,1977,357
435,18825,18947,351,1785,1979,470
435,18825,18947,352,1796,1976,616
435,18825,18947,353,1817,1980,752
435,18825,18947,354,1833,1982,902
435,18825,18947,355,1845,1978,1036
437,19001,19123,0,2013,2029,1259
437,19001,19123,1,1878,1981,1309
437,19001,19123,2,1902,1982,1393
437,19001,19123,3,1911,1982,1466
437,19001,19123,4,1914,1982,1600
437,19001,19123,5,1937,1982,1672
437,19001,19123,6,1954,1984,1814
437,19001,19123,7,1964,1983,1950
437,19001,19123,8,1984,1983,2067
437,19001,19123,9,2002,1984,2174
437,19001,19123,10,2010,1983,2254
437,19001,19123,11,2029,1983,2387
437,19001,19123,12,2046,1984,2497
437,19001,19123,13,2058,1984,2620
437,19001,19123,14,2077,1985,2757
437,19001,19123,15,2099,1984,2890
437,19001,19123,16,2114,1986,3032
437,19001,19123,17,2134,1987,3183
437,19001,19123,18,2158,1983,3329
437,19001,19123,19,2177,1987,3455
437,19001,19123,20,2186,1987,3478
437,19001,19123,21,2184,1982,3477
437,19001,19123,22,2184,1986,3470
437,19001,19123,23,2184,1988,3473
437,19001,19123,24,2181,1982,3466
437,19001,19123,25,2181,1986,3444
437,19001,19123,26,2180,1988,3433
437,19001,19123,27,2174,1982,3418
437,19001,19123,28,2176,1986,3401
437,19001,19123,29,2173,1987,3391
437,19001,19123,30,2167,1982,3375
437,19001,19123,31,2170,1986,3362
437,19001,19123,32,2169,1987,3348
437,19001,19123,33,2160,1983,3331
437,19001,19123,34,2165,1986,3320
437,19001,19123,35,2163,1987,3307
437,19001,19123,36,2155,1982,3292
437,19001,19123,37,2159,1986,3275
437,19001,19123,38,2157,1986,3262
437,19001,19123,39,2148,1982,3245
437,19001,19123,40,2152,1985,3232
437,19001,19123,41,2152,1986,3224
437,19001,19123,42,2142,1983,3204
437,19001,19123,43,2146,1985,3191
437,19001,19123,44,2145,1985,3179
437,19001,19123,45,2136,1984,3164
437,19001,19123,46,2140,1985,3146
437,19001,19123,47,2139,1985,3136
437,19001,19123,48,2129,1984,3117
437,19001,19123,49,2136,1985,3103
437,19001,19123,50,2133,1985,3095
437,19001,19123,51,2125,1985,3076
437,19001,19123,52,2129,1984,3060
437,19001,19123,53,2127,1984,3051
437,19001,19123,54,2120,1985,3036
437,19001,19123,55,2126,1984,3020
437,19001,19123,56,2121,1984,3007
437,19001,19123,57,2115,1985,2995
437,19001,19123,58,2117,1984,2977
437,19001,19123,59,2114,1982,2964
437,19001,19123,60,2110,1985,2948
437,19001,19123,61,2109,1985,2933
437,19001,19123,62,2108,1981,2922
437,19001,19123,63,2104,1985,2908
437,19001,19123,64,2103,1986,2891
437,19001,19123,65,2102,1981,2881
437,19001,19123,66,2099,1985,2868
437,19001,19123,67,2098,1987,2853
437,19001,19123,68,2094,1981,2839
437,19001,19123,69,2095,1985,2824
437,19001,19123,70,2092,1986,2807
437,19001,19123,71,2087,1981,2794
437,19001,19123,72,2089,1985,2781
437,19001,19123,73,2088,1986,2767
437,19001,19123,74,2080,1980,2751
437,19001,19123,75,2084,1985,2738
437,19001,19123,76,2083,1985,2723
437,19001,19123,77,2073,1981,2710
437,19001,19123,78,2077,1985,2694
437,19001,19123,79,2076,1985,2681
437,19001,19123,80,2067,1981,2662
437,19001,19123,81,2072,1985,2649
437,19001,19123,82,2071,1985,2640
437,19001,19123,83,2063,1981,2623
437,19001,19123,84,2067,1985,2621
437,19001,19123,85,2067,1985,2590
437,19001,19123,86,2056,1981,2581
437,19001,19123,87,2061,1984,2564
437,19001,19123,88,2058,1984,2554
437,19001,19123,89,2052,1982,2553
437,19001,19123,90,2060,1984,2567
437,19001,19123,91,2063,1984,2582
437,19001,19123,92,2059,1983,2595
437,19001,19123,93,2065,1983,2608
437,19001,19123,94,2068,1984,2622
437,19001,19123,95,2064,1984,2638
437,19001,19123,96,2073,1983,2652
437,19001,19123,97,2074,1984,2667
437,19001,19123,98,2071,1984,2682
437,19001,19123,99,2077,1984,2693
437,19001,19123,100,2080,1983,2709
437,19001,19123,101,2077,1984,2724
437,19001,19123,102,2082,1985,2753
437,19001,19123,103,2084,1982,2751
437,19001,19123,104,2085,1985,2765
437,19001,19123,105,2088,1986,2777
437,19001,19123,106,2090,1981,2796
437,19001,19123,107,2091,1985,2811
437,19001,19123,108,2093,1986,2822
437,19001,19123,109,2097,1981,2837
437,19001,19123,110,2098,1986,2849
437,19001,19123,111,2099,1986,2862
437,19001,19123,112,2099,1981,2878
437,19001,19123,113,2104,1986,2889
437,19001,19123,114,2107,1986,2907
437,19001,19123,115,2104,1981,2921
437,19001,19123,116,2110,1986,2936
437,19001,19123,117,2114,1987,2952
437,19001,19123,118,2109,1981,2965
437,19001,19123,119,2118,1986,2979
437,19001,19123,120,2121,1986,2991
437,19001,19123,121,2116,1981,3006
437,19001,19123,122,2123,1986,3029
437,19001,19123,123,2125,1986,3040
437,19001,19123,124,2120,1982,3049
437,19001,19123,125,2128,1985,3068
437,19001,19123,126,2130,1986,3080
437,19001,19123,127,2126,1983,3095
437,19001,19123,128,2135,1986,3107
437,19001,19123,129,2137,1986,3121
437,19001,19123,130,2131,1983,3132
437,19001,19123,131,2141,1986,3149
437,19001,19123,132,2143,1986,3165
437,19001,19123,133,2138,1984,3175
437,19001,19123,134,2147,1985,3192
437,19001,19123,135,2150,1986,3206
437,19001,19123,136,2145,1985,3222
437,19001,19123,137,2153,1985,3236
437,19001,19123,138,2154,1985,3248
437,19001,19123,139,2151,1985,3263
437,19001,19123,140,2157,1985,3277
437,19001,19123,141,2159,1985,3293
437,19001,19123,142,2157,1985,3304
437,19001,19123,143,2163,1985,3318
437,19001,19123,144,2165,1984,3331
437,19001,19123,145,2165,1985,3346
437,19001,19123,146,2168,1986,3362
437,19001,19123,147,2171,1983,3376
437,19001,19123,148,2171,1986,3393
437,19001,19123,149,2174,1987,3402
437,19001,19123,150,2176,1982,3417
437,19001,19123,151,2178,1986,3431
437,19001,19123,152,2180,1987,3446
437,19001,19123,153,2183,1982,3458
437,19001,19123,154,2184,1986,3474
437,19001,19123,155,2184,1988,3472
437,19001,19123,156,2181,1982,3477
437,19001,19123,157,2186,1986,3479
437,19001,19123,158,2189,1988,3495
437,19001,19123,159,2186,1982,3507
437,19001,19123,160,2190,1987,3509
437,19001,19123,161,2190,1987,3462
437,19001,19123,162,2177,1981,3394
437,19001,19123,163,2165,1986,3307
437,19001,19123,164,2153,1986,3196
437,19001,19123,165,2132,1981,3086
437,19001,19123,166,2127,1985,2993
437,19001,19123,167,2111,1985,2890
437,19001,19123,168,2087,1981,2744
437,19001,19123,169,2077,1984,2652
437,19001,19123,170,2064,1984,2526
437,19001,19123,171,2036,1980,2409
437,19001,19123,172,2028,1983,2274
437,19001,19123,173,2009,1983,2145
437,19001,19123,174,1984,1979,2010
437,19001,19123,175,1969,1981,1867
437,19001,19123,176,1954,1981,1728
437,19001,19123,177,1925,1979,1581
437,19001,19123,178,1923,1981,1518
437,19001,19123,179,1906,1980,1391
437,19001,19123,180,1888,1980,1312
437,19001,19123,181,1884,1980,1218
437,19001,19123,182,1869,1980,1097
437,19001,19123,183,1849,1979,982
437,19001,19123,184,1838,1978,854
437,19001,19123,185,1821,1978,711
437,19001,19123,186,1802,1977,573
437,19001,19123,187,1788,1975,430
437,19001,19123,188,1772,1973,279
437,19001,19123,189,1757,1974,221
437,19001,19123,190,1762,1976,237
437,19001,19123,191,1763,1972,253
437,19001,19123,192,1763,1975,261
437,19001,19123,193,1765,1976,283
437,19001,19123,194,1767,1972,300
437,19001,19123,195,1769,1976,311
437,19001,19123,196,1770,1977,331
437,19001,19123,197,1772,1972,335
437,19001,19123,198,1775,1976,354
437,19001,19123,199,1776,1978,375
437,19001,19123,200,1775,1972,380
437,19001,19123,201,1779,1977,394
437,19001,19123,202,1782,1978,409
437,19001,19123,203,1778,1973,425
437,19001,19123,204,1785,1977,437
437,19001,19123,205,1788,1978,453
437,19001,19123,206,1782,1973,465
437,19001,19123,207,1790,1977,476
437,19001,19123,208,1792,1978,492
437,19001,19123,209,1786,1974,509
437,19001,19123,210,1795,1978,522
437,19001,19123,211,1796,1978,536
437,19001,19123,212,1791,1974,548
437,19001,19123,213,1800,1979,564
437,19001,19123,214,1801,1979,580
437,19001,19123,215,1797,1975,591
437,19001,19123,216,1805,1979,609
437,19001,19123,217,1806,1978,619
437,19001,19123,218,1801,1976,633
437,19001,19123,219,1809,1978,650
437,19001,19123,220,1811,1978,666
437,19001,19123,221,1806,1977,676
437,19001,19123,222,1814,1979,693
437,19001,19123,223,1816,1979,707
437,19001,19123,224,1811,1978,718
437,19001,19123,225,1820,1978,740
437,19001,19123,226,1822,1979,750
437,19001,19123,227,1817,1979,768
437,19001,19123,228,1825,1979,777
437,19001,19123,229,1825,1979,795
437,19001,19123,230,1824,1979,803
437,19001,19123,231,1828,1979,822
437,19001,19123,232,1830,1978,834
437,19001,19123,233,1830,1980,853
437,19001,19123,234,1833,1980,863
437,19001,19123,235,1836,1977,879
437,19001,19123,236,1835,1980,892
437,19001,19123,237,1838,1981,904
437,19001,19123,238,1840,1977,923
437,19001,19123,239,1841,1981,937
437,19001,19123,240,1842,1982,946
437,19001,19123,241,1844,1976,965
437,19001,19123,242,1847,1981,973
437,19001,19123,243,1849,1982,992
437,19001,19123,244,1848,1977,1004
437,19001,19123,245,1852,1981,1023
437,19001,19123,246,1855,1982,1031
437,19001,19123,247,1852,1977,1048
437,19001,19123,248,1859,1982,1061
437,19001,19123,249,1860,1982,1075
437,19001,19123,250,1856,1977,1086
437,19001,19123,251,1863,1982,1101
437,19001,19123,252,1866,1982,1119
437,19001,19123,253,1861,1977,1132
437,19001,19123,254,1869,1981,1168
437,19001,19123,255,1871,1982,1161
437,19001,19123,256,1866,1978,1174
437,19001,19123,257,1874,1982,1188
437,19001,19123,258,1877,1982,1208
437,19001,19123,259,1872,1978,1219
437,19001,19123,260,1880,1982,1234
437,19001,19123,261,1882,1982,1248
437,19001,19123,262,1877,1979,1262
437,19001,19123,263,1885,1981,1272
437,19001,19123,264,1887,1981,1290
437,19001,19123,265,1883,1980,1303
437,19001,19123,266,1891,1981,1316
437,19001,19123,267,1891,1981,1320
437,19001,19123,268,1883,1980,1305
437,19001,19123,269,1887,1980,1289
437,19001,19123,270,1886,1981,1276
437,19001,19123,271,1878,1980,1255
437,19001,19123,272,1881,1981,1245
437,19001,19123,273,1880,1981,1234
437,19001,19123,274,1874,1980,1220
437,19001,19123,275,1875,1980,1197
437,19001,19123,276,1873,1979,1190
437,19001,19123,277,1870,1981,1172
437,19001,19123,278,1870,1981,1171
437,19001,19123,279,1868,1978,1147
437,19001,19123,280,1865,1981,1132
437,19001,19123,281,1864,1982,1121
437,19001,19123,282,1863,1977,1103
437,19001,19123,283,1860,1981,1090
437,19001,19123,284,1857,1983,1077
437,19001,19123,285,1855,1977,1061
437,19001,19123,286,1856,1981,1049
437,19001,19123,287,1854,1982,1030
437,19001,19123,288,1850,1976,1019
437,19001,19123,289,1851,1981,1007
437,19001,19123,290,1850,1982,989
437,19001,19123,291,1843,1977,975
437,19001,19123,292,1846,1981,966
437,19001,19123,293,1846,1981,945
437,19001,19123,294,1836,1976,933
437,19001,19123,295,1841,1981,917
437,19001,19123,296,1840,1981,919
437,19001,19123,297,1832,1976,889
437,19001,19123,298,1837,1980,876
437,19001,19123,299,1833,1980,863
437,19001,19123,300,1827,1976,850
437,19001,19123,301,1832,1980,835
437,19001,19123,302,1829,1980,823
437,19001,19123,303,1821,1977,807
437,19001,19123,304,1827,1979,799
437,19001,19123,305,1825,1980,781
437,19001,19123,306,1815,1977,763
437,19001,19123,307,1821,1979,758
437,19001,19123,308,1820,1979,739
437,19001,19123,309,1811,1977,720
437,19001,19123,310,1816,1979,707
437,19001,19123,311,1814,1978,693
437,19001,19123,312,1807,1978,677
437,19001,19123,313,1811,1978,665
437,19001,19123,314,1809,1978,649
437,19001,19123,315,1802,1978,635
437,19001,19123,316,1806,1977,622
437,19001,19123,317,1804,1978,608
437,19001,19123,318,1799,1977,595
437,19001,19123,319,1799,1977,577
437,19001,19123,320,1799,1976,565
437,19001,19123,321,1794,1978,551
437,19001,19123,322,1794,1978,535
437,19001,19123,323,1794,1974,523
437,19001,19123,324,1791,1978,510
437,19001,19123,325,1790,1979,494
437,19001,19123,326,1788,1974,490
437,19001,19123,327,1786,1978,466
437,19001,19123,328,1782,1979,451
437,19001,19123,329,1782,1973,438
437,19001,19123,330,1782,1977,422
437,19001,19123,331,1782,1978,409
437,19001,19123,332,1776,1972,395
437,19001,19123,333,1778,1976,378
437,19001,19123,334,1777,1977,365
437,19001,19123,335,1770,1972,354
437,19001,19123,336,1773,1976,338
437,19001,19123,337,1773,1976,323
437,19001,19123,338,1764,1972,310
437,19001,19123,339,1770,1976,294
437,19001,19123,340,1769,1976,281
437,19001,19123,341,1759,1971,267
437,19001,19123,342,1765,1975,256
437,19001,19123,343,1764,1975,237
437,19001,19123,344,1754,1971,226
437,19001,19123,345,1760,1975,210
437,19001,19123,346,1759,1974,194
437,19001,19123,347,1751,1971,185
437,19001,19123,348,1756,1973,176
437,19001,19123,349,1763,1975,261
437,19001,19123,350,1766,1973,304
437,19001,19123,351,1778,1976,371
437,19001,19123,352,1788,1978,474
437,19001,19123,353,1791,1976,585
437,19001,19123,354,1811,1979,698
437,19001,19123,355,1825,1979,807
439,19177,19299,0,1998,2031,1209
439,19177,19299,1,1878,1979,1271
439,19177,19299,2,1893,1983,1370
439,19177,19299,3,1906,1985,1469
439,19177,19299,4,1915,1979,1567
439,19177,19299,5,1934,1984,1696
439,19177,19299,6,1948,1985,1805
439,19177,19299,7,1963,1980,1969
439,19177,19299,8,1991,1985,2123
439,19177,19299,9,2011,1986,2282
439,19177,19299,10,2028,1981,2415
439,19177,19299,11,2052,1986,2554
439,19177,19299,12,2073,1986,2708
439,19177,19299,13,2087,1982,2850
439,19177,19299,14,2112,1986,2972
439,19177,19299,15,2130,1986,3109
439,19177,19299,16,2142,1983,3235
439,19177,19299,17,2167,1986,3358
439,19177,19299,18,2182,1986,3476
439,19177,19299,19,2182,1983,3500
439,19177,19299,20,2188,1985,3481
439,19177,19299,21,2186,1985,3471
439,19177,19299,22,2179,1984,3472
439,19177,19299,23,2186,1986,3474
439,19177,19299,24,2183,1985,3463
439,19177,19299,25,2176,1985,3448
439,19177,19299,26,2181,1985,3433
439,19177,19299,27,2179,1985,3418
439,19177,19299,28,2171,1985,3403
439,19177,19299,29,2174,1985,3397
439,19177,19299,30,2172,1985,3376
439,19177,19299,31,2166,1985,3362
439,19177,19299,32,2167,1984,3346
439,19177,19299,33,2166,1984,3334
439,19177,19299,34,2160,1986,3321
439,19177,19299,35,2161,1985,3303
439,19177,19299,36,2160,1983,3291
439,19177,19299,37,2155,1986,3278
439,19177,19299,38,2154,1986,3267
439,19177,19299,39,2154,1982,3246
439,19177,19299,40,2150,1986,3240
439,19177,19299,41,2149,1987,3218
439,19177,19299,42,2147,1982,3209
439,19177,19299,43,2145,1986,3190
439,19177,19299,44,2143,1987,3177
439,19177,19299,45,2139,1982,3164
439,19177,19299,46,2140,1986,3148
439,19177,19299,47,2138,1987,3137
439,19177,19299,48,2129,1981,3120
439,19177,19299,49,2134,1986,3105
439,19177,19299,50,2133,1986,3091
439,19177,19299,51,2125,1981,3081
439,19177,19299,52,2128,1986,3065
439,19177,19299,53,2128,1986,3049
439,19177,19299,54,2119,1981,3035
439,19177,19299,55,2123,1985,3017
439,19177,19299,56,2123,1986,3007
439,19177,19299,57,2112,1981,2990
439,19177,19299,58,2118,1985,2978
439,19177,19299,59,2115,1985,2963
439,19177,19299,60,2106,1982,2953
439,19177,19299,61,2112,1985,2931
439,19177,19299,62,2110,1985,2924
439,19177,19299,63,2100,1982,2907
439,19177,19299,64,2105,1985,2894
439,19177,19299,65,2104,1985,2881
439,19177,19299,66,2095,1983,2862
439,19177,19299,67,2100,1984,2850
439,19177,19299,68,2098,1984,2835
439,19177,19299,69,2089,1983,2825
439,19177,19299,70,2093,1984,2806
439,19177,19299,71,2092,1984,2793
439,19177,19299,72,2084,1984,2780
439,19177,19299,73,2087,1984,2765
439,19177,19299,74,2086,1984,2750
439,19177,19299,75,2080,1984,2735
439,19177,19299,76,2080,1984,2721
439,19177,19299,77,2079,1983,2709
439,19177,19299,78,2073,1984,2694
439,19177,19299,79,2075,1984,2677
439,19177,19299,80,2072,1982,2664
439,19177,19299,81,2070,1984,2651
439,19177,19299,82,2069,1985,2634
439,19177,19299,83,2067,1981,2623
439,19177,19299,84,2064,1985,2610
439,19177,19299,85,2064,1985,2593
439,19177,19299,86,2060,1980,2580
439,19177,19299,87,2059,1984,2566
439,19177,19299,88,2058,1986,2551
439,19177,19299,89,2055,1980,2552
439,19177,19299,90,2060,1985,2568
439,19177,19299,91,2062,1986,2579
439,19177,19299,92,2059,1980,2598
439,19177,19299,93,2066,1985,2611
439,19177,19299,94,2070,1986,2624
439,19177,19299,95,2064,1981,2639
439,19177,19299,96,2072,1985,2652
439,19177,19299,97,2073,1986,2667
439,19177,19299,98,2070,1982,2678
439,19177,19299,99,2076,1985,2694
439,19177,19299,100,2080,1985,2709
439,19177,19299,101,2076,1981,2723
439,19177,19299,102,2084,1985,2738
439,19177,19299,103,2087,1985,2748
439,19177,19299,104,2083,1982,2765
439,19177,19299,105,2090,1985,2778
439,19177,19299,106,2092,1985,2794
439,19177,19299,107,2086,1982,2807
439,19177,19299,108,2096,1985,2819
439,19177,19299,109,2099,1985,2837
439,19177,19299,110,2093,1983,2851
439,19177,19299,111,2102,1985,2865
439,19177,19299,112,2104,1985,2883
439,19177,19299,113,2099,1984,2892
439,19177,19299,114,2108,1984,2914
439,19177,19299,115,2110,1985,2924
439,19177,19299,116,2106,1984,2943
439,19177,19299,117,2113,1985,2949
439,19177,19299,118,2115,1984,2972
439,19177,19299,119,2112,1985,2978
439,19177,19299,120,2118,1984,2989
439,19177,19299,121,2121,1984,3005
439,19177,19299,122,2119,1985,3018
439,19177,19299,123,2123,1986,3037
439,19177,19299,124,2126,1982,3051
439,19177,19299,125,2126,1985,3066
439,19177,19299,126,2129,1986,3077
439,19177,19299,127,2130,1982,3083
439,19177,19299,128,2133,1986,3107
439,19177,19299,129,2133,1987,3121
439,19177,19299,130,2137,1981,3134
439,19177,19299,131,2140,1986,3149
439,19177,19299,132,2141,1987,3163
439,19177,19299,133,2141,1982,3173
439,19177,19299,134,2146,1986,3193
439,19177,19299,135,2148,1987,3205
439,19177,19299,136,2146,1982,3222
439,19177,19299,137,2153,1986,3234
439,19177,19299,138,2157,1987,3264
439,19177,19299,139,2151,1982,3262
439,19177,19299,140,2158,1986,3274
439,19177,19299,141,2161,1986,3292
439,19177,19299,142,2156,1982,3304
439,19177,19299,143,2165,1986,3318
439,19177,19299,144,2168,1987,3333
439,19177,19299,145,2162,1982,3347
439,19177,19299,146,2171,1986,3362
439,19177,19299,147,2174,1986,3372
439,19177,19299,148,2168,1983,3387
439,19177,19299,149,2176,1986,3403
439,19177,19299,150,2179,1986,3419
439,19177,19299,151,2173,1984,3432
439,19177,19299,152,2183,1986,3446
439,19177,19299,153,2184,1986,3463
439,19177,19299,154,2179,1984,3475
439,19177,19299,155,2186,1985,3473
439,19177,19299,156,2185,1985,3470
439,19177,19299,157,2181,1985,3483
439,19177,19299,158,2189,1986,3500
439,19177,19299,159,2190,1986,3505
439,19177,19299,160,2186,1985,3510
439,19177,19299,161,2192,1985,3523
439,19177,19299,162,2192,1985,3508
439,19177,19299,163,2186,1985,3443
439,19177,19299,164,2166,1984,3325
439,19177,19299,165,2156,1983,3208
439,19177,19299,166,2133,1984,3088
439,19177,19299,167,2121,1985,2957
439,19177,19299,168,2099,1981,2857
439,19177,19299,169,2083,1983,2698
439,19177,19299,170,2065,1984,2581
439,19177,19299,171,2048,1980,2435
439,19177,19299,172,2028,1982,2291
439,19177,19299,173,2009,1984,2157
439,19177,19299,174,1988,1978,2025
439,19177,19299,175,1973,1982,1877
439,19177,19299,176,1953,1983,1724
439,19177,19299,177,1939,1978,1601
439,19177,19299,178,1919,1982,1488
439,19177,19299,179,1897,1982,1334
439,19177,19299,180,1873,1975,1162
439,19177,19299,181,1861,1980,1028
439,19177,19299,182,1844,1980,892
439,19177,19299,183,1822,1974,755
439,19177,19299,184,1811,1978,603
439,19177,19299,185,1796,1978,492
439,19177,19299,186,1773,1972,353
439,19177,19299,187,1766,1974,217
439,19177,19299,188,1760,1975,209
439,19177,19299,189,1755,1972,223
439,19177,19299,190,1764,1975,238
439,19177,19299,191,1765,1976,248
439,19177,19299,192,1760,1972,267
439,19177,19299,193,1767,1975,278
439,19177,19299,194,1769,1975,298
439,19177,19299,195,1764,1974,309
439,19177,19299,196,1773,1976,325
439,19177,19299,197,1773,1976,341
439,19177,19299,198,1769,1975,350
439,19177,19299,199,1777,1975,367
439,19177,19299,200,1779,1976,382
439,19177,19299,201,1775,1976,397
439,19177,19299,202,1782,1976,410
439,19177,19299,203,1784,1977,425
439,19177,19299,204,1780,1977,436
439,19177,19299,205,1786,1976,454
439,19177,19299,206,1788,1976,456
439,19177,19299,207,1785,1978,478
439,19177,19299,208,1790,1977,491
439,19177,19299,209,1792,1975,510
439,19177,19299,210,1791,1977,524
439,19177,19299,211,1794,1978,535
439,19177,19299,212,1796,1975,550
439,19177,19299,213,1796,1978,565
439,19177,19299,214,1800,1980,580
439,19177,19299,215,1801,1975,594
439,19177,19299,216,1803,1979,612
439,19177,19299,217,1804,1980,622
439,19177,19299,218,1805,1975,635
439,19177,19299,219,1808,1979,645
439,19177,19299,220,1809,1981,654
439,19177,19299,221,1809,1975,680
439,19177,19299,222,1814,1979,696
439,19177,19299,223,1816,1980,709
439,19177,19299,224,1813,1976,723
439,19177,19299,225,1819,1979,736
439,19177,19299,226,1821,1980,749
439,19177,19299,227,1816,1975,761
439,19177,19299,228,1825,1980,778
439,19177,19299,229,1827,1980,792
439,19177,19299,230,1821,1976,809
439,19177,19299,231,1830,1980,821
439,19177,19299,232,1832,1980,838
439,19177,19299,233,1827,1977,849
439,19177,19299,234,1835,1980,863
439,19177,19299,235,1837,1980,878
439,19177,19299,236,1831,1978,889
439,19177,19299,237,1840,1980,905
439,19177,19299,238,1842,1981,921
439,19177,19299,239,1836,1978,937
439,19177,19299,240,1845,1980,948
439,19177,19299,241,1846,1981,969
439,19177,19299,242,1842,1979,979
439,19177,19299,243,1850,1980,993
439,19177,19299,244,1851,1980,1007
439,19177,19299,245,1848,1979,1020
439,19177,19299,246,1854,1979,1034
439,19177,19299,247,1857,1980,1050
439,19177,19299,248,1854,1980,1061
439,19177,19299,249,1859,1980,1075
439,19177,19299,250,1862,1980,1092
439,19177,19299,251,1860,1981,1099
439,19177,19299,252,1865,1980,1118
439,19177,19299,253,1866,1979,1140
439,19177,19299,254,1866,1981,1148
439,19177,19299,255,1869,1981,1161
439,19177,19299,256,1871,1978,1170
439,19177,19299,257,1872,1981,1189
439,19177,19299,258,1874,1983,1203
439,19177,19299,259,1876,1977,1219
439,19177,19299,260,1879,1982,1234
439,19177,19299,261,1879,1983,1250
439,19177,19299,262,1879,1977,1261
439,19177,19299,263,1884,1981,1275
439,19177,19299,264,1887,1983,1287
439,19177,19299,265,1884,1977,1315
439,19177,19299,266,1890,1982,1317
439,19177,19299,267,1890,1982,1318
439,19177,19299,268,1883,1978,1305
439,19177,19299,269,1887,1982,1271
439,19177,19299,270,1886,1982,1271
439,19177,19299,271,1877,1978,1260
439,19177,19299,272,1882,1982,1247
439,19177,19299,273,1881,1982,1231
439,19177,19299,274,1872,1978,1214
439,19177,19299,275,1877,1981,1204
439,19177,19299,276,1875,1982,1192
439,19177,19299,277,1867,1978,1173
439,19177,19299,278,1871,1981,1157
439,19177,19299,279,1870,1981,1146
439,19177,19299,280,1860,1978,1132
439,19177,19299,281,1865,1980,1118
439,19177,19299,282,1865,1981,1106
439,19177,19299,283,1856,1979,1092
439,19177,19299,284,1861,1980,1075
439,19177,19299,285,1859,1981,1061
439,19177,19299,286,1850,1979,1042
439,19177,19299,287,1855,1980,1034
439,19177,19299,288,1853,1980,1020
439,19177,19299,289,1847,1980,1004
439,19177,19299,290,1850,1979,990
439,19177,19299,291,1849,1979,977
439,19177,19299,292,1841,1980,962
439,19177,19299,293,1843,1979,950
439,19177,19299,294,1842,1979,937
439,19177,19299,295,1837,1980,919
439,19177,19299,296,1838,1980,904
439,19177,19299,297,1837,1978,890
439,19177,19299,298,1833,1980,877
439,19177,19299,299,1833,1981,863
439,19177,19299,300,1831,1977,851
439,19177,19299,301,1828,1980,837
439,19177,19299,302,1827,1981,820
439,19177,19299,303,1825,1976,810
439,19177,19299,304,1824,1980,789
439,19177,19299,305,1822,1981,776
439,19177,19299,306,1819,1975,765
439,19177,19299,307,1820,1979,748
439,19177,19299,308,1820,1981,734
439,19177,19299,309,1813,1975,723
439,19177,19299,310,1815,1979,703
439,19177,19299,311,1815,1980,692
439,19177,19299,312,1807,1975,679
439,19177,19299,313,1811,1979,665
439,19177,19299,314,1810,1980,650
439,19177,19299,315,1801,1975,634
439,19177,19299,316,1806,1979,613
439,19177,19299,317,1805,1979,602
439,19177,19299,318,1796,1975,595
439,19177,19299,319,1802,1978,580
439,19177,19299,320,1800,1978,567
439,19177,19299,321,1791,1975,548
439,19177,19299,322,1796,1978,537
439,19177,19299,323,1795,1978,523
439,19177,19299,324,1786,1975,508
439,19177,19299,325,1792,1977,493
439,19177,19299,326,1790,1977,483
439,19177,19299,327,1781,1975,463
439,19177,19299,328,1788,1976,456
439,19177,19299,329,1785,1976,438
439,19177,19299,330,1777,1976,422
439,19177,19299,331,1782,1975,409
439,19177,19299,332,1781,1976,396
439,19177,19299,333,1773,1976,378
439,19177,19299,334,1777,1975,367
439,19177,19299,335,1775,1975,353
439,19177,19299,336,1769,1975,342
439,19177,19299,337,1771,1974,324
439,19177,19299,338,1770,1974,310
439,19177,19299,339,1766,1975,294
439,19177,19299,340,1765,1975,284
439,19177,19299,341,1765,1973,268
439,19177,19299,342,1761,1975,250
439,19177,19299,343,1762,1975,239
439,19177,19299,344,1759,1971,224
439,19177,19299,345,1758,1974,212
439,19177,19299,346,1756,1975,195
439,19177,19299,347,1755,1970,181
439,19177,19299,348,1759,1976,228
439,19177,19299,349,1769,1979,318
439,19177,19299,350,1777,1973,440
439,19177,19299,351,1793,1979,551
439,19177,19299,352,1805,1981,675
439,19177,19299,353,1812,1976,787
439,19177,19299,354,1836,1982,914
439,19177,19299,355,1850,1982,1039
441,19352,19474,0,2003,2026,1247
441,19352,19474,1,1899,1985,1317
441,19352,19474,2,1894,1978,1384
441,19352,19474,3,1912,1983,1476
441,19352,19474,4,1922,1984,1606
441,19352,19474,5,1933,1980,1703
441,19352,19474,6,1946,1983,1769
441,19352,19474,7,1964,1984,1876
441,19352,19474,8,1965,1980,1971
441,19352,19474,9,1990,1984,2060
441,19352,19474,10,2011,1985,2196
441,19352,19474,11,2016,1982,2341
441,19352,19474,12,2039,1984,2472
441,19352,19474,13,2063,1986,2619
441,19352,19474,14,2076,1983,2774
441,19352,19474,15,2101,1985,2916
441,19352,19474,16,2120,1986,3071
441,19352,19474,17,2137,1985,3212
441,19352,19474,18,2163,1986,3377
441,19352,19474,19,2184,1986,3495
441,19352,19474,20,2182,1984,3483
441,19352,19474,21,2186,1985,3470
441,19352,19474,22,2186,1985,3472
441,19352,19474,23,2181,1985,3474
441,19352,19474,24,2184,1985,3459
441,19352,19474,25,2181,1985,3449
441,19352,19474,26,2176,1986,3435
441,19352,19474,27,2177,1985,3418
441,19352,19474,28,2175,1984,3405
441,19352,19474,29,2171,1986,3391
441,19352,19474,30,2170,1987,3376
441,19352,19474,31,2169,1983,3365
441,19352,19474,32,2166,1986,3347
441,19352,19474,33,2164,1987,3334
441,19352,19474,34,2163,1982,3321
441,19352,19474,35,2160,1986,3306
441,19352,19474,36,2159,1987,3293
441,19352,19474,37,2156,1982,3278
441,19352,19474,38,2155,1985,3261
441,19352,19474,39,2156,1987,3246
441,19352,19474,40,2148,1981,3234
441,19352,19474,41,2149,1986,3220
441,19352,19474,42,2149,1987,3203
441,19352,19474,43,2142,1981,3193
441,19352,19474,44,2144,1986,3177
441,19352,19474,45,2142,1986,3167
441,19352,19474,46,2135,1982,3150
441,19352,19474,47,2139,1985,3134
441,19352,19474,48,2138,1986,3121
441,19352,19474,49,2129,1982,3105
441,19352,19474,50,2134,1986,3092
441,19352,19474,51,2131,1986,3078
441,19352,19474,52,2123,1982,3063
441,19352,19474,53,2127,1985,3049
441,19352,19474,54,2125,1985,3035
441,19352,19474,55,2116,1982,3024
441,19352,19474,56,2122,1984,3006
441,19352,19474,57,2119,1985,2994
441,19352,19474,58,2110,1983,2977
441,19352,19474,59,2115,1984,2961
441,19352,19474,60,2114,1985,2952
441,19352,19474,61,2104,1983,2934
441,19352,19474,62,2109,1984,2921
441,19352,19474,63,2107,1985,2908
441,19352,19474,64,2098,1984,2889
441,19352,19474,65,2103,1984,2878
441,19352,19474,66,2101,1984,2864
441,19352,19474,67,2094,1984,2851
441,19352,19474,68,2097,1984,2836
441,19352,19474,69,2096,1984,2822
441,19352,19474,70,2090,1984,2810
441,19352,19474,71,2091,1984,2798
441,19352,19474,72,2089,1982,2782
441,19352,19474,73,2084,1984,2763
441,19352,19474,74,2084,1985,2748
441,19352,19474,75,2082,1981,2735
441,19352,19474,76,2080,1985,2720
441,19352,19474,77,2078,1986,2708
441,19352,19474,78,2076,1981,2693
441,19352,19474,79,2075,1985,2680
441,19352,19474,80,2071,1987,2665
441,19352,19474,81,2069,1981,2656
441,19352,19474,82,2069,1985,2638
441,19352,19474,83,2066,1986,2620
441,19352,19474,84,2062,1980,2609
441,19352,19474,85,2063,1985,2599
441,19352,19474,86,2062,1986,2581
441,19352,19474,87,2056,1980,2568
441,19352,19474,88,2058,1984,2554
441,19352,19474,89,2059,1985,2551
441,19352,19474,90,2054,1981,2566
441,19352,19474,91,2062,1985,2583
441,19352,19474,92,2065,1985,2596
441,19352,19474,93,2058,1981,2608
441,19352,19474,94,2071,1985,2620
441,19352,19474,95,2069,1985,2633
441,19352,19474,96,2066,1981,2651
441,19352,19474,97,2074,1985,2667
441,19352,19474,98,2076,1985,2681
441,19352,19474,99,2071,1982,2693
441,19352,19474,100,2080,1984,2710
441,19352,19474,101,2081,1985,2723
441,19352,19474,102,2077,1982,2736
441,19352,19474,103,2086,1984,2748
441,19352,19474,104,2088,1985,2765
441,19352,19474,105,2083,1983,2777
441,19352,19474,106,2091,1984,2793
441,19352,19474,107,2094,1984,2810
441,19352,19474,108,2090,1984,2822
441,19352,19474,109,2096,1984,2840
441,19352,19474,110,2099,1984,2850
441,19352,19474,111,2097,1984,2865
441,19352,19474,112,2103,1984,2873
441,19352,19474,113,2105,1984,2892
441,19352,19474,114,2103,1985,2907
441,19352,19474,115,2111,1985,2917
441,19352,19474,116,2110,1983,2935
441,19352,19474,117,2110,1985,2949
441,19352,19474,118,2113,1986,2962
441,19352,19474,119,2115,1982,2976
441,19352,19474,120,2117,1985,2987
441,19352,19474,121,2120,1986,3005
441,19352,19474,122,2121,1981,3021
441,19352,19474,123,2123,1985,3033
441,19352,19474,124,2124,1987,3042
441,19352,19474,125,2125,1982,3062
441,19352,19474,126,2129,1986,3076
441,19352,19474,127,2131,1987,3088
441,19352,19474,128,2130,1981,3105
441,19352,19474,129,2136,1986,3117
441,19352,19474,130,2138,1987,3134
441,19352,19474,131,2135,1981,3149
441,19352,19474,132,2142,1986,3165
441,19352,19474,133,2146,1986,3180
441,19352,19474,134,2140,1982,3192
441,19352,19474,135,2147,1986,3203
441,19352,19474,136,2152,1987,3219
441,19352,19474,137,2146,1981,3234
441,19352,19474,138,2155,1986,3248
441,19352,19474,139,2156,1986,3265
441,19352,19474,140,2152,1982,3276
441,19352,19474,141,2160,1986,3288
441,19352,19474,142,2162,1986,3305
441,19352,19474,143,2158,1983,3315
441,19352,19474,144,2167,1985,3333
441,19352,19474,145,2169,1986,3348
441,19352,19474,146,2164,1984,3364
441,19352,19474,147,2172,1986,3375
441,19352,19474,148,2174,1986,3398
441,19352,19474,149,2168,1984,3403
441,19352,19474,150,2179,1985,3416
441,19352,19474,151,2180,1985,3433
441,19352,19474,152,2176,1985,3445
441,19352,19474,153,2183,1985,3462
441,19352,19474,154,2185,1985,3477
441,19352,19474,155,2180,1985,3471
441,19352,19474,156,2184,1985,3471
441,19352,19474,157,2185,1985,3484
441,19352,19474,158,2184,1986,3494
441,19352,19474,159,2190,1986,3506
441,19352,19474,160,2192,1984,3513
441,19352,19474,161,2187,1986,3504
441,19352,19474,162,2185,1986,3454
441,19352,19474,163,2170,1982,3360
441,19352,19474,164,2157,1985,3262
441,19352,19474,165,2142,1985,3161
441,19352,19474,166,2133,1981,3055
441,19352,19474,167,2113,1984,2931
441,19352,19474,168,2094,1986,2798
441,19352,19474,169,2079,1979,2684
441,19352,19474,170,2060,1983,2536
441,19352,19474,171,2045,1984,2414
441,19352,19474,172,2023,1978,2283
441,19352,19474,173,2007,1982,2117
441,19352,19474,174,1989,1984,2013
441,19352,19474,175,1963,1978,1873
441,19352,19474,176,1954,1983,1777
441,19352,19474,177,1943,1982,1666
441,19352,19474,178,1928,1979,1617
441,19352,19474,179,1918,1982,1506
441,19352,19474,180,1907,1982,1386
441,19352,19474,181,1882,1977,1264
441,19352,19474,182,1873,1981,1130
441,19352,19474,183,1859,1980,1005
441,19352,19474,184,1830,1976,859
441,19352,19474,185,1820,1978,688
441,19352,19474,186,1803,1978,556
441,19352,19474,187,1779,1973,369
441,19352,19474,188,1768,1974,219
441,19352,19474,189,1761,1975,223
441,19352,19474,190,1757,1973,236
441,19352,19474,191,1764,1975,248
441,19352,19474,192,1766,1975,266
441,19352,19474,193,1762,1975,280
441,19352,19474,194,1770,1975,297
441,19352,19474,195,1770,1975,308
441,19352,19474,196,1767,1975,322
441,19352,19474,197,1773,1975,336
441,19352,19474,198,1776,1975,350
441,19352,19474,199,1772,1975,362
441,19352,19474,200,1778,1975,376
441,19352,19474,201,1779,1975,397
441,19352,19474,202,1777,1977,406
441,19352,19474,203,1782,1976,425
441,19352,19474,204,1783,1974,436
441,19352,19474,205,1784,1977,451
441,19352,19474,206,1787,1978,467
441,19352,19474,207,1789,1974,478
441,19352,19474,208,1788,1978,491
441,19352,19474,209,1791,1979,507
441,19352,19474,210,1793,1974,525
441,19352,19474,211,1798,1978,536
441,19352,19474,212,1796,1980,551
441,19352,19474,213,1797,1974,566
441,19352,19474,214,1800,1979,581
441,19352,19474,215,1802,1980,597
441,19352,19474,216,1799,1974,608
441,19352,19474,217,1806,1979,621
441,19352,19474,218,1808,1980,636
441,19352,19474,219,1804,1975,651
441,19352,19474,220,1811,1979,662
441,19352,19474,221,1813,1979,680
441,19352,19474,222,1808,1975,693
441,19352,19474,223,1817,1979,707
441,19352,19474,224,1817,1980,725
441,19352,19474,225,1813,1976,735
441,19352,19474,226,1822,1980,751
441,19352,19474,227,1823,1980,763
441,19352,19474,228,1816,1976,777
441,19352,19474,229,1827,1980,790
441,19352,19474,230,1829,1980,809
441,19352,19474,231,1823,1977,818
441,19352,19474,232,1832,1979,833
441,19352,19474,233,1833,1980,850
441,19352,19474,234,1827,1978,855
441,19352,19474,235,1837,1980,878
441,19352,19474,236,1838,1979,893
441,19352,19474,237,1834,1979,901
441,19352,19474,238,1841,1979,920
441,19352,19474,239,1843,1980,936
441,19352,19474,240,1840,1980,947
441,19352,19474,241,1846,1980,961
441,19352,19474,242,1848,1980,980
441,19352,19474,243,1846,1980,988
441,19352,19474,244,1851,1979,1003
441,19352,19474,245,1853,1979,1022
441,19352,19474,246,1851,1981,1032
441,19352,19474,247,1856,1980,1048
441,19352,19474,248,1858,1978,1061
441,19352,19474,249,1858,1980,1077
441,19352,19474,250,1860,1981,1087
441,19352,19474,251,1862,1977,1104
441,19352,19474,252,1864,1981,1120
441,19352,19474,253,1865,1982,1134
441,19352,19474,254,1866,1977,1147
441,19352,19474,255,1869,1982,1164
441,19352,19474,256,1870,1983,1180
441,19352,19474,257,1871,1977,1183
441,19352,19474,258,1876,1981,1201
441,19352,19474,259,1878,1983,1219
441,19352,19474,260,1874,1977,1237
441,19352,19474,261,1881,1982,1248
441,19352,19474,262,1884,1982,1258
441,19352,19474,263,1879,1978,1273
441,19352,19474,264,1888,1982,1290
441,19352,19474,265,1890,1982,1303
441,19352,19474,266,1885,1978,1318
441,19352,19474,267,1891,1982,1316
441,19352,19474,268,1890,1982,1303
441,19352,19474,269,1882,1978,1288
441,19352,19474,270,1886,1982,1276
441,19352,19474,271,1885,1981,1261
441,19352,19474,272,1874,1978,1246
441,19352,19474,273,1881,1982,1234
441,19352,19474,274,1879,1981,1222
441,19352,19474,275,1870,1979,1203
441,19352,19474,276,1876,1981,1189
441,19352,19474,277,1873,1981,1174
441,19352,19474,278,1864,1979,1163
441,19352,19474,279,1870,1980,1147
441,19352,19474,280,1868,1981,1136
441,19352,19474,281,1859,1979,1118
441,19352,19474,282,1864,1980,1880
441,19352,19474,283,1987,1981,1092
441,19352,19474,284,1854,1980,1082
441,19352,19474,285,1858,1980,1060
441,19352,19474,286,1857,1980,1051
441,19352,19474,287,1851,1980,1035
441,19352,19474,288,1853,1979,1017
441,19352,19474,289,1851,1979,1007
441,19352,19474,290,1846,1980,993
441,19352,19474,291,1847,1981,1447
441,19352,19474,292,1978,1988,1972
441,19352,19474,293,1838,1973,948
441,19352,19474,294,1841,1981,931
441,19352,19474,295,1839,1976,922
441,19352,19474,296,1838,1981,905
441,19352,19474,297,1836,1982,892
441,19352,19474,298,1834,1976,878
441,19352,19474,299,1833,1979,860
441,19352,19474,300,1831,1982,1298
441,19352,19474,301,1969,1987,948
441,19352,19474,302,1824,1972,819
441,19352,19474,303,1830,1980,806
441,19352,19474,304,1821,1975,796
441,19352,19474,305,1824,1980,779
441,19352,19474,306,1823,1980,772
441,19352,19474,307,1815,1975,748
441,19352,19474,308,1819,1979,736
441,19352,19474,309,1819,1980,721
441,19352,19474,310,1810,1975,705
441,19352,19474,311,1815,1979,692
441,19352,19474,312,1813,1979,678
441,19352,19474,313,1805,1975,664
441,19352,19474,314,1811,1979,650
441,19352,19474,315,1808,1979,636
441,19352,19474,316,1799,1976,621
441,19352,19474,317,1805,1979,607
441,19352,19474,318,1802,1979,594
441,19352,19474,319,1794,1976,581
441,19352,19474,320,1800,1978,564
441,19352,19474,321,1797,1978,548
441,19352,19474,322,1791,1976,535
441,19352,19474,323,1795,1977,522
441,19352,19474,324,1793,1977,508
441,19352,19474,325,1785,1977,494
441,19352,19474,326,1790,1976,479
441,19352,19474,327,1788,1977,463
441,19352,19474,328,1781,1976,450
441,19352,19474,329,1784,1976,433
441,19352,19474,330,1783,1976,426
441,19352,19474,331,1778,1976,409
441,19352,19474,332,1778,1975,395
441,19352,19474,333,1777,1974,380
441,19352,19474,334,1774,1976,365
441,19352,19474,335,1773,1976,350
441,19352,19474,336,1773,1972,336
441,19352,19474,337,1770,1976,323
441,19352,19474,338,1768,1977,312
441,19352,19474,339,1768,1972,295
441,19352,19474,340,1765,1976,283
441,19352,19474,341,1764,1977,267
441,19352,19474,342,1762,1970,252
441,19352,19474,343,1761,1975,240
441,19352,19474,344,1760,1976,219
441,19352,19474,345,1755,1970,210
441,19352,19474,346,1758,1974,196
441,19352,19474,347,1757,1975,181
441,19352,19474,348,1749,1969,170
441,19352,19474,349,1754,1975,179
441,19352,19474,350,1761,1976,250
441,19352,19474,351,1766,1972,350
441,19352,19474,352,1784,1978,458
441,19352,19474,353,1797,1979,573
441,19352,19474,354,1802,1975,692
441,19352,19474,355,1826,1981,834
443,19530,19652,0,2007,2032,1346
443,19530,19652,1,1893,1983,1418
443,19530,19652,2,1912,1981,1506
443,19530,19652,3,1923,1983,1598
443,19530,19652,4,1934,1984,1709
443,19530,19652,5,1951,1980,1798
443,19530,19652,6,1960,1983,1917
443,19530,19652,7,1979,1985,2026
443,19530,19652,8,1993,1980,2126
443,19530,19652,9,2009,1985,2238
443,19530,19652,10,2023,1986,2370
443,19530,19652,11,2036,1981,2482
443,19530,19652,12,2061,1986,2614
443,19530,19652,13,2077,1987,2748
443,19530,19652,14,2095,1982,2865
443,19530,19652,15,2116,1986,3023
443,19530,19652,16,2137,1988,3160
443,19530,19652,17,2141,1982,3341
443,19530,19652,18,2171,1986,3402
443,19530,19652,19,2189,1988,3491
443,19530,19652,20,2179,1982,3485
443,19530,19652,21,2185,1986,3471
443,19530,19652,22,2186,1986,3471
443,19530,19652,23,2179,1982,3470
443,19530,19652,24,2184,1986,3459
443,19530,19652,25,2181,1986,3448
443,19530,19652,26,2176,1983,3433
443,19530,19652,27,2178,1986,3420
443,19530,19652,28,2177,1986,3404
443,19530,19652,29,2167,1983,3395
443,19530,19652,30,2173,1986,3375
443,19530,19652,31,2171,1986,3362
443,19530,19652,32,2161,1984,3346
443,19530,19652,33,2166,1985,3334
443,19530,19652,34,2164,1985,3320
443,19530,19652,35,2156,1984,3305
443,19530,19652,36,2161,1985,3290
443,19530,19652,37,2157,1985,3277
443,19530,19652,38,2150,1985,3254
443,19530,19652,39,2154,1984,3256
443,19530,19652,40,2152,1985,3238
443,19530,19652,41,2145,1985,3221
443,19530,19652,42,2148,1985,3212
443,19530,19652,43,2146,1984,3192
443,19530,19652,44,2141,1985,3176
443,19530,19652,45,2141,1985,3159
443,19530,19652,46,2141,1983,3153
443,19530,19652,47,2135,1985,3135
443,19530,19652,48,2136,1986,3121
443,19530,19652,49,2135,1982,3108
443,19530,19652,50,2130,1985,3089
443,19530,19652,51,2129,1987,3074
443,19530,19652,52,2127,1982,3065
443,19530,19652,53,2125,1986,3048
443,19530,19652,54,2123,1987,3031
443,19530,19652,55,2120,1981,3022
443,19530,19652,56,2120,1985,3008
443,19530,19652,57,2118,1987,2992
443,19530,19652,58,2112,1981,2978
443,19530,19652,59,2114,1986,2959
443,19530,19652,60,2113,1986,2951
443,19530,19652,61,2105,1981,2935
443,19530,19652,62,2109,1985,2920
443,19530,19652,63,2108,1986,2905
443,19530,19652,64,2099,1981,2894
443,19530,19652,65,2103,1985,2881
443,19530,19652,66,2103,1986,2865
443,19530,19652,67,2092,1981,2855
443,19530,19652,68,2097,1985,2835
443,19530,19652,69,2096,1985,2820
443,19530,19652,70,2087,1981,2809
443,19530,19652,71,2091,1985,2791
443,19530,19652,72,2091,1985,2779
443,19530,19652,73,2081,1982,2776
443,19530,19652,74,2086,1985,2755
443,19530,19652,75,2084,1985,2737
443,19530,19652,76,2075,1982,2721
443,19530,19652,77,2080,1984,2712
443,19530,19652,78,2079,1984,2695
443,19530,19652,79,2069,1983,2679
443,19530,19652,80,2074,1983,2664
443,19530,19652,81,2072,1984,2651
443,19530,19652,82,2065,1983,2634
443,19530,19652,83,2068,1984,2624
443,19530,19652,84,2065,1983,2610
443,19530,19652,85,2060,1984,2597
443,19530,19652,86,2063,1983,2582
443,19530,19652,87,2060,1984,2570
443,19530,19652,88,2054,1984,2556
443,19530,19652,89,2058,1984,2552
443,19530,19652,90,2057,1982,2564
443,19530,19652,91,2059,1984,2581
443,19530,19652,92,2062,1985,2594
443,19530,19652,93,2064,1981,2610
443,19530,19652,94,2066,1985,2625
443,19530,19652,95,2069,1986,2636
443,19530,19652,96,2070,1981,2651
443,19530,19652,97,2072,1985,2667
443,19530,19652,98,2074,1987,2678
443,19530,19652,99,2075,1981,2694
443,19530,19652,100,2078,1985,2705
443,19530,19652,101,2078,1986,2724
443,19530,19652,102,2080,1981,2734
443,19530,19652,103,2085,1986,2752
443,19530,19652,104,2087,1986,2767
443,19530,19652,105,2083,1981,2780
443,19530,19652,106,2091,1985,2788
443,19530,19652,107,2092,1986,2811
443,19530,19652,108,2089,1981,2820
443,19530,19652,109,2097,1985,2833
443,19530,19652,110,2100,1986,2851
443,19530,19652,111,2094,1981,2867
443,19530,19652,112,2104,1985,2878
443,19530,19652,113,2106,1985,2893
443,19530,19652,114,2101,1982,2906
443,19530,19652,115,2109,1985,2921
443,19530,19652,116,2112,1985,2933
443,19530,19652,117,2106,1983,2948
443,19530,19652,118,2116,1985,2966
443,19530,19652,119,2116,1985,2978
443,19530,19652,120,2112,1983,2989
443,19530,19652,121,2120,1984,3005
443,19530,19652,122,2124,1985,3018
443,19530,19652,123,2118,1983,3034
443,19530,19652,124,2127,1984,3044
443,19530,19652,125,2129,1985,3062
443,19530,19652,126,2124,1985,3074
443,19530,19652,127,2133,1984,3091
443,19530,19652,128,2134,1984,3107
443,19530,19652,129,2132,1985,3119
443,19530,19652,130,2138,1985,3132
443,19530,19652,131,2140,1985,3147
443,19530,19652,132,2138,1985,3172
443,19530,19652,133,2143,1985,3175
443,19530,19652,134,2146,1983,3195
443,19530,19652,135,2145,1986,3203
443,19530,19652,136,2148,1987,3216
443,19530,19652,137,2150,1982,3234
443,19530,19652,138,2149,1986,3250
443,19530,19652,139,2153,1987,3261
443,19530,19652,140,2156,1982,3277
443,19530,19652,141,2159,1986,3290
443,19530,19652,142,2161,1988,3303
443,19530,19652,143,2161,1982,3323
443,19530,19652,144,2166,1987,3330
443,19530,19652,145,2168,1988,3349
443,19530,19652,146,2165,1982,3353
443,19530,19652,147,2171,1987,3375
443,19530,19652,148,2175,1987,3390
443,19530,19652,149,2171,1982,3403
443,19530,19652,150,2177,1986,3418
443,19530,19652,151,2181,1987,3437
443,19530,19652,152,2176,1983,3446
443,19530,19652,153,2185,1986,3461
443,19530,19652,154,2187,1987,3474
443,19530,19652,155,2179,1983,3471
443,19530,19652,156,2186,1986,3470
443,19530,19652,157,2188,1987,3477
443,19530,19652,158,2182,1983,3495
443,19530,19652,159,2191,1986,3511
443,19530,19652,160,2191,1987,3515
443,19530,19652,161,2186,1984,3518
443,19530,19652,162,2191,1986,3506
443,19530,19652,163,2181,1985,3397
443,19530,19652,164,2158,1983,3302
443,19530,19652,165,2154,1984,3203
443,19530,19652,166,2137,1984,3083
443,19530,19652,167,2112,1983,2966
443,19530,19652,168,2097,1982,2790
443,19530,19652,169,2077,1983,2627
443,19530,19652,170,2049,1981,2472
443,19530,19652,171,2034,1982,2339
443,19530,19652,172,2016,1982,2186
443,19530,19652,173,1993,1982,2047
443,19530,19652,174,1974,1981,1913
443,19530,19652,175,1955,1980,1778
443,19530,19652,176,1936,1981,1636
443,19530,19652,177,1919,1981,1495
443,19530,19652,178,1912,1979,1446
443,19530,19652,179,1895,1981,1352
443,19530,19652,180,1877,1981,1222
443,19530,19652,181,1870,1977,1101
443,19530,19652,182,1852,1980,967
443,19530,19652,183,1835,1981,842
443,19530,19652,184,1823,1975,714
443,19530,19652,185,1803,1978,577
443,19530,19652,186,1789,1978,440
443,19530,19652,187,1772,1971,303
443,19530,19652,188,1760,1974,207
443,19530,19652,189,1761,1976,223
443,19530,19652,190,1758,1971,242
443,19530,19652,191,1763,1976,255
443,19530,19652,192,1767,1977,265
443,19530,19652,193,1763,1972,280
443,19530,19652,194,1769,1976,298
443,19530,19652,195,1772,1977,311
443,19530,19652,196,1766,1972,321
443,19530,19652,197,1774,1977,337
443,19530,19652,198,1776,1977,352
443,19530,19652,199,1771,1973,364
443,19530,19652,200,1779,1977,381
443,19530,19652,201,1781,1977,395
443,19530,19652,202,1775,1974,410
443,19530,19652,203,1783,1977,421
443,19530,19652,204,1786,1977,438
443,19530,19652,205,1779,1975,451
443,19530,19652,206,1789,1976,464
443,19530,19652,207,1790,1977,476
443,19530,19652,208,1785,1976,493
443,19530,19652,209,1793,1977,508
443,19530,19652,210,1795,1977,521
443,19530,19652,211,1790,1977,539
443,19530,19652,212,1798,1977,545
443,19530,19652,213,1800,1977,565
443,19530,19652,214,1796,1978,576
443,19530,19652,215,1802,1978,590
443,19530,19652,216,1804,1978,609
443,19530,19652,217,1801,1978,621
443,19530,19652,218,1807,1977,641
443,19530,19652,219,1808,1977,643
443,19530,19652,220,1808,1979,664
443,19530,19652,221,1810,1979,681
443,19530,19652,222,1813,1976,694
443,19530,19652,223,1813,1979,707
443,19530,19652,224,1816,1981,723
443,19530,19652,225,1818,1976,738
443,19530,19652,226,1819,1980,748
443,19530,19652,227,1820,1981,762
443,19530,19652,228,1823,1976,782
443,19530,19652,229,1825,1981,790
443,19530,19652,230,1826,1982,806
443,19530,19652,231,1826,1976,812
443,19530,19652,232,1831,1981,834
443,19530,19652,233,1833,1981,847
443,19530,19652,234,1829,1976,862
443,19530,19652,235,1836,1980,875
443,19530,19652,236,1837,1981,891
443,19530,19652,237,1833,1977,904
443,19530,19652,238,1842,1981,918
443,19530,19652,239,1843,1982,933
443,19530,19652,240,1838,1977,942
443,19530,19652,241,1847,1981,962
443,19530,19652,242,1849,1982,978
443,19530,19652,243,1844,1978,994
443,19530,19652,244,1853,1981,1006
443,19530,19652,245,1854,1981,1019
443,19530,19652,246,1848,1978,1035
443,19530,19652,247,1858,1980,1048
443,19530,19652,248,1860,1981,1063
443,19530,19652,249,1853,1978,1075
443,19530,19652,250,1862,1981,1090
443,19530,19652,251,1864,1981,1104
443,19530,19652,252,1859,1979,1117
443,19530,19652,253,1868,1981,1133
443,19530,19652,254,1869,1981,1148
443,19530,19652,255,1865,1981,1161
443,19530,19652,256,1873,1981,1174
443,19530,19652,257,1874,1980,1190
443,19530,19652,258,1872,1981,1206
443,19530,19652,259,1877,1981,1215
443,19530,19652,260,1880,1980,1232
443,19530,19652,261,1878,1981,1245
443,19530,19652,262,1882,1981,1259
443,19530,19652,263,1885,1980,1276
443,19530,19652,264,1884,1981,1287
443,19530,19652,265,1887,1982,1301
443,19530,19652,266,1890,1978,1318
443,19530,19652,267,1888,1981,1318
443,19530,19652,268,1888,1983,1301
443,19530,19652,269,1887,1978,1289
443,19530,19652,270,1884,1982,1273
443,19530,19652,271,1881,1983,1260
443,19530,19652,272,1879,1977,1248
443,19530,19652,273,1879,1981,1232
443,19530,19652,274,1877,1983,1217
443,19530,19652,275,1873,1977,1203
443,19530,19652,276,1878,1982,1190
443,19530,19652,277,1874,1982,1173
443,19530,19652,278,1866,1977,1159
443,19530,19652,279,1869,1981,1147
443,19530,19652,280,1868,1982,1132
443,19530,19652,281,1859,1977,1121
443,19530,19652,282,1863,1981,1106
443,19530,19652,283,1863,1981,1089
443,19530,19652,284,1854,1978,1078
443,19530,19652,285,1859,1981,1062
443,19530,19652,286,1857,1981,1053
443,19530,19652,287,1848,1977,1030
443,19530,19652,288,1854,1981,1017
443,19530,19652,289,1852,1981,1007
443,19530,19652,290,1844,1978,990
443,19530,19652,291,1849,1980,976
443,19530,19652,292,1847,1981,962
443,19530,19652,293,1839,1979,950
443,19530,19652,294,1843,1980,952
443,19530,19652,295,1842,1980,922
443,19530,19652,296,1833,1979,905
443,19530,19652,297,1839,1980,891
443,19530,19652,298,1837,1980,884
443,19530,19652,299,1829,1979,863
443,19530,19652,300,1833,1979,849
443,19530,19652,301,1831,1979,835
443,19530,19652,302,1826,1979,820
443,19530,19652,303,1827,1978,805
443,19530,19652,304,1826,1979,792
443,19530,19652,305,1820,1979,777
443,19530,19652,306,1821,1979,766
443,19530,19652,307,1821,1977,751
443,19530,19652,308,1816,1979,730
443,19530,19652,309,1815,1980,718
443,19530,19652,310,1815,1977,710
443,19530,19652,311,1812,1979,694
443,19530,19652,312,1811,1980,679
443,19530,19652,313,1809,1975,663
443,19530,19652,314,1807,1979,648
443,19530,19652,315,1805,1980,635
443,19530,19652,316,1803,1974,622
443,19530,19652,317,1803,1979,603
443,19530,19652,318,1802,1980,593
443,19530,19652,319,1796,1975,579
443,19530,19652,320,1799,1978,565
443,19530,19652,321,1798,1979,549
443,19530,19652,322,1790,1974,535
443,19530,19652,323,1794,1978,520
443,19530,19652,324,1795,1979,509
443,19530,19652,325,1786,1974,492
443,19530,19652,326,1790,1978,479
443,19530,19652,327,1790,1978,466
443,19530,19652,328,1781,1973,452
443,19530,19652,329,1786,1977,437
443,19530,19652,330,1782,1978,424
443,19530,19652,331,1775,1974,405
443,19530,19652,332,1781,1977,399
443,19530,19652,333,1780,1977,378
443,19530,19652,334,1770,1973,363
443,19530,19652,335,1776,1976,353
443,19530,19652,336,1775,1976,336
443,19530,19652,337,1766,1974,324
443,19530,19652,338,1771,1976,309
443,19530,19652,339,1770,1976,298
443,19530,19652,340,1762,1974,281
443,19530,19652,341,1765,1975,265
443,19530,19652,342,1764,1974,257
443,19530,19652,343,1757,1974,238
443,19530,19652,344,1761,1973,226
443,19530,19652,345,1760,1974,213
443,19530,19652,346,1752,1973,198
443,19530,19652,347,1756,1973,183
443,19530,19652,348,1760,1974,234
443,19530,19652,349,1764,1976,282
443,19530,19652,350,1774,1976,379
443,19530,19652,351,1788,1976,474
443,19530,19652,352,1794,1979,571
443,19530,19652,353,1808,1980,702
443,19530,19652,354,1823,1977,799
443,19530,19652,355,1836,1981,914
445,19706,19828,0,2000,2025,1145
445,19706,19828,1,1870,1983,1185
445,19706,19828,2,1884,1983,1269
445,19706,19828,3,1886,1979,1379
445,19706,19828,4,1907,1983,1479
445,19706,19828,5,1923,1984,1599
445,19706,19828,6,1934,1980,1740
445,19706,19828,7,1958,1985,1874
445,19706,19828,8,1981,1985,2014
445,19706,19828,9,1990,1981,2141
445,19706,19828,10,2012,1985,2292
445,19706,19828,11,2037,1985,2436
445,19706,19828,12,2046,1983,2563
445,19706,19828,13,2076,1985,2713
445,19706,19828,14,2093,1985,2836
445,19706,19828,15,2106,1985,2995
445,19706,19828,16,2132,1986,3139
445,19706,19828,17,2149,1986,3272
445,19706,19828,18,2166,1986,3413
445,19706,19828,19,2185,1985,3496
445,19706,19828,20,2189,1986,3479
445,19706,19828,21,2180,1985,3470
445,19706,19828,22,2185,1985,3471
445,19706,19828,23,2186,1986,3476
445,19706,19828,24,2180,1986,3462
445,19706,19828,25,2181,1985,3445
445,19706,19828,26,2180,1984,3433
445,19706,19828,27,2175,1986,3416
445,19706,19828,28,2176,1987,3402
445,19706,19828,29,2173,1983,3391
445,19706,19828,30,2169,1986,3374
445,19706,19828,31,2168,1987,3361
445,19706,19828,32,2166,1982,3348
445,19706,19828,33,2164,1986,3331
445,19706,19828,34,2162,1988,3320
445,19706,19828,35,2160,1982,3303
445,19706,19828,36,2159,1987,3298
445,19706,19828,37,2157,1987,3277
445,19706,19828,38,2153,1982,3266
445,19706,19828,39,2153,1986,3251
445,19706,19828,40,2152,1987,3233
445,19706,19828,41,2146,1982,3221
445,19706,19828,42,2149,1986,3205
445,19706,19828,43,2148,1987,3190
445,19706,19828,44,2139,1981,3176
445,19706,19828,45,2142,1986,3161
445,19706,19828,46,2141,1986,3150
445,19706,19828,47,2132,1982,3131
445,19706,19828,48,2137,1986,3121
445,19706,19828,49,2136,1986,3106
445,19706,19828,50,2127,1982,3091
445,19706,19828,51,2131,1985,3075
445,19706,19828,52,2129,1985,3064
445,19706,19828,53,2120,1982,3047
445,19706,19828,54,2126,1985,3031
445,19706,19828,55,2123,1986,3026
445,19706,19828,56,2114,1983,3005
445,19706,19828,57,2119,1985,2994
445,19706,19828,58,2117,1985,2980
445,19706,19828,59,2109,1983,2965
445,19706,19828,60,2113,1984,2949
445,19706,19828,61,2112,1984,2937
445,19706,19828,62,2103,1984,2919
445,19706,19828,63,2108,1985,2900
445,19706,19828,64,2105,1984,2893
445,19706,19828,65,2099,1984,2877
445,19706,19828,66,2101,1984,2861
445,19706,19828,67,2099,1984,2842
445,19706,19828,68,2094,1985,2835
445,19706,19828,69,2093,1984,2822
445,19706,19828,70,2091,1983,2809
445,19706,19828,71,2089,1985,2796
445,19706,19828,72,2087,1985,2777
445,19706,19828,73,2087,1982,2763
445,19706,19828,74,2083,1985,2751
445,19706,19828,75,2083,1986,2738
445,19706,19828,76,2081,1981,2722
445,19706,19828,77,2077,1985,2709
445,19706,19828,78,2075,1986,2694
445,19706,19828,79,2073,1981,2687
445,19706,19828,80,2072,1985,2667
445,19706,19828,81,2071,1986,2652
445,19706,19828,82,2066,1980,2638
445,19706,19828,83,2068,1985,2622
445,19706,19828,84,2066,1986,2609
445,19706,19828,85,2059,1980,2595
445,19706,19828,86,2063,1985,2582
445,19706,19828,87,2061,1985,2568
445,19706,19828,88,2053,1981,2558
445,19706,19828,89,2058,1984,2552
445,19706,19828,90,2061,1986,2568
445,19706,19828,91,2056,1981,2580
445,19706,19828,92,2064,1985,2599
445,19706,19828,93,2067,1985,2610
445,19706,19828,94,2061,1981,2621
445,19706,19828,95,2070,1985,2638
445,19706,19828,96,2073,1985,2652
445,19706,19828,97,2067,1982,2664
445,19706,19828,98,2076,1984,2679
445,19706,19828,99,2078,1984,2695
445,19706,19828,100,2073,1983,2708
445,19706,19828,101,2082,1984,2720
445,19706,19828,102,2084,1985,2737
445,19706,19828,103,2080,1984,2749
445,19706,19828,104,2088,1985,2762
445,19706,19828,105,2089,1985,2782
445,19706,19828,106,2087,1984,2794
445,19706,19828,107,2092,1984,2805
445,19706,19828,108,2095,1984,2823
445,19706,19828,109,2093,1984,2841
445,19706,19828,110,2098,1984,2851
445,19706,19828,111,2101,1984,2867
445,19706,19828,112,2099,1985,2876
445,19706,19828,113,2104,1984,2892
445,19706,19828,114,2107,1983,2906
445,19706,19828,115,2106,1985,2919
445,19706,19828,116,2108,1986,2932
445,19706,19828,117,2112,1983,2950
445,19706,19828,118,2112,1985,2962
445,19706,19828,119,2117,1986,2976
445,19706,19828,120,2117,1981,2991
445,19706,19828,121,2119,1986,3010
445,19706,19828,122,2120,1987,3024
445,19706,19828,123,2122,1982,3035
445,19706,19828,124,2125,1986,3048
445,19706,19828,125,2127,1987,3065
445,19706,19828,126,2127,1981,3082
445,19706,19828,127,2132,1986,3090
445,19706,19828,128,2134,1987,3105
445,19706,19828,129,2131,1982,3117
445,19706,19828,130,2138,1986,3135
445,19706,19828,131,2141,1986,3150
445,19706,19828,132,2137,1982,3164
445,19706,19828,133,2145,1986,3175
445,19706,19828,134,2148,1987,3190
445,19706,19828,135,2142,1982,3205
445,19706,19828,136,2152,1986,3221
445,19706,19828,137,2153,1987,3231
445,19706,19828,138,2147,1982,3247
445,19706,19828,139,2157,1986,3264
445,19706,19828,140,2159,1986,3276
445,19706,19828,141,2155,1983,3291
445,19706,19828,142,2162,1985,3304
445,19706,19828,143,2165,1986,3319
445,19706,19828,144,2160,1983,3335
445,19706,19828,145,2168,1985,3349
445,19706,19828,146,2170,1986,3362
445,19706,19828,147,2166,1985,3375
445,19706,19828,148,2175,1985,3390
445,19706,19828,149,2177,1986,3403
445,19706,19828,150,2172,1985,3418
445,19706,19828,151,2179,1985,3431
445,19706,19828,152,2180,1986,3449
445,19706,19828,153,2180,1985,3465
445,19706,19828,154,2185,1985,3473
445,19706,19828,155,2185,1985,3472
445,19706,19828,156,2182,1986,3470
445,19706,19828,157,2186,1986,3480
445,19706,19828,158,2187,1984,3490
445,19706,19828,159,2187,1986,3507
445,19706,19828,160,2190,1987,3511
445,19706,19828,161,2191,1983,3516
445,19706,19828,162,2188,1987,3494
445,19706,19828,163,2176,1986,3401
445,19706,19828,164,2162,1981,3309
445,19706,19828,165,2148,1985,3192
445,19706,19828,166,2138,1987,3102
445,19706,19828,167,2125,1981,3031
445,19706,19828,168,2115,1985,2910
445,19706,19828,169,2098,1986,2814
445,19706,19828,170,2077,1980,2672
445,19706,19828,171,2067,1984,2543
445,19706,19828,172,2046,1984,2424
445,19706,19828,173,2020,1978,2270
445,19706,19828,174,2006,1983,2121
445,19706,19828,175,1987,1983,1982
445,19706,19828,176,1957,1978,1810
445,19706,19828,177,1943,1982,1643
445,19706,19828,178,1930,1982,1570
445,19706,19828,179,1904,1978,1434
445,19706,19828,180,1899,1981,1300
445,19706,19828,181,1879,1981,1162
445,19706,19828,182,1853,1977,1024
445,19706,19828,183,1843,1979,885
445,19706,19828,184,1828,1979,748
445,19706,19828,185,1808,1975,587
445,19706,19828,186,1791,1977,457
445,19706,19828,187,1778,1975,310
445,19706,19828,188,1755,1972,211
445,19706,19828,189,1762,1974,226
445,19706,19828,190,1764,1975,239
445,19706,19828,191,1758,1974,254
445,19706,19828,192,1765,1974,267
445,19706,19828,193,1768,1975,281
445,19706,19828,194,1763,1975,292
445,19706,19828,195,1770,1975,308
445,19706,19828,196,1772,1975,325
445,19706,19828,197,1770,1975,338
445,19706,19828,198,1775,1976,352
445,19706,19828,199,1776,1975,365
445,19706,19828,200,1775,1977,380
445,19706,19828,201,1778,1977,395
445,19706,19828,202,1781,1975,415
445,19706,19828,203,1780,1977,423
445,19706,19828,204,1784,1978,435
445,19706,19828,205,1785,1974,451
445,19706,19828,206,1786,1978,463
445,19706,19828,207,1788,1980,478
445,19706,19828,208,1790,1974,492
445,19706,19828,209,1792,1978,506
445,19706,19828,210,1792,1980,523
445,19706,19828,211,1793,1974,539
445,19706,19828,212,1797,1979,552
445,19706,19828,213,1799,1980,565
445,19706,19828,214,1797,1974,578
445,19706,19828,215,1804,1979,593
445,19706,19828,216,1805,1980,608
445,19706,19828,217,1801,1975,623
445,19706,19828,218,1808,1979,633
445,19706,19828,219,1810,1980,646
445,19706,19828,220,1805,1975,666
445,19706,19828,221,1813,1979,677
445,19706,19828,222,1815,1980,692
445,19706,19828,223,1809,1976,706
445,19706,19828,224,1817,1979,721
445,19706,19828,225,1820,1980,736
445,19706,19828,226,1814,1976,752
445,19706,19828,227,1823,1980,765
445,19706,19828,228,1824,1980,779
445,19706,19828,229,1820,1977,792
445,19706,19828,230,1828,1980,806
445,19706,19828,231,1830,1980,817
445,19706,19828,232,1824,1978,840
445,19706,19828,233,1834,1980,849
445,19706,19828,234,1835,1980,866
445,19706,19828,235,1829,1979,877
445,19706,19828,236,1838,1979,892
445,19706,19828,237,1841,1980,906
445,19706,19828,238,1836,1979,921
445,19706,19828,239,1842,1979,933
445,19706,19828,240,1845,1979,950
445,19706,19828,241,1842,1980,963
445,19706,19828,242,1847,1979,976
445,19706,19828,243,1849,1979,994
445,19706,19828,244,1847,1980,1004
445,19706,19828,245,1852,1981,1019
445,19706,19828,246,1855,1978,1037
445,19706,19828,247,1855,1981,1046
445,19706,19828,248,1856,1982,1059
445,19706,19828,249,1859,1978,1076
445,19706,19828,250,1860,1982,1090
445,19706,19828,251,1861,1983,1103
445,19706,19828,252,1864,1978,1119
445,19706,19828,253,1865,1982,1133
445,19706,19828,254,1867,1983,1146
445,19706,19828,255,1868,1977,1161
445,19706,19828,256,1873,1982,1177
445,19706,19828,257,1874,1983,1186
445,19706,19828,258,1872,1977,1205
445,19706,19828,259,1878,1982,1215
445,19706,19828,260,1881,1983,1233
445,19706,19828,261,1875,1978,1251
445,19706,19828,262,1883,1982,1262
445,19706,19828,263,1886,1983,1274
445,19706,19828,264,1882,1978,1289
445,19706,19828,265,1889,1982,1307
445,19706,19828,266,1892,1982,1318
445,19706,19828,267,1884,1978,1326
445,19706,19828,268,1889,1982,1303
445,19706,19828,269,1888,1982,1288
445,19706,19828,270,1879,1978,1279
445,19706,19828,271,1884,1981,1260
445,19706,19828,272,1883,1982,1254
445,19706,19828,273,1875,1979,1229
445,19706,19828,274,1878,1981,1216
445,19706,19828,275,1877,1981,1206
445,19706,19828,276,1869,1980,1187
445,19706,19828,277,1873,1980,1174
445,19706,19828,278,1871,1981,1162
445,19706,19828,279,1863,1980,1144
445,19706,19828,280,1869,1980,1131
445,19706,19828,281,1866,1980,1117
445,19706,19828,282,1859,1981,1105
445,19706,19828,283,1862,1980,1086
445,19706,19828,284,1860,1980,1079
445,19706,19828,285,1855,1980,1059
445,19706,19828,286,1856,1980,1050
445,19706,19828,287,1855,1979,1033
445,19706,19828,288,1849,1980,1018
445,19706,19828,289,1851,1981,1003
445,19706,19828,290,1849,1978,991
445,19706,19828,291,1844,1981,978
445,19706,19828,292,1844,1981,961
445,19706,19828,293,1843,1977,949
445,19706,19828,294,1841,1980,940
445,19706,19828,295,1839,1981,916
445,19706,19828,296,1838,1976,907
445,19706,19828,297,1836,1981,891
445,19706,19828,298,1835,1981,874
445,19706,19828,299,1831,1976,865
445,19706,19828,300,1832,1980,850
445,19706,19828,301,1831,1981,832
445,19706,19828,302,1824,1976,822
445,19706,19828,303,1827,1980,807
445,19706,19828,304,1827,1981,792
445,19706,19828,305,1819,1976,780
445,19706,19828,306,1822,1980,764
445,19706,19828,307,1822,1980,748
445,19706,19828,308,1812,1975,736
445,19706,19828,309,1817,1979,721
445,19706,19828,310,1816,1979,711
445,19706,19828,311,1809,1975,691
445,19706,19828,312,1814,1979,680
445,19706,19828,313,1812,1980,666
445,19706,19828,314,1803,1976,649
445,19706,19828,315,1808,1978,635
445,19706,19828,316,1807,1979,623
445,19706,19828,317,1798,1976,608
445,19706,19828,318,1801,1978,592
445,19706,19828,319,1801,1978,574
445,19706,19828,320,1793,1975,570
445,19706,19828,321,1798,1978,547
445,19706,19828,322,1796,1978,538
445,19706,19828,323,1788,1976,521
445,19706,19828,324,1793,1976,510
445,19706,19828,325,1792,1977,493
445,19706,19828,326,1785,1976,479
445,19706,19828,327,1789,1976,466
445,19706,19828,328,1788,1976,452
445,19706,19828,329,1781,1977,431
445,19706,19828,330,1782,1976,418
445,19706,19828,331,1781,1975,415
445,19706,19828,332,1777,1977,395
445,19706,19828,333,1778,1977,378
445,19706,19828,334,1776,1974,367
445,19706,19828,335,1773,1976,350
445,19706,19828,336,1772,1977,337
445,19706,19828,337,1771,1972,322
445,19706,19828,338,1769,1975,313
445,19706,19828,339,1767,1977,296
445,19706,19828,340,1764,1971,280
445,19706,19828,341,1765,1975,269
445,19706,19828,342,1763,1976,251
445,19706,19828,343,1759,1971,238
445,19706,19828,344,1760,1975,222
445,19706,19828,345,1759,1975,209
445,19706,19828,346,1753,1970,192
445,19706,19828,347,1756,1974,180
445,19706,19828,348,1757,1974,170
445,19706,19828,349,1759,1971,245
445,19706,19828,350,1774,1978,332
445,19706,19828,351,1785,1979,462
445,19706,19828,352,1788,1975,554
445,19706,19828,353,1809,1980,681
445,19706,19828,354,1825,1981,791
445,19706,19828,355,1830,1978,931
447,19879,20001,0,2005,2025,1245
447,19879,20001,1,1883,1984,1307
447,19879,20001,2,1897,1985,1436
447,19879,20001,3,1911,1979,1548
447,19879,20001,4,1935,1984,1665
447,19879,20001,5,1947,1985,1809
447,19879,20001,6,1964,1980,1929
447,19879,20001,7,1984,1984,2057
447,19879,20001,8,2002,1985,2224
447,19879,20001,9,2013,1980,2319
447,19879,20001,10,2038,1986,2446
447,19879,20001,11,2054,1985,2557
447,19879,20001,12,2063,1981,2673
447,19879,20001,13,2085,1986,2790
447,19879,20001,14,2106,1986,2920
447,19879,20001,15,2115,1982,3043
447,19879,20001,16,2143,1986,3165
447,19879,20001,17,2155,1987,3324
447,19879,20001,18,2169,1984,3448
447,19879,20001,19,2190,1987,3501
447,19879,20001,20,2190,1986,3497
447,19879,20001,21,2179,1984,3470
447,19879,20001,22,2186,1985,3472
447,19879,20001,23,2186,1986,3476
447,19879,20001,24,2178,1985,3460
447,19879,20001,25,2183,1986,3447
447,19879,20001,26,2181,1986,3433
447,19879,20001,27,2172,1986,3419
447,19879,20001,28,2175,1985,3404
447,19879,20001,29,2175,1985,3392
447,19879,20001,30,2167,1985,3376
447,19879,20001,31,2170,1985,3359
447,19879,20001,32,2167,1985,3348
447,19879,20001,33,2162,1985,3327
447,19879,20001,34,2163,1986,3314
447,19879,20001,35,2161,1983,3309
447,19879,20001,36,2158,1986,3288
447,19879,20001,37,2156,1987,3274
447,19879,20001,38,2154,1983,3263
447,19879,20001,39,2150,1986,3248
447,19879,20001,40,2151,1987,3233
447,19879,20001,41,2148,1982,3222
447,19879,20001,42,2147,1986,3205
447,19879,20001,43,2146,1987,3196
447,19879,20001,44,2141,1982,3175
447,19879,20001,45,2141,1986,3162
447,19879,20001,46,2140,1987,3150
447,19879,20001,47,2134,1981,3140
447,19879,20001,48,2137,1986,3116
447,19879,20001,49,2135,1986,3105
447,19879,20001,50,2127,1981,3092
447,19879,20001,51,2129,1986,3081
447,19879,20001,52,2129,1986,3063
447,19879,20001,53,2121,1982,3049
447,19879,20001,54,2125,1986,3029
447,19879,20001,55,2125,1986,3020
447,19879,20001,56,2113,1981,3005
447,19879,20001,57,2119,1985,2996
447,19879,20001,58,2117,1986,2977
447,19879,20001,59,2108,1982,2960
447,19879,20001,60,2113,1985,2949
447,19879,20001,61,2112,1985,2936
447,19879,20001,62,2102,1982,2920
447,19879,20001,63,2108,1984,2902
447,19879,20001,64,2106,1985,2892
447,19879,20001,65,2096,1983,2880
447,19879,20001,66,2102,1984,2865
447,19879,20001,67,2100,1985,2851
447,19879,20001,68,2091,1983,2833
447,19879,20001,69,2096,1984,2822
447,19879,20001,70,2094,1984,2807
447,19879,20001,71,2086,1984,2792
447,19879,20001,72,2089,1984,2777
447,19879,20001,73,2087,1984,2768
447,19879,20001,74,2081,1984,2749
447,19879,20001,75,2083,1983,2738
447,19879,20001,76,2081,1982,2722
447,19879,20001,77,2076,1984,2711
447,19879,20001,78,2077,1984,2694
447,19879,20001,79,2075,1981,2683
447,19879,20001,80,2071,1984,2665
447,19879,20001,81,2070,1985,2651
447,19879,20001,82,2069,1981,2642
447,19879,20001,83,2067,1985,2621
447,19879,20001,84,2065,1986,2610
447,19879,20001,85,2062,1980,2595
447,19879,20001,86,2061,1984,2582
447,19879,20001,87,2059,1986,2565
447,19879,20001,88,2055,1980,2551
447,19879,20001,89,2058,1985,2552
447,19879,20001,90,2060,1986,2565
447,19879,20001,91,2057,1980,2583
447,19879,20001,92,2063,1985,2596
447,19879,20001,93,2067,1986,2608
447,19879,20001,94,2062,1981,2627
447,19879,20001,95,2071,1985,2634
447,19879,20001,96,2072,1985,2651
447,19879,20001,97,2067,1981,2663
447,19879,20001,98,2076,1985,2678
447,19879,20001,99,2078,1986,2693
447,19879,20001,100,2074,1982,2707
447,19879,20001,101,2082,1986,2722
447,19879,20001,102,2085,1985,2739
447,19879,20001,103,2078,1981,2747
447,19879,20001,104,2088,1985,2761
447,19879,20001,105,2090,1986,2778
447,19879,20001,106,2085,1983,2791
447,19879,20001,107,2095,1984,2811
447,19879,20001,108,2096,1985,2818
447,19879,20001,109,2090,1983,2837
447,19879,20001,110,2100,1984,2850
447,19879,20001,111,2102,1985,2866
447,19879,20001,112,2097,1984,2872
447,19879,20001,113,2105,1984,2892
447,19879,20001,114,2108,1985,2909
447,19879,20001,115,2102,1984,2921
447,19879,20001,116,2112,1985,2935
447,19879,20001,117,2112,1985,2943
447,19879,20001,118,2110,1985,2965
447,19879,20001,119,2117,1984,2978
447,19879,20001,120,2118,1983,2991
447,19879,20001,121,2117,1985,3005
447,19879,20001,122,2122,1986,3019
447,19879,20001,123,2123,1983,3033
447,19879,20001,124,2124,1985,3052
447,19879,20001,125,2126,1986,3058
447,19879,20001,126,2129,1982,3076
447,19879,20001,127,2130,1986,3092
447,19879,20001,128,2133,1988,3105
447,19879,20001,129,2135,1982,3106
447,19879,20001,130,2136,1986,3139
447,19879,20001,131,2140,1987,3146
447,19879,20001,132,2139,1982,3162
447,19879,20001,133,2143,1986,3179
447,19879,20001,134,2146,1987,3191
447,19879,20001,135,2144,1982,3203
447,19879,20001,136,2150,1986,3219
447,19879,20001,137,2153,1987,3231
447,19879,20001,138,2148,1982,3248
447,19879,20001,139,2156,1987,3262
447,19879,20001,140,2158,1987,3276
447,19879,20001,141,2154,1982,3290
447,19879,20001,142,2163,1986,3304
447,19879,20001,143,2165,1986,3320
447,19879,20001,144,2161,1983,3333
447,19879,20001,145,2168,1986,3346
447,19879,20001,146,2171,1986,3361
447,19879,20001,147,2165,1983,3374
447,19879,20001,148,2175,1987,3392
447,19879,20001,149,2176,1987,3404
447,19879,20001,150,2173,1984,3417
447,19879,20001,151,2180,1986,3430
447,19879,20001,152,2183,1986,3449
447,19879,20001,153,2177,1984,3460
447,19879,20001,154,2186,1986,3476
447,19879,20001,155,2185,1986,3472
447,19879,20001,156,2179,1985,3470
447,19879,20001,157,2187,1985,3481
447,19879,20001,158,2188,1985,3489
447,19879,20001,159,2185,1986,3504
447,19879,20001,160,2191,1986,3513
447,19879,20001,161,2192,1986,3520
447,19879,20001,162,2186,1986,3497
447,19879,20001,163,2175,1985,3404
447,19879,20001,164,2167,1983,3304
447,19879,20001,165,2146,1985,3203
447,19879,20001,166,2132,1985,3077
447,19879,20001,167,2119,1981,2942
447,19879,20001,168,2101,1982,2727
447,19879,20001,169,2077,1987,2677
447,19879,20001,170,2064,1980,2541
447,19879,20001,171,2046,1984,2425
447,19879,20001,172,2026,1984,2256
447,19879,20001,173,1999,1977,2073
447,19879,20001,174,1980,1982,1916
447,19879,20001,175,1953,1983,1773
447,19879,20001,176,1936,1977,1618
447,19879,20001,177,1919,1981,1491
447,19879,20001,178,1908,1983,1425
447,19879,20001,179,1887,1977,1290
447,19879,20001,180,1878,1981,1176
447,19879,20001,181,1863,1981,1052
447,19879,20001,182,1841,1976,919
447,19879,20001,183,1832,1979,790
447,19879,20001,184,1820,1979,678
447,19879,20001,185,1796,1974,561
447,19879,20001,186,1787,1976,424
447,19879,20001,187,1777,1976,255
447,19879,20001,188,1755,1970,212
447,19879,20001,189,1763,1975,226
447,19879,20001,190,1763,1975,237
447,19879,20001,191,1758,1972,253
447,19879,20001,192,1767,1975,268
447,19879,20001,193,1768,1975,281
447,19879,20001,194,1763,1973,290
447,19879,20001,195,1771,1975,310
447,19879,20001,196,1771,1976,330
447,19879,20001,197,1767,1974,337
447,19879,20001,198,1776,1975,349
447,19879,20001,199,1777,1976,366
447,19879,20001,200,1773,1976,382
447,19879,20001,201,1780,1976,395
447,19879,20001,202,1781,1976,410
447,19879,20001,203,1779,1976,421
447,19879,20001,204,1786,1976,439
447,19879,20001,205,1786,1976,453
447,19879,20001,206,1784,1977,476
447,19879,20001,207,1788,1977,481
447,19879,20001,208,1790,1975,506
447,19879,20001,209,1789,1977,507
447,19879,20001,210,1793,1978,519
447,19879,20001,211,1795,1975,539
447,19879,20001,212,1796,1978,549
447,19879,20001,213,1798,1979,563
447,19879,20001,214,1799,1974,578
447,19879,20001,215,1801,1979,592
447,19879,20001,216,1802,1980,606
447,19879,20001,217,1803,1975,624
447,19879,20001,218,1807,1979,632
447,19879,20001,219,1810,1980,655
447,19879,20001,220,1807,1975,664
447,19879,20001,221,1811,1979,678
447,19879,20001,222,1814,1980,694
447,19879,20001,223,1811,1975,706
447,19879,20001,224,1817,1980,721
447,19879,20001,225,1821,1981,732
447,19879,20001,226,1814,1976,749
447,19879,20001,227,1822,1980,764
447,19879,20001,228,1825,1980,777
447,19879,20001,229,1820,1976,789
447,19879,20001,230,1827,1980,808
447,19879,20001,231,1830,1980,821
447,19879,20001,232,1824,1976,832
447,19879,20001,233,1833,1980,846
447,19879,20001,234,1835,1980,862
447,19879,20001,235,1830,1978,876
447,19879,20001,236,1838,1980,890
447,19879,20001,237,1840,1980,905
447,19879,20001,238,1835,1978,920
447,19879,20001,239,1844,1980,932
447,19879,20001,240,1845,1980,950
447,19879,20001,241,1840,1979,966
447,19879,20001,242,1849,1980,980
447,19879,20001,243,1850,1980,994
447,19879,20001,244,1846,1980,1004
447,19879,20001,245,1853,1980,1016
447,19879,20001,246,1855,1980,1034
447,19879,20001,247,1853,1980,1046
447,19879,20001,248,1857,1980,1058
447,19879,20001,249,1860,1980,1075
447,19879,20001,250,1858,1981,1097
447,19879,20001,251,1863,1981,1101
447,19879,20001,252,1864,1979,1118
447,19879,20001,253,1864,1981,1133
447,19879,20001,254,1867,1982,1147
447,19879,20001,255,1870,1978,1162
447,19879,20001,256,1870,1981,1174
447,19879,20001,257,1872,1983,1190
447,19879,20001,258,1875,1978,1206
447,19879,20001,259,1876,1982,1229
447,19879,20001,260,1879,1983,1231
447,19879,20001,261,1877,1978,1248
447,19879,20001,262,1882,1982,1260
447,19879,20001,263,1885,1983,1267
447,19879,20001,264,1882,1978,1288
447,19879,20001,265,1888,1982,1303
447,19879,20001,266,1891,1983,1320
447,19879,20001,267,1885,1978,1317
447,19879,20001,268,1889,1982,1306
447,19879,20001,269,1888,1983,1282
447,19879,20001,270,1878,1977,1281
447,19879,20001,271,1884,1982,1262
447,19879,20001,272,1882,1982,1247
447,19879,20001,273,1873,1977,1232
447,19879,20001,274,1878,1982,1219
447,19879,20001,275,1876,1981,1205
447,19879,20001,276,1868,1978,1190
447,19879,20001,277,1874,1981,1174
447,19879,20001,278,1872,1981,1157
447,19879,20001,279,1864,1979,1145
447,19879,20001,280,1869,1981,1128
447,19879,20001,281,1866,1981,1119
447,19879,20001,282,1857,1979,1102
447,19879,20001,283,1862,1980,1090
447,19879,20001,284,1861,1981,1076
447,19879,20001,285,1853,1980,1063
447,19879,20001,286,1857,1980,1045
447,19879,20001,287,1855,1980,1035
447,19879,20001,288,1848,1980,1018
447,19879,20001,289,1851,1979,1006
447,19879,20001,290,1850,1980,991
447,19879,20001,291,1845,1980,977
447,19879,20001,292,1846,1980,962
447,19879,20001,293,1844,1978,949
447,19879,20001,294,1840,1980,938
447,19879,20001,295,1841,1981,918
447,19879,20001,296,1838,1978,908
447,19879,20001,297,1835,1980,890
447,19879,20001,298,1834,1981,877
447,19879,20001,299,1833,1977,861
447,19879,20001,300,1831,1981,851
447,19879,20001,301,1828,1982,835
447,19879,20001,302,1828,1976,822
447,19879,20001,303,1826,1980,805
447,19879,20001,304,1825,1981,791
447,19879,20001,305,1820,1976,777
447,19879,20001,306,1821,1980,763
447,19879,20001,307,1821,1981,746
447,19879,20001,308,1813,1975,725
447,19879,20001,309,1817,1980,720
447,19879,20001,310,1818,1980,706
447,19879,20001,311,1808,1975,694
447,19879,20001,312,1812,1979,675
447,19879,20001,313,1811,1980,665
447,19879,20001,314,1803,1975,650
447,19879,20001,315,1807,1979,633
447,19879,20001,316,1807,1979,624
447,19879,20001,317,1798,1975,607
447,19879,20001,318,1803,1978,593
447,19879,20001,319,1802,1978,581
447,19879,20001,320,1793,1975,561
447,19879,20001,321,1798,1978,558
447,19879,20001,322,1798,1978,537
447,19879,20001,323,1788,1975,520
447,19879,20001,324,1793,1977,508
447,19879,20001,325,1792,1977,478
447,19879,20001,326,1784,1976,482
447,19879,20001,327,1789,1977,465
447,19879,20001,328,1787,1976,453
447,19879,20001,329,1780,1975,434
447,19879,20001,330,1784,1976,427
447,19879,20001,331,1782,1976,409
447,19879,20001,332,1775,1976,394
447,19879,20001,333,1777,1975,381
447,19879,20001,334,1777,1975,367
447,19879,20001,335,1771,1975,351
447,19879,20001,336,1773,1975,340
447,19879,20001,337,1772,1974,304
447,19879,20001,338,1768,1976,311
447,19879,20001,339,1768,1975,295
447,19879,20001,340,1767,1973,280
447,19879,20001,341,1763,1975,265
447,19879,20001,342,1763,1976,252
447,19879,20001,343,1761,1972,239
447,19879,20001,344,1759,1975,223
447,19879,20001,345,1758,1976,210
447,19879,20001,346,1756,1971,196
447,19879,20001,347,1759,1975,207
447,19879,20001,348,1765,1978,285
447,19879,20001,349,1770,1973,357
447,19879,20001,350,1783,1978,445
447,19879,20001,351,1796,1980,538
447,19879,20001,352,1801,1974,633
447,19879,20001,353,1816,1980,734
447,19879,20001,354,1830,1982,847
447,19879,20001,355,1837,1977,964
449,20054,20176,0,2006,2031,1222
449,20054,20176,1,1875,1979,1242
449,20054,20176,2,1889,1982,1334
449,20054,20176,3,1897,1984,1388
449,20054,20176,4,1903,1978,1476
449,20054,20176,5,1921,1983,1575
449,20054,20176,6,1935,1985,1696
449,20054,20176,7,1949,1980,1829
449,20054,20176,8,1972,1984,1949
449,20054,20176,9,1986,1985,2078
449,20054,20176,10,2003,1981,2243
449,20054,20176,11,2028,1985,2393
449,20054,20176,12,2051,1986,2553
449,20054,20176,13,2061,1982,2682
449,20054,20176,14,2090,1986,2833
449,20054,20176,15,2110,1987,2977
449,20054,20176,16,2121,1982,3118
449,20054,20176,17,2149,1987,3248
449,20054,20176,18,2170,1986,3391
449,20054,20176,19,2179,1984,3492
449,20054,20176,20,2187,1986,3478
449,20054,20176,21,2185,1986,3470
449,20054,20176,22,2179,1984,3472
449,20054,20176,23,2186,1986,3475
449,20054,20176,24,2184,1986,3461
449,20054,20176,25,2175,1985,3445
449,20054,20176,26,2179,1985,3431
449,20054,20176,27,2179,1985,3419
449,20054,20176,28,2171,1985,3399
449,20054,20176,29,2171,1985,3389
449,20054,20176,30,2172,1985,3375
449,20054,20176,31,2166,1986,3359
449,20054,20176,32,2167,1985,3346
449,20054,20176,33,2166,1985,3332
449,20054,20176,34,2161,1986,3319
449,20054,20176,35,2161,1985,3308
449,20054,20176,36,2160,1983,3293
449,20054,20176,37,2154,1985,3276
449,20054,20176,38,2155,1986,3264
449,20054,20176,39,2153,1982,3247
449,20054,20176,40,2150,1986,3234
449,20054,20176,41,2148,1987,3220
449,20054,20176,42,2147,1982,3210
449,20054,20176,43,2145,1986,3190
449,20054,20176,44,2143,1987,3178
449,20054,20176,45,2139,1982,3163
449,20054,20176,46,2140,1986,3152
449,20054,20176,47,2138,1987,3135
449,20054,20176,48,2132,1981,3119
449,20054,20176,49,2134,1986,3109
449,20054,20176,50,2134,1987,3089
449,20054,20176,51,2126,1982,3074
449,20054,20176,52,2128,1985,3064
449,20054,20176,53,2130,1986,3047
449,20054,20176,54,2119,1982,3032
449,20054,20176,55,2123,1985,3022
449,20054,20176,56,2122,1986,3004
449,20054,20176,57,2113,1982,2992
449,20054,20176,58,2117,1985,2976
449,20054,20176,59,2115,1985,2962
449,20054,20176,60,2106,1981,2949
449,20054,20176,61,2111,1985,2934
449,20054,20176,62,2110,1985,2921
449,20054,20176,63,2101,1982,2905
449,20054,20176,64,2105,1985,2892
449,20054,20176,65,2104,1985,2879
449,20054,20176,66,2095,1983,2864
449,20054,20176,67,2099,1984,2849
449,20054,20176,68,2098,1985,2836
449,20054,20176,69,2090,1983,2820
449,20054,20176,70,2094,1984,2808
449,20054,20176,71,2092,1984,2794
449,20054,20176,72,2083,1983,2777
449,20054,20176,73,2087,1984,2764
449,20054,20176,74,2086,1984,2752
449,20054,20176,75,2079,1984,2734
449,20054,20176,76,2080,1984,2716
449,20054,20176,77,2079,1985,2708
449,20054,20176,78,2073,1984,2693
449,20054,20176,79,2075,1984,2677
449,20054,20176,80,2073,1982,2665
449,20054,20176,81,2070,1984,2651
449,20054,20176,82,2069,1985,2634
449,20054,20176,83,2067,1981,2624
449,20054,20176,84,2064,1984,2611
449,20054,20176,85,2063,1986,2594
449,20054,20176,86,2061,1980,2582
449,20054,20176,87,2059,1984,2566
449,20054,20176,88,2056,1986,2553
449,20054,20176,89,2055,1980,2552
449,20054,20176,90,2060,1985,2562
449,20054,20176,91,2061,1986,2582
449,20054,20176,92,2060,1981,2597
449,20054,20176,93,2066,1985,2609
449,20054,20176,94,2068,1986,2616
449,20054,20176,95,2064,1981,2636
449,20054,20176,96,2072,1985,2650
449,20054,20176,97,2076,1986,2665
449,20054,20176,98,2070,1980,2680
449,20054,20176,99,2077,1985,2692
449,20054,20176,100,2081,1985,2711
449,20054,20176,101,2076,1981,2721
449,20054,20176,102,2084,1985,2737
449,20054,20176,103,2087,1985,2752
449,20054,20176,104,2082,1982,2781
449,20054,20176,105,2091,1984,2781
449,20054,20176,106,2092,1985,2789
449,20054,20176,107,2087,1982,2805
449,20054,20176,108,2095,1984,2821
449,20054,20176,109,2098,1985,2836
449,20054,20176,110,2092,1983,2849
449,20054,20176,111,2102,1984,2863
449,20054,20176,112,2104,1985,2878
449,20054,20176,113,2099,1984,2894
449,20054,20176,114,2106,1984,2907
449,20054,20176,115,2110,1984,2923
449,20054,20176,116,2106,1984,2936
449,20054,20176,117,2111,1984,2949
449,20054,20176,118,2115,1985,2967
449,20054,20176,119,2113,1984,2978
449,20054,20176,120,2119,1984,3001
449,20054,20176,121,2120,1984,3001
449,20054,20176,122,2119,1985,3018
449,20054,20176,123,2124,1985,3033
449,20054,20176,124,2126,1983,3052
449,20054,20176,125,2125,1985,3060
449,20054,20176,126,2129,1986,3076
449,20054,20176,127,2131,1982,3093
449,20054,20176,128,2133,1986,3106
449,20054,20176,129,2134,1987,3122
449,20054,20176,130,2137,1981,3136
449,20054,20176,131,2139,1985,3149
449,20054,20176,132,2141,1987,3161
449,20054,20176,133,2141,1981,3180
449,20054,20176,134,2145,1986,3190
449,20054,20176,135,2147,1987,3208
449,20054,20176,136,2145,1982,3219
449,20054,20176,137,2152,1986,3235
449,20054,20176,138,2155,1987,3248
449,20054,20176,139,2151,1982,3263
449,20054,20176,140,2158,1986,3277
449,20054,20176,141,2161,1987,3292
449,20054,20176,142,2156,1982,3303
449,20054,20176,143,2164,1987,3318
449,20054,20176,144,2167,1987,3335
449,20054,20176,145,2161,1982,3343
449,20054,20176,146,2169,1986,3362
449,20054,20176,147,2173,1986,3374
449,20054,20176,148,2167,1983,3389
449,20054,20176,149,2176,1986,3405
449,20054,20176,150,2179,1986,3419
449,20054,20176,151,2174,1984,3431
449,20054,20176,152,2183,1986,3450
449,20054,20176,153,2184,1986,3462
449,20054,20176,154,2179,1984,3474
449,20054,20176,155,2186,1986,3472
449,20054,20176,156,2186,1986,3471
449,20054,20176,157,2181,1985,3487
449,20054,20176,158,2188,1985,3490
449,20054,20176,159,2190,1986,3509
449,20054,20176,160,2186,1986,3517
449,20054,20176,161,2191,1985,3520
449,20054,20176,162,2190,1985,3500
449,20054,20176,163,2175,1985,3398
449,20054,20176,164,2164,1984,3295
449,20054,20176,165,2149,1983,3178
449,20054,20176,166,2132,1984,3069
449,20054,20176,167,2118,1984,2948
449,20054,20176,168,2099,1981,2819
449,20054,20176,169,2082,1983,2686
449,20054,20176,170,2063,1984,2565
449,20054,20176,171,2051,1981,2456
449,20054,20176,172,2033,1984,2359
449,20054,20176,173,2021,1985,2240
449,20054,20176,174,2002,1978,2100
449,20054,20176,175,1979,1983,1980
449,20054,20176,176,1966,1984,1844
449,20054,20176,177,1947,1977,1711
449,20054,20176,178,1935,1982,1627
449,20054,20176,179,1921,1983,1511
449,20054,20176,180,1896,1977,1359
449,20054,20176,181,1885,1981,1211
449,20054,20176,182,1867,1981,1070
449,20054,20176,183,1841,1976,905
449,20054,20176,184,1830,1979,767
449,20054,20176,185,1812,1979,626
449,20054,20176,186,1790,1973,475
449,20054,20176,187,1779,1976,334
449,20054,20176,188,1765,1975,212
449,20054,20176,189,1755,1971,222
449,20054,20176,190,1763,1975,238
449,20054,20176,191,1765,1976,250
449,20054,20176,192,1759,1972,263
449,20054,20176,193,1768,1975,281
449,20054,20176,194,1770,1975,298
449,20054,20176,195,1765,1973,309
449,20054,20176,196,1771,1975,340
449,20054,20176,197,1774,1975,335
449,20054,20176,198,1770,1975,353
449,20054,20176,199,1777,1975,364
449,20054,20176,200,1780,1976,384
449,20054,20176,201,1774,1975,395
449,20054,20176,202,1782,1975,408
449,20054,20176,203,1783,1976,426
449,20054,20176,204,1781,1976,436
449,20054,20176,205,1786,1976,449
449,20054,20176,206,1788,1976,466
449,20054,20176,207,1786,1978,479
449,20054,20176,208,1790,1977,495
449,20054,20176,209,1792,1976,510
449,20054,20176,210,1791,1977,519
449,20054,20176,211,1796,1979,537
449,20054,20176,212,1797,1975,549
449,20054,20176,213,1797,1978,563
449,20054,20176,214,1800,1980,579
449,20054,20176,215,1801,1975,593
449,20054,20176,216,1802,1979,607
449,20054,20176,217,1804,1980,623
449,20054,20176,218,1806,1975,638
449,20054,20176,219,1808,1979,652
449,20054,20176,220,1811,1981,665
449,20054,20176,221,1808,1976,682
449,20054,20176,222,1813,1980,694
449,20054,20176,223,1816,1981,708
449,20054,20176,224,1813,1975,720
449,20054,20176,225,1818,1980,768
449,20054,20176,226,1822,1981,748
449,20054,20176,227,1817,1976,764
449,20054,20176,228,1824,1980,774
449,20054,20176,229,1826,1981,790
449,20054,20176,230,1821,1976,806
449,20054,20176,231,1830,1980,817
449,20054,20176,232,1831,1980,837
449,20054,20176,233,1827,1977,850
449,20054,20176,234,1835,1981,867
449,20054,20176,235,1837,1980,876
449,20054,20176,236,1831,1977,890
449,20054,20176,237,1841,1980,907
449,20054,20176,238,1842,1980,922
449,20054,20176,239,1837,1979,933
449,20054,20176,240,1845,1980,946
449,20054,20176,241,1847,1980,962
449,20054,20176,242,1842,1979,975
449,20054,20176,243,1850,1980,994
449,20054,20176,244,1852,1981,1007
449,20054,20176,245,1847,1979,1020
449,20054,20176,246,1856,1980,1032
449,20054,20176,247,1857,1980,1050
449,20054,20176,248,1854,1980,1062
449,20054,20176,249,1860,1980,1076
449,20054,20176,250,1862,1980,1088
449,20054,20176,251,1859,1981,1106
449,20054,20176,252,1864,1980,1119
449,20054,20176,253,1867,1979,1135
449,20054,20176,254,1865,1981,1145
449,20054,20176,255,1869,1982,1156
449,20054,20176,256,1872,1978,1175
449,20054,20176,257,1872,1982,1191
449,20054,20176,258,1875,1983,1201
449,20054,20176,259,1875,1977,1220
449,20054,20176,260,1878,1982,1235
449,20054,20176,261,1879,1983,1247
449,20054,20176,262,1881,1977,1259
449,20054,20176,263,1884,1982,1273
449,20054,20176,264,1886,1983,1289
449,20054,20176,265,1884,1978,1301
449,20054,20176,266,1891,1982,1314
449,20054,20176,267,1891,1983,1328
449,20054,20176,268,1883,1978,1303
449,20054,20176,269,1887,1982,1285
449,20054,20176,270,1886,1983,1273
449,20054,20176,271,1877,1978,1261
449,20054,20176,272,1882,1982,1248
449,20054,20176,273,1881,1982,1234
449,20054,20176,274,1872,1978,1217
449,20054,20176,275,1882,1981,1213
449,20054,20176,276,1875,1982,1188
449,20054,20176,277,1867,1978,1169
449,20054,20176,278,1869,1981,1162
449,20054,20176,279,1870,1982,1147
449,20054,20176,280,1861,1978,1132
449,20054,20176,281,1866,1981,1120
449,20054,20176,282,1864,1981,1107
449,20054,20176,283,1856,1978,1090
449,20054,20176,284,1860,1981,1077
449,20054,20176,285,1860,1980,1060
449,20054,20176,286,1850,1979,1048
449,20054,20176,287,1855,1980,1034
449,20054,20176,288,1853,1980,1019
449,20054,20176,289,1845,1979,1004
449,20054,20176,290,1850,1980,990
449,20054,20176,291,1848,1979,975
449,20054,20176,292,1840,1980,961
449,20054,20176,293,1844,1979,949
449,20054,20176,294,1842,1979,933
449,20054,20176,295,1836,1980,919
449,20054,20176,296,1839,1980,904
449,20054,20176,297,1837,1977,893
449,20054,20176,298,1832,1980,876
449,20054,20176,299,1834,1980,864
449,20054,20176,300,1832,1976,849
449,20054,20176,301,1829,1979,831
449,20054,20176,302,1828,1981,819
449,20054,20176,303,1826,1976,806
449,20054,20176,304,1824,1980,794
449,20054,20176,305,1823,1982,777
449,20054,20176,306,1819,1975,767
449,20054,20176,307,1820,1980,748
449,20054,20176,308,1818,1981,735
449,20054,20176,309,1813,1975,725
449,20054,20176,310,1816,1979,709
449,20054,20176,311,1814,1980,693
449,20054,20176,312,1807,1975,679
449,20054,20176,313,1810,1979,664
449,20054,20176,314,1810,1980,652
449,20054,20176,315,1801,1975,634
449,20054,20176,316,1806,1978,624
449,20054,20176,317,1805,1979,606
449,20054,20176,318,1796,1975,583
449,20054,20176,319,1801,1978,578
449,20054,20176,320,1800,1978,564
449,20054,20176,321,1792,1975,550
449,20054,20176,322,1797,1978,533
449,20054,20176,323,1795,1978,518
449,20054,20176,324,1787,1975,506
449,20054,20176,325,1792,1977,495
449,20054,20176,326,1792,1977,480
449,20054,20176,327,1782,1975,462
449,20054,20176,328,1786,1977,449
449,20054,20176,329,1786,1977,433
449,20054,20176,330,1778,1975,422
449,20054,20176,331,1782,1976,406
449,20054,20176,332,1780,1976,395
449,20054,20176,333,1774,1975,380
449,20054,20176,334,1777,1976,363
449,20054,20176,335,1775,1975,354
449,20054,20176,336,1769,1975,338
449,20054,20176,337,1772,1975,317
449,20054,20176,338,1770,1974,313
449,20054,20176,339,1765,1975,295
449,20054,20176,340,1768,1975,280
449,20054,20176,341,1765,1972,267
449,20054,20176,342,1761,1974,251
449,20054,20176,343,1762,1975,237
449,20054,20176,344,1760,1971,224
449,20054,20176,345,1757,1975,210
449,20054,20176,346,1757,1975,197
449,20054,20176,347,1755,1970,183
449,20054,20176,348,1753,1973,173
449,20054,20176,349,1756,1976,207
449,20054,20176,350,1763,1971,286
449,20054,20176,351,1777,1976,365
449,20054,20176,352,1790,1981,519
449,20054,20176,353,1798,1975,638
449,20054,20176,354,1819,1981,770
449,20054,20176,355,1833,1982,904
451,20233,20355,0,2011,2029,1245
451,20233,20355,1,1885,1983,1329
451,20233,20355,2,1896,1981,1390
451,20233,20355,3,1911,1982,1509
451,20233,20355,4,1919,1982,1583
451,20233,20355,5,1936,1982,1700
451,20233,20355,6,1950,1982,1820
451,20233,20355,7,1967,1983,1977
451,20233,20355,8,1982,1983,2072
451,20233,20355,9,2003,1984,2203
451,20233,20355,10,2022,1983,2334
451,20233,20355,11,2036,1984,2465
451,20233,20355,12,2057,1984,2553
451,20233,20355,13,2069,1984,2678
451,20233,20355,14,2083,1985,2789
451,20233,20355,15,2100,1985,2905
451,20233,20355,16,2134,1985,3058
451,20233,20355,17,2140,1985,3189
451,20233,20355,18,2159,1985,3326
451,20233,20355,19,2176,1986,3464
451,20233,20355,20,2184,1985,3480
451,20233,20355,21,2183,1984,3470
451,20233,20355,22,2184,1985,3472
451,20233,20355,23,2184,1985,3475
451,20233,20355,24,2182,1985,3462
451,20233,20355,25,2180,1986,3445
451,20233,20355,26,2179,1985,3431
451,20233,20355,27,2176,1985,3418
451,20233,20355,28,2175,1985,3403
451,20233,20355,29,2172,1985,3391
451,20233,20355,30,2170,1985,3376
451,20233,20355,31,2169,1985,3353
451,20233,20355,32,2167,1985,3347
451,20233,20355,33,2164,1985,3335
451,20233,20355,34,2162,1985,3326
451,20233,20355,35,2163,1985,3305
451,20233,20355,36,2158,1985,3291
451,20233,20355,37,2157,1985,3277
451,20233,20355,38,2154,1985,3263
451,20233,20355,39,2153,1985,3248
451,20233,20355,40,2151,1985,3236
451,20233,20355,41,2149,1984,3224
451,20233,20355,42,2146,1985,3203
451,20233,20355,43,2145,1986,3191
451,20233,20355,44,2143,1985,3177
451,20233,20355,45,2142,1985,3160
451,20233,20355,46,2138,1985,3147
451,20233,20355,47,2137,1985,3136
451,20233,20355,48,2134,1984,3119
451,20233,20355,49,2133,1985,3103
451,20233,20355,50,2131,1984,3090
451,20233,20355,51,2128,1985,3078
451,20233,20355,52,2127,1985,3067
451,20233,20355,53,2124,1985,3047
451,20233,20355,54,2124,1984,3037
451,20233,20355,55,2121,1985,3019
451,20233,20355,56,2118,1984,3006
451,20233,20355,57,2117,1984,2992
451,20233,20355,58,2115,1984,2978
451,20233,20355,59,2114,1984,2960
451,20233,20355,60,2111,1984,2951
451,20233,20355,61,2109,1984,2932
451,20233,20355,62,2107,1984,2921
451,20233,20355,63,2105,1984,2908
451,20233,20355,64,2103,1984,2894
451,20233,20355,65,2101,1984,2878
451,20233,20355,66,2099,1984,2867
451,20233,20355,67,2100,1984,2850
451,20233,20355,68,2095,1984,2840
451,20233,20355,69,2094,1984,2818
451,20233,20355,70,2093,1983,2809
451,20233,20355,71,2090,1984,2793
451,20233,20355,72,2089,1984,2780
451,20233,20355,73,2086,1984,2763
451,20233,20355,74,2084,1984,2750
451,20233,20355,75,2082,1984,2734
451,20233,20355,76,2081,1984,2723
451,20233,20355,77,2078,1984,2710
451,20233,20355,78,2076,1984,2691
451,20233,20355,79,2074,1983,2682
451,20233,20355,80,2072,1983,2666
451,20233,20355,81,2071,1983,2649
451,20233,20355,82,2069,1984,2637
451,20233,20355,83,2067,1983,2623
451,20233,20355,84,2064,1983,2608
451,20233,20355,85,2063,1983,2591
451,20233,20355,86,2061,1984,2583
451,20233,20355,87,2059,1983,2568
451,20233,20355,88,2057,1984,2553
451,20233,20355,89,2057,1983,2555
451,20233,20355,90,2058,1984,2566
451,20233,20355,91,2061,1984,2588
451,20233,20355,92,2062,1984,2594
451,20233,20355,93,2064,1984,2611
451,20233,20355,94,2066,1984,2623
451,20233,20355,95,2069,1983,2635
451,20233,20355,96,2069,1983,2654
451,20233,20355,97,2072,1984,2666
451,20233,20355,98,2074,1984,2676
451,20233,20355,99,2076,1984,2695
451,20233,20355,100,2077,1984,2706
451,20233,20355,101,2080,1984,2722
451,20233,20355,102,2082,1984,2741
451,20233,20355,103,2083,1984,2748
451,20233,20355,104,2086,1984,2765
451,20233,20355,105,2088,1984,2780
451,20233,20355,106,2089,1984,2794
451,20233,20355,107,2092,1984,2807
451,20233,20355,108,2094,1984,2817
451,20233,20355,109,2095,1983,2839
451,20233,20355,110,2098,1984,2851
451,20233,20355,111,2099,1984,2864
451,20233,20355,112,2102,1984,2881
451,20233,20355,113,2105,1984,2893
451,20233,20355,114,2105,1984,2907
451,20233,20355,115,2108,1984,2925
451,20233,20355,116,2108,1984,2933
451,20233,20355,117,2111,1984,2949
451,20233,20355,118,2113,1985,2961
451,20233,20355,119,2115,1985,2976
451,20233,20355,120,2117,1985,2993
451,20233,20355,121,2117,1984,3007
451,20233,20355,122,2121,1985,3022
451,20233,20355,123,2122,1984,3031
451,20233,20355,124,2126,1985,3071
451,20233,20355,125,2126,1984,3062
451,20233,20355,126,2129,1985,3080
451,20233,20355,127,2130,1984,3090
451,20233,20355,128,2134,1984,3104
451,20233,20355,129,2135,1985,3117
451,20233,20355,130,2137,1985,3128
451,20233,20355,131,2139,1985,3150
451,20233,20355,132,2139,1985,3162
451,20233,20355,133,2143,1985,3178
451,20233,20355,134,2145,1986,3189
451,20233,20355,135,2146,1985,3206
451,20233,20355,136,2150,1985,3219
451,20233,20355,137,2151,1985,3232
451,20233,20355,138,2152,1985,3248
451,20233,20355,139,2154,1985,3263
451,20233,20355,140,2157,1985,3276
451,20233,20355,141,2159,1985,3289
451,20233,20355,142,2160,1985,3305
451,20233,20355,143,2162,1986,3320
451,20233,20355,144,2164,1985,3330
451,20233,20355,145,2166,1985,3346
451,20233,20355,146,2168,1986,3363
451,20233,20355,147,2170,1985,3377
451,20233,20355,148,2172,1986,3390
451,20233,20355,149,2174,1986,3409
451,20233,20355,150,2177,1985,3416
451,20233,20355,151,2178,1986,3432
451,20233,20355,152,2179,1986,3445
451,20233,20355,153,2182,1985,3461
451,20233,20355,154,2184,1986,3475
451,20233,20355,155,2183,1985,3471
451,20233,20355,156,2183,1985,3470
451,20233,20355,157,2186,1985,3481
451,20233,20355,158,2187,1986,3498
451,20233,20355,159,2189,1985,3508
451,20233,20355,160,2189,1985,3512
451,20233,20355,161,2188,1985,3486
451,20233,20355,162,2174,1984,3392
451,20233,20355,163,2164,1984,3300
451,20233,20355,164,2150,1984,3196
451,20233,20355,165,2136,1984,3102
451,20233,20355,166,2122,1983,2981
451,20233,20355,167,2104,1984,2873
451,20233,20355,168,2092,1983,2752
451,20233,20355,169,2072,1983,2621
451,20233,20355,170,2058,1982,2508
451,20233,20355,171,2039,1983,2405
451,20233,20355,172,2024,1982,2256
451,20233,20355,173,2006,1982,2127
451,20233,20355,174,1985,1981,1996
451,20233,20355,175,1969,1982,1877
451,20233,20355,176,1954,1981,1728
451,20233,20355,177,1931,1981,1606
451,20233,20355,178,1920,1981,1521
451,20233,20355,179,1905,1980,1408
451,20233,20355,180,1889,1980,1269
451,20233,20355,181,1871,1979,1134
451,20233,20355,182,1855,1981,1037
451,20233,20355,183,1847,1979,927
451,20233,20355,184,1833,1979,826
451,20233,20355,185,1818,1978,703
451,20233,20355,186,1802,1977,552
451,20233,20355,187,1786,1975,413
451,20233,20355,188,1772,1975,295
451,20233,20355,189,1758,1974,224
451,20233,20355,190,1761,1974,237
451,20233,20355,191,1763,1974,254
451,20233,20355,192,1764,1975,265
451,20233,20355,193,1765,1974,284
451,20233,20355,194,1767,1974,293
451,20233,20355,195,1769,1975,309
451,20233,20355,196,1771,1975,324
451,20233,20355,197,1772,1975,336
451,20233,20355,198,1773,1975,355
451,20233,20355,199,1775,1975,365
451,20233,20355,200,1777,1976,382
451,20233,20355,201,1778,1976,394
451,20233,20355,202,1781,1976,411
451,20233,20355,203,1782,1976,421
451,20233,20355,204,1783,1976,435
451,20233,20355,205,1785,1976,457
451,20233,20355,206,1786,1976,466
451,20233,20355,207,1788,1976,475
451,20233,20355,208,1789,1977,493
451,20233,20355,209,1791,1977,508
451,20233,20355,210,1793,1977,523
451,20233,20355,211,1794,1977,537
451,20233,20355,212,1796,1977,552
451,20233,20355,213,1798,1977,564
451,20233,20355,214,1798,1977,580
451,20233,20355,215,1800,1978,593
451,20233,20355,216,1803,1978,606
451,20233,20355,217,1804,1979,620
451,20233,20355,218,1805,1978,638
451,20233,20355,219,1807,1978,648
451,20233,20355,220,1809,1978,662
451,20233,20355,221,1811,1977,681
451,20233,20355,222,1813,1979,696
451,20233,20355,223,1814,1978,706
451,20233,20355,224,1816,1978,718
451,20233,20355,225,1817,1979,736
451,20233,20355,226,1819,1979,748
451,20233,20355,227,1820,1979,765
451,20233,20355,228,1822,1979,778
451,20233,20355,229,1824,1978,789
451,20233,20355,230,1826,1979,805
451,20233,20355,231,1828,1979,815
451,20233,20355,232,1829,1979,834
451,20233,20355,233,1831,1979,851
451,20233,20355,234,1832,1979,870
451,20233,20355,235,1834,1979,880
451,20233,20355,236,1836,1979,891
451,20233,20355,237,1838,1980,906
451,20233,20355,238,1839,1980,915
451,20233,20355,239,1840,1979,936
451,20233,20355,240,1843,1979,947
451,20233,20355,241,1844,1980,965
451,20233,20355,242,1846,1980,976
451,20233,20355,243,1848,1979,987
451,20233,20355,244,1849,1980,1002
451,20233,20355,245,1853,1980,1020
451,20233,20355,246,1853,1980,1035
451,20233,20355,247,1854,1980,1039
451,20233,20355,248,1857,1980,1059
451,20233,20355,249,1858,1980,1077
451,20233,20355,250,1860,1980,1091
451,20233,20355,251,1863,1981,1103
451,20233,20355,252,1864,1980,1120
451,20233,20355,253,1866,1981,1129
451,20233,20355,254,1868,1980,1148
451,20233,20355,255,1869,1981,1158
451,20233,20355,256,1871,1980,1171
451,20233,20355,257,1873,1980,1189
451,20233,20355,258,1875,1981,1203
451,20233,20355,259,1876,1981,1218
451,20233,20355,260,1879,1980,1220
451,20233,20355,261,1880,1981,1248
451,20233,20355,262,1882,1981,1260
451,20233,20355,263,1883,1980,1273
451,20233,20355,264,1886,1980,1289
451,20233,20355,265,1887,1980,1306
451,20233,20355,266,1889,1981,1319
451,20233,20355,267,1890,1981,1316
451,20233,20355,268,1888,1981,1306
451,20233,20355,269,1885,1981,1288
451,20233,20355,270,1884,1980,1277
451,20233,20355,271,1883,1980,1260
451,20233,20355,272,1879,1980,1250
451,20233,20355,273,1878,1981,1237
451,20233,20355,274,1876,1980,1223
451,20233,20355,275,1875,1981,1202
451,20233,20355,276,1872,1980,1191
451,20233,20355,277,1870,1980,1174
451,20233,20355,278,1871,1980,1157
451,20233,20355,279,1868,1981,1148
451,20233,20355,280,1866,1980,1133
451,20233,20355,281,1865,1980,1118
451,20233,20355,282,1862,1980,1106
451,20233,20355,283,1860,1980,1092
451,20233,20355,284,1859,1980,1057
451,20233,20355,285,1857,1980,1058
451,20233,20355,286,1855,1980,1054
451,20233,20355,287,1853,1979,1033
451,20233,20355,288,1851,1980,1017
451,20233,20355,289,1851,1980,1006
451,20233,20355,290,1847,1980,995
451,20233,20355,291,1846,1980,979
451,20233,20355,292,1844,1979,963
451,20233,20355,293,1843,1980,947
451,20233,20355,294,1840,1979,933
451,20233,20355,295,1839,1979,918
451,20233,20355,296,1838,1979,907
451,20233,20355,297,1837,1979,892
451,20233,20355,298,1835,1979,879
451,20233,20355,299,1832,1979,863
451,20233,20355,300,1831,1979,849
451,20233,20355,301,1829,1979,835
451,20233,20355,302,1828,1980,819
451,20233,20355,303,1825,1979,810
451,20233,20355,304,1825,1979,791
451,20233,20355,305,1821,1979,774
451,20233,20355,306,1821,1979,758
451,20233,20355,307,1819,1979,752
451,20233,20355,308,1818,1978,736
451,20233,20355,309,1816,1978,720
451,20233,20355,310,1814,1978,700
451,20233,20355,311,1812,1978,688
451,20233,20355,312,1811,1978,680
451,20233,20355,313,1809,1978,664
451,20233,20355,314,1808,1978,651
451,20233,20355,315,1807,1978,636
451,20233,20355,316,1804,1977,621
451,20233,20355,317,1802,1978,603
451,20233,20355,318,1800,1978,594
451,20233,20355,319,1800,1978,579
451,20233,20355,320,1797,1978,561
451,20233,20355,321,1796,1977,548
451,20233,20355,322,1794,1977,537
451,20233,20355,323,1793,1977,522
451,20233,20355,324,1792,1977,512
451,20233,20355,325,1789,1976,492
451,20233,20355,326,1788,1977,482
451,20233,20355,327,1786,1976,467
451,20233,20355,328,1785,1976,455
451,20233,20355,329,1784,1976,437
451,20233,20355,330,1782,1976,427
451,20233,20355,331,1780,1975,408
451,20233,20355,332,1779,1976,394
451,20233,20355,333,1777,1975,369
451,20233,20355,334,1775,1976,366
451,20233,20355,335,1773,1975,350
451,20233,20355,336,1771,1975,337
451,20233,20355,337,1771,1975,323
451,20233,20355,338,1768,1975,311
451,20233,20355,339,1768,1975,296
451,20233,20355,340,1765,1974,282
451,20233,20355,341,1764,1974,266
451,20233,20355,342,1763,1974,253
451,20233,20355,343,1761,1973,240
451,20233,20355,344,1760,1973,230
451,20233,20355,345,1758,1973,209
451,20233,20355,346,1757,1973,194
451,20233,20355,347,1754,1973,182
451,20233,20355,348,1754,1973,177
451,20233,20355,349,1764,1974,257
451,20233,20355,350,1768,1976,354
451,20233,20355,351,1783,1976,447
451,20233,20355,352,1794,1978,526
451,20233,20355,353,1802,1978,628
451,20233,20355,354,1813,1978,725
451,20233,20355,355,1827,1980,840
453,20409,20531,0,2002,2028,1211
453,20409,20531,1,1878,1983,1288
453,20409,20531,2,1891,1981,1350
453,20409,20531,3,1905,1982,1465
453,20409,20531,4,1915,1982,1567
453,20409,20531,5,1935,1983,1690
453,20409,20531,6,1947,1983,1806
453,20409,20531,7,1962,1983,1924
453,20409,20531,8,1984,1984,2054
453,20409,20531,9,2000,1984,2208
453,20409,20531,10,2026,1985,2373
453,20409,20531,11,2046,1985,2539
453,20409,20531,12,2069,1984,2679
453,20409,20531,13,2088,1984,2818
453,20409,20531,14,2107,1985,2982
453,20409,20531,15,2129,1985,3118
453,20409,20531,16,2148,1985,3267
453,20409,20531,17,2164,1985,3371
453,20409,20531,18,2184,1986,3496
453,20409,20531,19,2186,1985,3500
453,20409,20531,20,2188,1985,3477
453,20409,20531,21,2184,1985,3471
453,20409,20531,22,2184,1985,3471
453,20409,20531,23,2183,1985,3473
453,20409,20531,24,2182,1985,3458
453,20409,20531,25,2179,1985,3445
453,20409,20531,26,2179,1985,3429
453,20409,20531,27,2176,1985,3419
453,20409,20531,28,2175,1985,3403
453,20409,20531,29,2173,1985,3391
453,20409,20531,30,2171,1985,3372
453,20409,20531,31,2169,1984,3361
453,20409,20531,32,2167,1985,3346
453,20409,20531,33,2165,1985,3333
453,20409,20531,34,2163,1985,3320
453,20409,20531,35,2160,1984,3302
453,20409,20531,36,2158,1985,3291
453,20409,20531,37,2157,1984,3278
453,20409,20531,38,2154,1985,3262
453,20409,20531,39,2153,1985,3244
453,20409,20531,40,2151,1985,3234
453,20409,20531,41,2148,1985,3216
453,20409,20531,42,2147,1984,3204
453,20409,20531,43,2145,1985,3195
453,20409,20531,44,2143,1984,3176
453,20409,20531,45,2140,1985,3162
453,20409,20531,46,2139,1984,3151
453,20409,20531,47,2138,1985,3136
453,20409,20531,48,2135,1985,3122
453,20409,20531,49,2132,1984,3105
453,20409,20531,50,2131,1985,3092
453,20409,20531,51,2129,1985,3078
453,20409,20531,52,2128,1985,3064
453,20409,20531,53,2124,1985,3049
453,20409,20531,54,2122,1985,3035
453,20409,20531,55,2122,1984,3019
453,20409,20531,56,2120,1984,3005
453,20409,20531,57,2117,1984,2993
453,20409,20531,58,2115,1984,2979
453,20409,20531,59,2114,1985,2960
453,20409,20531,60,2112,1984,2951
453,20409,20531,61,2109,1985,2935
453,20409,20531,62,2107,1985,2921
453,20409,20531,63,2105,1985,2904
453,20409,20531,64,2103,1984,2893
453,20409,20531,65,2102,1984,2880
453,20409,20531,66,2095,1984,2865
453,20409,20531,67,2098,1983,2851
453,20409,20531,68,2097,1983,2837
453,20409,20531,69,2094,1984,2823
453,20409,20531,70,2092,1984,2807
453,20409,20531,71,2089,1984,2795
453,20409,20531,72,2088,1984,2779
453,20409,20531,73,2086,1984,2766
453,20409,20531,74,2083,1984,2752
453,20409,20531,75,2083,1984,2735
453,20409,20531,76,2079,1984,2722
453,20409,20531,77,2079,1984,2710
453,20409,20531,78,2076,1984,2693
453,20409,20531,79,2074,1984,2678
453,20409,20531,80,2072,1984,2666
453,20409,20531,81,2070,1984,2652
453,20409,20531,82,2068,1983,2637
453,20409,20531,83,2066,1984,2623
453,20409,20531,84,2064,1984,2609
453,20409,20531,85,2063,1984,2595
453,20409,20531,86,2060,1984,2582
453,20409,20531,87,2058,1984,2568
453,20409,20531,88,2056,1984,2550
453,20409,20531,89,2056,1984,2555
453,20409,20531,90,2059,1984,2568
453,20409,20531,91,2061,1983,2579
453,20409,20531,92,2063,1984,2593
453,20409,20531,93,2065,1984,2612
453,20409,20531,94,2066,1984,2630
453,20409,20531,95,2069,1984,2640
453,20409,20531,96,2070,1984,2653
453,20409,20531,97,2071,1984,2666
453,20409,20531,98,2074,1984,2679
453,20409,20531,99,2076,1984,2695
453,20409,20531,100,2078,1984,2706
453,20409,20531,101,2080,1984,2722
453,20409,20531,102,2082,1983,2738
453,20409,20531,103,2084,1984,2747
453,20409,20531,104,2086,1984,2766
453,20409,20531,105,2087,1984,2778
453,20409,20531,106,2090,1984,2792
453,20409,20531,107,2092,1984,2809
453,20409,20531,108,2093,1984,2820
453,20409,20531,109,2096,1984,2832
453,20409,20531,110,2096,1984,2849
453,20409,20531,111,2101,1984,2865
453,20409,20531,112,2101,1984,2878
453,20409,20531,113,2102,1985,2896
453,20409,20531,114,2106,1984,2910
453,20409,20531,115,2106,1985,2922
453,20409,20531,116,2109,1985,2936
453,20409,20531,117,2111,1984,2949
453,20409,20531,118,2114,1985,2961
453,20409,20531,119,2114,1984,2980
453,20409,20531,120,2117,1985,2992
453,20409,20531,121,2119,1985,3005
453,20409,20531,122,2121,1984,3020
453,20409,20531,123,2124,1985,3036
453,20409,20531,124,2125,1984,3049
453,20409,20531,125,2127,1985,3064
453,20409,20531,126,2129,1985,3071
453,20409,20531,127,2130,1985,3093
453,20409,20531,128,2133,1985,3102
453,20409,20531,129,2133,1985,3119
453,20409,20531,130,2136,1984,3138
453,20409,20531,131,2138,1985,3146
453,20409,20531,132,2140,1984,3162
453,20409,20531,133,2143,1985,3176
453,20409,20531,134,2144,1985,3189
453,20409,20531,135,2147,1984,3205
453,20409,20531,136,2148,1984,3216
453,20409,20531,137,2151,1985,3235
453,20409,20531,138,2152,1985,3246
453,20409,20531,139,2155,1985,3263
453,20409,20531,140,2158,1985,3278
453,20409,20531,141,2159,1985,3291
453,20409,20531,142,2161,1985,3304
453,20409,20531,143,2163,1986,3318
453,20409,20531,144,2165,1985,3332
453,20409,20531,145,2166,1986,3347
453,20409,20531,146,2169,1985,3361
453,20409,20531,147,2172,1985,3376
453,20409,20531,148,2173,1985,3388
453,20409,20531,149,2175,1986,3403
453,20409,20531,150,2176,1985,3423
453,20409,20531,151,2179,1985,3430
453,20409,20531,152,2179,1985,3448
453,20409,20531,153,2183,1986,3460
453,20409,20531,154,2184,1985,3475
453,20409,20531,155,2184,1986,3472
453,20409,20531,156,2184,1986,3477
453,20409,20531,157,2184,1985,3484
453,20409,20531,158,2187,1986,3497
453,20409,20531,159,2189,1986,3507
453,20409,20531,160,2189,1986,3511
453,20409,20531,161,2191,1986,3520
453,20409,20531,162,2191,1985,3519
453,20409,20531,163,2187,1985,3457
453,20409,20531,164,2176,1985,3363
453,20409,20531,165,2157,1984,3235
453,20409,20531,166,2137,1983,3107
453,20409,20531,167,2121,1983,2983
453,20409,20531,168,2102,1983,2837
453,20409,20531,169,2085,1982,2696
453,20409,20531,170,2067,1983,2567
453,20409,20531,171,2046,1983,2427
453,20409,20531,172,2029,1982,2305
453,20409,20531,173,2011,1982,2177
453,20409,20531,174,1987,1982,2016
453,20409,20531,175,1970,1981,1883
453,20409,20531,176,1952,1981,1741
453,20409,20531,177,1931,1981,1592
453,20409,20531,178,1919,1981,1516
453,20409,20531,179,1905,1980,1399
453,20409,20531,180,1884,1979,1229
453,20409,20531,181,1867,1979,1080
453,20409,20531,182,1846,1978,928
453,20409,20531,183,1829,1978,754
453,20409,20531,184,1811,1978,629
453,20409,20531,185,1794,1975,489
453,20409,20531,186,1780,1975,357
453,20409,20531,187,1764,1973,220
453,20409,20531,188,1757,1973,216
453,20409,20531,189,1760,1974,223
453,20409,20531,190,1761,1974,240
453,20409,20531,191,1763,1975,252
453,20409,20531,192,1765,1975,266
453,20409,20531,193,1766,1975,279
453,20409,20531,194,1767,1974,296
453,20409,20531,195,1769,1975,307
453,20409,20531,196,1770,1975,325
453,20409,20531,197,1771,1975,335
453,20409,20531,198,1773,1976,352
453,20409,20531,199,1775,1976,367
453,20409,20531,200,1776,1976,378
453,20409,20531,201,1779,1975,393
453,20409,20531,202,1781,1976,408
453,20409,20531,203,1781,1976,422
453,20409,20531,204,1784,1977,439
453,20409,20531,205,1785,1976,451
453,20409,20531,206,1787,1977,465
453,20409,20531,207,1788,1977,479
453,20409,20531,208,1789,1976,495
453,20409,20531,209,1790,1977,510
453,20409,20531,210,1794,1977,520
453,20409,20531,211,1794,1977,535
453,20409,20531,212,1796,1977,551
453,20409,20531,213,1798,1977,563
453,20409,20531,214,1799,1977,580
453,20409,20531,215,1801,1977,588
453,20409,20531,216,1801,1978,606
453,20409,20531,217,1804,1978,621
453,20409,20531,218,1805,1978,629
453,20409,20531,219,1808,1978,650
453,20409,20531,220,1810,1978,664
453,20409,20531,221,1811,1978,676
453,20409,20531,222,1812,1978,687
453,20409,20531,223,1815,1978,705
453,20409,20531,224,1816,1979,720
453,20409,20531,225,1818,1979,733
453,20409,20531,226,1819,1979,749
453,20409,20531,227,1821,1979,767
453,20409,20531,228,1823,1979,776
453,20409,20531,229,1823,1979,792
453,20409,20531,230,1826,1979,806
453,20409,20531,231,1826,1979,820
453,20409,20531,232,1828,1979,835
453,20409,20531,233,1830,1980,848
453,20409,20531,234,1832,1979,859
453,20409,20531,235,1834,1980,878
453,20409,20531,236,1836,1979,891
453,20409,20531,237,1838,1979,908
453,20409,20531,238,1841,1980,921
453,20409,20531,239,1841,1980,934
453,20409,20531,240,1843,1980,948
453,20409,20531,241,1845,1979,961
453,20409,20531,242,1847,1980,975
453,20409,20531,243,1848,1980,990
453,20409,20531,244,1850,1980,1004
453,20409,20531,245,1851,1980,1023
453,20409,20531,246,1853,1980,1033
453,20409,20531,247,1855,1980,1048
453,20409,20531,248,1858,1980,1060
453,20409,20531,249,1858,1980,1074
453,20409,20531,250,1860,1981,1088
453,20409,20531,251,1861,1980,1104
453,20409,20531,252,1863,1980,1118
453,20409,20531,253,1867,1980,1131
453,20409,20531,254,1867,1980,1148
453,20409,20531,255,1870,1981,1159
453,20409,20531,256,1872,1981,1177
453,20409,20531,257,1872,1980,1190
453,20409,20531,258,1875,1981,1201
453,20409,20531,259,1877,1981,1218
453,20409,20531,260,1877,1981,1235
453,20409,20531,261,1880,1981,1245
453,20409,20531,262,1881,1981,1260
453,20409,20531,263,1884,1981,1277
453,20409,20531,264,1884,1981,1287
453,20409,20531,265,1887,1981,1305
453,20409,20531,266,1889,1981,1317
453,20409,20531,267,1889,1980,1318
453,20409,20531,268,1887,1981,1300
453,20409,20531,269,1885,1980,1284
453,20409,20531,270,1883,1981,1274
453,20409,20531,271,1882,1980,1260
453,20409,20531,272,1881,1980,1249
453,20409,20531,273,1878,1981,1235
453,20409,20531,274,1877,1980,1217
453,20409,20531,275,1874,1980,1202
453,20409,20531,276,1873,1981,1190
453,20409,20531,277,1871,1980,1174
453,20409,20531,278,1870,1981,1161
453,20409,20531,279,1867,1980,1146
453,20409,20531,280,1866,1980,1131
453,20409,20531,281,1863,1980,1118
453,20409,20531,282,1862,1980,1104
453,20409,20531,283,1861,1980,1093
453,20409,20531,284,1858,1980,1074
453,20409,20531,285,1856,1980,1060
453,20409,20531,286,1855,1980,1049
453,20409,20531,287,1853,1980,1035
453,20409,20531,288,1851,1980,1019
453,20409,20531,289,1850,1980,1003
453,20409,20531,290,1849,1980,990
453,20409,20531,291,1846,1979,977
453,20409,20531,292,1846,1980,960
453,20409,20531,293,1842,1980,947
453,20409,20531,294,1842,1980,931
453,20409,20531,295,1839,1979,916
453,20409,20531,296,1839,1980,904
453,20409,20531,297,1836,1979,890
453,20409,20531,298,1834,1979,877
453,20409,20531,299,1833,1980,863
453,20409,20531,300,1831,1979,850
453,20409,20531,301,1830,1979,835
453,20409,20531,302,1828,1979,822
453,20409,20531,303,1826,1979,806
453,20409,20531,304,1824,1979,789
453,20409,20531,305,1822,1979,777
453,20409,20531,306,1820,1979,765
453,20409,20531,307,1820,1979,748
453,20409,20531,308,1817,1978,734
453,20409,20531,309,1816,1978,722
453,20409,20531,310,1814,1978,708
453,20409,20531,311,1812,1977,695
453,20409,20531,312,1810,1978,678
453,20409,20531,313,1808,1978,663
453,20409,20531,314,1809,1978,648
453,20409,20531,315,1805,1978,643
453,20409,20531,316,1804,1978,624
453,20409,20531,317,1803,1977,609
453,20409,20531,318,1801,1978,594
453,20409,20531,319,1800,1977,578
453,20409,20531,320,1797,1977,564
453,20409,20531,321,1797,1977,557
453,20409,20531,322,1795,1977,534
453,20409,20531,323,1794,1977,519
453,20409,20531,324,1792,1976,508
453,20409,20531,325,1790,1977,493
453,20409,20531,326,1787,1976,480
453,20409,20531,327,1787,1976,464
453,20409,20531,328,1785,1976,452
453,20409,20531,329,1783,1976,440
453,20409,20531,330,1782,1976,423
453,20409,20531,331,1780,1976,402
453,20409,20531,332,1778,1976,394
453,20409,20531,333,1777,1975,380
453,20409,20531,334,1776,1976,363
453,20409,20531,335,1774,1975,345
453,20409,20531,336,1772,1976,336
453,20409,20531,337,1771,1975,324
453,20409,20531,338,1769,1975,314
453,20409,20531,339,1767,1974,294
453,20409,20531,340,1766,1974,281
453,20409,20531,341,1764,1974,266
453,20409,20531,342,1763,1973,251
453,20409,20531,343,1761,1973,239
453,20409,20531,344,1760,1974,223
453,20409,20531,345,1758,1973,210
453,20409,20531,346,1756,1974,197
453,20409,20531,347,1756,1973,180
453,20409,20531,348,1755,1973,177
453,20409,20531,349,1761,1974,268
453,20409,20531,350,1774,1977,380
453,20409,20531,351,1788,1978,526
453,20409,20531,352,1804,1979,643
453,20409,20531,353,1819,1980,782
453,20409,20531,354,1834,1980,931
453,20409,20531,355,1849,1981,1046
455,20585,20707,0,2006,2027,1256
455,20585,20707,1,1885,1982,1313
455,20585,20707,2,1896,1982,1391
455,20585,20707,3,1907,1982,1492
455,20585,20707,4,1921,1982,1594
455,20585,20707,5,1939,1982,1702
455,20585,20707,6,1952,1983,1822
455,20585,20707,7,1967,1983,1925
455,20585,20707,8,1977,1982,2012
455,20585,20707,9,1992,1983,2123
455,20585,20707,10,2005,1983,2246
455,20585,20707,11,2027,1984,2374
455,20585,20707,12,2043,1984,2483
455,20585,20707,13,2059,1984,2639
455,20585,20707,14,2082,1985,2776
455,20585,20707,15,2100,1985,2913
455,20585,20707,16,2122,1985,3071
455,20585,20707,17,2139,1986,3206
455,20585,20707,18,2162,1986,3355
455,20585,20707,19,2182,1986,3481
455,20585,20707,20,2185,1985,3479
455,20585,20707,21,2183,1985,3470
455,20585,20707,22,2183,1985,3471
455,20585,20707,23,2184,1985,3474
455,20585,20707,24,2180,1985,3460
455,20585,20707,25,2180,1985,3447
455,20585,20707,26,2178,1985,3428
455,20585,20707,27,2177,1984,3416
455,20585,20707,28,2175,1985,3404
455,20585,20707,29,2171,1985,3394
455,20585,20707,30,2170,1985,3381
455,20585,20707,31,2168,1985,3360
455,20585,20707,32,2166,1985,3348
455,20585,20707,33,2165,1985,3335
455,20585,20707,34,2162,1985,3326
455,20585,20707,35,2161,1985,3304
455,20585,20707,36,2158,1985,3292
455,20585,20707,37,2157,1985,3274
455,20585,20707,38,2153,1984,3261
455,20585,20707,39,2153,1985,3248
455,20585,20707,40,2150,1985,3231
455,20585,20707,41,2149,1985,3221
455,20585,20707,42,2146,1985,3211
455,20585,20707,43,2146,1985,3189
455,20585,20707,44,2142,1985,3178
455,20585,20707,45,2141,1984,3162
455,20585,20707,46,2139,1985,3148
455,20585,20707,47,2136,1985,3134
455,20585,20707,48,2136,1985,3122
455,20585,20707,49,2129,1984,3103
455,20585,20707,50,2131,1985,3090
455,20585,20707,51,2129,1985,3078
455,20585,20707,52,2127,1984,3065
455,20585,20707,53,2126,1984,3048
455,20585,20707,54,2123,1984,3034
455,20585,20707,55,2121,1985,3024
455,20585,20707,56,2119,1984,3005
455,20585,20707,57,2117,1984,2990
455,20585,20707,58,2115,1985,2979
455,20585,20707,59,2113,1984,2964
455,20585,20707,60,2113,1984,2949
455,20585,20707,61,2109,1984,2934
455,20585,20707,62,2107,1984,2922
455,20585,20707,63,2105,1984,2907
455,20585,20707,64,2104,1984,2891
455,20585,20707,65,2101,1983,2879
455,20585,20707,66,2099,1984,2862
455,20585,20707,67,2096,1984,2850
455,20585,20707,68,2096,1984,2835
455,20585,20707,69,2093,1984,2824
455,20585,20707,70,2093,1984,2805
455,20585,20707,71,2089,1984,2793
455,20585,20707,72,2089,1984,2779
455,20585,20707,73,2086,1984,2768
455,20585,20707,74,2083,1984,2756
455,20585,20707,75,2082,1983,2734
455,20585,20707,76,2080,1984,2723
455,20585,20707,77,2077,1983,2708
455,20585,20707,78,2076,1983,2687
455,20585,20707,79,2073,1984,2680
455,20585,20707,80,2073,1984,2663
455,20585,20707,81,2070,1983,2653
455,20585,20707,82,2069,1984,2636
455,20585,20707,83,2067,1984,2625
455,20585,20707,84,2063,1984,2609
455,20585,20707,85,2063,1984,2595
455,20585,20707,86,2061,1983,2583
455,20585,20707,87,2058,1983,2567
455,20585,20707,88,2057,1984,2553
455,20585,20707,89,2057,1983,2554
455,20585,20707,90,2060,1983,2566
455,20585,20707,91,2061,1983,2583
455,20585,20707,92,2062,1984,2596
455,20585,20707,93,2063,1984,2608
455,20585,20707,94,2067,1984,2624
455,20585,20707,95,2067,1983,2639
455,20585,20707,96,2069,1984,2653
455,20585,20707,97,2072,1984,2669
455,20585,20707,98,2075,1985,2681
455,20585,20707,99,2075,1984,2694
455,20585,20707,100,2079,1984,2707
455,20585,20707,101,2081,1984,2719
455,20585,20707,102,2081,1984,2738
455,20585,20707,103,2084,1984,2751
455,20585,20707,104,2086,1984,2766
455,20585,20707,105,2087,1984,2781
455,20585,20707,106,2090,1984,2795
455,20585,20707,107,2090,1984,2816
455,20585,20707,108,2094,1984,2821
455,20585,20707,109,2095,1985,2836
455,20585,20707,110,2098,1984,2851
455,20585,20707,111,2099,1985,2864
455,20585,20707,112,2102,1984,2876
455,20585,20707,113,2102,1984,2894
455,20585,20707,114,2105,1984,2905
455,20585,20707,115,2107,1984,2924
455,20585,20707,116,2110,1985,2937
455,20585,20707,117,2110,1984,2951
455,20585,20707,118,2113,1984,2963
455,20585,20707,119,2115,1984,2973
455,20585,20707,120,2117,1985,2993
455,20585,20707,121,2120,1984,3006
455,20585,20707,122,2120,1984,3018
455,20585,20707,123,2123,1984,3037
455,20585,20707,124,2126,1984,3047
455,20585,20707,125,2126,1985,3062
455,20585,20707,126,2128,1984,3077
455,20585,20707,127,2130,1984,3092
455,20585,20707,128,2133,1985,3107
455,20585,20707,129,2135,1985,3118
455,20585,20707,130,2137,1985,3134
455,20585,20707,131,2139,1985,3147
455,20585,20707,132,2140,1985,3159
455,20585,20707,133,2143,1985,3178
455,20585,20707,134,2145,1985,3189
455,20585,20707,135,2146,1985,3203
455,20585,20707,136,2149,1985,3222
455,20585,20707,137,2150,1985,3238
455,20585,20707,138,2153,1985,3249
455,20585,20707,139,2154,1986,3262
455,20585,20707,140,2156,1985,3276
455,20585,20707,141,2159,1985,3289
455,20585,20707,142,2160,1985,3305
455,20585,20707,143,2162,1985,3321
455,20585,20707,144,2164,1985,3332
455,20585,20707,145,2167,1985,3349
455,20585,20707,146,2168,1986,3360
455,20585,20707,147,2169,1986,3377
455,20585,20707,148,2172,1985,3384
455,20585,20707,149,2174,1986,3402
455,20585,20707,150,2175,1986,3417
455,20585,20707,151,2179,1985,3431
455,20585,20707,152,2179,1985,3439
455,20585,20707,153,2181,1985,3460
455,20585,20707,154,2184,1985,3475
455,20585,20707,155,2184,1985,3472
455,20585,20707,156,2183,1985,3470
455,20585,20707,157,2183,1986,3481
455,20585,20707,158,2187,1985,3495
455,20585,20707,159,2189,1986,3510
455,20585,20707,160,2190,1985,3513
455,20585,20707,161,2189,1985,3497
455,20585,20707,162,2180,1985,3428
455,20585,20707,163,2167,1984,3348
455,20585,20707,164,2156,1984,3241
455,20585,20707,165,2142,1984,3135
455,20585,20707,166,2132,1983,3028
455,20585,20707,167,2112,1982,2913
455,20585,20707,168,2099,1983,2799
455,20585,20707,169,2079,1983,2657
455,20585,20707,170,2065,1983,2545
455,20585,20707,171,2041,1982,2410
455,20585,20707,172,2027,1982,2290
455,20585,20707,173,2008,1981,2157
455,20585,20707,174,1990,1982,2015
455,20585,20707,175,1965,1980,1869
455,20585,20707,176,1952,1980,1733
455,20585,20707,177,1932,1980,1616
455,20585,20707,178,1926,1982,1588
455,20585,20707,179,1912,1981,1475
455,20585,20707,180,1899,1980,1367
455,20585,20707,181,1884,1980,1241
455,20585,20707,182,1867,1980,1103
455,20585,20707,183,1852,1979,979
455,20585,20707,184,1835,1978,840
455,20585,20707,185,1819,1978,692
455,20585,20707,186,1801,1977,566
455,20585,20707,187,1785,1975,386
455,20585,20707,188,1769,1974,239
455,20585,20707,189,1759,1974,224
455,20585,20707,190,1761,1974,236
455,20585,20707,191,1762,1974,251
455,20585,20707,192,1765,1974,266
455,20585,20707,193,1766,1974,276
455,20585,20707,194,1767,1975,300
455,20585,20707,195,1769,1975,309
455,20585,20707,196,1770,1975,322
455,20585,20707,197,1772,1975,337
455,20585,20707,198,1774,1975,350
455,20585,20707,199,1774,1975,368
455,20585,20707,200,1778,1976,378
455,20585,20707,201,1778,1976,396
455,20585,20707,202,1780,1976,410
455,20585,20707,203,1781,1976,422
455,20585,20707,204,1783,1976,440
455,20585,20707,205,1785,1976,449
455,20585,20707,206,1786,1976,467
455,20585,20707,207,1788,1976,476
455,20585,20707,208,1790,1976,497
455,20585,20707,209,1792,1977,507
455,20585,20707,210,1792,1977,521
455,20585,20707,211,1795,1977,534
455,20585,20707,212,1795,1977,551
455,20585,20707,213,1800,1978,564
455,20585,20707,214,1799,1977,581
455,20585,20707,215,1802,1977,592
455,20585,20707,216,1802,1978,605
455,20585,20707,217,1803,1977,626
455,20585,20707,218,1806,1977,637
455,20585,20707,219,1808,1978,647
455,20585,20707,220,1809,1978,664
455,20585,20707,221,1811,1978,684
455,20585,20707,222,1812,1978,691
455,20585,20707,223,1814,1978,709
455,20585,20707,224,1815,1979,720
455,20585,20707,225,1817,1978,739
455,20585,20707,226,1820,1979,749
455,20585,20707,227,1821,1978,760
455,20585,20707,228,1824,1979,777
455,20585,20707,229,1824,1979,790
455,20585,20707,230,1826,1979,804
455,20585,20707,231,1828,1979,820
455,20585,20707,232,1830,1979,834
455,20585,20707,233,1831,1979,848
455,20585,20707,234,1832,1979,864
455,20585,20707,235,1834,1979,877
455,20585,20707,236,1836,1979,895
455,20585,20707,237,1837,1979,908
455,20585,20707,238,1839,1980,918
455,20585,20707,239,1840,1979,935
455,20585,20707,240,1843,1980,947
455,20585,20707,241,1845,1980,964
455,20585,20707,242,1845,1980,975
455,20585,20707,243,1848,1980,989
455,20585,20707,244,1850,1980,1006
455,20585,20707,245,1852,1980,1017
455,20585,20707,246,1853,1980,1033
455,20585,20707,247,1854,1980,1048
455,20585,20707,248,1857,1980,1060
455,20585,20707,249,1858,1980,1075
455,20585,20707,250,1860,1980,1090
455,20585,20707,251,1862,1980,1103
455,20585,20707,252,1864,1980,1116
455,20585,20707,253,1866,1980,1131
455,20585,20707,254,1867,1980,1146
455,20585,20707,255,1869,1980,1161
455,20585,20707,256,1871,1980,1176
455,20585,20707,257,1873,1980,1189
455,20585,20707,258,1874,1981,1200
455,20585,20707,259,1877,1981,1217
455,20585,20707,260,1879,1980,1232
455,20585,20707,261,1880,1981,1246
455,20585,20707,262,1882,1981,1257
455,20585,20707,263,1883,1980,1274
455,20585,20707,264,1886,1981,1285
455,20585,20707,265,1887,1981,1303
455,20585,20707,266,1889,1980,1318
455,20585,20707,267,1889,1981,1316
455,20585,20707,268,1888,1981,1302
455,20585,20707,269,1884,1980,1289
455,20585,20707,270,1884,1980,1272
455,20585,20707,271,1881,1981,1260
455,20585,20707,272,1880,1980,1245
455,20585,20707,273,1878,1980,1234
455,20585,20707,274,1876,1980,1217
455,20585,20707,275,1875,1981,1201
455,20585,20707,276,1873,1980,1192
455,20585,20707,277,1870,1980,1175
455,20585,20707,278,1869,1980,1163
455,20585,20707,279,1867,1981,1146
455,20585,20707,280,1865,1980,1131
455,20585,20707,281,1864,1980,1119
455,20585,20707,282,1863,1980,1100
455,20585,20707,283,1860,1980,1090
455,20585,20707,284,1859,1980,1075
455,20585,20707,285,1857,1980,1063
455,20585,20707,286,1855,1980,1047
455,20585,20707,287,1853,1980,1034
455,20585,20707,288,1852,1980,1016
455,20585,20707,289,1850,1980,1005
455,20585,20707,290,1848,1979,990
455,20585,20707,291,1847,1980,974
455,20585,20707,292,1843,1979,962
455,20585,20707,293,1842,1980,946
455,20585,20707,294,1841,1979,931
455,20585,20707,295,1840,1980,917
455,20585,20707,296,1838,1979,910
455,20585,20707,297,1837,1979,891
455,20585,20707,298,1836,1979,878
455,20585,20707,299,1833,1979,865
455,20585,20707,300,1830,1979,846
455,20585,20707,301,1829,1979,835
455,20585,20707,302,1827,1979,818
455,20585,20707,303,1826,1979,798
455,20585,20707,304,1824,1979,793
455,20585,20707,305,1821,1978,774
455,20585,20707,306,1821,1979,763
455,20585,20707,307,1819,1978,751
455,20585,20707,308,1817,1979,735
455,20585,20707,309,1815,1979,720
455,20585,20707,310,1814,1978,700
455,20585,20707,311,1812,1978,691
455,20585,20707,312,1811,1978,675
455,20585,20707,313,1809,1978,662
455,20585,20707,314,1807,1978,649
455,20585,20707,315,1806,1978,633
455,20585,20707,316,1803,1977,623
455,20585,20707,317,1803,1977,606
455,20585,20707,318,1801,1977,592
455,20585,20707,319,1799,1977,577
455,20585,20707,320,1797,1977,567
455,20585,20707,321,1796,1977,550
455,20585,20707,322,1794,1977,535
455,20585,20707,323,1792,1977,521
455,20585,20707,324,1792,1977,506
455,20585,20707,325,1791,1977,492
455,20585,20707,326,1788,1977,480
455,20585,20707,327,1786,1977,464
455,20585,20707,328,1785,1976,450
455,20585,20707,329,1783,1976,439
455,20585,20707,330,1781,1976,424
455,20585,20707,331,1780,1975,412
455,20585,20707,332,1779,1976,396
455,20585,20707,333,1776,1976,380
455,20585,20707,334,1775,1975,368
455,20585,20707,335,1774,1975,353
455,20585,20707,336,1771,1975,338
455,20585,20707,337,1770,1975,323
455,20585,20707,338,1769,1975,309
455,20585,20707,339,1766,1974,296
455,20585,20707,340,1767,1974,281
455,20585,20707,341,1766,1974,266
455,20585,20707,342,1762,1974,253
455,20585,20707,343,1761,1974,237
455,20585,20707,344,1760,1973,225
455,20585,20707,345,1757,1974,211
455,20585,20707,346,1756,1973,199
455,20585,20707,347,1754,1973,182
455,20585,20707,348,1753,1972,168
455,20585,20707,349,1755,1973,197
455,20585,20707,350,1760,1974,291
455,20585,20707,351,1772,1976,360
455,20585,20707,352,1781,1977,458
455,20585,20707,353,1797,1978,571
455,20585,20707,354,1808,1978,693
455,20585,20707,355,1821,1979,808
457,20771,20893,0,2016,2035,1190
457,20771,20893,1,1874,1982,1231
457,20771,20893,2,1886,1981,1301
457,20771,20893,3,1895,1981,1376
457,20771,20893,4,1908,1982,1475
457,20771,20893,5,1920,1982,1596
457,20771,20893,6,1934,1982,1703
457,20771,20893,7,1952,1983,1842
457,20771,20893,8,1967,1983,1970
457,20771,20893,9,1992,1984,2102
457,20771,20893,10,2008,1984,2260
457,20771,20893,11,2026,1984,2394
457,20771,20893,12,2052,1985,2577
457,20771,20893,13,2069,1985,2710
457,20771,20893,14,2091,1985,2844
457,20771,20893,15,2109,1986,2992
457,20771,20893,16,2131,1985,3143
457,20771,20893,17,2149,1986,3280
457,20771,20893,18,2171,1986,3416
457,20771,20893,19,2184,1986,3498
457,20771,20893,20,2186,1985,3479
457,20771,20893,21,2183,1985,3470
457,20771,20893,22,2184,1984,3471
457,20771,20893,23,2184,1985,3474
457,20771,20893,24,2182,1985,3462
457,20771,20893,25,2180,1985,3445
457,20771,20893,26,2179,1986,3432
457,20771,20893,27,2177,1985,3418
457,20771,20893,28,2175,1985,3405
457,20771,20893,29,2172,1985,3387
457,20771,20893,30,2170,1985,3376
457,20771,20893,31,2168,1985,3361
457,20771,20893,32,2167,1985,3354
457,20771,20893,33,2164,1985,3334
457,20771,20893,34,2163,1984,3318
457,20771,20893,35,2161,1985,3304
457,20771,20893,36,2158,1985,3292
457,20771,20893,37,2157,1985,3274
457,20771,20893,38,2153,1985,3263
457,20771,20893,39,2153,1985,3248
457,20771,20893,40,2150,1985,3235
457,20771,20893,41,2149,1985,3218
457,20771,20893,42,2148,1985,3206
457,20771,20893,43,2145,1985,3191
457,20771,20893,44,2142,1985,3176
457,20771,20893,45,2140,1985,3166
457,20771,20893,46,2139,1985,3145
457,20771,20893,47,2137,1985,3132
457,20771,20893,48,2135,1985,3118
457,20771,20893,49,2133,1985,3106
457,20771,20893,50,2131,1985,3086
457,20771,20893,51,2129,1985,3075
457,20771,20893,52,2127,1985,3065
457,20771,20893,53,2124,1985,3048
457,20771,20893,54,2123,1984,3038
457,20771,20893,55,2122,1984,3019
457,20771,20893,56,2120,1985,3009
457,20771,20893,57,2118,1984,2988
457,20771,20893,58,2115,1984,2977
457,20771,20893,59,2113,1984,2964
457,20771,20893,60,2111,1985,2950
457,20771,20893,61,2111,1984,2937
457,20771,20893,62,2107,1984,2921
457,20771,20893,63,2107,1984,2906
457,20771,20893,64,2102,1984,2893
457,20771,20893,65,2101,1984,2878
457,20771,20893,66,2100,1985,2865
457,20771,20893,67,2097,1984,2848
457,20771,20893,68,2096,1984,2835
457,20771,20893,69,2094,1984,2821
457,20771,20893,70,2092,1984,2807
457,20771,20893,71,2089,1984,2795
457,20771,20893,72,2088,1984,2780
457,20771,20893,73,2087,1984,2765
457,20771,20893,74,2083,1984,2748
457,20771,20893,75,2083,1984,2733
457,20771,20893,76,2080,1984,2721
457,20771,20893,77,2081,1984,2707
457,20771,20893,78,2077,1984,2693
457,20771,20893,79,2074,1984,2679
457,20771,20893,80,2072,1984,2663
457,20771,20893,81,2071,1984,2653
457,20771,20893,82,2068,1983,2638
457,20771,20893,83,2066,1984,2622
457,20771,20893,84,2065,1983,2609
457,20771,20893,85,2062,1984,2595
457,20771,20893,86,2060,1984,2580
457,20771,20893,87,2058,1984,2566
457,20771,20893,88,2057,1984,2553
457,20771,20893,89,2057,1983,2551
457,20771,20893,90,2059,1984,2572
457,20771,20893,91,2060,1984,2579
457,20771,20893,92,2062,1983,2588
457,20771,20893,93,2064,1984,2605
457,20771,20893,94,2067,1984,2620
457,20771,20893,95,2069,1984,2637
457,20771,20893,96,2070,1984,2652
457,20771,20893,97,2071,1983,2665
457,20771,20893,98,2073,1984,2675
457,20771,20893,99,2076,1984,2692
457,20771,20893,100,2079,1983,2709
457,20771,20893,101,2080,1983,2722
457,20771,20893,102,2082,1984,2737
457,20771,20893,103,2084,1984,2754
457,20771,20893,104,2087,1983,2762
457,20771,20893,105,2087,1984,2779
457,20771,20893,106,2090,1984,2792
457,20771,20893,107,2091,1984,2804
457,20771,20893,108,2094,1984,2819
457,20771,20893,109,2096,1984,2835
457,20771,20893,110,2098,1984,2851
457,20771,20893,111,2099,1985,2866
457,20771,20893,112,2101,1984,2877
457,20771,20893,113,2101,1984,2888
457,20771,20893,114,2105,1984,2911
457,20771,20893,115,2108,1984,2920
457,20771,20893,116,2109,1983,2935
457,20771,20893,117,2112,1984,2950
457,20771,20893,118,2113,1984,2964
457,20771,20893,119,2116,1985,2977
457,20771,20893,120,2116,1984,2988
457,20771,20893,121,2118,1985,3010
457,20771,20893,122,2120,1984,3019
457,20771,20893,123,2122,1985,3037
457,20771,20893,124,2126,1985,3048
457,20771,20893,125,2126,1984,3061
457,20771,20893,126,2128,1985,3076
457,20771,20893,127,2130,1984,3088
457,20771,20893,128,2133,1984,3103
457,20771,20893,129,2135,1985,3121
457,20771,20893,130,2136,1985,3135
457,20771,20893,131,2138,1984,3146
457,20771,20893,132,2141,1984,3160
457,20771,20893,133,2141,1984,3178
457,20771,20893,134,2144,1984,3191
457,20771,20893,135,2147,1984,3202
457,20771,20893,136,2149,1985,3220
457,20771,20893,137,2150,1984,3236
457,20771,20893,138,2152,1985,3250
457,20771,20893,139,2155,1986,3259
457,20771,20893,140,2156,1985,3274
457,20771,20893,141,2158,1985,3287
457,20771,20893,142,2160,1986,3302
457,20771,20893,143,2163,1985,3319
457,20771,20893,144,2164,1985,3329
457,20771,20893,145,2167,1985,3347
457,20771,20893,146,2168,1985,3363
457,20771,20893,147,2171,1985,3374
457,20771,20893,148,2171,1985,3388
457,20771,20893,149,2175,1985,3405
457,20771,20893,150,2176,1985,3407
457,20771,20893,151,2178,1986,3431
457,20771,20893,152,2180,1985,3448
457,20771,20893,153,2182,1985,3458
457,20771,20893,154,2184,1985,3474
457,20771,20893,155,2184,1985,3471
457,20771,20893,156,2183,1985,3480
457,20771,20893,157,2186,1986,3473
457,20771,20893,158,2188,1986,3501
457,20771,20893,159,2189,1985,3507
457,20771,20893,160,2189,1986,3512
457,20771,20893,161,2191,1986,3517
457,20771,20893,162,2188,1986,3509
457,20771,20893,163,2178,1984,3402
457,20771,20893,164,2164,1984,3288
457,20771,20893,165,2149,1984,3180
457,20771,20893,166,2132,1983,3072
457,20771,20893,167,2119,1984,2954
457,20771,20893,168,2096,1983,2821
457,20771,20893,169,2083,1983,2694
457,20771,20893,170,2068,1984,2611
457,20771,20893,171,2056,1983,2502
457,20771,20893,172,2039,1982,2384
457,20771,20893,173,2024,1982,2259
457,20771,20893,174,2004,1981,2130
457,20771,20893,175,1985,1981,1998
457,20771,20893,176,1968,1981,1850
457,20771,20893,177,1949,1980,1707
457,20771,20893,178,1936,1981,1629
457,20771,20893,179,1916,1980,1478
457,20771,20893,180,1900,1980,1339
457,20771,20893,181,1881,1980,1197
457,20771,20893,182,1861,1978,1048
457,20771,20893,183,1845,1978,905
457,20771,20893,184,1826,1978,770
457,20771,20893,185,1809,1977,610
457,20771,20893,186,1795,1976,478
457,20771,20893,187,1786,1975,341
457,20771,20893,188,1761,1974,212
457,20771,20893,189,1759,1974,223
457,20771,20893,190,1762,1975,235
457,20771,20893,191,1763,1975,251
457,20771,20893,192,1765,1975,266
457,20771,20893,193,1766,1975,283
457,20771,20893,194,1766,1974,296
457,20771,20893,195,1770,1975,310
457,20771,20893,196,1770,1975,323
457,20771,20893,197,1773,1976,334
457,20771,20893,198,1773,1976,355
457,20771,20893,199,1775,1976,365
457,20771,20893,200,1777,1975,380
457,20771,20893,201,1779,1976,392
457,20771,20893,202,1780,1976,410
457,20771,20893,203,1782,1977,421
457,20771,20893,204,1783,1976,437
457,20771,20893,205,1786,1977,456
457,20771,20893,206,1787,1976,466
457,20771,20893,207,1788,1977,482
457,20771,20893,208,1790,1977,493
457,20771,20893,209,1791,1977,510
457,20771,20893,210,1793,1977,526
457,20771,20893,211,1795,1977,539
457,20771,20893,212,1796,1977,549
457,20771,20893,213,1799,1978,567
457,20771,20893,214,1799,1977,582
457,20771,20893,215,1801,1977,592
457,20771,20893,216,1803,1978,606
457,20771,20893,217,1804,1978,626
457,20771,20893,218,1807,1978,637
457,20771,20893,219,1808,1979,651
457,20771,20893,220,1809,1978,663
457,20771,20893,221,1812,1979,680
457,20771,20893,222,1812,1978,694
457,20771,20893,223,1815,1979,709
457,20771,20893,224,1816,1979,719
457,20771,20893,225,1817,1978,736
457,20771,20893,226,1819,1979,749
457,20771,20893,227,1823,1979,765
457,20771,20893,228,1822,1978,779
457,20771,20893,229,1825,1979,790
457,20771,20893,230,1827,1979,807
457,20771,20893,231,1827,1979,819
457,20771,20893,232,1830,1980,834
457,20771,20893,233,1830,1979,848
457,20771,20893,234,1832,1980,863
457,20771,20893,235,1834,1979,878
457,20771,20893,236,1836,1980,895
457,20771,20893,237,1836,1980,905
457,20771,20893,238,1839,1979,919
457,20771,20893,239,1842,1980,935
457,20771,20893,240,1842,1979,955
457,20771,20893,241,1845,1980,962
457,20771,20893,242,1846,1979,975
457,20771,20893,243,1848,1979,988
457,20771,20893,244,1849,1980,1005
457,20771,20893,245,1851,1979,1015
457,20771,20893,246,1853,1979,1035
457,20771,20893,247,1856,1980,1052
457,20771,20893,248,1856,1981,1064
457,20771,20893,249,1858,1980,1075
457,20771,20893,250,1860,1981,1091
457,20771,20893,251,1862,1980,1105
457,20771,20893,252,1864,1981,1118
457,20771,20893,253,1865,1980,1133
457,20771,20893,254,1867,1981,1147
457,20771,20893,255,1869,1980,1165
457,20771,20893,256,1870,1980,1177
457,20771,20893,257,1873,1980,1190
457,20771,20893,258,1874,1980,1205
457,20771,20893,259,1877,1980,1214
457,20771,20893,260,1878,1980,1234
457,20771,20893,261,1879,1981,1246
457,20771,20893,262,1881,1981,1261
457,20771,20893,263,1883,1980,1273
457,20771,20893,264,1885,1980,1286
457,20771,20893,265,1886,1981,1303
457,20771,20893,266,1888,1981,1319
457,20771,20893,267,1890,1981,1315
457,20771,20893,268,1888,1981,1303
457,20771,20893,269,1885,1981,1290
457,20771,20893,270,1885,1981,1274
457,20771,20893,271,1881,1981,1260
457,20771,20893,272,1880,1981,1247
457,20771,20893,273,1878,1981,1230
457,20771,20893,274,1877,1981,1218
457,20771,20893,275,1874,1981,1204
457,20771,20893,276,1872,1980,1194
457,20771,20893,277,1871,1980,1177
457,20771,20893,278,1870,1980,1162
457,20771,20893,279,1868,1980,1147
457,20771,20893,280,1865,1980,1133
457,20771,20893,281,1864,1980,1119
457,20771,20893,282,1862,1980,1103
457,20771,20893,283,1860,1980,1100
457,20771,20893,284,1858,1980,1074
457,20771,20893,285,1856,1980,1059
457,20771,20893,286,1855,1980,1044
457,20771,20893,287,1853,1979,1035
457,20771,20893,288,1852,1980,1020
457,20771,20893,289,1849,1980,1006
457,20771,20893,290,1849,1980,994
457,20771,20893,291,1846,1980,975
457,20771,20893,292,1844,1980,962
457,20771,20893,293,1843,1980,948
457,20771,20893,294,1841,1979,934
457,20771,20893,295,1840,1979,922
457,20771,20893,296,1836,1979,907
457,20771,20893,297,1836,1979,890
457,20771,20893,298,1834,1979,879
457,20771,20893,299,1833,1979,864
457,20771,20893,300,1831,1979,850
457,20771,20893,301,1830,1979,833
457,20771,20893,302,1828,1979,823
457,20771,20893,303,1827,1979,807
457,20771,20893,304,1823,1979,793
457,20771,20893,305,1822,1979,778
457,20771,20893,306,1820,1979,764
457,20771,20893,307,1819,1979,749
457,20771,20893,308,1817,1978,734
457,20771,20893,309,1816,1978,720
457,20771,20893,310,1815,1978,709
457,20771,20893,311,1813,1978,694
457,20771,20893,312,1811,1978,669
457,20771,20893,313,1809,1978,664
457,20771,20893,314,1808,1978,647
457,20771,20893,315,1806,1978,634
457,20771,20893,316,1804,1978,624
457,20771,20893,317,1803,1978,607
457,20771,20893,318,1801,1977,594
457,20771,20893,319,1799,1977,577
457,20771,20893,320,1798,1977,565
457,20771,20893,321,1797,1977,552
457,20771,20893,322,1795,1977,536
457,20771,20893,323,1794,1977,521
457,20771,20893,324,1791,1977,507
457,20771,20893,325,1789,1976,500
457,20771,20893,326,1788,1976,480
457,20771,20893,327,1786,1976,464
457,20771,20893,328,1786,1977,451
457,20771,20893,329,1783,1975,441
457,20771,20893,330,1781,1976,420
457,20771,20893,331,1780,1976,410
457,20771,20893,332,1778,1976,394
457,20771,20893,333,1776,1976,380
457,20771,20893,334,1775,1976,364
457,20771,20893,335,1773,1975,350
457,20771,20893,336,1772,1976,340
457,20771,20893,337,1770,1975,323
457,20771,20893,338,1770,1974,311
457,20771,20893,339,1767,1975,291
457,20771,20893,340,1765,1974,296
457,20771,20893,341,1764,1974,267
457,20771,20893,342,1762,1974,255
457,20771,20893,343,1762,1974,238
457,20771,20893,344,1759,1974,224
457,20771,20893,345,1757,1973,209
457,20771,20893,346,1757,1973,198
457,20771,20893,347,1755,1973,185
457,20771,20893,348,1753,1972,169
457,20771,20893,349,1757,1973,204
457,20771,20893,350,1765,1974,303
457,20771,20893,351,1779,1976,409
457,20771,20893,352,1788,1976,519
457,20771,20893,353,1805,1979,657
457,20771,20893,354,1816,1980,782
457,20771,20893,355,1834,1980,907
459,20946,21068,0,2008,2030,1326
459,20946,21068,1,1893,1983,1407
459,20946,21068,2,1910,1982,1501
459,20946,21068,3,1921,1983,1601
459,20946,21068,4,1936,1983,1702
459,20946,21068,5,1947,1983,1810
459,20946,21068,6,1968,1983,1971
459,20946,21068,7,1981,1984,2046
459,20946,21068,8,1998,1983,2147
459,20946,21068,9,2011,1983,2244
459,20946,21068,10,2026,1984,2373
459,20946,21068,11,2043,1984,2497
459,20946,21068,12,2062,1984,2637
459,20946,21068,13,2079,1984,2743
459,20946,21068,14,2095,1985,2877
459,20946,21068,15,2115,1985,3019
459,20946,21068,16,2134,1985,3151
459,20946,21068,17,2149,1985,3296
459,20946,21068,18,2173,1986,3428
459,20946,21068,19,2187,1985,3495
459,20946,21068,20,2186,1984,3476
459,20946,21068,21,2184,1985,3470
459,20946,21068,22,2184,1985,3471
459,20946,21068,23,2184,1985,3473
459,20946,21068,24,2182,1985,3460
459,20946,21068,25,2181,1986,3445
459,20946,21068,26,2177,1985,3433
459,20946,21068,27,2176,1985,3417
459,20946,21068,28,2174,1985,3403
459,20946,21068,29,2172,1985,3390
459,20946,21068,30,2171,1985,3375
459,20946,21068,31,2169,1985,3364
459,20946,21068,32,2166,1985,3348
459,20946,21068,33,2164,1984,3335
459,20946,21068,34,2162,1985,3320
459,20946,21068,35,2160,1985,3304
459,20946,21068,36,2159,1985,3295
459,20946,21068,37,2155,1985,3276
459,20946,21068,38,2154,1985,3262
459,20946,21068,39,2153,1984,3248
459,20946,21068,40,2150,1985,3236
459,20946,21068,41,2148,1985,3221
459,20946,21068,42,2146,1985,3206
459,20946,21068,43,2145,1985,3189
459,20946,21068,44,2143,1985,3177
459,20946,21068,45,2141,1985,3161
459,20946,21068,46,2138,1985,3150
459,20946,21068,47,2137,1984,3125
459,20946,21068,48,2136,1985,3119
459,20946,21068,49,2133,1984,3106
459,20946,21068,50,2131,1985,3091
459,20946,21068,51,2126,1984,3075
459,20946,21068,52,2128,1984,3055
459,20946,21068,53,2125,1985,3049
459,20946,21068,54,2123,1985,3033
459,20946,21068,55,2120,1983,3019
459,20946,21068,56,2119,1985,3011
459,20946,21068,57,2118,1984,2989
459,20946,21068,58,2115,1984,2979
459,20946,21068,59,2114,1984,2963
459,20946,21068,60,2110,1984,2948
459,20946,21068,61,2109,1985,2936
459,20946,21068,62,2108,1984,2919
459,20946,21068,63,2105,1984,2906
459,20946,21068,64,2104,1984,2891
459,20946,21068,65,2101,1984,2874
459,20946,21068,66,2099,1984,2863
459,20946,21068,67,2098,1984,2853
459,20946,21068,68,2095,1984,2831
459,20946,21068,69,2094,1984,2825
459,20946,21068,70,2091,1984,2808
459,20946,21068,71,2090,1983,2793
459,20946,21068,72,2088,1984,2777
459,20946,21068,73,2085,1984,2764
459,20946,21068,74,2085,1983,2751
459,20946,21068,75,2081,1984,2736
459,20946,21068,76,2080,1983,2720
459,20946,21068,77,2080,1984,2711
459,20946,21068,78,2077,1984,2694
459,20946,21068,79,2074,1984,2680
459,20946,21068,80,2072,1983,2664
459,20946,21068,81,2071,1984,2646
459,20946,21068,82,2069,1984,2636
459,20946,21068,83,2067,1984,2622
459,20946,21068,84,2064,1983,2608
459,20946,21068,85,2061,1983,2594
459,20946,21068,86,2061,1983,2580
459,20946,21068,87,2060,1983,2568
459,20946,21068,88,2057,1984,2546
459,20946,21068,89,2056,1983,2552
459,20946,21068,90,2057,1984,2566
459,20946,21068,91,2060,1984,2581
459,20946,21068,92,2062,1984,2592
459,20946,21068,93,2065,1984,2613
459,20946,21068,94,2068,1984,2627
459,20946,21068,95,2068,1984,2637
459,20946,21068,96,2071,1985,2650
459,20946,21068,97,2072,1984,2666
459,20946,21068,98,2075,1984,2683
459,20946,21068,99,2078,1984,2696
459,20946,21068,100,2078,1984,2707
459,20946,21068,101,2079,1984,2723
459,20946,21068,102,2084,1985,2736
459,20946,21068,103,2084,1984,2747
459,20946,21068,104,2086,1984,2763
459,20946,21068,105,2088,1984,2774
459,20946,21068,106,2089,1984,2796
459,20946,21068,107,2092,1984,2808
459,20946,21068,108,2094,1984,2823
459,20946,21068,109,2095,1984,2837
459,20946,21068,110,2098,1984,2850
459,20946,21068,111,2099,1984,2861
459,20946,21068,112,2101,1984,2876
459,20946,21068,113,2104,1984,2889
459,20946,21068,114,2105,1985,2904
459,20946,21068,115,2107,1984,2919
459,20946,21068,116,2110,1984,2935
459,20946,21068,117,2111,1984,2950
459,20946,21068,118,2113,1984,2966
459,20946,21068,119,2115,1985,2978
459,20946,21068,120,2117,1984,2990
459,20946,21068,121,2119,1984,3009
459,20946,21068,122,2120,1985,3020
459,20946,21068,123,2123,1984,3032
459,20946,21068,124,2124,1985,3046
459,20946,21068,125,2126,1985,3065
459,20946,21068,126,2128,1985,3081
459,20946,21068,127,2131,1985,3093
459,20946,21068,128,2132,1985,3103
459,20946,21068,129,2134,1985,3119
459,20946,21068,130,2137,1984,3147
459,20946,21068,131,2138,1985,3147
459,20946,21068,132,2141,1985,3161
459,20946,21068,133,2143,1985,3177
459,20946,21068,134,2144,1985,3188
459,20946,21068,135,2147,1985,3211
459,20946,21068,136,2149,1985,3199
459,20946,21068,137,2151,1985,3232
459,20946,21068,138,2153,1985,3249
459,20946,21068,139,2153,1985,3259
459,20946,21068,140,2156,1985,3273
459,20946,21068,141,2159,1985,3292
459,20946,21068,142,2159,1985,3306
459,20946,21068,143,2162,1985,3320
459,20946,21068,144,2165,1985,3332
459,20946,21068,145,2166,1985,3348
459,20946,21068,146,2167,1986,3361
459,20946,21068,147,2170,1986,3379
459,20946,21068,148,2172,1985,3391
459,20946,21068,149,2174,1986,3403
459,20946,21068,150,2180,1986,3414
459,20946,21068,151,2178,1986,3432
459,20946,21068,152,2179,1985,3444
459,20946,21068,153,2182,1986,3462
459,20946,21068,154,2184,1985,3473
459,20946,21068,155,2184,1985,3472
459,20946,21068,156,2187,1985,3470
459,20946,21068,157,2183,1985,3480
459,20946,21068,158,2187,1986,3499
459,20946,21068,159,2189,1986,3510
459,20946,21068,160,2188,1986,3513
459,20946,21068,161,2189,1986,3522
459,20946,21068,162,2189,1986,3508
459,20946,21068,163,2178,1985,3381
459,20946,21068,164,2163,1984,3284
459,20946,21068,165,2151,1984,3186
459,20946,21068,166,2135,1984,3070
459,20946,21068,167,2117,1983,2954
459,20946,21068,168,2100,1982,2785
459,20946,21068,169,2078,1982,2634
459,20946,21068,170,2056,1982,2477
459,20946,21068,171,2035,1981,2330
459,20946,21068,172,2013,1981,2177
459,20946,21068,173,1993,1981,2049
459,20946,21068,174,1972,1981,1904
459,20946,21068,175,1954,1981,1762
459,20946,21068,176,1937,1980,1629
459,20946,21068,177,1922,1980,1488
459,20946,21068,178,1908,1980,1438
459,20946,21068,179,1896,1980,1331
459,20946,21068,180,1880,1980,1213
459,20946,21068,181,1865,1979,1092
459,20946,21068,182,1851,1979,966
459,20946,21068,183,1835,1976,726
459,20946,21068,184,1818,1980,693
459,20946,21068,185,1803,1977,569
459,20946,21068,186,1786,1976,436
459,20946,21068,187,1776,1975,312
459,20946,21068,188,1758,1974,214
459,20946,21068,189,1760,1974,222
459,20946,21068,190,1761,1974,238
459,20946,21068,191,1762,1974,250
459,20946,21068,192,1765,1974,264
459,20946,21068,193,1766,1975,280
459,20946,21068,194,1767,1975,296
459,20946,21068,195,1769,1975,308
459,20946,21068,196,1770,1975,324
459,20946,21068,197,1772,1975,337
459,20946,21068,198,1774,1975,351
459,20946,21068,199,1775,1976,367
459,20946,21068,200,1778,1976,379
459,20946,21068,201,1778,1976,397
459,20946,21068,202,1780,1976,410
459,20946,21068,203,1781,1976,421
459,20946,21068,204,1784,1977,438
459,20946,21068,205,1785,1976,453
459,20946,21068,206,1786,1977,468
459,20946,21068,207,1788,1977,464
459,20946,21068,208,1790,1977,497
459,20946,21068,209,1791,1977,507
459,20946,21068,210,1792,1977,521
459,20946,21068,211,1794,1977,536
459,20946,21068,212,1796,1977,546
459,20946,21068,213,1798,1978,564
459,20946,21068,214,1799,1977,580
459,20946,21068,215,1802,1977,591
459,20946,21068,216,1803,1978,611
459,20946,21068,217,1806,1978,622
459,20946,21068,218,1806,1978,637
459,20946,21068,219,1808,1978,649
459,20946,21068,220,1809,1978,672
459,20946,21068,221,1810,1978,679
459,20946,21068,222,1813,1979,692
459,20946,21068,223,1814,1978,708
459,20946,21068,224,1816,1979,728
459,20946,21068,225,1818,1978,737
459,20946,21068,226,1821,1979,751
459,20946,21068,227,1820,1979,764
459,20946,21068,228,1823,1979,774
459,20946,21068,229,1824,1979,793
459,20946,21068,230,1825,1980,808
459,20946,21068,231,1828,1979,821
459,20946,21068,232,1829,1980,833
459,20946,21068,233,1830,1979,849
459,20946,21068,234,1833,1979,866
459,20946,21068,235,1835,1980,879
459,20946,21068,236,1836,1979,891
459,20946,21068,237,1838,1980,907
459,20946,21068,238,1839,1980,920
459,20946,21068,239,1841,1980,931
459,20946,21068,240,1843,1979,951
459,20946,21068,241,1844,1980,963
459,20946,21068,242,1846,1980,978
459,20946,21068,243,1848,1980,988
459,20946,21068,244,1850,1980,1005
459,20946,21068,245,1852,1980,1020
459,20946,21068,246,1853,1980,1029
459,20946,21068,247,1855,1980,1049
459,20946,21068,248,1857,1980,1058
459,20946,21068,249,1858,1980,1077
459,20946,21068,250,1861,1980,1089
459,20946,21068,251,1862,1980,1104
459,20946,21068,252,1863,1981,1120
459,20946,21068,253,1865,1980,1135
459,20946,21068,254,1868,1980,1151
459,20946,21068,255,1869,1981,1161
459,20946,21068,256,1871,1980,1175
459,20946,21068,257,1872,1980,1195
459,20946,21068,258,1875,1981,1205
459,20946,21068,259,1877,1981,1221
459,20946,21068,260,1877,1980,1231
459,20946,21068,261,1881,1981,1249
459,20946,21068,262,1881,1981,1260
459,20946,21068,263,1883,1981,1277
459,20946,21068,264,1885,1981,1287
459,20946,21068,265,1887,1981,1303
459,20946,21068,266,1888,1981,1319
459,20946,21068,267,1890,1980,1320
459,20946,21068,268,1887,1980,1303
459,20946,21068,269,1886,1981,1288
459,20946,21068,270,1883,1981,1265
459,20946,21068,271,1882,1980,1257
459,20946,21068,272,1881,1980,1248
459,20946,21068,273,1878,1980,1230
459,20946,21068,274,1877,1981,1217
459,20946,21068,275,1875,1981,1206
459,20946,21068,276,1873,1980,1190
459,20946,21068,277,1871,1980,1176
459,20946,21068,278,1869,1980,1162
459,20946,21068,279,1868,1980,1146
459,20946,21068,280,1866,1981,1139
459,20946,21068,281,1864,1980,1116
459,20946,21068,282,1862,1980,1105
459,20946,21068,283,1861,1980,1099
459,20946,21068,284,1857,1980,1076
459,20946,21068,285,1857,1980,1062
459,20946,21068,286,1855,1980,1046
459,20946,21068,287,1854,1980,1040
459,20946,21068,288,1852,1979,1018
459,20946,21068,289,1849,1979,1006
459,20946,21068,290,1848,1980,997
459,20946,21068,291,1847,1980,980
459,20946,21068,292,1846,1980,963
459,20946,21068,293,1843,1981,948
459,20946,21068,294,1842,1980,934
459,20946,21068,295,1839,1979,922
459,20946,21068,296,1838,1980,907
459,20946,21068,297,1836,1980,889
459,20946,21068,298,1834,1979,877
459,20946,21068,299,1833,1979,863
459,20946,21068,300,1831,1979,852
459,20946,21068,301,1828,1979,834
459,20946,21068,302,1828,1979,822
459,20946,21068,303,1826,1979,805
459,20946,21068,304,1824,1979,790
459,20946,21068,305,1822,1978,776
459,20946,21068,306,1821,1979,760
459,20946,21068,307,1818,1979,749
459,20946,21068,308,1817,1979,738
459,20946,21068,309,1815,1979,722
459,20946,21068,310,1814,1978,705
459,20946,21068,311,1814,1978,686
459,20946,21068,312,1810,1978,676
459,20946,21068,313,1810,1978,663
459,20946,21068,314,1807,1977,649
459,20946,21068,315,1806,1977,639
459,20946,21068,316,1804,1978,620
459,20946,21068,317,1802,1977,610
459,20946,21068,318,1801,1978,595
459,20946,21068,319,1799,1977,574
459,20946,21068,320,1798,1977,564
459,20946,21068,321,1796,1977,549
459,20946,21068,322,1793,1977,537
459,20946,21068,323,1793,1977,524
459,20946,21068,324,1791,1976,510
459,20946,21068,325,1789,1977,492
459,20946,21068,326,1788,1977,480
459,20946,21068,327,1786,1977,467
459,20946,21068,328,1785,1976,456
459,20946,21068,329,1783,1977,437
459,20946,21068,330,1786,1976,424
459,20946,21068,331,1780,1976,408
459,20946,21068,332,1778,1976,395
459,20946,21068,333,1776,1975,381
459,20946,21068,334,1776,1975,364
459,20946,21068,335,1774,1975,354
459,20946,21068,336,1773,1975,338
459,20946,21068,337,1771,1975,323
459,20946,21068,338,1769,1975,310
459,20946,21068,339,1767,1974,291
459,20946,21068,340,1766,1975,283
459,20946,21068,341,1766,1974,264
459,20946,21068,342,1763,1974,252
459,20946,21068,343,1761,1974,238
459,20946,21068,344,1759,1974,218
459,20946,21068,345,1758,1974,211
459,20946,21068,346,1756,1973,198
459,20946,21068,347,1757,1973,187
459,20946,21068,348,1763,1974,248
459,20946,21068,349,1767,1975,310
459,20946,21068,350,1778,1976,389
459,20946,21068,351,1783,1977,463
459,20946,21068,352,1796,1978,546
459,20946,21068,353,1803,1979,685
459,20946,21068,354,1820,1980,809
459,20946,21068,355,1838,1980,927
461,21122,21244,0,2002,2026,1106
461,21122,21244,1,1864,1982,1175
461,21122,21244,2,1883,1982,1265
461,21122,21244,3,1890,1982,1353
461,21122,21244,4,1904,1981,1453
461,21122,21244,5,1925,1983,1577
461,21122,21244,6,1936,1982,1721
461,21122,21244,7,1955,1983,1865
461,21122,21244,8,1974,1983,1999
461,21122,21244,9,1994,1984,2141
461,21122,21244,10,2011,1984,2289
461,21122,21244,11,2034,1984,2434
461,21122,21244,12,2052,1985,2573
461,21122,21244,13,2073,1986,2743
461,21122,21244,14,2091,1985,2856
461,21122,21244,15,2110,1985,3002
461,21122,21244,16,2130,1986,3146
461,21122,21244,17,2152,1985,3273
461,21122,21244,18,2166,1986,3420
461,21122,21244,19,2186,1985,3493
461,21122,21244,20,2185,1984,3473
461,21122,21244,21,2184,1985,3470
461,21122,21244,22,2184,1985,3471
461,21122,21244,23,2185,1985,3474
461,21122,21244,24,2181,1985,3459
461,21122,21244,25,2180,1985,3449
461,21122,21244,26,2178,1985,3432
461,21122,21244,27,2176,1985,3418
461,21122,21244,28,2174,1985,3404
461,21122,21244,29,2172,1985,3390
461,21122,21244,30,2170,1985,3375
461,21122,21244,31,2169,1985,3361
461,21122,21244,32,2167,1985,3341
461,21122,21244,33,2164,1985,3333
461,21122,21244,34,2162,1985,3319
461,21122,21244,35,2160,1985,3306
461,21122,21244,36,2158,1985,3290
461,21122,21244,37,2156,1985,3279
461,21122,21244,38,2154,1985,3262
461,21122,21244,39,2153,1984,3250
461,21122,21244,40,2150,1985,3235
461,21122,21244,41,2149,1985,3219
461,21122,21244,42,2147,1985,3203
461,21122,21244,43,2144,1985,3192
461,21122,21244,44,2143,1985,3174
461,21122,21244,45,2140,1984,3162
461,21122,21244,46,2138,1984,3149
461,21122,21244,47,2138,1984,3126
461,21122,21244,48,2134,1985,3121
461,21122,21244,49,2133,1985,3104
461,21122,21244,50,2131,1984,3090
461,21122,21244,51,2129,1985,3079
461,21122,21244,52,2126,1985,3064
461,21122,21244,53,2126,1985,3048
461,21122,21244,54,2123,1983,3036
461,21122,21244,55,2122,1984,3017
461,21122,21244,56,2120,1985,3008
461,21122,21244,57,2117,1984,2992
461,21122,21244,58,2114,1984,2978
461,21122,21244,59,2111,1984,2963
461,21122,21244,60,2112,1984,2952
461,21122,21244,61,2109,1985,2937
461,21122,21244,62,2108,1983,2922
461,21122,21244,63,2104,1984,2909
461,21122,21244,64,2103,1984,2893
461,21122,21244,65,2101,1984,2876
461,21122,21244,66,2099,1984,2865
461,21122,21244,67,2098,1984,2849
461,21122,21244,68,2095,1983,2838
461,21122,21244,69,2094,1984,2820
461,21122,21244,70,2093,1984,2814
461,21122,21244,71,2090,1984,2793
461,21122,21244,72,2088,1984,2781
461,21122,21244,73,2085,1983,2761
461,21122,21244,74,2084,1984,2753
461,21122,21244,75,2081,1984,2734
461,21122,21244,76,2080,1984,2721
461,21122,21244,77,2078,1984,2712
461,21122,21244,78,2075,1983,2693
461,21122,21244,79,2073,1984,2680
461,21122,21244,80,2073,1983,2664
461,21122,21244,81,2070,1983,2653
461,21122,21244,82,2068,1983,2639
461,21122,21244,83,2066,1983,2622
461,21122,21244,84,2065,1984,2610
461,21122,21244,85,2062,1983,2589
461,21122,21244,86,2061,1984,2582
461,21122,21244,87,2059,1983,2569
461,21122,21244,88,2057,1983,2555
461,21122,21244,89,2057,1983,2552
461,21122,21244,90,2058,1983,2570
461,21122,21244,91,2061,1983,2579
461,21122,21244,92,2062,1984,2592
461,21122,21244,93,2065,1984,2607
461,21122,21244,94,2066,1984,2624
461,21122,21244,95,2068,1984,2642
461,21122,21244,96,2070,1984,2650
461,21122,21244,97,2072,1984,2665
461,21122,21244,98,2074,1984,2679
461,21122,21244,99,2077,1984,2694
461,21122,21244,100,2077,1984,2706
461,21122,21244,101,2080,1983,2722
461,21122,21244,102,2082,1984,2735
461,21122,21244,103,2084,1984,2751
461,21122,21244,104,2087,1984,2765
461,21122,21244,105,2087,1984,2783
461,21122,21244,106,2089,1984,2793
461,21122,21244,107,2091,1984,2803
461,21122,21244,108,2093,1984,2816
461,21122,21244,109,2095,1984,2838
461,21122,21244,110,2098,1984,2851
461,21122,21244,111,2098,1984,2861
461,21122,21244,112,2101,1984,2877
461,21122,21244,113,2103,1984,2891
461,21122,21244,114,2105,1984,2906
461,21122,21244,115,2108,1984,2921
461,21122,21244,116,2108,1984,2938
461,21122,21244,117,2112,1985,2950
461,21122,21244,118,2112,1985,2961
461,21122,21244,119,2115,1985,2975
461,21122,21244,120,2118,1985,2993
461,21122,21244,121,2120,1984,3004
461,21122,21244,122,2121,1985,3020
461,21122,21244,123,2123,1984,3035
461,21122,21244,124,2125,1985,3052
461,21122,21244,125,2127,1985,3066
461,21122,21244,126,2126,1985,3077
461,21122,21244,127,2131,1984,3092
461,21122,21244,128,2133,1985,3106
461,21122,21244,129,2134,1985,3119
461,21122,21244,130,2137,1985,3133
461,21122,21244,131,2138,1985,3148
461,21122,21244,132,2140,1985,3165
461,21122,21244,133,2142,1985,3180
461,21122,21244,134,2145,1984,3190
461,21122,21244,135,2146,1985,3205
461,21122,21244,136,2148,1985,3220
461,21122,21244,137,2150,1985,3234
461,21122,21244,138,2152,1985,3250
461,21122,21244,139,2154,1985,3261
461,21122,21244,140,2157,1985,3278
461,21122,21244,141,2157,1985,3295
461,21122,21244,142,2160,1985,3304
461,21122,21244,143,2162,1985,3321
461,21122,21244,144,2164,1985,3334
461,21122,21244,145,2166,1985,3346
461,21122,21244,146,2167,1985,3361
461,21122,21244,147,2170,1985,3379
461,21122,21244,148,2172,1985,3384
461,21122,21244,149,2174,1985,3405
461,21122,21244,150,2177,1986,3423
461,21122,21244,151,2177,1985,3433
461,21122,21244,152,2180,1985,3443
461,21122,21244,153,2181,1985,3463
461,21122,21244,154,2184,1986,3471
461,21122,21244,155,2183,1986,3472
461,21122,21244,156,2183,1985,3470
461,21122,21244,157,2185,1985,3478
461,21122,21244,158,2188,1986,3502
461,21122,21244,159,2189,1986,3506
461,21122,21244,160,2189,1985,3512
461,21122,21244,161,2192,1985,3517
461,21122,21244,162,2184,1985,3472
461,21122,21244,163,2175,1985,3402
461,21122,21244,164,2163,1984,3287
461,21122,21244,165,2146,1984,3175
461,21122,21244,166,2134,1984,3095
461,21122,21244,167,2123,1984,3014
461,21122,21244,168,2106,1983,2906
461,21122,21244,169,2096,1984,2786
461,21122,21244,170,2077,1983,2665
461,21122,21244,171,2064,1983,2547
461,21122,21244,172,2042,1982,2416
461,21122,21244,173,2023,1981,2242
461,21122,21244,174,2004,1982,2129
461,21122,21244,175,1986,1982,1980
461,21122,21244,176,1958,1980,1806
461,21122,21244,177,1943,1980,1658
461,21122,21244,178,1927,1981,1562
461,21122,21244,179,1909,1980,1431
461,21122,21244,180,1893,1980,1301
461,21122,21244,181,1879,1979,1168
461,21122,21244,182,1859,1979,1036
461,21122,21244,183,1840,1978,891
461,21122,21244,184,1828,1977,737
461,21122,21244,185,1807,1977,590
461,21122,21244,186,1793,1976,461
461,21122,21244,187,1776,1974,313
461,21122,21244,188,1761,1973,214
461,21122,21244,189,1760,1973,222
461,21122,21244,190,1761,1974,239
461,21122,21244,191,1763,1974,252
461,21122,21244,192,1764,1975,267
461,21122,21244,193,1765,1975,292
461,21122,21244,194,1767,1974,295
461,21122,21244,195,1768,1975,314
461,21122,21244,196,1771,1975,325
461,21122,21244,197,1773,1975,338
461,21122,21244,198,1774,1976,352
461,21122,21244,199,1774,1976,368
461,21122,21244,200,1776,1976,378
461,21122,21244,201,1779,1976,394
461,21122,21244,202,1780,1976,409
461,21122,21244,203,1782,1977,422
461,21122,21244,204,1783,1976,437
461,21122,21244,205,1784,1976,450
461,21122,21244,206,1787,1977,461
461,21122,21244,207,1788,1977,479
461,21122,21244,208,1789,1977,493
461,21122,21244,209,1791,1976,505
461,21122,21244,210,1792,1977,525
461,21122,21244,211,1795,1978,535
461,21122,21244,212,1795,1978,544
461,21122,21244,213,1796,1977,566
461,21122,21244,214,1799,1978,579
461,21122,21244,215,1801,1978,591
461,21122,21244,216,1802,1978,610
461,21122,21244,217,1804,1978,620
461,21122,21244,218,1807,1978,635
461,21122,21244,219,1807,1978,650
461,21122,21244,220,1810,1978,662
461,21122,21244,221,1811,1978,676
461,21122,21244,222,1813,1978,691
461,21122,21244,223,1815,1978,709
461,21122,21244,224,1816,1978,721
461,21122,21244,225,1818,1978,736
461,21122,21244,226,1819,1979,741
461,21122,21244,227,1821,1979,763
461,21122,21244,228,1823,1979,778
461,21122,21244,229,1825,1979,791
461,21122,21244,230,1826,1979,809
461,21122,21244,231,1827,1980,808
461,21122,21244,232,1829,1979,833
461,21122,21244,233,1831,1979,848
461,21122,21244,234,1832,1979,861
461,21122,21244,235,1834,1979,876
461,21122,21244,236,1836,1980,898
461,21122,21244,237,1837,1980,904
461,21122,21244,238,1839,1980,921
461,21122,21244,239,1841,1979,934
461,21122,21244,240,1842,1979,949
461,21122,21244,241,1846,1980,963
461,21122,21244,242,1847,1979,974
461,21122,21244,243,1848,1979,988
461,21122,21244,244,1849,1980,1007
461,21122,21244,245,1851,1980,1020
461,21122,21244,246,1854,1981,1033
461,21122,21244,247,1855,1980,1045
461,21122,21244,248,1857,1981,1060
461,21122,21244,249,1859,1980,1073
461,21122,21244,250,1860,1980,1084
461,21122,21244,251,1863,1981,1104
461,21122,21244,252,1863,1981,1119
461,21122,21244,253,1866,1980,1134
461,21122,21244,254,1867,1980,1145
461,21122,21244,255,1869,1981,1161
461,21122,21244,256,1872,1981,1174
461,21122,21244,257,1872,1980,1194
461,21122,21244,258,1875,1981,1201
461,21122,21244,259,1877,1981,1219
461,21122,21244,260,1879,1981,1232
461,21122,21244,261,1880,1980,1249
461,21122,21244,262,1883,1980,1258
461,21122,21244,263,1883,1980,1274
461,21122,21244,264,1887,1981,1291
461,21122,21244,265,1886,1981,1302
461,21122,21244,266,1889,1981,1322
461,21122,21244,267,1889,1981,1312
461,21122,21244,268,1887,1981,1304
461,21122,21244,269,1885,1981,1289
461,21122,21244,270,1884,1980,1274
461,21122,21244,271,1882,1981,1262
461,21122,21244,272,1880,1980,1248
461,21122,21244,273,1880,1981,1233
461,21122,21244,274,1876,1980,1216
461,21122,21244,275,1875,1980,1205
461,21122,21244,276,1872,1980,1192
461,21122,21244,277,1871,1981,1175
461,21122,21244,278,1869,1980,1163
461,21122,21244,279,1868,1981,1145
461,21122,21244,280,1865,1980,1133
461,21122,21244,281,1864,1980,1119
461,21122,21244,282,1862,1980,1103
461,21122,21244,283,1860,1980,1087
461,21122,21244,284,1860,1980,1082
461,21122,21244,285,1856,1980,1062
461,21122,21244,286,1856,1980,1047
461,21122,21244,287,1853,1980,1035
461,21122,21244,288,1851,1980,1017
461,21122,21244,289,1849,1980,1004
461,21122,21244,290,1848,1980,990
461,21122,21244,291,1847,1980,975
461,21122,21244,292,1844,1980,964
461,21122,21244,293,1843,1980,944
461,21122,21244,294,1842,1979,935
461,21122,21244,295,1839,1979,917
461,21122,21244,296,1838,1979,905
461,21122,21244,297,1836,1979,889
461,21122,21244,298,1834,1979,875
461,21122,21244,299,1833,1980,864
461,21122,21244,300,1830,1979,853
461,21122,21244,301,1829,1979,835
461,21122,21244,302,1828,1979,819
461,21122,21244,303,1825,1979,805
461,21122,21244,304,1825,1979,784
461,21122,21244,305,1822,1980,779
461,21122,21244,306,1822,1979,763
461,21122,21244,307,1818,1979,751
461,21122,21244,308,1818,1978,736
461,21122,21244,309,1816,1979,719
461,21122,21244,310,1814,1978,706
461,21122,21244,311,1812,1978,693
461,21122,21244,312,1811,1978,677
461,21122,21244,313,1810,1978,665
461,21122,21244,314,1809,1978,654
461,21122,21244,315,1806,1978,628
461,21122,21244,316,1804,1978,619
461,21122,21244,317,1803,1978,603
461,21122,21244,318,1801,1977,594
461,21122,21244,319,1799,1978,578
461,21122,21244,320,1798,1977,567
461,21122,21244,321,1796,1977,551
461,21122,21244,322,1794,1977,537
461,21122,21244,323,1793,1978,524
461,21122,21244,324,1790,1977,506
461,21122,21244,325,1789,1977,495
461,21122,21244,326,1788,1977,482
461,21122,21244,327,1787,1977,467
461,21122,21244,328,1784,1976,449
461,21122,21244,329,1783,1976,434
461,21122,21244,330,1782,1976,421
461,21122,21244,331,1780,1976,406
461,21122,21244,332,1779,1976,383
461,21122,21244,333,1776,1976,379
461,21122,21244,334,1775,1976,366
461,21122,21244,335,1774,1975,354
461,21122,21244,336,1772,1975,340
461,21122,21244,337,1771,1975,322
461,21122,21244,338,1770,1974,307
461,21122,21244,339,1767,1974,295
461,21122,21244,340,1762,1974,279
461,21122,21244,341,1766,1974,266
461,21122,21244,342,1762,1974,254
461,21122,21244,343,1761,1974,237
461,21122,21244,344,1759,1974,224
461,21122,21244,345,1758,1974,208
461,21122,21244,346,1755,1973,194
461,21122,21244,347,1755,1973,176
461,21122,21244,348,1754,1973,169
461,21122,21244,349,1759,1974,246
461,21122,21244,350,1768,1975,335
461,21122,21244,351,1782,1977,476
461,21122,21244,352,1790,1978,560
461,21122,21244,353,1807,1979,676
461,21122,21244,354,1819,1979,794
461,21122,21244,355,1835,1980,912
463,21304,21426,0,2011,2031,1172
463,21304,21426,1,1872,1983,1213
463,21304,21426,2,1882,1981,1282
463,21304,21426,3,1893,1981,1379
463,21304,21426,4,1906,1981,1466
463,21304,21426,5,1917,1982,1587
463,21304,21426,6,1934,1982,1697
463,21304,21426,7,1951,1983,1825
463,21304,21426,8,1967,1983,1966
463,21304,21426,9,1993,1983,2107
463,21304,21426,10,2010,1984,2260
463,21304,21426,11,2030,1984,2406
463,21304,21426,12,2048,1985,2556
463,21304,21426,13,2067,1985,2692
463,21304,21426,14,2093,1985,2848
463,21304,21426,15,2109,1985,2993
463,21304,21426,16,2130,1985,3134
463,21304,21426,17,2148,1985,3257
463,21304,21426,18,2161,1986,3380
463,21304,21426,19,2185,1986,3492
463,21304,21426,20,2186,1985,3483
463,21304,21426,21,2183,1985,3470
463,21304,21426,22,2183,1985,3475
463,21304,21426,23,2185,1985,3474
463,21304,21426,24,2182,1985,3459
463,21304,21426,25,2181,1986,3448
463,21304,21426,26,2177,1985,3426
463,21304,21426,27,2176,1985,3422
463,21304,21426,28,2175,1985,3402
463,21304,21426,29,2172,1984,3387
463,21304,21426,30,2171,1985,3372
463,21304,21426,31,2168,1985,3360
463,21304,21426,32,2164,1985,3346
463,21304,21426,33,2164,1985,3331
463,21304,21426,34,2162,1985,3318
463,21304,21426,35,2160,1985,3302
463,21304,21426,36,2159,1985,3292
463,21304,21426,37,2157,1985,3276
463,21304,21426,38,2154,1985,3260
463,21304,21426,39,2152,1985,3243
463,21304,21426,40,2152,1985,3232
463,21304,21426,41,2147,1985,3219
463,21304,21426,42,2147,1984,3208
463,21304,21426,43,2145,1985,3190
463,21304,21426,44,2142,1984,3173
463,21304,21426,45,2142,1985,3164
463,21304,21426,46,2138,1984,3149
463,21304,21426,47,2137,1985,3133
463,21304,21426,48,2135,1984,3118
463,21304,21426,49,2133,1984,3102
463,21304,21426,50,2131,1984,3094
463,21304,21426,51,2130,1984,3076
463,21304,21426,52,2126,1984,3062
463,21304,21426,53,2124,1984,3051
463,21304,21426,54,2124,1984,3033
463,21304,21426,55,2120,1984,3018
463,21304,21426,56,2120,1985,3004
463,21304,21426,57,2116,1984,2992
463,21304,21426,58,2116,1984,2978
463,21304,21426,59,2111,1984,2962
463,21304,21426,60,2111,1984,2948
463,21304,21426,61,2110,1984,2935
463,21304,21426,62,2107,1984,2924
463,21304,21426,63,2105,1984,2905
463,21304,21426,64,2104,1984,2891
463,21304,21426,65,2101,1984,2880
463,21304,21426,66,2100,1984,2862
463,21304,21426,67,2097,1984,2849
463,21304,21426,68,2095,1984,2838
463,21304,21426,69,2094,1984,2823
463,21304,21426,70,2091,1984,2807
463,21304,21426,71,2089,1984,2796
463,21304,21426,72,2088,1984,2782
463,21304,21426,73,2086,1984,2765
463,21304,21426,74,2084,1984,2753
463,21304,21426,75,2081,1984,2735
463,21304,21426,76,2081,1984,2724
463,21304,21426,77,2078,1984,2707
463,21304,21426,78,2077,1984,2691
463,21304,21426,79,2074,1984,2677
463,21304,21426,80,2072,1984,2664
463,21304,21426,81,2069,1984,2650
463,21304,21426,82,2068,1983,2638
463,21304,21426,83,2068,1984,2625
463,21304,21426,84,2065,1983,2610
463,21304,21426,85,2062,1984,2592
463,21304,21426,86,2060,1983,2580
463,21304,21426,87,2058,1983,2568
463,21304,21426,88,2056,1983,2555
463,21304,21426,89,2057,1983,2548
463,21304,21426,90,2058,1984,2568
463,21304,21426,91,2061,1984,2581
463,21304,21426,92,2062,1984,2595
463,21304,21426,93,2065,1984,2607
463,21304,21426,94,2066,1984,2618
463,21304,21426,95,2068,1984,2640
463,21304,21426,96,2070,1984,2650
463,21304,21426,97,2071,1984,2667
463,21304,21426,98,2074,1983,2677
463,21304,21426,99,2076,1984,2694
463,21304,21426,100,2077,1984,2708
463,21304,21426,101,2079,1983,2711
463,21304,21426,102,2082,1984,2736
463,21304,21426,103,2082,1984,2752
463,21304,21426,104,2087,1984,2764
463,21304,21426,105,2085,1984,2778
463,21304,21426,106,2090,1985,2792
463,21304,21426,107,2092,1984,2808
463,21304,21426,108,2094,1984,2825
463,21304,21426,109,2096,1984,2836
463,21304,21426,110,2098,1984,2852
463,21304,21426,111,2099,1985,2866
463,21304,21426,112,2101,1984,2878
463,21304,21426,113,2104,1984,2891
463,21304,21426,114,2105,1985,2907
463,21304,21426,115,2106,1984,2924
463,21304,21426,116,2109,1984,2939
463,21304,21426,117,2111,1984,2950
463,21304,21426,118,2112,1984,2963
463,21304,21426,119,2115,1985,2977
463,21304,21426,120,2116,1984,2988
463,21304,21426,121,2119,1984,3003
463,21304,21426,122,2120,1984,3021
463,21304,21426,123,2123,1984,3036
463,21304,21426,124,2125,1984,3049
463,21304,21426,125,2127,1984,3064
463,21304,21426,126,2130,1985,3080
463,21304,21426,127,2130,1984,3090
463,21304,21426,128,2132,1985,3106
463,21304,21426,129,2135,1985,3120
463,21304,21426,130,2137,1984,3136
463,21304,21426,131,2136,1985,3148
463,21304,21426,132,2140,1984,3164
463,21304,21426,133,2143,1985,3174
463,21304,21426,134,2144,1985,3191
463,21304,21426,135,2147,1985,3207
463,21304,21426,136,2148,1985,3220
463,21304,21426,137,2151,1984,3231
463,21304,21426,138,2153,1985,3246
463,21304,21426,139,2154,1985,3259
463,21304,21426,140,2155,1984,3267
463,21304,21426,141,2158,1986,3291
463,21304,21426,142,2159,1985,3303
463,21304,21426,143,2162,1985,3319
463,21304,21426,144,2163,1985,3334
463,21304,21426,145,2165,1985,3350
463,21304,21426,146,2168,1985,3358
463,21304,21426,147,2170,1985,3375
463,21304,21426,148,2172,1985,3392
463,21304,21426,149,2174,1985,3404
463,21304,21426,150,2177,1986,3431
463,21304,21426,151,2178,1985,3432
463,21304,21426,152,2181,1985,3448
463,21304,21426,153,2182,1985,3458
463,21304,21426,154,2183,1985,3470
463,21304,21426,155,2183,1985,3472
463,21304,21426,156,2183,1985,3470
463,21304,21426,157,2184,1985,3479
463,21304,21426,158,2185,1986,3492
463,21304,21426,159,2189,1986,3507
463,21304,21426,160,2189,1986,3515
463,21304,21426,161,2190,1986,3519
463,21304,21426,162,2188,1986,3516
463,21304,21426,163,2178,1984,3406
463,21304,21426,164,2162,1984,3291
463,21304,21426,165,2152,1984,3189
463,21304,21426,166,2133,1983,3076
463,21304,21426,167,2117,1983,2951
463,21304,21426,168,2099,1983,2808
463,21304,21426,169,2085,1983,2725
463,21304,21426,170,2071,1983,2636
463,21304,21426,171,2059,1983,2528
463,21304,21426,172,2042,1983,2416
463,21304,21426,173,2025,1981,2283
463,21304,21426,174,2006,1981,2147
463,21304,21426,175,1989,1982,2019
463,21304,21426,176,1969,1981,1877
463,21304,21426,177,1951,1980,1737
463,21304,21426,178,1939,1982,1668
463,21304,21426,179,1919,1979,1499
463,21304,21426,180,1899,1979,1353
463,21304,21426,181,1879,1979,1194
463,21304,21426,182,1864,1979,1057
463,21304,21426,183,1843,1978,906
463,21304,21426,184,1829,1978,769
463,21304,21426,185,1812,1978,624
463,21304,21426,186,1793,1976,484
463,21304,21426,187,1777,1975,345
463,21304,21426,188,1761,1973,211
463,21304,21426,189,1759,1974,222
463,21304,21426,190,1761,1974,238
463,21304,21426,191,1763,1975,257
463,21304,21426,192,1763,1975,268
463,21304,21426,193,1765,1975,279
463,21304,21426,194,1766,1974,295
463,21304,21426,195,1768,1975,310
463,21304,21426,196,1770,1975,324
463,21304,21426,197,1772,1975,338
463,21304,21426,198,1774,1975,347
463,21304,21426,199,1775,1976,367
463,21304,21426,200,1777,1976,382
463,21304,21426,201,1778,1975,392
463,21304,21426,202,1779,1976,410
463,21304,21426,203,1782,1976,423
463,21304,21426,204,1783,1976,438
463,21304,21426,205,1786,1977,449
463,21304,21426,206,1786,1976,466
463,21304,21426,207,1788,1977,480
463,21304,21426,208,1789,1977,493
463,21304,21426,209,1792,1976,509
463,21304,21426,210,1794,1977,521
463,21304,21426,211,1794,1977,536
463,21304,21426,212,1797,1977,550
463,21304,21426,213,1798,1977,563
463,21304,21426,214,1800,1978,577
463,21304,21426,215,1799,1978,592
463,21304,21426,216,1803,1978,605
463,21304,21426,217,1804,1978,622
463,21304,21426,218,1806,1978,639
463,21304,21426,219,1807,1978,651
463,21304,21426,220,1809,1979,663
463,21304,21426,221,1810,1978,684
463,21304,21426,222,1812,1979,693
463,21304,21426,223,1814,1978,705
463,21304,21426,224,1816,1978,718
463,21304,21426,225,1818,1979,732
463,21304,21426,226,1820,1978,750
463,21304,21426,227,1821,1979,762
463,21304,21426,228,1822,1978,775
463,21304,21426,229,1824,1979,793
463,21304,21426,230,1826,1979,805
463,21304,21426,231,1828,1979,817
463,21304,21426,232,1829,1979,833
463,21304,21426,233,1831,1979,848
463,21304,21426,234,1832,1979,857
463,21304,21426,235,1834,1979,877
463,21304,21426,236,1836,1979,892
463,21304,21426,237,1838,1979,902
463,21304,21426,238,1839,1979,919
463,21304,21426,239,1841,1980,935
463,21304,21426,240,1843,1980,947
463,21304,21426,241,1843,1980,963
463,21304,21426,242,1846,1979,977
463,21304,21426,243,1847,1979,988
463,21304,21426,244,1849,1979,994
463,21304,21426,245,1852,1980,1020
463,21304,21426,246,1852,1979,1033
463,21304,21426,247,1856,1980,1047
463,21304,21426,248,1856,1980,1062
463,21304,21426,249,1858,1980,1072
463,21304,21426,250,1860,1980,1088
463,21304,21426,251,1863,1980,1104
463,21304,21426,252,1864,1981,1117
463,21304,21426,253,1866,1981,1130
463,21304,21426,254,1867,1980,1145
463,21304,21426,255,1869,1981,1159
463,21304,21426,256,1871,1980,1174
463,21304,21426,257,1872,1980,1191
463,21304,21426,258,1875,1980,1203
463,21304,21426,259,1876,1980,1218
463,21304,21426,260,1878,1980,1235
463,21304,21426,261,1879,1981,1246
463,21304,21426,262,1882,1981,1260
463,21304,21426,263,1884,1981,1273
463,21304,21426,264,1884,1980,1289
463,21304,21426,265,1887,1980,1310
463,21304,21426,266,1888,1980,1316
463,21304,21426,267,1890,1981,1316
463,21304,21426,268,1887,1981,1304
463,21304,21426,269,1886,1980,1290
463,21304,21426,270,1884,1980,1276
463,21304,21426,271,1883,1981,1261
463,21304,21426,272,1880,1981,1246
463,21304,21426,273,1878,1981,1228
463,21304,21426,274,1875,1980,1217
463,21304,21426,275,1876,1981,1203
463,21304,21426,276,1873,1980,1187
463,21304,21426,277,1870,1980,1175
463,21304,21426,278,1869,1980,1159
463,21304,21426,279,1868,1980,1146
463,21304,21426,280,1864,1981,1134
463,21304,21426,281,1864,1980,1123
463,21304,21426,282,1861,1979,1103
463,21304,21426,283,1860,1980,1090
463,21304,21426,284,1857,1980,1079
463,21304,21426,285,1857,1980,1063
463,21304,21426,286,1855,1980,1047
463,21304,21426,287,1853,1980,1032
463,21304,21426,288,1851,1980,1021
463,21304,21426,289,1849,1980,1005
463,21304,21426,290,1848,1979,990
463,21304,21426,291,1846,1979,974
463,21304,21426,292,1845,1980,966
463,21304,21426,293,1842,1979,948
463,21304,21426,294,1842,1979,932
463,21304,21426,295,1840,1979,916
463,21304,21426,296,1838,1979,908
463,21304,21426,297,1836,1979,891
463,21304,21426,298,1834,1979,877
463,21304,21426,299,1833,1979,862
463,21304,21426,300,1831,1979,850
463,21304,21426,301,1829,1980,834
463,21304,21426,302,1827,1979,819
463,21304,21426,303,1825,1979,806
463,21304,21426,304,1824,1978,790
463,21304,21426,305,1822,1978,774
463,21304,21426,306,1821,1979,765
463,21304,21426,307,1819,1978,749
463,21304,21426,308,1818,1978,734
463,21304,21426,309,1815,1978,719
463,21304,21426,310,1814,1978,707
463,21304,21426,311,1812,1978,691
463,21304,21426,312,1810,1978,674
463,21304,21426,313,1809,1978,662
463,21304,21426,314,1807,1977,649
463,21304,21426,315,1807,1977,635
463,21304,21426,316,1804,1978,623
463,21304,21426,317,1803,1977,597
463,21304,21426,318,1801,1978,593
463,21304,21426,319,1800,1977,578
463,21304,21426,320,1797,1977,572
463,21304,21426,321,1796,1978,555
463,21304,21426,322,1794,1977,534
463,21304,21426,323,1792,1977,521
463,21304,21426,324,1792,1976,506
463,21304,21426,325,1789,1975,487
463,21304,21426,326,1789,1976,478
463,21304,21426,327,1787,1976,463
463,21304,21426,328,1784,1976,448
463,21304,21426,329,1783,1976,437
463,21304,21426,330,1782,1975,421
463,21304,21426,331,1780,1976,411
463,21304,21426,332,1778,1975,394
463,21304,21426,333,1777,1975,381
463,21304,21426,334,1775,1975,363
463,21304,21426,335,1774,1975,349
463,21304,21426,336,1772,1975,339
463,21304,21426,337,1770,1975,314
463,21304,21426,338,1769,1974,308
463,21304,21426,339,1767,1975,293
463,21304,21426,340,1765,1974,280
463,21304,21426,341,1764,1974,267
463,21304,21426,342,1762,1973,252
463,21304,21426,343,1761,1974,239
463,21304,21426,344,1760,1973,218
463,21304,21426,345,1757,1974,208
463,21304,21426,346,1756,1973,195
463,21304,21426,347,1755,1973,183
463,21304,21426,348,1753,1972,164
463,21304,21426,349,1756,1973,208
463,21304,21426,350,1766,1975,310
463,21304,21426,351,1777,1977,430
463,21304,21426,352,1789,1978,557
463,21304,21426,353,1807,1979,662
463,21304,21426,354,1817,1980,792
463,21304,21426,355,1833,1980,917
465,21484,21606,0,2016,2031,1261
465,21484,21606,1,1886,1983,1312
465,21484,21606,2,1898,1982,1398
465,21484,21606,3,1910,1981,1491
465,21484,21606,4,1918,1982,1584
465,21484,21606,5,1931,1983,1707
465,21484,21606,6,1953,1982,1810
465,21484,21606,7,1967,1984,1948
465,21484,21606,8,1984,1984,2075
465,21484,21606,9,1999,1983,2201
465,21484,21606,10,2027,1983,2317
465,21484,21606,11,2030,1983,2400
465,21484,21606,12,2049,1983,2503
465,21484,21606,13,2060,1985,2626
465,21484,21606,14,2076,1985,2757
465,21484,21606,15,2094,1985,2875
465,21484,21606,16,2113,1985,3018
465,21484,21606,17,2136,1985,3154
465,21484,21606,18,2152,1985,3316
465,21484,21606,19,2176,1986,3444
465,21484,21606,20,2183,1986,3482
465,21484,21606,21,2183,1985,3469
465,21484,21606,22,2183,1985,3472
465,21484,21606,23,2184,1985,3474
465,21484,21606,24,2181,1985,3462
465,21484,21606,25,2180,1985,3446
465,21484,21606,26,2177,1985,3432
465,21484,21606,27,2176,1985,3415
465,21484,21606,28,2176,1985,3404
465,21484,21606,29,2172,1985,3388
465,21484,21606,30,2170,1985,3375
465,21484,21606,31,2168,1985,3360
465,21484,21606,32,2165,1984,3347
465,21484,21606,33,2165,1985,3333
465,21484,21606,34,2162,1985,3319
465,21484,21606,35,2159,1985,3308
465,21484,21606,36,2158,1985,3293
465,21484,21606,37,2156,1985,3278
465,21484,21606,38,2154,1985,3263
465,21484,21606,39,2153,1985,3249
465,21484,21606,40,2150,1984,3237
465,21484,21606,41,2149,1984,3219
465,21484,21606,42,2148,1984,3206
465,21484,21606,43,2144,1985,3190
465,21484,21606,44,2142,1984,3178
465,21484,21606,45,2140,1985,3166
465,21484,21606,46,2138,1984,3147
465,21484,21606,47,2137,1984,3138
465,21484,21606,48,2135,1985,3120
465,21484,21606,49,2132,1985,3105
465,21484,21606,50,2131,1985,3099
465,21484,21606,51,2128,1985,3083
465,21484,21606,52,2127,1985,3066
465,21484,21606,53,2125,1985,3048
465,21484,21606,54,2122,1985,3035
465,21484,21606,55,2121,1984,3019
465,21484,21606,56,2118,1984,3008
465,21484,21606,57,2117,1984,2991
465,21484,21606,58,2114,1984,2978
465,21484,21606,59,2113,1984,2965
465,21484,21606,60,2111,1984,2952
465,21484,21606,61,2110,1984,2938
465,21484,21606,62,2106,1984,2921
465,21484,21606,63,2106,1984,2907
465,21484,21606,64,2102,1984,2892
465,21484,21606,65,2101,1984,2879
465,21484,21606,66,2099,1984,2862
465,21484,21606,67,2096,1984,2851
465,21484,21606,68,2096,1984,2837
465,21484,21606,69,2094,1983,2821
465,21484,21606,70,2091,1983,2807
465,21484,21606,71,2090,1983,2794
465,21484,21606,72,2088,1984,2779
465,21484,21606,73,2085,1984,2764
465,21484,21606,74,2083,1984,2750
465,21484,21606,75,2081,1983,2735
465,21484,21606,76,2080,1984,2729
465,21484,21606,77,2078,1983,2706
465,21484,21606,78,2076,1983,2692
465,21484,21606,79,2074,1983,2678
465,21484,21606,80,2072,1983,2669
465,21484,21606,81,2070,1984,2653
465,21484,21606,82,2068,1983,2638
465,21484,21606,83,2065,1983,2622
465,21484,21606,84,2064,1983,2606
465,21484,21606,85,2062,1983,2595
465,21484,21606,86,2060,1983,2579
465,21484,21606,87,2058,1983,2568
465,21484,21606,88,2057,1983,2552
465,21484,21606,89,2058,1983,2553
465,21484,21606,90,2058,1983,2574
465,21484,21606,91,2060,1983,2581
465,21484,21606,92,2062,1984,2595
465,21484,21606,93,2064,1983,2606
465,21484,21606,94,2066,1984,2621
465,21484,21606,95,2067,1984,2636
465,21484,21606,96,2070,1984,2651
465,21484,21606,97,2071,1983,2665
465,21484,21606,98,2074,1984,2678
465,21484,21606,99,2076,1984,2693
465,21484,21606,100,2078,1984,2708
465,21484,21606,101,2081,1984,2722
465,21484,21606,102,2081,1984,2737
465,21484,21606,103,2083,1984,2752
465,21484,21606,104,2087,1984,2764
465,21484,21606,105,2088,1984,2779
465,21484,21606,106,2089,1984,2791
465,21484,21606,107,2091,1984,2808
465,21484,21606,108,2093,1984,2819
465,21484,21606,109,2096,1984,2833
465,21484,21606,110,2097,1983,2847
465,21484,21606,111,2099,1983,2866
465,21484,21606,112,2101,1984,2879
465,21484,21606,113,2103,1983,2897
465,21484,21606,114,2105,1984,2915
465,21484,21606,115,2107,1984,2920
465,21484,21606,116,2109,1984,2934
465,21484,21606,117,2111,1985,2948
465,21484,21606,118,2113,1984,2961
465,21484,21606,119,2115,1984,2979
465,21484,21606,120,2117,1984,2996
465,21484,21606,121,2119,1984,3007
465,21484,21606,122,2119,1984,3024
465,21484,21606,123,2123,1984,3035
465,21484,21606,124,2125,1984,3048
465,21484,21606,125,2127,1984,3059
465,21484,21606,126,2129,1984,3077
465,21484,21606,127,2131,1985,3086
465,21484,21606,128,2131,1985,3111
465,21484,21606,129,2135,1985,3121
465,21484,21606,130,2137,1984,3133
465,21484,21606,131,2138,1985,3150
465,21484,21606,132,2140,1985,3155
465,21484,21606,133,2142,1985,3168
465,21484,21606,134,2145,1985,3191
465,21484,21606,135,2146,1984,3202
465,21484,21606,136,2149,1985,3219
465,21484,21606,137,2151,1985,3234
465,21484,21606,138,2152,1985,3250
465,21484,21606,139,2154,1985,3262
465,21484,21606,140,2156,1985,3277
465,21484,21606,141,2158,1985,3288
465,21484,21606,142,2160,1985,3305
465,21484,21606,143,2162,1985,3319
465,21484,21606,144,2165,1985,3333
465,21484,21606,145,2166,1985,3347
465,21484,21606,146,2168,1985,3364
465,21484,21606,147,2170,1985,3378
465,21484,21606,148,2171,1985,3387
465,21484,21606,149,2175,1986,3396
465,21484,21606,150,2174,1985,3421
465,21484,21606,151,2177,1985,3435
465,21484,21606,152,2179,1985,3449
465,21484,21606,153,2183,1986,3465
465,21484,21606,154,2184,1985,3474
465,21484,21606,155,2183,1985,3472
465,21484,21606,156,2184,1985,3496
465,21484,21606,157,2188,1985,3503
465,21484,21606,158,2188,1985,3501
465,21484,21606,159,2188,1985,3506
465,21484,21606,160,2189,1985,3511
465,21484,21606,161,2190,1985,3470
465,21484,21606,162,2174,1983,3365
465,21484,21606,163,2164,1984,3278
465,21484,21606,164,2146,1984,3185
465,21484,21606,165,2137,1984,3088
465,21484,21606,166,2120,1983,2978
465,21484,21606,167,2107,1983,2873
465,21484,21606,168,2088,1984,2754
465,21484,21606,169,2072,1983,2650
465,21484,21606,170,2059,1982,2530
465,21484,21606,171,2041,1982,2407
465,21484,21606,172,2024,1982,2296
465,21484,21606,173,2008,1982,2147
465,21484,21606,174,1988,1982,2038
465,21484,21606,175,1967,1980,1875
465,21484,21606,176,1951,1981,1735
465,21484,21606,177,1929,1980,1580
465,21484,21606,178,1922,1980,1500
465,21484,21606,179,1901,1981,1393
465,21484,21606,180,1885,1980,1275
465,21484,21606,181,1879,1980,1188
465,21484,21606,182,1865,1980,1099
465,21484,21606,183,1853,1979,976
465,21484,21606,184,1837,1978,859
465,21484,21606,185,1822,1977,726
465,21484,21606,186,1805,1977,591
465,21484,21606,187,1791,1975,469
465,21484,21606,188,1775,1974,321
465,21484,21606,189,1759,1973,225
465,21484,21606,190,1761,1974,238
465,21484,21606,191,1762,1974,251
465,21484,21606,192,1764,1974,264
465,21484,21606,193,1765,1974,284
465,21484,21606,194,1767,1974,297
465,21484,21606,195,1769,1974,309
465,21484,21606,196,1771,1975,325
465,21484,21606,197,1772,1975,344
465,21484,21606,198,1773,1975,350
465,21484,21606,199,1775,1976,366
465,21484,21606,200,1776,1975,380
465,21484,21606,201,1778,1975,395
465,21484,21606,202,1781,1976,413
465,21484,21606,203,1781,1976,423
465,21484,21606,204,1784,1976,436
465,21484,21606,205,1783,1976,451
465,21484,21606,206,1786,1976,470
465,21484,21606,207,1788,1976,477
465,21484,21606,208,1789,1976,493
465,21484,21606,209,1792,1977,507
465,21484,21606,210,1793,1977,521
465,21484,21606,211,1794,1977,533
465,21484,21606,212,1797,1978,551
465,21484,21606,213,1798,1978,564
465,21484,21606,214,1799,1977,578
465,21484,21606,215,1801,1978,599
465,21484,21606,216,1802,1978,609
465,21484,21606,217,1804,1978,620
465,21484,21606,218,1806,1978,637
465,21484,21606,219,1807,1978,650
465,21484,21606,220,1809,1978,667
465,21484,21606,221,1811,1978,677
465,21484,21606,222,1812,1978,686
465,21484,21606,223,1814,1978,705
465,21484,21606,224,1816,1979,713
465,21484,21606,225,1816,1979,734
465,21484,21606,226,1819,1978,751
465,21484,21606,227,1821,1979,763
465,21484,21606,228,1822,1979,783
465,21484,21606,229,1824,1979,791
465,21484,21606,230,1825,1980,820
465,21484,21606,231,1827,1979,820
465,21484,21606,232,1830,1979,835
465,21484,21606,233,1831,1979,846
465,21484,21606,234,1833,1979,853
465,21484,21606,235,1834,1980,878
465,21484,21606,236,1835,1979,892
465,21484,21606,237,1838,1979,906
465,21484,21606,238,1839,1979,918
465,21484,21606,239,1841,1980,932
465,21484,21606,240,1843,1980,948
465,21484,21606,241,1845,1979,963
465,21484,21606,242,1846,1979,976
465,21484,21606,243,1848,1979,990
465,21484,21606,244,1849,1980,1005
465,21484,21606,245,1851,1980,1017
465,21484,21606,246,1853,1980,1033
465,21484,21606,247,1855,1980,1055
465,21484,21606,248,1856,1980,1062
465,21484,21606,249,1858,1980,1075
465,21484,21606,250,1860,1980,1090
465,21484,21606,251,1862,1980,1099
465,21484,21606,252,1864,1980,1120
465,21484,21606,253,1866,1980,1133
465,21484,21606,254,1867,1980,1145
465,21484,21606,255,1869,1980,1161
465,21484,21606,256,1871,1980,1177
465,21484,21606,257,1872,1980,1190
465,21484,21606,258,1874,1980,1204
465,21484,21606,259,1876,1980,1212
465,21484,21606,260,1878,1981,1234
465,21484,21606,261,1881,1980,1238
465,21484,21606,262,1882,1980,1260
465,21484,21606,263,1883,1981,1277
465,21484,21606,264,1885,1981,1291
465,21484,21606,265,1887,1981,1299
465,21484,21606,266,1889,1981,1315
465,21484,21606,267,1889,1981,1319
465,21484,21606,268,1886,1981,1301
465,21484,21606,269,1885,1980,1289
465,21484,21606,270,1884,1981,1269
465,21484,21606,271,1882,1980,1259
465,21484,21606,272,1880,1980,1246
465,21484,21606,273,1878,1981,1231
465,21484,21606,274,1875,1980,1217
465,21484,21606,275,1875,1980,1208
465,21484,21606,276,1874,1980,1189
465,21484,21606,277,1871,1980,1175
465,21484,21606,278,1871,1981,1161
465,21484,21606,279,1866,1981,1145
465,21484,21606,280,1866,1981,1128
465,21484,21606,281,1863,1981,1118
465,21484,21606,282,1862,1980,1104
465,21484,21606,283,1860,1980,1090
465,21484,21606,284,1858,1980,1075
465,21484,21606,285,1856,1980,1061
465,21484,21606,286,1854,1980,1042
465,21484,21606,287,1853,1980,1031
465,21484,21606,288,1851,1980,1018
465,21484,21606,289,1849,1980,1001
465,21484,21606,290,1848,1980,993
465,21484,21606,291,1847,1979,972
465,21484,21606,292,1844,1979,961
465,21484,21606,293,1843,1980,947
465,21484,21606,294,1841,1979,933
465,21484,21606,295,1839,1979,919
465,21484,21606,296,1837,1979,926
465,21484,21606,297,1836,1979,891
465,21484,21606,298,1835,1979,875
465,21484,21606,299,1832,1979,860
465,21484,21606,300,1832,1979,848
465,21484,21606,301,1829,1979,834
465,21484,21606,302,1827,1979,819
465,21484,21606,303,1826,1978,806
465,21484,21606,304,1823,1978,792
465,21484,21606,305,1822,1979,770
465,21484,21606,306,1822,1978,762
465,21484,21606,307,1819,1978,748
465,21484,21606,308,1818,1978,736
465,21484,21606,309,1816,1978,719
465,21484,21606,310,1814,1978,712
465,21484,21606,311,1814,1978,695
465,21484,21606,312,1810,1978,675
465,21484,21606,313,1809,1978,664
465,21484,21606,314,1808,1978,641
465,21484,21606,315,1806,1978,632
465,21484,21606,316,1804,1977,621
465,21484,21606,317,1802,1978,608
465,21484,21606,318,1801,1978,593
465,21484,21606,319,1799,1977,580
465,21484,21606,320,1800,1978,570
465,21484,21606,321,1796,1977,549
465,21484,21606,322,1794,1977,539
465,21484,21606,323,1792,1977,521
465,21484,21606,324,1791,1977,509
465,21484,21606,325,1789,1976,497
465,21484,21606,326,1786,1976,477
465,21484,21606,327,1787,1976,464
465,21484,21606,328,1784,1976,452
465,21484,21606,329,1783,1976,443
465,21484,21606,330,1782,1976,426
465,21484,21606,331,1781,1976,410
465,21484,21606,332,1778,1975,395
465,21484,21606,333,1778,1976,380
465,21484,21606,334,1775,1975,364
465,21484,21606,335,1773,1975,356
465,21484,21606,336,1772,1974,337
465,21484,21606,337,1770,1974,323
465,21484,21606,338,1768,1975,309
465,21484,21606,339,1768,1974,301
465,21484,21606,340,1765,1975,282
465,21484,21606,341,1763,1974,267
465,21484,21606,342,1762,1974,253
465,21484,21606,343,1760,1974,237
465,21484,21606,344,1760,1974,224
465,21484,21606,345,1757,1974,201
465,21484,21606,346,1756,1974,196
465,21484,21606,347,1754,1972,179
465,21484,21606,348,1754,1973,180
465,21484,21606,349,1762,1975,262
465,21484,21606,350,1772,1976,352
465,21484,21606,351,1779,1976,413
465,21484,21606,352,1789,1976,496
465,21484,21606,353,1796,1978,588
465,21484,21606,354,1810,1979,696
465,21484,21606,355,1821,1980,816
467,21659,21781,0,2003,2029,1224
467,21659,21781,1,1878,1982,1295
467,21659,21781,2,1894,1981,1372
467,21659,21781,3,1905,1982,1481
467,21659,21781,4,1917,1982,1573
467,21659,21781,5,1935,1982,1679
467,21659,21781,6,1950,1982,1811
467,21659,21781,7,1964,1983,1931
467,21659,21781,8,1982,1983,2084
467,21659,21781,9,2008,1984,2246
467,21659,21781,10,2026,1985,2408
467,21659,21781,11,2055,1984,2564
467,21659,21781,12,2071,1984,2706
467,21659,21781,13,2093,1984,2849
467,21659,21781,14,2112,1985,2980
467,21659,21781,15,2125,1985,3126
467,21659,21781,16,2148,1985,3255
467,21659,21781,17,2165,1986,3381
467,21659,21781,18,2185,1985,3488
467,21659,21781,19,2186,1985,3499
467,21659,21781,20,2186,1984,3479
467,21659,21781,21,2183,1984,3471
467,21659,21781,22,2183,1985,3471
467,21659,21781,23,2184,1985,3474
467,21659,21781,24,2182,1985,3460
467,21659,21781,25,2180,1985,3445
467,21659,21781,26,2179,1986,3430
467,21659,21781,27,2176,1985,3419
467,21659,21781,28,2175,1985,3398
467,21659,21781,29,2172,1985,3391
467,21659,21781,30,2171,1985,3375
467,21659,21781,31,2168,1985,3363
467,21659,21781,32,2166,1985,3347
467,21659,21781,33,2164,1985,3331
467,21659,21781,34,2161,1985,3318
467,21659,21781,35,2160,1985,3306
467,21659,21781,36,2159,1984,3291
467,21659,21781,37,2155,1985,3277
467,21659,21781,38,2154,1985,3264
467,21659,21781,39,2152,1985,3248
467,21659,21781,40,2150,1985,3233
467,21659,21781,41,2148,1985,3220
467,21659,21781,42,2147,1984,3205
467,21659,21781,43,2145,1985,3190
467,21659,21781,44,2142,1985,3174
467,21659,21781,45,2141,1985,3160
467,21659,21781,46,2138,1985,3143
467,21659,21781,47,2136,1984,3134
467,21659,21781,48,2135,1984,3118
467,21659,21781,49,2132,1984,3108
467,21659,21781,50,2131,1984,3093
467,21659,21781,51,2129,1984,3076
467,21659,21781,52,2128,1984,3063
467,21659,21781,53,2125,1984,3048
467,21659,21781,54,2122,1984,3034
467,21659,21781,55,2120,1984,3020
467,21659,21781,56,2118,1984,3005
467,21659,21781,57,2117,1985,2990
467,21659,21781,58,2115,1984,2976
467,21659,21781,59,2113,1984,2960
467,21659,21781,60,2112,1984,2949
467,21659,21781,61,2108,1984,2932
467,21659,21781,62,2108,1983,2921
467,21659,21781,63,2105,1984,2912
467,21659,21781,64,2104,1983,2890
467,21659,21781,65,2102,1984,2876
467,21659,21781,66,2099,1984,2862
467,21659,21781,67,2096,1984,2851
467,21659,21781,68,2096,1984,2834
467,21659,21781,69,2094,1984,2821
467,21659,21781,70,2091,1984,2822
467,21659,21781,71,2090,1984,2799
467,21659,21781,72,2088,1983,2777
467,21659,21781,73,2086,1984,2765
467,21659,21781,74,2084,1984,2751
467,21659,21781,75,2081,1983,2738
467,21659,21781,76,2081,1983,2724
467,21659,21781,77,2079,1984,2709
467,21659,21781,78,2076,1984,2694
467,21659,21781,79,2073,1983,2678
467,21659,21781,80,2072,1984,2665
467,21659,21781,81,2071,1983,2650
467,21659,21781,82,2068,1984,2614
467,21659,21781,83,2065,1983,2623
467,21659,21781,84,2064,1983,2610
467,21659,21781,85,2062,1983,2595
467,21659,21781,86,2061,1983,2577
467,21659,21781,87,2059,1984,2566
467,21659,21781,88,2056,1983,2552
467,21659,21781,89,2057,1983,2551
467,21659,21781,90,2059,1983,2567
467,21659,21781,91,2061,1984,2583
467,21659,21781,92,2061,1983,2593
467,21659,21781,93,2065,1984,2610
467,21659,21781,94,2066,1984,2623
467,21659,21781,95,2068,1983,2640
467,21659,21781,96,2070,1983,2654
467,21659,21781,97,2071,1984,2665
467,21659,21781,98,2074,1983,2680
467,21659,21781,99,2075,1984,2695
467,21659,21781,100,2078,1984,2711
467,21659,21781,101,2080,1984,2722
467,21659,21781,102,2081,1984,2738
467,21659,21781,103,2083,1984,2751
467,21659,21781,104,2087,1984,2764
467,21659,21781,105,2087,1984,2776
467,21659,21781,106,2090,1984,2791
467,21659,21781,107,2092,1985,2806
467,21659,21781,108,2093,1984,2821
467,21659,21781,109,2096,1984,2834
467,21659,21781,110,2095,1984,2849
467,21659,21781,111,2099,1985,2864
467,21659,21781,112,2101,1984,2876
467,21659,21781,113,2103,1985,2897
467,21659,21781,114,2105,1984,2908
467,21659,21781,115,2107,1984,2920
467,21659,21781,116,2110,1984,2932
467,21659,21781,117,2111,1984,2948
467,21659,21781,118,2113,1984,2965
467,21659,21781,119,2115,1984,2983
467,21659,21781,120,2117,1984,2991
467,21659,21781,121,2119,1984,3005
467,21659,21781,122,2120,1985,3022
467,21659,21781,123,2123,1985,3036
467,21659,21781,124,2125,1984,3042
467,21659,21781,125,2127,1984,3062
467,21659,21781,126,2129,1985,3077
467,21659,21781,127,2130,1984,3089
467,21659,21781,128,2133,1985,3112
467,21659,21781,129,2134,1985,3120
467,21659,21781,130,2137,1984,3134
467,21659,21781,131,2138,1984,3144
467,21659,21781,132,2141,1985,3162
467,21659,21781,133,2142,1985,3176
467,21659,21781,134,2146,1985,3190
467,21659,21781,135,2146,1985,3205
467,21659,21781,136,2148,1985,3222
467,21659,21781,137,2149,1985,3234
467,21659,21781,138,2153,1985,3215
467,21659,21781,139,2155,1985,3263
467,21659,21781,140,2156,1985,3275
467,21659,21781,141,2159,1985,3294
467,21659,21781,142,2161,1985,3305
467,21659,21781,143,2162,1985,3316
467,21659,21781,144,2164,1984,3330
467,21659,21781,145,2165,1985,3347
467,21659,21781,146,2168,1985,3361
467,21659,21781,147,2169,1985,3377
467,21659,21781,148,2171,1985,3386
467,21659,21781,149,2174,1985,3404
467,21659,21781,150,2176,1985,3419
467,21659,21781,151,2178,1985,3433
467,21659,21781,152,2179,1985,3445
467,21659,21781,153,2182,1985,3460
467,21659,21781,154,2184,1985,3475
467,21659,21781,155,2184,1985,3473
467,21659,21781,156,2183,1985,3470
467,21659,21781,157,2184,1985,3479
467,21659,21781,158,2189,1986,3509
467,21659,21781,159,2188,1985,3510
467,21659,21781,160,2189,1985,3517
467,21659,21781,161,2191,1985,3521
467,21659,21781,162,2192,1985,3511
467,21659,21781,163,2191,1986,3463
467,21659,21781,164,2172,1984,3340
467,21659,21781,165,2155,1984,3208
467,21659,21781,166,2136,1983,3098
467,21659,21781,167,2119,1983,2962
467,21659,21781,168,2101,1983,2830
467,21659,21781,169,2084,1983,2707
467,21659,21781,170,2065,1982,2572
467,21659,21781,171,2049,1982,2440
467,21659,21781,172,2028,1982,2310
467,21659,21781,173,2008,1982,2155
467,21659,21781,174,1988,1982,2027
467,21659,21781,175,1972,1981,1894
467,21659,21781,176,1950,1980,1746
467,21659,21781,177,1932,1980,1596
467,21659,21781,178,1923,1980,1529
467,21659,21781,179,1898,1979,1360
467,21659,21781,180,1882,1979,1184
467,21659,21781,181,1861,1979,1040
467,21659,21781,182,1843,1978,900
467,21659,21781,183,1824,1978,752
467,21659,21781,184,1811,1977,628
467,21659,21781,185,1792,1976,478
467,21659,21781,186,1778,1975,349
467,21659,21781,187,1764,1973,225
467,21659,21781,188,1758,1974,209
467,21659,21781,189,1759,1975,219
467,21659,21781,190,1760,1974,239
467,21659,21781,191,1762,1975,251
467,21659,21781,192,1765,1975,266
467,21659,21781,193,1765,1974,280
467,21659,21781,194,1767,1976,295
467,21659,21781,195,1768,1975,317
467,21659,21781,196,1770,1975,323
467,21659,21781,197,1772,1975,337
467,21659,21781,198,1773,1975,350
467,21659,21781,199,1775,1975,364
467,21659,21781,200,1776,1975,378
467,21659,21781,201,1779,1976,395
467,21659,21781,202,1780,1976,411
467,21659,21781,203,1782,1976,424
467,21659,21781,204,1782,1976,435
467,21659,21781,205,1785,1976,455
467,21659,21781,206,1786,1977,463
467,21659,21781,207,1788,1977,479
467,21659,21781,208,1789,1977,494
467,21659,21781,209,1791,1976,506
467,21659,21781,210,1794,1977,522
467,21659,21781,211,1794,1977,540
467,21659,21781,212,1796,1977,550
467,21659,21781,213,1797,1978,570
467,21659,21781,214,1799,1978,579
467,21659,21781,215,1801,1977,592
467,21659,21781,216,1802,1978,605
467,21659,21781,217,1804,1978,624
467,21659,21781,218,1807,1978,634
467,21659,21781,219,1805,1977,650
467,21659,21781,220,1809,1978,666
467,21659,21781,221,1810,1978,678
467,21659,21781,222,1811,1978,687
467,21659,21781,223,1814,1978,708
467,21659,21781,224,1816,1978,720
467,21659,21781,225,1817,1979,732
467,21659,21781,226,1818,1979,750
467,21659,21781,227,1822,1979,766
467,21659,21781,228,1821,1979,776
467,21659,21781,229,1824,1979,792
467,21659,21781,230,1826,1979,802
467,21659,21781,231,1827,1979,820
467,21659,21781,232,1829,1979,832
467,21659,21781,233,1831,1979,848
467,21659,21781,234,1832,1979,860
467,21659,21781,235,1834,1979,876
467,21659,21781,236,1836,1980,893
467,21659,21781,237,1837,1979,902
467,21659,21781,238,1839,1980,920
467,21659,21781,239,1840,1979,933
467,21659,21781,240,1842,1980,947
467,21659,21781,241,1843,1980,960
467,21659,21781,242,1846,1980,976
467,21659,21781,243,1847,1980,989
467,21659,21781,244,1852,1980,1004
467,21659,21781,245,1852,1980,1018
467,21659,21781,246,1853,1979,1031
467,21659,21781,247,1855,1980,1044
467,21659,21781,248,1856,1980,1063
467,21659,21781,249,1859,1980,1073
467,21659,21781,250,1860,1980,1088
467,21659,21781,251,1862,1980,1106
467,21659,21781,252,1866,1980,1119
467,21659,21781,253,1865,1981,1133
467,21659,21781,254,1867,1980,1148
467,21659,21781,255,1870,1981,1164
467,21659,21781,256,1871,1980,1175
467,21659,21781,257,1872,1980,1190
467,21659,21781,258,1875,1980,1201
467,21659,21781,259,1876,1980,1221
467,21659,21781,260,1878,1980,1233
467,21659,21781,261,1880,1981,1245
467,21659,21781,262,1881,1980,1259
467,21659,21781,263,1882,1981,1274
467,21659,21781,264,1885,1981,1288
467,21659,21781,265,1887,1980,1304
467,21659,21781,266,1888,1980,1316
467,21659,21781,267,1888,1980,1315
467,21659,21781,268,1887,1981,1306
467,21659,21781,269,1885,1980,1288
467,21659,21781,270,1882,1980,1274
467,21659,21781,271,1881,1980,1258
467,21659,21781,272,1879,1980,1246
467,21659,21781,273,1878,1981,1232
467,21659,21781,274,1876,1981,1221
467,21659,21781,275,1875,1981,1203
467,21659,21781,276,1872,1980,1188
467,21659,21781,277,1870,1981,1174
467,21659,21781,278,1869,1980,1159
467,21659,21781,279,1868,1980,1146
467,21659,21781,280,1865,1980,1131
467,21659,21781,281,1862,1980,1119
467,21659,21781,282,1862,1980,1105
467,21659,21781,283,1861,1980,1093
467,21659,21781,284,1858,1980,1080
467,21659,21781,285,1857,1980,1061
467,21659,21781,286,1855,1980,1049
467,21659,21781,287,1853,1980,1034
467,21659,21781,288,1852,1979,1015
467,21659,21781,289,1849,1979,1005
467,21659,21781,290,1849,1980,993
467,21659,21781,291,1850,1980,976
467,21659,21781,292,1844,1979,962
467,21659,21781,293,1843,1979,948
467,21659,21781,294,1842,1980,933
467,21659,21781,295,1840,1980,919
467,21659,21781,296,1837,1979,907
467,21659,21781,297,1836,1980,895
467,21659,21781,298,1835,1979,879
467,21659,21781,299,1833,1979,861
467,21659,21781,300,1831,1979,850
467,21659,21781,301,1829,1978,835
467,21659,21781,302,1827,1979,820
467,21659,21781,303,1826,1979,801
467,21659,21781,304,1825,1979,795
467,21659,21781,305,1822,1979,779
467,21659,21781,306,1820,1978,762
467,21659,21781,307,1819,1978,748
467,21659,21781,308,1818,1979,733
467,21659,21781,309,1815,1978,723
467,21659,21781,310,1814,1978,707
467,21659,21781,311,1813,1978,693
467,21659,21781,312,1810,1978,676
467,21659,21781,313,1809,1978,665
467,21659,21781,314,1807,1978,649
467,21659,21781,315,1806,1978,636
467,21659,21781,316,1803,1977,621
467,21659,21781,317,1802,1978,606
467,21659,21781,318,1801,1977,591
467,21659,21781,319,1799,1978,578
467,21659,21781,320,1797,1978,561
467,21659,21781,321,1796,1977,554
467,21659,21781,322,1794,1977,537
467,21659,21781,323,1794,1977,522
467,21659,21781,324,1791,1977,510
467,21659,21781,325,1789,1976,494
467,21659,21781,326,1789,1976,471
467,21659,21781,327,1786,1976,466
467,21659,21781,328,1784,1975,450
467,21659,21781,329,1783,1975,435
467,21659,21781,330,1782,1976,424
467,21659,21781,331,1780,1975,408
467,21659,21781,332,1778,1976,395
467,21659,21781,333,1776,1975,377
467,21659,21781,334,1775,1975,368
467,21659,21781,335,1774,1976,353
467,21659,21781,336,1772,1975,337
467,21659,21781,337,1771,1975,322
467,21659,21781,338,1769,1975,304
467,21659,21781,339,1767,1975,296
467,21659,21781,340,1765,1975,280
467,21659,21781,341,1764,1975,266
467,21659,21781,342,1762,1974,253
467,21659,21781,343,1761,1974,240
467,21659,21781,344,1759,1973,218
467,21659,21781,345,1758,1974,209
467,21659,21781,346,1756,1973,199
467,21659,21781,347,1755,1973,184
467,21659,21781,348,1754,1973,179
467,21659,21781,349,1765,1976,310
467,21659,21781,350,1777,1977,416
467,21659,21781,351,1792,1978,543
467,21659,21781,352,1805,1979,651
467,21659,21781,353,1818,1979,784
467,21659,21781,354,1834,1980,906
467,21659,21781,355,1849,1981,1032
469,21835,21957,0,2007,2027,1258
469,21835,21957,1,1884,1983,1308
469,21835,21957,2,1897,1981,1424
469,21835,21957,3,1909,1982,1501
469,21835,21957,4,1921,1981,1585
469,21835,21957,5,1938,1983,1709
469,21835,21957,6,1952,1982,1789
469,21835,21957,7,1962,1982,1884
469,21835,21957,8,1973,1983,1999
469,21835,21957,9,1989,1983,2109
469,21835,21957,10,2007,1983,2219
469,21835,21957,11,2021,1984,2356
469,21835,21957,12,2044,1983,2490
469,21835,21957,13,2062,1984,2628
469,21835,21957,14,2080,1985,2782
469,21835,21957,15,2098,1984,2923
469,21835,21957,16,2123,1985,3073
469,21835,21957,17,2140,1985,3220
469,21835,21957,18,2162,1986,3377
469,21835,21957,19,2183,1986,3492
469,21835,21957,20,2184,1985,3483
469,21835,21957,21,2183,1985,3471
469,21835,21957,22,2183,1985,3471
469,21835,21957,23,2185,1985,3474
469,21835,21957,24,2181,1985,3462
469,21835,21957,25,2180,1985,3447
469,21835,21957,26,2179,1985,3435
469,21835,21957,27,2176,1985,3414
469,21835,21957,28,2172,1985,3406
469,21835,21957,29,2173,1985,3385
469,21835,21957,30,2170,1985,3376
469,21835,21957,31,2168,1985,3362
469,21835,21957,32,2167,1985,3346
469,21835,21957,33,2161,1986,3333
469,21835,21957,34,2162,1985,3319
469,21835,21957,35,2161,1985,3307
469,21835,21957,36,2158,1985,3293
469,21835,21957,37,2155,1985,3276
469,21835,21957,38,2154,1985,3261
469,21835,21957,39,2150,1984,3246
469,21835,21957,40,2150,1985,3233
469,21835,21957,41,2149,1985,3218
469,21835,21957,42,2146,1985,3204
469,21835,21957,43,2145,1985,3193
469,21835,21957,44,2139,1985,3172
469,21835,21957,45,2140,1985,3159
469,21835,21957,46,2138,1985,3148
469,21835,21957,47,2137,1984,3129
469,21835,21957,48,2135,1985,3121
469,21835,21957,49,2132,1985,3103
469,21835,21957,50,2131,1984,3092
469,21835,21957,51,2129,1984,3075
469,21835,21957,52,2126,1984,3063
469,21835,21957,53,2126,1984,3049
469,21835,21957,54,2122,1985,3034
469,21835,21957,55,2119,1984,3020
469,21835,21957,56,2119,1984,3005
469,21835,21957,57,2116,1984,2990
469,21835,21957,58,2114,1984,2979
469,21835,21957,59,2113,1984,2965
469,21835,21957,60,2111,1984,2951
469,21835,21957,61,2109,1984,2935
469,21835,21957,62,2108,1984,2924
469,21835,21957,63,2105,1984,2909
469,21835,21957,64,2104,1984,2892
469,21835,21957,65,2101,1984,2879
469,21835,21957,66,2100,1985,2861
469,21835,21957,67,2096,1984,2848
469,21835,21957,68,2096,1984,2834
469,21835,21957,69,2093,1984,2819
469,21835,21957,70,2091,1983,2810
469,21835,21957,71,2090,1984,2794
469,21835,21957,72,2088,1984,2777
469,21835,21957,73,2085,1984,2763
469,21835,21957,74,2084,1983,2750
469,21835,21957,75,2081,1984,2736
469,21835,21957,76,2078,1984,2719
469,21835,21957,77,2078,1983,2707
469,21835,21957,78,2076,1984,2697
469,21835,21957,79,2073,1983,2679
469,21835,21957,80,2072,1984,2664
469,21835,21957,81,2071,1984,2652
469,21835,21957,82,2068,1984,2638
469,21835,21957,83,2066,1984,2626
469,21835,21957,84,2064,1984,2604
469,21835,21957,85,2062,1984,2595
469,21835,21957,86,2060,1983,2581
469,21835,21957,87,2058,1983,2565
469,21835,21957,88,2057,1983,2553
469,21835,21957,89,2056,1983,2551
469,21835,21957,90,2057,1984,2567
469,21835,21957,91,2060,1984,2582
469,21835,21957,92,2063,1984,2594
469,21835,21957,93,2064,1984,2616
469,21835,21957,94,2067,1983,2622
469,21835,21957,95,2068,1984,2635
469,21835,21957,96,2070,1984,2650
469,21835,21957,97,2072,1983,2667
469,21835,21957,98,2074,1984,2678
469,21835,21957,99,2076,1984,2692
469,21835,21957,100,2078,1984,2706
469,21835,21957,101,2080,1984,2727
469,21835,21957,102,2082,1984,2735
469,21835,21957,103,2084,1984,2750
469,21835,21957,104,2085,1984,2769
469,21835,21957,105,2088,1984,2782
469,21835,21957,106,2089,1984,2791
469,21835,21957,107,2091,1984,2807
469,21835,21957,108,2094,1984,2823
469,21835,21957,109,2095,1984,2833
469,21835,21957,110,2098,1984,2847
469,21835,21957,111,2099,1984,2865
469,21835,21957,112,2102,1984,2878
469,21835,21957,113,2103,1984,2893
469,21835,21957,114,2106,1984,2907
469,21835,21957,115,2106,1984,2920
469,21835,21957,116,2109,1984,2935
469,21835,21957,117,2112,1984,2949
469,21835,21957,118,2113,1985,2966
469,21835,21957,119,2115,1985,2975
469,21835,21957,120,2117,1984,2986
469,21835,21957,121,2118,1985,3008
469,21835,21957,122,2121,1985,3019
469,21835,21957,123,2123,1985,3035
469,21835,21957,124,2125,1984,3047
469,21835,21957,125,2127,1984,3069
469,21835,21957,126,2129,1984,3076
469,21835,21957,127,2131,1984,3102
469,21835,21957,128,2133,1984,3106
469,21835,21957,129,2135,1985,3120
469,21835,21957,130,2136,1985,3134
469,21835,21957,131,2138,1985,3146
469,21835,21957,132,2141,1985,3162
469,21835,21957,133,2144,1984,3176
469,21835,21957,134,2145,1985,3191
469,21835,21957,135,2146,1985,3203
469,21835,21957,136,2148,1985,3220
469,21835,21957,137,2151,1985,3234
469,21835,21957,138,2153,1985,3249
469,21835,21957,139,2154,1985,3261
469,21835,21957,140,2157,1985,3276
469,21835,21957,141,2159,1985,3288
469,21835,21957,142,2160,1984,3312
469,21835,21957,143,2163,1985,3312
469,21835,21957,144,2164,1986,3334
469,21835,21957,145,2165,1985,3348
469,21835,21957,146,2167,1985,3365
469,21835,21957,147,2171,1986,3378
469,21835,21957,148,2172,1985,3389
469,21835,21957,149,2174,1986,3404
469,21835,21957,150,2177,1985,3417
469,21835,21957,151,2178,1985,3430
469,21835,21957,152,2181,1985,3450
469,21835,21957,153,2181,1985,3461
469,21835,21957,154,2183,1985,3476
469,21835,21957,155,2185,1985,3470
469,21835,21957,156,2183,1985,3470
469,21835,21957,157,2186,1985,3479
469,21835,21957,158,2188,1985,3490
469,21835,21957,159,2188,1985,3509
469,21835,21957,160,2189,1986,3510
469,21835,21957,161,2189,1985,3511
469,21835,21957,162,2183,1984,3485
469,21835,21957,163,2172,1984,3369
469,21835,21957,164,2160,1984,3261
469,21835,21957,165,2145,1984,3164
469,21835,21957,166,2131,1983,3051
469,21835,21957,167,2113,1984,2932
469,21835,21957,168,2100,1983,2808
469,21835,21957,169,2081,1983,2685
469,21835,21957,170,2063,1983,2554
469,21835,21957,171,2047,1982,2425
469,21835,21957,172,2026,1982,2281
469,21835,21957,173,2005,1982,2166
469,21835,21957,174,1988,1982,2010
469,21835,21957,175,1967,1981,1871
469,21835,21957,176,1949,1981,1744
469,21835,21957,177,1937,1981,1647
469,21835,21957,178,1930,1982,1596
469,21835,21957,179,1914,1980,1483
469,21835,21957,180,1899,1981,1372
469,21835,21957,181,1884,1980,1258
469,21835,21957,182,1868,1979,1099
469,21835,21957,183,1852,1979,978
469,21835,21957,184,1835,1977,831
469,21835,21957,185,1817,1977,684
469,21835,21957,186,1799,1975,532
469,21835,21957,187,1783,1975,381
469,21835,21957,188,1764,1974,258
469,21835,21957,189,1759,1973,225
469,21835,21957,190,1761,1974,237
469,21835,21957,191,1762,1974,256
469,21835,21957,192,1765,1975,264
469,21835,21957,193,1766,1974,284
469,21835,21957,194,1767,1974,295
469,21835,21957,195,1769,1975,311
469,21835,21957,196,1771,1975,326
469,21835,21957,197,1772,1975,337
469,21835,21957,198,1773,1975,351
469,21835,21957,199,1775,1975,362
469,21835,21957,200,1776,1976,378
469,21835,21957,201,1778,1976,394
469,21835,21957,202,1780,1975,409
469,21835,21957,203,1781,1976,421
469,21835,21957,204,1783,1976,438
469,21835,21957,205,1784,1976,452
469,21835,21957,206,1787,1977,465
469,21835,21957,207,1788,1976,479
469,21835,21957,208,1790,1977,494
469,21835,21957,209,1791,1977,508
469,21835,21957,210,1792,1977,524
469,21835,21957,211,1795,1977,535
469,21835,21957,212,1795,1977,552
469,21835,21957,213,1798,1977,566
469,21835,21957,214,1800,1977,577
469,21835,21957,215,1800,1978,593
469,21835,21957,216,1802,1977,609
469,21835,21957,217,1804,1978,625
469,21835,21957,218,1805,1978,634
469,21835,21957,219,1808,1978,650
469,21835,21957,220,1809,1978,667
469,21835,21957,221,1811,1978,679
469,21835,21957,222,1812,1978,692
469,21835,21957,223,1814,1978,705
469,21835,21957,224,1816,1979,721
469,21835,21957,225,1817,1979,735
469,21835,21957,226,1819,1979,750
469,21835,21957,227,1821,1980,759
469,21835,21957,228,1823,1979,780
469,21835,21957,229,1823,1979,789
469,21835,21957,230,1826,1979,806
469,21835,21957,231,1827,1979,822
469,21835,21957,232,1829,1979,836
469,21835,21957,233,1831,1979,849
469,21835,21957,234,1832,1979,864
469,21835,21957,235,1834,1979,875
469,21835,21957,236,1836,1979,893
469,21835,21957,237,1837,1979,903
469,21835,21957,238,1840,1979,920
469,21835,21957,239,1841,1980,933
469,21835,21957,240,1842,1980,948
469,21835,21957,241,1844,1980,962
469,21835,21957,242,1846,1980,975
469,21835,21957,243,1849,1980,993
469,21835,21957,244,1850,1979,1005
469,21835,21957,245,1852,1980,1025
469,21835,21957,246,1854,1980,1029
469,21835,21957,247,1854,1980,1045
469,21835,21957,248,1857,1980,1063
469,21835,21957,249,1859,1981,1076
469,21835,21957,250,1860,1980,1092
469,21835,21957,251,1862,1980,1106
469,21835,21957,252,1863,1980,1116
469,21835,21957,253,1865,1980,1132
469,21835,21957,254,1868,1980,1149
469,21835,21957,255,1869,1980,1159
469,21835,21957,256,1870,1980,1176
469,21835,21957,257,1873,1980,1189
469,21835,21957,258,1875,1980,1204
469,21835,21957,259,1877,1981,1216
469,21835,21957,260,1877,1981,1232
469,21835,21957,261,1881,1980,1246
469,21835,21957,262,1882,1981,1260
469,21835,21957,263,1884,1980,1277
469,21835,21957,264,1886,1981,1289
469,21835,21957,265,1887,1981,1300
469,21835,21957,266,1889,1981,1320
469,21835,21957,267,1890,1981,1318
469,21835,21957,268,1887,1981,1302
469,21835,21957,269,1885,1981,1288
469,21835,21957,270,1884,1980,1272
469,21835,21957,271,1881,1981,1262
469,21835,21957,272,1880,1981,1246
469,21835,21957,273,1879,1981,1231
469,21835,21957,274,1876,1980,1219
469,21835,21957,275,1875,1981,1203
469,21835,21957,276,1873,1980,1190
469,21835,21957,277,1872,1980,1176
469,21835,21957,278,1869,1980,1162
469,21835,21957,279,1867,1980,1145
469,21835,21957,280,1866,1981,1133
469,21835,21957,281,1863,1980,1119
469,21835,21957,282,1863,1980,1101
469,21835,21957,283,1860,1979,1092
469,21835,21957,284,1859,1980,1075
469,21835,21957,285,1857,1979,1062
469,21835,21957,286,1856,1980,1049
469,21835,21957,287,1853,1980,1034
469,21835,21957,288,1851,1979,1019
469,21835,21957,289,1850,1980,1003
469,21835,21957,290,1848,1980,990
469,21835,21957,291,1846,1979,976
469,21835,21957,292,1844,1979,963
469,21835,21957,293,1843,1980,950
469,21835,21957,294,1841,1980,935
469,21835,21957,295,1840,1979,918
469,21835,21957,296,1838,1979,905
469,21835,21957,297,1837,1980,890
469,21835,21957,298,1833,1979,882
469,21835,21957,299,1832,1979,863
469,21835,21957,300,1831,1978,850
469,21835,21957,301,1829,1979,833
469,21835,21957,302,1827,1979,820
469,21835,21957,303,1826,1978,805
469,21835,21957,304,1823,1979,794
469,21835,21957,305,1823,1978,776
469,21835,21957,306,1820,1978,764
469,21835,21957,307,1818,1978,751
469,21835,21957,308,1818,1978,734
469,21835,21957,309,1815,1978,728
469,21835,21957,310,1814,1978,696
469,21835,21957,311,1813,1978,694
469,21835,21957,312,1810,1978,678
469,21835,21957,313,1809,1978,665
469,21835,21957,314,1807,1978,650
469,21835,21957,315,1805,1978,638
469,21835,21957,316,1805,1977,620
469,21835,21957,317,1801,1978,608
469,21835,21957,318,1800,1977,590
469,21835,21957,319,1799,1977,579
469,21835,21957,320,1798,1977,563
469,21835,21957,321,1796,1977,550
469,21835,21957,322,1794,1977,536
469,21835,21957,323,1793,1977,524
469,21835,21957,324,1790,1977,516
469,21835,21957,325,1790,1977,494
469,21835,21957,326,1788,1976,480
469,21835,21957,327,1786,1976,465
469,21835,21957,328,1785,1976,451
469,21835,21957,329,1782,1976,437
469,21835,21957,330,1782,1976,420
469,21835,21957,331,1780,1976,410
469,21835,21957,332,1779,1976,394
469,21835,21957,333,1777,1975,379
469,21835,21957,334,1775,1975,365
469,21835,21957,335,1774,1975,360
469,21835,21957,336,1773,1975,339
469,21835,21957,337,1770,1974,323
469,21835,21957,338,1769,1975,309
469,21835,21957,339,1768,1974,294
469,21835,21957,340,1766,1974,278
469,21835,21957,341,1764,1974,261
469,21835,21957,342,1762,1974,252
469,21835,21957,343,1761,1974,238
469,21835,21957,344,1759,1974,223
469,21835,21957,345,1758,1974,211
469,21835,21957,346,1756,1973,196
469,21835,21957,347,1754,1973,180
469,21835,21957,348,1753,1972,170
469,21835,21957,349,1756,1973,206
469,21835,21957,350,1765,1976,294
469,21835,21957,351,1772,1975,378
469,21835,21957,352,1784,1977,475
469,21835,21957,353,1797,1978,595
469,21835,21957,354,1810,1979,719
469,21835,21957,355,1825,1980,843
471,22013,22135,0,2013,2032,1322
471,22013,22135,1,1891,1983,1391
471,22013,22135,2,1907,1982,1481
471,22013,22135,3,1920,1982,1575
471,22013,22135,4,1932,1983,1693
471,22013,22135,5,1947,1983,1788
471,22013,22135,6,1966,1982,1919
471,22013,22135,7,1979,1982,2016
471,22013,22135,8,1994,1983,2128
471,22013,22135,9,2007,1983,2239
471,22013,22135,10,2026,1984,2364
471,22013,22135,11,2043,1984,2498
471,22013,22135,12,2060,1984,2628
471,22013,22135,13,2076,1985,2758
471,22013,22135,14,2097,1984,2888
471,22013,22135,15,2117,1985,3026
471,22013,22135,16,2130,1985,3176
471,22013,22135,17,2153,1986,3291
471,22013,22135,18,2170,1986,3439
471,22013,22135,19,2187,1985,3497
471,22013,22135,20,2185,1985,3481
471,22013,22135,21,2183,1985,3470
471,22013,22135,22,2184,1985,3471
471,22013,22135,23,2182,1985,3474
471,22013,22135,24,2182,1985,3461
471,22013,22135,25,2180,1984,3449
471,22013,22135,26,2178,1985,3432
471,22013,22135,27,2175,1985,3419
471,22013,22135,28,2174,1985,3403
471,22013,22135,29,2172,1985,3391
471,22013,22135,30,2170,1985,3374
471,22013,22135,31,2168,1985,3361
471,22013,22135,32,2166,1985,3328
471,22013,22135,33,2165,1985,3334
471,22013,22135,34,2161,1985,3316
471,22013,22135,35,2161,1984,3304
471,22013,22135,36,2158,1985,3291
471,22013,22135,37,2157,1985,3281
471,22013,22135,38,2154,1985,3261
471,22013,22135,39,2153,1985,3249
471,22013,22135,40,2151,1984,3232
471,22013,22135,41,2148,1984,3220
471,22013,22135,42,2147,1984,3201
471,22013,22135,43,2144,1985,3191
471,22013,22135,44,2143,1985,3174
471,22013,22135,45,2140,1985,3159
471,22013,22135,46,2138,1984,3148
471,22013,22135,47,2137,1985,3131
471,22013,22135,48,2136,1985,3120
471,22013,22135,49,2133,1984,3103
471,22013,22135,50,2132,1985,3090
471,22013,22135,51,2128,1985,3075
471,22013,22135,52,2127,1984,3060
471,22013,22135,53,2125,1984,3049
471,22013,22135,54,2122,1984,3035
471,22013,22135,55,2122,1984,3020
471,22013,22135,56,2118,1984,3007
471,22013,22135,57,2117,1985,2991
471,22013,22135,58,2116,1984,2977
471,22013,22135,59,2113,1984,2962
471,22013,22135,60,2111,1984,2948
471,22013,22135,61,2109,1984,2937
471,22013,22135,62,2107,1984,2921
471,22013,22135,63,2105,1984,2906
471,22013,22135,64,2103,1984,2891
471,22013,22135,65,2101,1984,2882
471,22013,22135,66,2100,1985,2862
471,22013,22135,67,2096,1984,2850
471,22013,22135,68,2095,1984,2836
471,22013,22135,69,2093,1984,2821
471,22013,22135,70,2092,1984,2808
471,22013,22135,71,2089,1983,2794
471,22013,22135,72,2087,1983,2776
471,22013,22135,73,2087,1983,2762
471,22013,22135,74,2084,1984,2748
471,22013,22135,75,2081,1984,2733
471,22013,22135,76,2081,1984,2720
471,22013,22135,77,2078,1983,2707
471,22013,22135,78,2076,1984,2696
471,22013,22135,79,2074,1984,2682
471,22013,22135,80,2072,1983,2667
471,22013,22135,81,2070,1984,2652
471,22013,22135,82,2069,1984,2637
471,22013,22135,83,2066,1983,2624
471,22013,22135,84,2064,1984,2613
471,22013,22135,85,2063,1983,2592
471,22013,22135,86,2061,1983,2581
471,22013,22135,87,2059,1984,2568
471,22013,22135,88,2057,1983,2552
471,22013,22135,89,2055,1983,2558
471,22013,22135,90,2058,1983,2566
471,22013,22135,91,2060,1984,2581
471,22013,22135,92,2063,1984,2594
471,22013,22135,93,2064,1984,2607
471,22013,22135,94,2067,1984,2623
471,22013,22135,95,2068,1984,2638
471,22013,22135,96,2071,1983,2651
471,22013,22135,97,2072,1984,2665
471,22013,22135,98,2073,1983,2682
471,22013,22135,99,2077,1984,2693
471,22013,22135,100,2077,1984,2710
471,22013,22135,101,2079,1984,2721
471,22013,22135,102,2081,1984,2735
471,22013,22135,103,2083,1984,2751
471,22013,22135,104,2085,1984,2762
471,22013,22135,105,2087,1984,2778
471,22013,22135,106,2089,1984,2793
471,22013,22135,107,2091,1984,2807
471,22013,22135,108,2093,1984,2825
471,22013,22135,109,2095,1984,2836
471,22013,22135,110,2097,1984,2847
471,22013,22135,111,2099,1984,2863
471,22013,22135,112,2101,1984,2879
471,22013,22135,113,2103,1984,2894
471,22013,22135,114,2105,1984,2907
471,22013,22135,115,2108,1984,2921
471,22013,22135,116,2109,1984,2937
471,22013,22135,117,2112,1984,2956
471,22013,22135,118,2113,1984,2964
471,22013,22135,119,2115,1984,2979
471,22013,22135,120,2117,1984,2991
471,22013,22135,121,2119,1984,3003
471,22013,22135,122,2121,1984,3014
471,22013,22135,123,2122,1984,3034
471,22013,22135,124,2123,1984,3050
471,22013,22135,125,2127,1985,3064
471,22013,22135,126,2129,1985,3075
471,22013,22135,127,2130,1985,3086
471,22013,22135,128,2132,1985,3108
471,22013,22135,129,2134,1984,3119
471,22013,22135,130,2137,1985,3134
471,22013,22135,131,2139,1984,3149
471,22013,22135,132,2142,1985,3163
471,22013,22135,133,2142,1985,3178
471,22013,22135,134,2145,1985,3192
471,22013,22135,135,2146,1985,3204
471,22013,22135,136,2149,1985,3217
471,22013,22135,137,2150,1985,3232
471,22013,22135,138,2153,1985,3249
471,22013,22135,139,2155,1985,3263
471,22013,22135,140,2157,1986,3276
471,22013,22135,141,2157,1985,3289
471,22013,22135,142,2160,1984,3303
471,22013,22135,143,2163,1985,3318
471,22013,22135,144,2164,1986,3333
471,22013,22135,145,2166,1985,3349
471,22013,22135,146,2169,1985,3361
471,22013,22135,147,2169,1985,3374
471,22013,22135,148,2172,1985,3394
471,22013,22135,149,2174,1986,3398
471,22013,22135,150,2177,1986,3420
471,22013,22135,151,2178,1985,3431
471,22013,22135,152,2180,1986,3445
471,22013,22135,153,2181,1985,3459
471,22013,22135,154,2184,1985,3473
471,22013,22135,155,2183,1985,3473
471,22013,22135,156,2183,1985,3470
471,22013,22135,157,2186,1985,3483
471,22013,22135,158,2188,1986,3499
471,22013,22135,159,2188,1985,3509
471,22013,22135,160,2189,1986,3515
471,22013,22135,161,2191,1986,3521
471,22013,22135,162,2189,1985,3494
471,22013,22135,163,2176,1985,3366
471,22013,22135,164,2163,1984,3286
471,22013,22135,165,2149,1984,3187
471,22013,22135,166,2131,1984,3073
471,22013,22135,167,2117,1984,2942
471,22013,22135,168,2099,1983,2802
471,22013,22135,169,2073,1982,2647
471,22013,22135,170,2058,1982,2495
471,22013,22135,171,2032,1982,2336
471,22013,22135,172,2020,1981,2202
471,22013,22135,173,1994,1982,2059
471,22013,22135,174,1980,1981,1917
471,22013,22135,175,1953,1981,1778
471,22013,22135,176,1934,1980,1649
471,22013,22135,177,1921,1980,1511
471,22013,22135,178,1910,1980,1443
471,22013,22135,179,1895,1980,1342
471,22013,22135,180,1881,1980,1228
471,22013,22135,181,1866,1979,1102
471,22013,22135,182,1853,1979,983
471,22013,22135,183,1837,1978,854
471,22013,22135,184,1819,1977,720
471,22013,22135,185,1806,1977,604
471,22013,22135,186,1789,1975,427
471,22013,22135,187,1776,1975,318
471,22013,22135,188,1758,1973,211
471,22013,22135,189,1759,1974,220
471,22013,22135,190,1761,1974,237
471,22013,22135,191,1762,1974,254
471,22013,22135,192,1765,1974,267
471,22013,22135,193,1765,1974,282
471,22013,22135,194,1767,1975,296
471,22013,22135,195,1769,1975,310
471,22013,22135,196,1771,1975,322
471,22013,22135,197,1771,1976,337
471,22013,22135,198,1773,1975,353
471,22013,22135,199,1775,1975,368
471,22013,22135,200,1776,1976,380
471,22013,22135,201,1778,1975,393
471,22013,22135,202,1780,1975,407
471,22013,22135,203,1781,1976,420
471,22013,22135,204,1783,1976,438
471,22013,22135,205,1785,1976,452
471,22013,22135,206,1786,1976,467
471,22013,22135,207,1788,1976,480
471,22013,22135,208,1790,1976,493
471,22013,22135,209,1791,1977,510
471,22013,22135,210,1794,1977,526
471,22013,22135,211,1794,1976,535
471,22013,22135,212,1796,1977,549
471,22013,22135,213,1798,1977,564
471,22013,22135,214,1798,1977,580
471,22013,22135,215,1801,1977,591
471,22013,22135,216,1803,1977,608
471,22013,22135,217,1804,1978,621
471,22013,22135,218,1804,1978,632
471,22013,22135,219,1808,1978,651
471,22013,22135,220,1810,1977,664
471,22013,22135,221,1810,1978,677
471,22013,22135,222,1811,1978,688
471,22013,22135,223,1815,1979,707
471,22013,22135,224,1816,1979,721
471,22013,22135,225,1817,1978,734
471,22013,22135,226,1818,1979,748
471,22013,22135,227,1821,1978,764
471,22013,22135,228,1822,1979,776
471,22013,22135,229,1824,1979,791
471,22013,22135,230,1826,1979,808
471,22013,22135,231,1827,1979,819
471,22013,22135,232,1828,1979,832
471,22013,22135,233,1831,1979,848
471,22013,22135,234,1832,1979,866
471,22013,22135,235,1834,1979,877
471,22013,22135,236,1836,1979,889
471,22013,22135,237,1838,1980,905
471,22013,22135,238,1839,1979,922
471,22013,22135,239,1841,1979,933
471,22013,22135,240,1842,1979,946
471,22013,22135,241,1845,1980,962
471,22013,22135,242,1847,1980,981
471,22013,22135,243,1847,1980,995
471,22013,22135,244,1850,1980,1006
471,22013,22135,245,1851,1980,1020
471,22013,22135,246,1853,1980,1030
471,22013,22135,247,1854,1980,1048
471,22013,22135,248,1857,1980,1064
471,22013,22135,249,1858,1980,1076
471,22013,22135,250,1860,1980,1090
471,22013,22135,251,1861,1980,1105
471,22013,22135,252,1864,1980,1118
471,22013,22135,253,1865,1980,1131
471,22013,22135,254,1866,1981,1145
471,22013,22135,255,1869,1980,1160
471,22013,22135,256,1871,1981,1175
471,22013,22135,257,1873,1981,1190
471,22013,22135,258,1874,1981,1203
471,22013,22135,259,1876,1980,1216
471,22013,22135,260,1878,1980,1232
471,22013,22135,261,1879,1981,1238
471,22013,22135,262,1882,1980,1259
471,22013,22135,263,1886,1980,1274
471,22013,22135,264,1885,1981,1289
471,22013,22135,265,1886,1981,1304
471,22013,22135,266,1889,1980,1316
471,22013,22135,267,1888,1980,1321
471,22013,22135,268,1887,1980,1304
471,22013,22135,269,1886,1981,1288
471,22013,22135,270,1883,1981,1276
471,22013,22135,271,1881,1980,1258
471,22013,22135,272,1880,1981,1248
471,22013,22135,273,1878,1981,1232
471,22013,22135,274,1875,1980,1219
471,22013,22135,275,1874,1980,1203
471,22013,22135,276,1873,1980,1189
471,22013,22135,277,1871,1980,1174
471,22013,22135,278,1869,1980,1161
471,22013,22135,279,1867,1980,1147
471,22013,22135,280,1866,1980,1137
471,22013,22135,281,1864,1980,1118
471,22013,22135,282,1862,1980,1102
471,22013,22135,283,1861,1980,1089
471,22013,22135,284,1859,1980,1074
471,22013,22135,285,1857,1980,1062
471,22013,22135,286,1856,1980,1046
471,22013,22135,287,1854,1979,1033
471,22013,22135,288,1851,1980,1018
471,22013,22135,289,1850,1979,1003
471,22013,22135,290,1848,1979,993
471,22013,22135,291,1846,1980,976
471,22013,22135,292,1844,1979,960
471,22013,22135,293,1844,1980,948
471,22013,22135,294,1840,1979,932
471,22013,22135,295,1840,1980,925
471,22013,22135,296,1838,1979,903
471,22013,22135,297,1836,1979,890
471,22013,22135,298,1834,1979,874
471,22013,22135,299,1833,1979,868
471,22013,22135,300,1831,1979,847
471,22013,22135,301,1828,1979,835
471,22013,22135,302,1828,1979,815
471,22013,22135,303,1826,1978,806
471,22013,22135,304,1825,1979,791
471,22013,22135,305,1822,1979,780
471,22013,22135,306,1820,1979,765
471,22013,22135,307,1819,1979,746
471,22013,22135,308,1817,1979,737
471,22013,22135,309,1815,1979,720
471,22013,22135,310,1814,1978,709
471,22013,22135,311,1813,1978,690
471,22013,22135,312,1811,1978,678
471,22013,22135,313,1809,1977,665
471,22013,22135,314,1808,1978,649
471,22013,22135,315,1805,1978,635
471,22013,22135,316,1804,1978,624
471,22013,22135,317,1801,1978,608
471,22013,22135,318,1798,1977,595
471,22013,22135,319,1799,1977,578
471,22013,22135,320,1798,1977,563
471,22013,22135,321,1796,1977,548
471,22013,22135,322,1796,1977,535
471,22013,22135,323,1791,1976,527
471,22013,22135,324,1792,1976,509
471,22013,22135,325,1789,1976,490
471,22013,22135,326,1788,1977,480
471,22013,22135,327,1787,1977,463
471,22013,22135,328,1784,1976,449
471,22013,22135,329,1783,1976,435
471,22013,22135,330,1782,1976,425
471,22013,22135,331,1780,1976,414
471,22013,22135,332,1779,1976,398
471,22013,22135,333,1777,1976,383
471,22013,22135,334,1775,1975,368
471,22013,22135,335,1774,1975,351
471,22013,22135,336,1771,1975,340
471,22013,22135,337,1771,1974,323
471,22013,22135,338,1769,1974,311
471,22013,22135,339,1768,1975,295
471,22013,22135,340,1766,1975,281
471,22013,22135,341,1765,1975,267
471,22013,22135,342,1762,1974,253
471,22013,22135,343,1761,1974,239
471,22013,22135,344,1759,1973,226
471,22013,22135,345,1759,1974,212
471,22013,22135,346,1756,1974,197
471,22013,22135,347,1755,1973,183
471,22013,22135,348,1759,1975,233
471,22013,22135,349,1767,1975,301
471,22013,22135,350,1774,1976,379
471,22013,22135,351,1784,1977,469
471,22013,22135,352,1795,1978,575
471,22013,22135,353,1809,1979,701
471,22013,22135,354,1822,1980,815
471,22013,22135,355,1837,1980,938
